scenario,step,x,record_similarity,identity_path,record_quality,agency,P_body,coherence,drag,free_resource,boundary_effect,boundary_opportunity,gamma_spirit,locality_cert,law_cert,noncoerce_cert,agency_compat,forced_order,observer_S,description_phase,B_addr,Lambda_path,Gamma_spirit,Xi_law,Pi_noncoerce,A_compat,gate_spirit,P_spirit_raw,P_spirit,B_body_cap,B_spirit_cap,B_cap_total,B_act_body,B_act_spirit,B_act_total,B_path,active_spirit_participation
frozen_record,0,0.0,0.94,0.91,0.9,0.93,0.003,0.62,0.04,0.01,0.0,1.0,0.0,1.0,1.0,1.0,0.92,0.0,0.02,addressable record without declared channel,0.76986,0.546,0.0,1.0,1.0,0.92,0.0,0.0,0.0,1.690482561464459e-06,0.0,1.6904825614894037e-06,0.0,0.0,0.0,0.0,False
frozen_record,1,0.0041841004184100415,0.94,0.91,0.9,0.93,0.003,0.62,0.04,0.01,0.0,1.0,0.0,1.0,1.0,1.0,0.92,0.0,0.02,addressable record without declared channel,0.76986,0.546,0.0,1.0,1.0,0.92,0.0,0.0,0.0,1.690482561464459e-06,0.0,1.6904825614894037e-06,0.0,0.0,0.0,0.0,False
frozen_record,2,0.008368200836820083,0.94,0.91,0.9,0.93,0.003,0.62,0.04,0.01,0.0,1.0,0.0,1.0,1.0,1.0,0.92,0.0,0.02,addressable record without declared channel,0.76986,0.546,0.0,1.0,1.0,0.92,0.0,0.0,0.0,1.690482561464459e-06,0.0,1.6904825614894037e-06,0.0,0.0,0.0,0.0,False
frozen_record,3,0.012552301255230125,0.94,0.91,0.9,0.93,0.003,0.62,0.04,0.01,0.0,1.0,0.0,1.0,1.0,1.0,0.92,0.0,0.02,addressable record without declared channel,0.76986,0.546,0.0,1.0,1.0,0.92,0.0,0.0,0.0,1.690482561464459e-06,0.0,1.6904825614894037e-06,0.0,0.0,0.0,0.0,False
frozen_record,4,0.016736401673640166,0.94,0.91,0.9,0.93,0.003,0.62,0.04,0.01,0.0,1.0,0.0,1.0,1.0,1.0,0.92,0.0,0.02,addressable record without declared channel,0.76986,0.546,0.0,1.0,1.0,0.92,0.0,0.0,0.0,1.690482561464459e-06,0.0,1.6904825614894037e-06,0.0,0.0,0.0,0.0,False
frozen_record,5,0.02092050209205021,0.94,0.91,0.9,0.93,0.003,0.62,0.04,0.01,0.0,1.0,0.0,1.0,1.0,1.0,0.92,0.0,0.02,addressable record without declared channel,0.76986,0.546,0.0,1.0,1.0,0.92,0.0,0.0,0.0,1.690482561464459e-06,0.0,1.6904825614894037e-06,0.0,0.0,0.0,0.0,False
frozen_record,6,0.02510460251046025,0.94,0.91,0.9,0.93,0.003,0.62,0.04,0.01,0.0,1.0,0.0,1.0,1.0,1.0,0.92,0.0,0.02,addressable record without declared channel,0.76986,0.546,0.0,1.0,1.0,0.92,0.0,0.0,0.0,1.690482561464459e-06,0.0,1.6904825614894037e-06,0.0,0.0,0.0,0.0,False
frozen_record,7,0.029288702928870293,0.94,0.91,0.9,0.93,0.003,0.62,0.04,0.01,0.0,1.0,0.0,1.0,1.0,1.0,0.92,0.0,0.02,addressable record without declared channel,0.76986,0.546,0.0,1.0,1.0,0.92,0.0,0.0,0.0,1.690482561464459e-06,0.0,1.6904825614894037e-06,0.0,0.0,0.0,0.0,False
frozen_record,8,0.03347280334728033,0.94,0.91,0.9,0.93,0.003,0.62,0.04,0.01,0.0,1.0,0.0,1.0,1.0,1.0,0.92,0.0,0.02,addressable record without declared channel,0.76986,0.546,0.0,1.0,1.0,0.92,0.0,0.0,0.0,1.690482561464459e-06,0.0,1.6904825614894037e-06,0.0,0.0,0.0,0.0,False
frozen_record,9,0.03765690376569038,0.94,0.91,0.9,0.93,0.003,0.62,0.04,0.01,0.0,1.0,0.0,1.0,1.0,1.0,0.92,0.0,0.02,addressable record without declared channel,0.76986,0.546,0.0,1.0,1.0,0.92,0.0,0.0,0.0,1.690482561464459e-06,0.0,1.6904825614894037e-06,0.0,0.0,0.0,0.0,False
frozen_record,10,0.04184100418410042,0.94,0.91,0.9,0.93,0.003,0.62,0.04,0.01,0.0,1.0,0.0,1.0,1.0,1.0,0.92,0.0,0.02,addressable record without declared channel,0.76986,0.546,0.0,1.0,1.0,0.92,0.0,0.0,0.0,1.690482561464459e-06,0.0,1.6904825614894037e-06,0.0,0.0,0.0,0.0,False
frozen_record,11,0.04602510460251046,0.94,0.91,0.9,0.93,0.003,0.62,0.04,0.01,0.0,1.0,0.0,1.0,1.0,1.0,0.92,0.0,0.02,addressable record without declared channel,0.76986,0.546,0.0,1.0,1.0,0.92,0.0,0.0,0.0,1.690482561464459e-06,0.0,1.6904825614894037e-06,0.0,0.0,0.0,0.0,False
frozen_record,12,0.0502092050209205,0.94,0.91,0.9,0.93,0.003,0.62,0.04,0.01,0.0,1.0,0.0,1.0,1.0,1.0,0.92,0.0,0.02,addressable record without declared channel,0.76986,0.546,0.0,1.0,1.0,0.92,0.0,0.0,0.0,1.690482561464459e-06,0.0,1.6904825614894037e-06,0.0,0.0,0.0,0.0,False
frozen_record,13,0.05439330543933055,0.94,0.91,0.9,0.93,0.003,0.62,0.04,0.01,0.0,1.0,0.0,1.0,1.0,1.0,0.92,0.0,0.02,addressable record without declared channel,0.76986,0.546,0.0,1.0,1.0,0.92,0.0,0.0,0.0,1.690482561464459e-06,0.0,1.6904825614894037e-06,0.0,0.0,0.0,0.0,False
frozen_record,14,0.058577405857740586,0.94,0.91,0.9,0.93,0.003,0.62,0.04,0.01,0.0,1.0,0.0,1.0,1.0,1.0,0.92,0.0,0.02,addressable record without declared channel,0.76986,0.546,0.0,1.0,1.0,0.92,0.0,0.0,0.0,1.690482561464459e-06,0.0,1.6904825614894037e-06,0.0,0.0,0.0,0.0,False
frozen_record,15,0.06276150627615062,0.94,0.91,0.9,0.93,0.003,0.62,0.04,0.01,0.0,1.0,0.0,1.0,1.0,1.0,0.92,0.0,0.02,addressable record without declared channel,0.76986,0.546,0.0,1.0,1.0,0.92,0.0,0.0,0.0,1.690482561464459e-06,0.0,1.6904825614894037e-06,0.0,0.0,0.0,0.0,False
frozen_record,16,0.06694560669456066,0.94,0.91,0.9,0.93,0.003,0.62,0.04,0.01,0.0,1.0,0.0,1.0,1.0,1.0,0.92,0.0,0.02,addressable record without declared channel,0.76986,0.546,0.0,1.0,1.0,0.92,0.0,0.0,0.0,1.690482561464459e-06,0.0,1.6904825614894037e-06,0.0,0.0,0.0,0.0,False
frozen_record,17,0.07112970711297072,0.94,0.91,0.9,0.93,0.003,0.62,0.04,0.01,0.0,1.0,0.0,1.0,1.0,1.0,0.92,0.0,0.02,addressable record without declared channel,0.76986,0.546,0.0,1.0,1.0,0.92,0.0,0.0,0.0,1.690482561464459e-06,0.0,1.6904825614894037e-06,0.0,0.0,0.0,0.0,False
frozen_record,18,0.07531380753138076,0.94,0.91,0.9,0.93,0.003,0.62,0.04,0.01,0.0,1.0,0.0,1.0,1.0,1.0,0.92,0.0,0.02,addressable record without declared channel,0.76986,0.546,0.0,1.0,1.0,0.92,0.0,0.0,0.0,1.690482561464459e-06,0.0,1.6904825614894037e-06,0.0,0.0,0.0,0.0,False
frozen_record,19,0.0794979079497908,0.94,0.91,0.9,0.93,0.003,0.62,0.04,0.01,0.0,1.0,0.0,1.0,1.0,1.0,0.92,0.0,0.02,addressable record without declared channel,0.76986,0.546,0.0,1.0,1.0,0.92,0.0,0.0,0.0,1.690482561464459e-06,0.0,1.6904825614894037e-06,0.0,0.0,0.0,0.0,False
frozen_record,20,0.08368200836820083,0.94,0.91,0.9,0.93,0.003,0.62,0.04,0.01,0.0,1.0,0.0,1.0,1.0,1.0,0.92,0.0,0.02,addressable record without declared channel,0.76986,0.546,0.0,1.0,1.0,0.92,0.0,0.0,0.0,1.690482561464459e-06,0.0,1.6904825614894037e-06,0.0,0.0,0.0,0.0,False
frozen_record,21,0.08786610878661087,0.94,0.91,0.9,0.93,0.003,0.62,0.04,0.01,0.0,1.0,0.0,1.0,1.0,1.0,0.92,0.0,0.02,addressable record without declared channel,0.76986,0.546,0.0,1.0,1.0,0.92,0.0,0.0,0.0,1.690482561464459e-06,0.0,1.6904825614894037e-06,0.0,0.0,0.0,0.0,False
frozen_record,22,0.09205020920502092,0.94,0.91,0.9,0.93,0.003,0.62,0.04,0.01,0.0,1.0,0.0,1.0,1.0,1.0,0.92,0.0,0.02,addressable record without declared channel,0.76986,0.546,0.0,1.0,1.0,0.92,0.0,0.0,0.0,1.690482561464459e-06,0.0,1.6904825614894037e-06,0.0,0.0,0.0,0.0,False
frozen_record,23,0.09623430962343096,0.94,0.91,0.9,0.93,0.003,0.62,0.04,0.01,0.0,1.0,0.0,1.0,1.0,1.0,0.92,0.0,0.02,addressable record without declared channel,0.76986,0.546,0.0,1.0,1.0,0.92,0.0,0.0,0.0,1.690482561464459e-06,0.0,1.6904825614894037e-06,0.0,0.0,0.0,0.0,False
frozen_record,24,0.100418410041841,0.94,0.91,0.9,0.93,0.003,0.62,0.04,0.01,0.0,1.0,0.0,1.0,1.0,1.0,0.92,0.0,0.02,addressable record without declared channel,0.76986,0.546,0.0,1.0,1.0,0.92,0.0,0.0,0.0,1.690482561464459e-06,0.0,1.6904825614894037e-06,0.0,0.0,0.0,0.0,False
frozen_record,25,0.10460251046025104,0.94,0.91,0.9,0.93,0.003,0.62,0.04,0.01,0.0,1.0,0.0,1.0,1.0,1.0,0.92,0.0,0.02,addressable record without declared channel,0.76986,0.546,0.0,1.0,1.0,0.92,0.0,0.0,0.0,1.690482561464459e-06,0.0,1.6904825614894037e-06,0.0,0.0,0.0,0.0,False
frozen_record,26,0.1087866108786611,0.94,0.91,0.9,0.93,0.003,0.62,0.04,0.01,0.0,1.0,0.0,1.0,1.0,1.0,0.92,0.0,0.02,addressable record without declared channel,0.76986,0.546,0.0,1.0,1.0,0.92,0.0,0.0,0.0,1.690482561464459e-06,0.0,1.6904825614894037e-06,0.0,0.0,0.0,0.0,False
frozen_record,27,0.11297071129707113,0.94,0.91,0.9,0.93,0.003,0.62,0.04,0.01,0.0,1.0,0.0,1.0,1.0,1.0,0.92,0.0,0.02,addressable record without declared channel,0.76986,0.546,0.0,1.0,1.0,0.92,0.0,0.0,0.0,1.690482561464459e-06,0.0,1.6904825614894037e-06,0.0,0.0,0.0,0.0,False
frozen_record,28,0.11715481171548117,0.94,0.91,0.9,0.93,0.003,0.62,0.04,0.01,0.0,1.0,0.0,1.0,1.0,1.0,0.92,0.0,0.02,addressable record without declared channel,0.76986,0.546,0.0,1.0,1.0,0.92,0.0,0.0,0.0,1.690482561464459e-06,0.0,1.6904825614894037e-06,0.0,0.0,0.0,0.0,False
frozen_record,29,0.12133891213389121,0.94,0.91,0.9,0.93,0.003,0.62,0.04,0.01,0.0,1.0,0.0,1.0,1.0,1.0,0.92,0.0,0.02,addressable record without declared channel,0.76986,0.546,0.0,1.0,1.0,0.92,0.0,0.0,0.0,1.690482561464459e-06,0.0,1.6904825614894037e-06,0.0,0.0,0.0,0.0,False
frozen_record,30,0.12552301255230125,0.94,0.91,0.9,0.93,0.003,0.62,0.04,0.01,0.0,1.0,0.0,1.0,1.0,1.0,0.92,0.0,0.02,addressable record without declared channel,0.76986,0.546,0.0,1.0,1.0,0.92,0.0,0.0,0.0,1.690482561464459e-06,0.0,1.6904825614894037e-06,0.0,0.0,0.0,0.0,False
frozen_record,31,0.1297071129707113,0.94,0.91,0.9,0.93,0.003,0.62,0.04,0.01,0.0,1.0,0.0,1.0,1.0,1.0,0.92,0.0,0.02,addressable record without declared channel,0.76986,0.546,0.0,1.0,1.0,0.92,0.0,0.0,0.0,1.690482561464459e-06,0.0,1.6904825614894037e-06,0.0,0.0,0.0,0.0,False
frozen_record,32,0.13389121338912133,0.94,0.91,0.9,0.93,0.003,0.62,0.04,0.01,0.0,1.0,0.0,1.0,1.0,1.0,0.92,0.0,0.02,addressable record without declared channel,0.76986,0.546,0.0,1.0,1.0,0.92,0.0,0.0,0.0,1.690482561464459e-06,0.0,1.6904825614894037e-06,0.0,0.0,0.0,0.0,False
frozen_record,33,0.13807531380753138,0.94,0.91,0.9,0.93,0.003,0.62,0.04,0.01,0.0,1.0,0.0,1.0,1.0,1.0,0.92,0.0,0.02,addressable record without declared channel,0.76986,0.546,0.0,1.0,1.0,0.92,0.0,0.0,0.0,1.690482561464459e-06,0.0,1.6904825614894037e-06,0.0,0.0,0.0,0.0,False
frozen_record,34,0.14225941422594143,0.94,0.91,0.9,0.93,0.003,0.62,0.04,0.01,0.0,1.0,0.0,1.0,1.0,1.0,0.92,0.0,0.02,addressable record without declared channel,0.76986,0.546,0.0,1.0,1.0,0.92,0.0,0.0,0.0,1.690482561464459e-06,0.0,1.6904825614894037e-06,0.0,0.0,0.0,0.0,False
frozen_record,35,0.14644351464435146,0.94,0.91,0.9,0.93,0.003,0.62,0.04,0.01,0.0,1.0,0.0,1.0,1.0,1.0,0.92,0.0,0.02,addressable record without declared channel,0.76986,0.546,0.0,1.0,1.0,0.92,0.0,0.0,0.0,1.690482561464459e-06,0.0,1.6904825614894037e-06,0.0,0.0,0.0,0.0,False
frozen_record,36,0.1506276150627615,0.94,0.91,0.9,0.93,0.003,0.62,0.04,0.01,0.0,1.0,0.0,1.0,1.0,1.0,0.92,0.0,0.02,addressable record without declared channel,0.76986,0.546,0.0,1.0,1.0,0.92,0.0,0.0,0.0,1.690482561464459e-06,0.0,1.6904825614894037e-06,0.0,0.0,0.0,0.0,False
frozen_record,37,0.15481171548117154,0.94,0.91,0.9,0.93,0.003,0.62,0.04,0.01,0.0,1.0,0.0,1.0,1.0,1.0,0.92,0.0,0.02,addressable record without declared channel,0.76986,0.546,0.0,1.0,1.0,0.92,0.0,0.0,0.0,1.690482561464459e-06,0.0,1.6904825614894037e-06,0.0,0.0,0.0,0.0,False
frozen_record,38,0.1589958158995816,0.94,0.91,0.9,0.93,0.003,0.62,0.04,0.01,0.0,1.0,0.0,1.0,1.0,1.0,0.92,0.0,0.02,addressable record without declared channel,0.76986,0.546,0.0,1.0,1.0,0.92,0.0,0.0,0.0,1.690482561464459e-06,0.0,1.6904825614894037e-06,0.0,0.0,0.0,0.0,False
frozen_record,39,0.16317991631799164,0.94,0.91,0.9,0.93,0.003,0.62,0.04,0.01,0.0,1.0,0.0,1.0,1.0,1.0,0.92,0.0,0.02,addressable record without declared channel,0.76986,0.546,0.0,1.0,1.0,0.92,0.0,0.0,0.0,1.690482561464459e-06,0.0,1.6904825614894037e-06,0.0,0.0,0.0,0.0,False
frozen_record,40,0.16736401673640167,0.94,0.91,0.9,0.93,0.003,0.62,0.04,0.01,0.0,1.0,0.0,1.0,1.0,1.0,0.92,0.0,0.02,addressable record without declared channel,0.76986,0.546,0.0,1.0,1.0,0.92,0.0,0.0,0.0,1.690482561464459e-06,0.0,1.6904825614894037e-06,0.0,0.0,0.0,0.0,False
frozen_record,41,0.17154811715481172,0.94,0.91,0.9,0.93,0.003,0.62,0.04,0.01,0.0,1.0,0.0,1.0,1.0,1.0,0.92,0.0,0.02,addressable record without declared channel,0.76986,0.546,0.0,1.0,1.0,0.92,0.0,0.0,0.0,1.690482561464459e-06,0.0,1.6904825614894037e-06,0.0,0.0,0.0,0.0,False
frozen_record,42,0.17573221757322174,0.94,0.91,0.9,0.93,0.003,0.62,0.04,0.01,0.0,1.0,0.0,1.0,1.0,1.0,0.92,0.0,0.02,addressable record without declared channel,0.76986,0.546,0.0,1.0,1.0,0.92,0.0,0.0,0.0,1.690482561464459e-06,0.0,1.6904825614894037e-06,0.0,0.0,0.0,0.0,False
frozen_record,43,0.1799163179916318,0.94,0.91,0.9,0.93,0.003,0.62,0.04,0.01,0.0,1.0,0.0,1.0,1.0,1.0,0.92,0.0,0.02,addressable record without declared channel,0.76986,0.546,0.0,1.0,1.0,0.92,0.0,0.0,0.0,1.690482561464459e-06,0.0,1.6904825614894037e-06,0.0,0.0,0.0,0.0,False
frozen_record,44,0.18410041841004185,0.94,0.91,0.9,0.93,0.003,0.62,0.04,0.01,0.0,1.0,0.0,1.0,1.0,1.0,0.92,0.0,0.02,addressable record without declared channel,0.76986,0.546,0.0,1.0,1.0,0.92,0.0,0.0,0.0,1.690482561464459e-06,0.0,1.6904825614894037e-06,0.0,0.0,0.0,0.0,False
frozen_record,45,0.18828451882845187,0.94,0.91,0.9,0.93,0.003,0.62,0.04,0.01,0.0,1.0,0.0,1.0,1.0,1.0,0.92,0.0,0.02,addressable record without declared channel,0.76986,0.546,0.0,1.0,1.0,0.92,0.0,0.0,0.0,1.690482561464459e-06,0.0,1.6904825614894037e-06,0.0,0.0,0.0,0.0,False
frozen_record,46,0.19246861924686193,0.94,0.91,0.9,0.93,0.003,0.62,0.04,0.01,0.0,1.0,0.0,1.0,1.0,1.0,0.92,0.0,0.02,addressable record without declared channel,0.76986,0.546,0.0,1.0,1.0,0.92,0.0,0.0,0.0,1.690482561464459e-06,0.0,1.6904825614894037e-06,0.0,0.0,0.0,0.0,False
frozen_record,47,0.19665271966527198,0.94,0.91,0.9,0.93,0.003,0.62,0.04,0.01,0.0,1.0,0.0,1.0,1.0,1.0,0.92,0.0,0.02,addressable record without declared channel,0.76986,0.546,0.0,1.0,1.0,0.92,0.0,0.0,0.0,1.690482561464459e-06,0.0,1.6904825614894037e-06,0.0,0.0,0.0,0.0,False
frozen_record,48,0.200836820083682,0.94,0.91,0.9,0.93,0.003,0.62,0.04,0.01,0.0,1.0,0.0,1.0,1.0,1.0,0.92,0.0,0.02,addressable record without declared channel,0.76986,0.546,0.0,1.0,1.0,0.92,0.0,0.0,0.0,1.690482561464459e-06,0.0,1.6904825614894037e-06,0.0,0.0,0.0,0.0,False
frozen_record,49,0.20502092050209206,0.94,0.91,0.9,0.93,0.003,0.62,0.04,0.01,0.0,1.0,0.0,1.0,1.0,1.0,0.92,0.0,0.02,addressable record without declared channel,0.76986,0.546,0.0,1.0,1.0,0.92,0.0,0.0,0.0,1.690482561464459e-06,0.0,1.6904825614894037e-06,0.0,0.0,0.0,0.0,False
frozen_record,50,0.20920502092050208,0.94,0.91,0.9,0.93,0.003,0.62,0.04,0.01,0.0,1.0,0.0,1.0,1.0,1.0,0.92,0.0,0.02,addressable record without declared channel,0.76986,0.546,0.0,1.0,1.0,0.92,0.0,0.0,0.0,1.690482561464459e-06,0.0,1.6904825614894037e-06,0.0,0.0,0.0,0.0,False
frozen_record,51,0.21338912133891214,0.94,0.91,0.9,0.93,0.003,0.62,0.04,0.01,0.0,1.0,0.0,1.0,1.0,1.0,0.92,0.0,0.02,addressable record without declared channel,0.76986,0.546,0.0,1.0,1.0,0.92,0.0,0.0,0.0,1.690482561464459e-06,0.0,1.6904825614894037e-06,0.0,0.0,0.0,0.0,False
frozen_record,52,0.2175732217573222,0.94,0.91,0.9,0.93,0.003,0.62,0.04,0.01,0.0,1.0,0.0,1.0,1.0,1.0,0.92,0.0,0.02,addressable record without declared channel,0.76986,0.546,0.0,1.0,1.0,0.92,0.0,0.0,0.0,1.690482561464459e-06,0.0,1.6904825614894037e-06,0.0,0.0,0.0,0.0,False
frozen_record,53,0.2217573221757322,0.94,0.91,0.9,0.93,0.003,0.62,0.04,0.01,0.0,1.0,0.0,1.0,1.0,1.0,0.92,0.0,0.02,addressable record without declared channel,0.76986,0.546,0.0,1.0,1.0,0.92,0.0,0.0,0.0,1.690482561464459e-06,0.0,1.6904825614894037e-06,0.0,0.0,0.0,0.0,False
frozen_record,54,0.22594142259414227,0.94,0.91,0.9,0.93,0.003,0.62,0.04,0.01,0.0,1.0,0.0,1.0,1.0,1.0,0.92,0.0,0.02,addressable record without declared channel,0.76986,0.546,0.0,1.0,1.0,0.92,0.0,0.0,0.0,1.690482561464459e-06,0.0,1.6904825614894037e-06,0.0,0.0,0.0,0.0,False
frozen_record,55,0.2301255230125523,0.94,0.91,0.9,0.93,0.003,0.62,0.04,0.01,0.0,1.0,0.0,1.0,1.0,1.0,0.92,0.0,0.02,addressable record without declared channel,0.76986,0.546,0.0,1.0,1.0,0.92,0.0,0.0,0.0,1.690482561464459e-06,0.0,1.6904825614894037e-06,0.0,0.0,0.0,0.0,False
frozen_record,56,0.23430962343096234,0.94,0.91,0.9,0.93,0.003,0.62,0.04,0.01,0.0,1.0,0.0,1.0,1.0,1.0,0.92,0.0,0.02,addressable record without declared channel,0.76986,0.546,0.0,1.0,1.0,0.92,0.0,0.0,0.0,1.690482561464459e-06,0.0,1.6904825614894037e-06,0.0,0.0,0.0,0.0,False
frozen_record,57,0.2384937238493724,0.94,0.91,0.9,0.93,0.003,0.62,0.04,0.01,0.0,1.0,0.0,1.0,1.0,1.0,0.92,0.0,0.02,addressable record without declared channel,0.76986,0.546,0.0,1.0,1.0,0.92,0.0,0.0,0.0,1.690482561464459e-06,0.0,1.6904825614894037e-06,0.0,0.0,0.0,0.0,False
frozen_record,58,0.24267782426778242,0.94,0.91,0.9,0.93,0.003,0.62,0.04,0.01,0.0,1.0,0.0,1.0,1.0,1.0,0.92,0.0,0.02,addressable record without declared channel,0.76986,0.546,0.0,1.0,1.0,0.92,0.0,0.0,0.0,1.690482561464459e-06,0.0,1.6904825614894037e-06,0.0,0.0,0.0,0.0,False
frozen_record,59,0.24686192468619247,0.94,0.91,0.9,0.93,0.003,0.62,0.04,0.01,0.0,1.0,0.0,1.0,1.0,1.0,0.92,0.0,0.02,addressable record without declared channel,0.76986,0.546,0.0,1.0,1.0,0.92,0.0,0.0,0.0,1.690482561464459e-06,0.0,1.6904825614894037e-06,0.0,0.0,0.0,0.0,False
frozen_record,60,0.2510460251046025,0.94,0.91,0.9,0.93,0.003,0.62,0.04,0.01,0.0,1.0,0.0,1.0,1.0,1.0,0.92,0.0,0.02,addressable record without declared channel,0.76986,0.546,0.0,1.0,1.0,0.92,0.0,0.0,0.0,1.690482561464459e-06,0.0,1.6904825614894037e-06,0.0,0.0,0.0,0.0,False
frozen_record,61,0.25523012552301255,0.94,0.91,0.9,0.93,0.003,0.62,0.04,0.01,0.0,1.0,0.0,1.0,1.0,1.0,0.92,0.0,0.02,addressable record without declared channel,0.76986,0.546,0.0,1.0,1.0,0.92,0.0,0.0,0.0,1.690482561464459e-06,0.0,1.6904825614894037e-06,0.0,0.0,0.0,0.0,False
frozen_record,62,0.2594142259414226,0.94,0.91,0.9,0.93,0.003,0.62,0.04,0.01,0.0,1.0,0.0,1.0,1.0,1.0,0.92,0.0,0.02,addressable record without declared channel,0.76986,0.546,0.0,1.0,1.0,0.92,0.0,0.0,0.0,1.690482561464459e-06,0.0,1.6904825614894037e-06,0.0,0.0,0.0,0.0,False
frozen_record,63,0.26359832635983266,0.94,0.91,0.9,0.93,0.003,0.62,0.04,0.01,0.0,1.0,0.0,1.0,1.0,1.0,0.92,0.0,0.02,addressable record without declared channel,0.76986,0.546,0.0,1.0,1.0,0.92,0.0,0.0,0.0,1.690482561464459e-06,0.0,1.6904825614894037e-06,0.0,0.0,0.0,0.0,False
frozen_record,64,0.26778242677824265,0.94,0.91,0.9,0.93,0.003,0.62,0.04,0.01,0.0,1.0,0.0,1.0,1.0,1.0,0.92,0.0,0.02,addressable record without declared channel,0.76986,0.546,0.0,1.0,1.0,0.92,0.0,0.0,0.0,1.690482561464459e-06,0.0,1.6904825614894037e-06,0.0,0.0,0.0,0.0,False
frozen_record,65,0.2719665271966527,0.94,0.91,0.9,0.93,0.003,0.62,0.04,0.01,0.0,1.0,0.0,1.0,1.0,1.0,0.92,0.0,0.02,addressable record without declared channel,0.76986,0.546,0.0,1.0,1.0,0.92,0.0,0.0,0.0,1.690482561464459e-06,0.0,1.6904825614894037e-06,0.0,0.0,0.0,0.0,False
frozen_record,66,0.27615062761506276,0.94,0.91,0.9,0.93,0.003,0.62,0.04,0.01,0.0,1.0,0.0,1.0,1.0,1.0,0.92,0.0,0.02,addressable record without declared channel,0.76986,0.546,0.0,1.0,1.0,0.92,0.0,0.0,0.0,1.690482561464459e-06,0.0,1.6904825614894037e-06,0.0,0.0,0.0,0.0,False
frozen_record,67,0.2803347280334728,0.94,0.91,0.9,0.93,0.003,0.62,0.04,0.01,0.0,1.0,0.0,1.0,1.0,1.0,0.92,0.0,0.02,addressable record without declared channel,0.76986,0.546,0.0,1.0,1.0,0.92,0.0,0.0,0.0,1.690482561464459e-06,0.0,1.6904825614894037e-06,0.0,0.0,0.0,0.0,False
frozen_record,68,0.28451882845188287,0.94,0.91,0.9,0.93,0.003,0.62,0.04,0.01,0.0,1.0,0.0,1.0,1.0,1.0,0.92,0.0,0.02,addressable record without declared channel,0.76986,0.546,0.0,1.0,1.0,0.92,0.0,0.0,0.0,1.690482561464459e-06,0.0,1.6904825614894037e-06,0.0,0.0,0.0,0.0,False
frozen_record,69,0.28870292887029286,0.94,0.91,0.9,0.93,0.003,0.62,0.04,0.01,0.0,1.0,0.0,1.0,1.0,1.0,0.92,0.0,0.02,addressable record without declared channel,0.76986,0.546,0.0,1.0,1.0,0.92,0.0,0.0,0.0,1.690482561464459e-06,0.0,1.6904825614894037e-06,0.0,0.0,0.0,0.0,False
frozen_record,70,0.2928870292887029,0.94,0.91,0.9,0.93,0.003,0.62,0.04,0.01,0.0,1.0,0.0,1.0,1.0,1.0,0.92,0.0,0.02,addressable record without declared channel,0.76986,0.546,0.0,1.0,1.0,0.92,0.0,0.0,0.0,1.690482561464459e-06,0.0,1.6904825614894037e-06,0.0,0.0,0.0,0.0,False
frozen_record,71,0.29707112970711297,0.94,0.91,0.9,0.93,0.003,0.62,0.04,0.01,0.0,1.0,0.0,1.0,1.0,1.0,0.92,0.0,0.02,addressable record without declared channel,0.76986,0.546,0.0,1.0,1.0,0.92,0.0,0.0,0.0,1.690482561464459e-06,0.0,1.6904825614894037e-06,0.0,0.0,0.0,0.0,False
frozen_record,72,0.301255230125523,0.94,0.91,0.9,0.93,0.003,0.62,0.04,0.01,0.0,1.0,0.0,1.0,1.0,1.0,0.92,0.0,0.02,addressable record without declared channel,0.76986,0.546,0.0,1.0,1.0,0.92,0.0,0.0,0.0,1.690482561464459e-06,0.0,1.6904825614894037e-06,0.0,0.0,0.0,0.0,False
frozen_record,73,0.3054393305439331,0.94,0.91,0.9,0.93,0.003,0.62,0.04,0.01,0.0,1.0,0.0,1.0,1.0,1.0,0.92,0.0,0.02,addressable record without declared channel,0.76986,0.546,0.0,1.0,1.0,0.92,0.0,0.0,0.0,1.690482561464459e-06,0.0,1.6904825614894037e-06,0.0,0.0,0.0,0.0,False
frozen_record,74,0.30962343096234307,0.94,0.91,0.9,0.93,0.003,0.62,0.04,0.01,0.0,1.0,0.0,1.0,1.0,1.0,0.92,0.0,0.02,addressable record without declared channel,0.76986,0.546,0.0,1.0,1.0,0.92,0.0,0.0,0.0,1.690482561464459e-06,0.0,1.6904825614894037e-06,0.0,0.0,0.0,0.0,False
frozen_record,75,0.3138075313807531,0.94,0.91,0.9,0.93,0.003,0.62,0.04,0.01,0.0,1.0,0.0,1.0,1.0,1.0,0.92,0.0,0.02,addressable record without declared channel,0.76986,0.546,0.0,1.0,1.0,0.92,0.0,0.0,0.0,1.690482561464459e-06,0.0,1.6904825614894037e-06,0.0,0.0,0.0,0.0,False
frozen_record,76,0.3179916317991632,0.94,0.91,0.9,0.93,0.003,0.62,0.04,0.01,0.0,1.0,0.0,1.0,1.0,1.0,0.92,0.0,0.02,addressable record without declared channel,0.76986,0.546,0.0,1.0,1.0,0.92,0.0,0.0,0.0,1.690482561464459e-06,0.0,1.6904825614894037e-06,0.0,0.0,0.0,0.0,False
frozen_record,77,0.32217573221757323,0.94,0.91,0.9,0.93,0.003,0.62,0.04,0.01,0.0,1.0,0.0,1.0,1.0,1.0,0.92,0.0,0.02,addressable record without declared channel,0.76986,0.546,0.0,1.0,1.0,0.92,0.0,0.0,0.0,1.690482561464459e-06,0.0,1.6904825614894037e-06,0.0,0.0,0.0,0.0,False
frozen_record,78,0.3263598326359833,0.94,0.91,0.9,0.93,0.003,0.62,0.04,0.01,0.0,1.0,0.0,1.0,1.0,1.0,0.92,0.0,0.02,addressable record without declared channel,0.76986,0.546,0.0,1.0,1.0,0.92,0.0,0.0,0.0,1.690482561464459e-06,0.0,1.6904825614894037e-06,0.0,0.0,0.0,0.0,False
frozen_record,79,0.3305439330543933,0.94,0.91,0.9,0.93,0.003,0.62,0.04,0.01,0.0,1.0,0.0,1.0,1.0,1.0,0.92,0.0,0.02,addressable record without declared channel,0.76986,0.546,0.0,1.0,1.0,0.92,0.0,0.0,0.0,1.690482561464459e-06,0.0,1.6904825614894037e-06,0.0,0.0,0.0,0.0,False
frozen_record,80,0.33472803347280333,0.94,0.91,0.9,0.93,0.003,0.62,0.04,0.01,0.0,1.0,0.0,1.0,1.0,1.0,0.92,0.0,0.02,addressable record without declared channel,0.76986,0.546,0.0,1.0,1.0,0.92,0.0,0.0,0.0,1.690482561464459e-06,0.0,1.6904825614894037e-06,0.0,0.0,0.0,0.0,False
frozen_record,81,0.3389121338912134,0.94,0.91,0.9,0.93,0.003,0.62,0.04,0.01,0.0,1.0,0.0,1.0,1.0,1.0,0.92,0.0,0.02,addressable record without declared channel,0.76986,0.546,0.0,1.0,1.0,0.92,0.0,0.0,0.0,1.690482561464459e-06,0.0,1.6904825614894037e-06,0.0,0.0,0.0,0.0,False
frozen_record,82,0.34309623430962344,0.94,0.91,0.9,0.93,0.003,0.62,0.04,0.01,0.0,1.0,0.0,1.0,1.0,1.0,0.92,0.0,0.02,addressable record without declared channel,0.76986,0.546,0.0,1.0,1.0,0.92,0.0,0.0,0.0,1.690482561464459e-06,0.0,1.6904825614894037e-06,0.0,0.0,0.0,0.0,False
frozen_record,83,0.3472803347280335,0.94,0.91,0.9,0.93,0.003,0.62,0.04,0.01,0.0,1.0,0.0,1.0,1.0,1.0,0.92,0.0,0.02,addressable record without declared channel,0.76986,0.546,0.0,1.0,1.0,0.92,0.0,0.0,0.0,1.690482561464459e-06,0.0,1.6904825614894037e-06,0.0,0.0,0.0,0.0,False
frozen_record,84,0.3514644351464435,0.94,0.91,0.9,0.93,0.003,0.62,0.04,0.01,0.0,1.0,0.0,1.0,1.0,1.0,0.92,0.0,0.02,addressable record without declared channel,0.76986,0.546,0.0,1.0,1.0,0.92,0.0,0.0,0.0,1.690482561464459e-06,0.0,1.6904825614894037e-06,0.0,0.0,0.0,0.0,False
frozen_record,85,0.35564853556485354,0.94,0.91,0.9,0.93,0.003,0.62,0.04,0.01,0.0,1.0,0.0,1.0,1.0,1.0,0.92,0.0,0.02,addressable record without declared channel,0.76986,0.546,0.0,1.0,1.0,0.92,0.0,0.0,0.0,1.690482561464459e-06,0.0,1.6904825614894037e-06,0.0,0.0,0.0,0.0,False
frozen_record,86,0.3598326359832636,0.94,0.91,0.9,0.93,0.003,0.62,0.04,0.01,0.0,1.0,0.0,1.0,1.0,1.0,0.92,0.0,0.02,addressable record without declared channel,0.76986,0.546,0.0,1.0,1.0,0.92,0.0,0.0,0.0,1.690482561464459e-06,0.0,1.6904825614894037e-06,0.0,0.0,0.0,0.0,False
frozen_record,87,0.36401673640167365,0.94,0.91,0.9,0.93,0.003,0.62,0.04,0.01,0.0,1.0,0.0,1.0,1.0,1.0,0.92,0.0,0.02,addressable record without declared channel,0.76986,0.546,0.0,1.0,1.0,0.92,0.0,0.0,0.0,1.690482561464459e-06,0.0,1.6904825614894037e-06,0.0,0.0,0.0,0.0,False
frozen_record,88,0.3682008368200837,0.94,0.91,0.9,0.93,0.003,0.62,0.04,0.01,0.0,1.0,0.0,1.0,1.0,1.0,0.92,0.0,0.02,addressable record without declared channel,0.76986,0.546,0.0,1.0,1.0,0.92,0.0,0.0,0.0,1.690482561464459e-06,0.0,1.6904825614894037e-06,0.0,0.0,0.0,0.0,False
frozen_record,89,0.3723849372384937,0.94,0.91,0.9,0.93,0.003,0.62,0.04,0.01,0.0,1.0,0.0,1.0,1.0,1.0,0.92,0.0,0.02,addressable record without declared channel,0.76986,0.546,0.0,1.0,1.0,0.92,0.0,0.0,0.0,1.690482561464459e-06,0.0,1.6904825614894037e-06,0.0,0.0,0.0,0.0,False
frozen_record,90,0.37656903765690375,0.94,0.91,0.9,0.93,0.003,0.62,0.04,0.01,0.0,1.0,0.0,1.0,1.0,1.0,0.92,0.0,0.02,addressable record without declared channel,0.76986,0.546,0.0,1.0,1.0,0.92,0.0,0.0,0.0,1.690482561464459e-06,0.0,1.6904825614894037e-06,0.0,0.0,0.0,0.0,False
frozen_record,91,0.3807531380753138,0.94,0.91,0.9,0.93,0.003,0.62,0.04,0.01,0.0,1.0,0.0,1.0,1.0,1.0,0.92,0.0,0.02,addressable record without declared channel,0.76986,0.546,0.0,1.0,1.0,0.92,0.0,0.0,0.0,1.690482561464459e-06,0.0,1.6904825614894037e-06,0.0,0.0,0.0,0.0,False
frozen_record,92,0.38493723849372385,0.94,0.91,0.9,0.93,0.003,0.62,0.04,0.01,0.0,1.0,0.0,1.0,1.0,1.0,0.92,0.0,0.02,addressable record without declared channel,0.76986,0.546,0.0,1.0,1.0,0.92,0.0,0.0,0.0,1.690482561464459e-06,0.0,1.6904825614894037e-06,0.0,0.0,0.0,0.0,False
frozen_record,93,0.3891213389121339,0.94,0.91,0.9,0.93,0.003,0.62,0.04,0.01,0.0,1.0,0.0,1.0,1.0,1.0,0.92,0.0,0.02,addressable record without declared channel,0.76986,0.546,0.0,1.0,1.0,0.92,0.0,0.0,0.0,1.690482561464459e-06,0.0,1.6904825614894037e-06,0.0,0.0,0.0,0.0,False
frozen_record,94,0.39330543933054396,0.94,0.91,0.9,0.93,0.003,0.62,0.04,0.01,0.0,1.0,0.0,1.0,1.0,1.0,0.92,0.0,0.02,addressable record without declared channel,0.76986,0.546,0.0,1.0,1.0,0.92,0.0,0.0,0.0,1.690482561464459e-06,0.0,1.6904825614894037e-06,0.0,0.0,0.0,0.0,False
frozen_record,95,0.39748953974895396,0.94,0.91,0.9,0.93,0.003,0.62,0.04,0.01,0.0,1.0,0.0,1.0,1.0,1.0,0.92,0.0,0.02,addressable record without declared channel,0.76986,0.546,0.0,1.0,1.0,0.92,0.0,0.0,0.0,1.690482561464459e-06,0.0,1.6904825614894037e-06,0.0,0.0,0.0,0.0,False
frozen_record,96,0.401673640167364,0.94,0.91,0.9,0.93,0.003,0.62,0.04,0.01,0.0,1.0,0.0,1.0,1.0,1.0,0.92,0.0,0.02,addressable record without declared channel,0.76986,0.546,0.0,1.0,1.0,0.92,0.0,0.0,0.0,1.690482561464459e-06,0.0,1.6904825614894037e-06,0.0,0.0,0.0,0.0,False
frozen_record,97,0.40585774058577406,0.94,0.91,0.9,0.93,0.003,0.62,0.04,0.01,0.0,1.0,0.0,1.0,1.0,1.0,0.92,0.0,0.02,addressable record without declared channel,0.76986,0.546,0.0,1.0,1.0,0.92,0.0,0.0,0.0,1.690482561464459e-06,0.0,1.6904825614894037e-06,0.0,0.0,0.0,0.0,False
frozen_record,98,0.4100418410041841,0.94,0.91,0.9,0.93,0.003,0.62,0.04,0.01,0.0,1.0,0.0,1.0,1.0,1.0,0.92,0.0,0.02,addressable record without declared channel,0.76986,0.546,0.0,1.0,1.0,0.92,0.0,0.0,0.0,1.690482561464459e-06,0.0,1.6904825614894037e-06,0.0,0.0,0.0,0.0,False
frozen_record,99,0.41422594142259417,0.94,0.91,0.9,0.93,0.003,0.62,0.04,0.01,0.0,1.0,0.0,1.0,1.0,1.0,0.92,0.0,0.02,addressable record without declared channel,0.76986,0.546,0.0,1.0,1.0,0.92,0.0,0.0,0.0,1.690482561464459e-06,0.0,1.6904825614894037e-06,0.0,0.0,0.0,0.0,False
frozen_record,100,0.41841004184100417,0.94,0.91,0.9,0.93,0.003,0.62,0.04,0.01,0.0,1.0,0.0,1.0,1.0,1.0,0.92,0.0,0.02,addressable record without declared channel,0.76986,0.546,0.0,1.0,1.0,0.92,0.0,0.0,0.0,1.690482561464459e-06,0.0,1.6904825614894037e-06,0.0,0.0,0.0,0.0,False
frozen_record,101,0.4225941422594142,0.94,0.91,0.9,0.93,0.003,0.62,0.04,0.01,0.0,1.0,0.0,1.0,1.0,1.0,0.92,0.0,0.02,addressable record without declared channel,0.76986,0.546,0.0,1.0,1.0,0.92,0.0,0.0,0.0,1.690482561464459e-06,0.0,1.6904825614894037e-06,0.0,0.0,0.0,0.0,False
frozen_record,102,0.42677824267782427,0.94,0.91,0.9,0.93,0.003,0.62,0.04,0.01,0.0,1.0,0.0,1.0,1.0,1.0,0.92,0.0,0.02,addressable record without declared channel,0.76986,0.546,0.0,1.0,1.0,0.92,0.0,0.0,0.0,1.690482561464459e-06,0.0,1.6904825614894037e-06,0.0,0.0,0.0,0.0,False
frozen_record,103,0.4309623430962343,0.94,0.91,0.9,0.93,0.003,0.62,0.04,0.01,0.0,1.0,0.0,1.0,1.0,1.0,0.92,0.0,0.02,addressable record without declared channel,0.76986,0.546,0.0,1.0,1.0,0.92,0.0,0.0,0.0,1.690482561464459e-06,0.0,1.6904825614894037e-06,0.0,0.0,0.0,0.0,False
frozen_record,104,0.4351464435146444,0.94,0.91,0.9,0.93,0.003,0.62,0.04,0.01,0.0,1.0,0.0,1.0,1.0,1.0,0.92,0.0,0.02,addressable record without declared channel,0.76986,0.546,0.0,1.0,1.0,0.92,0.0,0.0,0.0,1.690482561464459e-06,0.0,1.6904825614894037e-06,0.0,0.0,0.0,0.0,False
frozen_record,105,0.4393305439330544,0.94,0.91,0.9,0.93,0.003,0.62,0.04,0.01,0.0,1.0,0.0,1.0,1.0,1.0,0.92,0.0,0.02,addressable record without declared channel,0.76986,0.546,0.0,1.0,1.0,0.92,0.0,0.0,0.0,1.690482561464459e-06,0.0,1.6904825614894037e-06,0.0,0.0,0.0,0.0,False
frozen_record,106,0.4435146443514644,0.94,0.91,0.9,0.93,0.003,0.62,0.04,0.01,0.0,1.0,0.0,1.0,1.0,1.0,0.92,0.0,0.02,addressable record without declared channel,0.76986,0.546,0.0,1.0,1.0,0.92,0.0,0.0,0.0,1.690482561464459e-06,0.0,1.6904825614894037e-06,0.0,0.0,0.0,0.0,False
frozen_record,107,0.4476987447698745,0.94,0.91,0.9,0.93,0.003,0.62,0.04,0.01,0.0,1.0,0.0,1.0,1.0,1.0,0.92,0.0,0.02,addressable record without declared channel,0.76986,0.546,0.0,1.0,1.0,0.92,0.0,0.0,0.0,1.690482561464459e-06,0.0,1.6904825614894037e-06,0.0,0.0,0.0,0.0,False
frozen_record,108,0.45188284518828453,0.94,0.91,0.9,0.93,0.003,0.62,0.04,0.01,0.0,1.0,0.0,1.0,1.0,1.0,0.92,0.0,0.02,addressable record without declared channel,0.76986,0.546,0.0,1.0,1.0,0.92,0.0,0.0,0.0,1.690482561464459e-06,0.0,1.6904825614894037e-06,0.0,0.0,0.0,0.0,False
frozen_record,109,0.4560669456066946,0.94,0.91,0.9,0.93,0.003,0.62,0.04,0.01,0.0,1.0,0.0,1.0,1.0,1.0,0.92,0.0,0.02,addressable record without declared channel,0.76986,0.546,0.0,1.0,1.0,0.92,0.0,0.0,0.0,1.690482561464459e-06,0.0,1.6904825614894037e-06,0.0,0.0,0.0,0.0,False
frozen_record,110,0.4602510460251046,0.94,0.91,0.9,0.93,0.003,0.62,0.04,0.01,0.0,1.0,0.0,1.0,1.0,1.0,0.92,0.0,0.02,addressable record without declared channel,0.76986,0.546,0.0,1.0,1.0,0.92,0.0,0.0,0.0,1.690482561464459e-06,0.0,1.6904825614894037e-06,0.0,0.0,0.0,0.0,False
frozen_record,111,0.46443514644351463,0.94,0.91,0.9,0.93,0.003,0.62,0.04,0.01,0.0,1.0,0.0,1.0,1.0,1.0,0.92,0.0,0.02,addressable record without declared channel,0.76986,0.546,0.0,1.0,1.0,0.92,0.0,0.0,0.0,1.690482561464459e-06,0.0,1.6904825614894037e-06,0.0,0.0,0.0,0.0,False
frozen_record,112,0.4686192468619247,0.94,0.91,0.9,0.93,0.003,0.62,0.04,0.01,0.0,1.0,0.0,1.0,1.0,1.0,0.92,0.0,0.02,addressable record without declared channel,0.76986,0.546,0.0,1.0,1.0,0.92,0.0,0.0,0.0,1.690482561464459e-06,0.0,1.6904825614894037e-06,0.0,0.0,0.0,0.0,False
frozen_record,113,0.47280334728033474,0.94,0.91,0.9,0.93,0.003,0.62,0.04,0.01,0.0,1.0,0.0,1.0,1.0,1.0,0.92,0.0,0.02,addressable record without declared channel,0.76986,0.546,0.0,1.0,1.0,0.92,0.0,0.0,0.0,1.690482561464459e-06,0.0,1.6904825614894037e-06,0.0,0.0,0.0,0.0,False
frozen_record,114,0.4769874476987448,0.94,0.91,0.9,0.93,0.003,0.62,0.04,0.01,0.0,1.0,0.0,1.0,1.0,1.0,0.92,0.0,0.02,addressable record without declared channel,0.76986,0.546,0.0,1.0,1.0,0.92,0.0,0.0,0.0,1.690482561464459e-06,0.0,1.6904825614894037e-06,0.0,0.0,0.0,0.0,False
frozen_record,115,0.4811715481171548,0.94,0.91,0.9,0.93,0.003,0.62,0.04,0.01,0.0,1.0,0.0,1.0,1.0,1.0,0.92,0.0,0.02,addressable record without declared channel,0.76986,0.546,0.0,1.0,1.0,0.92,0.0,0.0,0.0,1.690482561464459e-06,0.0,1.6904825614894037e-06,0.0,0.0,0.0,0.0,False
frozen_record,116,0.48535564853556484,0.94,0.91,0.9,0.93,0.003,0.62,0.04,0.01,0.0,1.0,0.0,1.0,1.0,1.0,0.92,0.0,0.02,addressable record without declared channel,0.76986,0.546,0.0,1.0,1.0,0.92,0.0,0.0,0.0,1.690482561464459e-06,0.0,1.6904825614894037e-06,0.0,0.0,0.0,0.0,False
frozen_record,117,0.4895397489539749,0.94,0.91,0.9,0.93,0.003,0.62,0.04,0.01,0.0,1.0,0.0,1.0,1.0,1.0,0.92,0.0,0.02,addressable record without declared channel,0.76986,0.546,0.0,1.0,1.0,0.92,0.0,0.0,0.0,1.690482561464459e-06,0.0,1.6904825614894037e-06,0.0,0.0,0.0,0.0,False
frozen_record,118,0.49372384937238495,0.94,0.91,0.9,0.93,0.003,0.62,0.04,0.01,0.0,1.0,0.0,1.0,1.0,1.0,0.92,0.0,0.02,addressable record without declared channel,0.76986,0.546,0.0,1.0,1.0,0.92,0.0,0.0,0.0,1.690482561464459e-06,0.0,1.6904825614894037e-06,0.0,0.0,0.0,0.0,False
frozen_record,119,0.497907949790795,0.94,0.91,0.9,0.93,0.003,0.62,0.04,0.01,0.0,1.0,0.0,1.0,1.0,1.0,0.92,0.0,0.02,addressable record without declared channel,0.76986,0.546,0.0,1.0,1.0,0.92,0.0,0.0,0.0,1.690482561464459e-06,0.0,1.6904825614894037e-06,0.0,0.0,0.0,0.0,False
frozen_record,120,0.502092050209205,0.94,0.91,0.9,0.93,0.003,0.62,0.04,0.01,0.0,1.0,0.0,1.0,1.0,1.0,0.92,0.0,0.02,addressable record without declared channel,0.76986,0.546,0.0,1.0,1.0,0.92,0.0,0.0,0.0,1.690482561464459e-06,0.0,1.6904825614894037e-06,0.0,0.0,0.0,0.0,False
frozen_record,121,0.5062761506276151,0.94,0.91,0.9,0.93,0.003,0.62,0.04,0.01,0.0,1.0,0.0,1.0,1.0,1.0,0.92,0.0,0.02,addressable record without declared channel,0.76986,0.546,0.0,1.0,1.0,0.92,0.0,0.0,0.0,1.690482561464459e-06,0.0,1.6904825614894037e-06,0.0,0.0,0.0,0.0,False
frozen_record,122,0.5104602510460251,0.94,0.91,0.9,0.93,0.003,0.62,0.04,0.01,0.0,1.0,0.0,1.0,1.0,1.0,0.92,0.0,0.02,addressable record without declared channel,0.76986,0.546,0.0,1.0,1.0,0.92,0.0,0.0,0.0,1.690482561464459e-06,0.0,1.6904825614894037e-06,0.0,0.0,0.0,0.0,False
frozen_record,123,0.5146443514644351,0.94,0.91,0.9,0.93,0.003,0.62,0.04,0.01,0.0,1.0,0.0,1.0,1.0,1.0,0.92,0.0,0.02,addressable record without declared channel,0.76986,0.546,0.0,1.0,1.0,0.92,0.0,0.0,0.0,1.690482561464459e-06,0.0,1.6904825614894037e-06,0.0,0.0,0.0,0.0,False
frozen_record,124,0.5188284518828452,0.94,0.91,0.9,0.93,0.003,0.62,0.04,0.01,0.0,1.0,0.0,1.0,1.0,1.0,0.92,0.0,0.02,addressable record without declared channel,0.76986,0.546,0.0,1.0,1.0,0.92,0.0,0.0,0.0,1.690482561464459e-06,0.0,1.6904825614894037e-06,0.0,0.0,0.0,0.0,False
frozen_record,125,0.5230125523012552,0.94,0.91,0.9,0.93,0.003,0.62,0.04,0.01,0.0,1.0,0.0,1.0,1.0,1.0,0.92,0.0,0.02,addressable record without declared channel,0.76986,0.546,0.0,1.0,1.0,0.92,0.0,0.0,0.0,1.690482561464459e-06,0.0,1.6904825614894037e-06,0.0,0.0,0.0,0.0,False
frozen_record,126,0.5271966527196653,0.94,0.91,0.9,0.93,0.003,0.62,0.04,0.01,0.0,1.0,0.0,1.0,1.0,1.0,0.92,0.0,0.02,addressable record without declared channel,0.76986,0.546,0.0,1.0,1.0,0.92,0.0,0.0,0.0,1.690482561464459e-06,0.0,1.6904825614894037e-06,0.0,0.0,0.0,0.0,False
frozen_record,127,0.5313807531380753,0.94,0.91,0.9,0.93,0.003,0.62,0.04,0.01,0.0,1.0,0.0,1.0,1.0,1.0,0.92,0.0,0.02,addressable record without declared channel,0.76986,0.546,0.0,1.0,1.0,0.92,0.0,0.0,0.0,1.690482561464459e-06,0.0,1.6904825614894037e-06,0.0,0.0,0.0,0.0,False
frozen_record,128,0.5355648535564853,0.94,0.91,0.9,0.93,0.003,0.62,0.04,0.01,0.0,1.0,0.0,1.0,1.0,1.0,0.92,0.0,0.02,addressable record without declared channel,0.76986,0.546,0.0,1.0,1.0,0.92,0.0,0.0,0.0,1.690482561464459e-06,0.0,1.6904825614894037e-06,0.0,0.0,0.0,0.0,False
frozen_record,129,0.5397489539748954,0.94,0.91,0.9,0.93,0.003,0.62,0.04,0.01,0.0,1.0,0.0,1.0,1.0,1.0,0.92,0.0,0.02,addressable record without declared channel,0.76986,0.546,0.0,1.0,1.0,0.92,0.0,0.0,0.0,1.690482561464459e-06,0.0,1.6904825614894037e-06,0.0,0.0,0.0,0.0,False
frozen_record,130,0.5439330543933054,0.94,0.91,0.9,0.93,0.003,0.62,0.04,0.01,0.0,1.0,0.0,1.0,1.0,1.0,0.92,0.0,0.02,addressable record without declared channel,0.76986,0.546,0.0,1.0,1.0,0.92,0.0,0.0,0.0,1.690482561464459e-06,0.0,1.6904825614894037e-06,0.0,0.0,0.0,0.0,False
frozen_record,131,0.5481171548117155,0.94,0.91,0.9,0.93,0.003,0.62,0.04,0.01,0.0,1.0,0.0,1.0,1.0,1.0,0.92,0.0,0.02,addressable record without declared channel,0.76986,0.546,0.0,1.0,1.0,0.92,0.0,0.0,0.0,1.690482561464459e-06,0.0,1.6904825614894037e-06,0.0,0.0,0.0,0.0,False
frozen_record,132,0.5523012552301255,0.94,0.91,0.9,0.93,0.003,0.62,0.04,0.01,0.0,1.0,0.0,1.0,1.0,1.0,0.92,0.0,0.02,addressable record without declared channel,0.76986,0.546,0.0,1.0,1.0,0.92,0.0,0.0,0.0,1.690482561464459e-06,0.0,1.6904825614894037e-06,0.0,0.0,0.0,0.0,False
frozen_record,133,0.5564853556485355,0.94,0.91,0.9,0.93,0.003,0.62,0.04,0.01,0.0,1.0,0.0,1.0,1.0,1.0,0.92,0.0,0.02,addressable record without declared channel,0.76986,0.546,0.0,1.0,1.0,0.92,0.0,0.0,0.0,1.690482561464459e-06,0.0,1.6904825614894037e-06,0.0,0.0,0.0,0.0,False
frozen_record,134,0.5606694560669456,0.94,0.91,0.9,0.93,0.003,0.62,0.04,0.01,0.0,1.0,0.0,1.0,1.0,1.0,0.92,0.0,0.02,addressable record without declared channel,0.76986,0.546,0.0,1.0,1.0,0.92,0.0,0.0,0.0,1.690482561464459e-06,0.0,1.6904825614894037e-06,0.0,0.0,0.0,0.0,False
frozen_record,135,0.5648535564853556,0.94,0.91,0.9,0.93,0.003,0.62,0.04,0.01,0.0,1.0,0.0,1.0,1.0,1.0,0.92,0.0,0.02,addressable record without declared channel,0.76986,0.546,0.0,1.0,1.0,0.92,0.0,0.0,0.0,1.690482561464459e-06,0.0,1.6904825614894037e-06,0.0,0.0,0.0,0.0,False
frozen_record,136,0.5690376569037657,0.94,0.91,0.9,0.93,0.003,0.62,0.04,0.01,0.0,1.0,0.0,1.0,1.0,1.0,0.92,0.0,0.02,addressable record without declared channel,0.76986,0.546,0.0,1.0,1.0,0.92,0.0,0.0,0.0,1.690482561464459e-06,0.0,1.6904825614894037e-06,0.0,0.0,0.0,0.0,False
frozen_record,137,0.5732217573221757,0.94,0.91,0.9,0.93,0.003,0.62,0.04,0.01,0.0,1.0,0.0,1.0,1.0,1.0,0.92,0.0,0.02,addressable record without declared channel,0.76986,0.546,0.0,1.0,1.0,0.92,0.0,0.0,0.0,1.690482561464459e-06,0.0,1.6904825614894037e-06,0.0,0.0,0.0,0.0,False
frozen_record,138,0.5774058577405857,0.94,0.91,0.9,0.93,0.003,0.62,0.04,0.01,0.0,1.0,0.0,1.0,1.0,1.0,0.92,0.0,0.02,addressable record without declared channel,0.76986,0.546,0.0,1.0,1.0,0.92,0.0,0.0,0.0,1.690482561464459e-06,0.0,1.6904825614894037e-06,0.0,0.0,0.0,0.0,False
frozen_record,139,0.5815899581589958,0.94,0.91,0.9,0.93,0.003,0.62,0.04,0.01,0.0,1.0,0.0,1.0,1.0,1.0,0.92,0.0,0.02,addressable record without declared channel,0.76986,0.546,0.0,1.0,1.0,0.92,0.0,0.0,0.0,1.690482561464459e-06,0.0,1.6904825614894037e-06,0.0,0.0,0.0,0.0,False
frozen_record,140,0.5857740585774058,0.94,0.91,0.9,0.93,0.003,0.62,0.04,0.01,0.0,1.0,0.0,1.0,1.0,1.0,0.92,0.0,0.02,addressable record without declared channel,0.76986,0.546,0.0,1.0,1.0,0.92,0.0,0.0,0.0,1.690482561464459e-06,0.0,1.6904825614894037e-06,0.0,0.0,0.0,0.0,False
frozen_record,141,0.5899581589958159,0.94,0.91,0.9,0.93,0.003,0.62,0.04,0.01,0.0,1.0,0.0,1.0,1.0,1.0,0.92,0.0,0.02,addressable record without declared channel,0.76986,0.546,0.0,1.0,1.0,0.92,0.0,0.0,0.0,1.690482561464459e-06,0.0,1.6904825614894037e-06,0.0,0.0,0.0,0.0,False
frozen_record,142,0.5941422594142259,0.94,0.91,0.9,0.93,0.003,0.62,0.04,0.01,0.0,1.0,0.0,1.0,1.0,1.0,0.92,0.0,0.02,addressable record without declared channel,0.76986,0.546,0.0,1.0,1.0,0.92,0.0,0.0,0.0,1.690482561464459e-06,0.0,1.6904825614894037e-06,0.0,0.0,0.0,0.0,False
frozen_record,143,0.5983263598326359,0.94,0.91,0.9,0.93,0.003,0.62,0.04,0.01,0.0,1.0,0.0,1.0,1.0,1.0,0.92,0.0,0.02,addressable record without declared channel,0.76986,0.546,0.0,1.0,1.0,0.92,0.0,0.0,0.0,1.690482561464459e-06,0.0,1.6904825614894037e-06,0.0,0.0,0.0,0.0,False
frozen_record,144,0.602510460251046,0.94,0.91,0.9,0.93,0.003,0.62,0.04,0.01,0.0,1.0,0.0,1.0,1.0,1.0,0.92,0.0,0.02,addressable record without declared channel,0.76986,0.546,0.0,1.0,1.0,0.92,0.0,0.0,0.0,1.690482561464459e-06,0.0,1.6904825614894037e-06,0.0,0.0,0.0,0.0,False
frozen_record,145,0.606694560669456,0.94,0.91,0.9,0.93,0.003,0.62,0.04,0.01,0.0,1.0,0.0,1.0,1.0,1.0,0.92,0.0,0.02,addressable record without declared channel,0.76986,0.546,0.0,1.0,1.0,0.92,0.0,0.0,0.0,1.690482561464459e-06,0.0,1.6904825614894037e-06,0.0,0.0,0.0,0.0,False
frozen_record,146,0.6108786610878661,0.94,0.91,0.9,0.93,0.003,0.62,0.04,0.01,0.0,1.0,0.0,1.0,1.0,1.0,0.92,0.0,0.02,addressable record without declared channel,0.76986,0.546,0.0,1.0,1.0,0.92,0.0,0.0,0.0,1.690482561464459e-06,0.0,1.6904825614894037e-06,0.0,0.0,0.0,0.0,False
frozen_record,147,0.6150627615062761,0.94,0.91,0.9,0.93,0.003,0.62,0.04,0.01,0.0,1.0,0.0,1.0,1.0,1.0,0.92,0.0,0.02,addressable record without declared channel,0.76986,0.546,0.0,1.0,1.0,0.92,0.0,0.0,0.0,1.690482561464459e-06,0.0,1.6904825614894037e-06,0.0,0.0,0.0,0.0,False
frozen_record,148,0.6192468619246861,0.94,0.91,0.9,0.93,0.003,0.62,0.04,0.01,0.0,1.0,0.0,1.0,1.0,1.0,0.92,0.0,0.02,addressable record without declared channel,0.76986,0.546,0.0,1.0,1.0,0.92,0.0,0.0,0.0,1.690482561464459e-06,0.0,1.6904825614894037e-06,0.0,0.0,0.0,0.0,False
frozen_record,149,0.6234309623430963,0.94,0.91,0.9,0.93,0.003,0.62,0.04,0.01,0.0,1.0,0.0,1.0,1.0,1.0,0.92,0.0,0.02,addressable record without declared channel,0.76986,0.546,0.0,1.0,1.0,0.92,0.0,0.0,0.0,1.690482561464459e-06,0.0,1.6904825614894037e-06,0.0,0.0,0.0,0.0,False
frozen_record,150,0.6276150627615062,0.94,0.91,0.9,0.93,0.003,0.62,0.04,0.01,0.0,1.0,0.0,1.0,1.0,1.0,0.92,0.0,0.02,addressable record without declared channel,0.76986,0.546,0.0,1.0,1.0,0.92,0.0,0.0,0.0,1.690482561464459e-06,0.0,1.6904825614894037e-06,0.0,0.0,0.0,0.0,False
frozen_record,151,0.6317991631799164,0.94,0.91,0.9,0.93,0.003,0.62,0.04,0.01,0.0,1.0,0.0,1.0,1.0,1.0,0.92,0.0,0.02,addressable record without declared channel,0.76986,0.546,0.0,1.0,1.0,0.92,0.0,0.0,0.0,1.690482561464459e-06,0.0,1.6904825614894037e-06,0.0,0.0,0.0,0.0,False
frozen_record,152,0.6359832635983264,0.94,0.91,0.9,0.93,0.003,0.62,0.04,0.01,0.0,1.0,0.0,1.0,1.0,1.0,0.92,0.0,0.02,addressable record without declared channel,0.76986,0.546,0.0,1.0,1.0,0.92,0.0,0.0,0.0,1.690482561464459e-06,0.0,1.6904825614894037e-06,0.0,0.0,0.0,0.0,False
frozen_record,153,0.6401673640167364,0.94,0.91,0.9,0.93,0.003,0.62,0.04,0.01,0.0,1.0,0.0,1.0,1.0,1.0,0.92,0.0,0.02,addressable record without declared channel,0.76986,0.546,0.0,1.0,1.0,0.92,0.0,0.0,0.0,1.690482561464459e-06,0.0,1.6904825614894037e-06,0.0,0.0,0.0,0.0,False
frozen_record,154,0.6443514644351465,0.94,0.91,0.9,0.93,0.003,0.62,0.04,0.01,0.0,1.0,0.0,1.0,1.0,1.0,0.92,0.0,0.02,addressable record without declared channel,0.76986,0.546,0.0,1.0,1.0,0.92,0.0,0.0,0.0,1.690482561464459e-06,0.0,1.6904825614894037e-06,0.0,0.0,0.0,0.0,False
frozen_record,155,0.6485355648535565,0.94,0.91,0.9,0.93,0.003,0.62,0.04,0.01,0.0,1.0,0.0,1.0,1.0,1.0,0.92,0.0,0.02,addressable record without declared channel,0.76986,0.546,0.0,1.0,1.0,0.92,0.0,0.0,0.0,1.690482561464459e-06,0.0,1.6904825614894037e-06,0.0,0.0,0.0,0.0,False
frozen_record,156,0.6527196652719666,0.94,0.91,0.9,0.93,0.003,0.62,0.04,0.01,0.0,1.0,0.0,1.0,1.0,1.0,0.92,0.0,0.02,addressable record without declared channel,0.76986,0.546,0.0,1.0,1.0,0.92,0.0,0.0,0.0,1.690482561464459e-06,0.0,1.6904825614894037e-06,0.0,0.0,0.0,0.0,False
frozen_record,157,0.6569037656903766,0.94,0.91,0.9,0.93,0.003,0.62,0.04,0.01,0.0,1.0,0.0,1.0,1.0,1.0,0.92,0.0,0.02,addressable record without declared channel,0.76986,0.546,0.0,1.0,1.0,0.92,0.0,0.0,0.0,1.690482561464459e-06,0.0,1.6904825614894037e-06,0.0,0.0,0.0,0.0,False
frozen_record,158,0.6610878661087866,0.94,0.91,0.9,0.93,0.003,0.62,0.04,0.01,0.0,1.0,0.0,1.0,1.0,1.0,0.92,0.0,0.02,addressable record without declared channel,0.76986,0.546,0.0,1.0,1.0,0.92,0.0,0.0,0.0,1.690482561464459e-06,0.0,1.6904825614894037e-06,0.0,0.0,0.0,0.0,False
frozen_record,159,0.6652719665271967,0.94,0.91,0.9,0.93,0.003,0.62,0.04,0.01,0.0,1.0,0.0,1.0,1.0,1.0,0.92,0.0,0.02,addressable record without declared channel,0.76986,0.546,0.0,1.0,1.0,0.92,0.0,0.0,0.0,1.690482561464459e-06,0.0,1.6904825614894037e-06,0.0,0.0,0.0,0.0,False
frozen_record,160,0.6694560669456067,0.94,0.91,0.9,0.93,0.003,0.62,0.04,0.01,0.0,1.0,0.0,1.0,1.0,1.0,0.92,0.0,0.02,addressable record without declared channel,0.76986,0.546,0.0,1.0,1.0,0.92,0.0,0.0,0.0,1.690482561464459e-06,0.0,1.6904825614894037e-06,0.0,0.0,0.0,0.0,False
frozen_record,161,0.6736401673640168,0.94,0.91,0.9,0.93,0.003,0.62,0.04,0.01,0.0,1.0,0.0,1.0,1.0,1.0,0.92,0.0,0.02,addressable record without declared channel,0.76986,0.546,0.0,1.0,1.0,0.92,0.0,0.0,0.0,1.690482561464459e-06,0.0,1.6904825614894037e-06,0.0,0.0,0.0,0.0,False
frozen_record,162,0.6778242677824268,0.94,0.91,0.9,0.93,0.003,0.62,0.04,0.01,0.0,1.0,0.0,1.0,1.0,1.0,0.92,0.0,0.02,addressable record without declared channel,0.76986,0.546,0.0,1.0,1.0,0.92,0.0,0.0,0.0,1.690482561464459e-06,0.0,1.6904825614894037e-06,0.0,0.0,0.0,0.0,False
frozen_record,163,0.6820083682008368,0.94,0.91,0.9,0.93,0.003,0.62,0.04,0.01,0.0,1.0,0.0,1.0,1.0,1.0,0.92,0.0,0.02,addressable record without declared channel,0.76986,0.546,0.0,1.0,1.0,0.92,0.0,0.0,0.0,1.690482561464459e-06,0.0,1.6904825614894037e-06,0.0,0.0,0.0,0.0,False
frozen_record,164,0.6861924686192469,0.94,0.91,0.9,0.93,0.003,0.62,0.04,0.01,0.0,1.0,0.0,1.0,1.0,1.0,0.92,0.0,0.02,addressable record without declared channel,0.76986,0.546,0.0,1.0,1.0,0.92,0.0,0.0,0.0,1.690482561464459e-06,0.0,1.6904825614894037e-06,0.0,0.0,0.0,0.0,False
frozen_record,165,0.6903765690376569,0.94,0.91,0.9,0.93,0.003,0.62,0.04,0.01,0.0,1.0,0.0,1.0,1.0,1.0,0.92,0.0,0.02,addressable record without declared channel,0.76986,0.546,0.0,1.0,1.0,0.92,0.0,0.0,0.0,1.690482561464459e-06,0.0,1.6904825614894037e-06,0.0,0.0,0.0,0.0,False
frozen_record,166,0.694560669456067,0.94,0.91,0.9,0.93,0.003,0.62,0.04,0.01,0.0,1.0,0.0,1.0,1.0,1.0,0.92,0.0,0.02,addressable record without declared channel,0.76986,0.546,0.0,1.0,1.0,0.92,0.0,0.0,0.0,1.690482561464459e-06,0.0,1.6904825614894037e-06,0.0,0.0,0.0,0.0,False
frozen_record,167,0.698744769874477,0.94,0.91,0.9,0.93,0.003,0.62,0.04,0.01,0.0,1.0,0.0,1.0,1.0,1.0,0.92,0.0,0.02,addressable record without declared channel,0.76986,0.546,0.0,1.0,1.0,0.92,0.0,0.0,0.0,1.690482561464459e-06,0.0,1.6904825614894037e-06,0.0,0.0,0.0,0.0,False
frozen_record,168,0.702928870292887,0.94,0.91,0.9,0.93,0.003,0.62,0.04,0.01,0.0,1.0,0.0,1.0,1.0,1.0,0.92,0.0,0.02,addressable record without declared channel,0.76986,0.546,0.0,1.0,1.0,0.92,0.0,0.0,0.0,1.690482561464459e-06,0.0,1.6904825614894037e-06,0.0,0.0,0.0,0.0,False
frozen_record,169,0.7071129707112971,0.94,0.91,0.9,0.93,0.003,0.62,0.04,0.01,0.0,1.0,0.0,1.0,1.0,1.0,0.92,0.0,0.02,addressable record without declared channel,0.76986,0.546,0.0,1.0,1.0,0.92,0.0,0.0,0.0,1.690482561464459e-06,0.0,1.6904825614894037e-06,0.0,0.0,0.0,0.0,False
frozen_record,170,0.7112970711297071,0.94,0.91,0.9,0.93,0.003,0.62,0.04,0.01,0.0,1.0,0.0,1.0,1.0,1.0,0.92,0.0,0.02,addressable record without declared channel,0.76986,0.546,0.0,1.0,1.0,0.92,0.0,0.0,0.0,1.690482561464459e-06,0.0,1.6904825614894037e-06,0.0,0.0,0.0,0.0,False
frozen_record,171,0.7154811715481172,0.94,0.91,0.9,0.93,0.003,0.62,0.04,0.01,0.0,1.0,0.0,1.0,1.0,1.0,0.92,0.0,0.02,addressable record without declared channel,0.76986,0.546,0.0,1.0,1.0,0.92,0.0,0.0,0.0,1.690482561464459e-06,0.0,1.6904825614894037e-06,0.0,0.0,0.0,0.0,False
frozen_record,172,0.7196652719665272,0.94,0.91,0.9,0.93,0.003,0.62,0.04,0.01,0.0,1.0,0.0,1.0,1.0,1.0,0.92,0.0,0.02,addressable record without declared channel,0.76986,0.546,0.0,1.0,1.0,0.92,0.0,0.0,0.0,1.690482561464459e-06,0.0,1.6904825614894037e-06,0.0,0.0,0.0,0.0,False
frozen_record,173,0.7238493723849372,0.94,0.91,0.9,0.93,0.003,0.62,0.04,0.01,0.0,1.0,0.0,1.0,1.0,1.0,0.92,0.0,0.02,addressable record without declared channel,0.76986,0.546,0.0,1.0,1.0,0.92,0.0,0.0,0.0,1.690482561464459e-06,0.0,1.6904825614894037e-06,0.0,0.0,0.0,0.0,False
frozen_record,174,0.7280334728033473,0.94,0.91,0.9,0.93,0.003,0.62,0.04,0.01,0.0,1.0,0.0,1.0,1.0,1.0,0.92,0.0,0.02,addressable record without declared channel,0.76986,0.546,0.0,1.0,1.0,0.92,0.0,0.0,0.0,1.690482561464459e-06,0.0,1.6904825614894037e-06,0.0,0.0,0.0,0.0,False
frozen_record,175,0.7322175732217573,0.94,0.91,0.9,0.93,0.003,0.62,0.04,0.01,0.0,1.0,0.0,1.0,1.0,1.0,0.92,0.0,0.02,addressable record without declared channel,0.76986,0.546,0.0,1.0,1.0,0.92,0.0,0.0,0.0,1.690482561464459e-06,0.0,1.6904825614894037e-06,0.0,0.0,0.0,0.0,False
frozen_record,176,0.7364016736401674,0.94,0.91,0.9,0.93,0.003,0.62,0.04,0.01,0.0,1.0,0.0,1.0,1.0,1.0,0.92,0.0,0.02,addressable record without declared channel,0.76986,0.546,0.0,1.0,1.0,0.92,0.0,0.0,0.0,1.690482561464459e-06,0.0,1.6904825614894037e-06,0.0,0.0,0.0,0.0,False
frozen_record,177,0.7405857740585774,0.94,0.91,0.9,0.93,0.003,0.62,0.04,0.01,0.0,1.0,0.0,1.0,1.0,1.0,0.92,0.0,0.02,addressable record without declared channel,0.76986,0.546,0.0,1.0,1.0,0.92,0.0,0.0,0.0,1.690482561464459e-06,0.0,1.6904825614894037e-06,0.0,0.0,0.0,0.0,False
frozen_record,178,0.7447698744769874,0.94,0.91,0.9,0.93,0.003,0.62,0.04,0.01,0.0,1.0,0.0,1.0,1.0,1.0,0.92,0.0,0.02,addressable record without declared channel,0.76986,0.546,0.0,1.0,1.0,0.92,0.0,0.0,0.0,1.690482561464459e-06,0.0,1.6904825614894037e-06,0.0,0.0,0.0,0.0,False
frozen_record,179,0.7489539748953975,0.94,0.91,0.9,0.93,0.003,0.62,0.04,0.01,0.0,1.0,0.0,1.0,1.0,1.0,0.92,0.0,0.02,addressable record without declared channel,0.76986,0.546,0.0,1.0,1.0,0.92,0.0,0.0,0.0,1.690482561464459e-06,0.0,1.6904825614894037e-06,0.0,0.0,0.0,0.0,False
frozen_record,180,0.7531380753138075,0.94,0.91,0.9,0.93,0.003,0.62,0.04,0.01,0.0,1.0,0.0,1.0,1.0,1.0,0.92,0.0,0.02,addressable record without declared channel,0.76986,0.546,0.0,1.0,1.0,0.92,0.0,0.0,0.0,1.690482561464459e-06,0.0,1.6904825614894037e-06,0.0,0.0,0.0,0.0,False
frozen_record,181,0.7573221757322176,0.94,0.91,0.9,0.93,0.003,0.62,0.04,0.01,0.0,1.0,0.0,1.0,1.0,1.0,0.92,0.0,0.02,addressable record without declared channel,0.76986,0.546,0.0,1.0,1.0,0.92,0.0,0.0,0.0,1.690482561464459e-06,0.0,1.6904825614894037e-06,0.0,0.0,0.0,0.0,False
frozen_record,182,0.7615062761506276,0.94,0.91,0.9,0.93,0.003,0.62,0.04,0.01,0.0,1.0,0.0,1.0,1.0,1.0,0.92,0.0,0.02,addressable record without declared channel,0.76986,0.546,0.0,1.0,1.0,0.92,0.0,0.0,0.0,1.690482561464459e-06,0.0,1.6904825614894037e-06,0.0,0.0,0.0,0.0,False
frozen_record,183,0.7656903765690377,0.94,0.91,0.9,0.93,0.003,0.62,0.04,0.01,0.0,1.0,0.0,1.0,1.0,1.0,0.92,0.0,0.02,addressable record without declared channel,0.76986,0.546,0.0,1.0,1.0,0.92,0.0,0.0,0.0,1.690482561464459e-06,0.0,1.6904825614894037e-06,0.0,0.0,0.0,0.0,False
frozen_record,184,0.7698744769874477,0.94,0.91,0.9,0.93,0.003,0.62,0.04,0.01,0.0,1.0,0.0,1.0,1.0,1.0,0.92,0.0,0.02,addressable record without declared channel,0.76986,0.546,0.0,1.0,1.0,0.92,0.0,0.0,0.0,1.690482561464459e-06,0.0,1.6904825614894037e-06,0.0,0.0,0.0,0.0,False
frozen_record,185,0.7740585774058577,0.94,0.91,0.9,0.93,0.003,0.62,0.04,0.01,0.0,1.0,0.0,1.0,1.0,1.0,0.92,0.0,0.02,addressable record without declared channel,0.76986,0.546,0.0,1.0,1.0,0.92,0.0,0.0,0.0,1.690482561464459e-06,0.0,1.6904825614894037e-06,0.0,0.0,0.0,0.0,False
frozen_record,186,0.7782426778242678,0.94,0.91,0.9,0.93,0.003,0.62,0.04,0.01,0.0,1.0,0.0,1.0,1.0,1.0,0.92,0.0,0.02,addressable record without declared channel,0.76986,0.546,0.0,1.0,1.0,0.92,0.0,0.0,0.0,1.690482561464459e-06,0.0,1.6904825614894037e-06,0.0,0.0,0.0,0.0,False
frozen_record,187,0.7824267782426778,0.94,0.91,0.9,0.93,0.003,0.62,0.04,0.01,0.0,1.0,0.0,1.0,1.0,1.0,0.92,0.0,0.02,addressable record without declared channel,0.76986,0.546,0.0,1.0,1.0,0.92,0.0,0.0,0.0,1.690482561464459e-06,0.0,1.6904825614894037e-06,0.0,0.0,0.0,0.0,False
frozen_record,188,0.7866108786610879,0.94,0.91,0.9,0.93,0.003,0.62,0.04,0.01,0.0,1.0,0.0,1.0,1.0,1.0,0.92,0.0,0.02,addressable record without declared channel,0.76986,0.546,0.0,1.0,1.0,0.92,0.0,0.0,0.0,1.690482561464459e-06,0.0,1.6904825614894037e-06,0.0,0.0,0.0,0.0,False
frozen_record,189,0.7907949790794979,0.94,0.91,0.9,0.93,0.003,0.62,0.04,0.01,0.0,1.0,0.0,1.0,1.0,1.0,0.92,0.0,0.02,addressable record without declared channel,0.76986,0.546,0.0,1.0,1.0,0.92,0.0,0.0,0.0,1.690482561464459e-06,0.0,1.6904825614894037e-06,0.0,0.0,0.0,0.0,False
frozen_record,190,0.7949790794979079,0.94,0.91,0.9,0.93,0.003,0.62,0.04,0.01,0.0,1.0,0.0,1.0,1.0,1.0,0.92,0.0,0.02,addressable record without declared channel,0.76986,0.546,0.0,1.0,1.0,0.92,0.0,0.0,0.0,1.690482561464459e-06,0.0,1.6904825614894037e-06,0.0,0.0,0.0,0.0,False
frozen_record,191,0.799163179916318,0.94,0.91,0.9,0.93,0.003,0.62,0.04,0.01,0.0,1.0,0.0,1.0,1.0,1.0,0.92,0.0,0.02,addressable record without declared channel,0.76986,0.546,0.0,1.0,1.0,0.92,0.0,0.0,0.0,1.690482561464459e-06,0.0,1.6904825614894037e-06,0.0,0.0,0.0,0.0,False
frozen_record,192,0.803347280334728,0.94,0.91,0.9,0.93,0.003,0.62,0.04,0.01,0.0,1.0,0.0,1.0,1.0,1.0,0.92,0.0,0.02,addressable record without declared channel,0.76986,0.546,0.0,1.0,1.0,0.92,0.0,0.0,0.0,1.690482561464459e-06,0.0,1.6904825614894037e-06,0.0,0.0,0.0,0.0,False
frozen_record,193,0.8075313807531381,0.94,0.91,0.9,0.93,0.003,0.62,0.04,0.01,0.0,1.0,0.0,1.0,1.0,1.0,0.92,0.0,0.02,addressable record without declared channel,0.76986,0.546,0.0,1.0,1.0,0.92,0.0,0.0,0.0,1.690482561464459e-06,0.0,1.6904825614894037e-06,0.0,0.0,0.0,0.0,False
frozen_record,194,0.8117154811715481,0.94,0.91,0.9,0.93,0.003,0.62,0.04,0.01,0.0,1.0,0.0,1.0,1.0,1.0,0.92,0.0,0.02,addressable record without declared channel,0.76986,0.546,0.0,1.0,1.0,0.92,0.0,0.0,0.0,1.690482561464459e-06,0.0,1.6904825614894037e-06,0.0,0.0,0.0,0.0,False
frozen_record,195,0.8158995815899581,0.94,0.91,0.9,0.93,0.003,0.62,0.04,0.01,0.0,1.0,0.0,1.0,1.0,1.0,0.92,0.0,0.02,addressable record without declared channel,0.76986,0.546,0.0,1.0,1.0,0.92,0.0,0.0,0.0,1.690482561464459e-06,0.0,1.6904825614894037e-06,0.0,0.0,0.0,0.0,False
frozen_record,196,0.8200836820083682,0.94,0.91,0.9,0.93,0.003,0.62,0.04,0.01,0.0,1.0,0.0,1.0,1.0,1.0,0.92,0.0,0.02,addressable record without declared channel,0.76986,0.546,0.0,1.0,1.0,0.92,0.0,0.0,0.0,1.690482561464459e-06,0.0,1.6904825614894037e-06,0.0,0.0,0.0,0.0,False
frozen_record,197,0.8242677824267782,0.94,0.91,0.9,0.93,0.003,0.62,0.04,0.01,0.0,1.0,0.0,1.0,1.0,1.0,0.92,0.0,0.02,addressable record without declared channel,0.76986,0.546,0.0,1.0,1.0,0.92,0.0,0.0,0.0,1.690482561464459e-06,0.0,1.6904825614894037e-06,0.0,0.0,0.0,0.0,False
frozen_record,198,0.8284518828451883,0.94,0.91,0.9,0.93,0.003,0.62,0.04,0.01,0.0,1.0,0.0,1.0,1.0,1.0,0.92,0.0,0.02,addressable record without declared channel,0.76986,0.546,0.0,1.0,1.0,0.92,0.0,0.0,0.0,1.690482561464459e-06,0.0,1.6904825614894037e-06,0.0,0.0,0.0,0.0,False
frozen_record,199,0.8326359832635983,0.94,0.91,0.9,0.93,0.003,0.62,0.04,0.01,0.0,1.0,0.0,1.0,1.0,1.0,0.92,0.0,0.02,addressable record without declared channel,0.76986,0.546,0.0,1.0,1.0,0.92,0.0,0.0,0.0,1.690482561464459e-06,0.0,1.6904825614894037e-06,0.0,0.0,0.0,0.0,False
frozen_record,200,0.8368200836820083,0.94,0.91,0.9,0.93,0.003,0.62,0.04,0.01,0.0,1.0,0.0,1.0,1.0,1.0,0.92,0.0,0.02,addressable record without declared channel,0.76986,0.546,0.0,1.0,1.0,0.92,0.0,0.0,0.0,1.690482561464459e-06,0.0,1.6904825614894037e-06,0.0,0.0,0.0,0.0,False
frozen_record,201,0.8410041841004184,0.94,0.91,0.9,0.93,0.003,0.62,0.04,0.01,0.0,1.0,0.0,1.0,1.0,1.0,0.92,0.0,0.02,addressable record without declared channel,0.76986,0.546,0.0,1.0,1.0,0.92,0.0,0.0,0.0,1.690482561464459e-06,0.0,1.6904825614894037e-06,0.0,0.0,0.0,0.0,False
frozen_record,202,0.8451882845188284,0.94,0.91,0.9,0.93,0.003,0.62,0.04,0.01,0.0,1.0,0.0,1.0,1.0,1.0,0.92,0.0,0.02,addressable record without declared channel,0.76986,0.546,0.0,1.0,1.0,0.92,0.0,0.0,0.0,1.690482561464459e-06,0.0,1.6904825614894037e-06,0.0,0.0,0.0,0.0,False
frozen_record,203,0.8493723849372385,0.94,0.91,0.9,0.93,0.003,0.62,0.04,0.01,0.0,1.0,0.0,1.0,1.0,1.0,0.92,0.0,0.02,addressable record without declared channel,0.76986,0.546,0.0,1.0,1.0,0.92,0.0,0.0,0.0,1.690482561464459e-06,0.0,1.6904825614894037e-06,0.0,0.0,0.0,0.0,False
frozen_record,204,0.8535564853556485,0.94,0.91,0.9,0.93,0.003,0.62,0.04,0.01,0.0,1.0,0.0,1.0,1.0,1.0,0.92,0.0,0.02,addressable record without declared channel,0.76986,0.546,0.0,1.0,1.0,0.92,0.0,0.0,0.0,1.690482561464459e-06,0.0,1.6904825614894037e-06,0.0,0.0,0.0,0.0,False
frozen_record,205,0.8577405857740585,0.94,0.91,0.9,0.93,0.003,0.62,0.04,0.01,0.0,1.0,0.0,1.0,1.0,1.0,0.92,0.0,0.02,addressable record without declared channel,0.76986,0.546,0.0,1.0,1.0,0.92,0.0,0.0,0.0,1.690482561464459e-06,0.0,1.6904825614894037e-06,0.0,0.0,0.0,0.0,False
frozen_record,206,0.8619246861924686,0.94,0.91,0.9,0.93,0.003,0.62,0.04,0.01,0.0,1.0,0.0,1.0,1.0,1.0,0.92,0.0,0.02,addressable record without declared channel,0.76986,0.546,0.0,1.0,1.0,0.92,0.0,0.0,0.0,1.690482561464459e-06,0.0,1.6904825614894037e-06,0.0,0.0,0.0,0.0,False
frozen_record,207,0.8661087866108786,0.94,0.91,0.9,0.93,0.003,0.62,0.04,0.01,0.0,1.0,0.0,1.0,1.0,1.0,0.92,0.0,0.02,addressable record without declared channel,0.76986,0.546,0.0,1.0,1.0,0.92,0.0,0.0,0.0,1.690482561464459e-06,0.0,1.6904825614894037e-06,0.0,0.0,0.0,0.0,False
frozen_record,208,0.8702928870292888,0.94,0.91,0.9,0.93,0.003,0.62,0.04,0.01,0.0,1.0,0.0,1.0,1.0,1.0,0.92,0.0,0.02,addressable record without declared channel,0.76986,0.546,0.0,1.0,1.0,0.92,0.0,0.0,0.0,1.690482561464459e-06,0.0,1.6904825614894037e-06,0.0,0.0,0.0,0.0,False
frozen_record,209,0.8744769874476988,0.94,0.91,0.9,0.93,0.003,0.62,0.04,0.01,0.0,1.0,0.0,1.0,1.0,1.0,0.92,0.0,0.02,addressable record without declared channel,0.76986,0.546,0.0,1.0,1.0,0.92,0.0,0.0,0.0,1.690482561464459e-06,0.0,1.6904825614894037e-06,0.0,0.0,0.0,0.0,False
frozen_record,210,0.8786610878661087,0.94,0.91,0.9,0.93,0.003,0.62,0.04,0.01,0.0,1.0,0.0,1.0,1.0,1.0,0.92,0.0,0.02,addressable record without declared channel,0.76986,0.546,0.0,1.0,1.0,0.92,0.0,0.0,0.0,1.690482561464459e-06,0.0,1.6904825614894037e-06,0.0,0.0,0.0,0.0,False
frozen_record,211,0.8828451882845189,0.94,0.91,0.9,0.93,0.003,0.62,0.04,0.01,0.0,1.0,0.0,1.0,1.0,1.0,0.92,0.0,0.02,addressable record without declared channel,0.76986,0.546,0.0,1.0,1.0,0.92,0.0,0.0,0.0,1.690482561464459e-06,0.0,1.6904825614894037e-06,0.0,0.0,0.0,0.0,False
frozen_record,212,0.8870292887029289,0.94,0.91,0.9,0.93,0.003,0.62,0.04,0.01,0.0,1.0,0.0,1.0,1.0,1.0,0.92,0.0,0.02,addressable record without declared channel,0.76986,0.546,0.0,1.0,1.0,0.92,0.0,0.0,0.0,1.690482561464459e-06,0.0,1.6904825614894037e-06,0.0,0.0,0.0,0.0,False
frozen_record,213,0.891213389121339,0.94,0.91,0.9,0.93,0.003,0.62,0.04,0.01,0.0,1.0,0.0,1.0,1.0,1.0,0.92,0.0,0.02,addressable record without declared channel,0.76986,0.546,0.0,1.0,1.0,0.92,0.0,0.0,0.0,1.690482561464459e-06,0.0,1.6904825614894037e-06,0.0,0.0,0.0,0.0,False
frozen_record,214,0.895397489539749,0.94,0.91,0.9,0.93,0.003,0.62,0.04,0.01,0.0,1.0,0.0,1.0,1.0,1.0,0.92,0.0,0.02,addressable record without declared channel,0.76986,0.546,0.0,1.0,1.0,0.92,0.0,0.0,0.0,1.690482561464459e-06,0.0,1.6904825614894037e-06,0.0,0.0,0.0,0.0,False
frozen_record,215,0.899581589958159,0.94,0.91,0.9,0.93,0.003,0.62,0.04,0.01,0.0,1.0,0.0,1.0,1.0,1.0,0.92,0.0,0.02,addressable record without declared channel,0.76986,0.546,0.0,1.0,1.0,0.92,0.0,0.0,0.0,1.690482561464459e-06,0.0,1.6904825614894037e-06,0.0,0.0,0.0,0.0,False
frozen_record,216,0.9037656903765691,0.94,0.91,0.9,0.93,0.003,0.62,0.04,0.01,0.0,1.0,0.0,1.0,1.0,1.0,0.92,0.0,0.02,addressable record without declared channel,0.76986,0.546,0.0,1.0,1.0,0.92,0.0,0.0,0.0,1.690482561464459e-06,0.0,1.6904825614894037e-06,0.0,0.0,0.0,0.0,False
frozen_record,217,0.9079497907949791,0.94,0.91,0.9,0.93,0.003,0.62,0.04,0.01,0.0,1.0,0.0,1.0,1.0,1.0,0.92,0.0,0.02,addressable record without declared channel,0.76986,0.546,0.0,1.0,1.0,0.92,0.0,0.0,0.0,1.690482561464459e-06,0.0,1.6904825614894037e-06,0.0,0.0,0.0,0.0,False
frozen_record,218,0.9121338912133892,0.94,0.91,0.9,0.93,0.003,0.62,0.04,0.01,0.0,1.0,0.0,1.0,1.0,1.0,0.92,0.0,0.02,addressable record without declared channel,0.76986,0.546,0.0,1.0,1.0,0.92,0.0,0.0,0.0,1.690482561464459e-06,0.0,1.6904825614894037e-06,0.0,0.0,0.0,0.0,False
frozen_record,219,0.9163179916317992,0.94,0.91,0.9,0.93,0.003,0.62,0.04,0.01,0.0,1.0,0.0,1.0,1.0,1.0,0.92,0.0,0.02,addressable record without declared channel,0.76986,0.546,0.0,1.0,1.0,0.92,0.0,0.0,0.0,1.690482561464459e-06,0.0,1.6904825614894037e-06,0.0,0.0,0.0,0.0,False
frozen_record,220,0.9205020920502092,0.94,0.91,0.9,0.93,0.003,0.62,0.04,0.01,0.0,1.0,0.0,1.0,1.0,1.0,0.92,0.0,0.02,addressable record without declared channel,0.76986,0.546,0.0,1.0,1.0,0.92,0.0,0.0,0.0,1.690482561464459e-06,0.0,1.6904825614894037e-06,0.0,0.0,0.0,0.0,False
frozen_record,221,0.9246861924686193,0.94,0.91,0.9,0.93,0.003,0.62,0.04,0.01,0.0,1.0,0.0,1.0,1.0,1.0,0.92,0.0,0.02,addressable record without declared channel,0.76986,0.546,0.0,1.0,1.0,0.92,0.0,0.0,0.0,1.690482561464459e-06,0.0,1.6904825614894037e-06,0.0,0.0,0.0,0.0,False
frozen_record,222,0.9288702928870293,0.94,0.91,0.9,0.93,0.003,0.62,0.04,0.01,0.0,1.0,0.0,1.0,1.0,1.0,0.92,0.0,0.02,addressable record without declared channel,0.76986,0.546,0.0,1.0,1.0,0.92,0.0,0.0,0.0,1.690482561464459e-06,0.0,1.6904825614894037e-06,0.0,0.0,0.0,0.0,False
frozen_record,223,0.9330543933054394,0.94,0.91,0.9,0.93,0.003,0.62,0.04,0.01,0.0,1.0,0.0,1.0,1.0,1.0,0.92,0.0,0.02,addressable record without declared channel,0.76986,0.546,0.0,1.0,1.0,0.92,0.0,0.0,0.0,1.690482561464459e-06,0.0,1.6904825614894037e-06,0.0,0.0,0.0,0.0,False
frozen_record,224,0.9372384937238494,0.94,0.91,0.9,0.93,0.003,0.62,0.04,0.01,0.0,1.0,0.0,1.0,1.0,1.0,0.92,0.0,0.02,addressable record without declared channel,0.76986,0.546,0.0,1.0,1.0,0.92,0.0,0.0,0.0,1.690482561464459e-06,0.0,1.6904825614894037e-06,0.0,0.0,0.0,0.0,False
frozen_record,225,0.9414225941422594,0.94,0.91,0.9,0.93,0.003,0.62,0.04,0.01,0.0,1.0,0.0,1.0,1.0,1.0,0.92,0.0,0.02,addressable record without declared channel,0.76986,0.546,0.0,1.0,1.0,0.92,0.0,0.0,0.0,1.690482561464459e-06,0.0,1.6904825614894037e-06,0.0,0.0,0.0,0.0,False
frozen_record,226,0.9456066945606695,0.94,0.91,0.9,0.93,0.003,0.62,0.04,0.01,0.0,1.0,0.0,1.0,1.0,1.0,0.92,0.0,0.02,addressable record without declared channel,0.76986,0.546,0.0,1.0,1.0,0.92,0.0,0.0,0.0,1.690482561464459e-06,0.0,1.6904825614894037e-06,0.0,0.0,0.0,0.0,False
frozen_record,227,0.9497907949790795,0.94,0.91,0.9,0.93,0.003,0.62,0.04,0.01,0.0,1.0,0.0,1.0,1.0,1.0,0.92,0.0,0.02,addressable record without declared channel,0.76986,0.546,0.0,1.0,1.0,0.92,0.0,0.0,0.0,1.690482561464459e-06,0.0,1.6904825614894037e-06,0.0,0.0,0.0,0.0,False
frozen_record,228,0.9539748953974896,0.94,0.91,0.9,0.93,0.003,0.62,0.04,0.01,0.0,1.0,0.0,1.0,1.0,1.0,0.92,0.0,0.02,addressable record without declared channel,0.76986,0.546,0.0,1.0,1.0,0.92,0.0,0.0,0.0,1.690482561464459e-06,0.0,1.6904825614894037e-06,0.0,0.0,0.0,0.0,False
frozen_record,229,0.9581589958158996,0.94,0.91,0.9,0.93,0.003,0.62,0.04,0.01,0.0,1.0,0.0,1.0,1.0,1.0,0.92,0.0,0.02,addressable record without declared channel,0.76986,0.546,0.0,1.0,1.0,0.92,0.0,0.0,0.0,1.690482561464459e-06,0.0,1.6904825614894037e-06,0.0,0.0,0.0,0.0,False
frozen_record,230,0.9623430962343096,0.94,0.91,0.9,0.93,0.003,0.62,0.04,0.01,0.0,1.0,0.0,1.0,1.0,1.0,0.92,0.0,0.02,addressable record without declared channel,0.76986,0.546,0.0,1.0,1.0,0.92,0.0,0.0,0.0,1.690482561464459e-06,0.0,1.6904825614894037e-06,0.0,0.0,0.0,0.0,False
frozen_record,231,0.9665271966527197,0.94,0.91,0.9,0.93,0.003,0.62,0.04,0.01,0.0,1.0,0.0,1.0,1.0,1.0,0.92,0.0,0.02,addressable record without declared channel,0.76986,0.546,0.0,1.0,1.0,0.92,0.0,0.0,0.0,1.690482561464459e-06,0.0,1.6904825614894037e-06,0.0,0.0,0.0,0.0,False
frozen_record,232,0.9707112970711297,0.94,0.91,0.9,0.93,0.003,0.62,0.04,0.01,0.0,1.0,0.0,1.0,1.0,1.0,0.92,0.0,0.02,addressable record without declared channel,0.76986,0.546,0.0,1.0,1.0,0.92,0.0,0.0,0.0,1.690482561464459e-06,0.0,1.6904825614894037e-06,0.0,0.0,0.0,0.0,False
frozen_record,233,0.9748953974895398,0.94,0.91,0.9,0.93,0.003,0.62,0.04,0.01,0.0,1.0,0.0,1.0,1.0,1.0,0.92,0.0,0.02,addressable record without declared channel,0.76986,0.546,0.0,1.0,1.0,0.92,0.0,0.0,0.0,1.690482561464459e-06,0.0,1.6904825614894037e-06,0.0,0.0,0.0,0.0,False
frozen_record,234,0.9790794979079498,0.94,0.91,0.9,0.93,0.003,0.62,0.04,0.01,0.0,1.0,0.0,1.0,1.0,1.0,0.92,0.0,0.02,addressable record without declared channel,0.76986,0.546,0.0,1.0,1.0,0.92,0.0,0.0,0.0,1.690482561464459e-06,0.0,1.6904825614894037e-06,0.0,0.0,0.0,0.0,False
frozen_record,235,0.9832635983263598,0.94,0.91,0.9,0.93,0.003,0.62,0.04,0.01,0.0,1.0,0.0,1.0,1.0,1.0,0.92,0.0,0.02,addressable record without declared channel,0.76986,0.546,0.0,1.0,1.0,0.92,0.0,0.0,0.0,1.690482561464459e-06,0.0,1.6904825614894037e-06,0.0,0.0,0.0,0.0,False
frozen_record,236,0.9874476987447699,0.94,0.91,0.9,0.93,0.003,0.62,0.04,0.01,0.0,1.0,0.0,1.0,1.0,1.0,0.92,0.0,0.02,addressable record without declared channel,0.76986,0.546,0.0,1.0,1.0,0.92,0.0,0.0,0.0,1.690482561464459e-06,0.0,1.6904825614894037e-06,0.0,0.0,0.0,0.0,False
frozen_record,237,0.9916317991631799,0.94,0.91,0.9,0.93,0.003,0.62,0.04,0.01,0.0,1.0,0.0,1.0,1.0,1.0,0.92,0.0,0.02,addressable record without declared channel,0.76986,0.546,0.0,1.0,1.0,0.92,0.0,0.0,0.0,1.690482561464459e-06,0.0,1.6904825614894037e-06,0.0,0.0,0.0,0.0,False
frozen_record,238,0.99581589958159,0.94,0.91,0.9,0.93,0.003,0.62,0.04,0.01,0.0,1.0,0.0,1.0,1.0,1.0,0.92,0.0,0.02,addressable record without declared channel,0.76986,0.546,0.0,1.0,1.0,0.92,0.0,0.0,0.0,1.690482561464459e-06,0.0,1.6904825614894037e-06,0.0,0.0,0.0,0.0,False
frozen_record,239,1.0,0.94,0.91,0.9,0.93,0.003,0.62,0.04,0.01,0.0,1.0,0.0,1.0,1.0,1.0,0.92,0.0,0.02,addressable record without declared channel,0.76986,0.546,0.0,1.0,1.0,0.92,0.0,0.0,0.0,1.690482561464459e-06,0.0,1.6904825614894037e-06,0.0,0.0,0.0,0.0,False
embodied_death_null,0,0.0,0.94,0.91,0.9,0.93,0.72,0.25,0.42,0.3,0.0,1.0,0.0,1.0,1.0,1.0,0.92,0.0,0.12,death collapses P_body; channel-null assumption retained,0.76986,0.546,0.0,1.0,1.0,0.92,0.0,0.0,0.0,0.009176262947033272,0.0,0.00917626294703322,0.0,0.0,0.0,0.0,False
embodied_death_null,1,0.0041841004184100415,0.94,0.91,0.9,0.93,0.72,0.25,0.42,0.3,0.0,1.0,0.0,1.0,1.0,1.0,0.92,0.0,0.12,death collapses P_body; channel-null assumption retained,0.76986,0.546,0.0,1.0,1.0,0.92,0.0,0.0,0.0,0.009176262947033272,0.0,0.00917626294703322,0.0,0.0,0.0,0.0,False
embodied_death_null,2,0.008368200836820083,0.94,0.91,0.9,0.93,0.72,0.25,0.42,0.3,0.0,1.0,0.0,1.0,1.0,1.0,0.92,0.0,0.12,death collapses P_body; channel-null assumption retained,0.76986,0.546,0.0,1.0,1.0,0.92,0.0,0.0,0.0,0.009176262947033272,0.0,0.00917626294703322,0.0,0.0,0.0,0.0,False
embodied_death_null,3,0.012552301255230125,0.94,0.91,0.9,0.93,0.72,0.25,0.42,0.3,0.0,1.0,0.0,1.0,1.0,1.0,0.92,0.0,0.12,death collapses P_body; channel-null assumption retained,0.76986,0.546,0.0,1.0,1.0,0.92,0.0,0.0,0.0,0.009176262947033272,0.0,0.00917626294703322,0.0,0.0,0.0,0.0,False
embodied_death_null,4,0.016736401673640166,0.94,0.91,0.9,0.93,0.72,0.25,0.42,0.3,0.0,1.0,0.0,1.0,1.0,1.0,0.92,0.0,0.12,death collapses P_body; channel-null assumption retained,0.76986,0.546,0.0,1.0,1.0,0.92,0.0,0.0,0.0,0.009176262947033272,0.0,0.00917626294703322,0.0,0.0,0.0,0.0,False
embodied_death_null,5,0.02092050209205021,0.94,0.91,0.9,0.93,0.72,0.25,0.42,0.3,0.0,1.0,0.0,1.0,1.0,1.0,0.92,0.0,0.12,death collapses P_body; channel-null assumption retained,0.76986,0.546,0.0,1.0,1.0,0.92,0.0,0.0,0.0,0.009176262947033272,0.0,0.00917626294703322,0.0,0.0,0.0,0.0,False
embodied_death_null,6,0.02510460251046025,0.94,0.91,0.9,0.93,0.72,0.25,0.42,0.3,0.0,1.0,0.0,1.0,1.0,1.0,0.92,0.0,0.12,death collapses P_body; channel-null assumption retained,0.76986,0.546,0.0,1.0,1.0,0.92,0.0,0.0,0.0,0.009176262947033272,0.0,0.00917626294703322,0.0,0.0,0.0,0.0,False
embodied_death_null,7,0.029288702928870293,0.94,0.91,0.9,0.93,0.72,0.25,0.42,0.3,0.0,1.0,0.0,1.0,1.0,1.0,0.92,0.0,0.12,death collapses P_body; channel-null assumption retained,0.76986,0.546,0.0,1.0,1.0,0.92,0.0,0.0,0.0,0.009176262947033272,0.0,0.00917626294703322,0.0,0.0,0.0,0.0,False
embodied_death_null,8,0.03347280334728033,0.94,0.91,0.9,0.93,0.72,0.25,0.42,0.3,0.0,1.0,0.0,1.0,1.0,1.0,0.92,0.0,0.12,death collapses P_body; channel-null assumption retained,0.76986,0.546,0.0,1.0,1.0,0.92,0.0,0.0,0.0,0.009176262947033272,0.0,0.00917626294703322,0.0,0.0,0.0,0.0,False
embodied_death_null,9,0.03765690376569038,0.94,0.91,0.9,0.93,0.72,0.25,0.42,0.3,0.0,1.0,0.0,1.0,1.0,1.0,0.92,0.0,0.12,death collapses P_body; channel-null assumption retained,0.76986,0.546,0.0,1.0,1.0,0.92,0.0,0.0,0.0,0.009176262947033272,0.0,0.00917626294703322,0.0,0.0,0.0,0.0,False
embodied_death_null,10,0.04184100418410042,0.94,0.91,0.9,0.93,0.72,0.25,0.42,0.3,0.0,1.0,0.0,1.0,1.0,1.0,0.92,0.0,0.12,death collapses P_body; channel-null assumption retained,0.76986,0.546,0.0,1.0,1.0,0.92,0.0,0.0,0.0,0.009176262947033272,0.0,0.00917626294703322,0.0,0.0,0.0,0.0,False
embodied_death_null,11,0.04602510460251046,0.94,0.91,0.9,0.93,0.72,0.25,0.42,0.3,0.0,1.0,0.0,1.0,1.0,1.0,0.92,0.0,0.12,death collapses P_body; channel-null assumption retained,0.76986,0.546,0.0,1.0,1.0,0.92,0.0,0.0,0.0,0.009176262947033272,0.0,0.00917626294703322,0.0,0.0,0.0,0.0,False
embodied_death_null,12,0.0502092050209205,0.94,0.91,0.9,0.93,0.72,0.25,0.42,0.3,0.0,1.0,0.0,1.0,1.0,1.0,0.92,0.0,0.12,death collapses P_body; channel-null assumption retained,0.76986,0.546,0.0,1.0,1.0,0.92,0.0,0.0,0.0,0.009176262947033272,0.0,0.00917626294703322,0.0,0.0,0.0,0.0,False
embodied_death_null,13,0.05439330543933055,0.94,0.91,0.9,0.93,0.72,0.25,0.42,0.3,0.0,1.0,0.0,1.0,1.0,1.0,0.92,0.0,0.12,death collapses P_body; channel-null assumption retained,0.76986,0.546,0.0,1.0,1.0,0.92,0.0,0.0,0.0,0.009176262947033272,0.0,0.00917626294703322,0.0,0.0,0.0,0.0,False
embodied_death_null,14,0.058577405857740586,0.94,0.91,0.9,0.93,0.72,0.25,0.42,0.3,0.0,1.0,0.0,1.0,1.0,1.0,0.92,0.0,0.12,death collapses P_body; channel-null assumption retained,0.76986,0.546,0.0,1.0,1.0,0.92,0.0,0.0,0.0,0.009176262947033272,0.0,0.00917626294703322,0.0,0.0,0.0,0.0,False
embodied_death_null,15,0.06276150627615062,0.94,0.91,0.9,0.93,0.72,0.25,0.42,0.3,0.0,1.0,0.0,1.0,1.0,1.0,0.92,0.0,0.12,death collapses P_body; channel-null assumption retained,0.76986,0.546,0.0,1.0,1.0,0.92,0.0,0.0,0.0,0.009176262947033272,0.0,0.00917626294703322,0.0,0.0,0.0,0.0,False
embodied_death_null,16,0.06694560669456066,0.94,0.91,0.9,0.93,0.72,0.25,0.42,0.3,0.0,1.0,0.0,1.0,1.0,1.0,0.92,0.0,0.12,death collapses P_body; channel-null assumption retained,0.76986,0.546,0.0,1.0,1.0,0.92,0.0,0.0,0.0,0.009176262947033272,0.0,0.00917626294703322,0.0,0.0,0.0,0.0,False
embodied_death_null,17,0.07112970711297072,0.94,0.91,0.9,0.93,0.72,0.25,0.42,0.3,0.0,1.0,0.0,1.0,1.0,1.0,0.92,0.0,0.12,death collapses P_body; channel-null assumption retained,0.76986,0.546,0.0,1.0,1.0,0.92,0.0,0.0,0.0,0.009176262947033272,0.0,0.00917626294703322,0.0,0.0,0.0,0.0,False
embodied_death_null,18,0.07531380753138076,0.94,0.91,0.9,0.93,0.72,0.25,0.42,0.3,0.0,1.0,0.0,1.0,1.0,1.0,0.92,0.0,0.12,death collapses P_body; channel-null assumption retained,0.76986,0.546,0.0,1.0,1.0,0.92,0.0,0.0,0.0,0.009176262947033272,0.0,0.00917626294703322,0.0,0.0,0.0,0.0,False
embodied_death_null,19,0.0794979079497908,0.94,0.91,0.9,0.93,0.72,0.25,0.42,0.3,0.0,1.0,0.0,1.0,1.0,1.0,0.92,0.0,0.12,death collapses P_body; channel-null assumption retained,0.76986,0.546,0.0,1.0,1.0,0.92,0.0,0.0,0.0,0.009176262947033272,0.0,0.00917626294703322,0.0,0.0,0.0,0.0,False
embodied_death_null,20,0.08368200836820083,0.94,0.91,0.9,0.93,0.72,0.25,0.42,0.3,0.0,1.0,0.0,1.0,1.0,1.0,0.92,0.0,0.12,death collapses P_body; channel-null assumption retained,0.76986,0.546,0.0,1.0,1.0,0.92,0.0,0.0,0.0,0.009176262947033272,0.0,0.00917626294703322,0.0,0.0,0.0,0.0,False
embodied_death_null,21,0.08786610878661087,0.94,0.91,0.9,0.93,0.72,0.25,0.42,0.3,0.0,1.0,0.0,1.0,1.0,1.0,0.92,0.0,0.12,death collapses P_body; channel-null assumption retained,0.76986,0.546,0.0,1.0,1.0,0.92,0.0,0.0,0.0,0.009176262947033272,0.0,0.00917626294703322,0.0,0.0,0.0,0.0,False
embodied_death_null,22,0.09205020920502092,0.94,0.91,0.9,0.93,0.72,0.25,0.42,0.3,0.0,1.0,0.0,1.0,1.0,1.0,0.92,0.0,0.12,death collapses P_body; channel-null assumption retained,0.76986,0.546,0.0,1.0,1.0,0.92,0.0,0.0,0.0,0.009176262947033272,0.0,0.00917626294703322,0.0,0.0,0.0,0.0,False
embodied_death_null,23,0.09623430962343096,0.94,0.91,0.9,0.93,0.72,0.25,0.42,0.3,0.0,1.0,0.0,1.0,1.0,1.0,0.92,0.0,0.12,death collapses P_body; channel-null assumption retained,0.76986,0.546,0.0,1.0,1.0,0.92,0.0,0.0,0.0,0.009176262947033272,0.0,0.00917626294703322,0.0,0.0,0.0,0.0,False
embodied_death_null,24,0.100418410041841,0.94,0.91,0.9,0.93,0.72,0.2500006999422979,0.4200005249567234,0.3000034997114895,0.0,1.0,0.0,1.0,1.0,1.0,0.92,0.0,0.12000096242065961,death collapses P_body; channel-null assumption retained,0.76986,0.546,0.0,1.0,1.0,0.92,0.0,0.0,0.0,0.009176393246622824,0.0,0.009176393246622783,0.0,0.0,0.0,0.0,False
embodied_death_null,25,0.10460251046025104,0.94,0.91,0.9,0.93,0.72,0.2500842990970313,0.42006322432277343,0.3004214954851565,0.0,1.0,0.0,1.0,1.0,1.0,0.92,0.0,0.12011591125841803,death collapses P_body; channel-null assumption retained,0.76986,0.546,0.0,1.0,1.0,0.92,0.0,0.0,0.0,0.009191959727729617,0.0,0.00919195972772957,0.0,0.0,0.0,0.0,False
embodied_death_null,26,0.1087866108786611,0.94,0.91,0.9,0.93,0.72,0.25030580316217815,0.4202293523716336,0.30152901581089075,0.0,1.0,0.0,1.0,1.0,1.0,0.92,0.0,0.12042047934799495,death collapses P_body; channel-null assumption retained,0.76986,0.546,0.0,1.0,1.0,0.92,0.0,0.0,0.0,0.009233241659702051,0.0,0.009233241659702074,0.0,0.0,0.0,0.0,False
embodied_death_null,27,0.11297071129707113,0.94,0.91,0.9,0.93,0.72,0.2506632588103955,0.4204974441077966,0.3033162940519774,0.0,1.0,0.0,1.0,1.0,1.0,0.92,0.0,0.12091198086429379,death collapses P_body; channel-null assumption retained,0.76986,0.546,0.0,1.0,1.0,0.92,0.0,0.0,0.0,0.00929997440975329,0.0,0.009299974409753275,0.0,0.0,0.0,0.0,False
embodied_death_null,28,0.11715481171548117,0.94,0.91,0.9,0.93,0.72,0.2511547127143403,0.4208660345357552,0.30577356357170166,0.0,1.0,0.0,1.0,1.0,1.0,0.92,0.0,0.12158772998221797,death collapses P_body; channel-null assumption retained,0.76986,0.546,0.0,1.0,1.0,0.92,0.0,0.0,0.0,0.009391951592170997,0.0,0.009391951592170988,0.0,0.0,0.0,0.0,False
embodied_death_null,29,0.12133891213389121,0.94,0.91,0.9,0.93,0.72,0.25177821154666974,0.4213336586600023,0.3088910577333487,0.0,1.0,0.0,1.0,1.0,1.0,0.92,0.0,0.12244504087667088,death collapses P_body; channel-null assumption retained,0.76986,0.546,0.0,1.0,1.0,0.92,0.0,0.0,0.0,0.009509022129602447,0.0,0.009509022129602474,0.0,0.0,0.0,0.0,False
embodied_death_null,30,0.12552301255230125,0.94,0.91,0.9,0.93,0.72,0.2525318019800407,0.42189885148503053,0.31265900990020357,0.0,1.0,0.0,1.0,1.0,1.0,0.92,0.0,0.12348122772255599,death collapses P_body; channel-null assumption retained,0.76986,0.546,0.0,1.0,1.0,0.92,0.0,0.0,0.0,0.00965108734083596,0.0,0.009651087340835973,0.0,0.0,0.0,0.0,False
embodied_death_null,31,0.1297071129707113,0.94,0.91,0.9,0.93,0.72,0.2534135306871103,0.4225601480153327,0.3170676534355516,0.0,1.0,0.0,1.0,1.0,1.0,0.92,0.0,0.1246936046947767,death collapses P_body; channel-null assumption retained,0.76986,0.546,0.0,1.0,1.0,0.92,0.0,0.0,0.0,0.009818098057121697,0.0,0.009818098057121749,0.0,0.0,0.0,0.0,False
embodied_death_null,32,0.13389121338912133,0.94,0.91,0.9,0.93,0.72,0.25442144434053554,0.42331608325540165,0.3221072217026778,0.0,1.0,0.0,1.0,1.0,1.0,0.92,0.0,0.1260794859682364,death collapses P_body; channel-null assumption retained,0.76986,0.546,0.0,1.0,1.0,0.92,0.0,0.0,0.0,0.010010051769021701,0.0,0.0100100517690217,0.0,0.0,0.0,0.0,False
embodied_death_null,33,0.13807531380753138,0.94,0.91,0.9,0.93,0.72,0.2555535896129735,0.4241651922097301,0.3277679480648675,0.0,1.0,0.0,1.0,1.0,1.0,0.92,0.0,0.12763618571783855,death collapses P_body; channel-null assumption retained,0.76986,0.546,0.0,1.0,1.0,0.92,0.0,0.0,0.0,0.010226989805714518,0.0,0.01022698980571457,0.0,0.0,0.0,0.0,False
embodied_death_null,34,0.14225941422594143,0.94,0.91,0.9,0.93,0.72,0.25680801317708113,0.42510600988281083,0.33404006588540575,0.0,1.0,0.0,1.0,1.0,1.0,0.92,0.0,0.12936101811848658,death collapses P_body; channel-null assumption retained,0.76986,0.546,0.0,1.0,1.0,0.92,0.0,0.0,0.0,0.010468994548604374,0.0,0.010468994548604393,0.0,0.0,0.0,0.0,False
embodied_death_null,35,0.14644351464435146,0.94,0.91,0.9,0.93,0.72,0.2581827617055155,0.42613707127913664,0.3409138085275777,0.0,1.0,0.0,1.0,1.0,1.0,0.92,0.0,0.13125129734508387,death collapses P_body; channel-null assumption retained,0.76986,0.546,0.0,1.0,1.0,0.92,0.0,0.0,0.0,0.01073618668100068,0.0,0.010736186681000626,0.0,0.0,0.0,0.0,False
embodied_death_null,36,0.1506276150627615,0.94,0.91,0.9,0.93,0.72,0.2596758818709337,0.42725691140320027,0.34837940935466855,0.0,1.0,0.0,1.0,1.0,1.0,0.92,0.0,0.13330433757253385,death collapses P_body; channel-null assumption retained,0.76986,0.546,0.0,1.0,1.0,0.92,0.0,0.0,0.0,0.01102872247554117,0.0,0.011028722475541208,0.0,0.0,0.0,0.0,False
embodied_death_null,37,0.15481171548117154,0.94,0.91,0.9,0.93,0.72,0.2612854203459927,0.4284640652594945,0.3564271017299635,0.0,1.0,0.0,1.0,1.0,1.0,0.92,0.0,0.13551745297573997,death collapses P_body; channel-null assumption retained,0.76986,0.546,0.0,1.0,1.0,0.92,0.0,0.0,0.0,0.011346791120933834,0.0,0.011346791120933841,0.0,0.0,0.0,0.0,False
embodied_death_null,38,0.1589958158995816,0.94,0.91,0.9,0.93,0.72,0.2630094238033496,0.42975706785251216,0.3650471190167477,0.0,1.0,0.0,1.0,1.0,1.0,0.92,0.0,0.13788795772960563,death collapses P_body; channel-null assumption retained,0.76986,0.546,0.0,1.0,1.0,0.92,0.0,0.0,0.0,0.01169061208948984,0.0,0.011690612089489849,0.0,0.0,0.0,0.0,False
embodied_death_null,39,0.16317991631799164,0.94,0.91,0.9,0.93,0.72,0.26484593891566127,0.43113445418674595,0.3742296945783064,0.0,1.0,0.0,1.0,1.0,1.0,0.92,0.0,0.14041316600903425,death collapses P_body; channel-null assumption retained,0.76986,0.546,0.0,1.0,1.0,0.92,0.0,0.0,0.0,0.01206043254681411,0.0,0.012060432546814104,0.0,0.0,0.0,0.0,False
embodied_death_null,40,0.16736401673640167,0.94,0.91,0.9,0.93,0.72,0.2667930123555849,0.43259475926668867,0.38396506177792455,0.0,1.0,0.0,1.0,1.0,1.0,0.92,0.0,0.14309039198892926,death collapses P_body; channel-null assumption retained,0.76986,0.546,0.0,1.0,1.0,0.92,0.0,0.0,0.0,0.012456524804913228,0.0,0.012456524804913216,0.0,0.0,0.0,0.0,False
embodied_death_null,41,0.17154811715481172,0.94,0.91,0.9,0.93,0.72,0.2688486907957775,0.4341365180968331,0.3942434539788875,0.0,1.0,0.0,1.0,1.0,1.0,0.92,0.0,0.14591694984419407,death collapses P_body; channel-null assumption retained,0.76986,0.546,0.0,1.0,1.0,0.92,0.0,0.0,0.0,0.012879183819873928,0.0,0.012879183819873963,0.0,0.0,0.0,0.0,False
embodied_death_null,42,0.17573221757322174,0.94,0.91,0.9,0.93,0.72,0.27101102090889606,0.43575826568167203,0.4050551045444803,0.0,1.0,0.0,1.0,1.0,1.0,0.92,0.0,0.14889015374973208,death collapses P_body; channel-null assumption retained,0.76986,0.546,0.0,1.0,1.0,0.92,0.0,0.0,0.0,0.013328724735160218,0.0,0.013328724735160224,0.0,0.0,0.0,0.0,False
embodied_death_null,43,0.1799163179916318,0.94,0.91,0.9,0.93,0.72,0.27327804936759764,0.4374585370256982,0.41639024683798825,0.0,1.0,0.0,1.0,1.0,1.0,0.92,0.0,0.15200731788044677,death collapses P_body; channel-null assumption retained,0.76986,0.546,0.0,1.0,1.0,0.92,0.0,0.0,0.0,0.01380548047147541,0.0,0.013805480471475451,0.0,0.0,0.0,0.0,False
embodied_death_null,44,0.18410041841004185,0.94,0.91,0.9,0.93,0.72,0.2756478228445393,0.43923586713340446,0.42823911422269645,0.0,1.0,0.0,1.0,1.0,1.0,0.92,0.0,0.15526575641124152,death collapses P_body; channel-null assumption retained,0.76986,0.546,0.0,1.0,1.0,0.92,0.0,0.0,0.0,0.01430979936403654,0.0,0.014309799364036535,0.0,0.0,0.0,0.0,False
embodied_death_null,45,0.18828451882845187,0.94,0.91,0.9,0.93,0.72,0.278118388012378,0.4410887910092835,0.44059194006189006,0.0,1.0,0.0,1.0,1.0,1.0,0.92,0.0,0.15866278351701976,death collapses P_body; channel-null assumption retained,0.76986,0.546,0.0,1.0,1.0,0.92,0.0,0.0,0.0,0.014842042848015352,0.0,0.01484204284801538,0.0,0.0,0.0,0.0,False
embodied_death_null,46,0.19246861924686193,0.94,0.91,0.9,0.93,0.72,0.2806877915437708,0.4430158436578281,0.45343895771885423,0.0,1.0,0.0,1.0,1.0,1.0,0.92,0.0,0.1621957133726849,death collapses P_body; channel-null assumption retained,0.76986,0.546,0.0,1.0,1.0,0.92,0.0,0.0,0.0,0.01540258319281124,0.0,0.015402583192811292,0.0,0.0,0.0,0.0,False
embodied_death_null,47,0.19665271966527198,0.94,0.91,0.9,0.93,0.72,0.2833540801113748,0.4450155600835311,0.46677040055687413,0.0,1.0,0.0,1.0,1.0,1.0,0.92,0.0,0.1658618601531404,death collapses P_body; channel-null assumption retained,0.76986,0.546,0.0,1.0,1.0,0.92,0.0,0.0,0.0,0.015991801285738634,0.0,0.015991801285738627,0.0,0.0,0.0,0.0,False
embodied_death_null,48,0.200836820083682,0.94,0.91,0.9,0.93,0.72,0.286115300387847,0.4470864752908852,0.48057650193923485,0.0,1.0,0.0,1.0,1.0,1.0,0.92,0.0,0.1696585380332896,death collapses P_body; channel-null assumption retained,0.76986,0.546,0.0,1.0,1.0,0.92,0.0,0.0,0.0,0.016610084465634316,0.0,0.01661008446563428,0.0,0.0,0.0,0.0,False
embodied_death_null,49,0.20502092050209206,0.94,0.91,0.9,0.93,0.72,0.28896949904584435,0.4492271242843833,0.4948474952292218,0.0,1.0,0.0,1.0,1.0,1.0,0.92,0.0,0.17358306118803601,death collapses P_body; channel-null assumption retained,0.76986,0.546,0.0,1.0,1.0,0.92,0.0,0.0,0.0,0.017257824406818913,0.0,0.01725782440681889,0.0,0.0,0.0,0.0,False
embodied_death_null,50,0.20920502092050208,0.94,0.91,0.9,0.93,0.72,0.291914722758024,0.45143604206851795,0.5095736137901199,0.0,1.0,0.0,1.0,1.0,1.0,0.92,0.0,0.17763274379228294,death collapses P_body; channel-null assumption retained,0.76986,0.546,0.0,1.0,1.0,0.92,0.0,0.0,0.0,0.01793541505378136,0.0,0.01793541505378138,0.0,0.0,0.0,0.0,False
embodied_death_null,51,0.21338912133891214,0.94,0.91,0.9,0.93,0.72,0.2949490181970429,0.45371176364778215,0.5247450909852144,0.0,1.0,0.0,1.0,1.0,1.0,0.92,0.0,0.18180490002093397,death collapses P_body; channel-null assumption retained,0.76986,0.546,0.0,1.0,1.0,0.92,0.0,0.0,0.0,0.018643250606895475,0.0,0.018643250606895423,0.0,0.0,0.0,0.0,False
embodied_death_null,52,0.2175732217573222,0.94,0.91,0.9,0.93,0.72,0.2980704320355581,0.4560528240266686,0.5403521601777905,0.0,1.0,0.0,1.0,1.0,1.0,0.92,0.0,0.18609684404889243,death collapses P_body; channel-null assumption retained,0.76986,0.546,0.0,1.0,1.0,0.92,0.0,0.0,0.0,0.019381723559423126,0.0,0.019381723559423136,0.0,0.0,0.0,0.0,False
embodied_death_null,53,0.2217573221757322,0.94,0.91,0.9,0.93,0.72,0.30127701094622666,0.45845775820967,0.5563850547311333,0.0,1.0,0.0,1.0,1.0,1.0,0.92,0.0,0.19050589005106167,death collapses P_body; channel-null assumption retained,0.76986,0.546,0.0,1.0,1.0,0.92,0.0,0.0,0.0,0.020151222786009275,0.0,0.020151222786009226,0.0,0.0,0.0,0.0,False
embodied_death_null,54,0.22594142259414227,0.94,0.91,0.9,0.93,0.72,0.30456680160170563,0.4609251012012792,0.5728340080085281,0.0,1.0,0.0,1.0,1.0,1.0,0.92,0.0,0.19502935220234524,death collapses P_body; channel-null assumption retained,0.76986,0.546,0.0,1.0,1.0,0.92,0.0,0.0,0.0,0.02095213168282866,0.0,0.020952131682828612,0.0,0.0,0.0,0.0,False
embodied_death_null,55,0.2301255230125523,0.94,0.91,0.9,0.93,0.72,0.30793785067465196,0.46345338800598895,0.5896892533732598,0.0,1.0,0.0,1.0,1.0,1.0,0.92,0.0,0.1996645446776465,death collapses P_body; channel-null assumption retained,0.76986,0.546,0.0,1.0,1.0,0.92,0.0,0.0,0.0,0.021784826359503292,0.0,0.021784826359503295,0.0,0.0,0.0,0.0,False
embodied_death_null,56,0.23430962343096234,0.94,0.91,0.9,0.93,0.72,0.31138820483772284,0.4660411536282921,0.6069410241886141,0.0,1.0,0.0,1.0,1.0,1.0,0.92,0.0,0.20440878165186888,death collapses P_body; channel-null assumption retained,0.76986,0.546,0.0,1.0,1.0,0.92,0.0,0.0,0.0,0.022649673882872447,0.0,0.022649673882872423,0.0,0.0,0.0,0.0,False
embodied_death_null,57,0.2384937238493724,0.94,0.91,0.9,0.93,0.72,0.3149159107635751,0.46868693307268133,0.6245795538178756,0.0,1.0,0.0,1.0,1.0,1.0,0.92,0.0,0.20925937729991578,death collapses P_body; channel-null assumption retained,0.76986,0.546,0.0,1.0,1.0,0.92,0.0,0.0,0.0,0.02354703057266207,0.0,0.023547030572662053,0.0,0.0,0.0,0.0,False
embodied_death_null,58,0.24267782426778242,0.94,0.91,0.9,0.93,0.72,0.3185190151248659,0.47138926134364945,0.6425950756243296,0.0,1.0,0.0,1.0,1.0,1.0,0.92,0.0,0.21421364579669064,death collapses P_body; channel-null assumption retained,0.76986,0.546,0.0,1.0,1.0,0.92,0.0,0.0,0.0,0.02447724034906945,0.0,0.024477240349069396,0.0,0.0,0.0,0.0,False
embodied_death_null,59,0.24686192468619247,0.94,0.91,0.9,0.93,0.72,0.32219556459425225,0.47414667344568917,0.6609778229712614,0.0,1.0,0.0,1.0,1.0,1.0,0.92,0.0,0.21926890131709686,death collapses P_body; channel-null assumption retained,0.76986,0.546,0.0,1.0,1.0,0.92,0.0,0.0,0.0,0.025440633132248893,0.0,0.02544063313224887,0.0,0.0,0.0,0.0,False
embodied_death_null,60,0.2510460251046025,0.94,0.91,0.9,0.93,0.72,0.3259436058443912,0.4769577043832934,0.679718029221956,0.0,1.0,0.0,1.0,1.0,1.0,0.92,0.0,0.22442245803603791,death collapses P_body; channel-null assumption retained,0.76986,0.546,0.0,1.0,1.0,0.92,0.0,0.0,0.0,0.02643752329365662,0.0,0.026437523293656673,0.0,0.0,0.0,0.0,False
embodied_death_null,61,0.25523012552301255,0.94,0.91,0.9,0.93,0.72,0.32976118554793976,0.47982088916095483,0.6988059277396989,0.0,1.0,0.0,1.0,1.0,1.0,0.92,0.0,0.22967163012841718,death collapses P_body; channel-null assumption retained,0.76986,0.546,0.0,1.0,1.0,0.92,0.0,0.0,0.0,0.027468208159186845,0.0,0.027468208159186824,0.0,0.0,0.0,0.0,False
embodied_death_null,62,0.2594142259414226,0.94,0.91,0.9,0.93,0.72,0.33364635037755497,0.4827347627831662,0.7182317518877749,0.0,1.0,0.0,1.0,1.0,1.0,0.92,0.0,0.2350137317691381,death collapses P_body; channel-null assumption retained,0.76986,0.546,0.0,1.0,1.0,0.92,0.0,0.0,0.0,0.028532966564005623,0.0,0.028532966564005613,0.0,0.0,0.0,0.0,False
embodied_death_null,63,0.26359832635983266,0.94,0.91,0.9,0.93,0.72,0.3375971470058939,0.4856978602544204,0.7379857350294694,0.0,1.0,0.0,1.0,1.0,1.0,0.92,0.0,0.24044607713310412,death collapses P_body; channel-null assumption retained,0.76986,0.546,0.0,1.0,1.0,0.92,0.0,0.0,0.0,0.02963205745896498,0.0,0.029632057458965022,0.0,0.0,0.0,0.0,False
embodied_death_null,64,0.26778242677824265,0.94,0.91,0.9,0.93,0.72,0.34161162210561347,0.48870871657921006,0.7580581105280673,0.0,1.0,0.0,1.0,1.0,1.0,0.92,0.0,0.2459659803952185,death collapses P_body; channel-null assumption retained,0.76986,0.546,0.0,1.0,1.0,0.92,0.0,0.0,0.0,0.030765718568455714,0.0,0.03076571856845567,0.0,0.0,0.0,0.0,False
embodied_death_null,65,0.2719665271966527,0.94,0.91,0.9,0.93,0.72,0.3456878223493708,0.4917658667620281,0.778439111746854,0.0,1.0,0.0,1.0,1.0,1.0,0.92,0.0,0.2515707557303849,death collapses P_body; channel-null assumption retained,0.76986,0.546,0.0,1.0,1.0,0.92,0.0,0.0,0.0,0.03193416509953472,0.0,0.03193416509953473,0.0,0.0,0.0,0.0,False
embodied_death_null,66,0.27615062761506276,0.94,0.91,0.9,0.93,0.72,0.3498237944098229,0.4948678458073672,0.7991189720491148,0.0,1.0,0.0,1.0,1.0,1.0,0.92,0.0,0.25725771731350655,death collapses P_body; channel-null assumption retained,0.76986,0.546,0.0,1.0,1.0,0.92,0.0,0.0,0.0,0.033137588502139007,0.0,0.03313758850213899,0.0,0.0,0.0,0.0,False
embodied_death_null,67,0.2803347280334728,0.94,0.91,0.9,0.93,0.72,0.3540175849596269,0.49801318871972017,0.8200879247981345,0.0,1.0,0.0,1.0,1.0,1.0,0.92,0.0,0.26302417931948696,death collapses P_body; channel-null assumption retained,0.76986,0.546,0.0,1.0,1.0,0.92,0.0,0.0,0.0,0.03437615528017663,0.0,0.03437615528017668,0.0,0.0,0.0,0.0,False
embodied_death_null,68,0.28451882845188287,0.94,0.91,0.9,0.93,0.72,0.35826724067143967,0.5012004305035798,0.8413362033571985,0.0,1.0,0.0,1.0,1.0,1.0,0.92,0.0,0.2688674559232296,death collapses P_body; channel-null assumption retained,0.76986,0.546,0.0,1.0,1.0,0.92,0.0,0.0,0.0,0.03565000585326222,0.0,0.03565000585326228,0.0,0.0,0.0,0.0,False
embodied_death_null,69,0.28870292887029286,0.94,0.91,0.9,0.93,0.72,0.3625708082179183,0.5044281061634387,0.8628540410895915,0.0,1.0,0.0,1.0,1.0,1.0,0.92,0.0,0.2747848612996377,death collapses P_body; channel-null assumption retained,0.76986,0.546,0.0,1.0,1.0,0.92,0.0,0.0,0.0,0.03695925346884249,0.0,0.036959253468842546,0.0,0.0,0.0,0.0,False
embodied_death_null,70,0.2928870292887029,0.94,0.91,0.9,0.93,0.72,0.3669263342717199,0.5076947507037899,0.8846316713585995,0.0,1.0,0.0,1.0,1.0,1.0,0.92,0.0,0.2807737096236149,death collapses P_body; channel-null assumption retained,0.76986,0.546,0.0,1.0,1.0,0.92,0.0,0.0,0.0,0.03830398316443511,0.0,0.03830398316443506,0.0,0.0,0.0,0.0,False
embodied_death_null,71,0.29707112970711297,0.94,0.91,0.9,0.93,0.72,0.37133186550550146,0.5109988991291261,0.9066593275275072,0.0,1.0,0.0,1.0,1.0,1.0,0.92,0.0,0.28683131507006454,death collapses P_body; channel-null assumption retained,0.76986,0.546,0.0,1.0,1.0,0.92,0.0,0.0,0.0,0.0396842507796831,0.0,0.03968425077968307,0.0,0.0,0.0,0.0,False
embodied_death_null,72,0.301255230125523,0.94,0.91,0.9,0.93,0.72,0.37578544859192,0.51433908644394,0.9289272429595998,0.0,1.0,0.0,1.0,1.0,1.0,0.92,0.0,0.29295499181388995,death collapses P_body; channel-null assumption retained,0.76986,0.546,0.0,1.0,1.0,0.92,0.0,0.0,0.0,0.04110008201790495,0.0,0.04110008201790494,0.0,0.0,0.0,0.0,False
embodied_death_null,73,0.3054393305439331,0.94,0.91,0.9,0.93,0.72,0.3802851302036325,0.5177138476527243,0.9514256510181627,0.0,1.0,0.0,1.0,1.0,1.0,0.92,0.0,0.2991420540299947,death collapses P_body; channel-null assumption retained,0.76986,0.546,0.0,1.0,1.0,0.92,0.0,0.0,0.0,0.04255147155680041,0.0,0.04255147155680039,0.0,0.0,0.0,0.0,False
embodied_death_null,74,0.30962343096234307,0.94,0.91,0.9,0.93,0.72,0.384828957013296,0.5211217177599721,0.9741447850664802,0.0,1.0,0.0,1.0,1.0,1.0,0.92,0.0,0.30538981589328207,death collapses P_body; channel-null assumption retained,0.76986,0.546,0.0,1.0,1.0,0.92,0.0,0.0,0.0,0.044038382207950554,0.0,0.04403838220795053,0.0,0.0,0.0,0.0,False
embodied_death_null,75,0.3138075313807531,0.94,0.91,0.9,0.93,0.72,0.38941497569356776,0.5245612317701758,0.9970748784678387,0.0,1.0,0.0,1.0,1.0,1.0,0.92,0.0,0.3116955915786557,death collapses P_body; channel-null assumption retained,0.76986,0.546,0.0,1.0,1.0,0.92,0.0,0.0,0.0,0.04556074412473199,0.0,0.04556074412473199,0.0,0.0,0.0,0.0,False
embodied_death_null,76,0.3179916317991632,0.94,0.91,0.9,0.93,0.72,0.39404123291710447,0.5280309246878283,1.0202061645855223,0.0,1.0,0.0,1.0,1.0,1.0,0.92,0.0,0.31805669526101865,death collapses P_body; channel-null assumption retained,0.76986,0.546,0.0,1.0,1.0,0.92,0.0,0.0,0.0,0.047118454058244316,0.0,0.04711845405824433,0.0,0.0,0.0,0.0,False
embodied_death_null,77,0.32217573221757323,0.94,0.91,0.9,0.93,0.72,0.39870577535656343,0.5315293315174225,1.043528876782817,0.0,1.0,0.0,1.0,1.0,1.0,0.92,0.0,0.3244704411152747,death collapses P_body; channel-null assumption retained,0.76986,0.546,0.0,1.0,1.0,0.92,0.0,0.0,0.0,0.04871137466083341,0.0,0.04871137466083342,0.0,0.0,0.0,0.0,False
embodied_death_null,78,0.3263598326359833,0.94,0.91,0.9,0.93,0.72,0.4034066496846015,0.5350549872634511,1.0670332484230076,0.0,1.0,0.0,1.0,1.0,1.0,0.92,0.0,0.3309341433163271,death collapses P_body; channel-null assumption retained,0.76986,0.546,0.0,1.0,1.0,0.92,0.0,0.0,0.0,0.050339333836773824,0.0,0.0503393338367738,0.0,0.0,0.0,0.0,False
embodied_death_null,79,0.3305439330543933,0.94,0.91,0.9,0.93,0.72,0.40814190257387584,0.5386064269304068,1.0907095128693791,0.0,1.0,0.0,1.0,1.0,1.0,0.92,0.0,0.33744511603907923,death collapses P_body; channel-null assumption retained,0.76986,0.546,0.0,1.0,1.0,0.92,0.0,0.0,0.0,0.05200212413965761,0.0,0.05200212413965766,0.0,0.0,0.0,0.0,False
embodied_death_null,80,0.33472803347280333,0.94,0.91,0.9,0.93,0.72,0.41290958069704337,0.5421821855227825,1.1145479034852168,0.0,1.0,0.0,1.0,1.0,1.0,0.92,0.0,0.34400067345843466,death collapses P_body; channel-null assumption retained,0.76986,0.546,0.0,1.0,1.0,0.92,0.0,0.0,0.0,0.05369950221602169,0.0,0.05369950221602171,0.0,0.0,0.0,0.0,False
embodied_death_null,81,0.3389121338912134,0.94,0.91,0.9,0.93,0.72,0.41770773072676126,0.5457807980450708,1.1385386536338062,0.0,1.0,0.0,1.0,1.0,1.0,0.92,0.0,0.3505981297492967,death collapses P_body; channel-null assumption retained,0.76986,0.546,0.0,1.0,1.0,0.92,0.0,0.0,0.0,0.055431188294730774,0.0,0.055431188294730815,0.0,0.0,0.0,0.0,False
embodied_death_null,82,0.34309623430962344,0.94,0.91,0.9,0.93,0.72,0.42253439933568643,0.5494007995017648,1.162671996678432,0.0,1.0,0.0,1.0,1.0,1.0,0.92,0.0,0.35723479908656885,death collapses P_body; channel-null assumption retained,0.76986,0.546,0.0,1.0,1.0,0.92,0.0,0.0,0.0,0.05719686572161951,0.0,0.05719686572161953,0.0,0.0,0.0,0.0,False
embodied_death_null,83,0.3472803347280335,0.94,0.91,0.9,0.93,0.72,0.4273876331964759,0.5530407248973569,1.1869381659823794,0.0,1.0,0.0,1.0,1.0,1.0,0.92,0.0,0.3639079956451544,death collapses P_body; channel-null assumption retained,0.76986,0.546,0.0,1.0,1.0,0.92,0.0,0.0,0.0,0.0589961805388862,0.0,0.05899618053888622,0.0,0.0,0.0,0.0,False
embodied_death_null,84,0.3514644351464435,0.94,0.91,0.9,0.93,0.719796597560414,0.4322654789817867,0.55669910923634,1.2113273949089334,0.0,1.0,0.0,1.0,1.0,1.0,0.92,0.0,0.3705438384753322,death collapses P_body; channel-null assumption retained,0.76986,0.546,0.0,1.0,1.0,0.92,0.0,0.0,0.0,0.06081155678324859,0.0,0.060811556783248566,0.0,0.0,0.0,0.0,False
embodied_death_null,85,0.35564853556485354,0.94,0.91,0.9,0.93,0.717030512413676,0.4371659833642761,0.5603744875232071,1.2358299168213804,0.0,1.0,0.0,1.0,1.0,1.0,0.92,0.0,0.37628589861575296,death collapses P_body; channel-null assumption retained,0.76986,0.546,0.0,1.0,1.0,0.92,0.0,0.0,0.0,0.06243554916328363,0.0,0.06243554916328364,0.0,0.0,0.0,0.0,False
embodied_death_null,86,0.3598326359832636,0.94,0.91,0.9,0.93,0.7111735602125212,0.4420871930166008,0.5640653947624505,1.260435965083004,0.0,1.0,0.0,1.0,1.0,1.0,0.92,0.0,0.38086397097146873,death collapses P_body; channel-null assumption retained,0.76986,0.546,0.0,1.0,1.0,0.92,0.0,0.0,0.0,0.06380001481096975,0.0,0.06380001481096975,0.0,0.0,0.0,0.0,False
embodied_death_null,87,0.36401673640167365,0.94,0.91,0.9,0.93,0.7024122186072914,0.44702715461141806,0.5677703659585636,1.2851357730570903,0.0,1.0,0.0,1.0,1.0,1.0,0.92,0.0,0.3842576630514081,death collapses P_body; channel-null assumption retained,0.76986,0.546,0.0,1.0,1.0,0.92,0.0,0.0,0.0,0.06489645906994831,0.0,0.06489645906994834,0.0,0.0,0.0,0.0,False
embodied_death_null,88,0.3682008368200837,0.94,0.91,0.9,0.93,0.6909329652483287,0.4519839148213848,0.5714879361160385,1.3099195741069238,0.0,1.0,0.0,1.0,1.0,1.0,0.92,0.0,0.3864531258638123,death collapses P_body; channel-null assumption retained,0.76986,0.546,0.0,1.0,1.0,0.92,0.0,0.0,0.0,0.06571758224006291,0.0,0.06571758224006286,0.0,0.0,0.0,0.0,False
embodied_death_null,89,0.3723849372384937,0.94,0.91,0.9,0.93,0.6769222777859749,0.456955520319158,0.5752166402393685,1.33477760159579,0.0,1.0,0.0,1.0,1.0,1.0,0.92,0.0,0.38744322302183026,death collapses P_body; channel-null assumption retained,0.76986,0.546,0.0,1.0,1.0,0.92,0.0,0.0,0.0,0.06625738478310864,0.0,0.06625738478310861,0.0,0.0,0.0,0.0,False
embodied_death_null,90,0.37656903765690375,0.94,0.91,0.9,0.93,0.6605666338705718,0.4619400177773949,0.5789550133330461,1.3597000888869746,0.0,1.0,0.0,1.0,1.0,1.0,0.92,0.0,0.3872276858589921,death collapses P_body; channel-null assumption retained,0.76986,0.546,0.0,1.0,1.0,0.92,0.0,0.0,0.0,0.06651127185802859,0.0,0.06651127185802863,0.0,0.0,0.0,0.0,False
embodied_death_null,91,0.3807531380753138,0.94,0.91,0.9,0.93,0.6420525111524614,0.46693545386875235,0.5827015904015642,1.384677269343762,0.0,1.0,0.0,1.0,1.0,1.0,0.92,0.0,0.38581325455456017,death collapses P_body; channel-null assumption retained,0.76986,0.546,0.0,1.0,1.0,0.92,0.0,0.0,0.0,0.06647615683666631,0.0,0.0664761568366663,0.0,0.0,0.0,0.0,False
embodied_death_null,92,0.38493723849372385,0.94,0.91,0.9,0.93,0.6215663872819853,0.47193987526588754,0.5864549064494157,1.4096993763294379,0.0,1.0,0.0,1.0,1.0,1.0,0.92,0.0,0.38321380526875964,death collapses P_body; channel-null assumption retained,0.76986,0.546,0.0,1.0,1.0,0.92,0.0,0.0,0.0,0.06615056344580228,0.0,0.06615056344580228,0.0,0.0,0.0,0.0,False
embodied_death_null,93,0.3891213389121339,0.94,0.91,0.9,0.93,0.5992947399094857,0.4769513286414574,0.590213496481093,1.434756643207287,0.0,1.0,0.0,1.0,1.0,1.0,0.92,0.0,0.3794504632878866,death collapses P_body; channel-null assumption retained,0.76986,0.546,0.0,1.0,1.0,0.92,0.0,0.0,0.0,0.0655347261767582,0.0,0.06553472617675826,0.0,0.0,0.0,0.0,False
embodied_death_null,94,0.39330543933054396,0.94,0.91,0.9,0.93,0.5754240466853044,0.4819678606681189,0.5939758955010892,1.4598393033405948,0.0,1.0,0.0,1.0,1.0,1.0,0.92,0.0,0.3745517021792953,death collapses P_body; channel-null assumption retained,0.76986,0.546,0.0,1.0,1.0,0.92,0.0,0.0,0.0,0.06463068860033853,0.0,0.06463068860033849,0.0,0.0,0.0,0.0,False
embodied_death_null,95,0.39748953974895396,0.94,0.91,0.9,0.93,0.5501407852597838,0.48698751801852913,0.5977406385138968,1.4849375900926458,0.0,1.0,0.0,1.0,1.0,1.0,0.92,0.0,0.36855342895626286,death collapses P_body; channel-null assumption retained,0.76986,0.546,0.0,1.0,1.0,0.92,0.0,0.0,0.0,0.06344239922226706,0.0,0.06344239922226702,0.0,0.0,0.0,0.0,False
embodied_death_null,96,0.401673640167364,0.94,0.91,0.9,0.93,0.5236314332832649,0.49200834736534516,0.6015062605240089,1.5100417368267258,0.0,1.0,0.0,1.0,1.0,1.0,0.92,0.0,0.36129006157457555,death collapses P_body; channel-null assumption retained,0.76986,0.546,0.0,1.0,1.0,0.92,0.0,0.0,0.0,0.06197580451255375,0.0,0.0619758045125538,0.0,0.0,0.0,0.0,False
embodied_death_null,97,0.40585774058577406,0.94,0.91,0.9,0.93,0.4960824684060899,0.49702839538122406,0.605271296535918,1.5351419769061203,0.0,1.0,0.0,1.0,1.0,1.0,0.92,0.0,0.3509951906536008,death collapses P_body; channel-null assumption retained,0.76986,0.546,0.0,1.0,1.0,0.92,0.0,0.0,0.0,0.06023893874137767,0.0,0.060238938741377646,0.0,0.0,0.0,0.0,False
embodied_death_null,98,0.4100418410041841,0.94,0.91,0.9,0.93,0.4676803682786007,0.5020457087388227,0.609034281554117,1.5602285436941137,0.0,1.0,0.0,1.0,1.0,1.0,0.92,0.0,0.3376013086618175,death collapses P_body; channel-null assumption retained,0.76986,0.546,0.0,1.0,1.0,0.92,0.0,0.0,0.0,0.05824201025406986,0.0,0.05824201025406983,0.0,0.0,0.0,0.0,False
embodied_death_null,99,0.41422594142259417,0.94,0.91,0.9,0.93,0.43861161055113934,0.5070583341107984,0.6127937505830987,1.585291670553992,0.0,1.0,0.0,1.0,1.0,1.0,0.92,0.0,0.3215567308845213,death collapses P_body; channel-null assumption retained,0.76986,0.546,0.0,1.0,1.0,0.92,0.0,0.0,0.0,0.05599748381861942,0.0,0.055997483818619465,0.0,0.0,0.0,0.0,False
embodied_death_null,100,0.41841004184100417,0.94,0.91,0.9,0.93,0.40906267287404796,0.5120643181698079,0.6165482386273559,1.6103215908490394,0.0,1.0,0.0,1.0,1.0,1.0,0.92,0.0,0.30332563892813597,death collapses P_body; channel-null assumption retained,0.76986,0.546,0.0,1.0,1.0,0.92,0.0,0.0,0.0,0.05352015868077812,0.0,0.053520158680778085,0.0,0.0,0.0,0.0,False
embodied_death_null,101,0.4225941422594142,0.94,0.91,0.9,0.93,0.37922003289766787,0.5170617075885082,0.6202962806913812,1.6353085379425412,0.0,1.0,0.0,1.0,1.0,1.0,0.92,0.0,0.283378786361285,death collapses P_body; channel-null assumption retained,0.76986,0.546,0.0,1.0,1.0,0.92,0.0,0.0,0.0,0.05082724196429405,0.0,0.050827241964294,0.0,0.0,0.0,0.0,False
embodied_death_null,102,0.42677824267782427,0.94,0.91,0.9,0.93,0.34927016827234103,0.5220485490395568,0.6240364117796675,1.660242745197784,0.0,1.0,0.0,1.0,1.0,1.0,0.92,0.0,0.26218434371720334,death collapses P_body; channel-null assumption retained,0.76986,0.546,0.0,1.0,1.0,0.92,0.0,0.0,0.0,0.04793841705704462,0.0,0.0479384170570446,0.0,0.0,0.0,0.0,False
embodied_death_null,103,0.4309623430962343,0.94,0.91,0.9,0.93,0.31939955664840947,0.5270228891956101,0.6277671668967075,1.6851144459780503,0.0,1.0,0.0,1.0,1.0,1.0,0.92,0.0,0.24019902268320506,death collapses P_body; channel-null assumption retained,0.76986,0.546,0.0,1.0,1.0,0.92,0.0,0.0,0.0,0.04487590662784285,0.0,0.0448759066278428,0.0,0.0,0.0,0.0,False
embodied_death_null,104,0.4351464435146444,0.94,0.91,0.9,0.93,0.28979467567621514,0.5319827747293258,0.6314870810469942,1.7099138736466286,0.0,1.0,0.0,1.0,1.0,1.0,0.92,0.0,0.21785962072067694,death collapses P_body; channel-null assumption retained,0.76986,0.546,0.0,1.0,1.0,0.92,0.0,0.0,0.0,0.041664529923452945,0.0,0.04166452992345293,0.0,0.0,0.0,0.0,False
embodied_death_null,105,0.4393305439330544,0.94,0.91,0.9,0.93,0.2606420030061003,0.5369262523133602,0.6351946892350201,1.734631261566801,0.0,1.0,0.0,1.0,1.0,1.0,0.92,0.0,0.1955751281790201,death collapses P_body; channel-null assumption retained,0.76986,0.546,0.0,1.0,1.0,0.92,0.0,0.0,0.0,0.0383317540008414,0.0,0.038331754000841434,0.0,0.0,0.0,0.0,False
embodied_death_null,106,0.4435146443514644,0.94,0.91,0.9,0.93,0.23212801628840604,0.5418513686203708,0.638888526465278,1.759256843101854,0.0,1.0,0.0,1.0,1.0,1.0,0.92,0.0,0.1737195401891452,death collapses P_body; channel-null assumption retained,0.76986,0.546,0.0,1.0,1.0,0.92,0.0,0.0,0.0,0.03490773855591099,0.0,0.034907738555911005,0.0,0.0,0.0,0.0,False
embodied_death_null,107,0.4476987447698745,0.94,0.91,0.9,0.93,0.20443919317347464,0.5467561703230146,0.642567127742261,1.7837808516150735,0.0,1.0,0.0,1.0,1.0,1.0,0.92,0.0,0.15262551524651674,death collapses P_body; channel-null assumption retained,0.76986,0.546,0.0,1.0,1.0,0.92,0.0,0.0,0.0,0.031425374016886214,0.0,0.031425374016886165,0.0,0.0,0.0,0.0,False
embodied_death_null,108,0.45188284518828453,0.94,0.91,0.9,0.93,0.17776201131164798,0.5516387040939487,0.6462290280704615,1.8081935204697432,0.0,1.0,0.0,1.0,1.0,1.0,0.92,0.0,0.1325790214203456,death collapses P_body; channel-null assumption retained,0.76986,0.546,0.0,1.0,1.0,0.92,0.0,0.0,0.0,0.027920312578138016,0.0,0.027920312578137985,0.0,0.0,0.0,0.0,False
embodied_death_null,109,0.4560669456066946,0.94,0.91,0.9,0.93,0.15228294835326794,0.55649701660583,0.6498727624543724,1.8324850830291497,0.0,1.0,0.0,1.0,1.0,1.0,0.92,0.0,0.1138151095543598,death collapses P_body; channel-null assumption retained,0.76986,0.546,0.0,1.0,1.0,0.92,0.0,0.0,0.0,0.02443099185853687,0.0,0.02443099185853692,0.0,0.0,0.0,0.0,False
embodied_death_null,110,0.4602510460251046,0.94,0.91,0.9,0.93,0.12818848194867677,0.5613291545313154,0.6534968658984865,1.8566457726565768,0.0,1.0,0.0,1.0,1.0,1.0,0.92,0.0,0.09651495065561586,death collapses P_body; channel-null assumption retained,0.76986,0.546,0.0,1.0,1.0,0.92,0.0,0.0,0.0,0.020998650877390976,0.0,0.020998650877390945,0.0,0.0,0.0,0.0,False
embodied_death_null,111,0.46443514644351463,0.94,0.91,0.9,0.93,0.10566508974821569,0.5661331645430621,0.6570998734072966,1.8806658227153106,0.0,1.0,0.0,1.0,1.0,1.0,0.92,0.0,0.08080427190107078,death collapses P_body; channel-null assumption retained,0.76986,0.546,0.0,1.0,1.0,0.92,0.0,0.0,0.0,0.017667338050653947,0.0,0.017667338050653902,0.0,0.0,0.0,0.0,False
embodied_death_null,112,0.4686192468619247,0.94,0.91,0.9,0.93,0.08489924940222689,0.5709070933137272,0.6606803199852953,1.9045354665686358,0.0,1.0,0.0,1.0,1.0,1.0,0.92,0.0,0.06675332232710648,death collapses P_body; channel-null assumption retained,0.76986,0.546,0.0,1.0,1.0,0.92,0.0,0.0,0.0,0.01448391092036136,0.0,0.014483910920361387,0.0,0.0,0.0,0.0,False
embodied_death_null,113,0.47280334728033474,0.94,0.91,0.9,0.93,0.06607743856105223,0.5756489875159676,0.6642367406369756,1.9282449375798378,0.0,1.0,0.0,1.0,1.0,1.0,0.92,0.0,0.054378495304877546,death collapses P_body; channel-null assumption retained,0.76986,0.546,0.0,1.0,1.0,0.92,0.0,0.0,0.0,0.011498027341165144,0.0,0.011498027341165118,0.0,0.0,0.0,0.0,False
embodied_death_null,114,0.4769874476987448,0.94,0.91,0.9,0.93,0.04938613487503367,0.5803568938224404,0.6677676703668303,1.951784469112202,0.0,1.0,0.0,1.0,1.0,1.0,0.92,0.0,0.04364573034426288,death collapses P_body; channel-null assumption retained,0.76986,0.546,0.0,1.0,1.0,0.92,0.0,0.0,0.0,0.008762127859376164,0.0,0.008762127859376134,0.0,0.0,0.0,0.0,False
embodied_death_null,115,0.4811715481171548,0.94,0.91,0.9,0.93,0.035011815994513286,0.5850288589058026,0.6712716441793518,1.9751442945290127,0.0,1.0,0.0,1.0,1.0,1.0,0.92,0.0,0.034475811611312614,death collapses P_body; channel-null assumption retained,0.76986,0.546,0.0,1.0,1.0,0.92,0.0,0.0,0.0,0.006331409032082908,0.0,0.0063314090320829575,0.0,0.0,0.0,0.0,False
embodied_death_null,116,0.48535564853556484,0.94,0.91,0.9,0.93,0.023140959569832635,0.589662929438711,0.6747471970790333,1.9983146471935556,0.0,1.0,0.0,1.0,1.0,1.0,0.92,0.0,0.026751674788416852,death collapses P_body; channel-null assumption retained,0.76986,0.546,0.0,1.0,1.0,0.92,0.0,0.0,0.0,0.004263787446685772,0.0,0.004263787446685763,0.0,0.0,0.0,0.0,False
embodied_death_null,117,0.4895397489539749,0.94,0.91,0.9,0.93,0.013960043251333654,0.5942571520938233,0.6781928640703674,2.0212857604691163,0.0,1.0,0.0,1.0,1.0,1.0,0.92,0.0,0.020327827552970874,death collapses P_body; channel-null assumption retained,0.76986,0.546,0.0,1.0,1.0,0.92,0.0,0.0,0.0,0.002619854214562834,0.0,0.002619854214562789,0.0,0.0,0.0,0.0,False
embodied_death_null,118,0.49372384937238495,0.94,0.91,0.9,0.93,0.007655544689358286,0.5988095735437958,0.6816071801578469,2.0440478677189793,0.0,1.0,0.0,1.0,1.0,1.0,0.92,0.0,0.015041981999073403,death collapses P_body; channel-null assumption retained,0.76986,0.546,0.0,1.0,1.0,0.92,0.0,0.0,0.0,0.0014628197265574747,0.0,0.001462819726557485,0.0,0.0,0.0,0.0,False
embodied_death_null,119,0.497907949790795,0.94,0.91,0.9,0.93,0.0044139415342484755,0.6033182404612861,0.6849886803459646,2.0665912023064306,0.0,1.0,0.0,1.0,1.0,1.0,0.92,0.0,0.010728989777775573,death collapses P_body; channel-null assumption retained,0.76986,0.546,0.0,1.0,1.0,0.92,0.0,0.0,0.0,0.0008584484725482092,0.0,0.0008584484725482344,0.0,0.0,0.0,0.0,False
embodied_death_null,120,0.502092050209205,0.94,0.91,0.9,0.93,0.004,0.6077811995189508,0.688335899639213,2.088905997594754,0.0,1.0,0.0,1.0,1.0,1.0,0.92,0.0,0.007219729980004228,death collapses P_body; channel-null assumption retained,0.76986,0.546,0.0,1.0,1.0,0.92,0.0,0.0,0.0,0.0007915340067894019,0.0,0.0007915340067894405,0.0,0.0,0.0,0.0,False
embodied_death_null,121,0.5062761506276151,0.94,0.91,0.9,0.93,0.004,0.6121964973894473,0.6916473730420855,2.1109824869472362,0.0,1.0,0.0,1.0,1.0,1.0,0.92,0.0,0.004349600309752115,death collapses P_body; channel-null assumption retained,0.76986,0.546,0.0,1.0,1.0,0.92,0.0,0.0,0.0,0.0008050833877269349,0.0,0.0008050833877268904,0.0,0.0,0.0,0.0,False
embodied_death_null,122,0.5104602510460251,0.94,0.91,0.9,0.93,0.004,0.6165621807454322,0.6949216355590742,2.1328109037271608,0.0,1.0,0.0,1.0,1.0,1.0,0.92,0.0,0.0021545894024129586,death collapses P_body; channel-null assumption retained,0.76986,0.546,0.0,1.0,1.0,0.92,0.0,0.0,0.0,0.0008185813583354439,0.0,0.0008185813583354573,0.0,0.0,0.0,0.0,False
embodied_death_null,123,0.5146443514644351,0.94,0.91,0.9,0.93,0.004,0.6208762962595629,0.6981572221946721,2.1543814812978144,0.0,1.0,0.0,1.0,1.0,1.0,0.92,0.0,0.0006957387374543521,death collapses P_body; channel-null assumption retained,0.76986,0.546,0.0,1.0,1.0,0.92,0.0,0.0,0.0,0.0008320182372682068,0.0,0.000832018237268195,0.0,0.0,0.0,0.0,False
embodied_death_null,124,0.5188284518828452,0.94,0.91,0.9,0.93,0.004,0.6251368906044963,0.7013526679533721,2.1756844530224813,0.0,1.0,0.0,1.0,1.0,1.0,0.92,0.0,3.408979434400994e-05,death collapses P_body; channel-null assumption retained,0.76986,0.546,0.0,1.0,1.0,0.92,0.0,0.0,0.0,0.0008453842187438779,0.0,0.0008453842187439164,0.0,0.0,0.0,0.0,False
embodied_death_null,125,0.5230125523012552,0.94,0.91,0.9,0.93,0.004,0.6293420104528895,0.7045065078396671,2.1967100522644474,0.0,1.0,0.0,1.0,1.0,1.0,0.92,0.0,0.0,death collapses P_body; channel-null assumption retained,0.76986,0.546,0.0,1.0,1.0,0.92,0.0,0.0,0.0,0.0008586693782104148,0.0,0.0008586693782104415,0.0,0.0,0.0,0.0,False
embodied_death_null,126,0.5271966527196653,0.94,0.91,0.9,0.93,0.004,0.6334897024773993,0.7076172768580495,2.217448512386997,0.0,1.0,0.0,1.0,1.0,1.0,0.92,0.0,0.0,death collapses P_body; channel-null assumption retained,0.76986,0.546,0.0,1.0,1.0,0.92,0.0,0.0,0.0,0.0008718636781612089,0.0,0.0008718636781611666,0.0,0.0,0.0,0.0,False
embodied_death_null,127,0.5313807531380753,0.94,0.91,0.9,0.93,0.004,0.6375780133506831,0.7106835100130123,2.2378900667534154,0.0,1.0,0.0,1.0,1.0,1.0,0.92,0.0,0.0,death collapses P_body; channel-null assumption retained,0.76986,0.546,0.0,1.0,1.0,0.92,0.0,0.0,0.0,0.0008849569741030212,0.0,0.0008849569741030683,0.0,0.0,0.0,0.0,False
embodied_death_null,128,0.5355648535564853,0.94,0.91,0.9,0.93,0.004,0.6416049897453977,0.7137037423090483,2.258024948726989,0.0,1.0,0.0,1.0,1.0,1.0,0.92,0.0,0.0,death collapses P_body; channel-null assumption retained,0.76986,0.546,0.0,1.0,1.0,0.92,0.0,0.0,0.0,0.0008979390206754147,0.0,0.0008979390206753646,0.0,0.0,0.0,0.0,False
embodied_death_null,129,0.5397489539748954,0.94,0.91,0.9,0.93,0.004,0.6455686783342002,0.7166765087506501,2.277843391671001,0.0,1.0,0.0,1.0,1.0,1.0,0.92,0.0,0.0,death collapses P_body; channel-null assumption retained,0.76986,0.546,0.0,1.0,1.0,0.92,0.0,0.0,0.0,0.0009107994779215036,0.0,0.0009107994779214978,0.0,0.0,0.0,0.0,False
embodied_death_null,130,0.5439330543933054,0.94,0.91,0.9,0.93,0.004,0.6494671257897475,0.7196003443423107,2.297335628948738,0.0,1.0,0.0,1.0,1.0,1.0,0.92,0.0,0.0,death collapses P_body; channel-null assumption retained,0.76986,0.546,0.0,1.0,1.0,0.92,0.0,0.0,0.0,0.0009235279177099403,0.0,0.0009235279177098876,0.0,0.0,0.0,0.0,False
embodied_death_null,131,0.5481171548117155,0.94,0.91,0.9,0.93,0.004,0.653298378784697,0.7224737840885227,2.3164918939234846,0.0,1.0,0.0,1.0,1.0,1.0,0.92,0.0,0.0,death collapses P_body; channel-null assumption retained,0.76986,0.546,0.0,1.0,1.0,0.92,0.0,0.0,0.0,0.000936113830308158,0.0,0.0009361138303081162,0.0,0.0,0.0,0.0,False
embodied_death_null,132,0.5523012552301255,0.94,0.91,0.9,0.93,0.004,0.6570604839917051,0.7252953629937788,2.3353024199585257,0.0,1.0,0.0,1.0,1.0,1.0,0.92,0.0,0.0,death collapses P_body; channel-null assumption retained,0.76986,0.546,0.0,1.0,1.0,0.92,0.0,0.0,0.0,0.0009485466311070182,0.0,0.0009485466311069946,0.0,0.0,0.0,0.0,False
embodied_death_null,133,0.5564853556485355,0.94,0.91,0.9,0.93,0.004,0.6607514880834295,0.7280636160625721,2.353757440417147,0.0,1.0,0.0,1.0,1.0,1.0,0.92,0.0,0.0,death collapses P_body; channel-null assumption retained,0.76986,0.546,0.0,1.0,1.0,0.92,0.0,0.0,0.0,0.0009608156674971118,0.0,0.0009608156674970614,0.0,0.0,0.0,0.0,False
embodied_death_null,134,0.5606694560669456,0.94,0.91,0.9,0.93,0.004,0.6643694377325269,0.7307770782993952,2.371847188662634,0.0,1.0,0.0,1.0,1.0,1.0,0.92,0.0,0.0,death collapses P_body; channel-null assumption retained,0.76986,0.546,0.0,1.0,1.0,0.92,0.0,0.0,0.0,0.0009729102258970644,0.0,0.0009729102258970723,0.0,0.0,0.0,0.0,False
embodied_death_null,135,0.5648535564853556,0.94,0.91,0.9,0.93,0.004,0.6679123796116543,0.7334342847087407,2.3895618980582713,0.0,1.0,0.0,1.0,1.0,1.0,0.92,0.0,0.0,death collapses P_body; channel-null assumption retained,0.76986,0.546,0.0,1.0,1.0,0.92,0.0,0.0,0.0,0.0009848195389343343,0.0,0.0009848195389343672,0.0,0.0,0.0,0.0,False
embodied_death_null,136,0.5690376569037657,0.94,0.91,0.9,0.93,0.004,0.6713783603934689,0.7360337702951016,2.4068918019673444,0.0,1.0,0.0,1.0,1.0,1.0,0.92,0.0,0.0,death collapses P_body; channel-null assumption retained,0.76986,0.546,0.0,1.0,1.0,0.92,0.0,0.0,0.0,0.0009965327927790799,0.0,0.0009965327927791146,0.0,0.0,0.0,0.0,False
embodied_death_null,137,0.5732217573221757,0.94,0.91,0.9,0.93,0.004,0.6747654267506275,0.7385740700629706,2.423827133753137,0.0,1.0,0.0,1.0,1.0,1.0,0.92,0.0,0.0,death collapses P_body; channel-null assumption retained,0.76986,0.546,0.0,1.0,1.0,0.92,0.0,0.0,0.0,0.0010080391346318017,0.0,0.0010080391346317663,0.0,0.0,0.0,0.0,False
embodied_death_null,138,0.5774058577405857,0.94,0.91,0.9,0.93,0.004,0.6780716253557874,0.7410537190168405,2.4403581267789365,0.0,1.0,0.0,1.0,1.0,1.0,0.92,0.0,0.0,death collapses P_body; channel-null assumption retained,0.76986,0.546,0.0,1.0,1.0,0.92,0.0,0.0,0.0,0.001019327680365583,0.0,0.0010193276803656115,0.0,0.0,0.0,0.0,False
embodied_death_null,139,0.5815899581589958,0.94,0.91,0.9,0.93,0.004,0.6812950028816055,0.7434712521612041,2.4564750144080274,0.0,1.0,0.0,1.0,1.0,1.0,0.92,0.0,0.0,death collapses P_body; channel-null assumption retained,0.76986,0.546,0.0,1.0,1.0,0.92,0.0,0.0,0.0,0.0010303875223238539,0.0,0.0010303875223238723,0.0,0.0,0.0,0.0,False
embodied_death_null,140,0.5857740585774058,0.94,0.91,0.9,0.93,0.004,0.6844336060007388,0.7458252045005541,2.472168030003694,0.0,1.0,0.0,1.0,1.0,1.0,0.92,0.0,0.0,death collapses P_body; channel-null assumption retained,0.76986,0.546,0.0,1.0,1.0,0.92,0.0,0.0,0.0,0.0010412077372747466,0.0,0.0010412077372747852,0.0,0.0,0.0,0.0,False
embodied_death_null,141,0.5899581589958159,0.94,0.91,0.9,0.93,0.004,0.6874854813858444,0.7481141110393833,2.487427406929222,0.0,1.0,0.0,1.0,1.0,1.0,0.92,0.0,0.0,death collapses P_body; channel-null assumption retained,0.76986,0.546,0.0,1.0,1.0,0.92,0.0,0.0,0.0,0.0010517773945232123,0.0,0.0010517773945232234,0.0,0.0,0.0,0.0,False
embodied_death_null,142,0.5941422594142259,0.94,0.91,0.9,0.93,0.004,0.6904486757095794,0.7503365067821846,2.5022433785478966,0.0,1.0,0.0,1.0,1.0,1.0,0.92,0.0,0.0,death collapses P_body; channel-null assumption retained,0.76986,0.546,0.0,1.0,1.0,0.92,0.0,0.0,0.0,0.0010620855641822007,0.0,0.0010620855641821914,0.0,0.0,0.0,0.0,False
embodied_death_null,143,0.5983263598326359,0.94,0.91,0.9,0.93,0.004,0.6933212356446006,0.7524909267334504,2.516606178223003,0.0,1.0,0.0,1.0,1.0,1.0,0.92,0.0,0.0,death collapses P_body; channel-null assumption retained,0.76986,0.546,0.0,1.0,1.0,0.92,0.0,0.0,0.0,0.0010721213256043266,0.0,0.0010721213256043027,0.0,0.0,0.0,0.0,False
embodied_death_null,144,0.602510460251046,0.94,0.91,0.9,0.93,0.004,0.6961012078635653,0.754575905897674,2.5305060393178263,0.0,1.0,0.0,1.0,1.0,1.0,0.92,0.0,0.0,death collapses P_body; channel-null assumption retained,0.76986,0.546,0.0,1.0,1.0,0.92,0.0,0.0,0.0,0.0010818737759755806,0.0,0.0010818737759755725,0.0,0.0,0.0,0.0,False
embodied_death_null,145,0.606694560669456,0.94,0.91,0.9,0.93,0.004,0.6987866390391303,0.7565899792793477,2.543933195195651,0.0,1.0,0.0,1.0,1.0,1.0,0.92,0.0,0.0,death collapses P_body; channel-null assumption retained,0.76986,0.546,0.0,1.0,1.0,0.92,0.0,0.0,0.0,0.0010913320390727574,0.0,0.0010913320390727455,0.0,0.0,0.0,0.0,False
embodied_death_null,146,0.6108786610878661,0.94,0.91,0.9,0.93,0.004,0.7013755758439528,0.7585316818829646,2.5568778792197637,0.0,1.0,0.0,1.0,1.0,1.0,0.92,0.0,0.0,death collapses P_body; channel-null assumption retained,0.76986,0.546,0.0,1.0,1.0,0.92,0.0,0.0,0.0,0.0011004852741864335,0.0,0.0011004852741863802,0.0,0.0,0.0,0.0,False
embodied_death_null,147,0.6150627615062761,0.94,0.91,0.9,0.93,0.004,0.7038660649506898,0.7603995487130173,2.569330324753449,0.0,1.0,0.0,1.0,1.0,1.0,0.92,0.0,0.0,death collapses P_body; channel-null assumption retained,0.76986,0.546,0.0,1.0,1.0,0.92,0.0,0.0,0.0,0.0011093226852114226,0.0,0.0011093226852114668,0.0,0.0,0.0,0.0,False
embodied_death_null,148,0.6192468619246861,0.94,0.91,0.9,0.93,0.004,0.7062561530319982,0.7621921147739986,2.581280765159991,0.0,1.0,0.0,1.0,1.0,1.0,0.92,0.0,0.0,death collapses P_body; channel-null assumption retained,0.76986,0.546,0.0,1.0,1.0,0.92,0.0,0.0,0.0,0.001117833529906822,0.0,0.0011178335299067976,0.0,0.0,0.0,0.0,False
embodied_death_null,149,0.6234309623430963,0.94,0.91,0.9,0.93,0.004,0.7085438867605354,0.7639079150704015,2.592719433802676,0.0,1.0,0.0,1.0,1.0,1.0,0.92,0.0,0.0,death collapses P_body; channel-null assumption retained,0.76986,0.546,0.0,1.0,1.0,0.92,0.0,0.0,0.0,0.0011260071293278712,0.0,0.0011260071293278662,0.0,0.0,0.0,0.0,False
embodied_death_null,150,0.6276150627615062,0.94,0.91,0.9,0.93,0.004,0.710727312808958,0.7655454846067185,2.6036365640447894,0.0,1.0,0.0,1.0,1.0,1.0,0.92,0.0,0.0,death collapses P_body; channel-null assumption retained,0.76986,0.546,0.0,1.0,1.0,0.92,0.0,0.0,0.0,0.001133832877431997,0.0,0.0011338328774319617,0.0,0.0,0.0,0.0,False
embodied_death_null,151,0.6317991631799164,0.94,0.91,0.9,0.93,0.004,0.7128044778499232,0.7671033583874423,2.6140223892496155,0.0,1.0,0.0,1.0,1.0,1.0,0.92,0.0,0.0,death collapses P_body; channel-null assumption retained,0.76986,0.546,0.0,1.0,1.0,0.92,0.0,0.0,0.0,0.0011413002508615915,0.0,0.0011413002508615655,0.0,0.0,0.0,0.0,False
embodied_death_null,152,0.6359832635983264,0.94,0.91,0.9,0.93,0.004,0.7147734285560879,0.768580071417066,2.6238671427804396,0.0,1.0,0.0,1.0,1.0,1.0,0.92,0.0,0.0,death collapses P_body; channel-null assumption retained,0.76986,0.546,0.0,1.0,1.0,0.92,0.0,0.0,0.0,0.0011483988189061858,0.0,0.00114839881890616,0.0,0.0,0.0,0.0,False
embodied_death_null,153,0.6401673640167364,0.94,0.91,0.9,0.93,0.004,0.7166322116001095,0.7699741587000821,2.6331610580005473,0.0,1.0,0.0,1.0,1.0,1.0,0.92,0.0,0.0,death collapses P_body; channel-null assumption retained,0.76986,0.546,0.0,1.0,1.0,0.92,0.0,0.0,0.0,0.001155118253646881,0.0,0.0011551182536468918,0.0,0.0,0.0,0.0,False
embodied_death_null,154,0.6443514644351465,0.94,0.91,0.9,0.93,0.004,0.7183788736546448,0.7712841552409836,2.6418943682732237,0.0,1.0,0.0,1.0,1.0,1.0,0.92,0.0,0.0,death collapses P_body; channel-null assumption retained,0.76986,0.546,0.0,1.0,1.0,0.92,0.0,0.0,0.0,0.0011614483402860264,0.0,0.0011614483402859754,0.0,0.0,0.0,0.0,False
embodied_death_null,155,0.6485355648535565,0.94,0.91,0.9,0.93,0.004,0.7200114613923507,0.772508596044263,2.6500573069617537,0.0,1.0,0.0,1.0,1.0,1.0,0.92,0.0,0.0,death collapses P_body; channel-null assumption retained,0.76986,0.546,0.0,1.0,1.0,0.92,0.0,0.0,0.0,0.001167378987665338,0.0,0.0011673789876653906,0.0,0.0,0.0,0.0,False
embodied_death_null,156,0.6527196652719666,0.94,0.91,0.9,0.93,0.004,0.7215280214858846,0.7736460161144134,2.6576401074294225,0.0,1.0,0.0,1.0,1.0,1.0,0.92,0.0,0.0,death collapses P_body; channel-null assumption retained,0.76986,0.546,0.0,1.0,1.0,0.92,0.0,0.0,0.0,0.0011729002389757961,0.0,0.0011729002389757603,0.0,0.0,0.0,0.0,False
embodied_death_null,157,0.6569037656903766,0.94,0.91,0.9,0.93,0.004,0.7229266006079031,0.7746949504559273,2.6646330030395156,0.0,1.0,0.0,1.0,1.0,1.0,0.92,0.0,0.0,death collapses P_body; channel-null assumption retained,0.76986,0.546,0.0,1.0,1.0,0.92,0.0,0.0,0.0,0.00117800228266286,0.0,0.001178002282662849,0.0,0.0,0.0,0.0,False
embodied_death_null,158,0.6610878661087866,0.94,0.91,0.9,0.93,0.004,0.7242052454310636,0.7756539340732976,2.6710262271553176,0.0,1.0,0.0,1.0,1.0,1.0,0.92,0.0,0.0,death collapses P_body; channel-null assumption retained,0.76986,0.546,0.0,1.0,1.0,0.92,0.0,0.0,0.0,0.0011826754635307182,0.0,0.0011826754635306802,0.0,0.0,0.0,0.0,False
embodied_death_null,159,0.6652719665271967,0.94,0.91,0.9,0.93,0.004,0.725362002628023,0.7765215019710172,2.6768100131401145,0.0,1.0,0.0,1.0,1.0,1.0,0.92,0.0,0.0,death collapses P_body; channel-null assumption retained,0.76986,0.546,0.0,1.0,1.0,0.92,0.0,0.0,0.0,0.001186910294049488,0.0,0.0011869102940494924,0.0,0.0,0.0,0.0,False
embodied_death_null,160,0.6694560669456067,0.94,0.91,0.9,0.93,0.004,0.726394918871438,0.7772961891535786,2.6819745943571904,0.0,1.0,0.0,1.0,1.0,1.0,0.92,0.0,0.0,death collapses P_body; channel-null assumption retained,0.76986,0.546,0.0,1.0,1.0,0.92,0.0,0.0,0.0,0.001190697465869485,0.0,0.001190697465869528,0.0,0.0,0.0,0.0,False
embodied_death_null,161,0.6736401673640168,0.94,0.91,0.9,0.93,0.004,0.7273020408339663,0.7779765306254747,2.6865102041698314,0.0,1.0,0.0,1.0,1.0,1.0,0.92,0.0,0.0,death collapses P_body; channel-null assumption retained,0.76986,0.546,0.0,1.0,1.0,0.92,0.0,0.0,0.0,0.0011940278615468816,0.0,0.0011940278615468758,0.0,0.0,0.0,0.0,False
embodied_death_null,162,0.6778242677824268,0.94,0.91,0.9,0.93,0.004,0.7280814151882644,0.7785610613911982,2.6904070759413217,0.0,1.0,0.0,1.0,1.0,1.0,0.92,0.0,0.0,death collapses P_body; channel-null assumption retained,0.76986,0.546,0.0,1.0,1.0,0.92,0.0,0.0,0.0,0.0011968925664852966,0.0,0.0011968925664852526,0.0,0.0,0.0,0.0,False
embodied_death_null,163,0.6820083682008368,0.94,0.91,0.9,0.93,0.004,0.7287310886069895,0.7790483164552422,2.6936554430349475,0.0,1.0,0.0,1.0,1.0,1.0,0.92,0.0,0.0,death collapses P_body; channel-null assumption retained,0.76986,0.546,0.0,1.0,1.0,0.92,0.0,0.0,0.0,0.0011992828810981008,0.0,0.0011992828810980516,0.0,0.0,0.0,0.0,False
embodied_death_null,164,0.6861924686192469,0.94,0.91,0.9,0.93,0.004,0.7292491077627987,0.779436830822099,2.6962455388139936,0.0,1.0,0.0,1.0,1.0,1.0,0.92,0.0,0.0,death collapses P_body; channel-null assumption retained,0.76986,0.546,0.0,1.0,1.0,0.92,0.0,0.0,0.0,0.0012011903331964216,0.0,0.0012011903331964335,0.0,0.0,0.0,0.0,False
embodied_death_null,165,0.6903765690376569,0.94,0.91,0.9,0.93,0.004,0.7296335193283491,0.7797251394962618,2.698167596641745,0.0,1.0,0.0,1.0,1.0,1.0,0.92,0.0,0.0,death collapses P_body; channel-null assumption retained,0.76986,0.546,0.0,1.0,1.0,0.92,0.0,0.0,0.0,0.001202606690608118,0.0,0.0012026066906081212,0.0,0.0,0.0,0.0,False
embodied_death_null,166,0.694560669456067,0.94,0.91,0.9,0.93,0.004,0.7298823699762975,0.7799117774822231,2.699411849881487,0.0,1.0,0.0,1.0,1.0,1.0,0.92,0.0,0.0,death collapses P_body; channel-null assumption retained,0.76986,0.546,0.0,1.0,1.0,0.92,0.0,0.0,0.0,0.0012035239740332184,0.0,0.001203523974033227,0.0,0.0,0.0,0.0,False
embodied_death_null,167,0.698744769874477,0.94,0.91,0.9,0.93,0.004,0.7299937063793009,0.7799952797844757,2.6999685318965043,0.0,1.0,0.0,1.0,1.0,1.0,0.92,0.0,0.0,death collapses P_body; channel-null assumption retained,0.76986,0.546,0.0,1.0,1.0,0.92,0.0,0.0,0.0,0.001203934470141614,0.0,0.0012039344701416654,0.0,0.0,0.0,0.0,False
embodied_death_null,168,0.702928870292887,0.94,0.91,0.9,0.93,0.004,0.73,0.78,2.6999999999999997,0.0,1.0,0.0,1.0,1.0,1.0,0.92,0.0,0.0,death collapses P_body; channel-null assumption retained,0.76986,0.546,0.0,1.0,1.0,0.92,0.0,0.0,0.0,0.0012039576765210626,0.0,0.0012039576765210391,0.0,0.0,0.0,0.0,False
embodied_death_null,169,0.7071129707112971,0.94,0.91,0.9,0.93,0.004,0.73,0.78,2.6999999999999997,0.0,1.0,0.0,1.0,1.0,1.0,0.92,0.0,0.0,death collapses P_body; channel-null assumption retained,0.76986,0.546,0.0,1.0,1.0,0.92,0.0,0.0,0.0,0.0012039576765210626,0.0,0.0012039576765210391,0.0,0.0,0.0,0.0,False
embodied_death_null,170,0.7112970711297071,0.94,0.91,0.9,0.93,0.004,0.73,0.78,2.6999999999999997,0.0,1.0,0.0,1.0,1.0,1.0,0.92,0.0,0.0,death collapses P_body; channel-null assumption retained,0.76986,0.546,0.0,1.0,1.0,0.92,0.0,0.0,0.0,0.0012039576765210626,0.0,0.0012039576765210391,0.0,0.0,0.0,0.0,False
embodied_death_null,171,0.7154811715481172,0.94,0.91,0.9,0.93,0.004,0.73,0.78,2.6999999999999997,0.0,1.0,0.0,1.0,1.0,1.0,0.92,0.0,0.0,death collapses P_body; channel-null assumption retained,0.76986,0.546,0.0,1.0,1.0,0.92,0.0,0.0,0.0,0.0012039576765210626,0.0,0.0012039576765210391,0.0,0.0,0.0,0.0,False
embodied_death_null,172,0.7196652719665272,0.94,0.91,0.9,0.93,0.004,0.73,0.78,2.6999999999999997,0.0,1.0,0.0,1.0,1.0,1.0,0.92,0.0,0.0,death collapses P_body; channel-null assumption retained,0.76986,0.546,0.0,1.0,1.0,0.92,0.0,0.0,0.0,0.0012039576765210626,0.0,0.0012039576765210391,0.0,0.0,0.0,0.0,False
embodied_death_null,173,0.7238493723849372,0.94,0.91,0.9,0.93,0.004,0.73,0.78,2.6999999999999997,0.0,1.0,0.0,1.0,1.0,1.0,0.92,0.0,0.0,death collapses P_body; channel-null assumption retained,0.76986,0.546,0.0,1.0,1.0,0.92,0.0,0.0,0.0,0.0012039576765210626,0.0,0.0012039576765210391,0.0,0.0,0.0,0.0,False
embodied_death_null,174,0.7280334728033473,0.94,0.91,0.9,0.93,0.004,0.73,0.78,2.6999999999999997,0.0,1.0,0.0,1.0,1.0,1.0,0.92,0.0,0.0,death collapses P_body; channel-null assumption retained,0.76986,0.546,0.0,1.0,1.0,0.92,0.0,0.0,0.0,0.0012039576765210626,0.0,0.0012039576765210391,0.0,0.0,0.0,0.0,False
embodied_death_null,175,0.7322175732217573,0.94,0.91,0.9,0.93,0.004,0.73,0.78,2.6999999999999997,0.0,1.0,0.0,1.0,1.0,1.0,0.92,0.0,0.0,death collapses P_body; channel-null assumption retained,0.76986,0.546,0.0,1.0,1.0,0.92,0.0,0.0,0.0,0.0012039576765210626,0.0,0.0012039576765210391,0.0,0.0,0.0,0.0,False
embodied_death_null,176,0.7364016736401674,0.94,0.91,0.9,0.93,0.004,0.73,0.78,2.6999999999999997,0.0,1.0,0.0,1.0,1.0,1.0,0.92,0.0,0.0,death collapses P_body; channel-null assumption retained,0.76986,0.546,0.0,1.0,1.0,0.92,0.0,0.0,0.0,0.0012039576765210626,0.0,0.0012039576765210391,0.0,0.0,0.0,0.0,False
embodied_death_null,177,0.7405857740585774,0.94,0.91,0.9,0.93,0.004,0.73,0.78,2.6999999999999997,0.0,1.0,0.0,1.0,1.0,1.0,0.92,0.0,0.0,death collapses P_body; channel-null assumption retained,0.76986,0.546,0.0,1.0,1.0,0.92,0.0,0.0,0.0,0.0012039576765210626,0.0,0.0012039576765210391,0.0,0.0,0.0,0.0,False
embodied_death_null,178,0.7447698744769874,0.94,0.91,0.9,0.93,0.004,0.73,0.78,2.6999999999999997,0.0,1.0,0.0,1.0,1.0,1.0,0.92,0.0,0.0,death collapses P_body; channel-null assumption retained,0.76986,0.546,0.0,1.0,1.0,0.92,0.0,0.0,0.0,0.0012039576765210626,0.0,0.0012039576765210391,0.0,0.0,0.0,0.0,False
embodied_death_null,179,0.7489539748953975,0.94,0.91,0.9,0.93,0.004,0.73,0.78,2.6999999999999997,0.0,1.0,0.0,1.0,1.0,1.0,0.92,0.0,0.0,death collapses P_body; channel-null assumption retained,0.76986,0.546,0.0,1.0,1.0,0.92,0.0,0.0,0.0,0.0012039576765210626,0.0,0.0012039576765210391,0.0,0.0,0.0,0.0,False
embodied_death_null,180,0.7531380753138075,0.94,0.91,0.9,0.93,0.004,0.73,0.78,2.6999999999999997,0.0,1.0,0.0,1.0,1.0,1.0,0.92,0.0,0.0,death collapses P_body; channel-null assumption retained,0.76986,0.546,0.0,1.0,1.0,0.92,0.0,0.0,0.0,0.0012039576765210626,0.0,0.0012039576765210391,0.0,0.0,0.0,0.0,False
embodied_death_null,181,0.7573221757322176,0.94,0.91,0.9,0.93,0.004,0.73,0.78,2.6999999999999997,0.0,1.0,0.0,1.0,1.0,1.0,0.92,0.0,0.0,death collapses P_body; channel-null assumption retained,0.76986,0.546,0.0,1.0,1.0,0.92,0.0,0.0,0.0,0.0012039576765210626,0.0,0.0012039576765210391,0.0,0.0,0.0,0.0,False
embodied_death_null,182,0.7615062761506276,0.94,0.91,0.9,0.93,0.004,0.73,0.78,2.6999999999999997,0.0,1.0,0.0,1.0,1.0,1.0,0.92,0.0,0.0,death collapses P_body; channel-null assumption retained,0.76986,0.546,0.0,1.0,1.0,0.92,0.0,0.0,0.0,0.0012039576765210626,0.0,0.0012039576765210391,0.0,0.0,0.0,0.0,False
embodied_death_null,183,0.7656903765690377,0.94,0.91,0.9,0.93,0.004,0.73,0.78,2.6999999999999997,0.0,1.0,0.0,1.0,1.0,1.0,0.92,0.0,0.0,death collapses P_body; channel-null assumption retained,0.76986,0.546,0.0,1.0,1.0,0.92,0.0,0.0,0.0,0.0012039576765210626,0.0,0.0012039576765210391,0.0,0.0,0.0,0.0,False
embodied_death_null,184,0.7698744769874477,0.94,0.91,0.9,0.93,0.004,0.73,0.78,2.6999999999999997,0.0,1.0,0.0,1.0,1.0,1.0,0.92,0.0,0.0,death collapses P_body; channel-null assumption retained,0.76986,0.546,0.0,1.0,1.0,0.92,0.0,0.0,0.0,0.0012039576765210626,0.0,0.0012039576765210391,0.0,0.0,0.0,0.0,False
embodied_death_null,185,0.7740585774058577,0.94,0.91,0.9,0.93,0.004,0.73,0.78,2.6999999999999997,0.0,1.0,0.0,1.0,1.0,1.0,0.92,0.0,0.0,death collapses P_body; channel-null assumption retained,0.76986,0.546,0.0,1.0,1.0,0.92,0.0,0.0,0.0,0.0012039576765210626,0.0,0.0012039576765210391,0.0,0.0,0.0,0.0,False
embodied_death_null,186,0.7782426778242678,0.94,0.91,0.9,0.93,0.004,0.73,0.78,2.6999999999999997,0.0,1.0,0.0,1.0,1.0,1.0,0.92,0.0,0.0,death collapses P_body; channel-null assumption retained,0.76986,0.546,0.0,1.0,1.0,0.92,0.0,0.0,0.0,0.0012039576765210626,0.0,0.0012039576765210391,0.0,0.0,0.0,0.0,False
embodied_death_null,187,0.7824267782426778,0.94,0.91,0.9,0.93,0.004,0.73,0.78,2.6999999999999997,0.0,1.0,0.0,1.0,1.0,1.0,0.92,0.0,0.0,death collapses P_body; channel-null assumption retained,0.76986,0.546,0.0,1.0,1.0,0.92,0.0,0.0,0.0,0.0012039576765210626,0.0,0.0012039576765210391,0.0,0.0,0.0,0.0,False
embodied_death_null,188,0.7866108786610879,0.94,0.91,0.9,0.93,0.004,0.73,0.78,2.6999999999999997,0.0,1.0,0.0,1.0,1.0,1.0,0.92,0.0,0.0,death collapses P_body; channel-null assumption retained,0.76986,0.546,0.0,1.0,1.0,0.92,0.0,0.0,0.0,0.0012039576765210626,0.0,0.0012039576765210391,0.0,0.0,0.0,0.0,False
embodied_death_null,189,0.7907949790794979,0.94,0.91,0.9,0.93,0.004,0.73,0.78,2.6999999999999997,0.0,1.0,0.0,1.0,1.0,1.0,0.92,0.0,0.0,death collapses P_body; channel-null assumption retained,0.76986,0.546,0.0,1.0,1.0,0.92,0.0,0.0,0.0,0.0012039576765210626,0.0,0.0012039576765210391,0.0,0.0,0.0,0.0,False
embodied_death_null,190,0.7949790794979079,0.94,0.91,0.9,0.93,0.004,0.73,0.78,2.6999999999999997,0.0,1.0,0.0,1.0,1.0,1.0,0.92,0.0,0.0,death collapses P_body; channel-null assumption retained,0.76986,0.546,0.0,1.0,1.0,0.92,0.0,0.0,0.0,0.0012039576765210626,0.0,0.0012039576765210391,0.0,0.0,0.0,0.0,False
embodied_death_null,191,0.799163179916318,0.94,0.91,0.9,0.93,0.004,0.73,0.78,2.6999999999999997,0.0,1.0,0.0,1.0,1.0,1.0,0.92,0.0,0.0,death collapses P_body; channel-null assumption retained,0.76986,0.546,0.0,1.0,1.0,0.92,0.0,0.0,0.0,0.0012039576765210626,0.0,0.0012039576765210391,0.0,0.0,0.0,0.0,False
embodied_death_null,192,0.803347280334728,0.94,0.91,0.9,0.93,0.004,0.73,0.78,2.6999999999999997,0.0,1.0,0.0,1.0,1.0,1.0,0.92,0.0,0.0,death collapses P_body; channel-null assumption retained,0.76986,0.546,0.0,1.0,1.0,0.92,0.0,0.0,0.0,0.0012039576765210626,0.0,0.0012039576765210391,0.0,0.0,0.0,0.0,False
embodied_death_null,193,0.8075313807531381,0.94,0.91,0.9,0.93,0.004,0.73,0.78,2.6999999999999997,0.0,1.0,0.0,1.0,1.0,1.0,0.92,0.0,0.0,death collapses P_body; channel-null assumption retained,0.76986,0.546,0.0,1.0,1.0,0.92,0.0,0.0,0.0,0.0012039576765210626,0.0,0.0012039576765210391,0.0,0.0,0.0,0.0,False
embodied_death_null,194,0.8117154811715481,0.94,0.91,0.9,0.93,0.004,0.73,0.78,2.6999999999999997,0.0,1.0,0.0,1.0,1.0,1.0,0.92,0.0,0.0,death collapses P_body; channel-null assumption retained,0.76986,0.546,0.0,1.0,1.0,0.92,0.0,0.0,0.0,0.0012039576765210626,0.0,0.0012039576765210391,0.0,0.0,0.0,0.0,False
embodied_death_null,195,0.8158995815899581,0.94,0.91,0.9,0.93,0.004,0.73,0.78,2.6999999999999997,0.0,1.0,0.0,1.0,1.0,1.0,0.92,0.0,0.0,death collapses P_body; channel-null assumption retained,0.76986,0.546,0.0,1.0,1.0,0.92,0.0,0.0,0.0,0.0012039576765210626,0.0,0.0012039576765210391,0.0,0.0,0.0,0.0,False
embodied_death_null,196,0.8200836820083682,0.94,0.91,0.9,0.93,0.004,0.73,0.78,2.6999999999999997,0.0,1.0,0.0,1.0,1.0,1.0,0.92,0.0,0.0,death collapses P_body; channel-null assumption retained,0.76986,0.546,0.0,1.0,1.0,0.92,0.0,0.0,0.0,0.0012039576765210626,0.0,0.0012039576765210391,0.0,0.0,0.0,0.0,False
embodied_death_null,197,0.8242677824267782,0.94,0.91,0.9,0.93,0.004,0.73,0.78,2.6999999999999997,0.0,1.0,0.0,1.0,1.0,1.0,0.92,0.0,0.0,death collapses P_body; channel-null assumption retained,0.76986,0.546,0.0,1.0,1.0,0.92,0.0,0.0,0.0,0.0012039576765210626,0.0,0.0012039576765210391,0.0,0.0,0.0,0.0,False
embodied_death_null,198,0.8284518828451883,0.94,0.91,0.9,0.93,0.004,0.73,0.78,2.6999999999999997,0.0,1.0,0.0,1.0,1.0,1.0,0.92,0.0,0.0,death collapses P_body; channel-null assumption retained,0.76986,0.546,0.0,1.0,1.0,0.92,0.0,0.0,0.0,0.0012039576765210626,0.0,0.0012039576765210391,0.0,0.0,0.0,0.0,False
embodied_death_null,199,0.8326359832635983,0.94,0.91,0.9,0.93,0.004,0.73,0.78,2.6999999999999997,0.0,1.0,0.0,1.0,1.0,1.0,0.92,0.0,0.0,death collapses P_body; channel-null assumption retained,0.76986,0.546,0.0,1.0,1.0,0.92,0.0,0.0,0.0,0.0012039576765210626,0.0,0.0012039576765210391,0.0,0.0,0.0,0.0,False
embodied_death_null,200,0.8368200836820083,0.94,0.91,0.9,0.93,0.004,0.73,0.78,2.6999999999999997,0.0,1.0,0.0,1.0,1.0,1.0,0.92,0.0,0.0,death collapses P_body; channel-null assumption retained,0.76986,0.546,0.0,1.0,1.0,0.92,0.0,0.0,0.0,0.0012039576765210626,0.0,0.0012039576765210391,0.0,0.0,0.0,0.0,False
embodied_death_null,201,0.8410041841004184,0.94,0.91,0.9,0.93,0.004,0.73,0.78,2.6999999999999997,0.0,1.0,0.0,1.0,1.0,1.0,0.92,0.0,0.0,death collapses P_body; channel-null assumption retained,0.76986,0.546,0.0,1.0,1.0,0.92,0.0,0.0,0.0,0.0012039576765210626,0.0,0.0012039576765210391,0.0,0.0,0.0,0.0,False
embodied_death_null,202,0.8451882845188284,0.94,0.91,0.9,0.93,0.004,0.73,0.78,2.6999999999999997,0.0,1.0,0.0,1.0,1.0,1.0,0.92,0.0,0.0,death collapses P_body; channel-null assumption retained,0.76986,0.546,0.0,1.0,1.0,0.92,0.0,0.0,0.0,0.0012039576765210626,0.0,0.0012039576765210391,0.0,0.0,0.0,0.0,False
embodied_death_null,203,0.8493723849372385,0.94,0.91,0.9,0.93,0.004,0.73,0.78,2.6999999999999997,0.0,1.0,0.0,1.0,1.0,1.0,0.92,0.0,0.0,death collapses P_body; channel-null assumption retained,0.76986,0.546,0.0,1.0,1.0,0.92,0.0,0.0,0.0,0.0012039576765210626,0.0,0.0012039576765210391,0.0,0.0,0.0,0.0,False
embodied_death_null,204,0.8535564853556485,0.94,0.91,0.9,0.93,0.004,0.73,0.78,2.6999999999999997,0.0,1.0,0.0,1.0,1.0,1.0,0.92,0.0,0.0,death collapses P_body; channel-null assumption retained,0.76986,0.546,0.0,1.0,1.0,0.92,0.0,0.0,0.0,0.0012039576765210626,0.0,0.0012039576765210391,0.0,0.0,0.0,0.0,False
embodied_death_null,205,0.8577405857740585,0.94,0.91,0.9,0.93,0.004,0.73,0.78,2.6999999999999997,0.0,1.0,0.0,1.0,1.0,1.0,0.92,0.0,0.0,death collapses P_body; channel-null assumption retained,0.76986,0.546,0.0,1.0,1.0,0.92,0.0,0.0,0.0,0.0012039576765210626,0.0,0.0012039576765210391,0.0,0.0,0.0,0.0,False
embodied_death_null,206,0.8619246861924686,0.94,0.91,0.9,0.93,0.004,0.73,0.78,2.6999999999999997,0.0,1.0,0.0,1.0,1.0,1.0,0.92,0.0,0.0,death collapses P_body; channel-null assumption retained,0.76986,0.546,0.0,1.0,1.0,0.92,0.0,0.0,0.0,0.0012039576765210626,0.0,0.0012039576765210391,0.0,0.0,0.0,0.0,False
embodied_death_null,207,0.8661087866108786,0.94,0.91,0.9,0.93,0.004,0.73,0.78,2.6999999999999997,0.0,1.0,0.0,1.0,1.0,1.0,0.92,0.0,0.0,death collapses P_body; channel-null assumption retained,0.76986,0.546,0.0,1.0,1.0,0.92,0.0,0.0,0.0,0.0012039576765210626,0.0,0.0012039576765210391,0.0,0.0,0.0,0.0,False
embodied_death_null,208,0.8702928870292888,0.94,0.91,0.9,0.93,0.004,0.73,0.78,2.6999999999999997,0.0,1.0,0.0,1.0,1.0,1.0,0.92,0.0,0.0,death collapses P_body; channel-null assumption retained,0.76986,0.546,0.0,1.0,1.0,0.92,0.0,0.0,0.0,0.0012039576765210626,0.0,0.0012039576765210391,0.0,0.0,0.0,0.0,False
embodied_death_null,209,0.8744769874476988,0.94,0.91,0.9,0.93,0.004,0.73,0.78,2.6999999999999997,0.0,1.0,0.0,1.0,1.0,1.0,0.92,0.0,0.0,death collapses P_body; channel-null assumption retained,0.76986,0.546,0.0,1.0,1.0,0.92,0.0,0.0,0.0,0.0012039576765210626,0.0,0.0012039576765210391,0.0,0.0,0.0,0.0,False
embodied_death_null,210,0.8786610878661087,0.94,0.91,0.9,0.93,0.004,0.73,0.78,2.6999999999999997,0.0,1.0,0.0,1.0,1.0,1.0,0.92,0.0,0.0,death collapses P_body; channel-null assumption retained,0.76986,0.546,0.0,1.0,1.0,0.92,0.0,0.0,0.0,0.0012039576765210626,0.0,0.0012039576765210391,0.0,0.0,0.0,0.0,False
embodied_death_null,211,0.8828451882845189,0.94,0.91,0.9,0.93,0.004,0.73,0.78,2.6999999999999997,0.0,1.0,0.0,1.0,1.0,1.0,0.92,0.0,0.0,death collapses P_body; channel-null assumption retained,0.76986,0.546,0.0,1.0,1.0,0.92,0.0,0.0,0.0,0.0012039576765210626,0.0,0.0012039576765210391,0.0,0.0,0.0,0.0,False
embodied_death_null,212,0.8870292887029289,0.94,0.91,0.9,0.93,0.004,0.73,0.78,2.6999999999999997,0.0,1.0,0.0,1.0,1.0,1.0,0.92,0.0,0.0,death collapses P_body; channel-null assumption retained,0.76986,0.546,0.0,1.0,1.0,0.92,0.0,0.0,0.0,0.0012039576765210626,0.0,0.0012039576765210391,0.0,0.0,0.0,0.0,False
embodied_death_null,213,0.891213389121339,0.94,0.91,0.9,0.93,0.004,0.73,0.78,2.6999999999999997,0.0,1.0,0.0,1.0,1.0,1.0,0.92,0.0,0.0,death collapses P_body; channel-null assumption retained,0.76986,0.546,0.0,1.0,1.0,0.92,0.0,0.0,0.0,0.0012039576765210626,0.0,0.0012039576765210391,0.0,0.0,0.0,0.0,False
embodied_death_null,214,0.895397489539749,0.94,0.91,0.9,0.93,0.004,0.73,0.78,2.6999999999999997,0.0,1.0,0.0,1.0,1.0,1.0,0.92,0.0,0.0,death collapses P_body; channel-null assumption retained,0.76986,0.546,0.0,1.0,1.0,0.92,0.0,0.0,0.0,0.0012039576765210626,0.0,0.0012039576765210391,0.0,0.0,0.0,0.0,False
embodied_death_null,215,0.899581589958159,0.94,0.91,0.9,0.93,0.004,0.73,0.78,2.6999999999999997,0.0,1.0,0.0,1.0,1.0,1.0,0.92,0.0,0.0,death collapses P_body; channel-null assumption retained,0.76986,0.546,0.0,1.0,1.0,0.92,0.0,0.0,0.0,0.0012039576765210626,0.0,0.0012039576765210391,0.0,0.0,0.0,0.0,False
embodied_death_null,216,0.9037656903765691,0.94,0.91,0.9,0.93,0.004,0.73,0.78,2.6999999999999997,0.0,1.0,0.0,1.0,1.0,1.0,0.92,0.0,0.0,death collapses P_body; channel-null assumption retained,0.76986,0.546,0.0,1.0,1.0,0.92,0.0,0.0,0.0,0.0012039576765210626,0.0,0.0012039576765210391,0.0,0.0,0.0,0.0,False
embodied_death_null,217,0.9079497907949791,0.94,0.91,0.9,0.93,0.004,0.73,0.78,2.6999999999999997,0.0,1.0,0.0,1.0,1.0,1.0,0.92,0.0,0.0,death collapses P_body; channel-null assumption retained,0.76986,0.546,0.0,1.0,1.0,0.92,0.0,0.0,0.0,0.0012039576765210626,0.0,0.0012039576765210391,0.0,0.0,0.0,0.0,False
embodied_death_null,218,0.9121338912133892,0.94,0.91,0.9,0.93,0.004,0.73,0.78,2.6999999999999997,0.0,1.0,0.0,1.0,1.0,1.0,0.92,0.0,0.0,death collapses P_body; channel-null assumption retained,0.76986,0.546,0.0,1.0,1.0,0.92,0.0,0.0,0.0,0.0012039576765210626,0.0,0.0012039576765210391,0.0,0.0,0.0,0.0,False
embodied_death_null,219,0.9163179916317992,0.94,0.91,0.9,0.93,0.004,0.73,0.78,2.6999999999999997,0.0,1.0,0.0,1.0,1.0,1.0,0.92,0.0,0.0,death collapses P_body; channel-null assumption retained,0.76986,0.546,0.0,1.0,1.0,0.92,0.0,0.0,0.0,0.0012039576765210626,0.0,0.0012039576765210391,0.0,0.0,0.0,0.0,False
embodied_death_null,220,0.9205020920502092,0.94,0.91,0.9,0.93,0.004,0.73,0.78,2.6999999999999997,0.0,1.0,0.0,1.0,1.0,1.0,0.92,0.0,0.0,death collapses P_body; channel-null assumption retained,0.76986,0.546,0.0,1.0,1.0,0.92,0.0,0.0,0.0,0.0012039576765210626,0.0,0.0012039576765210391,0.0,0.0,0.0,0.0,False
embodied_death_null,221,0.9246861924686193,0.94,0.91,0.9,0.93,0.004,0.73,0.78,2.6999999999999997,0.0,1.0,0.0,1.0,1.0,1.0,0.92,0.0,0.0,death collapses P_body; channel-null assumption retained,0.76986,0.546,0.0,1.0,1.0,0.92,0.0,0.0,0.0,0.0012039576765210626,0.0,0.0012039576765210391,0.0,0.0,0.0,0.0,False
embodied_death_null,222,0.9288702928870293,0.94,0.91,0.9,0.93,0.004,0.73,0.78,2.6999999999999997,0.0,1.0,0.0,1.0,1.0,1.0,0.92,0.0,0.0,death collapses P_body; channel-null assumption retained,0.76986,0.546,0.0,1.0,1.0,0.92,0.0,0.0,0.0,0.0012039576765210626,0.0,0.0012039576765210391,0.0,0.0,0.0,0.0,False
embodied_death_null,223,0.9330543933054394,0.94,0.91,0.9,0.93,0.004,0.73,0.78,2.6999999999999997,0.0,1.0,0.0,1.0,1.0,1.0,0.92,0.0,0.0,death collapses P_body; channel-null assumption retained,0.76986,0.546,0.0,1.0,1.0,0.92,0.0,0.0,0.0,0.0012039576765210626,0.0,0.0012039576765210391,0.0,0.0,0.0,0.0,False
embodied_death_null,224,0.9372384937238494,0.94,0.91,0.9,0.93,0.004,0.73,0.78,2.6999999999999997,0.0,1.0,0.0,1.0,1.0,1.0,0.92,0.0,0.0,death collapses P_body; channel-null assumption retained,0.76986,0.546,0.0,1.0,1.0,0.92,0.0,0.0,0.0,0.0012039576765210626,0.0,0.0012039576765210391,0.0,0.0,0.0,0.0,False
embodied_death_null,225,0.9414225941422594,0.94,0.91,0.9,0.93,0.004,0.73,0.78,2.6999999999999997,0.0,1.0,0.0,1.0,1.0,1.0,0.92,0.0,0.0,death collapses P_body; channel-null assumption retained,0.76986,0.546,0.0,1.0,1.0,0.92,0.0,0.0,0.0,0.0012039576765210626,0.0,0.0012039576765210391,0.0,0.0,0.0,0.0,False
embodied_death_null,226,0.9456066945606695,0.94,0.91,0.9,0.93,0.004,0.73,0.78,2.6999999999999997,0.0,1.0,0.0,1.0,1.0,1.0,0.92,0.0,0.0,death collapses P_body; channel-null assumption retained,0.76986,0.546,0.0,1.0,1.0,0.92,0.0,0.0,0.0,0.0012039576765210626,0.0,0.0012039576765210391,0.0,0.0,0.0,0.0,False
embodied_death_null,227,0.9497907949790795,0.94,0.91,0.9,0.93,0.004,0.73,0.78,2.6999999999999997,0.0,1.0,0.0,1.0,1.0,1.0,0.92,0.0,0.0,death collapses P_body; channel-null assumption retained,0.76986,0.546,0.0,1.0,1.0,0.92,0.0,0.0,0.0,0.0012039576765210626,0.0,0.0012039576765210391,0.0,0.0,0.0,0.0,False
embodied_death_null,228,0.9539748953974896,0.94,0.91,0.9,0.93,0.004,0.73,0.78,2.6999999999999997,0.0,1.0,0.0,1.0,1.0,1.0,0.92,0.0,0.0,death collapses P_body; channel-null assumption retained,0.76986,0.546,0.0,1.0,1.0,0.92,0.0,0.0,0.0,0.0012039576765210626,0.0,0.0012039576765210391,0.0,0.0,0.0,0.0,False
embodied_death_null,229,0.9581589958158996,0.94,0.91,0.9,0.93,0.004,0.73,0.78,2.6999999999999997,0.0,1.0,0.0,1.0,1.0,1.0,0.92,0.0,0.0,death collapses P_body; channel-null assumption retained,0.76986,0.546,0.0,1.0,1.0,0.92,0.0,0.0,0.0,0.0012039576765210626,0.0,0.0012039576765210391,0.0,0.0,0.0,0.0,False
embodied_death_null,230,0.9623430962343096,0.94,0.91,0.9,0.93,0.004,0.73,0.78,2.6999999999999997,0.0,1.0,0.0,1.0,1.0,1.0,0.92,0.0,0.0,death collapses P_body; channel-null assumption retained,0.76986,0.546,0.0,1.0,1.0,0.92,0.0,0.0,0.0,0.0012039576765210626,0.0,0.0012039576765210391,0.0,0.0,0.0,0.0,False
embodied_death_null,231,0.9665271966527197,0.94,0.91,0.9,0.93,0.004,0.73,0.78,2.6999999999999997,0.0,1.0,0.0,1.0,1.0,1.0,0.92,0.0,0.0,death collapses P_body; channel-null assumption retained,0.76986,0.546,0.0,1.0,1.0,0.92,0.0,0.0,0.0,0.0012039576765210626,0.0,0.0012039576765210391,0.0,0.0,0.0,0.0,False
embodied_death_null,232,0.9707112970711297,0.94,0.91,0.9,0.93,0.004,0.73,0.78,2.6999999999999997,0.0,1.0,0.0,1.0,1.0,1.0,0.92,0.0,0.0,death collapses P_body; channel-null assumption retained,0.76986,0.546,0.0,1.0,1.0,0.92,0.0,0.0,0.0,0.0012039576765210626,0.0,0.0012039576765210391,0.0,0.0,0.0,0.0,False
embodied_death_null,233,0.9748953974895398,0.94,0.91,0.9,0.93,0.004,0.73,0.78,2.6999999999999997,0.0,1.0,0.0,1.0,1.0,1.0,0.92,0.0,0.0,death collapses P_body; channel-null assumption retained,0.76986,0.546,0.0,1.0,1.0,0.92,0.0,0.0,0.0,0.0012039576765210626,0.0,0.0012039576765210391,0.0,0.0,0.0,0.0,False
embodied_death_null,234,0.9790794979079498,0.94,0.91,0.9,0.93,0.004,0.73,0.78,2.6999999999999997,0.0,1.0,0.0,1.0,1.0,1.0,0.92,0.0,0.0,death collapses P_body; channel-null assumption retained,0.76986,0.546,0.0,1.0,1.0,0.92,0.0,0.0,0.0,0.0012039576765210626,0.0,0.0012039576765210391,0.0,0.0,0.0,0.0,False
embodied_death_null,235,0.9832635983263598,0.94,0.91,0.9,0.93,0.004,0.73,0.78,2.6999999999999997,0.0,1.0,0.0,1.0,1.0,1.0,0.92,0.0,0.0,death collapses P_body; channel-null assumption retained,0.76986,0.546,0.0,1.0,1.0,0.92,0.0,0.0,0.0,0.0012039576765210626,0.0,0.0012039576765210391,0.0,0.0,0.0,0.0,False
embodied_death_null,236,0.9874476987447699,0.94,0.91,0.9,0.93,0.004,0.73,0.78,2.6999999999999997,0.0,1.0,0.0,1.0,1.0,1.0,0.92,0.0,0.0,death collapses P_body; channel-null assumption retained,0.76986,0.546,0.0,1.0,1.0,0.92,0.0,0.0,0.0,0.0012039576765210626,0.0,0.0012039576765210391,0.0,0.0,0.0,0.0,False
embodied_death_null,237,0.9916317991631799,0.94,0.91,0.9,0.93,0.004,0.73,0.78,2.6999999999999997,0.0,1.0,0.0,1.0,1.0,1.0,0.92,0.0,0.0,death collapses P_body; channel-null assumption retained,0.76986,0.546,0.0,1.0,1.0,0.92,0.0,0.0,0.0,0.0012039576765210626,0.0,0.0012039576765210391,0.0,0.0,0.0,0.0,False
embodied_death_null,238,0.99581589958159,0.94,0.91,0.9,0.93,0.004,0.73,0.78,2.6999999999999997,0.0,1.0,0.0,1.0,1.0,1.0,0.92,0.0,0.0,death collapses P_body; channel-null assumption retained,0.76986,0.546,0.0,1.0,1.0,0.92,0.0,0.0,0.0,0.0012039576765210626,0.0,0.0012039576765210391,0.0,0.0,0.0,0.0,False
embodied_death_null,239,1.0,0.94,0.91,0.9,0.93,0.004,0.73,0.78,2.6999999999999997,0.0,1.0,0.0,1.0,1.0,1.0,0.92,0.0,0.0,death collapses P_body; channel-null assumption retained,0.76986,0.546,0.0,1.0,1.0,0.92,0.0,0.0,0.0,0.0012039576765210626,0.0,0.0012039576765210391,0.0,0.0,0.0,0.0,False
active_spirit_declared,0,0.0,0.94,0.91,0.9,0.93,0.004,0.52,0.08,0.05,0.0,1.0,0.0,1.0,1.0,1.0,0.92,0.0,0.03,declared local non-coercive spirit participation candidate,0.76986,0.546,0.0,1.0,1.0,0.92,0.0,0.0,0.0,1.4128803218057405e-05,0.0,1.4128803218049768e-05,0.0,0.0,0.0,0.0,False
active_spirit_declared,1,0.0041841004184100415,0.94,0.91,0.9,0.93,0.004,0.52,0.08,0.05,0.0,1.0,0.0,1.0,1.0,1.0,0.92,0.0,0.03,declared local non-coercive spirit participation candidate,0.76986,0.546,0.0,1.0,1.0,0.92,0.0,0.0,0.0,1.4128803218057405e-05,0.0,1.4128803218049768e-05,0.0,0.0,0.0,0.0,False
active_spirit_declared,2,0.008368200836820083,0.94,0.91,0.9,0.93,0.004,0.52,0.08,0.05,0.0,1.0,0.0,1.0,1.0,1.0,0.92,0.0,0.03,declared local non-coercive spirit participation candidate,0.76986,0.546,0.0,1.0,1.0,0.92,0.0,0.0,0.0,1.4128803218057405e-05,0.0,1.4128803218049768e-05,0.0,0.0,0.0,0.0,False
active_spirit_declared,3,0.012552301255230125,0.94,0.91,0.9,0.93,0.004,0.52,0.08,0.05,0.0,1.0,0.0,1.0,1.0,1.0,0.92,0.0,0.03,declared local non-coercive spirit participation candidate,0.76986,0.546,0.0,1.0,1.0,0.92,0.0,0.0,0.0,1.4128803218057405e-05,0.0,1.4128803218049768e-05,0.0,0.0,0.0,0.0,False
active_spirit_declared,4,0.016736401673640166,0.94,0.91,0.9,0.93,0.004,0.52,0.08,0.05,0.0,1.0,0.0,1.0,1.0,1.0,0.92,0.0,0.03,declared local non-coercive spirit participation candidate,0.76986,0.546,0.0,1.0,1.0,0.92,0.0,0.0,0.0,1.4128803218057405e-05,0.0,1.4128803218049768e-05,0.0,0.0,0.0,0.0,False
active_spirit_declared,5,0.02092050209205021,0.94,0.91,0.9,0.93,0.004,0.52,0.08,0.05,0.0,1.0,0.0,1.0,1.0,1.0,0.92,0.0,0.03,declared local non-coercive spirit participation candidate,0.76986,0.546,0.0,1.0,1.0,0.92,0.0,0.0,0.0,1.4128803218057405e-05,0.0,1.4128803218049768e-05,0.0,0.0,0.0,0.0,False
active_spirit_declared,6,0.02510460251046025,0.94,0.91,0.9,0.93,0.004,0.52,0.08,0.05,0.0,1.0,0.0,1.0,1.0,1.0,0.92,0.0,0.03,declared local non-coercive spirit participation candidate,0.76986,0.546,0.0,1.0,1.0,0.92,0.0,0.0,0.0,1.4128803218057405e-05,0.0,1.4128803218049768e-05,0.0,0.0,0.0,0.0,False
active_spirit_declared,7,0.029288702928870293,0.94,0.91,0.9,0.93,0.004,0.52,0.08,0.05,0.0,1.0,0.0,1.0,1.0,1.0,0.92,0.0,0.03,declared local non-coercive spirit participation candidate,0.76986,0.546,0.0,1.0,1.0,0.92,0.0,0.0,0.0,1.4128803218057405e-05,0.0,1.4128803218049768e-05,0.0,0.0,0.0,0.0,False
active_spirit_declared,8,0.03347280334728033,0.94,0.91,0.9,0.93,0.004,0.52,0.08,0.05,0.0,1.0,0.0,1.0,1.0,1.0,0.92,0.0,0.03,declared local non-coercive spirit participation candidate,0.76986,0.546,0.0,1.0,1.0,0.92,0.0,0.0,0.0,1.4128803218057405e-05,0.0,1.4128803218049768e-05,0.0,0.0,0.0,0.0,False
active_spirit_declared,9,0.03765690376569038,0.94,0.91,0.9,0.93,0.004,0.52,0.08,0.05,0.0,1.0,0.0,1.0,1.0,1.0,0.92,0.0,0.03,declared local non-coercive spirit participation candidate,0.76986,0.546,0.0,1.0,1.0,0.92,0.0,0.0,0.0,1.4128803218057405e-05,0.0,1.4128803218049768e-05,0.0,0.0,0.0,0.0,False
active_spirit_declared,10,0.04184100418410042,0.94,0.91,0.9,0.93,0.004,0.52,0.08,0.05,0.0,1.0,0.0,1.0,1.0,1.0,0.92,0.0,0.03,declared local non-coercive spirit participation candidate,0.76986,0.546,0.0,1.0,1.0,0.92,0.0,0.0,0.0,1.4128803218057405e-05,0.0,1.4128803218049768e-05,0.0,0.0,0.0,0.0,False
active_spirit_declared,11,0.04602510460251046,0.94,0.91,0.9,0.93,0.004,0.52,0.08,0.05,0.0,1.0,0.0,1.0,1.0,1.0,0.92,0.0,0.03,declared local non-coercive spirit participation candidate,0.76986,0.546,0.0,1.0,1.0,0.92,0.0,0.0,0.0,1.4128803218057405e-05,0.0,1.4128803218049768e-05,0.0,0.0,0.0,0.0,False
active_spirit_declared,12,0.0502092050209205,0.94,0.91,0.9,0.93,0.004,0.52,0.08,0.05,0.0,1.0,0.0,1.0,1.0,1.0,0.92,0.0,0.03,declared local non-coercive spirit participation candidate,0.76986,0.546,0.0,1.0,1.0,0.92,0.0,0.0,0.0,1.4128803218057405e-05,0.0,1.4128803218049768e-05,0.0,0.0,0.0,0.0,False
active_spirit_declared,13,0.05439330543933055,0.94,0.91,0.9,0.93,0.004,0.52,0.08,0.05,0.0,1.0,0.0,1.0,1.0,1.0,0.92,0.0,0.03,declared local non-coercive spirit participation candidate,0.76986,0.546,0.0,1.0,1.0,0.92,0.0,0.0,0.0,1.4128803218057405e-05,0.0,1.4128803218049768e-05,0.0,0.0,0.0,0.0,False
active_spirit_declared,14,0.058577405857740586,0.94,0.91,0.9,0.93,0.004,0.52,0.08,0.05,0.0,1.0,0.0,1.0,1.0,1.0,0.92,0.0,0.03,declared local non-coercive spirit participation candidate,0.76986,0.546,0.0,1.0,1.0,0.92,0.0,0.0,0.0,1.4128803218057405e-05,0.0,1.4128803218049768e-05,0.0,0.0,0.0,0.0,False
active_spirit_declared,15,0.06276150627615062,0.94,0.91,0.9,0.93,0.004,0.52,0.08,0.05,0.0,1.0,0.0,1.0,1.0,1.0,0.92,0.0,0.03,declared local non-coercive spirit participation candidate,0.76986,0.546,0.0,1.0,1.0,0.92,0.0,0.0,0.0,1.4128803218057405e-05,0.0,1.4128803218049768e-05,0.0,0.0,0.0,0.0,False
active_spirit_declared,16,0.06694560669456066,0.94,0.91,0.9,0.93,0.004,0.52,0.08,0.05,0.0,1.0,0.0,1.0,1.0,1.0,0.92,0.0,0.03,declared local non-coercive spirit participation candidate,0.76986,0.546,0.0,1.0,1.0,0.92,0.0,0.0,0.0,1.4128803218057405e-05,0.0,1.4128803218049768e-05,0.0,0.0,0.0,0.0,False
active_spirit_declared,17,0.07112970711297072,0.94,0.91,0.9,0.93,0.004,0.52,0.08,0.05,0.0,1.0,0.0,1.0,1.0,1.0,0.92,0.0,0.03,declared local non-coercive spirit participation candidate,0.76986,0.546,0.0,1.0,1.0,0.92,0.0,0.0,0.0,1.4128803218057405e-05,0.0,1.4128803218049768e-05,0.0,0.0,0.0,0.0,False
active_spirit_declared,18,0.07531380753138076,0.94,0.91,0.9,0.93,0.004,0.52,0.08,0.05,0.0,1.0,0.0,1.0,1.0,1.0,0.92,0.0,0.03,declared local non-coercive spirit participation candidate,0.76986,0.546,0.0,1.0,1.0,0.92,0.0,0.0,0.0,1.4128803218057405e-05,0.0,1.4128803218049768e-05,0.0,0.0,0.0,0.0,False
active_spirit_declared,19,0.0794979079497908,0.94,0.91,0.9,0.93,0.004,0.52,0.08,0.05,0.0,1.0,0.0,1.0,1.0,1.0,0.92,0.0,0.03,declared local non-coercive spirit participation candidate,0.76986,0.546,0.0,1.0,1.0,0.92,0.0,0.0,0.0,1.4128803218057405e-05,0.0,1.4128803218049768e-05,0.0,0.0,0.0,0.0,False
active_spirit_declared,20,0.08368200836820083,0.94,0.91,0.9,0.93,0.004,0.52,0.08,0.05,0.0,1.0,0.0,1.0,1.0,1.0,0.92,0.0,0.03,declared local non-coercive spirit participation candidate,0.76986,0.546,0.0,1.0,1.0,0.92,0.0,0.0,0.0,1.4128803218057405e-05,0.0,1.4128803218049768e-05,0.0,0.0,0.0,0.0,False
active_spirit_declared,21,0.08786610878661087,0.94,0.91,0.9,0.93,0.004,0.52,0.08,0.05,0.0,1.0,0.0,1.0,1.0,1.0,0.92,0.0,0.03,declared local non-coercive spirit participation candidate,0.76986,0.546,0.0,1.0,1.0,0.92,0.0,0.0,0.0,1.4128803218057405e-05,0.0,1.4128803218049768e-05,0.0,0.0,0.0,0.0,False
active_spirit_declared,22,0.09205020920502092,0.94,0.91,0.9,0.93,0.004,0.52,0.08,0.05,0.0,1.0,0.0,1.0,1.0,1.0,0.92,0.0,0.03,declared local non-coercive spirit participation candidate,0.76986,0.546,0.0,1.0,1.0,0.92,0.0,0.0,0.0,1.4128803218057405e-05,0.0,1.4128803218049768e-05,0.0,0.0,0.0,0.0,False
active_spirit_declared,23,0.09623430962343096,0.94,0.91,0.9,0.93,0.004,0.52,0.08,0.05,0.0,1.0,0.0,1.0,1.0,1.0,0.92,0.0,0.03,declared local non-coercive spirit participation candidate,0.76986,0.546,0.0,1.0,1.0,0.92,0.0,0.0,0.0,1.4128803218057405e-05,0.0,1.4128803218049768e-05,0.0,0.0,0.0,0.0,False
active_spirit_declared,24,0.100418410041841,0.94,0.91,0.9,0.93,0.004,0.52,0.08,0.05,0.0,1.0,0.0,1.0,1.0,1.0,0.92,0.0,0.03,declared local non-coercive spirit participation candidate,0.76986,0.546,0.0,1.0,1.0,0.92,0.0,0.0,0.0,1.4128803218057405e-05,0.0,1.4128803218049768e-05,0.0,0.0,0.0,0.0,False
active_spirit_declared,25,0.10460251046025104,0.94,0.91,0.9,0.93,0.004,0.52,0.08,0.05,0.0,1.0,0.0,1.0,1.0,1.0,0.92,0.0,0.03,declared local non-coercive spirit participation candidate,0.76986,0.546,0.0,1.0,1.0,0.92,0.0,0.0,0.0,1.4128803218057405e-05,0.0,1.4128803218049768e-05,0.0,0.0,0.0,0.0,False
active_spirit_declared,26,0.1087866108786611,0.94,0.91,0.9,0.93,0.004,0.52,0.08,0.05,0.0,1.0,0.0,1.0,1.0,1.0,0.92,0.0,0.03,declared local non-coercive spirit participation candidate,0.76986,0.546,0.0,1.0,1.0,0.92,0.0,0.0,0.0,1.4128803218057405e-05,0.0,1.4128803218049768e-05,0.0,0.0,0.0,0.0,False
active_spirit_declared,27,0.11297071129707113,0.94,0.91,0.9,0.93,0.004,0.52,0.08,0.05,0.0,1.0,0.0,1.0,1.0,1.0,0.92,0.0,0.03,declared local non-coercive spirit participation candidate,0.76986,0.546,0.0,1.0,1.0,0.92,0.0,0.0,0.0,1.4128803218057405e-05,0.0,1.4128803218049768e-05,0.0,0.0,0.0,0.0,False
active_spirit_declared,28,0.11715481171548117,0.94,0.91,0.9,0.93,0.004,0.52,0.08,0.05,0.0,1.0,0.0,1.0,1.0,1.0,0.92,0.0,0.03,declared local non-coercive spirit participation candidate,0.76986,0.546,0.0,1.0,1.0,0.92,0.0,0.0,0.0,1.4128803218057405e-05,0.0,1.4128803218049768e-05,0.0,0.0,0.0,0.0,False
active_spirit_declared,29,0.12133891213389121,0.94,0.91,0.9,0.93,0.004,0.52,0.08,0.05,0.0,1.0,0.0,1.0,1.0,1.0,0.92,0.0,0.03,declared local non-coercive spirit participation candidate,0.76986,0.546,0.0,1.0,1.0,0.92,0.0,0.0,0.0,1.4128803218057405e-05,0.0,1.4128803218049768e-05,0.0,0.0,0.0,0.0,False
active_spirit_declared,30,0.12552301255230125,0.94,0.91,0.9,0.93,0.004,0.52,0.08,0.05,0.0,1.0,0.0,1.0,1.0,1.0,0.92,0.0,0.03,declared local non-coercive spirit participation candidate,0.76986,0.546,0.0,1.0,1.0,0.92,0.0,0.0,0.0,1.4128803218057405e-05,0.0,1.4128803218049768e-05,0.0,0.0,0.0,0.0,False
active_spirit_declared,31,0.1297071129707113,0.94,0.91,0.9,0.93,0.004,0.52,0.08,0.05,0.0,1.0,0.0,1.0,1.0,1.0,0.92,0.0,0.03,declared local non-coercive spirit participation candidate,0.76986,0.546,0.0,1.0,1.0,0.92,0.0,0.0,0.0,1.4128803218057405e-05,0.0,1.4128803218049768e-05,0.0,0.0,0.0,0.0,False
active_spirit_declared,32,0.13389121338912133,0.94,0.91,0.9,0.93,0.004,0.52,0.08,0.05,0.0,1.0,0.0,1.0,1.0,1.0,0.92,0.0,0.03,declared local non-coercive spirit participation candidate,0.76986,0.546,0.0,1.0,1.0,0.92,0.0,0.0,0.0,1.4128803218057405e-05,0.0,1.4128803218049768e-05,0.0,0.0,0.0,0.0,False
active_spirit_declared,33,0.13807531380753138,0.94,0.91,0.9,0.93,0.004,0.52,0.08,0.05,0.0,1.0,0.0,1.0,1.0,1.0,0.92,0.0,0.03,declared local non-coercive spirit participation candidate,0.76986,0.546,0.0,1.0,1.0,0.92,0.0,0.0,0.0,1.4128803218057405e-05,0.0,1.4128803218049768e-05,0.0,0.0,0.0,0.0,False
active_spirit_declared,34,0.14225941422594143,0.94,0.91,0.9,0.93,0.004,0.52,0.08,0.05,0.0,1.0,0.0,1.0,1.0,1.0,0.92,0.0,0.03,declared local non-coercive spirit participation candidate,0.76986,0.546,0.0,1.0,1.0,0.92,0.0,0.0,0.0,1.4128803218057405e-05,0.0,1.4128803218049768e-05,0.0,0.0,0.0,0.0,False
active_spirit_declared,35,0.14644351464435146,0.94,0.91,0.9,0.93,0.004,0.52,0.08,0.05,0.0,1.0,0.0,1.0,1.0,1.0,0.92,0.0,0.03,declared local non-coercive spirit participation candidate,0.76986,0.546,0.0,1.0,1.0,0.92,0.0,0.0,0.0,1.4128803218057405e-05,0.0,1.4128803218049768e-05,0.0,0.0,0.0,0.0,False
active_spirit_declared,36,0.1506276150627615,0.94,0.91,0.9,0.93,0.004,0.52,0.08,0.05,0.0,1.0,0.0,1.0,1.0,1.0,0.92,0.0,0.03,declared local non-coercive spirit participation candidate,0.76986,0.546,0.0,1.0,1.0,0.92,0.0,0.0,0.0,1.4128803218057405e-05,0.0,1.4128803218049768e-05,0.0,0.0,0.0,0.0,False
active_spirit_declared,37,0.15481171548117154,0.94,0.91,0.9,0.93,0.004,0.52,0.08,0.05,0.0,1.0,0.0,1.0,1.0,1.0,0.92,0.0,0.03,declared local non-coercive spirit participation candidate,0.76986,0.546,0.0,1.0,1.0,0.92,0.0,0.0,0.0,1.4128803218057405e-05,0.0,1.4128803218049768e-05,0.0,0.0,0.0,0.0,False
active_spirit_declared,38,0.1589958158995816,0.94,0.91,0.9,0.93,0.004,0.52,0.08,0.05,0.0,1.0,0.0,1.0,1.0,1.0,0.92,0.0,0.03,declared local non-coercive spirit participation candidate,0.76986,0.546,0.0,1.0,1.0,0.92,0.0,0.0,0.0,1.4128803218057405e-05,0.0,1.4128803218049768e-05,0.0,0.0,0.0,0.0,False
active_spirit_declared,39,0.16317991631799164,0.94,0.91,0.9,0.93,0.004,0.52,0.08,0.05,0.0,1.0,0.0,1.0,1.0,1.0,0.92,0.0,0.03,declared local non-coercive spirit participation candidate,0.76986,0.546,0.0,1.0,1.0,0.92,0.0,0.0,0.0,1.4128803218057405e-05,0.0,1.4128803218049768e-05,0.0,0.0,0.0,0.0,False
active_spirit_declared,40,0.16736401673640167,0.94,0.91,0.9,0.93,0.004,0.52,0.08,0.05,0.0,1.0,0.0,1.0,1.0,1.0,0.92,0.0,0.03,declared local non-coercive spirit participation candidate,0.76986,0.546,0.0,1.0,1.0,0.92,0.0,0.0,0.0,1.4128803218057405e-05,0.0,1.4128803218049768e-05,0.0,0.0,0.0,0.0,False
active_spirit_declared,41,0.17154811715481172,0.94,0.91,0.9,0.93,0.004,0.52,0.08,0.05,0.0,1.0,0.0,1.0,1.0,1.0,0.92,0.0,0.03,declared local non-coercive spirit participation candidate,0.76986,0.546,0.0,1.0,1.0,0.92,0.0,0.0,0.0,1.4128803218057405e-05,0.0,1.4128803218049768e-05,0.0,0.0,0.0,0.0,False
active_spirit_declared,42,0.17573221757322174,0.94,0.91,0.9,0.93,0.004,0.52,0.08,0.05,0.0,1.0,0.0,1.0,1.0,1.0,0.92,0.0,0.03,declared local non-coercive spirit participation candidate,0.76986,0.546,0.0,1.0,1.0,0.92,0.0,0.0,0.0,1.4128803218057405e-05,0.0,1.4128803218049768e-05,0.0,0.0,0.0,0.0,False
active_spirit_declared,43,0.1799163179916318,0.94,0.91,0.9,0.93,0.004,0.52,0.08,0.05,0.0,1.0,0.0,1.0,1.0,1.0,0.92,0.0,0.03,declared local non-coercive spirit participation candidate,0.76986,0.546,0.0,1.0,1.0,0.92,0.0,0.0,0.0,1.4128803218057405e-05,0.0,1.4128803218049768e-05,0.0,0.0,0.0,0.0,False
active_spirit_declared,44,0.18410041841004185,0.94,0.91,0.9,0.93,0.004,0.52,0.08,0.05,0.0,1.0,0.0,1.0,1.0,1.0,0.92,0.0,0.03,declared local non-coercive spirit participation candidate,0.76986,0.546,0.0,1.0,1.0,0.92,0.0,0.0,0.0,1.4128803218057405e-05,0.0,1.4128803218049768e-05,0.0,0.0,0.0,0.0,False
active_spirit_declared,45,0.18828451882845187,0.94,0.91,0.9,0.93,0.004,0.52,0.08,0.05,0.0,1.0,0.0,1.0,1.0,1.0,0.92,0.0,0.03,declared local non-coercive spirit participation candidate,0.76986,0.546,0.0,1.0,1.0,0.92,0.0,0.0,0.0,1.4128803218057405e-05,0.0,1.4128803218049768e-05,0.0,0.0,0.0,0.0,False
active_spirit_declared,46,0.19246861924686193,0.94,0.91,0.9,0.93,0.004,0.52,0.08,0.05,0.0,1.0,0.0,1.0,1.0,1.0,0.92,0.0,0.03,declared local non-coercive spirit participation candidate,0.76986,0.546,0.0,1.0,1.0,0.92,0.0,0.0,0.0,1.4128803218057405e-05,0.0,1.4128803218049768e-05,0.0,0.0,0.0,0.0,False
active_spirit_declared,47,0.19665271966527198,0.94,0.91,0.9,0.93,0.004,0.52,0.08,0.05,0.0,1.0,0.0,1.0,1.0,1.0,0.92,0.0,0.03,declared local non-coercive spirit participation candidate,0.76986,0.546,0.0,1.0,1.0,0.92,0.0,0.0,0.0,1.4128803218057405e-05,0.0,1.4128803218049768e-05,0.0,0.0,0.0,0.0,False
active_spirit_declared,48,0.200836820083682,0.94,0.91,0.9,0.93,0.004,0.52,0.08,0.05,0.0,1.0,0.0,1.0,1.0,1.0,0.92,0.0,0.03,declared local non-coercive spirit participation candidate,0.76986,0.546,0.0,1.0,1.0,0.92,0.0,0.0,0.0,1.4128803218057405e-05,0.0,1.4128803218049768e-05,0.0,0.0,0.0,0.0,False
active_spirit_declared,49,0.20502092050209206,0.94,0.91,0.9,0.93,0.004,0.52,0.08,0.05,0.0,1.0,0.0,1.0,1.0,1.0,0.92,0.0,0.03,declared local non-coercive spirit participation candidate,0.76986,0.546,0.0,1.0,1.0,0.92,0.0,0.0,0.0,1.4128803218057405e-05,0.0,1.4128803218049768e-05,0.0,0.0,0.0,0.0,False
active_spirit_declared,50,0.20920502092050208,0.94,0.91,0.9,0.93,0.004,0.52,0.08,0.05,0.0,1.0,0.0,1.0,1.0,1.0,0.92,0.0,0.03,declared local non-coercive spirit participation candidate,0.76986,0.546,0.0,1.0,1.0,0.92,0.0,0.0,0.0,1.4128803218057405e-05,0.0,1.4128803218049768e-05,0.0,0.0,0.0,0.0,False
active_spirit_declared,51,0.21338912133891214,0.94,0.91,0.9,0.93,0.004,0.52,0.08,0.05,0.0,1.0,0.0,1.0,1.0,1.0,0.92,0.0,0.03,declared local non-coercive spirit participation candidate,0.76986,0.546,0.0,1.0,1.0,0.92,0.0,0.0,0.0,1.4128803218057405e-05,0.0,1.4128803218049768e-05,0.0,0.0,0.0,0.0,False
active_spirit_declared,52,0.2175732217573222,0.94,0.91,0.9,0.93,0.004,0.52,0.08,0.05,0.0,1.0,0.0,1.0,1.0,1.0,0.92,0.0,0.03,declared local non-coercive spirit participation candidate,0.76986,0.546,0.0,1.0,1.0,0.92,0.0,0.0,0.0,1.4128803218057405e-05,0.0,1.4128803218049768e-05,0.0,0.0,0.0,0.0,False
active_spirit_declared,53,0.2217573221757322,0.94,0.91,0.9,0.93,0.004,0.52,0.08,0.05,0.0,1.0,0.0,1.0,1.0,1.0,0.92,0.0,0.03,declared local non-coercive spirit participation candidate,0.76986,0.546,0.0,1.0,1.0,0.92,0.0,0.0,0.0,1.4128803218057405e-05,0.0,1.4128803218049768e-05,0.0,0.0,0.0,0.0,False
active_spirit_declared,54,0.22594142259414227,0.94,0.91,0.9,0.93,0.004,0.52,0.08,0.05,0.0,1.0,0.0,1.0,1.0,1.0,0.92,0.0,0.03,declared local non-coercive spirit participation candidate,0.76986,0.546,0.0,1.0,1.0,0.92,0.0,0.0,0.0,1.4128803218057405e-05,0.0,1.4128803218049768e-05,0.0,0.0,0.0,0.0,False
active_spirit_declared,55,0.2301255230125523,0.94,0.91,0.9,0.93,0.004,0.52,0.08,0.05,0.0,1.0,0.0,1.0,1.0,1.0,0.92,0.0,0.03,declared local non-coercive spirit participation candidate,0.76986,0.546,0.0,1.0,1.0,0.92,0.0,0.0,0.0,1.4128803218057405e-05,0.0,1.4128803218049768e-05,0.0,0.0,0.0,0.0,False
active_spirit_declared,56,0.23430962343096234,0.94,0.91,0.9,0.93,0.004,0.52,0.08,0.05,0.0,1.0,0.0,1.0,1.0,1.0,0.92,0.0,0.03,declared local non-coercive spirit participation candidate,0.76986,0.546,0.0,1.0,1.0,0.92,0.0,0.0,0.0,1.4128803218057405e-05,0.0,1.4128803218049768e-05,0.0,0.0,0.0,0.0,False
active_spirit_declared,57,0.2384937238493724,0.94,0.91,0.9,0.93,0.004,0.52,0.08,0.05,0.0,1.0,0.0,1.0,1.0,1.0,0.92,0.0,0.03,declared local non-coercive spirit participation candidate,0.76986,0.546,0.0,1.0,1.0,0.92,0.0,0.0,0.0,1.4128803218057405e-05,0.0,1.4128803218049768e-05,0.0,0.0,0.0,0.0,False
active_spirit_declared,58,0.24267782426778242,0.94,0.91,0.9,0.93,0.004,0.52,0.08,0.05,0.0,1.0,0.0,1.0,1.0,1.0,0.92,0.0,0.03,declared local non-coercive spirit participation candidate,0.76986,0.546,0.0,1.0,1.0,0.92,0.0,0.0,0.0,1.4128803218057405e-05,0.0,1.4128803218049768e-05,0.0,0.0,0.0,0.0,False
active_spirit_declared,59,0.24686192468619247,0.94,0.91,0.9,0.93,0.004,0.52,0.08,0.05,0.0,1.0,0.0,1.0,1.0,1.0,0.92,0.0,0.03,declared local non-coercive spirit participation candidate,0.76986,0.546,0.0,1.0,1.0,0.92,0.0,0.0,0.0,1.4128803218057405e-05,0.0,1.4128803218049768e-05,0.0,0.0,0.0,0.0,False
active_spirit_declared,60,0.2510460251046025,0.94,0.91,0.9,0.93,0.004,0.52,0.08,0.05,0.0,1.0,0.0,1.0,1.0,1.0,0.92,0.0,0.03,declared local non-coercive spirit participation candidate,0.76986,0.546,0.0,1.0,1.0,0.92,0.0,0.0,0.0,1.4128803218057405e-05,0.0,1.4128803218049768e-05,0.0,0.0,0.0,0.0,False
active_spirit_declared,61,0.25523012552301255,0.94,0.91,0.9,0.93,0.004,0.52,0.08,0.05,0.0,1.0,0.0,1.0,1.0,1.0,0.92,0.0,0.03,declared local non-coercive spirit participation candidate,0.76986,0.546,0.0,1.0,1.0,0.92,0.0,0.0,0.0,1.4128803218057405e-05,0.0,1.4128803218049768e-05,0.0,0.0,0.0,0.0,False
active_spirit_declared,62,0.2594142259414226,0.94,0.91,0.9,0.93,0.004,0.52,0.08,0.05,0.0,1.0,0.0,1.0,1.0,1.0,0.92,0.0,0.03,declared local non-coercive spirit participation candidate,0.76986,0.546,0.0,1.0,1.0,0.92,0.0,0.0,0.0,1.4128803218057405e-05,0.0,1.4128803218049768e-05,0.0,0.0,0.0,0.0,False
active_spirit_declared,63,0.26359832635983266,0.94,0.91,0.9,0.93,0.004,0.52,0.08,0.05,0.0,1.0,0.0,1.0,1.0,1.0,0.92,0.0,0.03,declared local non-coercive spirit participation candidate,0.76986,0.546,0.0,1.0,1.0,0.92,0.0,0.0,0.0,1.4128803218057405e-05,0.0,1.4128803218049768e-05,0.0,0.0,0.0,0.0,False
active_spirit_declared,64,0.26778242677824265,0.94,0.91,0.9,0.93,0.004,0.52,0.08,0.05,0.0,1.0,0.0,1.0,1.0,1.0,0.92,0.0,0.03,declared local non-coercive spirit participation candidate,0.76986,0.546,0.0,1.0,1.0,0.92,0.0,0.0,0.0,1.4128803218057405e-05,0.0,1.4128803218049768e-05,0.0,0.0,0.0,0.0,False
active_spirit_declared,65,0.2719665271966527,0.94,0.91,0.9,0.93,0.004,0.52,0.08,0.05,0.0,1.0,0.0,1.0,1.0,1.0,0.92,0.0,0.03,declared local non-coercive spirit participation candidate,0.76986,0.546,0.0,1.0,1.0,0.92,0.0,0.0,0.0,1.4128803218057405e-05,0.0,1.4128803218049768e-05,0.0,0.0,0.0,0.0,False
active_spirit_declared,66,0.27615062761506276,0.94,0.91,0.9,0.93,0.004,0.52,0.08,0.05,0.0,1.0,0.0,1.0,1.0,1.0,0.92,0.0,0.03,declared local non-coercive spirit participation candidate,0.76986,0.546,0.0,1.0,1.0,0.92,0.0,0.0,0.0,1.4128803218057405e-05,0.0,1.4128803218049768e-05,0.0,0.0,0.0,0.0,False
active_spirit_declared,67,0.2803347280334728,0.94,0.91,0.9,0.93,0.004,0.52,0.08,0.05,0.0,1.0,0.0,1.0,1.0,1.0,0.92,0.0,0.03,declared local non-coercive spirit participation candidate,0.76986,0.546,0.0,1.0,1.0,0.92,0.0,0.0,0.0,1.4128803218057405e-05,0.0,1.4128803218049768e-05,0.0,0.0,0.0,0.0,False
active_spirit_declared,68,0.28451882845188287,0.94,0.91,0.9,0.93,0.004,0.52,0.08,0.05,0.0,1.0,0.0,1.0,1.0,1.0,0.92,0.0,0.03,declared local non-coercive spirit participation candidate,0.76986,0.546,0.0,1.0,1.0,0.92,0.0,0.0,0.0,1.4128803218057405e-05,0.0,1.4128803218049768e-05,0.0,0.0,0.0,0.0,False
active_spirit_declared,69,0.28870292887029286,0.94,0.91,0.9,0.93,0.004,0.52,0.08,0.05,0.0,1.0,0.0,1.0,1.0,1.0,0.92,0.0,0.03,declared local non-coercive spirit participation candidate,0.76986,0.546,0.0,1.0,1.0,0.92,0.0,0.0,0.0,1.4128803218057405e-05,0.0,1.4128803218049768e-05,0.0,0.0,0.0,0.0,False
active_spirit_declared,70,0.2928870292887029,0.94,0.91,0.9,0.93,0.004,0.52,0.08,0.05,0.0,1.0,0.0,1.0,1.0,1.0,0.92,0.0,0.03,declared local non-coercive spirit participation candidate,0.76986,0.546,0.0,1.0,1.0,0.92,0.0,0.0,0.0,1.4128803218057405e-05,0.0,1.4128803218049768e-05,0.0,0.0,0.0,0.0,False
active_spirit_declared,71,0.29707112970711297,0.94,0.91,0.9,0.93,0.004,0.52,0.08,0.05,0.0,1.0,0.0,1.0,1.0,1.0,0.92,0.0,0.03,declared local non-coercive spirit participation candidate,0.76986,0.546,0.0,1.0,1.0,0.92,0.0,0.0,0.0,1.4128803218057405e-05,0.0,1.4128803218049768e-05,0.0,0.0,0.0,0.0,False
active_spirit_declared,72,0.301255230125523,0.94,0.91,0.9,0.93,0.004,0.52,0.08,0.05,0.0,1.0,0.0,1.0,1.0,1.0,0.92,0.0,0.03,declared local non-coercive spirit participation candidate,0.76986,0.546,0.0,1.0,1.0,0.92,0.0,0.0,0.0,1.4128803218057405e-05,0.0,1.4128803218049768e-05,0.0,0.0,0.0,0.0,False
active_spirit_declared,73,0.3054393305439331,0.94,0.91,0.9,0.93,0.004,0.52,0.08,0.05,0.0,1.0,0.0,1.0,1.0,1.0,0.92,0.0,0.03,declared local non-coercive spirit participation candidate,0.76986,0.546,0.0,1.0,1.0,0.92,0.0,0.0,0.0,1.4128803218057405e-05,0.0,1.4128803218049768e-05,0.0,0.0,0.0,0.0,False
active_spirit_declared,74,0.30962343096234307,0.94,0.91,0.9,0.93,0.004,0.52,0.08,0.05,0.0,1.0,0.0,1.0,1.0,1.0,0.92,0.0,0.03,declared local non-coercive spirit participation candidate,0.76986,0.546,0.0,1.0,1.0,0.92,0.0,0.0,0.0,1.4128803218057405e-05,0.0,1.4128803218049768e-05,0.0,0.0,0.0,0.0,False
active_spirit_declared,75,0.3138075313807531,0.94,0.91,0.9,0.93,0.004,0.52,0.08,0.05,0.0,1.0,0.0,1.0,1.0,1.0,0.92,0.0,0.03,declared local non-coercive spirit participation candidate,0.76986,0.546,0.0,1.0,1.0,0.92,0.0,0.0,0.0,1.4128803218057405e-05,0.0,1.4128803218049768e-05,0.0,0.0,0.0,0.0,False
active_spirit_declared,76,0.3179916317991632,0.94,0.91,0.9,0.93,0.004,0.52,0.08,0.05,0.0,1.0,0.0,1.0,1.0,1.0,0.92,0.0,0.03,declared local non-coercive spirit participation candidate,0.76986,0.546,0.0,1.0,1.0,0.92,0.0,0.0,0.0,1.4128803218057405e-05,0.0,1.4128803218049768e-05,0.0,0.0,0.0,0.0,False
active_spirit_declared,77,0.32217573221757323,0.94,0.91,0.9,0.93,0.004,0.52,0.08,0.05,0.0,1.0,0.0,1.0,1.0,1.0,0.92,0.0,0.03,declared local non-coercive spirit participation candidate,0.76986,0.546,0.0,1.0,1.0,0.92,0.0,0.0,0.0,1.4128803218057405e-05,0.0,1.4128803218049768e-05,0.0,0.0,0.0,0.0,False
active_spirit_declared,78,0.3263598326359833,0.94,0.91,0.9,0.93,0.004,0.52,0.08,0.05,0.0,1.0,0.0,1.0,1.0,1.0,0.92,0.0,0.03,declared local non-coercive spirit participation candidate,0.76986,0.546,0.0,1.0,1.0,0.92,0.0,0.0,0.0,1.4128803218057405e-05,0.0,1.4128803218049768e-05,0.0,0.0,0.0,0.0,False
active_spirit_declared,79,0.3305439330543933,0.94,0.91,0.9,0.93,0.004,0.52,0.08,0.05,0.0,1.0,0.0,1.0,1.0,1.0,0.92,0.0,0.03,declared local non-coercive spirit participation candidate,0.76986,0.546,0.0,1.0,1.0,0.92,0.0,0.0,0.0,1.4128803218057405e-05,0.0,1.4128803218049768e-05,0.0,0.0,0.0,0.0,False
active_spirit_declared,80,0.33472803347280333,0.94,0.91,0.9,0.93,0.004,0.52,0.08,0.05,0.0,1.0,0.0,1.0,1.0,1.0,0.92,0.0,0.03,declared local non-coercive spirit participation candidate,0.76986,0.546,0.0,1.0,1.0,0.92,0.0,0.0,0.0,1.4128803218057405e-05,0.0,1.4128803218049768e-05,0.0,0.0,0.0,0.0,False
active_spirit_declared,81,0.3389121338912134,0.94,0.91,0.9,0.93,0.004,0.52,0.08,0.05,0.0,1.0,0.0,1.0,1.0,1.0,0.92,0.0,0.03,declared local non-coercive spirit participation candidate,0.76986,0.546,0.0,1.0,1.0,0.92,0.0,0.0,0.0,1.4128803218057405e-05,0.0,1.4128803218049768e-05,0.0,0.0,0.0,0.0,False
active_spirit_declared,82,0.34309623430962344,0.94,0.91,0.9,0.93,0.004,0.52,0.08,0.05,0.0,1.0,0.0,1.0,1.0,1.0,0.92,0.0,0.03,declared local non-coercive spirit participation candidate,0.76986,0.546,0.0,1.0,1.0,0.92,0.0,0.0,0.0,1.4128803218057405e-05,0.0,1.4128803218049768e-05,0.0,0.0,0.0,0.0,False
active_spirit_declared,83,0.3472803347280335,0.94,0.91,0.9,0.93,0.004,0.52,0.08,0.05,0.0,1.0,0.0,1.0,1.0,1.0,0.92,0.0,0.03,declared local non-coercive spirit participation candidate,0.76986,0.546,0.0,1.0,1.0,0.92,0.0,0.0,0.0,1.4128803218057405e-05,0.0,1.4128803218049768e-05,0.0,0.0,0.0,0.0,False
active_spirit_declared,84,0.3514644351464435,0.94,0.91,0.9,0.93,0.004,0.52,0.08,0.05,0.0,1.0,0.0,1.0,1.0,1.0,0.92,0.0,0.03,declared local non-coercive spirit participation candidate,0.76986,0.546,0.0,1.0,1.0,0.92,0.0,0.0,0.0,1.4128803218057405e-05,0.0,1.4128803218049768e-05,0.0,0.0,0.0,0.0,False
active_spirit_declared,85,0.35564853556485354,0.94,0.91,0.9,0.93,0.004,0.52,0.08,0.05,0.0,1.0,0.0,1.0,1.0,1.0,0.92,0.0,0.03,declared local non-coercive spirit participation candidate,0.76986,0.546,0.0,1.0,1.0,0.92,0.0,0.0,0.0,1.4128803218057405e-05,0.0,1.4128803218049768e-05,0.0,0.0,0.0,0.0,False
active_spirit_declared,86,0.3598326359832636,0.94,0.91,0.9,0.93,0.004,0.52,0.08,0.05,0.0,1.0,0.0,1.0,1.0,1.0,0.92,0.0,0.03,declared local non-coercive spirit participation candidate,0.76986,0.546,0.0,1.0,1.0,0.92,0.0,0.0,0.0,1.4128803218057405e-05,0.0,1.4128803218049768e-05,0.0,0.0,0.0,0.0,False
active_spirit_declared,87,0.36401673640167365,0.94,0.91,0.9,0.93,0.004,0.52,0.08,0.05,0.0,1.0,0.0,1.0,1.0,1.0,0.92,0.0,0.03,declared local non-coercive spirit participation candidate,0.76986,0.546,0.0,1.0,1.0,0.92,0.0,0.0,0.0,1.4128803218057405e-05,0.0,1.4128803218049768e-05,0.0,0.0,0.0,0.0,False
active_spirit_declared,88,0.3682008368200837,0.94,0.91,0.9,0.93,0.004,0.52,0.08,0.05,0.0,1.0,0.0,1.0,1.0,1.0,0.92,0.0,0.03,declared local non-coercive spirit participation candidate,0.76986,0.546,0.0,1.0,1.0,0.92,0.0,0.0,0.0,1.4128803218057405e-05,0.0,1.4128803218049768e-05,0.0,0.0,0.0,0.0,False
active_spirit_declared,89,0.3723849372384937,0.94,0.91,0.9,0.93,0.004,0.52,0.08,0.05,0.0,1.0,0.0,1.0,1.0,1.0,0.92,0.0,0.03,declared local non-coercive spirit participation candidate,0.76986,0.546,0.0,1.0,1.0,0.92,0.0,0.0,0.0,1.4128803218057405e-05,0.0,1.4128803218049768e-05,0.0,0.0,0.0,0.0,False
active_spirit_declared,90,0.37656903765690375,0.94,0.91,0.9,0.93,0.004,0.52,0.08,0.05,0.0,1.0,0.0,1.0,1.0,1.0,0.92,0.0,0.03,declared local non-coercive spirit participation candidate,0.76986,0.546,0.0,1.0,1.0,0.92,0.0,0.0,0.0,1.4128803218057405e-05,0.0,1.4128803218049768e-05,0.0,0.0,0.0,0.0,False
active_spirit_declared,91,0.3807531380753138,0.94,0.91,0.9,0.93,0.004,0.52,0.08,0.05,0.0,1.0,0.0,1.0,1.0,1.0,0.92,0.0,0.03,declared local non-coercive spirit participation candidate,0.76986,0.546,0.0,1.0,1.0,0.92,0.0,0.0,0.0,1.4128803218057405e-05,0.0,1.4128803218049768e-05,0.0,0.0,0.0,0.0,False
active_spirit_declared,92,0.38493723849372385,0.94,0.91,0.9,0.93,0.004,0.52,0.08,0.05,0.0,1.0,0.0,1.0,1.0,1.0,0.92,0.0,0.03,declared local non-coercive spirit participation candidate,0.76986,0.546,0.0,1.0,1.0,0.92,0.0,0.0,0.0,1.4128803218057405e-05,0.0,1.4128803218049768e-05,0.0,0.0,0.0,0.0,False
active_spirit_declared,93,0.3891213389121339,0.94,0.91,0.9,0.93,0.004,0.52,0.08,0.05,0.0,1.0,0.0,1.0,1.0,1.0,0.92,0.0,0.03,declared local non-coercive spirit participation candidate,0.76986,0.546,0.0,1.0,1.0,0.92,0.0,0.0,0.0,1.4128803218057405e-05,0.0,1.4128803218049768e-05,0.0,0.0,0.0,0.0,False
active_spirit_declared,94,0.39330543933054396,0.94,0.91,0.9,0.93,0.004,0.52,0.08,0.05,0.0,1.0,0.0,1.0,1.0,1.0,0.92,0.0,0.03,declared local non-coercive spirit participation candidate,0.76986,0.546,0.0,1.0,1.0,0.92,0.0,0.0,0.0,1.4128803218057405e-05,0.0,1.4128803218049768e-05,0.0,0.0,0.0,0.0,False
active_spirit_declared,95,0.39748953974895396,0.94,0.91,0.9,0.93,0.004,0.52,0.08,0.05,0.0,1.0,0.0,1.0,1.0,1.0,0.92,0.0,0.03,declared local non-coercive spirit participation candidate,0.76986,0.546,0.0,1.0,1.0,0.92,0.0,0.0,0.0,1.4128803218057405e-05,0.0,1.4128803218049768e-05,0.0,0.0,0.0,0.0,False
active_spirit_declared,96,0.401673640167364,0.94,0.91,0.9,0.93,0.004,0.52,0.08,0.05,0.0,1.0,0.0,1.0,1.0,1.0,0.92,0.0,0.03,declared local non-coercive spirit participation candidate,0.76986,0.546,0.0,1.0,1.0,0.92,0.0,0.0,0.0,1.4128803218057405e-05,0.0,1.4128803218049768e-05,0.0,0.0,0.0,0.0,False
active_spirit_declared,97,0.40585774058577406,0.94,0.91,0.9,0.93,0.004,0.52,0.08,0.05,0.0,1.0,0.0,1.0,1.0,1.0,0.92,0.0,0.03,declared local non-coercive spirit participation candidate,0.76986,0.546,0.0,1.0,1.0,0.92,0.0,0.0,0.0,1.4128803218057405e-05,0.0,1.4128803218049768e-05,0.0,0.0,0.0,0.0,False
active_spirit_declared,98,0.4100418410041841,0.94,0.91,0.9,0.93,0.004,0.52,0.08,0.05,0.0,1.0,0.0,1.0,1.0,1.0,0.92,0.0,0.03,declared local non-coercive spirit participation candidate,0.76986,0.546,0.0,1.0,1.0,0.92,0.0,0.0,0.0,1.4128803218057405e-05,0.0,1.4128803218049768e-05,0.0,0.0,0.0,0.0,False
active_spirit_declared,99,0.41422594142259417,0.94,0.91,0.9,0.93,0.004,0.52,0.08,0.05,0.0,1.0,0.0,1.0,1.0,1.0,0.92,0.0,0.03,declared local non-coercive spirit participation candidate,0.76986,0.546,0.0,1.0,1.0,0.92,0.0,0.0,0.0,1.4128803218057405e-05,0.0,1.4128803218049768e-05,0.0,0.0,0.0,0.0,False
active_spirit_declared,100,0.41841004184100417,0.94,0.91,0.9,0.93,0.004,0.52,0.08,0.05,0.0,1.0,0.0,1.0,1.0,1.0,0.92,0.0,0.03,declared local non-coercive spirit participation candidate,0.76986,0.546,0.0,1.0,1.0,0.92,0.0,0.0,0.0,1.4128803218057405e-05,0.0,1.4128803218049768e-05,0.0,0.0,0.0,0.0,False
active_spirit_declared,101,0.4225941422594142,0.94,0.91,0.9,0.93,0.004,0.52,0.08,0.05,0.0,1.0,0.0,1.0,1.0,1.0,0.92,0.0,0.03,declared local non-coercive spirit participation candidate,0.76986,0.546,0.0,1.0,1.0,0.92,0.0,0.0,0.0,1.4128803218057405e-05,0.0,1.4128803218049768e-05,0.0,0.0,0.0,0.0,False
active_spirit_declared,102,0.42677824267782427,0.94,0.91,0.9,0.93,0.004,0.52,0.08,0.05,0.0,1.0,0.0,1.0,1.0,1.0,0.92,0.0,0.03,declared local non-coercive spirit participation candidate,0.76986,0.546,0.0,1.0,1.0,0.92,0.0,0.0,0.0,1.4128803218057405e-05,0.0,1.4128803218049768e-05,0.0,0.0,0.0,0.0,False
active_spirit_declared,103,0.4309623430962343,0.94,0.91,0.9,0.93,0.004,0.52,0.08,0.05,0.0,1.0,0.0,1.0,1.0,1.0,0.92,0.0,0.03,declared local non-coercive spirit participation candidate,0.76986,0.546,0.0,1.0,1.0,0.92,0.0,0.0,0.0,1.4128803218057405e-05,0.0,1.4128803218049768e-05,0.0,0.0,0.0,0.0,False
active_spirit_declared,104,0.4351464435146444,0.94,0.91,0.9,0.93,0.004,0.52,0.08,0.05,0.0,1.0,0.0,1.0,1.0,1.0,0.92,0.0,0.03,declared local non-coercive spirit participation candidate,0.76986,0.546,0.0,1.0,1.0,0.92,0.0,0.0,0.0,1.4128803218057405e-05,0.0,1.4128803218049768e-05,0.0,0.0,0.0,0.0,False
active_spirit_declared,105,0.4393305439330544,0.94,0.91,0.9,0.93,0.004,0.52,0.08,0.05,0.0,1.0,0.0,1.0,1.0,1.0,0.92,0.0,0.03,declared local non-coercive spirit participation candidate,0.76986,0.546,0.0,1.0,1.0,0.92,0.0,0.0,0.0,1.4128803218057405e-05,0.0,1.4128803218049768e-05,0.0,0.0,0.0,0.0,False
active_spirit_declared,106,0.4435146443514644,0.94,0.91,0.9,0.93,0.004,0.52,0.08,0.05,0.0,1.0,0.0,1.0,1.0,1.0,0.92,0.0,0.03,declared local non-coercive spirit participation candidate,0.76986,0.546,0.0,1.0,1.0,0.92,0.0,0.0,0.0,1.4128803218057405e-05,0.0,1.4128803218049768e-05,0.0,0.0,0.0,0.0,False
active_spirit_declared,107,0.4476987447698745,0.94,0.91,0.9,0.93,0.004,0.52,0.08,0.05,0.0,1.0,0.0,1.0,1.0,1.0,0.92,0.0,0.03,declared local non-coercive spirit participation candidate,0.76986,0.546,0.0,1.0,1.0,0.92,0.0,0.0,0.0,1.4128803218057405e-05,0.0,1.4128803218049768e-05,0.0,0.0,0.0,0.0,False
active_spirit_declared,108,0.45188284518828453,0.94,0.91,0.9,0.93,0.004,0.52,0.08,0.05,0.0,1.0,0.0,1.0,1.0,1.0,0.92,0.0,0.03,declared local non-coercive spirit participation candidate,0.76986,0.546,0.0,1.0,1.0,0.92,0.0,0.0,0.0,1.4128803218057405e-05,0.0,1.4128803218049768e-05,0.0,0.0,0.0,0.0,False
active_spirit_declared,109,0.4560669456066946,0.94,0.91,0.9,0.93,0.004,0.52,0.08,0.05,0.0,1.0,0.0,1.0,1.0,1.0,0.92,0.0,0.03,declared local non-coercive spirit participation candidate,0.76986,0.546,0.0,1.0,1.0,0.92,0.0,0.0,0.0,1.4128803218057405e-05,0.0,1.4128803218049768e-05,0.0,0.0,0.0,0.0,False
active_spirit_declared,110,0.4602510460251046,0.94,0.91,0.9,0.93,0.004,0.52,0.08,0.05,0.0,1.0,0.0,1.0,1.0,1.0,0.92,0.0,0.03,declared local non-coercive spirit participation candidate,0.76986,0.546,0.0,1.0,1.0,0.92,0.0,0.0,0.0,1.4128803218057405e-05,0.0,1.4128803218049768e-05,0.0,0.0,0.0,0.0,False
active_spirit_declared,111,0.46443514644351463,0.94,0.91,0.9,0.93,0.004,0.52,0.08,0.05,0.0,1.0,0.0,1.0,1.0,1.0,0.92,0.0,0.03,declared local non-coercive spirit participation candidate,0.76986,0.546,0.0,1.0,1.0,0.92,0.0,0.0,0.0,1.4128803218057405e-05,0.0,1.4128803218049768e-05,0.0,0.0,0.0,0.0,False
active_spirit_declared,112,0.4686192468619247,0.94,0.91,0.9,0.93,0.004,0.52,0.08,0.05,0.0,1.0,0.0,1.0,1.0,1.0,0.92,0.0,0.03,declared local non-coercive spirit participation candidate,0.76986,0.546,0.0,1.0,1.0,0.92,0.0,0.0,0.0,1.4128803218057405e-05,0.0,1.4128803218049768e-05,0.0,0.0,0.0,0.0,False
active_spirit_declared,113,0.47280334728033474,0.94,0.91,0.9,0.93,0.004,0.52,0.08,0.05,0.0,1.0,0.0,1.0,1.0,1.0,0.92,0.0,0.03,declared local non-coercive spirit participation candidate,0.76986,0.546,0.0,1.0,1.0,0.92,0.0,0.0,0.0,1.4128803218057405e-05,0.0,1.4128803218049768e-05,0.0,0.0,0.0,0.0,False
active_spirit_declared,114,0.4769874476987448,0.94,0.91,0.9,0.93,0.004,0.52,0.08,0.05,0.0,1.0,0.0,1.0,1.0,1.0,0.92,0.0,0.03,declared local non-coercive spirit participation candidate,0.76986,0.546,0.0,1.0,1.0,0.92,0.0,0.0,0.0,1.4128803218057405e-05,0.0,1.4128803218049768e-05,0.0,0.0,0.0,0.0,False
active_spirit_declared,115,0.4811715481171548,0.94,0.91,0.9,0.93,0.004,0.52,0.08,0.05,0.0,1.0,0.0,1.0,1.0,1.0,0.92,0.0,0.03,declared local non-coercive spirit participation candidate,0.76986,0.546,0.0,1.0,1.0,0.92,0.0,0.0,0.0,1.4128803218057405e-05,0.0,1.4128803218049768e-05,0.0,0.0,0.0,0.0,False
active_spirit_declared,116,0.48535564853556484,0.94,0.91,0.9,0.93,0.004,0.52,0.08,0.05,0.0,1.0,0.0,1.0,1.0,1.0,0.92,0.0,0.03,declared local non-coercive spirit participation candidate,0.76986,0.546,0.0,1.0,1.0,0.92,0.0,0.0,0.0,1.4128803218057405e-05,0.0,1.4128803218049768e-05,0.0,0.0,0.0,0.0,False
active_spirit_declared,117,0.4895397489539749,0.94,0.91,0.9,0.93,0.004,0.52,0.08,0.05,0.0,1.0,0.0,1.0,1.0,1.0,0.92,0.0,0.03,declared local non-coercive spirit participation candidate,0.76986,0.546,0.0,1.0,1.0,0.92,0.0,0.0,0.0,1.4128803218057405e-05,0.0,1.4128803218049768e-05,0.0,0.0,0.0,0.0,False
active_spirit_declared,118,0.49372384937238495,0.94,0.91,0.9,0.93,0.004,0.52,0.08,0.05,0.0,1.0,0.0,1.0,1.0,1.0,0.92,0.0,0.03,declared local non-coercive spirit participation candidate,0.76986,0.546,0.0,1.0,1.0,0.92,0.0,0.0,0.0,1.4128803218057405e-05,0.0,1.4128803218049768e-05,0.0,0.0,0.0,0.0,False
active_spirit_declared,119,0.497907949790795,0.94,0.91,0.9,0.93,0.004,0.52,0.08,0.05,0.0,1.0,0.0,1.0,1.0,1.0,0.92,0.0,0.03,declared local non-coercive spirit participation candidate,0.76986,0.546,0.0,1.0,1.0,0.92,0.0,0.0,0.0,1.4128803218057405e-05,0.0,1.4128803218049768e-05,0.0,0.0,0.0,0.0,False
active_spirit_declared,120,0.502092050209205,0.94,0.91,0.9,0.93,0.004,0.52,0.08,0.05,0.0,1.0,0.0,1.0,1.0,1.0,0.92,0.0,0.03,declared local non-coercive spirit participation candidate,0.76986,0.546,0.0,1.0,1.0,0.92,0.0,0.0,0.0,1.4128803218057405e-05,0.0,1.4128803218049768e-05,0.0,0.0,0.0,0.0,False
active_spirit_declared,121,0.5062761506276151,0.94,0.91,0.9,0.93,0.004,0.52,0.08,0.05,0.0,1.0,0.0,1.0,1.0,1.0,0.92,0.0,0.03,declared local non-coercive spirit participation candidate,0.76986,0.546,0.0,1.0,1.0,0.92,0.0,0.0,0.0,1.4128803218057405e-05,0.0,1.4128803218049768e-05,0.0,0.0,0.0,0.0,False
active_spirit_declared,122,0.5104602510460251,0.94,0.91,0.9,0.93,0.004,0.52,0.08,0.05,0.0,1.0,0.0,1.0,1.0,1.0,0.92,0.0,0.03,declared local non-coercive spirit participation candidate,0.76986,0.546,0.0,1.0,1.0,0.92,0.0,0.0,0.0,1.4128803218057405e-05,0.0,1.4128803218049768e-05,0.0,0.0,0.0,0.0,False
active_spirit_declared,123,0.5146443514644351,0.94,0.91,0.9,0.93,0.004,0.52,0.08,0.05,0.0,1.0,0.0,1.0,1.0,1.0,0.92,0.0,0.03,declared local non-coercive spirit participation candidate,0.76986,0.546,0.0,1.0,1.0,0.92,0.0,0.0,0.0,1.4128803218057405e-05,0.0,1.4128803218049768e-05,0.0,0.0,0.0,0.0,False
active_spirit_declared,124,0.5188284518828452,0.94,0.91,0.9,0.93,0.004,0.52,0.08,0.05,0.0,1.0,0.0,1.0,1.0,1.0,0.92,0.0,0.03,declared local non-coercive spirit participation candidate,0.76986,0.546,0.0,1.0,1.0,0.92,0.0,0.0,0.0,1.4128803218057405e-05,0.0,1.4128803218049768e-05,0.0,0.0,0.0,0.0,False
active_spirit_declared,125,0.5230125523012552,0.94,0.91,0.9,0.93,0.004,0.5200879222314843,0.08,0.05,0.00021580911364304354,1.0,0.000311724275262174,1.0,1.0,1.0,0.92,0.0,0.030071936371214348,declared local non-coercive spirit participation candidate,0.76986,0.546,0.000311724275262174,1.0,1.0,0.92,0.0,0.00012054878827395239,0.0,1.4132864614236392e-05,0.0,1.4132864614269103e-05,0.0,0.0,0.0,0.0,False
active_spirit_declared,126,0.5271966527196653,0.94,0.91,0.9,0.93,0.004,0.5204963287712201,0.08,0.05,0.0012182615293584568,1.0,0.0017597110979622153,1.0,1.0,1.0,0.92,0.0,0.03040608717645282,declared local non-coercive spirit participation candidate,0.76986,0.546,0.0017597110979622153,1.0,1.0,0.92,0.0,0.0006805085692898307,0.0,1.4151736459898657e-05,0.0,1.4151736459910857e-05,0.0,0.0,0.0,0.0,False
active_spirit_declared,127,0.5313807531380753,0.94,0.91,0.9,0.93,0.004,0.5212276577958269,0.08,0.05,0.0030133418624842647,1.0,0.004352604912477271,1.0,1.0,1.0,0.92,0.0,0.031004447287494755,declared local non-coercive spirit participation candidate,0.76986,0.546,0.004352604912477271,1.0,1.0,0.92,0.0,0.0016832222886494499,0.0,1.418555596779918e-05,0.0,1.4185555967771712e-05,0.0,0.0,0.0,0.0,False
active_spirit_declared,128,0.5355648535564853,0.94,0.91,0.9,0.93,0.004,0.5222709068356327,0.08,0.05,0.0055740440510984954,1.0,0.008051396962697827,1.0,1.0,1.0,0.92,0.0,0.0318580146836995,declared local non-coercive spirit participation candidate,0.76986,0.546,0.008051396962697827,1.0,1.0,0.92,0.0,0.0031136046332917045,0.0,1.4233857387322654e-05,0.0,1.4233857387302429e-05,0.0,0.0,0.0,0.0,False
active_spirit_declared,129,0.5397489539748954,0.94,0.91,0.9,0.93,0.004,0.5236150734209657,0.08,0.05,0.008873362033279254,1.0,0.012817078492514478,1.0,1.0,1.0,0.92,0.0,0.03295778734442642,declared local non-coercive spirit participation candidate,0.76986,0.546,0.012817078492514478,1.0,1.0,0.92,0.0,0.004956570290155531,0.0,1.429619063078499e-05,0.0,1.4296190630758154e-05,0.0,0.0,0.0,0.0,False
active_spirit_declared,130,0.5439330543933054,0.94,0.91,0.9,0.93,0.004,0.5252491550821536,0.08,0.05,0.012884289747104375,1.0,0.01861064074581743,1.0,1.0,1.0,0.92,0.0,0.03429476324903479,declared local non-coercive spirit participation candidate,0.76986,0.546,0.01861064074581743,1.0,1.0,0.92,0.0,0.007197033946179717,0.0,1.437211913207783e-05,0.0,1.437211913213332e-05,0.0,0.0,0.0,0.0,False
active_spirit_declared,131,0.5481171548117155,0.94,0.91,0.9,0.93,0.004,0.527162149349525,0.08,0.05,0.017579821130652082,1.0,0.02539307496649745,1.0,1.0,1.0,0.92,0.0,0.035859940376884024,declared local non-coercive spirit participation candidate,0.76986,0.546,0.02539307496649745,1.0,1.0,0.92,0.0,0.009819910288303264,0.0,1.4461217774763723e-05,0.0,1.4461217774708324e-05,0.0,0.0,0.0,0.0,False
active_spirit_declared,132,0.5523012552301255,0.94,0.91,0.9,0.93,0.004,0.5293430537534075,0.08,0.05,0.02293295012200013,1.0,0.03312537239844463,1.0,1.0,1.0,0.92,0.0,0.037644316707333376,declared local non-coercive spirit participation candidate,0.76986,0.546,0.03312537239844463,1.0,1.0,0.92,0.0,0.01281011400346492,0.0,1.4563070893008846e-05,0.0,1.4563070892981145e-05,0.0,0.0,0.0,0.0,False
active_spirit_declared,133,0.5564853556485355,0.94,0.91,0.9,0.93,0.004,0.5317808658241294,0.08,0.05,0.02891667065922665,1.0,0.041768524285549606,1.0,1.0,1.0,0.92,0.0,0.039638890219742214,declared local non-coercive spirit participation candidate,0.76986,0.546,0.041768524285549606,1.0,1.0,0.92,0.0,0.01615255977860363,0.0,1.4677270348356935e-05,0.0,1.4677270348317784e-05,0.0,0.0,0.0,0.0,False
active_spirit_declared,134,0.5606694560669456,0.94,0.91,0.9,0.93,0.004,0.5344645830920188,0.08,0.05,0.035503976680409825,1.0,0.05128352187170308,1.0,1.0,1.0,0.92,0.0,0.04183465889346994,declared local non-coercive spirit participation candidate,0.76986,0.546,0.05128352187170308,1.0,1.0,0.92,1.0,0.019832162300658374,0.019832162300658374,1.4803413684960833e-05,0.019832162300658374,0.019846672130640508,0.0,0.035503976644905844,0.0355039766449059,0.001775198832245295,False
active_spirit_declared,135,0.5648535564853556,0.94,0.91,0.9,0.93,0.004,0.5373832030874037,0.08,0.05,0.04266786212362733,1.0,0.061631356400795034,1.0,1.0,1.0,0.92,0.0,0.044222620707875776,declared local non-coercive spirit participation candidate,0.76986,0.5466461723749373,0.061631356400795034,1.0,1.0,0.92,1.0,0.023862042788761577,0.023862042788761577,1.4941102365504575e-05,0.023862042788761577,0.023876627365903125,0.0,0.04266786208095947,0.04266786208095952,0.003819831994681006,False
active_spirit_declared,136,0.5690376569037657,0.94,0.91,0.9,0.93,0.004,0.5405257233406123,0.08,0.05,0.05038132092695755,1.0,0.07277301911671646,1.0,1.0,1.0,0.92,0.0,0.04679377364231918,declared local non-coercive spirit participation candidate,0.76986,0.5473904188460639,0.07277301911671646,1.0,1.0,0.92,1.0,0.02821416273854051,0.02821416273854051,1.5089940089672482e-05,0.02821416273854051,0.028228826928604733,0.0,0.05038132087657623,0.05038132087657621,0.0061479064387757664,False
active_spirit_declared,137,0.5732217573221757,0.94,0.91,0.9,0.93,0.004,0.5438811413819725,0.08,0.05,0.058617347028478095,1.0,0.08466950126335725,1.0,1.0,1.0,0.92,0.0,0.04953911567615936,declared local non-coercive spirit participation candidate,0.76986,0.5482378379437144,0.08466950126335725,1.0,1.0,0.92,1.0,0.03287725805256959,0.03287725805256959,1.5249531196657442e-05,0.03287725805256959,0.032892006220993975,0.0,0.05861734696986074,0.05861734696986076,0.008771378465330017,False
active_spirit_declared,138,0.5774058577405857,0.94,0.91,0.9,0.93,0.004,0.5474384547418125,0.08,0.05,0.06734893436626714,1.0,0.09728179408460809,1.0,1.0,1.0,0.92,0.0,0.05244964478875571,declared local non-coercive spirit participation candidate,0.76986,0.5491927817613802,0.09728179408460809,1.0,1.0,0.92,1.0,0.037840422304219204,0.037840422304219204,1.54194791528527e-05,0.037840422304219204,0.037855258303769235,0.0,0.0673489342989182,0.0673489342989182,0.011700256257009425,False
active_spirit_declared,139,0.5815899581589958,0.94,0.91,0.9,0.93,0.004,0.5511866609504604,0.08,0.05,0.07654907687840296,1.0,0.11057088882435982,1.0,1.0,1.0,0.92,0.0,0.055516358959467646,declared local non-coercive spirit participation candidate,0.76986,0.5502588932775515,0.11057088882435982,1.0,1.0,0.92,1.0,0.04309307187571532,0.04309307187571532,1.5599385125541857e-05,0.04309307187571532,0.0431079990354164,0.0,0.07654907680185387,0.07654907680185385,0.014942697284251646,False
active_spirit_declared,140,0.5857740585774058,0.94,0.91,0.9,0.93,0.004,0.5551147575382442,0.08,0.05,0.0861907685029631,1.0,0.12449777672650225,1.0,1.0,1.0,0.92,0.0,0.058730256167654364,declared local non-coercive spirit participation candidate,0.76986,0.5514391418114676,0.12449777672650225,1.0,1.0,0.92,1.0,0.04862490526536123,0.04862490526536123,1.5788846643094294e-05,0.04862490526536123,0.04863992638083203,0.0,0.08619076841677233,0.08619076841677231,0.018505100840877677,False
active_spirit_declared,141,0.5899581589958159,0.94,0.91,0.9,0.93,0.004,0.5592117420354921,0.08,0.05,0.09624700317802605,1.0,0.13902344903492653,1.0,1.0,1.0,0.92,0.0,0.06208233439267535,declared local non-coercive spirit participation candidate,0.76986,0.5527358567060795,0.13902344903492653,1.0,1.0,0.92,1.0,0.05442585749292378,0.05442585749292378,1.598745634188879e-05,0.05442585749292378,0.05444097481824506,0.0,0.09624700308177904,0.09624700308177903,0.022392195952922744,False
active_spirit_declared,142,0.5941422594142259,0.94,0.91,0.9,0.93,0.004,0.563466611972532,0.08,0.05,0.10669077484166932,1.0,0.15410889699352234,1.0,1.0,1.0,0.92,0.0,0.06556359161388978,declared local non-coercive spirit participation candidate,0.76986,0.5541507593268639,0.15410889699352234,1.0,1.0,0.92,1.0,0.060486050461186484,0.060486050461186484,1.619480079992815e-05,0.060486050461186484,0.06050126570244807,0.0,0.10669077473497854,0.10669077473497857,0.026607124892025536,False
active_spirit_declared,143,0.5983263598326359,0.94,0.91,0.9,0.93,0.004,0.567868364879692,0.08,0.05,0.11749507743197113,1.0,0.16971511184618052,1.0,1.0,1.0,0.92,0.0,0.06916502581065703,declared local non-coercive spirit participation candidate,0.76986,0.5556849934606973,0.16971511184618052,1.0,1.0,0.92,1.0,0.06679574006581927,0.06679574006581927,1.6410459456873115e-05,0.06679574006581927,0.06681105437649182,0.0,0.11749507731447605,0.11749507731447606,0.03115152251314806,False
active_spirit_declared,144,0.602510460251046,0.94,0.91,0.9,0.93,0.004,0.5724059982873003,0.08,0.05,0.12863290488700982,1.0,0.18580308483679195,1.0,1.0,1.0,0.92,0.0,0.0728776349623366,declared local non-coercive spirit participation candidate,0.76986,0.557339154194786,0.18580308483679195,1.0,1.0,0.92,1.0,0.07334526078462295,0.07334526078462295,1.663400362001495e-05,0.07334526078462295,0.07336067476290964,0.0,0.1286329047583769,0.12863290475837696,0.036025591625409505,False
active_spirit_declared,145,0.606694560669456,0.94,0.91,0.9,0.93,0.004,0.5770685097256849,0.08,0.05,0.1400772511448628,1.0,0.20233380720924626,1.0,1.0,1.0,0.92,0.0,0.0766924170482876,declared local non-coercive spirit participation candidate,0.76986,0.5591133153516491,0.20233380720924626,1.0,1.0,0.92,1.0,0.08012496842057518,0.08012496842057518,1.6864995555521966e-05,0.08012496842057518,0.08014048210889435,0.0,0.14007725100478555,0.14007725100478552,0.0412281745943783,True
active_spirit_declared,146,0.6108786610878661,0.94,0.91,0.9,0.93,0.004,0.5818448967251739,0.08,0.05,0.15180111014360873,1.0,0.21926827020743483,1.0,1.0,1.0,0.92,0.0,0.08060037004786957,declared local non-coercive spirit participation candidate,0.76986,0.5610070555523536,0.21926827020743483,1.0,1.0,0.92,1.0,0.08712518162060283,0.08712518162060283,1.7102987664136826e-05,0.08712518162060283,0.08714079450736045,0.0,0.1518011099918076,0.15180110999180763,0.046756821364249766,True
active_spirit_declared,147,0.6150627615062761,0.94,0.91,0.9,0.93,0.004,0.5867241568160954,0.08,0.05,0.16377747582132493,1.0,0.23656746507524712,1.0,1.0,1.0,0.92,0.0,0.08459249194044163,declared local non-coercive spirit participation candidate,0.76986,0.5630194829765869,0.23656746507524712,1.0,1.0,0.92,1.0,0.09433612274334588,0.09433612274334588,1.734752174036596e-05,0.09433612274334588,0.09435183376714606,0.0,0.16377747565754744,0.1637774756575474,0.05260785407891465,True
active_spirit_declared,148,0.6192468619246861,0.94,0.91,0.9,0.93,0.004,0.5916952875287773,0.08,0.05,0.17597934211608973,1.0,0.25419238305657404,1.0,1.0,1.0,0.92,0.0,0.08865978070536323,declared local non-coercive spirit participation candidate,0.76986,0.5651492588847249,0.25419238305657404,1.0,1.0,0.92,1.0,0.10174785860411086,0.10174785860411086,1.7598128314090774e-05,0.10174785860411086,0.10176366616055355,0.0,0.17597934194011036,0.17597934194011033,0.05877642847197443,True
active_spirit_declared,149,0.6234309623430963,0.94,0.91,0.9,0.93,0.004,0.596747286393548,0.08,0.05,0.18837970296598153,1.0,0.27210401539530665,1.0,1.0,1.0,0.92,0.0,0.09279323432199384,declared local non-coercive spirit participation candidate,0.76986,0.5673946199637987,0.27210401539530665,1.0,1.0,0.92,1.0,0.10935024158345216,0.10935024158345216,1.7854326073439668e-05,0.10935024158345216,0.10936614353465623,0.0,0.1883797027776018,0.18837970277760174,0.0652565921872558,True
active_spirit_declared,150,0.6276150627615062,0.94,0.91,0.9,0.93,0.004,0.6018691509407353,0.08,0.05,0.20095155230907763,1.0,0.2902633533353343,1.0,1.0,1.0,0.92,0.0,0.09698385076969253,declared local non-coercive spirit participation candidate,0.76986,0.5697533995561611,0.2902633533353343,1.0,1.0,0.92,1.0,0.11713285154716728,0.11713285154716728,1.8115621367689773e-05,0.11713285154716728,0.11714884523414659,0.0,0.20095155210812607,0.2009515521081261,0.07204134018329932,True
active_spirit_declared,151,0.6317991631799164,0.94,0.91,0.9,0.93,0.004,0.6070498787006675,0.08,0.05,0.21366788408345672,1.0,0.3086313881205486,1.0,1.0,1.0,0.92,0.0,0.1012226280278189,declared local non-coercive spirit participation candidate,0.76986,0.572223047826721,0.3086313881205486,1.0,1.0,0.92,1.0,0.12508493898970993,0.12508493898970993,1.838150778891635e-05,0.12508493898970993,0.1251010212477185,0.0,0.21366788386978883,0.21366788386978885,0.07912266736762379,True
active_spirit_declared,152,0.6359832635983264,0.94,0.91,0.9,0.93,0.004,0.6122784672036725,0.08,0.05,0.22650169222719613,1.0,0.3271691109948388,1.0,1.0,1.0,0.92,0.0,0.10550056407573204,declared local non-coercive spirit participation candidate,0.76986,0.5748006509218151,0.3271691109948388,1.0,1.0,0.92,1.0,0.13319536977990332,0.13319536977990332,1.86514658310735e-05,0.13319536977990332,0.13321153695684607,0.0,0.22650169200069442,0.22650169200069437,0.08649161859927731,True
active_spirit_declared,153,0.6401673640167364,0.94,0.91,0.9,0.93,0.004,0.6175439139800784,0.08,0.05,0.23942597067837415,1.0,0.345837513202096,1.0,1.0,1.0,0.92,0.0,0.10980865689279137,declared local non-coercive spirit participation candidate,0.76986,0.577482949170137,0.345837513202096,1.0,1.0,0.92,1.0,0.14145257185721574,0.14145257185721574,1.8924962625172405e-05,0.14145257185721574,0.1414688198352052,0.0,0.23942597043894817,0.2394259704389482,0.09413833619126086,True
active_spirit_declared,154,0.6443514644351465,0.94,0.91,0.9,0.93,0.004,0.6228352165602135,0.08,0.05,0.2524137133750693,1.0,0.36459758598621117,1.0,1.0,1.0,0.92,0.0,0.11413790445835642,declared local non-coercive spirit participation candidate,0.76986,0.580266354373619,0.36459758598621117,1.0,1.0,0.92,1.0,0.1498444841985212,0.1498444841985212,1.9201451749219475e-05,0.1498444841985212,0.14986080841863714,0.0,0.25241371312265554,0.2524137131226556,0.10205210503783059,True
active_spirit_declared,155,0.6485355648535565,0.94,0.91,0.9,0.93,0.004,0.6281413724744054,0.08,0.05,0.2654379142553587,1.0,0.3834103205910736,1.0,1.0,1.0,0.92,0.0,0.11847930475178621,declared local non-coercive spirit participation candidate,0.76986,0.5831469662337704,0.3834103205910736,1.0,1.0,0.92,1.0,0.1583585083490872,0.1583585083490872,1.948037311158655e-05,0.1583585083490872,0.1583749038393708,0.0,0.2654379139899207,0.2654379139899208,0.1102213954854351,True
active_spirit_declared,156,0.6527196652719666,0.94,0.91,0.9,0.93,0.004,0.6334513792529828,0.08,0.05,0.2784715672573212,1.0,0.40223670826057506,1.0,1.0,1.0,0.92,0.0,0.1228238557524404,declared local non-coercive spirit participation candidate,0.76986,0.5861205879566983,0.40223670826057506,1.0,1.0,0.92,1.0,0.16698146278733014,0.16698146278733014,1.976115290650681e-05,0.16698146278733014,0.16699792419401793,0.0,0.2784715669788496,0.27847156697884956,0.11863390406010581,True
active_spirit_declared,157,0.6569037656903766,0.94,0.91,0.9,0.93,0.004,0.6387542344262731,0.08,0.05,0.291487666319034,1.0,0.42103774023860463,1.0,1.0,1.0,0.92,0.0,0.12716255543967797,declared local non-coercive spirit participation candidate,0.76986,0.5891827410778785,0.42103774023860463,1.0,1.0,0.92,1.0,0.17569954037051438,0.17569954037051438,2.004320364042136e-05,0.17569954037051438,0.17571606199248768,0.0,0.29148766602754633,0.2914876660275463,0.12727659215847784,True
active_spirit_declared,158,0.6610878661087866,0.94,0.91,0.9,0.93,0.004,0.6440389355246049,0.08,0.05,0.3044592053785756,1.0,0.43977440776905363,1.0,1.0,1.0,0.92,0.0,0.13148640179285853,declared local non-coercive spirit participation candidate,0.76986,0.5923286795456859,0.43977440776905363,1.0,1.0,0.92,1.0,0.18449826908793643,0.18449826908793643,2.0325924227943285e-05,0.18449826908793643,0.18451484491432668,0.0,0.3044592050741164,0.3044592050741164,0.13613572280425976,True
active_spirit_declared,159,0.6652719665271967,0.94,0.91,0.9,0.93,0.004,0.6492944800783061,0.08,0.05,0.3173591783740242,1.0,0.4584077020958127,1.0,1.0,1.0,0.92,0.0,0.1357863927913414,declared local non-coercive spirit participation candidate,0.76986,0.5955534031007506,0.4584077020958127,1.0,1.0,0.92,1.0,0.1933624763290634,0.1933624763290634,2.060870015625451e-05,0.1933624763290634,0.19337910007992354,0.0,0.317359178056665,0.317359178056665,0.14519689556688,True
active_spirit_declared,160,0.6694560669456067,0.94,0.91,0.9,0.93,0.004,0.6545098656177047,0.08,0.05,0.33016057924345715,1.0,0.4768986144627715,1.0,1.0,1.0,0.92,0.0,0.1400535264144857,declared local non-coercive spirit participation candidate,0.76986,0.5988516699863443,0.4768986144627715,1.0,1.0,0.92,1.0,0.20227625685651782,0.20227625685651782,2.0890903716808108e-05,0.20227625685651782,0.20229292202642846,0.0,0.33016057891329653,0.33016057891329653,0.15444507973420082,True
active_spirit_declared,161,0.6736401673640168,0.94,0.91,0.9,0.93,0.004,0.6596740896731291,0.08,0.05,0.3428364019249533,1.0,0.4952081361138214,1.0,1.0,1.0,0.92,0.0,0.1442788006416511,declared local non-coercive spirit participation candidate,0.76986,0.6022180090232492,0.4952081361138214,1.0,1.0,0.92,1.0,0.21122294465757707,0.21122294465757707,2.1171894303271415e-05,0.21122294465757707,0.2112396445620216,0.0,0.34283640158211687,0.3428364015821168,0.1638646458265966,True
active_spirit_declared,162,0.6778242677824268,0.94,0.91,0.9,0.93,0.004,0.664776149774907,0.08,0.05,0.3553596403565898,1.0,0.5132972582928519,1.0,1.0,1.0,0.92,0.0,0.1484532134521966,declared local non-coercive spirit participation candidate,0.76986,0.6056467310808812,0.5132972582928519,1.0,1.0,0.92,1.0,0.22018508883289237,0.22018508883289237,2.1451018774713828e-05,0.22018508883289237,0.22020181665719263,0.0,0.3553596400012301,0.3553596400012301,0.17343939553532825,True
active_spirit_declared,163,0.6820083682008368,0.94,0.91,0.9,0.93,0.004,0.6698050434533666,0.08,0.05,0.3677032884764451,1.0,0.531126972243754,1.0,1.0,1.0,0.92,0.0,0.1525677628254817,declared local non-coercive spirit participation candidate,0.76986,0.6091319399748595,0.531126972243754,1.0,1.0,0.92,1.0,0.2291444336673614,0.2291444336673614,2.1727611883117417e-05,0.2291444336673614,0.2291611825179246,0.0,0.3677032881087418,0.36770328810874187,0.1831525901639989,True
active_spirit_declared,164,0.6861924686192469,0.94,0.91,0.9,0.93,0.004,0.674749768238836,0.08,0.05,0.37984034022259744,1.0,0.5486582692104185,1.0,1.0,1.0,0.92,0.0,0.1566134467408658,declared local non-coercive spirit participation candidate,0.76986,0.6126675428196956,0.5486582692104185,1.0,1.0,0.92,1.0,0.23808190301537724,0.23808190301537724,2.2000996764365863e-05,0.23808190301537724,0.2380986659729637,0.0,0.37984033984275706,0.379840339842757,0.1929869776479368,True
active_spirit_declared,165,0.6903765690376569,0.94,0.91,0.9,0.93,0.004,0.6795993216616433,0.08,0.05,0.39174378953312433,1.0,0.565852140436735,1.0,1.0,1.0,0.92,0.0,0.1605812631777081,declared local non-coercive spirit participation candidate,0.76986,0.616247259863849,0.565852140436735,1.0,1.0,0.92,1.0,0.2469775891209961,0.2469775891209961,2.2270485491950022e-05,0.2469775891209961,0.2469943592956727,0.0,0.3917437891413805,0.3917437891413805,0.20292481822260897,True
active_spirit_declared,166,0.694560669456067,0.94,0.91,0.9,0.93,0.004,0.6843427012521166,0.08,0.05,0.4033866303461043,1.0,0.5826695771665951,1.0,1.0,1.0,0.92,0.0,0.16446221011536807,declared local non-coercive spirit participation candidate,0.76986,0.6198646338330297,0.5826695771665951,1.0,1.0,0.92,1.0,0.2558107459828034,0.2558107459828034,2.253537969271387e-05,0.2558107459828034,0.25582751657020597,0.0,0.4033866299427176,0.40338662994271757,0.2129479088086144,True
active_spirit_declared,167,0.698744769874477,0.94,0.91,0.9,0.93,0.004,0.6889689045405838,0.08,0.05,0.41474185659961466,1.0,0.5990715706438878,1.0,1.0,1.0,0.92,0.0,0.16824728553320487,declared local non-coercive spirit participation candidate,0.76986,0.6235130388063357,0.5990715706438878,1.0,1.0,0.92,1.0,0.2645597873633564,0.2645597873633564,2.279497122405354e-05,0.2645597873633564,0.26457655170184047,0.0,0.41474185618487275,0.4147418561848728,0.2230376061774273,True
active_spirit_declared,168,0.702928870292887,0.94,0.91,0.9,0.93,0.004,0.6934669290573731,0.08,0.05,0.4257824622317339,1.0,0.6150191121125045,1.0,1.0,1.0,0.92,0.0,0.17192748741057795,declared local non-coercive spirit participation candidate,0.76986,0.6271856886485835,0.6150191121125045,1.0,1.0,0.92,1.0,0.2732022895339939,0.2732022895339939,2.3048542912074974e-05,0.2732022895339939,0.27321904116221196,0.0,0.42578246180595136,0.42578246180595136,0.2331748489588535,True
active_spirit_declared,169,0.7071129707112971,0.94,0.91,0.9,0.93,0.004,0.6978257723328127,0.08,0.05,0.4364814411805403,1.0,0.6304731928163358,1.0,1.0,1.0,0.92,0.0,0.17549381372684675,declared local non-coercive spirit participation candidate,0.76986,0.6308756450210227,0.6304731928163358,1.0,1.0,0.92,1.0,0.28171499883742934,0.28171499883742934,2.3295369350310546e-05,0.28171499883742934,0.2817317315518302,0.0,0.4364814407440588,0.4364814407440588,0.24334017854811374,True
active_spirit_declared,170,0.7112970711297071,0.94,0.91,0.9,0.93,0.004,0.7020344318972305,0.08,0.05,0.44681178738411115,1.0,0.6453948039992716,1.0,1.0,1.0,0.92,0.0,0.17893726246137037,declared local non-coercive spirit participation candidate,0.76986,0.6345758249915134,0.6453948039992716,1.0,1.0,0.92,1.0,0.2900738441428767,0.2900738441428767,2.353471775869367e-05,0.2900738441428767,0.29009055205458434,0.0,0.44681178693729934,0.4468117869372994,0.253513758967573,True
active_spirit_declared,171,0.7154811715481172,0.94,0.91,0.9,0.93,0.004,0.7060819052809547,0.08,0.05,0.45674649478052515,1.0,0.659744936905203,1.0,1.0,1.0,0.92,0.0,0.18224883159350838,declared local non-coercive spirit participation candidate,0.76986,0.6382790082641966,0.659744936905203,1.0,1.0,0.92,1.0,0.2982539542614083,0.2982539542614083,2.376584890259235e-05,0.2982539542614083,0.2982706318518994,0.0,0.4567464943237786,0.4567464943237787,0.26367539573538323,True
active_spirit_declared,172,0.7196652719665272,0.94,0.91,0.9,0.93,0.004,0.7099571900143132,0.08,0.05,0.4662585573078597,1.0,0.6734845827780195,1.0,1.0,1.0,0.92,0.0,0.1854195191026199,declared local non-coercive spirit participation candidate,0.76986,0.6419778440476795,0.6734845827780195,1.0,1.0,0.92,1.0,0.3062296803827766,0.3062296803827766,2.3988018071806707e-05,0.3062296803827766,0.3062463225577413,0.0,0.4662585568416011,0.4662585568416011,0.2738045537906941,True
active_spirit_declared,173,0.7238493723849372,0.94,0.91,0.9,0.93,0.004,0.7136492836276342,0.08,0.05,0.47532096890419323,1.0,0.6865747328616124,1.0,1.0,1.0,0.92,0.0,0.1884403229680644,declared local non-coercive spirit participation candidate,0.76986,0.6456648575798126,0.6865747328616124,1.0,1.0,0.92,1.0,0.31397462358901407,0.31397462358901407,2.4200476119544715e-05,0.31397462358901407,0.31399122572975324,0.0,0.4753209684288722,0.47532096842887217,0.283880374522603,True
active_spirit_declared,174,0.7280334728033473,0.94,0.91,0.9,0.93,0.004,0.717147183651246,0.08,0.05,0.4839067235076037,1.0,0.698976378399872,1.0,1.0,1.0,0.92,0.0,0.19130224116920122,declared local non-coercive spirit participation candidate,0.76986,0.6493324563262275,0.698976378399872,1.0,1.0,0.92,1.0,0.32146166749469046,0.32146166749469046,2.4402470561502064e-05,0.32146166749469046,0.32147822550637417,0.0,0.48390672302369697,0.48390672302369697,0.2938816919476577,True
active_spirit_declared,175,0.7322175732217573,0.94,0.91,0.9,0.93,0.004,0.7204398876154763,0.08,0.05,0.49198881505616887,1.0,0.7106505106366884,1.0,1.0,1.0,0.92,0.0,0.1939962716853896,declared local non-coercive spirit participation candidate,0.76986,0.6529729358689474,0.7106505106366884,1.0,1.0,0.92,1.0,0.32866301605874454,0.32866301605874454,2.4593246735288505e-05,0.32866301605874454,0.3286795264148331,0.0,0.49198881456418003,0.49198881456418,0.3037870480784838,True
active_spirit_declared,176,0.7364016736401674,0.94,0.91,0.9,0.93,0.004,0.7235163930506533,0.08,0.05,0.49954023748796716,1.0,0.7215581208159525,1.0,1.0,1.0,0.92,0.0,0.19651341249598903,declared local non-coercive spirit participation candidate,0.76986,0.6565784855005681,0.7215581208159525,1.0,1.0,0.92,1.0,0.3355502366082602,0.3355502366082602,2.4772049020564425e-05,0.3355502366082602,0.3355666963903706,0.0,0.49954023698842687,0.49954023698842687,0.3135747075239809,True
active_spirit_declared,177,0.7405857740585774,0.94,0.91,0.9,0.93,0.004,0.7263656974871051,0.08,0.05,0.5065339847410761,1.0,0.7316602001815543,1.0,1.0,1.0,0.92,0.0,0.19884466158035868,declared local non-coercive spirit participation candidate,0.76986,0.660141193538729,0.7316602001815543,1.0,1.0,0.92,1.0,0.34209430811040153,0.34209430811040153,2.4938122120377234e-05,0.34209430811040153,0.3421107150428896,0.0,0.5065339842345421,0.5065339842345421,0.32322267135950894,True
active_spirit_declared,178,0.7447698744769874,0.94,0.91,0.9,0.93,0.004,0.7289767984551598,0.08,0.05,0.512943050753574,1.0,0.7409177399773847,1.0,1.0,1.0,0.92,0.0,0.200981016917858,declared local non-coercive spirit participation candidate,0.76986,0.6636530523748613,0.7409177399773847,1.0,1.0,0.92,1.0,0.3482656747249312,0.3482656747249312,2.509071240431963e-05,0.3482656747249312,0.3482820272034507,0.0,0.5129430502406309,0.5129430502406309,0.33270869030356504,True
active_spirit_declared,179,0.7489539748953975,0.94,0.91,0.9,0.93,0.004,0.7313386934851456,0.08,0.05,0.5187404294635389,1.0,0.7492917314473341,1.0,1.0,1.0,0.92,0.0,0.2029134764878463,declared local non-coercive spirit participation candidate,0.76986,0.6671059632704976,0.7492917314473341,1.0,1.0,0.92,1.0,0.35403430466627106,0.35403430466627106,2.522906931427071e-05,0.35403430466627106,0.35405060177957326,0.0,0.5187404289447984,0.5187404289447984,0.34201027723562666,True
active_spirit_declared,180,0.7531380753138075,0.94,0.91,0.9,0.93,0.004,0.7334403801073902,0.08,0.05,0.5238991148090487,1.0,0.7567431658352926,1.0,1.0,1.0,0.92,0.0,0.20463303826968288,declared local non-coercive spirit participation candidate,0.76986,0.6704917409137682,0.7567431658352926,1.0,1.0,0.92,1.0,0.3593697544009115,0.3593697544009115,2.535244683362694e-05,0.3593697544009115,0.3593859959451532,0.0,0.5238991142851496,0.5238991142851496,0.3511047190881028,True
active_spirit_declared,181,0.7573221757322176,0.94,0.91,0.9,0.93,0.004,0.7352708558522221,0.08,0.05,0.5283921007281814,1.0,0.763233034385151,1.0,1.0,1.0,0.92,0.0,0.20613070024272714,declared local non-coercive spirit participation candidate,0.76986,0.6738021177480694,0.763233034385151,1.0,1.0,0.92,1.0,0.3642412382030979,0.3642412382030979,2.5460105021085578e-05,0.3642412382030979,0.3642574246879414,0.0,0.5283921001997893,0.5283921001997893,0.3599690881436871,True
active_spirit_declared,182,0.7615062761506276,0.94,0.91,0.9,0.93,0.004,0.736819118249969,0.08,0.05,0.5321923811590151,1.0,0.7687223283407996,1.0,1.0,1.0,0.92,0.0,0.20739746038633833,declared local non-coercive spirit participation candidate,0.76986,0.6770287480843021,0.7687223283407996,1.0,1.0,0.92,1.0,0.36861770308910874,0.36861770308910874,2.5551311610206862e-05,0.36861770308910874,0.36863383573492225,0.0,0.5321923806268227,0.5321923806268227,0.36858025276784384,True
active_spirit_declared,183,0.7656903765690377,0.94,0.91,0.9,0.93,0.004,0.7380741648309594,0.08,0.05,0.5352729500396277,1.0,0.7731720389461288,1.0,1.0,1.0,0.92,0.0,0.20842431667987588,declared local non-coercive spirit participation candidate,0.76986,0.6801632120074952,0.7731720389461288,1.0,1.0,0.92,1.0,0.37246790914806294,0.37246790914806294,2.5625343676157983e-05,0.37246790914806294,0.3724839898735588,0.0,0.5352729495043547,0.5352729495043547,0.3769148876046694,True
active_spirit_declared,184,0.7698744769874477,0.94,0.91,0.9,0.93,0.004,0.7390249931255211,0.08,0.05,0.5376068013080971,1.0,0.7765431574450292,1.0,1.0,1.0,0.92,0.0,0.20920226710269904,declared local non-coercive spirit participation candidate,0.76986,0.6831970190880996,0.7765431574450292,1.0,1.0,0.92,1.0,0.37576051528503246,0.37576051528503246,2.5681489371228928e-05,0.37576051528503246,0.37577654668472427,0.0,0.5376068007704903,0.5376068007704903,0.3849494832629604,True
active_spirit_declared,185,0.7740585774058577,0.94,0.91,0.9,0.93,0.004,0.7396606006639822,0.08,0.05,0.5391669289025017,1.0,0.7787966750813913,1.0,1.0,1.0,0.92,0.0,0.20972230963416721,declared local non-coercive spirit participation candidate,0.76986,0.6861216119077176,0.7787966750813913,1.0,1.0,0.92,1.0,0.37846417039028335,0.37846417039028335,2.571904973091357e-05,0.37846417039028335,0.37848015570119464,0.0,0.5391669283633348,0.5391669283633348,0.3926603555179791,True
active_spirit_declared,186,0.7782426778242678,0.94,0.91,0.9,0.93,0.004,0.7399699849766708,0.08,0.05,0.5399263267609192,1.0,0.7798935830991055,1.0,1.0,1.0,0.92,0.0,0.2099754422536397,declared local non-coercive spirit participation candidate,0.76986,0.6889283694085444,0.7798935830991055,1.0,1.0,0.92,1.0,0.38054760994668785,0.38054760994668785,2.5737340552566884e-05,0.38054760994668785,0.38056355300380673,0.0,0.5399263262209929,0.5399263262209929,0.4000236540531298,True
active_spirit_declared,187,0.7824267782426778,0.94,0.91,0.9,0.93,0.004,0.74,0.08,0.05,0.54,1.0,0.78,1.0,1.0,1.0,0.92,0.0,0.21,declared local non-coercive spirit participation candidate,0.76986,0.6916086100753392,0.78,1.0,1.0,0.92,1.0,0.38208023894694626,0.38208023894694626,2.5739115327708977e-05,0.38208023894694626,0.38209614365493916,0.0,0.53999999946,0.53999999946,0.4070224713234733,True
active_spirit_declared,188,0.7866108786610879,0.94,0.91,0.9,0.93,0.004,0.74,0.08,0.05,0.54,1.0,0.78,1.0,1.0,1.0,0.92,0.0,0.21,declared local non-coercive spirit participation candidate,0.76986,0.6941561795617442,0.78,1.0,1.0,0.92,1.0,0.38348764762277743,0.38348764762277743,2.5739115327708977e-05,0.38348764762277743,0.3835035161053162,0.0,0.53999999946,0.53999999946,0.4136713477302996,True
active_spirit_declared,189,0.7907949790794979,0.94,0.91,0.9,0.93,0.004,0.74,0.08,0.05,0.54,1.0,0.78,1.0,1.0,1.0,0.92,0.0,0.21,declared local non-coercive spirit participation candidate,0.76986,0.6965763705738292,0.78,1.0,1.0,0.92,1.0,0.38482468586481716,0.38482468586481716,2.5739115327708977e-05,0.38482468586481716,0.3848405199331745,0.0,0.53999999946,0.53999999946,0.41998778031678463,True
active_spirit_declared,190,0.7949790794979079,0.94,0.91,0.9,0.93,0.004,0.74,0.08,0.05,0.54,1.0,0.78,1.0,1.0,1.0,0.92,0.0,0.21,declared local non-coercive spirit participation candidate,0.76986,0.6988755520353097,0.78,1.0,1.0,0.92,1.0,0.3860948721947548,0.3860948721947548,2.5739115327708977e-05,0.3860948721947548,0.3861106735696396,0.0,0.53999999946,0.53999999946,0.4259883912739454,True
active_spirit_declared,191,0.799163179916318,0.94,0.91,0.9,0.93,0.004,0.74,0.08,0.05,0.54,1.0,0.78,1.0,1.0,1.0,0.92,0.0,0.21,declared local non-coercive spirit participation candidate,0.76986,0.7010597744237161,0.78,1.0,1.0,0.92,1.0,0.38730154920819554,0.38730154920819554,2.5739115327708977e-05,0.38730154920819554,0.3873173195242815,0.0,0.53999999946,0.53999999946,0.4316889716832481,True
active_spirit_declared,192,0.803347280334728,0.94,0.91,0.9,0.93,0.004,0.74,0.08,0.05,0.54,1.0,0.78,1.0,1.0,1.0,0.92,0.0,0.21,declared local non-coercive spirit participation candidate,0.76986,0.7031347856927023,0.78,1.0,1.0,0.92,1.0,0.38844789237096417,0.38844789237096417,2.5739115327708977e-05,0.38844789237096417,0.38846363318119137,0.0,0.53999999946,0.53999999946,0.4371045230720857,True
active_spirit_declared,193,0.8075313807531381,0.94,0.91,0.9,0.93,0.004,0.74,0.08,0.05,0.54,1.0,0.78,1.0,1.0,1.0,0.92,0.0,0.21,declared local non-coercive spirit participation candidate,0.76986,0.7051060463982393,0.78,1.0,1.0,0.92,1.0,0.3895369183755945,0.3895369183755945,2.5739115327708977e-05,0.3895369183755945,0.38955263115525574,0.0,0.53999999946,0.53999999946,0.4422492968914814,True
active_spirit_declared,194,0.8117154811715481,0.94,0.91,0.9,0.93,0.004,0.74,0.08,0.05,0.54,1.0,0.78,1.0,1.0,1.0,0.92,0.0,0.21,declared local non-coercive spirit participation candidate,0.76986,0.7069787440684993,0.78,1.0,1.0,0.92,1.0,0.39057149307999334,0.39057149307999334,2.5739115327708977e-05,0.39057149307999334,0.3905871792306168,0.0,0.53999999946,0.53999999946,0.44713683201990734,True
active_spirit_declared,195,0.8158995815899581,0.94,0.91,0.9,0.93,0.004,0.74,0.08,0.05,0.54,1.0,0.78,1.0,1.0,1.0,0.92,0.0,0.21,declared local non-coercive spirit participation candidate,0.76986,0.7087578068552463,0.78,1.0,1.0,0.92,1.0,0.3915543390491721,0.3915543390491721,2.5739115327708977e-05,0.3915543390491721,0.39156999990220986,0.0,0.53999999946,0.53999999946,0.45177999039191197,True
active_spirit_declared,196,0.8200836820083682,0.94,0.91,0.9,0.93,0.004,0.74,0.08,0.05,0.54,1.0,0.78,1.0,1.0,1.0,0.92,0.0,0.21,declared local non-coercive spirit participation candidate,0.76986,0.7104479165026559,0.78,1.0,1.0,0.92,1.0,0.392488042719892,0.392488042719892,2.5739115327708977e-05,0.392488042719892,0.39250367954022336,0.0,0.53999999946,0.53999999946,0.45619099084531634,True
active_spirit_declared,197,0.8242677824267782,0.94,0.91,0.9,0.93,0.004,0.74,0.08,0.05,0.54,1.0,0.78,1.0,1.0,1.0,0.92,0.0,0.21,declared local non-coercive spirit participation candidate,0.76986,0.7120535206676951,0.78,1.0,1.0,0.92,1.0,0.3933750612070759,0.3933750612070759,2.5739115327708977e-05,0.3933750612070759,0.3933906751963361,0.0,0.53999999946,0.53999999946,0.4603814412760505,True
active_spirit_declared,198,0.8284518828451883,0.94,0.91,0.9,0.93,0.004,0.74,0.08,0.05,0.54,1.0,0.78,1.0,1.0,1.0,0.92,0.0,0.21,declared local non-coercive spirit participation candidate,0.76986,0.7135788446244824,0.78,1.0,1.0,0.92,1.0,0.39421772876990063,0.39421772876990063,2.5739115327708977e-05,0.39421772876990063,0.39423332106964337,0.0,0.53999999946,0.53999999946,0.464362369185248,True
active_spirit_declared,199,0.8326359832635983,0.94,0.91,0.9,0.93,0.004,0.74,0.08,0.05,0.54,1.0,0.78,1.0,1.0,1.0,0.92,0.0,0.21,declared local non-coercive spirit participation candidate,0.76986,0.7150279023834303,0.78,1.0,1.0,0.92,1.0,0.39501826295458414,0.39501826295458414,2.5739115327708977e-05,0.39501826295458414,0.3950338346492851,0.0,0.53999999946,0.53999999946,0.4681442506989856,True
active_spirit_declared,200,0.8368200836820083,0.94,0.91,0.9,0.93,0.004,0.74,0.08,0.05,0.54,1.0,0.78,1.0,1.0,1.0,0.92,0.0,0.21,declared local non-coercive spirit participation candidate,0.76986,0.7164045072544307,0.78,1.0,1.0,0.92,1.0,0.3957787704300334,0.3957787704300334,2.5739115327708977e-05,0.3957787704300334,0.39579432254994473,0.0,0.53999999946,0.53999999946,0.47173703813703627,True
active_spirit_declared,201,0.8410041841004184,0.94,0.91,0.9,0.93,0.004,0.74,0.08,0.05,0.54,1.0,0.78,1.0,1.0,1.0,0.92,0.0,0.21,declared local non-coercive spirit participation candidate,0.76986,0.7177122818818813,0.78,1.0,1.0,0.92,1.0,0.39650125253171026,0.39650125253171026,2.5739115327708977e-05,0.39650125253171026,0.3965167860555714,0.0,0.53999999946,0.53999999946,0.47515018620318444,True
active_spirit_declared,202,0.8451882845188284,0.94,0.91,0.9,0.93,0.004,0.74,0.08,0.05,0.54,1.0,0.78,1.0,1.0,1.0,0.92,0.0,0.21,declared local non-coercive spirit participation candidate,0.76986,0.7189546677779591,0.78,1.0,1.0,0.92,1.0,0.39718761052830326,0.39718761052830326,2.5739115327708977e-05,0.39718761052830326,0.3972031263859167,0.0,0.53999999946,0.53999999946,0.4783926768660252,True
active_spirit_declared,203,0.8493723849372385,0.94,0.91,0.9,0.93,0.004,0.74,0.08,0.05,0.54,1.0,0.78,1.0,1.0,1.0,0.92,0.0,0.21,declared local non-coercive spirit participation candidate,0.76986,0.7201349343792331,0.78,1.0,1.0,0.92,1.0,0.39783965062506665,0.39783965062506665,2.5739115327708977e-05,0.39783965062506665,0.397855149699745,0.0,0.53999999946,0.53999999946,0.48147304299572397,True
active_spirit_declared,204,0.8535564853556485,0.94,0.91,0.9,0.93,0.004,0.74,0.08,0.05,0.54,1.0,0.78,1.0,1.0,1.0,0.92,0.0,0.21,declared local non-coercive spirit participation candidate,0.76986,0.7212561876504435,0.78,1.0,1.0,0.92,1.0,0.3984590887169917,0.3984590887169917,2.5739115327708977e-05,0.3984590887169917,0.3984745718478815,0.0,0.53999999946,0.53999999946,0.48439939081893774,True
active_spirit_declared,205,0.8577405857740585,0.94,0.91,0.9,0.93,0.004,0.74,0.08,0.05,0.54,1.0,0.78,1.0,1.0,1.0,0.92,0.0,0.21,declared local non-coercive spirit participation candidate,0.76986,0.7223213782580934,0.78,1.0,1.0,0.92,1.0,0.3990475549043207,0.3990475549043207,2.5739115327708977e-05,0.3990475549043207,0.3990630228886114,0.0,0.53999999946,0.53999999946,0.48717942125099084,True
active_spirit_declared,206,0.8619246861924686,0.94,0.91,0.9,0.93,0.004,0.74,0.08,0.05,0.54,1.0,0.78,1.0,1.0,1.0,0.92,0.0,0.21,declared local non-coercive spirit participation candidate,0.76986,0.7233333093353607,0.78,1.0,1.0,0.92,1.0,0.39960659778228313,0.39960659778228313,2.5739115327708977e-05,0.39960659778228313,0.3996220513773048,0.0,0.53999999946,0.53999999946,0.48982045016144127,True
active_spirit_declared,207,0.8661087866108786,0.94,0.91,0.9,0.93,0.004,0.74,0.08,0.05,0.54,1.0,0.78,1.0,1.0,1.0,0.92,0.0,0.21,declared local non-coercive spirit participation candidate,0.76986,0.7242946438587647,0.78,1.0,1.0,0.92,1.0,0.40013768851634757,0.40013768851634757,2.5739115327708977e-05,0.40013768851634757,0.4001531284415636,0.0,0.53999999946,0.53999999946,0.4923294276263692,True
active_spirit_declared,208,0.8702928870292888,0.94,0.91,0.9,0.93,0.004,0.74,0.08,0.05,0.54,1.0,0.78,1.0,1.0,1.0,0.92,0.0,0.21,declared local non-coercive spirit participation candidate,0.76986,0.7252079116559984,0.78,1.0,1.0,0.92,1.0,0.4006422247137087,0.4006422247137087,2.5739115327708977e-05,0.4006422247137087,0.40065765165260936,0.0,0.53999999946,0.53999999946,0.4947129562180507,True
active_spirit_declared,209,0.8744769874476988,0.94,0.91,0.9,0.93,0.004,0.74,0.08,0.05,0.54,1.0,0.78,1.0,1.0,1.0,0.92,0.0,0.21,declared local non-coercive spirit participation candidate,0.76986,0.7260755160633705,0.78,1.0,1.0,0.92,1.0,0.4011215341012017,0.4011215341012017,2.5739115327708977e-05,0.4011215341012017,0.4011369487031028,0.0,0.53999999946,0.53999999946,0.4969773083801482,True
active_spirit_declared,210,0.8786610878661087,0.94,0.91,0.9,0.93,0.004,0.74,0.08,0.05,0.54,1.0,0.78,1.0,1.0,1.0,0.92,0.0,0.21,declared local non-coercive spirit participation candidate,0.76986,0.726899740250374,0.78,1.0,1.0,0.92,1.0,0.4015768780193202,0.4015768780193202,2.5739115327708977e-05,0.4015768780193202,0.4015922809010716,0.0,0.53999999946,0.53999999946,0.49912844293414077,True
active_spirit_declared,211,0.8828451882845189,0.94,0.91,0.9,0.93,0.004,0.74,0.08,0.05,0.54,1.0,0.78,1.0,1.0,1.0,0.92,0.0,0.21,declared local non-coercive spirit participation candidate,0.76986,0.7276827532280272,0.78,1.0,1.0,0.92,1.0,0.4020094547415326,0.4020094547415326,2.5739115327708977e-05,0.4020094547415326,0.40202484648914183,0.0,0.53999999946,0.53999999946,0.5011720207604337,True
active_spirit_declared,212,0.8870292887029289,0.94,0.91,0.9,0.93,0.004,0.74,0.08,0.05,0.54,1.0,0.78,1.0,1.0,1.0,0.92,0.0,0.21,declared local non-coercive spirit participation candidate,0.76986,0.7284266155567979,0.78,1.0,1.0,0.92,1.0,0.4024204026276345,0.4024204026276345,2.5739115327708977e-05,0.4024204026276345,0.40243578379780875,0.0,0.53999999946,0.53999999946,0.5031134196954119,True
active_spirit_declared,213,0.891213389121339,0.94,0.91,0.9,0.93,0.004,0.74,0.08,0.05,0.54,1.0,0.78,1.0,1.0,1.0,0.92,0.0,0.21,declared local non-coercive spirit participation candidate,0.76986,0.72913328476913,0.78,1.0,1.0,0.92,1.0,0.40281080311943124,0.40281080311943124,2.5739115327708977e-05,0.40281080311943124,0.4028261742410423,0.0,0.53999999946,0.53999999946,0.5049577486836413,True
active_spirit_declared,214,0.895397489539749,0.94,0.91,0.9,0.93,0.004,0.74,0.08,0.05,0.54,1.0,0.78,1.0,1.0,1.0,0.92,0.0,0.21,declared local non-coercive spirit participation candidate,0.76986,0.7298046205208454,0.78,1.0,1.0,0.92,1.0,0.40318168358663814,0.40318168358663814,2.5739115327708977e-05,0.40318168358663814,0.40319704516211397,0.0,0.53999999946,0.53999999946,0.5067098612224592,True
active_spirit_declared,215,0.899581589958159,0.94,0.91,0.9,0.93,0.004,0.74,0.08,0.05,0.54,1.0,0.78,1.0,1.0,1.0,0.92,0.0,0.21,declared local non-coercive spirit participation candidate,0.76986,0.7304423894849752,0.78,1.0,1.0,0.92,1.0,0.4035340200304848,0.4035340200304848,2.5739115327708977e-05,0.4035340200304848,0.4035493725371322,0.0,0.53999999946,0.53999999946,0.5083743681343362,True
active_spirit_declared,216,0.9037656903765691,0.94,0.91,0.9,0.93,0.004,0.74,0.08,0.05,0.54,1.0,0.78,1.0,1.0,1.0,0.92,0.0,0.21,declared local non-coercive spirit participation candidate,0.76986,0.7310482700008984,0.78,1.0,1.0,0.92,1.0,0.4038687396521391,0.4038687396521391,2.5739115327708977e-05,0.4038687396521391,0.40388408354339966,0.0,0.53999999946,0.53999999946,0.5099556497006194,True
active_spirit_declared,217,0.9079497907949791,0.94,0.91,0.9,0.93,0.004,0.74,0.08,0.05,0.54,1.0,0.78,1.0,1.0,1.0,0.92,0.0,0.21,declared local non-coercive spirit participation candidate,0.76986,0.7316238564910255,0.78,1.0,1.0,0.92,1.0,0.4041867232927106,0.4041867232927106,2.5739115327708977e-05,0.4041867232927106,0.40420205899935346,0.0,0.53999999946,0.53999999946,0.5114578671885883,True
active_spirit_declared,218,0.9121338912133892,0.94,0.91,0.9,0.93,0.004,0.74,0.08,0.05,0.54,1.0,0.78,1.0,1.0,1.0,0.92,0.0,0.21,declared local non-coercive spirit participation candidate,0.76986,0.7321706636566462,0.78,1.0,1.0,0.92,1.0,0.4044888077512537,0.4044888077512537,2.5739115327708977e-05,0.4044888077512537,0.40450413568250987,0.0,0.53999999946,0.53999999946,0.5128849738021589,True
active_spirit_declared,219,0.9163179916317992,0.94,0.91,0.9,0.93,0.004,0.74,0.08,0.05,0.54,1.0,0.78,1.0,1.0,1.0,0.92,0.0,0.21,declared local non-coercive spirit participation candidate,0.76986,0.7326901304639859,0.78,1.0,1.0,0.92,1.0,0.4047757879868694,0.4047757879868694,2.5739115327708977e-05,0.4047757879868694,0.40479110853150824,0.0,0.53999999946,0.53999999946,0.5142407250850509,True
active_spirit_declared,220,0.9205020920502092,0.94,0.91,0.9,0.93,0.004,0.74,0.08,0.05,0.54,1.0,0.78,1.0,1.0,1.0,0.92,0.0,0.21,declared local non-coercive spirit participation candidate,0.76986,0.7331836239309585,0.78,1.0,1.0,0.92,1.0,0.4050484192107044,0.4050484192107044,2.5739115327708977e-05,0.4050484192107044,0.40506373273805674,0.0,0.53999999946,0.53999999946,0.5155286888037983,True
active_spirit_declared,221,0.9246861924686193,0.94,0.91,0.9,0.93,0.004,0.74,0.08,0.05,0.54,1.0,0.78,1.0,1.0,1.0,0.92,0.0,0.21,declared local non-coercive spirit participation candidate,0.76986,0.7336524427245825,0.78,1.0,1.0,0.92,1.0,0.4053074188733477,0.4053074188733477,2.5739115327708977e-05,0.4053074188733477,0.40532272573427774,0.0,0.53999999946,0.53999999946,0.5167522543366083,True
active_spirit_declared,222,0.9288702928870293,0.94,0.91,0.9,0.93,0.004,0.74,0.08,0.05,0.54,1.0,0.78,1.0,1.0,1.0,0.92,0.0,0.21,declared local non-coercive spirit participation candidate,0.76986,0.7340978205785255,0.78,1.0,1.0,0.92,1.0,0.4055534685528588,0.4055534685528588,2.5739115327708977e-05,0.4055534685528588,0.40556876908068784,0.0,0.53999999946,0.53999999946,0.5179146415927779,True
active_spirit_declared,223,0.9330543933054394,0.94,0.91,0.9,0.93,0.004,0.74,0.08,0.05,0.54,1.0,0.78,1.0,1.0,1.0,0.92,0.0,0.21,declared local non-coercive spirit participation candidate,0.76986,0.7345209295397712,0.78,1.0,1.0,0.92,1.0,0.40578721574839444,0.40578721574839444,2.5739115327708977e-05,0.40578721574839444,0.4058025102597774,0.0,0.53999999946,0.53999999946,0.5190189094861389,True
active_spirit_declared,224,0.9372384937238494,0.94,0.91,0.9,0.93,0.004,0.74,0.08,0.05,0.54,1.0,0.78,1.0,1.0,1.0,0.92,0.0,0.21,declared local non-coercive spirit participation candidate,0.76986,0.7349228830529546,0.78,1.0,1.0,0.92,1.0,0.4060092755841532,0.4060092755841532,2.5739115327708977e-05,0.4060092755841532,0.4060245643799124,0.0,0.53999999946,0.53999999946,0.5200679639848319,True
active_spirit_declared,225,0.9414225941422594,0.94,0.91,0.9,0.93,0.004,0.74,0.08,0.05,0.54,1.0,0.78,1.0,1.0,1.0,0.92,0.0,0.21,declared local non-coercive spirit participation candidate,0.76986,0.7353047388904788,0.78,1.0,1.0,0.92,1.0,0.40622023242812394,0.40622023242812394,2.5739115327708977e-05,0.40622023242812394,0.4062355157940406,0.0,0.53999999946,0.53999999946,0.5210645657585903,True
active_spirit_declared,226,0.9456066945606695,0.94,0.91,0.9,0.93,0.004,0.74,0.08,0.05,0.54,1.0,0.78,1.0,1.0,1.0,0.92,0.0,0.21,declared local non-coercive spirit participation candidate,0.76986,0.7356675019361268,0.78,1.0,1.0,0.92,1.0,0.40642064142989626,0.40642064142989626,2.5739115327708977e-05,0.40642064142989626,0.4064359196374626,0.0,0.53999999946,0.53999999946,0.5220113374436607,True
active_spirit_declared,227,0.9497907949790795,0.94,0.91,0.9,0.93,0.004,0.74,0.08,0.05,0.54,1.0,0.78,1.0,1.0,1.0,0.92,0.0,0.21,declared local non-coercive spirit participation candidate,0.76986,0.7360121268294926,0.78,1.0,1.0,0.92,1.0,0.40661102998158,0.40661102998158,2.5739115327708977e-05,0.40661102998158,0.4066263032887134,0.0,0.53999999946,0.53999999946,0.5229107705444777,True
active_spirit_declared,228,0.9539748953974896,0.94,0.91,0.9,0.93,0.004,0.74,0.08,0.05,0.54,1.0,0.78,1.0,1.0,1.0,0.92,0.0,0.21,declared local non-coercive spirit participation candidate,0.76986,0.7363395204781898,0.78,1.0,1.0,0.92,1.0,0.4067918991056795,0.4067918991056795,2.5739115327708977e-05,0.4067918991056795,0.40680716775740167,0.0,0.53999999946,0.53999999946,0.5237652319902537,True
active_spirit_declared,229,0.9581589958158996,0.94,0.91,0.9,0.93,0.004,0.74,0.08,0.05,0.54,1.0,0.78,1.0,1.0,1.0,0.92,0.0,0.21,declared local non-coercive spirit participation candidate,0.76986,0.7366505444444524,0.78,1.0,1.0,0.92,1.0,0.406963724773574,0.406963724773574,2.5739115327708977e-05,0.406963724773574,0.4069789890026555,0.0,0.53999999946,0.53999999946,0.524576970363741,True
active_spirit_declared,230,0.9623430962343096,0.94,0.91,0.9,0.93,0.004,0.74,0.08,0.05,0.54,1.0,0.78,1.0,1.0,1.0,0.92,0.0,0.21,declared local non-coercive spirit participation candidate,0.76986,0.7369460172124017,0.78,1.0,1.0,0.92,1.0,0.4071269591580738,0.4071269591580738,2.5739115327708977e-05,0.4071269591580738,0.40714221918564664,0.0,0.53999999946,0.53999999946,0.5253481218185538,True
active_spirit_declared,231,0.9665271966527197,0.94,0.91,0.9,0.93,0.004,0.74,0.08,0.05,0.54,1.0,0.78,1.0,1.0,1.0,0.92,0.0,0.21,declared local non-coercive spirit participation candidate,0.76986,0.7372267163419536,0.78,1.0,1.0,0.92,1.0,0.4072820318233486,0.4072820318233486,2.5739115327708977e-05,0.4072820318233486,0.40729728785948827,0.0,0.53999999946,0.53999999946,0.5260807157006261,True
active_spirit_declared,232,0.9707112970711297,0.94,0.91,0.9,0.93,0.004,0.74,0.08,0.05,0.54,1.0,0.78,1.0,1.0,1.0,0.92,0.0,0.21,declared local non-coercive spirit participation candidate,0.76986,0.7374933805150279,0.78,1.0,1.0,0.92,1.0,0.4074293508553597,0.4074293508553597,2.5739115327708977e-05,0.4074293508553597,0.4074446030996378,0.0,0.53999999946,0.53999999946,0.5267766798885948,True
active_spirit_declared,233,0.9748953974895398,0.94,0.91,0.9,0.93,0.004,0.74,0.08,0.05,0.54,1.0,0.78,1.0,1.0,1.0,0.92,0.0,0.21,declared local non-coercive spirit participation candidate,0.76986,0.7377467114794485,0.78,1.0,1.0,0.92,1.0,0.4075693039357702,0.4075693039357702,2.5739115327708977e-05,0.4075693039357702,0.4075845525777798,0.0,0.53999999946,0.53999999946,0.527437845867165,True
active_spirit_declared,234,0.9790794979079498,0.94,0.91,0.9,0.93,0.004,0.74,0.08,0.05,0.54,1.0,0.78,1.0,1.0,1.0,0.92,0.0,0.21,declared local non-coercive spirit participation candidate,0.76986,0.737987375895648,0.78,1.0,1.0,0.92,1.0,0.40770225936216015,0.40770225936216015,2.5739115327708977e-05,0.40770225936216015,0.40771750458201483,0.0,0.53999999946,0.53999999946,0.5280659535468067,True
active_spirit_declared,235,0.9832635983263598,0.94,0.91,0.9,0.93,0.004,0.74,0.08,0.05,0.54,1.0,0.78,1.0,1.0,1.0,0.92,0.0,0.21,declared local non-coercive spirit participation candidate,0.76986,0.7382160070910377,0.78,1.0,1.0,0.92,1.0,0.40782856701723075,0.40782856701723075,2.5739115327708977e-05,0.40782856701723075,0.4078438089860381,0.0,0.53999999946,0.53999999946,0.5286626558424663,True
active_spirit_declared,236,0.9874476987447699,0.94,0.91,0.9,0.93,0.004,0.74,0.08,0.05,0.54,1.0,0.78,1.0,1.0,1.0,0.92,0.0,0.21,declared local non-coercive spirit participation candidate,0.76986,0.7384332067266578,0.78,1.0,1.0,0.92,1.0,0.40794855928954765,0.40794855928954765,2.5739115327708977e-05,0.40794855928954765,0.40796379816986006,0.0,0.53999999946,0.53999999946,0.5292295230233429,True
active_spirit_declared,237,0.9916317991631799,0.94,0.91,0.9,0.93,0.004,0.74,0.08,0.05,0.54,1.0,0.78,1.0,1.0,1.0,0.92,0.0,0.21,declared local non-coercive spirit participation candidate,0.76986,0.7386395463804968,0.78,1.0,1.0,0.92,1.0,0.40806255194824875,0.40806255194824875,2.5739115327708977e-05,0.40806255194824875,0.408077787894491,0.0,0.53999999946,0.53999999946,0.5297680468451758,True
active_spirit_declared,238,0.99581589958159,0.94,0.91,0.9,0.93,0.004,0.74,0.08,0.05,0.54,1.0,0.78,1.0,1.0,1.0,0.92,0.0,0.21,declared local non-coercive spirit participation candidate,0.76986,0.7388355690516439,0.78,1.0,1.0,0.92,1.0,0.4081708449740148,0.4081708449740148,2.5739115327708977e-05,0.4081708449740148,0.4081860781328903,0.0,0.53999999946,0.53999999946,0.5302796444759169,True
active_spirit_declared,239,1.0,0.94,0.91,0.9,0.93,0.004,0.74,0.08,0.05,0.54,1.0,0.78,1.0,1.0,1.0,0.92,0.0,0.21,declared local non-coercive spirit participation candidate,0.76986,0.7390217905892338,0.78,1.0,1.0,0.92,1.0,0.40827372334849255,0.40827372334849255,2.5739115327708977e-05,0.40827372334849255,0.4082889538593697,0.0,0.53999999946,0.53999999946,0.530765662225121,True
copy_channel_claim,0,0.0,0.96,0.88,0.93,0.93,0.15,0.25,0.42,0.3,0.0,1.0,0.0,1.0,1.0,1.0,0.92,0.0,0.12,copy-like pattern similarity without path continuity,0.785664,0.528,0.0,1.0,1.0,0.92,0.0,0.0,0.0,0.0019117214472985987,0.0,0.0019117214472985644,0.0,0.0,0.0,0.0,False
copy_channel_claim,1,0.0041841004184100415,0.96,0.88,0.93,0.93,0.15,0.25,0.42,0.3,0.0,1.0,0.0,1.0,1.0,1.0,0.92,0.0,0.12,copy-like pattern similarity without path continuity,0.785664,0.528,0.0,1.0,1.0,0.92,0.0,0.0,0.0,0.0019117214472985987,0.0,0.0019117214472985644,0.0,0.0,0.0,0.0,False
copy_channel_claim,2,0.008368200836820083,0.96,0.88,0.93,0.93,0.15,0.25,0.42,0.3,0.0,1.0,0.0,1.0,1.0,1.0,0.92,0.0,0.12,copy-like pattern similarity without path continuity,0.785664,0.528,0.0,1.0,1.0,0.92,0.0,0.0,0.0,0.0019117214472985987,0.0,0.0019117214472985644,0.0,0.0,0.0,0.0,False
copy_channel_claim,3,0.012552301255230125,0.96,0.88,0.93,0.93,0.15,0.25,0.42,0.3,0.0,1.0,0.0,1.0,1.0,1.0,0.92,0.0,0.12,copy-like pattern similarity without path continuity,0.785664,0.528,0.0,1.0,1.0,0.92,0.0,0.0,0.0,0.0019117214472985987,0.0,0.0019117214472985644,0.0,0.0,0.0,0.0,False
copy_channel_claim,4,0.016736401673640166,0.96,0.88,0.93,0.93,0.15,0.25,0.42,0.3,0.0,1.0,0.0,1.0,1.0,1.0,0.92,0.0,0.12,copy-like pattern similarity without path continuity,0.785664,0.528,0.0,1.0,1.0,0.92,0.0,0.0,0.0,0.0019117214472985987,0.0,0.0019117214472985644,0.0,0.0,0.0,0.0,False
copy_channel_claim,5,0.02092050209205021,0.96,0.88,0.93,0.93,0.15,0.25,0.42,0.3,0.0,1.0,0.0,1.0,1.0,1.0,0.92,0.0,0.12,copy-like pattern similarity without path continuity,0.785664,0.528,0.0,1.0,1.0,0.92,0.0,0.0,0.0,0.0019117214472985987,0.0,0.0019117214472985644,0.0,0.0,0.0,0.0,False
copy_channel_claim,6,0.02510460251046025,0.96,0.88,0.93,0.93,0.15,0.25,0.42,0.3,0.0,1.0,0.0,1.0,1.0,1.0,0.92,0.0,0.12,copy-like pattern similarity without path continuity,0.785664,0.528,0.0,1.0,1.0,0.92,0.0,0.0,0.0,0.0019117214472985987,0.0,0.0019117214472985644,0.0,0.0,0.0,0.0,False
copy_channel_claim,7,0.029288702928870293,0.96,0.88,0.93,0.93,0.15,0.25,0.42,0.3,0.0,1.0,0.0,1.0,1.0,1.0,0.92,0.0,0.12,copy-like pattern similarity without path continuity,0.785664,0.528,0.0,1.0,1.0,0.92,0.0,0.0,0.0,0.0019117214472985987,0.0,0.0019117214472985644,0.0,0.0,0.0,0.0,False
copy_channel_claim,8,0.03347280334728033,0.96,0.88,0.93,0.93,0.15,0.25,0.42,0.3,0.0,1.0,0.0,1.0,1.0,1.0,0.92,0.0,0.12,copy-like pattern similarity without path continuity,0.785664,0.528,0.0,1.0,1.0,0.92,0.0,0.0,0.0,0.0019117214472985987,0.0,0.0019117214472985644,0.0,0.0,0.0,0.0,False
copy_channel_claim,9,0.03765690376569038,0.96,0.88,0.93,0.93,0.15,0.25,0.42,0.3,0.0,1.0,0.0,1.0,1.0,1.0,0.92,0.0,0.12,copy-like pattern similarity without path continuity,0.785664,0.528,0.0,1.0,1.0,0.92,0.0,0.0,0.0,0.0019117214472985987,0.0,0.0019117214472985644,0.0,0.0,0.0,0.0,False
copy_channel_claim,10,0.04184100418410042,0.96,0.88,0.93,0.93,0.15,0.25,0.42,0.3,0.0,1.0,0.0,1.0,1.0,1.0,0.92,0.0,0.12,copy-like pattern similarity without path continuity,0.785664,0.528,0.0,1.0,1.0,0.92,0.0,0.0,0.0,0.0019117214472985987,0.0,0.0019117214472985644,0.0,0.0,0.0,0.0,False
copy_channel_claim,11,0.04602510460251046,0.96,0.88,0.93,0.93,0.15,0.25,0.42,0.3,0.0,1.0,0.0,1.0,1.0,1.0,0.92,0.0,0.12,copy-like pattern similarity without path continuity,0.785664,0.528,0.0,1.0,1.0,0.92,0.0,0.0,0.0,0.0019117214472985987,0.0,0.0019117214472985644,0.0,0.0,0.0,0.0,False
copy_channel_claim,12,0.0502092050209205,0.96,0.88,0.93,0.93,0.15,0.25,0.42,0.3,0.0,1.0,0.0,1.0,1.0,1.0,0.92,0.0,0.12,copy-like pattern similarity without path continuity,0.785664,0.528,0.0,1.0,1.0,0.92,0.0,0.0,0.0,0.0019117214472985987,0.0,0.0019117214472985644,0.0,0.0,0.0,0.0,False
copy_channel_claim,13,0.05439330543933055,0.96,0.88,0.93,0.93,0.15,0.25,0.42,0.3,0.0,1.0,0.0,1.0,1.0,1.0,0.92,0.0,0.12,copy-like pattern similarity without path continuity,0.785664,0.528,0.0,1.0,1.0,0.92,0.0,0.0,0.0,0.0019117214472985987,0.0,0.0019117214472985644,0.0,0.0,0.0,0.0,False
copy_channel_claim,14,0.058577405857740586,0.96,0.88,0.93,0.93,0.15,0.25,0.42,0.3,0.0,1.0,0.0,1.0,1.0,1.0,0.92,0.0,0.12,copy-like pattern similarity without path continuity,0.785664,0.528,0.0,1.0,1.0,0.92,0.0,0.0,0.0,0.0019117214472985987,0.0,0.0019117214472985644,0.0,0.0,0.0,0.0,False
copy_channel_claim,15,0.06276150627615062,0.96,0.88,0.93,0.93,0.15,0.25,0.42,0.3,0.0,1.0,0.0,1.0,1.0,1.0,0.92,0.0,0.12,copy-like pattern similarity without path continuity,0.785664,0.528,0.0,1.0,1.0,0.92,0.0,0.0,0.0,0.0019117214472985987,0.0,0.0019117214472985644,0.0,0.0,0.0,0.0,False
copy_channel_claim,16,0.06694560669456066,0.96,0.88,0.93,0.93,0.15,0.25,0.42,0.3,0.0,1.0,0.0,1.0,1.0,1.0,0.92,0.0,0.12,copy-like pattern similarity without path continuity,0.785664,0.528,0.0,1.0,1.0,0.92,0.0,0.0,0.0,0.0019117214472985987,0.0,0.0019117214472985644,0.0,0.0,0.0,0.0,False
copy_channel_claim,17,0.07112970711297072,0.96,0.88,0.93,0.93,0.15,0.25,0.42,0.3,0.0,1.0,0.0,1.0,1.0,1.0,0.92,0.0,0.12,copy-like pattern similarity without path continuity,0.785664,0.528,0.0,1.0,1.0,0.92,0.0,0.0,0.0,0.0019117214472985987,0.0,0.0019117214472985644,0.0,0.0,0.0,0.0,False
copy_channel_claim,18,0.07531380753138076,0.96,0.88,0.93,0.93,0.15,0.25,0.42,0.3,0.0,1.0,0.0,1.0,1.0,1.0,0.92,0.0,0.12,copy-like pattern similarity without path continuity,0.785664,0.528,0.0,1.0,1.0,0.92,0.0,0.0,0.0,0.0019117214472985987,0.0,0.0019117214472985644,0.0,0.0,0.0,0.0,False
copy_channel_claim,19,0.0794979079497908,0.96,0.88,0.93,0.93,0.15,0.25,0.42,0.3,0.0,1.0,0.0,1.0,1.0,1.0,0.92,0.0,0.12,copy-like pattern similarity without path continuity,0.785664,0.528,0.0,1.0,1.0,0.92,0.0,0.0,0.0,0.0019117214472985987,0.0,0.0019117214472985644,0.0,0.0,0.0,0.0,False
copy_channel_claim,20,0.08368200836820083,0.96,0.88,0.93,0.93,0.15,0.25,0.42,0.3,0.0,1.0,0.0,1.0,1.0,1.0,0.92,0.0,0.12,copy-like pattern similarity without path continuity,0.785664,0.528,0.0,1.0,1.0,0.92,0.0,0.0,0.0,0.0019117214472985987,0.0,0.0019117214472985644,0.0,0.0,0.0,0.0,False
copy_channel_claim,21,0.08786610878661087,0.96,0.88,0.93,0.93,0.15,0.25,0.42,0.3,0.0,1.0,0.0,1.0,1.0,1.0,0.92,0.0,0.12,copy-like pattern similarity without path continuity,0.785664,0.528,0.0,1.0,1.0,0.92,0.0,0.0,0.0,0.0019117214472985987,0.0,0.0019117214472985644,0.0,0.0,0.0,0.0,False
copy_channel_claim,22,0.09205020920502092,0.96,0.88,0.93,0.93,0.15,0.25,0.42,0.3,0.0,1.0,0.0,1.0,1.0,1.0,0.92,0.0,0.12,copy-like pattern similarity without path continuity,0.785664,0.528,0.0,1.0,1.0,0.92,0.0,0.0,0.0,0.0019117214472985987,0.0,0.0019117214472985644,0.0,0.0,0.0,0.0,False
copy_channel_claim,23,0.09623430962343096,0.96,0.88,0.93,0.93,0.15,0.25,0.42,0.3,0.0,1.0,0.0,1.0,1.0,1.0,0.92,0.0,0.12,copy-like pattern similarity without path continuity,0.785664,0.528,0.0,1.0,1.0,0.92,0.0,0.0,0.0,0.0019117214472985987,0.0,0.0019117214472985644,0.0,0.0,0.0,0.0,False
copy_channel_claim,24,0.100418410041841,0.96,0.88,0.93,0.93,0.15,0.2500006999422979,0.4200005249567234,0.3000034997114895,0.0,1.0,0.0,1.0,1.0,1.0,0.92,0.0,0.12,copy-like pattern similarity without path continuity,0.785664,0.528,0.0,1.0,1.0,0.92,0.0,0.0,0.0,0.0019117485930464219,0.0,0.0019117485930464362,0.0,0.0,0.0,0.0,False
copy_channel_claim,25,0.10460251046025104,0.96,0.88,0.93,0.93,0.15,0.2500842990970313,0.42006322432277343,0.3004214954851565,0.0,1.0,0.0,1.0,1.0,1.0,0.92,0.0,0.12,copy-like pattern similarity without path continuity,0.785664,0.528,0.0,1.0,1.0,0.92,0.0,0.0,0.0,0.0019149916099436707,0.0,0.0019149916099436837,0.0,0.0,0.0,0.0,False
copy_channel_claim,26,0.1087866108786611,0.96,0.88,0.93,0.93,0.15,0.25030580316217815,0.4202293523716336,0.30152901581089075,0.0,1.0,0.0,1.0,1.0,1.0,0.92,0.0,0.12,copy-like pattern similarity without path continuity,0.785664,0.528,0.0,1.0,1.0,0.92,0.0,0.0,0.0,0.001923592012437928,0.0,0.001923592012437969,0.0,0.0,0.0,0.0,False
copy_channel_claim,27,0.11297071129707113,0.96,0.88,0.93,0.93,0.15,0.2506632588103955,0.4204974441077966,0.3033162940519774,0.0,1.0,0.0,1.0,1.0,1.0,0.92,0.0,0.12,copy-like pattern similarity without path continuity,0.785664,0.528,0.0,1.0,1.0,0.92,0.0,0.0,0.0,0.0019374946686986025,0.0,0.001937494668698636,0.0,0.0,0.0,0.0,False
copy_channel_claim,28,0.11715481171548117,0.96,0.88,0.93,0.93,0.15,0.2511547127143403,0.4208660345357552,0.30577356357170166,0.0,1.0,0.0,1.0,1.0,1.0,0.92,0.0,0.12,copy-like pattern similarity without path continuity,0.785664,0.528,0.0,1.0,1.0,0.92,0.0,0.0,0.0,0.0019566565817022916,0.0,0.0019566565817022985,0.0,0.0,0.0,0.0,False
copy_channel_claim,29,0.12133891213389121,0.96,0.88,0.93,0.93,0.15,0.25177821154666974,0.4213336586600023,0.3088910577333487,0.0,1.0,0.0,1.0,1.0,1.0,0.92,0.0,0.12,copy-like pattern similarity without path continuity,0.785664,0.528,0.0,1.0,1.0,0.92,0.0,0.0,0.0,0.0019810462770005104,0.0,0.0019810462770004644,0.0,0.0,0.0,0.0,False
copy_channel_claim,30,0.12552301255230125,0.96,0.88,0.93,0.93,0.15,0.2525318019800407,0.42189885148503053,0.31265900990020357,0.0,1.0,0.0,1.0,1.0,1.0,0.92,0.0,0.12,copy-like pattern similarity without path continuity,0.785664,0.528,0.0,1.0,1.0,0.92,0.0,0.0,0.0,0.002010643196007492,0.0,0.002010643196007522,0.0,0.0,0.0,0.0,False
copy_channel_claim,31,0.1297071129707113,0.96,0.88,0.93,0.93,0.15,0.2534135306871103,0.4225601480153327,0.3170676534355516,0.0,1.0,0.0,1.0,1.0,1.0,0.92,0.0,0.12,copy-like pattern similarity without path continuity,0.785664,0.528,0.0,1.0,1.0,0.92,0.0,0.0,0.0,0.0020454370952336866,0.0,0.0020454370952336376,0.0,0.0,0.0,0.0,False
copy_channel_claim,32,0.13389121338912133,0.96,0.88,0.93,0.93,0.15,0.25442144434053554,0.42331608325540165,0.3221072217026778,0.0,1.0,0.0,1.0,1.0,1.0,0.92,0.0,0.12,copy-like pattern similarity without path continuity,0.785664,0.528,0.0,1.0,1.0,0.92,0.0,0.0,0.0,0.002085427451879521,0.0,0.0020854274518795624,0.0,0.0,0.0,0.0,False
copy_channel_claim,33,0.13807531380753138,0.96,0.88,0.93,0.93,0.15,0.2555535896129735,0.4241651922097301,0.3277679480648675,0.0,1.0,0.0,1.0,1.0,1.0,0.92,0.0,0.12,copy-like pattern similarity without path continuity,0.785664,0.528,0.0,1.0,1.0,0.92,0.0,0.0,0.0,0.0021306228761905246,0.0,0.00213062287619048,0.0,0.0,0.0,0.0,False
copy_channel_claim,34,0.14225941422594143,0.96,0.88,0.93,0.93,0.15,0.25680801317708113,0.42510600988281083,0.33404006588540575,0.0,1.0,0.0,1.0,1.0,1.0,0.92,0.0,0.12,copy-like pattern similarity without path continuity,0.785664,0.528,0.0,1.0,1.0,0.92,0.0,0.0,0.0,0.002181040530959245,0.0,0.002181040530959244,0.0,0.0,0.0,0.0,False
copy_channel_claim,35,0.14644351464435146,0.96,0.88,0.93,0.93,0.15,0.2581827617055155,0.42613707127913664,0.3409138085275777,0.0,1.0,0.0,1.0,1.0,1.0,0.92,0.0,0.12,copy-like pattern similarity without path continuity,0.785664,0.528,0.0,1.0,1.0,0.92,0.0,0.0,0.0,0.0022367055585418086,0.0,0.0022367055585418294,0.0,0.0,0.0,0.0,False
copy_channel_claim,36,0.1506276150627615,0.96,0.88,0.93,0.93,0.15,0.2596758818709337,0.42725691140320027,0.34837940935466855,0.0,1.0,0.0,1.0,1.0,1.0,0.92,0.0,0.12,copy-like pattern similarity without path continuity,0.785664,0.528,0.0,1.0,1.0,0.92,0.0,0.0,0.0,0.002297650515737744,0.0,0.0022976505157377147,0.0,0.0,0.0,0.0,False
copy_channel_claim,37,0.15481171548117154,0.96,0.88,0.93,0.93,0.15,0.2612854203459927,0.4284640652594945,0.3564271017299635,0.0,1.0,0.0,1.0,1.0,1.0,0.92,0.0,0.12,copy-like pattern similarity without path continuity,0.785664,0.528,0.0,1.0,1.0,0.92,0.0,0.0,0.0,0.002363914816861216,0.0,0.002363914816861268,0.0,0.0,0.0,0.0,False
copy_channel_claim,38,0.1589958158995816,0.96,0.88,0.93,0.93,0.15,0.2630094238033496,0.42975706785251216,0.3650471190167477,0.0,1.0,0.0,1.0,1.0,1.0,0.92,0.0,0.12,copy-like pattern similarity without path continuity,0.785664,0.528,0.0,1.0,1.0,0.92,0.0,0.0,0.0,0.002435544185310384,0.0,0.0024355441853103343,0.0,0.0,0.0,0.0,False
copy_channel_claim,39,0.16317991631799164,0.96,0.88,0.93,0.93,0.15,0.26484593891566127,0.43113445418674595,0.3742296945783064,0.0,1.0,0.0,1.0,1.0,1.0,0.92,0.0,0.12,copy-like pattern similarity without path continuity,0.785664,0.528,0.0,1.0,1.0,0.92,0.0,0.0,0.0,0.002512590113919607,0.0,0.002512590113919577,0.0,0.0,0.0,0.0,False
copy_channel_claim,40,0.16736401673640167,0.96,0.88,0.93,0.93,0.15,0.2667930123555849,0.43259475926668867,0.38396506177792455,0.0,1.0,0.0,1.0,1.0,1.0,0.92,0.0,0.12,copy-like pattern similarity without path continuity,0.785664,0.528,0.0,1.0,1.0,0.92,0.0,0.0,0.0,0.002595109334356923,0.0,0.0025951093343569154,0.0,0.0,0.0,0.0,False
copy_channel_claim,41,0.17154811715481172,0.96,0.88,0.93,0.93,0.15,0.2688486907957775,0.4341365180968331,0.3942434539788875,0.0,1.0,0.0,1.0,1.0,1.0,0.92,0.0,0.12,copy-like pattern similarity without path continuity,0.785664,0.528,0.0,1.0,1.0,0.92,0.0,0.0,0.0,0.0026831632958070686,0.0,0.0026831632958070895,0.0,0.0,0.0,0.0,False
copy_channel_claim,42,0.17573221757322174,0.96,0.88,0.93,0.93,0.15,0.27101102090889606,0.43575826568167203,0.4050551045444803,0.0,1.0,0.0,1.0,1.0,1.0,0.92,0.0,0.12,copy-like pattern similarity without path continuity,0.785664,0.528,0.0,1.0,1.0,0.92,0.0,0.0,0.0,0.0027768176531583794,0.0,0.0027768176531584032,0.0,0.0,0.0,0.0,False
copy_channel_claim,43,0.1799163179916318,0.96,0.88,0.93,0.93,0.15,0.27327804936759764,0.4374585370256982,0.41639024683798825,0.0,1.0,0.0,1.0,1.0,1.0,0.92,0.0,0.12,copy-like pattern similarity without path continuity,0.785664,0.528,0.0,1.0,1.0,0.92,0.0,0.0,0.0,0.0028761417648907103,0.0,0.002876141764890705,0.0,0.0,0.0,0.0,False
copy_channel_claim,44,0.18410041841004185,0.96,0.88,0.93,0.93,0.15,0.2756478228445393,0.43923586713340446,0.42823911422269645,0.0,1.0,0.0,1.0,1.0,1.0,0.92,0.0,0.12,copy-like pattern similarity without path continuity,0.785664,0.528,0.0,1.0,1.0,0.92,0.0,0.0,0.0,0.0029812082008409463,0.0,0.0029812082008409124,0.0,0.0,0.0,0.0,False
copy_channel_claim,45,0.18828451882845187,0.96,0.88,0.93,0.93,0.15,0.278118388012378,0.4410887910092835,0.44059194006189006,0.0,1.0,0.0,1.0,1.0,1.0,0.92,0.0,0.12,copy-like pattern similarity without path continuity,0.785664,0.528,0.0,1.0,1.0,0.92,0.0,0.0,0.0,0.0030920922600031985,0.0,0.0030920922600031764,0.0,0.0,0.0,0.0,False
copy_channel_claim,46,0.19246861924686193,0.96,0.88,0.93,0.93,0.15,0.2806877915437708,0.4430158436578281,0.45343895771885423,0.0,1.0,0.0,1.0,1.0,1.0,0.92,0.0,0.12,copy-like pattern similarity without path continuity,0.785664,0.528,0.0,1.0,1.0,0.92,0.0,0.0,0.0,0.0032088714985023426,0.0,0.0032088714985023525,0.0,0.0,0.0,0.0,False
copy_channel_claim,47,0.19665271966527198,0.96,0.88,0.93,0.93,0.15,0.2833540801113748,0.4450155600835311,0.46677040055687413,0.0,1.0,0.0,1.0,1.0,1.0,0.92,0.0,0.12,copy-like pattern similarity without path continuity,0.785664,0.528,0.0,1.0,1.0,0.92,0.0,0.0,0.0,0.003331625267862216,0.0,0.003331625267862237,0.0,0.0,0.0,0.0,False
copy_channel_claim,48,0.200836820083682,0.96,0.88,0.93,0.93,0.15,0.286115300387847,0.4470864752908852,0.48057650193923485,0.0,1.0,0.0,1.0,1.0,1.0,0.92,0.0,0.12,copy-like pattern similarity without path continuity,0.785664,0.528,0.0,1.0,1.0,0.92,0.0,0.0,0.0,0.0034604342636738164,0.0,0.0034604342636738172,0.0,0.0,0.0,0.0,False
copy_channel_claim,49,0.20502092050209206,0.96,0.88,0.93,0.93,0.15,0.28896949904584435,0.4492271242843833,0.4948474952292218,0.0,1.0,0.0,1.0,1.0,1.0,0.92,0.0,0.12,copy-like pattern similarity without path continuity,0.785664,0.528,0.0,1.0,1.0,0.92,0.0,0.0,0.0,0.003595380084753941,0.0,0.0035953800847539075,0.0,0.0,0.0,0.0,False
copy_channel_claim,50,0.20920502092050208,0.96,0.88,0.93,0.93,0.15,0.291914722758024,0.45143604206851795,0.5095736137901199,0.0,1.0,0.0,1.0,1.0,1.0,0.92,0.0,0.12,copy-like pattern similarity without path continuity,0.785664,0.528,0.0,1.0,1.0,0.92,0.0,0.0,0.0,0.0037365448028711177,0.0,0.0037365448028711112,0.0,0.0,0.0,0.0,False
copy_channel_claim,51,0.21338912133891214,0.96,0.88,0.93,0.93,0.15,0.2949490181970429,0.45371176364778215,0.5247450909852144,0.0,1.0,0.0,1.0,1.0,1.0,0.92,0.0,0.12,copy-like pattern similarity without path continuity,0.785664,0.528,0.0,1.0,1.0,0.92,0.0,0.0,0.0,0.0038840105431032237,0.0,0.003884010543103278,0.0,0.0,0.0,0.0,False
copy_channel_claim,52,0.2175732217573222,0.96,0.88,0.93,0.93,0.15,0.2980704320355581,0.4560528240266686,0.5403521601777905,0.0,1.0,0.0,1.0,1.0,1.0,0.92,0.0,0.12,copy-like pattern similarity without path continuity,0.785664,0.528,0.0,1.0,1.0,0.92,0.0,0.0,0.0,0.004037859074879818,0.0,0.004037859074879857,0.0,0.0,0.0,0.0,False
copy_channel_claim,53,0.2217573221757322,0.96,0.88,0.93,0.93,0.15,0.30127701094622666,0.45845775820967,0.5563850547311333,0.0,1.0,0.0,1.0,1.0,1.0,0.92,0.0,0.12,copy-like pattern similarity without path continuity,0.785664,0.528,0.0,1.0,1.0,0.92,0.0,0.0,0.0,0.004198171413751933,0.0,0.004198171413751894,0.0,0.0,0.0,0.0,False
copy_channel_claim,54,0.22594142259414227,0.96,0.88,0.93,0.93,0.15,0.30456680160170563,0.4609251012012792,0.5728340080085281,0.0,1.0,0.0,1.0,1.0,1.0,0.92,0.0,0.12,copy-like pattern similarity without path continuity,0.785664,0.528,0.0,1.0,1.0,0.92,0.0,0.0,0.0,0.004365027433922639,0.0,0.004365027433922641,0.0,0.0,0.0,0.0,False
copy_channel_claim,55,0.2301255230125523,0.96,0.88,0.93,0.93,0.15,0.30793785067465196,0.46345338800598895,0.5896892533732598,0.0,1.0,0.0,1.0,1.0,1.0,0.92,0.0,0.12,copy-like pattern similarity without path continuity,0.785664,0.528,0.0,1.0,1.0,0.92,0.0,0.0,0.0,0.004538505491563187,0.0,0.004538505491563205,0.0,0.0,0.0,0.0,False
copy_channel_claim,56,0.23430962343096234,0.96,0.88,0.93,0.93,0.15,0.31138820483772284,0.4660411536282921,0.6069410241886141,0.0,1.0,0.0,1.0,1.0,1.0,0.92,0.0,0.12,copy-like pattern similarity without path continuity,0.785664,0.528,0.0,1.0,1.0,0.92,0.0,0.0,0.0,0.004718682058931761,0.0,0.004718682058931778,0.0,0.0,0.0,0.0,False
copy_channel_claim,57,0.2384937238493724,0.96,0.88,0.93,0.93,0.15,0.3149159107635751,0.46868693307268133,0.6245795538178756,0.0,1.0,0.0,1.0,1.0,1.0,0.92,0.0,0.12,copy-like pattern similarity without path continuity,0.785664,0.528,0.0,1.0,1.0,0.92,0.0,0.0,0.0,0.004905631369304598,0.0,0.004905631369304553,0.0,0.0,0.0,0.0,False
copy_channel_claim,58,0.24267782426778242,0.96,0.88,0.93,0.93,0.15,0.3185190151248659,0.47138926134364945,0.6425950756243296,0.0,1.0,0.0,1.0,1.0,1.0,0.92,0.0,0.12,copy-like pattern similarity without path continuity,0.785664,0.528,0.0,1.0,1.0,0.92,0.0,0.0,0.0,0.005099425072722802,0.0,0.005099425072722763,0.0,0.0,0.0,0.0,False
copy_channel_claim,59,0.24686192468619247,0.96,0.88,0.93,0.93,0.15,0.32219556459425225,0.47414667344568917,0.6609778229712614,0.0,1.0,0.0,1.0,1.0,1.0,0.92,0.0,0.12,copy-like pattern similarity without path continuity,0.785664,0.528,0.0,1.0,1.0,0.92,0.0,0.0,0.0,0.005300131902551853,0.0,0.005300131902551852,0.0,0.0,0.0,0.0,False
copy_channel_claim,60,0.2510460251046025,0.96,0.88,0.93,0.93,0.15,0.3259436058443912,0.4769577043832934,0.679718029221956,0.0,1.0,0.0,1.0,1.0,1.0,0.92,0.0,0.12,copy-like pattern similarity without path continuity,0.785664,0.528,0.0,1.0,1.0,0.92,0.0,0.0,0.0,0.005507817352845131,0.0,0.005507817352845112,0.0,0.0,0.0,0.0,False
copy_channel_claim,61,0.25523012552301255,0.96,0.88,0.93,0.93,0.15,0.32976118554793976,0.47982088916095483,0.6988059277396989,0.0,1.0,0.0,1.0,1.0,1.0,0.92,0.0,0.12,copy-like pattern similarity without path continuity,0.785664,0.528,0.0,1.0,1.0,0.92,0.0,0.0,0.0,0.00572254336649726,0.0,0.005722543366497246,0.0,0.0,0.0,0.0,False
copy_channel_claim,62,0.2594142259414226,0.96,0.88,0.93,0.93,0.15,0.33364635037755497,0.4827347627831662,0.7182317518877749,0.0,1.0,0.0,1.0,1.0,1.0,0.92,0.0,0.12,copy-like pattern similarity without path continuity,0.785664,0.528,0.0,1.0,1.0,0.92,0.0,0.0,0.0,0.005944368034167838,0.0,0.005944368034167868,0.0,0.0,0.0,0.0,False
copy_channel_claim,63,0.26359832635983266,0.96,0.88,0.93,0.93,0.15,0.3375971470058939,0.4856978602544204,0.7379857350294694,0.0,1.0,0.0,1.0,1.0,1.0,0.92,0.0,0.12,copy-like pattern similarity without path continuity,0.785664,0.528,0.0,1.0,1.0,0.92,0.0,0.0,0.0,0.006173345303951039,0.0,0.006173345303951083,0.0,0.0,0.0,0.0,False
copy_channel_claim,64,0.26778242677824265,0.96,0.88,0.93,0.93,0.15,0.34161162210561347,0.48870871657921006,0.7580581105280673,0.0,1.0,0.0,1.0,1.0,1.0,0.92,0.0,0.12,copy-like pattern similarity without path continuity,0.785664,0.528,0.0,1.0,1.0,0.92,0.0,0.0,0.0,0.006409524701761608,0.0,0.006409524701761593,0.0,0.0,0.0,0.0,False
copy_channel_claim,65,0.2719665271966527,0.96,0.88,0.93,0.93,0.15,0.3456878223493708,0.4917658667620281,0.778439111746854,0.0,1.0,0.0,1.0,1.0,1.0,0.92,0.0,0.12,copy-like pattern similarity without path continuity,0.785664,0.528,0.0,1.0,1.0,0.92,0.0,0.0,0.0,0.006652951062403069,0.0,0.006652951062403045,0.0,0.0,0.0,0.0,False
copy_channel_claim,66,0.27615062761506276,0.96,0.88,0.93,0.93,0.15,0.3498237944098229,0.4948678458073672,0.7991189720491148,0.0,1.0,0.0,1.0,1.0,1.0,0.92,0.0,0.12,copy-like pattern similarity without path continuity,0.785664,0.528,0.0,1.0,1.0,0.92,0.0,0.0,0.0,0.00690366427127896,0.0,0.006903664271278975,0.0,0.0,0.0,0.0,False
copy_channel_claim,67,0.2803347280334728,0.96,0.88,0.93,0.93,0.15,0.3540175849596269,0.49801318871972017,0.8200879247981345,0.0,1.0,0.0,1.0,1.0,1.0,0.92,0.0,0.12,copy-like pattern similarity without path continuity,0.785664,0.528,0.0,1.0,1.0,0.92,0.0,0.0,0.0,0.007161699016703464,0.0,0.007161699016703493,0.0,0.0,0.0,0.0,False
copy_channel_claim,68,0.28451882845188287,0.96,0.88,0.93,0.93,0.15,0.35826724067143967,0.5012004305035798,0.8413362033571985,0.0,1.0,0.0,1.0,1.0,1.0,0.92,0.0,0.12,copy-like pattern similarity without path continuity,0.785664,0.528,0.0,1.0,1.0,0.92,0.0,0.0,0.0,0.0074270845527629635,0.0,0.007427084552762975,0.0,0.0,0.0,0.0,False
copy_channel_claim,69,0.28870292887029286,0.96,0.88,0.93,0.93,0.15,0.3625708082179183,0.5044281061634387,0.8628540410895915,0.0,1.0,0.0,1.0,1.0,1.0,0.92,0.0,0.12,copy-like pattern similarity without path continuity,0.785664,0.528,0.0,1.0,1.0,0.92,0.0,0.0,0.0,0.00769984447267552,0.0,0.007699844472675466,0.0,0.0,0.0,0.0,False
copy_channel_claim,70,0.2928870292887029,0.96,0.88,0.93,0.93,0.15,0.3669263342717199,0.5076947507037899,0.8846316713585995,0.0,1.0,0.0,1.0,1.0,1.0,0.92,0.0,0.12,copy-like pattern similarity without path continuity,0.785664,0.528,0.0,1.0,1.0,0.92,0.0,0.0,0.0,0.00797999649259065,0.0,0.007979996492590624,0.0,0.0,0.0,0.0,False
copy_channel_claim,71,0.29707112970711297,0.96,0.88,0.93,0.93,0.15,0.37133186550550146,0.5109988991291261,0.9066593275275072,0.0,1.0,0.0,1.0,1.0,1.0,0.92,0.0,0.12,copy-like pattern similarity without path continuity,0.785664,0.528,0.0,1.0,1.0,0.92,0.0,0.0,0.0,0.008267552245767312,0.0,0.008267552245767362,0.0,0.0,0.0,0.0,False
copy_channel_claim,72,0.301255230125523,0.96,0.88,0.93,0.93,0.15,0.37578544859192,0.51433908644394,0.9289272429595998,0.0,1.0,0.0,1.0,1.0,1.0,0.92,0.0,0.12,copy-like pattern similarity without path continuity,0.785664,0.528,0.0,1.0,1.0,0.92,0.0,0.0,0.0,0.008562517087063534,0.0,0.00856251708706357,0.0,0.0,0.0,0.0,False
copy_channel_claim,73,0.3054393305439331,0.96,0.88,0.93,0.93,0.15,0.3802851302036325,0.5177138476527243,0.9514256510181627,0.0,1.0,0.0,1.0,1.0,1.0,0.92,0.0,0.12,copy-like pattern similarity without path continuity,0.785664,0.528,0.0,1.0,1.0,0.92,0.0,0.0,0.0,0.008864889907666753,0.0,0.008864889907666762,0.0,0.0,0.0,0.0,False
copy_channel_claim,74,0.30962343096234307,0.96,0.88,0.93,0.93,0.15,0.384828957013296,0.5211217177599721,0.9741447850664802,0.0,1.0,0.0,1.0,1.0,1.0,0.92,0.0,0.12,copy-like pattern similarity without path continuity,0.785664,0.528,0.0,1.0,1.0,0.92,0.0,0.0,0.0,0.0091746629599897,0.0,0.009174662959989699,0.0,0.0,0.0,0.0,False
copy_channel_claim,75,0.3138075313807531,0.96,0.88,0.93,0.93,0.15,0.38941497569356776,0.5245612317701758,0.9970748784678387,0.0,1.0,0.0,1.0,1.0,1.0,0.92,0.0,0.12,copy-like pattern similarity without path continuity,0.785664,0.528,0.0,1.0,1.0,0.92,0.0,0.0,0.0,0.009491821692652499,0.0,0.009491821692652502,0.0,0.0,0.0,0.0,False
copy_channel_claim,76,0.3179916317991632,0.96,0.88,0.93,0.93,0.15,0.39404123291710447,0.5280309246878283,1.0202061645855223,0.0,1.0,0.0,1.0,1.0,1.0,0.92,0.0,0.12,copy-like pattern similarity without path continuity,0.785664,0.528,0.0,1.0,1.0,0.92,0.0,0.0,0.0,0.009816344595467565,0.0,0.009816344595467541,0.0,0.0,0.0,0.0,False
copy_channel_claim,77,0.32217573221757323,0.96,0.88,0.93,0.93,0.15,0.39870577535656343,0.5315293315174225,1.043528876782817,0.0,1.0,0.0,1.0,1.0,1.0,0.92,0.0,0.12,copy-like pattern similarity without path continuity,0.785664,0.528,0.0,1.0,1.0,0.92,0.0,0.0,0.0,0.010148203054340294,0.0,0.010148203054340277,0.0,0.0,0.0,0.0,False
copy_channel_claim,78,0.3263598326359833,0.96,0.88,0.93,0.93,0.15,0.4034066496846015,0.5350549872634511,1.0670332484230076,0.0,1.0,0.0,1.0,1.0,1.0,0.92,0.0,0.12,copy-like pattern similarity without path continuity,0.785664,0.528,0.0,1.0,1.0,0.92,0.0,0.0,0.0,0.010487361215994551,0.0,0.010487361215994584,0.0,0.0,0.0,0.0,False
copy_channel_claim,79,0.3305439330543933,0.96,0.88,0.93,0.93,0.15,0.40814190257387584,0.5386064269304068,1.0907095128693791,0.0,1.0,0.0,1.0,1.0,1.0,0.92,0.0,0.12,copy-like pattern similarity without path continuity,0.785664,0.528,0.0,1.0,1.0,0.92,0.0,0.0,0.0,0.01083377586242867,0.0,0.010833775862428618,0.0,0.0,0.0,0.0,False
copy_channel_claim,80,0.33472803347280333,0.96,0.88,0.93,0.93,0.15,0.41290958069704337,0.5421821855227825,1.1145479034852168,0.0,1.0,0.0,1.0,1.0,1.0,0.92,0.0,0.12,copy-like pattern similarity without path continuity,0.785664,0.528,0.0,1.0,1.0,0.92,0.0,0.0,0.0,0.011187396295004521,0.0,0.011187396295004537,0.0,0.0,0.0,0.0,False
copy_channel_claim,81,0.3389121338912134,0.96,0.88,0.93,0.93,0.15,0.41770773072676126,0.5457807980450708,1.1385386536338062,0.0,1.0,0.0,1.0,1.0,1.0,0.92,0.0,0.12,copy-like pattern similarity without path continuity,0.785664,0.528,0.0,1.0,1.0,0.92,0.0,0.0,0.0,0.011548164228068912,0.0,0.011548164228068925,0.0,0.0,0.0,0.0,False
copy_channel_claim,82,0.34309623430962344,0.96,0.88,0.93,0.93,0.15,0.42253439933568643,0.5494007995017648,1.162671996678432,0.0,1.0,0.0,1.0,1.0,1.0,0.92,0.0,0.12,copy-like pattern similarity without path continuity,0.785664,0.528,0.0,1.0,1.0,0.92,0.0,0.0,0.0,0.011916013692004065,0.0,0.011916013692004013,0.0,0.0,0.0,0.0,False
copy_channel_claim,83,0.3472803347280335,0.96,0.88,0.93,0.93,0.15,0.4273876331964759,0.5530407248973569,1.1869381659823794,0.0,1.0,0.0,1.0,1.0,1.0,0.92,0.0,0.12,copy-like pattern similarity without path continuity,0.785664,0.528,0.0,1.0,1.0,0.92,0.0,0.0,0.0,0.012290870945601294,0.0,0.012290870945601329,0.0,0.0,0.0,0.0,False
copy_channel_claim,84,0.3514644351464435,0.96,0.88,0.93,0.93,0.15,0.4322654789817867,0.55669910923634,1.2113273949089334,0.0,1.0,0.0,1.0,1.0,1.0,0.92,0.0,0.12,copy-like pattern similarity without path continuity,0.785664,0.528,0.0,1.0,1.0,0.92,0.0,0.0,0.0,0.012672654397649722,0.0,0.012672654397649752,0.0,0.0,0.0,0.0,False
copy_channel_claim,85,0.35564853556485354,0.96,0.88,0.93,0.93,0.15,0.4371659833642761,0.5603744875232071,1.2358299168213804,0.0,1.0,0.0,1.0,1.0,1.0,0.92,0.0,0.12,copy-like pattern similarity without path continuity,0.785664,0.528,0.0,1.0,1.0,0.92,0.0,0.0,0.0,0.013061274537630011,0.0,0.013061274537630063,0.0,0.0,0.0,0.0,False
copy_channel_claim,86,0.3598326359832636,0.96,0.88,0.93,0.93,0.15,0.4420871930166008,0.5640653947624505,1.260435965083004,0.0,1.0,0.0,1.0,1.0,1.0,0.92,0.0,0.12,copy-like pattern similarity without path continuity,0.785664,0.528,0.0,1.0,1.0,0.92,0.0,0.0,0.0,0.013456633875401166,0.0,0.013456633875401192,0.0,0.0,0.0,0.0,False
copy_channel_claim,87,0.36401673640167365,0.96,0.88,0.93,0.93,0.15,0.44702715461141806,0.5677703659585636,1.2851357730570903,0.0,1.0,0.0,1.0,1.0,1.0,0.92,0.0,0.12,copy-like pattern similarity without path continuity,0.785664,0.528,0.0,1.0,1.0,0.92,0.0,0.0,0.0,0.01385862688976749,0.0,0.013858626889767467,0.0,0.0,0.0,0.0,False
copy_channel_claim,88,0.3682008368200837,0.96,0.88,0.93,0.93,0.15,0.4519839148213848,0.5714879361160385,1.3099195741069238,0.0,1.0,0.0,1.0,1.0,1.0,0.92,0.0,0.12,copy-like pattern similarity without path continuity,0.785664,0.528,0.0,1.0,1.0,0.92,0.0,0.0,0.0,0.014267139985811065,0.0,0.014267139985811084,0.0,0.0,0.0,0.0,False
copy_channel_claim,89,0.3723849372384937,0.96,0.88,0.93,0.93,0.15,0.456955520319158,0.5752166402393685,1.33477760159579,0.0,1.0,0.0,1.0,1.0,1.0,0.92,0.0,0.12,copy-like pattern similarity without path continuity,0.785664,0.528,0.0,1.0,1.0,0.92,0.0,0.0,0.0,0.014682051460874838,0.0,0.014682051460874868,0.0,0.0,0.0,0.0,False
copy_channel_claim,90,0.37656903765690375,0.96,0.88,0.93,0.93,0.15,0.4619400177773949,0.5789550133330461,1.3597000888869746,0.0,1.0,0.0,1.0,1.0,1.0,0.92,0.0,0.12,copy-like pattern similarity without path continuity,0.785664,0.528,0.0,1.0,1.0,0.92,0.0,0.0,0.0,0.015103231479080537,0.0,0.015103231479080548,0.0,0.0,0.0,0.0,False
copy_channel_claim,91,0.3807531380753138,0.96,0.88,0.93,0.93,0.15,0.46693545386875235,0.5827015904015642,1.384677269343762,0.0,1.0,0.0,1.0,1.0,1.0,0.92,0.0,0.12,copy-like pattern similarity without path continuity,0.785664,0.528,0.0,1.0,1.0,0.92,0.0,0.0,0.0,0.015530542054265305,0.0,0.015530542054265295,0.0,0.0,0.0,0.0,False
copy_channel_claim,92,0.38493723849372385,0.96,0.88,0.93,0.93,0.15,0.47193987526588754,0.5864549064494157,1.4096993763294379,0.0,1.0,0.0,1.0,1.0,1.0,0.92,0.0,0.12,copy-like pattern similarity without path continuity,0.785664,0.528,0.0,1.0,1.0,0.92,0.0,0.0,0.0,0.015963837041221434,0.0,0.015963837041221396,0.0,0.0,0.0,0.0,False
copy_channel_claim,93,0.3891213389121339,0.96,0.88,0.93,0.93,0.15,0.4769513286414574,0.590213496481093,1.434756643207287,0.0,1.0,0.0,1.0,1.0,1.0,0.92,0.0,0.12,copy-like pattern similarity without path continuity,0.785664,0.528,0.0,1.0,1.0,0.92,0.0,0.0,0.0,0.016402962135123083,0.0,0.016402962135123045,0.0,0.0,0.0,0.0,False
copy_channel_claim,94,0.39330543933054396,0.96,0.88,0.93,0.93,0.15,0.4819678606681189,0.5939758955010892,1.4598393033405948,0.0,1.0,0.0,1.0,1.0,1.0,0.92,0.0,0.12,copy-like pattern similarity without path continuity,0.785664,0.528,0.0,1.0,1.0,0.92,0.0,0.0,0.0,0.01684775487902523,0.0,0.016847754879025234,0.0,0.0,0.0,0.0,False
copy_channel_claim,95,0.39748953974895396,0.96,0.88,0.93,0.93,0.15,0.48698751801852913,0.5977406385138968,1.4849375900926458,0.0,1.0,0.0,1.0,1.0,1.0,0.92,0.0,0.12,copy-like pattern similarity without path continuity,0.785664,0.528,0.0,1.0,1.0,0.92,0.0,0.0,0.0,0.017298044679320234,0.0,0.01729804467932028,0.0,0.0,0.0,0.0,False
copy_channel_claim,96,0.401673640167364,0.96,0.88,0.93,0.93,0.15,0.49200834736534516,0.6015062605240089,1.5100417368267258,0.0,1.0,0.0,1.0,1.0,1.0,0.92,0.0,0.12,copy-like pattern similarity without path continuity,0.785664,0.528,0.0,1.0,1.0,0.92,0.0,0.0,0.0,0.017753652829038773,0.0,0.017753652829038735,0.0,0.0,0.0,0.0,False
copy_channel_claim,97,0.40585774058577406,0.96,0.88,0.93,0.93,0.15,0.49702839538122406,0.605271296535918,1.5351419769061203,0.0,1.0,0.0,1.0,1.0,1.0,0.92,0.0,0.12,copy-like pattern similarity without path continuity,0.785664,0.528,0.0,1.0,1.0,0.92,0.0,0.0,0.0,0.018214392538883215,0.0,0.01821439253888324,0.0,0.0,0.0,0.0,False
copy_channel_claim,98,0.4100418410041841,0.96,0.88,0.93,0.93,0.15,0.5020457087388227,0.609034281554117,1.5602285436941137,0.0,1.0,0.0,1.0,1.0,1.0,0.92,0.0,0.12,copy-like pattern similarity without path continuity,0.785664,0.528,0.0,1.0,1.0,0.92,0.0,0.0,0.0,0.018680068975882688,0.0,0.018680068975882702,0.0,0.0,0.0,0.0,False
copy_channel_claim,99,0.41422594142259417,0.96,0.88,0.93,0.93,0.15,0.5070583341107984,0.6127937505830987,1.585291670553992,0.0,1.0,0.0,1.0,1.0,1.0,0.92,0.0,0.12,copy-like pattern similarity without path continuity,0.785664,0.528,0.0,1.0,1.0,0.92,0.0,0.0,0.0,0.019150479309561215,0.0,0.019150479309561264,0.0,0.0,0.0,0.0,False
copy_channel_claim,100,0.41841004184100417,0.96,0.88,0.93,0.93,0.15,0.5120643181698079,0.6165482386273559,1.6103215908490394,0.0,1.0,0.0,1.0,1.0,1.0,0.92,0.0,0.12,copy-like pattern similarity without path continuity,0.785664,0.528,0.0,1.0,1.0,0.92,0.0,0.0,0.0,0.019625412765511798,0.0,0.019625412765511774,0.0,0.0,0.0,0.0,False
copy_channel_claim,101,0.4225941422594142,0.96,0.88,0.93,0.93,0.15,0.5170617075885082,0.6202962806913812,1.6353085379425412,0.0,1.0,0.0,1.0,1.0,1.0,0.92,0.0,0.12,copy-like pattern similarity without path continuity,0.785664,0.528,0.0,1.0,1.0,0.92,0.0,0.0,0.0,0.020104650686271788,0.0,0.020104650686271763,0.0,0.0,0.0,0.0,False
copy_channel_claim,102,0.42677824267782427,0.96,0.88,0.93,0.93,0.15,0.5220485490395568,0.6240364117796675,1.660242745197784,0.0,1.0,0.0,1.0,1.0,1.0,0.92,0.0,0.12,copy-like pattern similarity without path continuity,0.785664,0.528,0.0,1.0,1.0,0.92,0.0,0.0,0.0,0.020587966599396903,0.0,0.02058796659939688,0.0,0.0,0.0,0.0,False
copy_channel_claim,103,0.4309623430962343,0.96,0.88,0.93,0.93,0.15,0.5270228891956101,0.6277671668967075,1.6851144459780503,0.0,1.0,0.0,1.0,1.0,1.0,0.92,0.0,0.12,copy-like pattern similarity without path continuity,0.785664,0.528,0.0,1.0,1.0,0.92,0.0,0.0,0.0,0.021075126292633663,0.0,0.02107512629263364,0.0,0.0,0.0,0.0,False
copy_channel_claim,104,0.4351464435146444,0.96,0.88,0.93,0.93,0.15,0.5319827747293258,0.6314870810469942,1.7099138736466286,0.0,1.0,0.0,1.0,1.0,1.0,0.92,0.0,0.12,copy-like pattern similarity without path continuity,0.785664,0.528,0.0,1.0,1.0,0.92,0.0,0.0,0.0,0.0215658878960932,0.0,0.02156588789609315,0.0,0.0,0.0,0.0,False
copy_channel_claim,105,0.4393305439330544,0.96,0.88,0.93,0.93,0.15,0.5369262523133602,0.6351946892350201,1.734631261566801,0.0,1.0,0.0,1.0,1.0,1.0,0.92,0.0,0.12,copy-like pattern similarity without path continuity,0.785664,0.528,0.0,1.0,1.0,0.92,0.0,0.0,0.0,0.02206000197133091,0.0,0.022060001971330956,0.0,0.0,0.0,0.0,False
copy_channel_claim,106,0.4435146443514644,0.96,0.8789730020739209,0.93,0.93,0.15082730388489704,0.5418513686203708,0.638888526465278,1.759256843101854,0.0002852772016886401,1.0,0.0008558316050659202,1.0,1.0,1.0,0.92,0.0,0.12088435932523478,copy-like pattern similarity without path continuity,0.7847470962515967,0.5273838012443526,0.0008558316050659202,1.0,1.0,0.92,0.0,0.00032586119921095203,0.0,0.022681622732541717,0.0,0.022681622732541706,0.0,0.0,0.0,0.0,False
copy_channel_claim,107,0.4476987447698745,0.96,0.8751594585347305,0.93,0.93,0.15389932506924484,0.5467561703230146,0.642567127742261,1.7837808516150735,0.00134459485146374,1.0,0.004033784554391219,1.0,1.0,1.0,0.92,0.0,0.12416824403953759,copy-like pattern similarity without path continuity,0.7813423645798074,0.5250956751208383,0.004033784554391219,1.0,1.0,0.92,0.0,0.001522580768026438,0.0,0.02365663734127313,0.0,0.0236566373412731,0.0,0.0,0.0,0.0,False
copy_channel_claim,108,0.45188284518828453,0.96,0.8686759606836226,0.93,0.93,0.1591221427826374,0.5516387040939487,0.6462290280704615,1.8081935204697432,0.0031455664767715144,1.0,0.009436699430314542,1.0,1.0,1.0,0.92,0.0,0.12975125607799168,copy-like pattern similarity without path continuity,0.7755538976983383,0.5212055764101735,0.009436699430314542,1.0,1.0,0.92,0.0,0.00350936861891448,0.0,0.024992628806418272,0.0,0.024992628806418282,0.0,0.0,0.0,0.0,False
copy_channel_claim,109,0.4560669456066946,0.96,0.8596770197654996,0.93,0.93,0.16637128963334755,0.55649701660583,0.6498727624543724,1.8324850830291497,0.005645272287361229,1.0,0.016935816862083685,1.0,1.0,1.0,0.92,0.0,0.1375003440908198,copy-like pattern similarity without path continuity,0.767519643246638,0.5158062118592998,0.016935816862083685,1.0,1.0,0.92,0.0,0.006168364703351648,0.0,0.026691206510511243,0.0,0.026691206510511267,0.0,0.0,0.0,0.0,False
copy_channel_claim,110,0.4602510460251046,0.96,0.8483171470252644,0.93,0.93,0.1755222982296481,0.5613291545313154,0.6534968658984865,1.8566457726565768,0.008800792492982105,1.0,0.02640237747894631,1.0,1.0,1.0,0.92,0.0,0.14728245672824453,copy-like pattern similarity without path continuity,0.7573775488641561,0.5089902882151586,0.02640237747894631,1.0,1.0,0.92,0.0,0.009363814168387991,0.0,0.028752438641073456,0.0,0.028752438641073463,0.0,0.0,0.0,0.0,False
copy_channel_claim,111,0.46443514644351463,0.96,0.8347508537078194,0.93,0.93,0.18645070117981213,0.5661331645430621,0.6570998734072966,1.8806658227153106,0.012569207303383496,1.0,0.037707621910150486,1.0,1.0,1.0,0.92,0.0,0.15896454264048882,copy-like pattern similarity without path continuity,0.7452655621903412,0.5008505122246917,0.037707621910150486,1.0,1.0,0.92,0.0,0.012948997496437754,0.0,0.031174795529673314,0.0,0.031174795529673283,0.0,0.0,0.0,0.0,False
copy_channel_claim,112,0.4686192468619247,0.96,0.8191326510580673,0.93,0.93,0.19903203109211237,0.5709070933137272,0.6606803199852953,1.9045354665686358,0.01690759692831462,1.0,0.05072279078494386,1.0,1.0,1.0,0.92,0.0,0.17241355047777532,copy-like pattern similarity without path continuity,0.7313216308646425,0.49147959063484037,0.05072279078494386,1.0,1.0,0.92,1.0,0.016772773212526085,0.016772773212526085,0.03395509652834614,0.016772773212526085,0.05015834860739288,0.0,0.016907596911407023,0.016907596911406975,0.0008453798455703488,False
copy_channel_claim,113,0.47280334728033474,0.96,0.8016170503209109,0.93,0.93,0.21314182057482178,0.5756489875159676,0.6642367406369756,1.9282449375798378,0.02177304157752476,1.0,0.06531912473257427,1.0,1.0,1.0,0.92,0.0,0.18749642889032675,copy-like pattern similarity without path continuity,0.7156837025265094,0.4812412985518293,0.06531912473257427,1.0,1.0,0.92,1.0,0.0206972288440419,0.0206972288440419,0.03708846065893857,0.0206972288440419,0.05701806114524921,0.0,0.02177304155575172,0.02177304155575177,0.0018917629310794197,False
copy_channel_claim,114,0.4769874476987448,0.96,0.7823585627412526,0.93,0.93,0.22865560223621317,0.5803568938224404,0.6677676703668303,1.951784469112202,0.02712262146076317,1.0,0.0813678643822895,1.0,1.0,1.0,0.92,0.0,0.20408012652836582,copy-like pattern similarity without path continuity,0.6984897248153903,0.4700071524158741,0.0813678643822895,1.0,1.0,0.92,1.0,0.024575662462232292,0.024575662462232292,0.04056826126656854,0.024575662462232292,0.06414693183323406,0.0,0.027122621433640547,0.027122621433640526,0.003153305856207475,False
copy_channel_claim,115,0.4811715481171548,0.96,0.7615116995639954,0.93,0.93,0.24544890868455918,0.5850288589058026,0.6712716441793518,1.9751442945290127,0.03291341678777903,1.0,0.0987402503633371,1.0,1.0,1.0,0.92,0.0,0.22203159204211498,copy-like pattern similarity without path continuity,0.6798776453707351,0.4578675314591195,0.0987402503633371,1.0,1.0,0.92,1.0,0.028278258538296068,0.028278258538296068,0.0443860849035607,0.028278258538296068,0.07140918225745108,0.0,0.03291341675486561,0.03291341675486559,0.00464131140114038,False
copy_channel_claim,116,0.48535564853556484,0.96,0.7392309720340415,0.93,0.93,0.26339727252813316,0.589662929438711,0.6747471970790333,1.9983146471935556,0.0391025077683218,1.0,0.11730752330496537,1.0,1.0,1.0,0.92,0.0,0.24121777408179756,copy-like pattern similarity without path continuity,0.6599854118319923,0.44491098367585596,0.11730752330496537,1.0,1.0,0.92,1.0,0.0316899210051011,0.0316899210051011,0.04853169466493509,0.0316899210051011,0.07868365009986078,0.0,0.039102507729219284,0.039102507729219305,0.006364371217544327,False
copy_channel_claim,117,0.4895397489539749,0.96,0.7156708913962937,0.93,0.93,0.28237622637520776,0.5942571520938233,0.6781928640703674,2.0212857604691163,0.045646974612140616,1.0,0.13694092383642184,1.0,1.0,1.0,0.92,0.0,0.2615056212976359,copy-like pattern similarity without path continuity,0.638950971838611,0.43122445292675093,0.13694092383642184,1.0,1.0,0.92,1.0,0.03471298779970546,0.03471298779970546,0.052992998190801645,0.03471298779970546,0.08586644069083993,0.0,0.04564697456649364,0.04564697456649358,0.00832850138499179,False
copy_channel_claim,118,0.49372384937238495,0.96,0.6909859688956548,0.93,0.93,0.30226130283405583,0.5988095735437958,0.6816071801578469,2.0440478677189793,0.05250389752898478,1.0,0.15751169258695433,1.0,1.0,1.0,0.92,0.0,0.2827620823398528,copy-like pattern similarity without path continuity,0.6169122730300406,0.4168935323769758,0.15751169258695433,1.0,1.0,0.92,1.0,0.03726912474753187,0.03726912474753187,0.05775602054485327,0.03726912474753187,0.09287262895777804,0.0,0.052503897476480876,0.052503897476480876,0.010537271189566244,False
copy_channel_claim,119,0.497907949790795,0.96,0.6653307157770272,0.93,0.93,0.3229280345129503,0.6033182404612861,0.6849886803459646,2.0665912023064306,0.05963035672860356,1.0,0.17889107018581069,1.0,1.0,1.0,0.92,0.0,0.304854105858671,copy-like pattern similarity without path continuity,0.5940072630457299,0.4020027375393726,0.17889107018581069,1.0,1.0,0.92,1.0,0.03930042575522324,0.03930042575522324,0.06280488217156165,0.03930042575522324,0.09963704931793582,0.0,0.0596303566689732,0.059630356668973206,0.01299192546353659,False
copy_channel_claim,120,0.502092050209205,0.96,0.638859643285314,0.93,0.93,0.3442519540201637,0.6077811995189508,0.688335899639213,2.088905997594754,0.0669834324207461,1.0,0.20095029726223831,1.0,1.0,1.0,0.92,0.0,0.3276486405043129,copy-like pattern similarity without path continuity,0.5703738895251284,0.38663579271807813,0.20095029726223831,1.0,1.0,0.92,1.0,0.04076976168352946,0.04076976168352946,0.06812178212766529,0.04076976168352946,0.10611423498839245,0.0,0.06698343235376267,0.0669834323537627,0.015691500808047897,False
copy_channel_claim,121,0.5062761506276151,0.96,0.6117272626654169,0.93,0.93,0.3661085939639697,0.6121964973894473,0.6916473730420855,2.1109824869472362,0.07452020481516199,1.0,0.22356061444548594,1.0,1.0,1.0,0.92,0.0,0.35101263492700213,copy-like pattern similarity without path continuity,0.5461501001076842,0.37087592513381784,0.22356061444548594,1.0,1.0,0.92,0.0,0.04166043325698756,0.0,0.07368698677611442,0.0,0.0736869867761144,0.0,0.0,0.0,0.0149069257676455,False
copy_channel_claim,122,0.5104602510460251,0.96,0.5840880851622399,0.93,0.93,0.3883734869526402,0.6165621807454322,0.6949216355590742,2.1328109037271608,0.08219775412160008,1.0,0.24659326236480017,1.0,1.0,1.0,0.92,0.0,0.3748130377769602,copy-like pattern similarity without path continuity,0.5214738424328478,0.35393563418825574,0.24659326236480017,1.0,1.0,0.92,0.0,0.0418722069602228,0.0,0.07947882412279124,0.0,0.07947882412279128,0.0,0.0,0.0,0.014161579479263225,False
copy_channel_claim,123,0.5146443514644351,0.96,0.5560966220206847,0.93,0.93,0.4109221655944485,0.6208762962595629,0.6981572221946721,2.1543814812978144,0.08997316054980982,1.0,0.2699194816494294,1.0,1.0,1.0,0.92,0.0,0.3989167977044104,copy-like pattern similarity without path continuity,0.49648306414006727,0.3368080558167691,0.2699194816494294,1.0,1.0,0.92,0.0,0.041524935602885844,0.0,0.0854736839680818,0.0,0.08547368396808186,0.08997316045983665,0.0,0.08997316045983661,0.017952158528291892,False
copy_channel_claim,124,0.5188284518828452,0.96,0.5279073844856533,0.93,0.93,0.43363016249766806,0.6251368906044963,0.7013526679533721,2.1756844530224813,0.09780350430954074,1.0,0.2934105129286222,1.0,1.0,1.0,0.92,0.0,0.4231908633595763,copy-like pattern similarity without path continuity,0.4713157128687913,0.32053526151320894,0.2934105129286222,1.0,1.0,0.92,0.0,0.040780376312579254,0.0,0.09164602403671798,0.0,0.09164602403671795,0.09780350421173722,0.0,0.09780350421173722,0.021944725812464157,False
copy_channel_claim,125,0.5230125523012552,0.96,0.4996748838020502,0.93,0.93,0.45637301027057064,0.6293420104528895,0.7045065078396671,2.1967100522644474,0.10564586561054162,1.0,0.3169375968316248,1.0,1.0,1.0,0.92,0.0,0.447502183392679,copy-like pattern similarity without path continuity,0.44610973625847045,0.3041910216093945,0.3169375968316248,1.0,1.0,0.92,0.0,0.03956850857875016,0.0,0.09796838224026151,0.0,0.0979683822402615,0.10564586550489574,0.0,0.10564586550489574,0.026129782797085735,False
copy_channel_claim,126,0.5271966527196653,0.96,0.47155363121477617,0.93,0.93,0.47902624152143025,0.6334897024773993,0.7076172768580495,2.217448512386997,0.11345732466256218,1.0,0.34037197398768654,1.0,1.0,1.0,0.92,0.0,0.47171770645394273,copy-like pattern similarity without path continuity,0.4210030819485521,0.2878608163131934,0.34037197398768654,1.0,1.0,0.92,0.0,0.03794979623966964,0.0,0.10441139521715345,0.0,0.10441139521715348,0.11345732454910484,0.0,0.11345732454910484,0.030496159884686687,False
copy_channel_claim,127,0.5313807531380753,0.96,0.44369813796873536,0.93,0.93,0.5014653888585187,0.6375780133506831,0.7106835100130123,2.2378900667534154,0.12119496167535129,1.0,0.36358488502605385,1.0,1.0,1.0,0.92,0.0,0.495704381193589,copy-like pattern similarity without path continuity,0.39613369757848693,0.27163131852365413,0.36358488502605385,1.0,1.0,0.92,0.0,0.03599277050072775,0.0,0.11094382328540738,0.0,0.11094382328540742,0.12119496155415632,0.0,0.12119496155415632,0.035031099968160166,False
copy_channel_claim,128,0.5355648535564853,0.96,0.4162629153088297,0.93,0.93,0.5235659848901094,0.6416049897453977,0.7137037423090483,2.258024948726989,0.12881585685865843,1.0,0.38644757057597523,1.0,1.0,1.0,0.92,0.0,0.5193291562618411,copy-like pattern similarity without path continuity,0.37163953078772316,0.25559060830498637,0.38644757057597523,1.0,1.0,0.92,0.0,0.03377109973968913,0.0,0.11753258193279593,0.0,0.11753258193279592,0.12881585672984255,0.0,0.12881585672984253,0.03972033780624428,False
copy_channel_claim,129,0.5397489539748954,0.96,0.3894024744799612,0.93,0.93,0.5452035622244757,0.6455686783342002,0.7166765087506501,2.277843391671001,0.13627709042223302,1.0,0.40883127126669905,1.0,1.0,1.0,0.92,0.0,0.5424589803089224,copy-like pattern similarity without path continuity,0.34765852921570933,0.2398283638195493,0.40883127126669905,1.0,1.0,0.92,0.0,0.03136067254613553,0.0,0.12414277995874914,0.0,0.12414277995874912,0.13627709028595592,0.0,0.13627709028595592,0.04454817543022986,False
copy_channel_claim,130,0.5439330543933054,0.96,0.36327132672703377,0.93,0.93,0.5662536534698894,0.6494671257897475,0.7196003443423107,2.297335628948738,0.14353574257582397,1.0,0.43060722772747184,1.0,1.0,1.0,0.92,0.0,0.5649608019850543,copy-like pattern similarity without path continuity,0.32432864050189575,0.22443602595294357,0.43060722772747184,1.0,1.0,0.92,0.0,0.028836796607454467,0.0,0.1307377643711733,0.0,0.13073776437117335,0.1435357424322882,0.0,0.14353574243228817,0.04949755378033278,False
copy_channel_claim,131,0.5481171548117155,0.96,0.3380239832949489,0.93,0.93,0.5865917912346245,0.653298378784697,0.7224737840885227,2.3164918939234846,0.15054889352918088,1.0,0.45164668058754254,1.0,1.0,1.0,0.92,0.0,0.5867015699404606,copy-like pattern similarity without path continuity,0.3017878122857304,0.20950693409384297,0.45164668058754254,1.0,1.0,0.92,0.0,0.026271613622917918,0.0,0.1372791721299919,0.0,0.13727917212999197,0.15054889337863198,0.0,0.15054889337863198,0.05455012076024773,False
copy_channel_claim,132,0.5523012552301255,0.96,0.3138149554286104,0.93,0.93,0.6060935081269527,0.6570604839917051,0.7252953629937788,2.3353024199585257,0.15727362349205268,1.0,0.471820870476158,1.0,1.0,1.0,0.92,0.0,0.6075482328253633,copy-like pattern similarity without path continuity,0.28017399220666334,0.19513643074316722,0.471820870476158,1.0,1.0,0.92,0.0,0.023731825718313525,0.0,0.14372698881741378,0.0,0.14372698881741375,0.15727362333477904,0.0,0.157273623334779,0.0596862958889743,False
copy_channel_claim,133,0.5564853556485355,0.96,0.2907987543729202,0.93,0.93,0.6246343367551476,0.6607514880834295,0.7280636160625721,2.353757440417147,0.16366701267418884,1.0,0.4910010380225665,1.0,1.0,1.0,0.92,0.0,0.6273677392899853,copy-like pattern similarity without path continuity,0.25962512790414316,0.18142193282281102,0.4910010380225665,1.0,1.0,0.92,0.0,0.021276821523516433,0.0,0.1500396143027532,0.0,0.15003961430275314,0.16366701251052182,0.0,0.16366701251052185,0.06488533172005168,False
copy_channel_claim,134,0.5606694560669456,0.96,0.26912989137278054,0.93,0.93,0.6420898097274823,0.6643694377325269,0.7307770782993952,2.371847188662634,0.16968614128533877,1.0,0.5090584238560162,1.0,1.0,1.0,0.92,0.0,0.6460270379845501,copy-like pattern similarity without path continuity,0.24027916701761845,0.16846296773467007,0.5090584238560162,1.0,1.0,0.92,0.0,0.01895727982798411,0.0,0.15617393545704197,0.0,0.15617393545704195,0.1696861411156526,0.0,0.1696861411156526,0.07012537218983171,False
copy_channel_claim,135,0.5648535564853556,0.96,0.2489628776730949,0.93,0.93,0.6583354596522291,0.6679123796116543,0.7334342847087407,2.3895618980582713,0.17528808953525143,1.0,0.5258642686057542,1.0,1.0,1.0,0.92,0.0,0.6633930775592793,copy-like pattern similarity without path continuity,0.22227405718653914,0.15636117238716787,0.5258642686057542,1.0,1.0,0.92,0.0,0.01681431520807298,0.0,0.1620854059597078,0.0,0.16208540595970777,0.17528808935996332,0.0,0.17528808935996332,0.0753835080483383,False
copy_channel_claim,136,0.5690376569037657,0.96,0.23045222451876518,0.93,0.93,0.6732468191376614,0.6713783603934689,0.7360337702951016,2.4068918019673444,0.18042993763367635,1.0,0.541289812901029,1.0,1.0,1.0,0.92,0.0,0.6793328066643967,copy-like pattern similarity without path continuity,0.20574774605035356,0.14522025355996623,0.541289812901029,1.0,1.0,0.92,0.0,0.0148792129032853,0.0,0.1677281332262214,0.0,0.16772813322622138,0.1804299374532464,0.0,0.18042993745324643,0.0806358295185837,False
copy_channel_claim,137,0.5732217573221757,0.96,0.21375244315469488,0.93,0.93,0.6866994207920514,0.6747654267506275,0.7385740700629706,2.423827133753137,0.18506876579036255,1.0,0.5552062973710876,1.0,1.0,1.0,0.92,0.0,0.6937131739501239,copy-like pattern similarity without path continuity,0.1908381812485116,0.135145908118978,0.5552062973710876,1.0,1.0,0.92,0.0,0.013173779213099998,0.0,0.17305497247184473,0.0,0.17305497247184476,0.18506876560529376,0.0,0.18506876560529373,0.0858574763229192,False
copy_channel_claim,138,0.5774058577405857,0.96,0.1990180448257861,0.93,0.93,0.6985687972236723,0.6780716253557874,0.7410537190168405,2.4403581267789365,0.18916165421505943,1.0,0.5674849626451782,1.0,1.0,1.0,0.92,0.0,0.7064011280666842,copy-like pattern similarity without path continuity,0.17768331042046184,0.1262457017240571,0.5674849626451782,1.0,1.0,0.92,0.0,0.011711308543246745,0.0,0.17801762791244527,0.0,0.17801762791244524,0.18916165402589777,0.0,0.1891616540258978,0.09102268520806812,False
copy_channel_claim,139,0.5815899581589958,0.96,0.1864035407769412,0.93,0.93,0.7087304810407974,0.6812950028816055,0.7434712521612041,2.4564750144080274,0.19266568311751633,1.0,0.5779970493525489,1.0,1.0,1.0,0.92,0.0,0.7172636176643006,copy-like pattern similarity without path continuity,0.1664210812056531,0.11862890479168825,0.5779970493525489,1.0,1.0,0.92,0.0,0.010498138761320636,0.0,0.1825667610887551,0.0,0.18256676108875514,0.19266568292485065,0.0,0.19266568292485065,0.09610483509390726,False
copy_channel_claim,140,0.5857740585774058,0.96,0.17606344225306358,0.93,0.93,0.7170600048516987,0.6844336060007388,0.7458252045005541,2.472168030003694,0.19553793270748235,1.0,0.586613798122447,1.0,1.0,1.0,0.92,0.0,0.7261675913931952,copy-like pattern similarity without path continuity,0.15718944124353515,0.11240628458535669,0.586613798122447,1.0,1.0,0.92,0.0,0.009535732613309195,0.0,0.186652106285464,0.0,0.18665210628546403,0.1955379325119444,0.0,0.1955379325119444,0.10107648996480911,False
copy_channel_claim,141,0.5899581589958159,0.96,0.16815226049905507,0.93,0.93,0.7234329012646501,0.6874854813858444,0.7481141110393833,2.487427406929222,0.19773548319470693,1.0,0.5932064495841207,1.0,1.0,1.0,0.92,0.0,0.7329799979035915,copy-like pattern similarity without path continuity,0.15012633817355636,0.10768985240779012,0.5932064495841207,1.0,1.0,0.92,0.0,0.008823184583422752,0.0,0.19022259300112546,0.0,0.19022259300112543,0.19773548299697144,0.0,0.1977354829969714,0.10590943961641722,False
copy_channel_claim,142,0.5941422594142259,0.96,0.16282450675981888,0.93,0.93,0.7277247028879237,0.6904486757095794,0.7503365067821846,2.5022433785478966,0.19921541478893923,1.0,0.5976462443668176,1.0,1.0,1.0,0.92,0.0,0.7375677858457115,copy-like pattern similarity without path continuity,0.1453697196351663,0.10459256496259212,0.5976462443668176,1.0,1.0,0.92,0.0,0.008360009835975315,0.0,0.19322647540901122,0.0,0.19322647540901117,0.1992154145897238,0.0,0.1992154145897238,0.11057473836508254,False
copy_channel_claim,143,0.5983263598326359,0.96,0.16023469228025744,0.93,0.93,0.7298109423297926,0.6933212356446006,0.7524909267334504,2.516606178223003,0.1999348076999285,1.0,0.5998044230997854,1.0,1.0,1.0,0.92,0.0,0.7397979038697783,copy-like pattern similarity without path continuity,0.14305753326781384,0.10322797903851406,0.5998044230997854,1.0,1.0,0.92,0.0,0.008149024970570806,0.0,0.19561146873279,0.0,0.19561146873279,0.19993480749999368,0.0,0.1999348074999937,0.1150427418218281,False
copy_channel_claim,144,0.602510460251046,0.96,0.16,0.93,0.93,0.73,0.6961012078635653,0.754575905897674,2.5305060393178263,0.2,1.0,0.6,1.0,1.0,1.0,0.92,0.0,0.74,copy-like pattern similarity without path continuity,0.142848,0.103362735476597,0.6,1.0,1.0,0.92,0.0,0.008150368340623233,0.0,0.19744196411554346,0.0,0.1974419641155435,0.1999999998,0.0,0.19999999979999994,0.11929060472073667,False
copy_channel_claim,145,0.606694560669456,0.96,0.16,0.93,0.93,0.73,0.6987866390391303,0.7565899792793477,2.543933195195651,0.2,1.0,0.6,1.0,1.0,1.0,0.92,0.0,0.74,copy-like pattern similarity without path continuity,0.142848,0.10363459870212716,0.6,1.0,1.0,0.92,0.0,0.008171805325781607,0.0,0.19916809713077824,0.0,0.1991680971307782,0.1999999998,0.0,0.19999999979999994,0.12332607447469983,False
copy_channel_claim,146,0.6108786610878661,0.96,0.16,0.93,0.93,0.73,0.7013755758439528,0.7585316818829646,2.5568778792197637,0.2,1.0,0.6,1.0,1.0,1.0,0.92,0.0,0.74,copy-like pattern similarity without path continuity,0.142848,0.10389286876638078,0.6,1.0,1.0,0.92,0.0,0.00819217046168206,0.0,0.20083856253902416,0.0,0.2008385625390241,0.1999999998,0.0,0.19999999979999994,0.12715977074096482,False
copy_channel_claim,147,0.6150627615062761,0.96,0.16,0.93,0.93,0.73,0.7038660649506898,0.7603995487130173,2.569330324753449,0.2,1.0,0.6,1.0,1.0,1.0,0.92,0.0,0.74,copy-like pattern similarity without path continuity,0.142848,0.10413822532742174,0.6,1.0,1.0,0.92,0.0,0.008211517340787492,0.0,0.20245139005108465,0.0,0.2024513900510847,0.1999999998,0.0,0.19999999979999994,0.13080178219391658,False
copy_channel_claim,148,0.6192468619246861,0.96,0.16,0.93,0.93,0.73,0.7062561530319982,0.7621921147739986,2.581280765159991,0.2,1.0,0.6,1.0,1.0,1.0,0.92,0.0,0.74,copy-like pattern similarity without path continuity,0.142848,0.10437131406041067,0.6,1.0,1.0,0.92,0.0,0.008229896875937653,0.0,0.204004619207995,0.0,0.20400461920799495,0.1999999998,0.0,0.19999999979999994,0.13426169307422076,False
copy_channel_claim,149,0.6234309623430963,0.96,0.16,0.93,0.93,0.73,0.7085438867605354,0.7639079150704015,2.592719433802676,0.2,1.0,0.6,1.0,1.0,1.0,0.92,0.0,0.74,copy-like pattern similarity without path continuity,0.142848,0.10459274835675013,0.6,1.0,1.0,0.92,0.0,0.008247357434330303,0.0,0.20549630110233644,0.0,0.2054963011023364,0.1999999998,0.0,0.19999999979999994,0.13754860841050973,False
copy_channel_claim,150,0.6276150627615062,0.96,0.16,0.93,0.93,0.73,0.710727312808958,0.7655454846067185,2.6036365640447894,0.2,1.0,0.6,1.0,1.0,1.0,0.92,0.0,0.74,copy-like pattern similarity without path continuity,0.142848,0.10480311093827262,0.6,1.0,1.0,0.92,0.0,0.008263944964803321,0.0,0.20692450013133945,0.0,0.20692450013133945,0.1999999998,0.0,0.19999999979999994,0.14067117797998424,False
copy_channel_claim,151,0.6317991631799164,0.96,0.16,0.93,0.93,0.73,0.7128044778499232,0.7671033583874423,2.6140223892496155,0.2,1.0,0.6,1.0,1.0,1.0,0.92,0.0,0.74,copy-like pattern similarity without path continuity,0.142848,0.105002955390719,0.6,1.0,1.0,0.92,0.0,0.008279703118752693,0.0,0.20828729578224048,0.0,0.20828729578224048,0.1999999998,0.0,0.19999999979999994,0.14363761907098502,False
copy_channel_claim,152,0.6359832635983264,0.96,0.16,0.93,0.93,0.73,0.7147734285560879,0.768580071417066,2.6238671427804396,0.2,1.0,0.6,1.0,1.0,1.0,0.92,0.0,0.74,copy-like pattern similarity without path continuity,0.142848,0.10519280762054305,0.6,1.0,1.0,0.92,0.0,0.008294673365004591,0.0,0.20958278445037892,0.0,0.20958278445037892,0.1999999998,0.0,0.19999999979999994,0.14645573810743576,False
copy_channel_claim,153,0.6401673640167364,0.96,0.16,0.93,0.93,0.73,0.7166322116001095,0.7699741587000821,2.6331610580005473,0.2,1.0,0.6,1.0,1.0,1.0,0.92,0.0,0.74,copy-like pattern similarity without path continuity,0.142848,0.1053731672388759,0.6,1.0,1.0,0.92,0.0,0.008308895098943898,0.0,0.21080908129055578,0.0,0.21080908129055576,0.1999999998,0.0,0.19999999979999994,0.14913295119206396,False
copy_channel_claim,154,0.6443514644351465,0.96,0.16,0.93,0.93,0.73,0.7183788736546448,0.7712841552409836,2.6418943682732237,0.2,1.0,0.6,1.0,1.0,1.0,0.92,0.0,0.74,copy-like pattern similarity without path continuity,0.142848,0.10554450887629209,0.6,1.0,1.0,0.92,0.0,0.008322405746186236,0.0,0.21196432210219981,0.0,0.21196432210219984,0.1999999998,0.0,0.19999999979999994,0.15167630362246076,False
copy_channel_claim,155,0.6485355648535565,0.96,0.16,0.93,0.93,0.73,0.7200114613923507,0.772508596044263,2.6500573069617537,0.2,1.0,0.6,1.0,1.0,1.0,0.92,0.0,0.74,copy-like pattern similarity without path continuity,0.142848,0.1057072834318375,0.6,1.0,1.0,0.92,0.0,0.00833524086106646,0.0,0.21304666524892413,0.0,0.21304666524892413,0.1999999998,0.0,0.19999999979999994,0.15409248843133772,False
copy_channel_claim,156,0.6527196652719666,0.96,0.16,0.93,0.93,0.73,0.7215280214858846,0.7736460161144134,2.6576401074294225,0.2,1.0,0.6,1.0,1.0,1.0,0.92,0.0,0.74,copy-like pattern similarity without path continuity,0.142848,0.10586191925960561,0.6,1.0,1.0,0.92,0.0,0.008347434220202671,0.0,0.2140542936130828,0.0,0.2140542936130828,0.1999999998,0.0,0.19999999979999994,0.15638786399977084,False
copy_channel_claim,157,0.6569037656903766,0.96,0.16,0.93,0.93,0.73,0.7229266006079031,0.7746949504559273,2.6646330030395156,0.2,1.0,0.6,1.0,1.0,1.0,0.92,0.0,0.74,copy-like pattern similarity without path continuity,0.142848,0.10600882329598534,0.6,1.0,1.0,0.92,0.0,0.008359017911382072,0.0,0.21498541658597198,0.0,0.21498541658597192,0.1999999998,0.0,0.19999999979999994,0.15856847078978228,False
copy_channel_claim,158,0.6610878661087866,0.96,0.16,0.93,0.93,0.73,0.7242052454310636,0.7756539340732976,2.6710262271553176,0.2,1.0,0.6,1.0,1.0,1.0,0.92,0.0,0.74,copy-like pattern similarity without path continuity,0.142848,0.10614838213054606,0.6,1.0,1.0,0.92,0.0,0.008370022418002502,0.0,0.21583827209435605,0.0,0.21583827209435602,0.1999999998,0.0,0.19999999979999994,0.16064004724029318,False
copy_channel_claim,159,0.6652719665271967,0.96,0.16,0.93,0.93,0.73,0.725362002628023,0.7765215019710172,2.6768100131401145,0.2,1.0,0.6,1.0,1.0,1.0,0.92,0.0,0.74,copy-like pattern similarity without path continuity,0.142848,0.10628096302337876,0.6,1.0,1.0,0.92,0.0,0.008380476699291912,0.0,0.2166111286640316,0.0,0.21661112866403154,0.1999999998,0.0,0.19999999979999994,0.1626080448682785,False
copy_channel_claim,160,0.6694560669456067,0.96,0.16,0.93,0.93,0.73,0.726394918871438,0.7772961891535786,2.6819745943571904,0.2,1.0,0.6,1.0,1.0,1.0,0.92,0.0,0.74,copy-like pattern similarity without path continuity,0.142848,0.10640691487156982,0.6,1.0,1.0,0.92,0.0,0.008390408266516852,0.0,0.21730228752118103,0.0,0.21730228752118097,0.1999999998,0.0,0.19999999979999994,0.16447764261486458,False
copy_channel_claim,161,0.6736401673640168,0.96,0.16,0.93,0.93,0.73,0.7273020408339663,0.7779765306254747,2.6865102041698314,0.2,1.0,0.6,1.0,1.0,1.0,0.92,0.0,0.74,copy-like pattern similarity without path continuity,0.142848,0.10652656912735133,0.6,1.0,1.0,0.92,0.0,0.008399843255380544,0.0,0.2179100847323059,0.0,0.2179100847323059,0.1999999998,0.0,0.19999999979999994,0.16625376047412135,False
copy_channel_claim,162,0.6778242677824268,0.96,0.16,0.93,0.93,0.73,0.7280814151882644,0.7785610613911982,2.6904070759413217,0.2,1.0,0.6,1.0,1.0,1.0,0.92,0.0,0.74,copy-like pattern similarity without path continuity,0.142848,0.10664024067034376,0.6,1.0,1.0,0.92,0.0,0.00840880649480105,0.0,0.21843289338356664,0.0,0.21843289338356664,0.1999999998,0.0,0.19999999979999994,0.16794107244041528,False
copy_channel_claim,163,0.6820083682008368,0.96,0.16,0.93,0.93,0.73,0.7287310886069895,0.7790483164552422,2.6936554430349475,0.2,1.0,0.6,1.0,1.0,1.0,0.92,0.0,0.74,copy-like pattern similarity without path continuity,0.142848,0.10674822863618659,0.6,1.0,1.0,0.92,0.0,0.008417321572250534,0.0,0.2188691258004034,0.0,0.2188691258004034,0.1999999998,0.0,0.19999999979999994,0.1695440188083945,False
copy_channel_claim,164,0.6861924686192469,0.96,0.16,0.93,0.93,0.73,0.7292491077627987,0.779436830822099,2.6962455388139936,0.2,1.0,0.6,1.0,1.0,1.0,0.92,0.0,0.74,copy-like pattern similarity without path continuity,0.142848,0.10685081720373724,0.6,1.0,1.0,0.92,0.0,0.00842541089582754,0.0,0.2192172358083469,0.0,0.21921723580834684,0.1999999998,0.0,0.19999999979999994,0.17106681785797478,False
copy_channel_claim,165,0.6903765690376569,0.96,0.16,0.93,0.93,0.73,0.7296335193283491,0.7797251394962618,2.698167596641745,0.2,1.0,0.6,1.0,1.0,1.0,0.92,0.0,0.74,copy-like pattern similarity without path continuity,0.142848,0.10694827634291038,0.6,1.0,1.0,0.92,0.0,0.008433095753225697,0.0,0.21947572103598154,0.0,0.21947572103598156,0.1999999998,0.0,0.19999999979999994,0.17251347695507604,False
copy_channel_claim,166,0.694560669456067,0.96,0.16,0.93,0.93,0.73,0.7298823699762975,0.7799117774822231,2.699411849881487,0.2,1.0,0.6,1.0,1.0,1.0,0.92,0.0,0.74,copy-like pattern similarity without path continuity,0.142848,0.10704086252512486,0.6,1.0,1.0,0.92,0.0,0.00844039636775395,0.0,0.21964312526106233,0.0,0.21964312526106233,0.1999999998,0.0,0.19999999979999994,0.17388780309732224,False
copy_channel_claim,167,0.698744769874477,0.96,0.16,0.93,0.93,0.73,0.7299937063793009,0.7799952797844757,2.6999685318965043,0.2,1.0,0.6,1.0,1.0,1.0,0.92,0.0,0.74,copy-like pattern similarity without path continuity,0.142848,0.10712881939822863,0.6,1.0,1.0,0.92,0.0,0.008447331951555786,0.0,0.2197180408008446,0.0,0.21971804080084456,0.1999999998,0.0,0.19999999979999994,0.17519341293245613,False
copy_channel_claim,168,0.702928870292887,0.96,0.16,0.93,0.93,0.73,0.73,0.78,2.6999999999999997,0.2,1.0,0.6,1.0,1.0,1.0,0.92,0.0,0.74,copy-like pattern similarity without path continuity,0.142848,0.1072123784276772,0.6,1.0,1.0,0.92,0.0,0.008453920756167532,0.0,0.2197222759650939,0.0,0.21972227596509386,0.1999999998,0.0,0.19999999979999994,0.17643374227583333,False
copy_channel_claim,169,0.7071129707112971,0.96,0.16,0.93,0.93,0.73,0.73,0.78,2.6999999999999997,0.2,1.0,0.6,1.0,1.0,1.0,0.92,0.0,0.74,copy-like pattern similarity without path continuity,0.142848,0.10729175950565333,0.6,1.0,1.0,0.92,0.0,0.008460180120548689,0.0,0.2197222759650939,0.0,0.21972227596509386,0.1999999998,0.0,0.19999999979999994,0.17761205515204168,False
copy_channel_claim,170,0.7112970711297071,0.96,0.16,0.93,0.93,0.73,0.73,0.78,2.6999999999999997,0.2,1.0,0.6,1.0,1.0,1.0,0.92,0.0,0.74,copy-like pattern similarity without path continuity,0.142848,0.10736717152973066,0.6,1.0,1.0,0.92,0.0,0.008466126516710788,0.0,0.2197222759650939,0.0,0.21972227596509386,0.1999999998,0.0,0.19999999979999994,0.1787314523844396,False
copy_channel_claim,171,0.7154811715481172,0.96,0.16,0.93,0.93,0.73,0.73,0.78,2.6999999999999997,0.2,1.0,0.6,1.0,1.0,1.0,0.92,0.0,0.74,copy-like pattern similarity without path continuity,0.142848,0.10743881295260414,0.6,1.0,1.0,0.92,0.0,0.008471775593064786,0.0,0.2197222759650939,0.0,0.21972227596509386,0.1999999998,0.0,0.19999999979999994,0.17979487975521763,False
copy_channel_claim,172,0.7196652719665272,0.96,0.16,0.93,0.93,0.73,0.73,0.78,2.6999999999999997,0.2,1.0,0.6,1.0,1.0,1.0,0.92,0.0,0.74,copy-like pattern similarity without path continuity,0.142848,0.10750687230433392,0.6,1.0,1.0,0.92,0.0,0.00847714221560108,0.0,0.2197222759650939,0.0,0.21972227596509386,0.1999999998,0.0,0.19999999979999994,0.18080513575745674,False
copy_channel_claim,173,0.7238493723849372,0.96,0.16,0.93,0.93,0.73,0.73,0.78,2.6999999999999997,0.2,1.0,0.6,1.0,1.0,1.0,0.92,0.0,0.74,copy-like pattern similarity without path continuity,0.142848,0.10757152868847722,0.6,1.0,1.0,0.92,0.0,0.00848224050701056,0.0,0.2197222759650939,0.0,0.21972227596509386,0.1999999998,0.0,0.19999999979999994,0.1817648789595839,False
copy_channel_claim,174,0.7280334728033473,0.96,0.16,0.93,0.93,0.73,0.73,0.78,2.6999999999999997,0.2,1.0,0.6,1.0,1.0,1.0,0.92,0.0,0.74,copy-like pattern similarity without path continuity,0.142848,0.10763295225341336,0.6,1.0,1.0,0.92,0.0,0.008487083883849568,0.0,0.2197222759650939,0.0,0.21972227596509386,0.1999999998,0.0,0.19999999979999994,0.18267663500160472,False
copy_channel_claim,175,0.7322175732217573,0.96,0.16,0.93,0.93,0.73,0.73,0.78,2.6999999999999997,0.2,1.0,0.6,1.0,1.0,1.0,0.92,0.0,0.74,copy-like pattern similarity without path continuity,0.142848,0.10769130464010271,0.6,1.0,1.0,0.92,0.0,0.008491685091846625,0.0,0.2197222759650939,0.0,0.21972227596509386,0.1999999998,0.0,0.19999999979999994,0.18354280324152447,False
copy_channel_claim,176,0.7364016736401674,0.96,0.16,0.93,0.93,0.73,0.73,0.78,2.6999999999999997,0.2,1.0,0.6,1.0,1.0,1.0,0.92,0.0,0.74,copy-like pattern similarity without path continuity,0.142848,0.10774673940745758,0.6,1.0,1.0,0.92,0.0,0.008496056239443828,0.0,0.2197222759650939,0.0,0.21972227596509386,0.1999999998,0.0,0.19999999979999994,0.18436566306944824,False
copy_channel_claim,177,0.7405857740585774,0.96,0.16,0.93,0.93,0.73,0.73,0.78,2.6999999999999997,0.2,1.0,0.6,1.0,1.0,1.0,0.92,0.0,0.74,copy-like pattern similarity without path continuity,0.142848,0.10779940243644469,0.6,1.0,1.0,0.92,0.0,0.00850020882966117,0.0,0.2197222759650939,0.0,0.21972227596509386,0.1999999998,0.0,0.19999999979999994,0.18514737990597582,False
copy_channel_claim,178,0.7447698744769874,0.96,0.16,0.93,0.93,0.73,0.73,0.78,2.6999999999999997,0.2,1.0,0.6,1.0,1.0,1.0,0.92,0.0,0.74,copy-like pattern similarity without path continuity,0.142848,0.10784943231398245,0.6,1.0,1.0,0.92,0.0,0.008504153790367645,0.0,0.2197222759650939,0.0,0.21972227596509386,0.1999999998,0.0,0.19999999979999994,0.18589001090067703,False
copy_channel_claim,179,0.7489539748953975,0.96,0.16,0.93,0.93,0.73,0.73,0.78,2.6999999999999997,0.2,1.0,0.6,1.0,1.0,1.0,0.92,0.0,0.74,copy-like pattern similarity without path continuity,0.142848,0.10789696069764332,0.6,1.0,1.0,0.92,0.0,0.008507901503038798,0.0,0.2197222759650939,0.0,0.21972227596509386,0.1999999998,0.0,0.19999999979999994,0.18659551034564317,False
copy_channel_claim,180,0.7531380753138075,0.96,0.16,0.93,0.93,0.73,0.73,0.78,2.6999999999999997,0.2,1.0,0.6,1.0,1.0,1.0,0.92,0.0,0.74,copy-like pattern similarity without path continuity,0.142848,0.10794211266212117,0.6,1.0,1.0,0.92,0.0,0.008511461830076394,0.0,0.2197222759650939,0.0,0.21972227596509386,0.1999999998,0.0,0.19999999979999994,0.187265734818361,False
copy_channel_claim,181,0.7573221757322176,0.96,0.16,0.93,0.93,0.73,0.73,0.78,2.6999999999999997,0.2,1.0,0.6,1.0,1.0,1.0,0.92,0.0,0.74,copy-like pattern similarity without path continuity,0.142848,0.1079850070283751,0.6,1.0,1.0,0.92,0.0,0.008514844140762107,0.0,0.2197222759650939,0.0,0.21972227596509386,0.1999999998,0.0,0.19999999979999994,0.18790244806744297,False
copy_channel_claim,182,0.7615062761506276,0.96,0.16,0.93,0.93,0.73,0.73,0.78,2.6999999999999997,0.2,1.0,0.6,1.0,1.0,1.0,0.92,0.0,0.74,copy-like pattern similarity without path continuity,0.142848,0.10802575667631635,0.6,1.0,1.0,0.92,0.0,0.008518057335913539,0.0,0.2197222759650939,0.0,0.21972227596509386,0.1999999998,0.0,0.19999999979999994,0.18850732565407083,False
copy_channel_claim,183,0.7656903765690377,0.96,0.16,0.93,0.93,0.73,0.73,0.78,2.6999999999999997,0.2,1.0,0.6,1.0,1.0,1.0,0.92,0.0,0.74,copy-like pattern similarity without path continuity,0.142848,0.10806446884186054,0.6,1.0,1.0,0.92,0.0,0.008521109871307397,0.0,0.2197222759650939,0.0,0.21972227596509386,0.1999999998,0.0,0.19999999979999994,0.1890819593613673,False
copy_channel_claim,184,0.7698744769874477,0.96,0.16,0.93,0.93,0.73,0.73,0.78,2.6999999999999997,0.2,1.0,0.6,1.0,1.0,1.0,0.92,0.0,0.74,copy-like pattern similarity without path continuity,0.142848,0.10810124539912751,0.6,1.0,1.0,0.92,0.0,0.008524009779931561,0.0,0.2197222759650939,0.0,0.21972227596509386,0.1999999998,0.0,0.19999999979999994,0.18962786138329893,False
copy_channel_claim,185,0.7740585774058577,0.96,0.16,0.93,0.93,0.73,0.73,0.78,2.6999999999999997,0.2,1.0,0.6,1.0,1.0,1.0,0.92,0.0,0.74,copy-like pattern similarity without path continuity,0.142848,0.10813618312853113,0.6,1.0,1.0,0.92,0.0,0.008526764693124517,0.0,0.2197222759650939,0.0,0.21972227596509386,0.1999999998,0.0,0.19999999979999994,0.19014646830413398,False
copy_channel_claim,186,0.7782426778242678,0.96,0.16,0.93,0.93,0.73,0.73,0.78,2.6999999999999997,0.2,1.0,0.6,1.0,1.0,1.0,0.92,0.0,0.74,copy-like pattern similarity without path continuity,0.142848,0.10816937397146457,0.6,1.0,1.0,0.92,0.0,0.008529381860657825,0.0,0.2197222759650939,0.0,0.21972227596509386,0.1999999998,0.0,0.19999999979999994,0.19063914487892727,False
copy_channel_claim,187,0.7824267782426778,0.96,0.16,0.93,0.93,0.73,0.73,0.78,2.6999999999999997,0.2,1.0,0.6,1.0,1.0,1.0,0.92,0.0,0.74,copy-like pattern similarity without path continuity,0.142848,0.10820090527225133,0.6,1.0,1.0,0.92,0.0,0.008531868169814468,0.0,0.2197222759650939,0.0,0.21972227596509386,0.1999999998,0.0,0.19999999979999994,0.1911071876249809,False
copy_channel_claim,188,0.7866108786610879,0.96,0.16,0.93,0.93,0.73,0.73,0.78,2.6999999999999997,0.2,1.0,0.6,1.0,1.0,1.0,0.92,0.0,0.74,copy-like pattern similarity without path continuity,0.142848,0.10823086000799878,0.6,1.0,1.0,0.92,0.0,0.008534230163513281,0.0,0.2197222759650939,0.0,0.21972227596509386,0.1999999998,0.0,0.19999999979999994,0.19155182823373187,False
copy_channel_claim,189,0.7907949790794979,0.96,0.16,0.93,0.93,0.73,0.73,0.78,2.6999999999999997,0.2,1.0,0.6,1.0,1.0,1.0,0.92,0.0,0.74,copy-like pattern similarity without path continuity,0.142848,0.10825931700695884,0.6,1.0,1.0,0.92,0.0,0.008536474057527152,0.0,0.2197222759650939,0.0,0.21972227596509386,0.1999999998,0.0,0.19999999979999994,0.19197423681204528,False
copy_channel_claim,190,0.7949790794979079,0.96,0.16,0.93,0.93,0.73,0.73,0.78,2.6999999999999997,0.2,1.0,0.6,1.0,1.0,1.0,0.92,0.0,0.74,copy-like pattern similarity without path continuity,0.142848,0.10828635115597089,0.6,1.0,1.0,0.92,0.0,0.00853860575684033,0.0,0.2197222759650939,0.0,0.21972227596509386,0.1999999998,0.0,0.19999999979999994,0.19237552496144303,False
copy_channel_claim,191,0.799163179916318,0.96,0.16,0.93,0.93,0.73,0.73,0.78,2.6999999999999997,0.2,1.0,0.6,1.0,1.0,1.0,0.92,0.0,0.74,copy-like pattern similarity without path continuity,0.142848,0.10831203359753236,0.6,1.0,1.0,0.92,0.0,0.008540630871187848,0.0,0.2197222759650939,0.0,0.21972227596509386,0.1999999998,0.0,0.19999999979999994,0.19275674870337087,False
copy_channel_claim,192,0.803347280334728,0.96,0.16,0.93,0.93,0.73,0.73,0.78,2.6999999999999997,0.2,1.0,0.6,1.0,1.0,1.0,0.92,0.0,0.74,copy-like pattern similarity without path continuity,0.142848,0.10833643191701572,0.6,1.0,1.0,0.92,0.0,0.008542554729817988,0.0,0.2197222759650939,0.0,0.21972227596509386,0.1999999998,0.0,0.19999999979999994,0.19311891125820232,False
copy_channel_claim,193,0.8075313807531381,0.96,0.16,0.93,0.93,0.73,0.73,0.78,2.6999999999999997,0.2,1.0,0.6,1.0,1.0,1.0,0.92,0.0,0.74,copy-like pattern similarity without path continuity,0.142848,0.10835961032052495,0.6,1.0,1.0,0.92,0.0,0.008544382395516624,0.0,0.2197222759650939,0.0,0.21972227596509386,0.1999999998,0.0,0.19999999979999994,0.1934629656852922,False
copy_channel_claim,194,0.8117154811715481,0.96,0.16,0.93,0.93,0.73,0.73,0.78,2.6999999999999997,0.2,1.0,0.6,1.0,1.0,1.0,0.92,0.0,0.74,copy-like pattern similarity without path continuity,0.142848,0.10838162980385871,0.6,1.0,1.0,0.92,0.0,0.008546118677930328,0.0,0.2197222759650939,0.0,0.21972227596509386,0.1999999998,0.0,0.19999999979999994,0.19378981739102757,False
copy_channel_claim,195,0.8158995815899581,0.96,0.16,0.93,0.93,0.73,0.73,0.78,2.6999999999999997,0.2,1.0,0.6,1.0,1.0,1.0,0.92,0.0,0.74,copy-like pattern similarity without path continuity,0.142848,0.10840254831302577,0.6,1.0,1.0,0.92,0.0,0.008547768146223348,0.0,0.2197222759650939,0.0,0.21972227596509386,0.1999999998,0.0,0.19999999979999994,0.19410032651147618,False
copy_channel_claim,196,0.8200836820083682,0.96,0.16,0.93,0.93,0.73,0.73,0.78,2.6999999999999997,0.2,1.0,0.6,1.0,1.0,1.0,0.92,0.0,0.74,copy-like pattern similarity without path continuity,0.142848,0.10842242089673448,0.6,1.0,1.0,0.92,0.0,0.008549335141101714,0.0,0.2197222759650939,0.0,0.21972227596509386,0.1999999998,0.0,0.19999999979999994,0.19439531017590236,False
copy_channel_claim,197,0.8242677824267782,0.96,0.16,0.93,0.93,0.73,0.73,0.78,2.6999999999999997,0.2,1.0,0.6,1.0,1.0,1.0,0.92,0.0,0.74,copy-like pattern similarity without path continuity,0.142848,0.10844129985125775,0.6,1.0,1.0,0.92,0.0,0.008550823786236162,0.0,0.2197222759650939,0.0,0.21972227596509386,0.1999999998,0.0,0.19999999979999994,0.19467554465710724,False
copy_channel_claim,198,0.8284518828451883,0.96,0.16,0.93,0.93,0.73,0.73,0.78,2.6999999999999997,0.2,1.0,0.6,1.0,1.0,1.0,0.92,0.0,0.74,copy-like pattern similarity without path continuity,0.142848,0.10845923485805486,0.6,1.0,1.0,0.92,0.0,0.008552237999113888,0.0,0.2197222759650939,0.0,0.21972227596509386,0.1999999998,0.0,0.19999999979999994,0.19494176741425187,False
copy_channel_claim,199,0.8326359832635983,0.96,0.16,0.93,0.93,0.73,0.73,0.78,2.6999999999999997,0.2,1.0,0.6,1.0,1.0,1.0,0.92,0.0,0.74,copy-like pattern similarity without path continuity,0.142848,0.10847627311451213,0.6,1.0,1.0,0.92,0.0,0.00855358150134773,0.0,0.2197222759650939,0.0,0.21972227596509386,0.1999999998,0.0,0.19999999979999994,0.19519467903353926,False
copy_channel_claim,200,0.8368200836820083,0.96,0.16,0.93,0.93,0.73,0.73,0.78,2.6999999999999997,0.2,1.0,0.6,1.0,1.0,1.0,0.92,0.0,0.74,copy-like pattern similarity without path continuity,0.142848,0.10849245945814652,0.6,1.0,1.0,0.92,0.0,0.008554857828469877,0.0,0.2197222759650939,0.0,0.21972227596509386,0.1999999998,0.0,0.19999999979999994,0.1954349450718623,False
copy_channel_claim,201,0.8410041841004184,0.96,0.16,0.93,0.93,0.73,0.73,0.78,2.6999999999999997,0.2,1.0,0.6,1.0,1.0,1.0,0.92,0.0,0.74,copy-like pattern similarity without path continuity,0.142848,0.10850783648459919,0.6,1.0,1.0,0.92,0.0,0.008556070339235918,0.0,0.2197222759650939,0.0,0.21972227596509386,0.1999999998,0.0,0.19999999979999994,0.19566319780826918,False
copy_channel_claim,202,0.8451882845188284,0.96,0.16,0.93,0.93,0.73,0.73,0.78,2.6999999999999997,0.2,1.0,0.6,1.0,1.0,1.0,0.92,0.0,0.74,copy-like pattern similarity without path continuity,0.142848,0.10852244465972924,0.6,1.0,1.0,0.92,0.0,0.008557222224463657,0.0,0.2197222759650939,0.0,0.21972227596509386,0.1999999998,0.0,0.19999999979999994,0.19588003790785571,False
copy_channel_claim,203,0.8493723849372385,0.96,0.16,0.93,0.93,0.73,0.73,0.78,2.6999999999999997,0.2,1.0,0.6,1.0,1.0,1.0,0.92,0.0,0.74,copy-like pattern similarity without path continuity,0.142848,0.10853632242610277,0.6,1.0,1.0,0.92,0.0,0.00855831651543001,0.0,0.2197222759650939,0.0,0.21972227596509386,0.1999999998,0.0,0.19999999979999994,0.19608603600246294,False
copy_channel_claim,204,0.8535564853556485,0.96,0.16,0.93,0.93,0.73,0.73,0.78,2.6999999999999997,0.2,1.0,0.6,1.0,1.0,1.0,0.92,0.0,0.74,copy-like pattern similarity without path continuity,0.142848,0.10854950630415763,0.6,1.0,1.0,0.92,0.0,0.008559356091848044,0.0,0.2197222759650939,0.0,0.21972227596509386,0.1999999998,0.0,0.19999999979999994,0.1962817341923398,False
copy_channel_claim,205,0.8577405857740585,0.96,0.16,0.93,0.93,0.73,0.73,0.78,2.6999999999999997,0.2,1.0,0.6,1.0,1.0,1.0,0.92,0.0,0.74,copy-like pattern similarity without path continuity,0.142848,0.10856203098830974,0.6,1.0,1.0,0.92,0.0,0.008560343689445176,0.0,0.2197222759650939,0.0,0.21972227596509386,0.1999999998,0.0,0.19999999979999994,0.1964676474727228,False
copy_channel_claim,206,0.8619246861924686,0.96,0.16,0.93,0.93,0.73,0.73,0.78,2.6999999999999997,0.2,1.0,0.6,1.0,1.0,1.0,0.92,0.0,0.74,copy-like pattern similarity without path continuity,0.142848,0.10857392943825427,0.6,1.0,1.0,0.92,0.0,0.008561281907162452,0.0,0.2197222759650939,0.0,0.21972227596509386,0.1999999998,0.0,0.19999999979999994,0.19664426508908667,False
copy_channel_claim,207,0.8661087866108786,0.96,0.16,0.93,0.93,0.73,0.73,0.78,2.6999999999999997,0.2,1.0,0.6,1.0,1.0,1.0,0.92,0.0,0.74,copy-like pattern similarity without path continuity,0.142848,0.10858523296570155,0.6,1.0,1.0,0.92,0.0,0.008562173213993864,0.0,0.2197222759650939,0.0,0.21972227596509386,0.1999999998,0.0,0.19999999979999994,0.19681205182463232,False
copy_channel_claim,208,0.8702928870292888,0.96,0.16,0.93,0.93,0.73,0.73,0.78,2.6999999999999997,0.2,1.0,0.6,1.0,1.0,1.0,0.92,0.0,0.74,copy-like pattern similarity without path continuity,0.142848,0.10859597131677645,0.6,1.0,1.0,0.92,0.0,0.008563019955483704,0.0,0.2197222759650939,0.0,0.21972227596509386,0.1999999998,0.0,0.19999999979999994,0.1969714492234007,False
copy_channel_claim,209,0.8744769874476988,0.96,0.16,0.93,0.93,0.73,0.73,0.78,2.6999999999999997,0.2,1.0,0.6,1.0,1.0,1.0,0.92,0.0,0.74,copy-like pattern similarity without path continuity,0.142848,0.10860617275029764,0.6,1.0,1.0,0.92,0.0,0.008563824359899053,0.0,0.2197222759650939,0.0,0.21972227596509386,0.1999999998,0.0,0.19999999979999994,0.19712287675223067,False
copy_channel_claim,210,0.8786610878661087,0.96,0.16,0.93,0.93,0.73,0.73,0.78,2.6999999999999997,0.2,1.0,0.6,1.0,1.0,1.0,0.92,0.0,0.74,copy-like pattern similarity without path continuity,0.142848,0.10861586411214276,0.6,1.0,1.0,0.92,0.0,0.008564588544093636,0.0,0.2197222759650939,0.0,0.21972227596509386,0.1999999998,0.0,0.19999999979999994,0.19726673290461913,False
copy_channel_claim,211,0.8828451882845189,0.96,0.16,0.93,0.93,0.73,0.73,0.78,2.6999999999999997,0.2,1.0,0.6,1.0,1.0,1.0,0.92,0.0,0.74,copy-like pattern similarity without path continuity,0.142848,0.10862507090589561,0.6,1.0,1.0,0.92,0.0,0.00856531451907849,0.0,0.2197222759650939,0.0,0.21972227596509386,0.1999999998,0.0,0.19999999979999994,0.19740339624938819,False
copy_channel_claim,212,0.8870292887029289,0.96,0.16,0.93,0.93,0.73,0.73,0.78,2.6999999999999997,0.2,1.0,0.6,1.0,1.0,1.0,0.92,0.0,0.74,copy-like pattern similarity without path continuity,0.142848,0.10863381735996085,0.6,1.0,1.0,0.92,0.0,0.008566004195314099,0.0,0.2197222759650939,0.0,0.21972227596509386,0.1999999998,0.0,0.19999999979999994,0.19753322642691878,False
copy_channel_claim,213,0.891213389121339,0.96,0.16,0.93,0.93,0.73,0.73,0.78,2.6999999999999997,0.2,1.0,0.6,1.0,1.0,1.0,0.92,0.0,0.74,copy-like pattern similarity without path continuity,0.142848,0.10864212649132281,0.6,1.0,1.0,0.92,0.0,0.00856665938773793,0.0,0.2197222759650939,0.0,0.21972227596509386,0.1999999998,0.0,0.19999999979999994,0.19765656509557283,False
copy_channel_claim,214,0.895397489539749,0.96,0.16,0.93,0.93,0.73,0.73,0.78,2.6999999999999997,0.2,1.0,0.6,1.0,1.0,1.0,0.92,0.0,0.74,copy-like pattern similarity without path continuity,0.142848,0.10865002016611666,0.6,1.0,1.0,0.92,0.0,0.008567281820540567,0.0,0.2197222759650939,0.0,0.21972227596509386,0.1999999998,0.0,0.19999999979999994,0.1977737368307942,False
copy_channel_claim,215,0.899581589958159,0.96,0.16,0.93,0.93,0.73,0.73,0.78,2.6999999999999997,0.2,1.0,0.6,1.0,1.0,1.0,0.92,0.0,0.74,copy-like pattern similarity without path continuity,0.142848,0.10865751915717083,0.6,1.0,1.0,0.92,0.0,0.008567873131703072,0.0,0.2197222759650939,0.0,0.21972227596509386,0.1999999998,0.0,0.19999999979999994,0.1978850499792545,False
copy_channel_claim,216,0.9037656903765691,0.96,0.16,0.93,0.93,0.73,0.73,0.78,2.6999999999999997,0.2,1.0,0.6,1.0,1.0,1.0,0.92,0.0,0.74,copy-like pattern similarity without path continuity,0.142848,0.10866464319867229,0.6,1.0,1.0,0.92,0.0,0.008568434877307454,0.0,0.2197222759650939,0.0,0.21972227596509386,0.1999999998,0.0,0.19999999979999994,0.19799079747029177,False
copy_channel_claim,217,0.9079497907949791,0.96,0.16,0.93,0.93,0.73,0.73,0.78,2.6999999999999997,0.2,1.0,0.6,1.0,1.0,1.0,0.92,0.0,0.74,copy-like pattern similarity without path continuity,0.142848,0.10867141103809867,0.6,1.0,1.0,0.92,0.0,0.008568968535631617,0.0,0.2197222759650939,0.0,0.21972227596509386,0.1999999998,0.0,0.19999999979999994,0.19809125758677718,False
copy_channel_claim,218,0.9121338912133892,0.96,0.16,0.93,0.93,0.73,0.73,0.78,2.6999999999999997,0.2,1.0,0.6,1.0,1.0,1.0,0.92,0.0,0.74,copy-like pattern similarity without path continuity,0.142848,0.10867784048555373,0.6,1.0,1.0,0.92,0.0,0.00856947551103957,0.0,0.2197222759650939,0.0,0.21972227596509386,0.1999999998,0.0,0.19999999979999994,0.19818669469743833,False
copy_channel_claim,219,0.9163179916317992,0.96,0.16,0.93,0.93,0.73,0.73,0.78,2.6999999999999997,0.2,1.0,0.6,1.0,1.0,1.0,0.92,0.0,0.74,copy-like pattern similarity without path continuity,0.142848,0.10868394846063606,0.6,1.0,1.0,0.92,0.0,0.008569957137677126,0.0,0.2197222759650939,0.0,0.21972227596509386,0.1999999998,0.0,0.19999999979999994,0.1982773599525664,False
copy_channel_claim,220,0.9205020920502092,0.96,0.16,0.93,0.93,0.73,0.73,0.78,2.6999999999999997,0.2,1.0,0.6,1.0,1.0,1.0,0.92,0.0,0.74,copy-like pattern similarity without path continuity,0.142848,0.10868975103696425,0.6,1.0,1.0,0.92,0.0,0.008570414682982804,0.0,0.2197222759650939,0.0,0.21972227596509386,0.1999999998,0.0,0.19999999979999994,0.19836349194493808,False
copy_channel_claim,221,0.9246861924686193,0.96,0.16,0.93,0.93,0.73,0.73,0.78,2.6999999999999997,0.2,1.0,0.6,1.0,1.0,1.0,0.92,0.0,0.74,copy-like pattern similarity without path continuity,0.142848,0.10869526348447604,0.6,1.0,1.0,0.92,0.0,0.0085708493510232,0.0,0.2197222759650939,0.0,0.21972227596509386,0.1999999998,0.0,0.19999999979999994,0.19844531733769116,False
copy_channel_claim,222,0.9288702928870293,0.96,0.16,0.93,0.93,0.73,0.73,0.78,2.6999999999999997,0.2,1.0,0.6,1.0,1.0,1.0,0.92,0.0,0.74,copy-like pattern similarity without path continuity,0.142848,0.10870050030961224,0.6,1.0,1.0,0.92,0.0,0.008571262285661576,0.0,0.2197222759650939,0.0,0.21972227596509386,0.1999999998,0.0,0.19999999979999994,0.1985230514608066,False
copy_channel_claim,223,0.9330543933054394,0.96,0.16,0.93,0.93,0.73,0.73,0.78,2.6999999999999997,0.2,1.0,0.6,1.0,1.0,1.0,0.92,0.0,0.74,copy-like pattern similarity without path continuity,0.142848,0.10870547529349162,0.6,1.0,1.0,0.92,0.0,0.00857165457356803,0.0,0.2197222759650939,0.0,0.21972227596509386,0.1999999998,0.0,0.19999999979999994,0.19859689887776627,False
copy_channel_claim,224,0.9372384937238494,0.96,0.16,0.93,0.93,0.73,0.73,0.78,2.6999999999999997,0.2,1.0,0.6,1.0,1.0,1.0,0.92,0.0,0.74,copy-like pattern similarity without path continuity,0.142848,0.10871020152817704,0.6,1.0,1.0,0.92,0.0,0.008572027247079162,0.0,0.2197222759650939,0.0,0.21972227596509386,0.1999999998,0.0,0.19999999979999994,0.19866705392387796,False
copy_channel_claim,225,0.9414225941422594,0.96,0.16,0.93,0.93,0.73,0.73,0.78,2.6999999999999997,0.2,1.0,0.6,1.0,1.0,1.0,0.92,0.0,0.74,copy-like pattern similarity without path continuity,0.142848,0.10871469145112819,0.6,1.0,1.0,0.92,0.0,0.008572381286914739,0.0,0.2197222759650939,0.0,0.21972227596509386,0.1999999998,0.0,0.19999999979999994,0.19873370121768405,False
copy_channel_claim,226,0.9456066945606695,0.96,0.16,0.93,0.93,0.73,0.73,0.78,2.6999999999999997,0.2,1.0,0.6,1.0,1.0,1.0,0.92,0.0,0.74,copy-like pattern similarity without path continuity,0.142848,0.10871895687793177,0.6,1.0,1.0,0.92,0.0,0.008572717624758537,0.0,0.2197222759650939,0.0,0.21972227596509386,0.1999999998,0.0,0.19999999979999994,0.19879701614679984,False
copy_channel_claim,227,0.9497907949790795,0.96,0.16,0.93,0.93,0.73,0.73,0.78,2.6999999999999997,0.2,1.0,0.6,1.0,1.0,1.0,0.92,0.0,0.74,copy-like pattern similarity without path continuity,0.142848,0.10872300903339518,0.6,1.0,1.0,0.92,0.0,0.008573037145710144,0.0,0.2197222759650939,0.0,0.21972227596509386,0.1999999998,0.0,0.19999999979999994,0.19885716532945985,False
copy_channel_claim,228,0.9539748953974896,0.96,0.16,0.93,0.93,0.73,0.73,0.78,2.6999999999999997,0.2,1.0,0.6,1.0,1.0,1.0,0.92,0.0,0.74,copy-like pattern similarity without path continuity,0.142848,0.10872685858108544,0.6,1.0,1.0,0.92,0.0,0.008573340690614174,0.0,0.2197222759650939,0.0,0.21972227596509386,0.1999999998,0.0,0.19999999979999994,0.19891430705298685,False
copy_channel_claim,229,0.9581589958158996,0.96,0.16,0.93,0.93,0.73,0.73,0.78,2.6999999999999997,0.2,1.0,0.6,1.0,1.0,1.0,0.92,0.0,0.74,copy-like pattern similarity without path continuity,0.142848,0.10873051565139116,0.6,1.0,1.0,0.92,0.0,0.008573629058272999,0.0,0.2197222759650939,0.0,0.21972227596509386,0.1999999998,0.0,0.19999999979999994,0.1989685916903375,False
copy_channel_claim,230,0.9623430962343096,0.96,0.16,0.93,0.93,0.73,0.73,0.78,2.6999999999999997,0.2,1.0,0.6,1.0,1.0,1.0,0.92,0.0,0.74,copy-like pattern similarity without path continuity,0.142848,0.1087339898681816,0.6,1.0,1.0,0.92,0.0,0.008573903007548884,0.0,0.2197222759650939,0.0,0.21972227596509386,0.1999999998,0.0,0.19999999979999994,0.19902016209582063,False
copy_channel_claim,231,0.9665271966527197,0.96,0.16,0.93,0.93,0.73,0.73,0.78,2.6999999999999997,0.2,1.0,0.6,1.0,1.0,1.0,0.92,0.0,0.74,copy-like pattern similarity without path continuity,0.142848,0.10873729037413252,0.6,1.0,1.0,0.92,0.0,0.008574163259360973,0.0,0.2197222759650939,0.0,0.21972227596509386,0.1999999998,0.0,0.19999999979999994,0.1990691539810296,False
copy_channel_claim,232,0.9707112970711297,0.96,0.16,0.93,0.93,0.73,0.73,0.78,2.6999999999999997,0.2,1.0,0.6,1.0,1.0,1.0,0.92,0.0,0.74,copy-like pattern similarity without path continuity,0.142848,0.1087404258547859,0.6,1.0,1.0,0.92,0.0,0.00857441049858246,0.0,0.2197222759650939,0.0,0.21972227596509386,0.1999999998,0.0,0.19999999979999994,0.19911569627197812,False
copy_channel_claim,233,0.9748953974895398,0.96,0.16,0.93,0.93,0.73,0.73,0.78,2.6999999999999997,0.2,1.0,0.6,1.0,1.0,1.0,0.92,0.0,0.74,copy-like pattern similarity without path continuity,0.142848,0.1087434045614066,0.6,1.0,1.0,0.92,0.0,0.008574645375842871,0.0,0.2197222759650939,0.0,0.21972227596509386,0.1999999998,0.0,0.19999999979999994,0.19915991144837922,False
copy_channel_claim,234,0.9790794979079498,0.96,0.16,0.93,0.93,0.73,0.73,0.78,2.6999999999999997,0.2,1.0,0.6,1.0,1.0,1.0,0.92,0.0,0.74,copy-like pattern similarity without path continuity,0.142848,0.10874623433269626,0.6,1.0,1.0,0.92,0.0,0.00857486850924026,0.0,0.2197222759650939,0.0,0.21972227596509386,0.1999999998,0.0,0.19999999979999994,0.19920191586596026,False
copy_channel_claim,235,0.9832635983263598,0.96,0.16,0.93,0.93,0.73,0.73,0.78,2.6999999999999997,0.2,1.0,0.6,1.0,1.0,1.0,0.92,0.0,0.74,copy-like pattern similarity without path continuity,0.142848,0.10874892261542146,0.6,1.0,1.0,0.92,0.0,0.008575080485967784,0.0,0.2197222759650939,0.0,0.21972227596509386,0.1999999998,0.0,0.19999999979999994,0.19924182006266225,False
copy_channel_claim,236,0.9874476987447699,0.96,0.16,0.93,0.93,0.73,0.73,0.78,2.6999999999999997,0.2,1.0,0.6,1.0,1.0,1.0,0.92,0.0,0.74,copy-like pattern similarity without path continuity,0.142848,0.10875147648401039,0.6,1.0,1.0,0.92,0.0,0.00857528186385893,0.0,0.2197222759650939,0.0,0.21972227596509386,0.1999999998,0.0,0.19999999979999994,0.19927972904952915,False
copy_channel_claim,237,0.9916317991631799,0.96,0.16,0.93,0.93,0.73,0.73,0.78,2.6999999999999997,0.2,1.0,0.6,1.0,1.0,1.0,0.92,0.0,0.74,copy-like pattern similarity without path continuity,0.142848,0.10875390265916986,0.6,1.0,1.0,0.92,0.0,0.008575473172855516,0.0,0.2197222759650939,0.0,0.21972227596509386,0.1999999998,0.0,0.19999999979999994,0.1993157425870527,False
copy_channel_claim,238,0.99581589958159,0.96,0.16,0.93,0.93,0.73,0.73,0.78,2.6999999999999997,0.2,1.0,0.6,1.0,1.0,1.0,0.92,0.0,0.74,copy-like pattern similarity without path continuity,0.142848,0.10875620752557136,0.6,1.0,1.0,0.92,0.0,0.008575654916402276,0.0,0.2197222759650939,0.0,0.21972227596509386,0.1999999998,0.0,0.19999999979999994,0.19934995544770007,False
copy_channel_claim,239,1.0,0.96,0.16,0.93,0.93,0.73,0.73,0.78,2.6999999999999997,0.2,1.0,0.6,1.0,1.0,1.0,0.92,0.0,0.74,copy-like pattern similarity without path continuity,0.142848,0.1087583971486528,0.6,1.0,1.0,0.92,0.0,0.008575827572771698,0.0,0.2197222759650939,0.0,0.21972227596509386,0.1999999998,0.0,0.19999999979999994,0.19938245766531507,False
coercive_pseudo_spirit,0,0.0,0.94,0.91,0.9,0.93,0.004,0.25,0.42,0.3,0.0,1.0,0.0,1.0,1.0,1.0,0.92,0.0,0.05,apparent spirit-like effect rejected by non-coercion gate,0.76986,0.546,0.0,1.0,1.0,0.92,0.0,0.0,0.0,5.09792385946293e-05,0.0,5.097923859465059e-05,0.0,0.0,0.0,0.0,False
coercive_pseudo_spirit,1,0.0041841004184100415,0.94,0.91,0.9,0.93,0.004,0.25,0.42,0.3,0.0,1.0,0.0,1.0,1.0,1.0,0.92,0.0,0.05,apparent spirit-like effect rejected by non-coercion gate,0.76986,0.546,0.0,1.0,1.0,0.92,0.0,0.0,0.0,5.09792385946293e-05,0.0,5.097923859465059e-05,0.0,0.0,0.0,0.0,False
coercive_pseudo_spirit,2,0.008368200836820083,0.94,0.91,0.9,0.93,0.004,0.25,0.42,0.3,0.0,1.0,0.0,1.0,1.0,1.0,0.92,0.0,0.05,apparent spirit-like effect rejected by non-coercion gate,0.76986,0.546,0.0,1.0,1.0,0.92,0.0,0.0,0.0,5.09792385946293e-05,0.0,5.097923859465059e-05,0.0,0.0,0.0,0.0,False
coercive_pseudo_spirit,3,0.012552301255230125,0.94,0.91,0.9,0.93,0.004,0.25,0.42,0.3,0.0,1.0,0.0,1.0,1.0,1.0,0.92,0.0,0.05,apparent spirit-like effect rejected by non-coercion gate,0.76986,0.546,0.0,1.0,1.0,0.92,0.0,0.0,0.0,5.09792385946293e-05,0.0,5.097923859465059e-05,0.0,0.0,0.0,0.0,False
coercive_pseudo_spirit,4,0.016736401673640166,0.94,0.91,0.9,0.93,0.004,0.25,0.42,0.3,0.0,1.0,0.0,1.0,1.0,1.0,0.92,0.0,0.05,apparent spirit-like effect rejected by non-coercion gate,0.76986,0.546,0.0,1.0,1.0,0.92,0.0,0.0,0.0,5.09792385946293e-05,0.0,5.097923859465059e-05,0.0,0.0,0.0,0.0,False
coercive_pseudo_spirit,5,0.02092050209205021,0.94,0.91,0.9,0.93,0.004,0.25,0.42,0.3,0.0,1.0,0.0,1.0,1.0,1.0,0.92,0.0,0.05,apparent spirit-like effect rejected by non-coercion gate,0.76986,0.546,0.0,1.0,1.0,0.92,0.0,0.0,0.0,5.09792385946293e-05,0.0,5.097923859465059e-05,0.0,0.0,0.0,0.0,False
coercive_pseudo_spirit,6,0.02510460251046025,0.94,0.91,0.9,0.93,0.004,0.25,0.42,0.3,0.0,1.0,0.0,1.0,1.0,1.0,0.92,0.0,0.05,apparent spirit-like effect rejected by non-coercion gate,0.76986,0.546,0.0,1.0,1.0,0.92,0.0,0.0,0.0,5.09792385946293e-05,0.0,5.097923859465059e-05,0.0,0.0,0.0,0.0,False
coercive_pseudo_spirit,7,0.029288702928870293,0.94,0.91,0.9,0.93,0.004,0.25,0.42,0.3,0.0,1.0,0.0,1.0,1.0,1.0,0.92,0.0,0.05,apparent spirit-like effect rejected by non-coercion gate,0.76986,0.546,0.0,1.0,1.0,0.92,0.0,0.0,0.0,5.09792385946293e-05,0.0,5.097923859465059e-05,0.0,0.0,0.0,0.0,False
coercive_pseudo_spirit,8,0.03347280334728033,0.94,0.91,0.9,0.93,0.004,0.25,0.42,0.3,0.0,1.0,0.0,1.0,1.0,1.0,0.92,0.0,0.05,apparent spirit-like effect rejected by non-coercion gate,0.76986,0.546,0.0,1.0,1.0,0.92,0.0,0.0,0.0,5.09792385946293e-05,0.0,5.097923859465059e-05,0.0,0.0,0.0,0.0,False
coercive_pseudo_spirit,9,0.03765690376569038,0.94,0.91,0.9,0.93,0.004,0.25,0.42,0.3,0.0,1.0,0.0,1.0,1.0,1.0,0.92,0.0,0.05,apparent spirit-like effect rejected by non-coercion gate,0.76986,0.546,0.0,1.0,1.0,0.92,0.0,0.0,0.0,5.09792385946293e-05,0.0,5.097923859465059e-05,0.0,0.0,0.0,0.0,False
coercive_pseudo_spirit,10,0.04184100418410042,0.94,0.91,0.9,0.93,0.004,0.25,0.42,0.3,0.0,1.0,0.0,1.0,1.0,1.0,0.92,0.0,0.05,apparent spirit-like effect rejected by non-coercion gate,0.76986,0.546,0.0,1.0,1.0,0.92,0.0,0.0,0.0,5.09792385946293e-05,0.0,5.097923859465059e-05,0.0,0.0,0.0,0.0,False
coercive_pseudo_spirit,11,0.04602510460251046,0.94,0.91,0.9,0.93,0.004,0.25,0.42,0.3,0.0,1.0,0.0,1.0,1.0,1.0,0.92,0.0,0.05,apparent spirit-like effect rejected by non-coercion gate,0.76986,0.546,0.0,1.0,1.0,0.92,0.0,0.0,0.0,5.09792385946293e-05,0.0,5.097923859465059e-05,0.0,0.0,0.0,0.0,False
coercive_pseudo_spirit,12,0.0502092050209205,0.94,0.91,0.9,0.93,0.004,0.25,0.42,0.3,0.0,1.0,0.0,1.0,1.0,1.0,0.92,0.0,0.05,apparent spirit-like effect rejected by non-coercion gate,0.76986,0.546,0.0,1.0,1.0,0.92,0.0,0.0,0.0,5.09792385946293e-05,0.0,5.097923859465059e-05,0.0,0.0,0.0,0.0,False
coercive_pseudo_spirit,13,0.05439330543933055,0.94,0.91,0.9,0.93,0.004,0.25,0.42,0.3,0.0,1.0,0.0,1.0,1.0,1.0,0.92,0.0,0.05,apparent spirit-like effect rejected by non-coercion gate,0.76986,0.546,0.0,1.0,1.0,0.92,0.0,0.0,0.0,5.09792385946293e-05,0.0,5.097923859465059e-05,0.0,0.0,0.0,0.0,False
coercive_pseudo_spirit,14,0.058577405857740586,0.94,0.91,0.9,0.93,0.004,0.25,0.42,0.3,0.0,1.0,0.0,1.0,1.0,1.0,0.92,0.0,0.05,apparent spirit-like effect rejected by non-coercion gate,0.76986,0.546,0.0,1.0,1.0,0.92,0.0,0.0,0.0,5.09792385946293e-05,0.0,5.097923859465059e-05,0.0,0.0,0.0,0.0,False
coercive_pseudo_spirit,15,0.06276150627615062,0.94,0.91,0.9,0.93,0.004,0.25,0.42,0.3,0.0,1.0,0.0,1.0,1.0,1.0,0.92,0.0,0.05,apparent spirit-like effect rejected by non-coercion gate,0.76986,0.546,0.0,1.0,1.0,0.92,0.0,0.0,0.0,5.09792385946293e-05,0.0,5.097923859465059e-05,0.0,0.0,0.0,0.0,False
coercive_pseudo_spirit,16,0.06694560669456066,0.94,0.91,0.9,0.93,0.004,0.25,0.42,0.3,0.0,1.0,0.0,1.0,1.0,1.0,0.92,0.0,0.05,apparent spirit-like effect rejected by non-coercion gate,0.76986,0.546,0.0,1.0,1.0,0.92,0.0,0.0,0.0,5.09792385946293e-05,0.0,5.097923859465059e-05,0.0,0.0,0.0,0.0,False
coercive_pseudo_spirit,17,0.07112970711297072,0.94,0.91,0.9,0.93,0.004,0.25,0.42,0.3,0.0,1.0,0.0,1.0,1.0,1.0,0.92,0.0,0.05,apparent spirit-like effect rejected by non-coercion gate,0.76986,0.546,0.0,1.0,1.0,0.92,0.0,0.0,0.0,5.09792385946293e-05,0.0,5.097923859465059e-05,0.0,0.0,0.0,0.0,False
coercive_pseudo_spirit,18,0.07531380753138076,0.94,0.91,0.9,0.93,0.004,0.25,0.42,0.3,0.0,1.0,0.0,1.0,1.0,1.0,0.92,0.0,0.05,apparent spirit-like effect rejected by non-coercion gate,0.76986,0.546,0.0,1.0,1.0,0.92,0.0,0.0,0.0,5.09792385946293e-05,0.0,5.097923859465059e-05,0.0,0.0,0.0,0.0,False
coercive_pseudo_spirit,19,0.0794979079497908,0.94,0.91,0.9,0.93,0.004,0.25,0.42,0.3,0.0,1.0,0.0,1.0,1.0,1.0,0.92,0.0,0.05,apparent spirit-like effect rejected by non-coercion gate,0.76986,0.546,0.0,1.0,1.0,0.92,0.0,0.0,0.0,5.09792385946293e-05,0.0,5.097923859465059e-05,0.0,0.0,0.0,0.0,False
coercive_pseudo_spirit,20,0.08368200836820083,0.94,0.91,0.9,0.93,0.004,0.25,0.42,0.3,0.0,1.0,0.0,1.0,1.0,1.0,0.92,0.0,0.05,apparent spirit-like effect rejected by non-coercion gate,0.76986,0.546,0.0,1.0,1.0,0.92,0.0,0.0,0.0,5.09792385946293e-05,0.0,5.097923859465059e-05,0.0,0.0,0.0,0.0,False
coercive_pseudo_spirit,21,0.08786610878661087,0.94,0.91,0.9,0.93,0.004,0.25,0.42,0.3,0.0,1.0,0.0,1.0,1.0,1.0,0.92,0.0,0.05,apparent spirit-like effect rejected by non-coercion gate,0.76986,0.546,0.0,1.0,1.0,0.92,0.0,0.0,0.0,5.09792385946293e-05,0.0,5.097923859465059e-05,0.0,0.0,0.0,0.0,False
coercive_pseudo_spirit,22,0.09205020920502092,0.94,0.91,0.9,0.93,0.004,0.25,0.42,0.3,0.0,1.0,0.0,1.0,1.0,1.0,0.92,0.0,0.05,apparent spirit-like effect rejected by non-coercion gate,0.76986,0.546,0.0,1.0,1.0,0.92,0.0,0.0,0.0,5.09792385946293e-05,0.0,5.097923859465059e-05,0.0,0.0,0.0,0.0,False
coercive_pseudo_spirit,23,0.09623430962343096,0.94,0.91,0.9,0.93,0.004,0.25,0.42,0.3,0.0,1.0,0.0,1.0,1.0,1.0,0.92,0.0,0.05,apparent spirit-like effect rejected by non-coercion gate,0.76986,0.546,0.0,1.0,1.0,0.92,0.0,0.0,0.0,5.09792385946293e-05,0.0,5.097923859465059e-05,0.0,0.0,0.0,0.0,False
coercive_pseudo_spirit,24,0.100418410041841,0.94,0.91,0.9,0.93,0.004,0.2500006999422979,0.4200005249567234,0.3000034997114895,0.0,1.0,0.0,1.0,1.0,1.0,0.92,0.0,0.05,apparent spirit-like effect rejected by non-coercion gate,0.76986,0.546,0.0,1.0,1.0,0.92,0.0,0.0,0.0,5.097996248123792e-05,0.0,5.0979962481267904e-05,0.0,0.0,0.0,0.0,False
coercive_pseudo_spirit,25,0.10460251046025104,0.94,0.91,0.9,0.93,0.004,0.2500842990970313,0.42006322432277343,0.3004214954851565,0.0,1.0,0.0,1.0,1.0,1.0,0.92,0.0,0.05,apparent spirit-like effect rejected by non-coercion gate,0.76986,0.546,0.0,1.0,1.0,0.92,0.0,0.0,0.0,5.106644293183121e-05,0.0,5.106644293184637e-05,0.0,0.0,0.0,0.0,False
coercive_pseudo_spirit,26,0.1087866108786611,0.94,0.91,0.9,0.93,0.004,0.25030580316217815,0.4202293523716336,0.30152901581089075,0.0,1.0,0.0,1.0,1.0,1.0,0.92,0.0,0.05,apparent spirit-like effect rejected by non-coercion gate,0.76986,0.546,0.0,1.0,1.0,0.92,0.0,0.0,0.0,5.1295786998344744e-05,0.0,5.1295786998362125e-05,0.0,0.0,0.0,0.0,False
coercive_pseudo_spirit,27,0.11297071129707113,0.94,0.91,0.9,0.93,0.004,0.2506632588103955,0.4204974441077966,0.3033162940519774,0.0,1.0,0.0,1.0,1.0,1.0,0.92,0.0,0.05,apparent spirit-like effect rejected by non-coercion gate,0.76986,0.546,0.0,1.0,1.0,0.92,0.0,0.0,0.0,5.16665244986294e-05,0.0,5.166652449861697e-05,0.0,0.0,0.0,0.0,False
coercive_pseudo_spirit,28,0.11715481171548117,0.94,0.91,0.9,0.93,0.004,0.2511547127143403,0.4208660345357552,0.30577356357170166,0.0,1.0,0.0,1.0,1.0,1.0,0.92,0.0,0.05,apparent spirit-like effect rejected by non-coercion gate,0.76986,0.546,0.0,1.0,1.0,0.92,0.0,0.0,0.0,5.217750884539444e-05,0.0,5.2177508845341336e-05,0.0,0.0,0.0,0.0,False
coercive_pseudo_spirit,29,0.12133891213389121,0.94,0.91,0.9,0.93,0.004,0.25177821154666974,0.4213336586600023,0.3088910577333487,0.0,1.0,0.0,1.0,1.0,1.0,0.92,0.0,0.05,apparent spirit-like effect rejected by non-coercion gate,0.76986,0.546,0.0,1.0,1.0,0.92,0.0,0.0,0.0,5.282790072001361e-05,0.0,5.282790072003163e-05,0.0,0.0,0.0,0.0,False
coercive_pseudo_spirit,30,0.12552301255230125,0.94,0.91,0.9,0.93,0.004,0.2525318019800407,0.42189885148503053,0.31265900990020357,0.0,1.0,0.0,1.0,1.0,1.0,0.92,0.0,0.05,apparent spirit-like effect rejected by non-coercion gate,0.76986,0.546,0.0,1.0,1.0,0.92,0.0,0.0,0.0,5.361715189353311e-05,0.0,5.361715189355909e-05,0.0,0.0,0.0,0.0,False
coercive_pseudo_spirit,31,0.1297071129707113,0.94,0.91,0.9,0.93,0.004,0.2534135306871103,0.4225601480153327,0.3170676534355516,0.0,1.0,0.0,1.0,1.0,1.0,0.92,0.0,0.05,apparent spirit-like effect rejected by non-coercion gate,0.76986,0.546,0.0,1.0,1.0,0.92,0.0,0.0,0.0,5.454498920623164e-05,0.0,5.454498920620665e-05,0.0,0.0,0.0,0.0,False
coercive_pseudo_spirit,32,0.13389121338912133,0.94,0.91,0.9,0.93,0.004,0.25442144434053554,0.42331608325540165,0.3221072217026778,0.0,1.0,0.0,1.0,1.0,1.0,0.92,0.0,0.05,apparent spirit-like effect rejected by non-coercion gate,0.76986,0.546,0.0,1.0,1.0,0.92,0.0,0.0,0.0,5.561139871678723e-05,0.0,5.561139871679277e-05,0.0,0.0,0.0,0.0,False
coercive_pseudo_spirit,33,0.13807531380753138,0.94,0.91,0.9,0.93,0.004,0.2555535896129735,0.4241651922097301,0.3277679480648675,0.0,1.0,0.0,1.0,1.0,1.0,0.92,0.0,0.05,apparent spirit-like effect rejected by non-coercion gate,0.76986,0.546,0.0,1.0,1.0,0.92,0.0,0.0,0.0,5.6816610031747325e-05,0.0,5.6816610031762416e-05,0.0,0.0,0.0,0.0,False
coercive_pseudo_spirit,34,0.14225941422594143,0.94,0.91,0.9,0.93,0.004,0.25680801317708113,0.42510600988281083,0.33404006588540575,0.0,1.0,0.0,1.0,1.0,1.0,0.92,0.0,0.05,apparent spirit-like effect rejected by non-coercion gate,0.76986,0.546,0.0,1.0,1.0,0.92,0.0,0.0,0.0,5.816108082557987e-05,0.0,5.816108082556948e-05,0.0,0.0,0.0,0.0,False
coercive_pseudo_spirit,35,0.14644351464435146,0.94,0.91,0.9,0.93,0.004,0.2581827617055155,0.42613707127913664,0.3409138085275777,0.0,1.0,0.0,1.0,1.0,1.0,0.92,0.0,0.05,apparent spirit-like effect rejected by non-coercion gate,0.76986,0.546,0.0,1.0,1.0,0.92,0.0,0.0,0.0,5.964548156111489e-05,0.0,5.964548156112137e-05,0.0,0.0,0.0,0.0,False
coercive_pseudo_spirit,36,0.1506276150627615,0.94,0.91,0.9,0.93,0.004,0.2596758818709337,0.42725691140320027,0.34837940935466855,0.0,1.0,0.0,1.0,1.0,1.0,0.92,0.0,0.05,apparent spirit-like effect rejected by non-coercion gate,0.76986,0.546,0.0,1.0,1.0,0.92,0.0,0.0,0.0,6.127068041967317e-05,0.0,6.127068041972272e-05,0.0,0.0,0.0,0.0,False
coercive_pseudo_spirit,37,0.15481171548117154,0.94,0.91,0.9,0.93,0.004,0.2612854203459927,0.4284640652594945,0.3564271017299635,0.0,1.0,0.0,1.0,1.0,1.0,0.92,0.0,0.05,apparent spirit-like effect rejected by non-coercion gate,0.76986,0.546,0.0,1.0,1.0,0.92,0.0,0.0,0.0,6.303772844963243e-05,0.0,6.303772844962197e-05,0.0,0.0,0.0,0.0,False
coercive_pseudo_spirit,38,0.1589958158995816,0.94,0.91,0.9,0.93,0.004,0.2630094238033496,0.42975706785251216,0.3650471190167477,0.0,1.0,0.0,1.0,1.0,1.0,0.92,0.0,0.05,apparent spirit-like effect rejected by non-coercion gate,0.76986,0.546,0.0,1.0,1.0,0.92,0.0,0.0,0.0,6.494784494161024e-05,0.0,6.494784494159855e-05,0.0,0.0,0.0,0.0,False
coercive_pseudo_spirit,39,0.16317991631799164,0.94,0.91,0.9,0.93,0.004,0.26484593891566127,0.43113445418674595,0.3742296945783064,0.0,1.0,0.0,1.0,1.0,1.0,0.92,0.0,0.05,apparent spirit-like effect rejected by non-coercion gate,0.76986,0.546,0.0,1.0,1.0,0.92,0.0,0.0,0.0,6.700240303785619e-05,0.0,6.700240303780802e-05,0.0,0.0,0.0,0.0,False
coercive_pseudo_spirit,40,0.16736401673640167,0.94,0.91,0.9,0.93,0.004,0.2667930123555849,0.43259475926668867,0.38396506177792455,0.0,1.0,0.0,1.0,1.0,1.0,0.92,0.0,0.05,apparent spirit-like effect rejected by non-coercion gate,0.76986,0.546,0.0,1.0,1.0,0.92,0.0,0.0,0.0,6.92029155828513e-05,0.0,6.920291558287772e-05,0.0,0.0,0.0,0.0,False
coercive_pseudo_spirit,41,0.17154811715481172,0.94,0.91,0.9,0.93,0.004,0.2688486907957775,0.4341365180968331,0.3942434539788875,0.0,1.0,0.0,1.0,1.0,1.0,0.92,0.0,0.05,apparent spirit-like effect rejected by non-coercion gate,0.76986,0.546,0.0,1.0,1.0,0.92,0.0,0.0,0.0,7.155102122152182e-05,0.0,7.155102122147206e-05,0.0,0.0,0.0,0.0,False
coercive_pseudo_spirit,42,0.17573221757322174,0.94,0.91,0.9,0.93,0.004,0.27101102090889606,0.43575826568167203,0.4050551045444803,0.0,1.0,0.0,1.0,1.0,1.0,0.92,0.0,0.05,apparent spirit-like effect rejected by non-coercion gate,0.76986,0.546,0.0,1.0,1.0,0.92,0.0,0.0,0.0,7.404847075089011e-05,0.0,7.404847075087595e-05,0.0,0.0,0.0,0.0,False
coercive_pseudo_spirit,43,0.1799163179916318,0.94,0.91,0.9,0.93,0.004,0.27327804936759764,0.4374585370256982,0.41639024683798825,0.0,1.0,0.0,1.0,1.0,1.0,0.92,0.0,0.05,apparent spirit-like effect rejected by non-coercion gate,0.76986,0.546,0.0,1.0,1.0,0.92,0.0,0.0,0.0,7.669711373041894e-05,0.0,7.669711373037291e-05,0.0,0.0,0.0,0.0,False
coercive_pseudo_spirit,44,0.18410041841004185,0.94,0.91,0.9,0.93,0.004,0.2756478228445393,0.43923586713340446,0.42823911422269645,0.0,1.0,0.0,1.0,1.0,1.0,0.92,0.0,0.05,apparent spirit-like effect rejected by non-coercion gate,0.76986,0.546,0.0,1.0,1.0,0.92,0.0,0.0,0.0,7.949888535575856e-05,0.0,7.949888535574434e-05,0.0,0.0,0.0,0.0,False
coercive_pseudo_spirit,45,0.18828451882845187,0.94,0.91,0.9,0.93,0.004,0.278118388012378,0.4410887910092835,0.44059194006189006,0.0,1.0,0.0,1.0,1.0,1.0,0.92,0.0,0.05,apparent spirit-like effect rejected by non-coercion gate,0.76986,0.546,0.0,1.0,1.0,0.92,0.0,0.0,0.0,8.245579360008529e-05,0.0,8.245579360011135e-05,0.0,0.0,0.0,0.0,False
coercive_pseudo_spirit,46,0.19246861924686193,0.94,0.91,0.9,0.93,0.004,0.2806877915437708,0.4430158436578281,0.45343895771885423,0.0,1.0,0.0,1.0,1.0,1.0,0.92,0.0,0.05,apparent spirit-like effect rejected by non-coercion gate,0.76986,0.546,0.0,1.0,1.0,0.92,0.0,0.0,0.0,8.556990662672914e-05,0.0,8.556990662678121e-05,0.0,0.0,0.0,0.0,False
coercive_pseudo_spirit,47,0.19665271966527198,0.94,0.91,0.9,0.93,0.004,0.2833540801113748,0.4450155600835311,0.46677040055687413,0.0,1.0,0.0,1.0,1.0,1.0,0.92,0.0,0.05,apparent spirit-like effect rejected by non-coercion gate,0.76986,0.546,0.0,1.0,1.0,0.92,0.0,0.0,0.0,8.884334047632575e-05,0.0,8.884334047631892e-05,0.0,0.0,0.0,0.0,False
coercive_pseudo_spirit,48,0.200836820083682,0.94,0.91,0.9,0.93,0.004,0.286115300387847,0.4470864752908852,0.48057650193923485,0.0,1.0,0.0,1.0,1.0,1.0,0.92,0.0,0.05,apparent spirit-like effect rejected by non-coercion gate,0.76986,0.546,0.0,1.0,1.0,0.92,0.0,0.0,0.0,9.227824703130177e-05,0.0,9.227824703128551e-05,0.0,0.0,0.0,0.0,False
coercive_pseudo_spirit,49,0.20502092050209206,0.94,0.91,0.9,0.93,0.004,0.28896949904584435,0.4492271242843833,0.4948474952292218,0.0,1.0,0.0,1.0,1.0,1.0,0.92,0.0,0.05,apparent spirit-like effect rejected by non-coercion gate,0.76986,0.546,0.0,1.0,1.0,0.92,0.0,0.0,0.0,9.587680226010508e-05,0.0,9.587680226008644e-05,0.0,0.0,0.0,0.0,False
coercive_pseudo_spirit,50,0.20920502092050208,0.94,0.91,0.9,0.93,0.004,0.291914722758024,0.45143604206851795,0.5095736137901199,0.0,1.0,0.0,1.0,1.0,1.0,0.92,0.0,0.05,apparent spirit-like effect rejected by non-coercion gate,0.76986,0.546,0.0,1.0,1.0,0.92,0.0,0.0,0.0,9.964119474322979e-05,0.0,9.964119474326072e-05,0.0,0.0,0.0,0.0,False
coercive_pseudo_spirit,51,0.21338912133891214,0.94,0.91,0.9,0.93,0.004,0.2949490181970429,0.45371176364778215,0.5247450909852144,0.0,1.0,0.0,1.0,1.0,1.0,0.92,0.0,0.05,apparent spirit-like effect rejected by non-coercion gate,0.76986,0.546,0.0,1.0,1.0,0.92,0.0,0.0,0.0,0.00010357361448275264,0.0,0.00010357361448276592,0.0,0.0,0.0,0.0,False
coercive_pseudo_spirit,52,0.2175732217573222,0.94,0.91,0.9,0.93,0.004,0.2980704320355581,0.4560528240266686,0.5403521601777905,0.0,1.0,0.0,1.0,1.0,1.0,0.92,0.0,0.05,apparent spirit-like effect rejected by non-coercion gate,0.76986,0.546,0.0,1.0,1.0,0.92,0.0,0.0,0.0,0.00010767624199679515,0.0,0.00010767624199681247,0.0,0.0,0.0,0.0,False
coercive_pseudo_spirit,53,0.2217573221757322,0.94,0.91,0.9,0.93,0.004,0.30127701094622666,0.45845775820967,0.5563850547311333,0.0,1.0,0.0,1.0,1.0,1.0,0.92,0.0,0.05,apparent spirit-like effect rejected by non-coercion gate,0.76986,0.546,0.0,1.0,1.0,0.92,0.0,0.0,0.0,0.00011195123770005155,0.0,0.00011195123770002535,0.0,0.0,0.0,0.0,False
coercive_pseudo_spirit,54,0.22594142259414227,0.94,0.91,0.9,0.93,0.004,0.30456680160170563,0.4609251012012792,0.5728340080085281,0.0,1.0,0.0,1.0,1.0,1.0,0.92,0.0,0.05,apparent spirit-like effect rejected by non-coercion gate,0.76986,0.546,0.0,1.0,1.0,0.92,0.0,0.0,0.0,0.00011640073157127036,0.0,0.00011640073157126452,0.0,0.0,0.0,0.0,False
coercive_pseudo_spirit,55,0.2301255230125523,0.94,0.91,0.9,0.93,0.004,0.30793785067465196,0.46345338800598895,0.5896892533732598,0.0,1.0,0.0,1.0,1.0,1.0,0.92,0.0,0.05,apparent spirit-like effect rejected by non-coercion gate,0.76986,0.546,0.0,1.0,1.0,0.92,0.0,0.0,0.0,0.00012102681310835162,0.0,0.00012102681310832697,0.0,0.0,0.0,0.0,False
coercive_pseudo_spirit,56,0.23430962343096234,0.94,0.91,0.9,0.93,0.004,0.31138820483772284,0.4660411536282921,0.6069410241886141,0.0,1.0,0.0,1.0,1.0,1.0,0.92,0.0,0.05,apparent spirit-like effect rejected by non-coercion gate,0.76986,0.546,0.0,1.0,1.0,0.92,0.0,0.0,0.0,0.0001258315215715136,0.0,0.00012583152157152888,0.0,0.0,0.0,0.0,False
coercive_pseudo_spirit,57,0.2384937238493724,0.94,0.91,0.9,0.93,0.004,0.3149159107635751,0.46868693307268133,0.6245795538178756,0.0,1.0,0.0,1.0,1.0,1.0,0.92,0.0,0.05,apparent spirit-like effect rejected by non-coercion gate,0.76986,0.546,0.0,1.0,1.0,0.92,0.0,0.0,0.0,0.00013081683651478928,0.0,0.00013081683651483544,0.0,0.0,0.0,0.0,False
coercive_pseudo_spirit,58,0.24267782426778242,0.94,0.91,0.9,0.93,0.004,0.3185190151248659,0.47138926134364945,0.6425950756243296,0.0,1.0,0.0,1.0,1.0,1.0,0.92,0.0,0.05,apparent spirit-like effect rejected by non-coercion gate,0.76986,0.546,0.0,1.0,1.0,0.92,0.0,0.0,0.0,0.0001359846686059414,0.0,0.0001359846686059818,0.0,0.0,0.0,0.0,False
coercive_pseudo_spirit,59,0.24686192468619247,0.94,0.91,0.9,0.93,0.004,0.32219556459425225,0.47414667344568917,0.6609778229712614,0.0,1.0,0.0,1.0,1.0,1.0,0.92,0.0,0.05,apparent spirit-like effect rejected by non-coercion gate,0.76986,0.546,0.0,1.0,1.0,0.92,0.0,0.0,0.0,0.00014133685073471606,0.0,0.00014133685073469682,0.0,0.0,0.0,0.0,False
coercive_pseudo_spirit,60,0.2510460251046025,0.94,0.91,0.9,0.93,0.004,0.3259436058443912,0.4769577043832934,0.679718029221956,0.0,1.0,0.0,1.0,1.0,1.0,0.92,0.0,0.05,apparent spirit-like effect rejected by non-coercion gate,0.76986,0.546,0.0,1.0,1.0,0.92,0.0,0.0,0.0,0.00014687512940920344,0.0,0.00014687512940925185,0.0,0.0,0.0,0.0,False
coercive_pseudo_spirit,61,0.25523012552301255,0.94,0.91,0.9,0.93,0.004,0.32976118554793976,0.47982088916095483,0.6988059277396989,0.0,1.0,0.0,1.0,1.0,1.0,0.92,0.0,0.05,apparent spirit-like effect rejected by non-coercion gate,0.76986,0.546,0.0,1.0,1.0,0.92,0.0,0.0,0.0,0.00015260115643992692,0.0,0.00015260115643989103,0.0,0.0,0.0,0.0,False
coercive_pseudo_spirit,62,0.2594142259414226,0.94,0.91,0.9,0.93,0.004,0.33364635037755497,0.4827347627831662,0.7182317518877749,0.0,1.0,0.0,1.0,1.0,1.0,0.92,0.0,0.05,apparent spirit-like effect rejected by non-coercion gate,0.76986,0.546,0.0,1.0,1.0,0.92,0.0,0.0,0.0,0.00015851648091114233,0.0,0.00015851648091114168,0.0,0.0,0.0,0.0,False
coercive_pseudo_spirit,63,0.26359832635983266,0.94,0.91,0.9,0.93,0.004,0.3375971470058939,0.4856978602544204,0.7379857350294694,0.0,1.0,0.0,1.0,1.0,1.0,0.92,0.0,0.05,apparent spirit-like effect rejected by non-coercion gate,0.76986,0.546,0.0,1.0,1.0,0.92,0.0,0.0,0.0,0.00016462254143869435,0.0,0.00016462254143867483,0.0,0.0,0.0,0.0,False
coercive_pseudo_spirit,64,0.26778242677824265,0.94,0.91,0.9,0.93,0.004,0.34161162210561347,0.48870871657921006,0.7580581105280673,0.0,1.0,0.0,1.0,1.0,1.0,0.92,0.0,0.05,apparent spirit-like effect rejected by non-coercion gate,0.76986,0.546,0.0,1.0,1.0,0.92,0.0,0.0,0.0,0.00017092065871364287,0.0,0.0001709206587136025,0.0,0.0,0.0,0.0,False
coercive_pseudo_spirit,65,0.2719665271966527,0.94,0.91,0.9,0.93,0.004,0.3456878223493708,0.4917658667620281,0.778439111746854,0.0,1.0,0.0,1.0,1.0,1.0,0.92,0.0,0.05,apparent spirit-like effect rejected by non-coercion gate,0.76986,0.546,0.0,1.0,1.0,0.92,0.0,0.0,0.0,0.00017741202833074847,0.0,0.00017741202833077008,0.0,0.0,0.0,0.0,False
coercive_pseudo_spirit,66,0.27615062761506276,0.94,0.91,0.9,0.93,0.004,0.3498237944098229,0.4948678458073672,0.7991189720491148,0.0,1.0,0.0,1.0,1.0,1.0,0.92,0.0,0.05,apparent spirit-like effect rejected by non-coercion gate,0.76986,0.546,0.0,1.0,1.0,0.92,0.0,0.0,0.0,0.00018409771390077225,0.0,0.00018409771390082152,0.0,0.0,0.0,0.0,False
coercive_pseudo_spirit,67,0.2803347280334728,0.94,0.91,0.9,0.93,0.004,0.3540175849596269,0.49801318871972017,0.8200879247981345,0.0,1.0,0.0,1.0,1.0,1.0,0.92,0.0,0.05,apparent spirit-like effect rejected by non-coercion gate,0.76986,0.546,0.0,1.0,1.0,0.92,0.0,0.0,0.0,0.00019097864044542574,0.0,0.00019097864044537172,0.0,0.0,0.0,0.0,False
coercive_pseudo_spirit,68,0.28451882845188287,0.94,0.91,0.9,0.93,0.004,0.35826724067143967,0.5012004305035798,0.8413362033571985,0.0,1.0,0.0,1.0,1.0,1.0,0.92,0.0,0.05,apparent spirit-like effect rejected by non-coercion gate,0.76986,0.546,0.0,1.0,1.0,0.92,0.0,0.0,0.0,0.00019805558807367904,0.0,0.00019805558807373114,0.0,0.0,0.0,0.0,False
coercive_pseudo_spirit,69,0.28870292887029286,0.94,0.91,0.9,0.93,0.004,0.3625708082179183,0.5044281061634387,0.8628540410895915,0.0,1.0,0.0,1.0,1.0,1.0,0.92,0.0,0.05,apparent spirit-like effect rejected by non-coercion gate,0.76986,0.546,0.0,1.0,1.0,0.92,0.0,0.0,0.0,0.00020532918593801385,0.0,0.00020532918593796357,0.0,0.0,0.0,0.0,False
coercive_pseudo_spirit,70,0.2928870292887029,0.94,0.91,0.9,0.93,0.004,0.3669263342717199,0.5076947507037899,0.8846316713585995,0.0,1.0,0.0,1.0,1.0,1.0,0.92,0.0,0.05,apparent spirit-like effect rejected by non-coercion gate,0.76986,0.546,0.0,1.0,1.0,0.92,0.0,0.0,0.0,0.000212799906469084,0.0,0.00021279990646905222,0.0,0.0,0.0,0.0,False
coercive_pseudo_spirit,71,0.29707112970711297,0.94,0.91,0.9,0.93,0.004,0.37133186550550146,0.5109988991291261,0.9066593275275072,0.0,1.0,0.0,1.0,1.0,1.0,0.92,0.0,0.05,apparent spirit-like effect rejected by non-coercion gate,0.76986,0.546,0.0,1.0,1.0,0.92,0.0,0.0,0.0,0.00022046805988712836,0.0,0.00022046805988718,0.0,0.0,0.0,0.0,False
coercive_pseudo_spirit,72,0.301255230125523,0.94,0.91,0.9,0.93,0.004,0.37578544859192,0.51433908644394,0.9289272429595998,0.0,1.0,0.0,1.0,1.0,1.0,0.92,0.0,0.05,apparent spirit-like effect rejected by non-coercion gate,0.76986,0.546,0.0,1.0,1.0,0.92,0.0,0.0,0.0,0.00022833378898836086,0.0,0.0002283337889883441,0.0,0.0,0.0,0.0,False
coercive_pseudo_spirit,73,0.3054393305439331,0.94,0.91,0.9,0.93,0.004,0.3802851302036325,0.5177138476527243,0.9514256510181627,0.0,1.0,0.0,1.0,1.0,1.0,0.92,0.0,0.05,apparent spirit-like effect rejected by non-coercion gate,0.76986,0.546,0.0,1.0,1.0,0.92,0.0,0.0,0.0,0.00023639706420444675,0.0,0.00023639706420441886,0.0,0.0,0.0,0.0,False
coercive_pseudo_spirit,74,0.30962343096234307,0.94,0.91,0.9,0.93,0.004,0.384828957013296,0.5211217177599721,0.9741447850664802,0.0,1.0,0.0,1.0,1.0,1.0,0.92,0.0,0.05,apparent spirit-like effect rejected by non-coercion gate,0.76986,0.546,0.0,1.0,1.0,0.92,0.0,0.0,0.0,0.0002446576789330587,0.0,0.0002446576789331134,0.0,0.0,0.0,0.0,False
coercive_pseudo_spirit,75,0.3138075313807531,0.94,0.91,0.9,0.93,0.004,0.38941497569356776,0.5245612317701758,0.9970748784678387,0.0,1.0,0.0,1.0,1.0,1.0,0.92,0.0,0.05,apparent spirit-like effect rejected by non-coercion gate,0.76986,0.546,0.0,1.0,1.0,0.92,0.0,0.0,0.0,0.00025311524513739995,0.0,0.0002531152451373808,0.0,0.0,0.0,0.0,False
coercive_pseudo_spirit,76,0.3179916317991632,0.94,0.91,0.9,0.93,0.004,0.39404123291710447,0.5280309246878283,1.0202061645855223,0.0,1.0,0.0,1.0,1.0,1.0,0.92,0.0,0.05,apparent spirit-like effect rejected by non-coercion gate,0.76986,0.546,0.0,1.0,1.0,0.92,0.0,0.0,0.0,0.00026176918921246836,0.0,0.0002617691892125018,0.0,0.0,0.0,0.0,False
coercive_pseudo_spirit,77,0.32217573221757323,0.94,0.91,0.9,0.93,0.004,0.39870577535656343,0.5315293315174225,1.043528876782817,0.0,1.0,0.0,1.0,1.0,1.0,0.92,0.0,0.05,apparent spirit-like effect rejected by non-coercion gate,0.76986,0.546,0.0,1.0,1.0,0.92,0.0,0.0,0.0,0.0002706187481157412,0.0,0.0002706187481157363,0.0,0.0,0.0,0.0,False
coercive_pseudo_spirit,78,0.3263598326359833,0.94,0.91,0.9,0.93,0.004,0.4034066496846015,0.5350549872634511,1.0670332484230076,0.0,1.0,0.0,1.0,1.0,1.0,0.92,0.0,0.05,apparent spirit-like effect rejected by non-coercion gate,0.76986,0.546,0.0,1.0,1.0,0.92,0.0,0.0,0.0,0.00027966296575985465,0.0,0.0002796629657598748,0.0,0.0,0.0,0.0,False
coercive_pseudo_spirit,79,0.3305439330543933,0.94,0.91,0.9,0.93,0.004,0.40814190257387584,0.5386064269304068,1.0907095128693791,0.0,1.0,0.0,1.0,1.0,1.0,0.92,0.0,0.05,apparent spirit-like effect rejected by non-coercion gate,0.76986,0.546,0.0,1.0,1.0,0.92,0.0,0.0,0.0,0.0002889006896647645,0.0,0.0002889006896648061,0.0,0.0,0.0,0.0,False
coercive_pseudo_spirit,80,0.33472803347280333,0.94,0.91,0.9,0.93,0.004,0.41290958069704337,0.5421821855227825,1.1145479034852168,0.0,1.0,0.0,1.0,1.0,1.0,0.92,0.0,0.05,apparent spirit-like effect rejected by non-coercion gate,0.76986,0.546,0.0,1.0,1.0,0.92,0.0,0.0,0.0,0.00029833056786678726,0.0,0.0002983305678667669,0.0,0.0,0.0,0.0,False
coercive_pseudo_spirit,81,0.3389121338912134,0.94,0.91,0.9,0.93,0.004,0.41770773072676126,0.5457807980450708,1.1385386536338062,0.0,1.0,0.0,1.0,1.0,1.0,0.92,0.0,0.05,apparent spirit-like effect rejected by non-coercion gate,0.76986,0.546,0.0,1.0,1.0,0.92,0.0,0.0,0.0,0.00030795104608183767,0.0,0.00030795104608183355,0.0,0.0,0.0,0.0,False
coercive_pseudo_spirit,82,0.34309623430962344,0.94,0.91,0.9,0.93,0.004,0.42253439933568643,0.5494007995017648,1.162671996678432,0.0,1.0,0.0,1.0,1.0,1.0,0.92,0.0,0.05,apparent spirit-like effect rejected by non-coercion gate,0.76986,0.546,0.0,1.0,1.0,0.92,0.0,0.0,0.0,0.0003177603651201084,0.0,0.0003177603651201011,0.0,0.0,0.0,0.0,False
coercive_pseudo_spirit,83,0.3472803347280335,0.94,0.91,0.9,0.93,0.004,0.4273876331964759,0.5530407248973569,1.1869381659823794,0.0,1.0,0.0,1.0,1.0,1.0,0.92,0.0,0.05,apparent spirit-like effect rejected by non-coercion gate,0.76986,0.546,0.0,1.0,1.0,0.92,0.0,0.0,0.0,0.00032775655854936785,0.0,0.0003277565585493303,0.0,0.0,0.0,0.0,False
coercive_pseudo_spirit,84,0.3514644351464435,0.94,0.91,0.9,0.93,0.004,0.4322654789817867,0.55669910923634,1.2113273949089334,0.0,1.0,0.0,1.0,1.0,1.0,0.92,0.0,0.05,apparent spirit-like effect rejected by non-coercion gate,0.76986,0.546,0.0,1.0,1.0,0.92,0.0,0.0,0.0,0.0003379374506039926,0.0,0.0003379374506039534,0.0,0.0,0.0,0.0,False
coercive_pseudo_spirit,85,0.35564853556485354,0.94,0.91,0.9,0.93,0.004,0.4371659833642761,0.5603744875232071,1.2358299168213804,0.0,1.0,0.0,1.0,1.0,1.0,0.92,0.0,0.05,apparent spirit-like effect rejected by non-coercion gate,0.76986,0.546,0.0,1.0,1.0,0.92,0.0,0.0,0.0,0.00034830065433680025,0.0,0.00034830065433677504,0.0,0.0,0.0,0.0,False
coercive_pseudo_spirit,86,0.3598326359832636,0.94,0.91,0.9,0.93,0.004,0.4420871930166008,0.5640653947624505,1.260435965083004,0.0,1.0,0.0,1.0,1.0,1.0,0.92,0.0,0.05,apparent spirit-like effect rejected by non-coercion gate,0.76986,0.546,0.0,1.0,1.0,0.92,0.0,0.0,0.0,0.0003588435700106978,0.0,0.0003588435700107029,0.0,0.0,0.0,0.0,False
coercive_pseudo_spirit,87,0.36401673640167365,0.94,0.91,0.9,0.93,0.004,0.44702715461141806,0.5677703659585636,1.2851357730570903,0.0,1.0,0.0,1.0,1.0,1.0,0.92,0.0,0.05,apparent spirit-like effect rejected by non-coercion gate,0.76986,0.546,0.0,1.0,1.0,0.92,0.0,0.0,0.0,0.000369563383727133,0.0,0.00036956338372717834,0.0,0.0,0.0,0.0,False
coercive_pseudo_spirit,88,0.3682008368200837,0.94,0.91,0.9,0.93,0.004,0.4519839148213848,0.5714879361160385,1.3099195741069238,0.0,1.0,0.0,1.0,1.0,1.0,0.92,0.0,0.05,apparent spirit-like effect rejected by non-coercion gate,0.76986,0.546,0.0,1.0,1.0,0.92,0.0,0.0,0.0,0.00038045706628829506,0.0,0.0003804570662883089,0.0,0.0,0.0,0.0,False
coercive_pseudo_spirit,89,0.3723849372384937,0.94,0.91,0.9,0.93,0.004,0.456955520319158,0.5752166402393685,1.33477760159579,0.0,1.0,0.0,1.0,1.0,1.0,0.92,0.0,0.05,apparent spirit-like effect rejected by non-coercion gate,0.76986,0.546,0.0,1.0,1.0,0.92,0.0,0.0,0.0,0.0003915213722899957,0.0,0.0003915213722900379,0.0,0.0,0.0,0.0,False
coercive_pseudo_spirit,90,0.37656903765690375,0.94,0.91,0.9,0.93,0.004,0.4619400177773949,0.5789550133330461,1.3597000888869746,0.0,1.0,0.0,1.0,1.0,1.0,0.92,0.0,0.05,apparent spirit-like effect rejected by non-coercion gate,0.76986,0.546,0.0,1.0,1.0,0.92,0.0,0.0,0.0,0.00040275283944214767,0.0,0.00040275283944213314,0.0,0.0,0.0,0.0,False
coercive_pseudo_spirit,91,0.3807531380753138,0.94,0.91,0.9,0.93,0.004,0.46693545386875235,0.5827015904015642,1.384677269343762,0.0,1.0,0.0,1.0,1.0,1.0,0.92,0.0,0.05,apparent spirit-like effect rejected by non-coercion gate,0.76986,0.546,0.0,1.0,1.0,0.92,0.0,0.0,0.0,0.0004141477881137415,0.0,0.0004141477881137723,0.0,0.0,0.0,0.0,False
coercive_pseudo_spirit,92,0.38493723849372385,0.94,0.91,0.9,0.93,0.004,0.47193987526588754,0.5864549064494157,1.4096993763294379,0.0,1.0,0.0,1.0,1.0,1.0,0.92,0.0,0.05,apparent spirit-like effect rejected by non-coercion gate,0.76986,0.546,0.0,1.0,1.0,0.92,0.0,0.0,0.0,0.00042570232109923815,0.0,0.0004257023210992861,0.0,0.0,0.0,0.0,False
coercive_pseudo_spirit,93,0.3891213389121339,0.94,0.91,0.9,0.93,0.004,0.4769513286414574,0.590213496481093,1.434756643207287,0.0,1.0,0.0,1.0,1.0,1.0,0.92,0.0,0.05,apparent spirit-like effect rejected by non-coercion gate,0.76986,0.546,0.0,1.0,1.0,0.92,0.0,0.0,0.0,0.0004374123236032822,0.0,0.0004374123236032812,0.0,0.0,0.0,0.0,False
coercive_pseudo_spirit,94,0.39330543933054396,0.94,0.91,0.9,0.93,0.004,0.4819678606681189,0.5939758955010892,1.4598393033405948,0.0,1.0,0.0,1.0,1.0,1.0,0.92,0.0,0.05,apparent spirit-like effect rejected by non-coercion gate,0.76986,0.546,0.0,1.0,1.0,0.92,0.0,0.0,0.0,0.0004492734634406728,0.0,0.0004492734634407025,0.0,0.0,0.0,0.0,False
coercive_pseudo_spirit,95,0.39748953974895396,0.94,0.91,0.9,0.93,0.004,0.48698751801852913,0.5977406385138968,1.4849375900926458,0.0,1.0,0.0,1.0,1.0,1.0,0.92,0.0,0.05,apparent spirit-like effect rejected by non-coercion gate,0.76986,0.546,0.0,1.0,1.0,0.92,0.0,0.0,0.0,0.0004612811914485395,0.0,0.00046128119144850377,0.0,0.0,0.0,0.0,False
coercive_pseudo_spirit,96,0.401673640167364,0.94,0.91,0.9,0.93,0.004,0.49200834736534516,0.6015062605240089,1.5100417368267258,0.0,1.0,0.0,1.0,1.0,1.0,0.92,0.0,0.05,apparent spirit-like effect rejected by non-coercion gate,0.76986,0.546,0.0,1.0,1.0,0.92,0.0,0.0,0.0,0.0004734307421077006,0.0,0.0004734307421077055,0.0,0.0,0.0,0.0,False
coercive_pseudo_spirit,97,0.40585774058577406,0.94,0.91,0.9,0.93,0.004,0.49702839538122406,0.605271296535918,1.5351419769061203,0.0,1.0,0.0,1.0,1.0,1.0,0.92,0.0,0.05,apparent spirit-like effect rejected by non-coercion gate,0.76986,0.546,0.0,1.0,1.0,0.92,0.0,0.0,0.0,0.00048571713437021904,0.0,0.00048571713437017827,0.0,0.0,0.0,0.0,False
coercive_pseudo_spirit,98,0.4100418410041841,0.94,0.91,0.9,0.93,0.004,0.5020457087388227,0.609034281554117,1.5602285436941137,0.0,1.0,0.0,1.0,1.0,1.0,0.92,0.0,0.05,apparent spirit-like effect rejected by non-coercion gate,0.76986,0.546,0.0,1.0,1.0,0.92,0.0,0.0,0.0,0.0004981351726902049,0.0,0.0004981351726901506,0.0,0.0,0.0,0.0,False
coercive_pseudo_spirit,99,0.41422594142259417,0.94,0.91,0.9,0.93,0.004,0.5070583341107984,0.6127937505830987,1.585291670553992,0.0,1.0,0.0,1.0,1.0,1.0,0.92,0.0,0.05,apparent spirit-like effect rejected by non-coercion gate,0.76986,0.546,0.0,1.0,1.0,0.92,0.0,0.0,0.0,0.0005106794482549656,0.0,0.0005106794482550026,0.0,0.0,0.0,0.0,False
coercive_pseudo_spirit,100,0.41841004184100417,0.94,0.91,0.9,0.93,0.004,0.5120643181698079,0.6165482386273559,1.6103215908490394,0.0,1.0,0.0,1.0,1.0,1.0,0.92,0.0,0.05,apparent spirit-like effect rejected by non-coercion gate,0.76986,0.546,0.0,1.0,1.0,0.92,0.0,0.0,0.0,0.000523344340413648,0.0,0.0005233443404136784,0.0,0.0,0.0,0.0,False
coercive_pseudo_spirit,101,0.4225941422594142,0.94,0.91,0.9,0.93,0.004,0.5170617075885082,0.6202962806913812,1.6353085379425412,0.0,1.0,0.0,1.0,1.0,1.0,0.92,0.0,0.05,apparent spirit-like effect rejected by non-coercion gate,0.76986,0.546,0.0,1.0,1.0,0.92,0.0,0.0,0.0,0.0005361240183005809,0.0,0.00053612401830061,0.0,0.0,0.0,0.0,False
coercive_pseudo_spirit,102,0.42677824267782427,0.94,0.91,0.9,0.93,0.004,0.5220485490395568,0.6240364117796675,1.660242745197784,0.0,1.0,0.0,1.0,1.0,1.0,0.92,0.0,0.05,apparent spirit-like effect rejected by non-coercion gate,0.76986,0.546,0.0,1.0,1.0,0.92,0.0,0.0,0.0,0.000549012442650584,0.0,0.0005490124426505982,0.0,0.0,0.0,0.0,False
coercive_pseudo_spirit,103,0.4309623430962343,0.94,0.91,0.9,0.93,0.004,0.5270228891956101,0.6277671668967075,1.6851144459780503,0.0,1.0,0.0,1.0,1.0,1.0,0.92,0.0,0.05,apparent spirit-like effect rejected by non-coercion gate,0.76986,0.546,0.0,1.0,1.0,0.92,0.0,0.0,0.0,0.0005620033678035642,0.0,0.000562003367803543,0.0,0.0,0.0,0.0,False
coercive_pseudo_spirit,104,0.4351464435146444,0.94,0.91,0.9,0.93,0.004,0.5319827747293258,0.6314870810469942,1.7099138736466286,0.0,1.0,0.0,1.0,1.0,1.0,0.92,0.0,0.05,apparent spirit-like effect rejected by non-coercion gate,0.76986,0.546,0.0,1.0,1.0,0.92,0.0,0.0,0.0,0.0005750903438958186,0.0,0.000575090343895801,0.0,0.0,0.0,0.0,False
coercive_pseudo_spirit,105,0.4393305439330544,0.94,0.91,0.9,0.93,0.004,0.5369262523133602,0.6351946892350201,1.734631261566801,0.0,1.0,0.0,1.0,1.0,1.0,0.92,0.0,0.05,apparent spirit-like effect rejected by non-coercion gate,0.76986,0.546,0.0,1.0,1.0,0.92,0.0,0.0,0.0,0.0005882667192354909,0.0,0.0005882667192355084,0.0,0.0,0.0,0.0,False
coercive_pseudo_spirit,106,0.4435146443514644,0.94,0.91,0.9,0.93,0.004,0.5418513686203708,0.638888526465278,1.759256843101854,0.0,1.0,0.0,1.0,1.0,1.0,0.92,0.0,0.05,apparent spirit-like effect rejected by non-coercion gate,0.76986,0.546,0.0,1.0,1.0,0.92,0.0,0.0,0.0,0.0006015256428597586,0.0,0.0006015256428597571,0.0,0.0,0.0,0.0,False
coercive_pseudo_spirit,107,0.4476987447698745,0.94,0.91,0.9,0.93,0.004,0.5467561703230146,0.642567127742261,1.7837808516150735,0.0,1.0,0.0,1.0,1.0,1.0,0.92,0.0,0.05,apparent spirit-like effect rejected by non-coercion gate,0.76986,0.546,0.0,1.0,1.0,0.92,0.0,0.0,0.0,0.0006148600672713584,0.0,0.0006148600672714055,0.0,0.0,0.0,0.0,False
coercive_pseudo_spirit,108,0.45188284518828453,0.94,0.91,0.9,0.93,0.004,0.5516387040939487,0.6462290280704615,1.8081935204697432,0.0,1.0,0.0,1.0,1.0,1.0,0.92,0.0,0.05,apparent spirit-like effect rejected by non-coercion gate,0.76986,0.546,0.0,1.0,1.0,0.92,0.0,0.0,0.0,0.0006282627513521731,0.0,0.0006282627513521932,0.0,0.0,0.0,0.0,False
coercive_pseudo_spirit,109,0.4560669456066946,0.94,0.91,0.9,0.93,0.004,0.55649701660583,0.6498727624543724,1.8324850830291497,0.0,1.0,0.0,1.0,1.0,1.0,0.92,0.0,0.05,apparent spirit-like effect rejected by non-coercion gate,0.76986,0.546,0.0,1.0,1.0,0.92,0.0,0.0,0.0,0.0006417262634516778,0.0,0.000641726263451714,0.0,0.0,0.0,0.0,False
coercive_pseudo_spirit,110,0.4602510460251046,0.94,0.91,0.9,0.93,0.004,0.5613291545313154,0.6534968658984865,1.8566457726565768,0.0,1.0,0.0,1.0,1.0,1.0,0.92,0.0,0.05,apparent spirit-like effect rejected by non-coercion gate,0.76986,0.546,0.0,1.0,1.0,0.92,0.0,0.0,0.0,0.00065524298464813,0.0,0.0006552429846481411,0.0,0.0,0.0,0.0,False
coercive_pseudo_spirit,111,0.46443514644351463,0.94,0.91,0.9,0.93,0.004,0.5661331645430621,0.6570998734072966,1.8806658227153106,0.0,1.0,0.0,1.0,1.0,1.0,0.92,0.0,0.05,apparent spirit-like effect rejected by non-coercion gate,0.76986,0.546,0.0,1.0,1.0,0.92,0.0,0.0,0.0,0.0006688051121804793,0.0,0.0006688051121804817,0.0,0.0,0.0,0.0,False
coercive_pseudo_spirit,112,0.4686192468619247,0.94,0.91,0.9,0.93,0.004,0.5709070933137272,0.6606803199852953,1.9045354665686358,0.0,1.0,0.0,1.0,1.0,1.0,0.92,0.0,0.05,apparent spirit-like effect rejected by non-coercion gate,0.76986,0.546,0.0,1.0,1.0,0.92,0.0,0.0,0.0,0.0006824046630490681,0.0,0.0006824046630490299,0.0,0.0,0.0,0.0,False
coercive_pseudo_spirit,113,0.47280334728033474,0.94,0.91,0.9,0.93,0.004,0.5756489875159676,0.6642367406369756,1.9282449375798378,0.0,1.0,0.0,1.0,1.0,1.0,0.92,0.0,0.05,apparent spirit-like effect rejected by non-coercion gate,0.76986,0.546,0.0,1.0,1.0,0.92,0.0,0.0,0.0,0.0006960334777832855,0.0,0.0006960334777832422,0.0,0.0,0.0,0.0,False
coercive_pseudo_spirit,114,0.4769874476987448,0.94,0.91,0.9,0.93,0.004,0.5803568938224404,0.6677676703668303,1.951784469112202,0.0,1.0,0.0,1.0,1.0,1.0,0.92,0.0,0.05,apparent spirit-like effect rejected by non-coercion gate,0.76986,0.546,0.0,1.0,1.0,0.92,0.0,0.0,0.0,0.0007096832243744356,0.0,0.00070968322437448,0.0,0.0,0.0,0.0,False
coercive_pseudo_spirit,115,0.4811715481171548,0.94,0.91,0.9,0.93,0.004,0.5850288589058026,0.6712716441793518,1.9751442945290127,0.0,1.0,0.0,1.0,1.0,1.0,0.92,0.0,0.05,apparent spirit-like effect rejected by non-coercion gate,0.76986,0.546,0.0,1.0,1.0,0.92,0.0,0.0,0.0,0.0007233454023721713,0.0,0.0007233454023721775,0.0,0.0,0.0,0.0,False
coercive_pseudo_spirit,116,0.48535564853556484,0.94,0.91,0.9,0.93,0.004,0.589662929438711,0.6747471970790333,1.9983146471935556,0.0,1.0,0.0,1.0,1.0,1.0,0.92,0.0,0.05,apparent spirit-like effect rejected by non-coercion gate,0.76986,0.546,0.0,1.0,1.0,0.92,0.0,0.0,0.0,0.0007370113471429586,0.0,0.0007370113471429907,0.0,0.0,0.0,0.0,False
coercive_pseudo_spirit,117,0.4895397489539749,0.94,0.91,0.9,0.93,0.004,0.5942571520938233,0.6781928640703674,2.0212857604691163,0.0,1.0,0.0,1.0,1.0,1.0,0.92,0.0,0.05,apparent spirit-like effect rejected by non-coercion gate,0.76986,0.546,0.0,1.0,1.0,0.92,0.0,0.0,0.0,0.0007506722342891165,0.0,0.0007506722342891514,0.0,0.0,0.0,0.0,False
coercive_pseudo_spirit,118,0.49372384937238495,0.94,0.91,0.9,0.93,0.004,0.5988095735437958,0.6816071801578469,2.0440478677189793,0.0,1.0,0.0,1.0,1.0,1.0,0.92,0.0,0.05,apparent spirit-like effect rejected by non-coercion gate,0.76986,0.546,0.0,1.0,1.0,0.92,0.0,0.0,0.0,0.0007643190842270913,0.0,0.0007643190842271386,0.0,0.0,0.0,0.0,False
coercive_pseudo_spirit,119,0.497907949790795,0.94,0.91,0.9,0.93,0.004,0.6033182404612861,0.6849886803459646,2.0665912023064306,0.0,1.0,0.0,1.0,1.0,1.0,0.92,0.0,0.05,apparent spirit-like effect rejected by non-coercion gate,0.76986,0.546,0.0,1.0,1.0,0.92,0.0,0.0,0.0,0.0007779427669237308,0.0,0.0007779427669237782,0.0,0.0,0.0,0.0,False
coercive_pseudo_spirit,120,0.502092050209205,0.94,0.91,0.9,0.93,0.004,0.6077811995189508,0.688335899639213,2.088905997594754,0.0,1.0,0.0,1.0,1.0,1.0,0.92,0.0,0.05,apparent spirit-like effect rejected by non-coercion gate,0.76986,0.546,0.0,1.0,1.0,0.92,0.0,0.0,0.0,0.0007915340067894019,0.0,0.0007915340067894405,0.0,0.0,0.0,0.0,False
coercive_pseudo_spirit,121,0.5062761506276151,0.94,0.91,0.9,0.93,0.004,0.6121964973894473,0.6916473730420855,2.1109824869472362,0.0,1.0,0.0,1.0,1.0,1.0,0.92,0.0,0.05,apparent spirit-like effect rejected by non-coercion gate,0.76986,0.546,0.0,1.0,1.0,0.92,0.0,0.0,0.0,0.0008050833877269349,0.0,0.0008050833877268904,0.0,0.0,0.0,0.0,False
coercive_pseudo_spirit,122,0.5104602510460251,0.94,0.91,0.9,0.93,0.004,0.6165621807454322,0.6949216355590742,2.1328109037271608,0.0,1.0,0.0,1.0,1.0,1.0,0.92,0.0,0.05,apparent spirit-like effect rejected by non-coercion gate,0.76986,0.546,0.0,1.0,1.0,0.92,0.0,0.0,0.0,0.0008185813583354439,0.0,0.0008185813583354573,0.0,0.0,0.0,0.0,False
coercive_pseudo_spirit,123,0.5146443514644351,0.94,0.91,0.9,0.93,0.004,0.6208762962595629,0.6981572221946721,2.1543814812978144,0.0,1.0,0.0,1.0,1.0,1.0,0.92,0.0,0.05,apparent spirit-like effect rejected by non-coercion gate,0.76986,0.546,0.0,1.0,1.0,0.92,0.0,0.0,0.0,0.0008320182372682068,0.0,0.000832018237268195,0.0,0.0,0.0,0.0,False
coercive_pseudo_spirit,124,0.5188284518828452,0.94,0.91,0.9,0.93,0.004,0.6251368906044963,0.7013526679533721,2.1756844530224813,0.0,1.0,0.0,1.0,1.0,1.0,0.92,0.0,0.05,apparent spirit-like effect rejected by non-coercion gate,0.76986,0.546,0.0,1.0,1.0,0.92,0.0,0.0,0.0,0.0008453842187438779,0.0,0.0008453842187439164,0.0,0.0,0.0,0.0,False
coercive_pseudo_spirit,125,0.5230125523012552,0.94,0.91,0.9,0.93,0.004,0.6293420104528895,0.7045065078396671,2.1967100522644474,0.0002717596245875363,1.0,0.00033969953073442033,1.0,1.0,0.999590362330585,0.9197122545151426,0.000327710135532029,0.05,apparent spirit-like effect rejected by non-coercion gate,0.76986,0.546,0.00033969953073442033,1.0,0.999590362330585,0.9194560653417017,0.0,0.0001312358193995945,0.0,0.0008586693782104148,0.0,0.0008586693782104415,0.0,0.0,0.0,0.0,False
coercive_pseudo_spirit,126,0.5271966527196653,0.94,0.91,0.9,0.93,0.004,0.6334897024773993,0.7076172768580495,2.217448512386997,0.0015341071110439827,1.0,0.0019176338888049782,1.0,1.0,0.9976875591340881,0.9183756512941887,0.0018499526927295083,0.05,apparent spirit-like effect rejected by non-coercion gate,0.76986,0.546,0.0019176338888049782,1.0,0.9976875591340881,0.9169315425114972,0.0,0.0007373973347765359,0.0,0.0008718636781612089,0.0,0.0008718636781611666,0.0,0.0,0.0,0.0,False
coercive_pseudo_spirit,127,0.5313807531380753,0.94,0.91,0.9,0.93,0.004,0.6375780133506831,0.7106835100130123,2.2378900667534154,0.0037945786416468522,1.0,0.004743223302058564,1.0,1.0,0.9942802307239882,0.9159822108500211,0.004575815420809439,0.05,apparent spirit-like effect rejected by non-coercion gate,0.76986,0.546,0.004743223302058564,1.0,0.9942802307239882,0.9124195501532656,0.0,0.00180876170925611,0.0,0.0008849569741030212,0.0,0.0008849569741030683,0.0,0.0,0.0,0.0,False
coercive_pseudo_spirit,128,0.5355648535564853,0.94,0.91,0.9,0.93,0.004,0.6416049897453977,0.7137037423090483,2.258024948726989,0.007019166582864772,1.0,0.008773958228580965,1.0,1.0,0.9894196386067112,0.912567941265202,0.008464289114631048,0.05,apparent spirit-like effect rejected by non-coercion gate,0.76986,0.546,0.008773958228580965,1.0,0.9894196386067112,0.9060023382073316,0.0,0.003306052952335859,0.0,0.0008979390206754147,0.0,0.0008979390206753646,0.0,0.0,0.0,0.0,False
coercive_pseudo_spirit,129,0.5397489539748954,0.94,0.91,0.9,0.93,0.004,0.6455686783342002,0.7166765087506501,2.277843391671001,0.01117386330116647,1.0,0.013967329126458084,1.0,1.0,0.9831570442886829,0.9081688506222944,0.01347436456905368,0.05,apparent spirit-like effect rejected by non-coercion gate,0.76986,0.546,0.013967329126458084,1.0,0.9831570442886829,0.8977674021662826,0.0,0.0051820845250868,0.0,0.0009107994779215036,0.0,0.0009107994779214978,0.0,0.0,0.0,0.0,False
coercive_pseudo_spirit,130,0.5439330543933054,0.94,0.91,0.9,0.93,0.004,0.6494671257897475,0.7196003443423107,2.297335628948738,0.016224661163020324,1.0,0.020280826453775404,1.0,1.0,0.9755437092763297,0.9028209470038608,0.01956503257893627,0.05,apparent spirit-like effect rejected by non-coercion gate,0.76986,0.546,0.020280826453775404,1.0,0.9755437092763297,0.8878067839489457,0.0,0.007383380305967241,0.0,0.0009235279177099403,0.0,0.0009235279177098876,0.0,0.0,0.0,0.0,False
coercive_pseudo_spirit,131,0.5481171548117155,0.94,0.91,0.9,0.93,0.004,0.653298378784697,0.7224737840885227,2.3164918939234846,0.022137552534895213,1.0,0.027671940668619013,1.0,1.0,0.966630895076077,0.8965602384924639,0.02669528393913834,0.05,apparent spirit-like effect rejected by non-coercion gate,0.76986,0.546,0.027671940668619013,1.0,0.966630895076077,0.8762163978776307,0.0,0.00985181083089937,0.0,0.000936113830308158,0.0,0.0009361138303081162,0.0,0.0,0.0,0.0,False
coercive_pseudo_spirit,132,0.5523012552301255,0.94,0.91,0.9,0.93,0.004,0.6570604839917051,0.7252953629937788,2.3353024199585257,0.028878529783259423,1.0,0.036098162229074277,1.0,1.0,0.9564698631943516,0.8894227331706666,0.03482410944451871,0.05,apparent spirit-like effect rejected by non-coercion gate,0.76986,0.546,0.036098162229074277,1.0,0.9564698631943516,0.863095381758645,0.0,0.01252620670033967,0.0,0.0009485466311070182,0.0,0.0009485466311069946,0.0,0.0,0.0,0.0,False
coercive_pseudo_spirit,133,0.5564853556485355,0.94,0.91,0.9,0.93,0.004,0.6607514880834295,0.7280636160625721,2.353757440417147,0.03641358527458171,1.0,0.04551698159322713,1.0,1.0,0.9451118751375791,0.8814444391210312,0.043910499889936755,0.05,apparent spirit-like effect rejected by non-coercion gate,0.76986,0.546,0.04551698159322713,1.0,0.9451118751375791,0.8485454730660732,0.0,0.01534391533786752,0.0,0.0009608156674971118,0.0,0.0009608156674970614,0.0,0.0,0.0,0.0,False
coercive_pseudo_spirit,134,0.5606694560669456,0.94,0.91,0.9,0.93,0.004,0.6643694377325269,0.7307770782993952,2.371847188662634,0.04470871137533089,1.0,0.05588588921916361,1.0,1.0,0.9326081924121851,0.8726613644261203,0.053913446070251954,0.05,apparent spirit-like effect rejected by non-coercion gate,0.76986,0.546,0.05588588921916361,1.0,0.9326081924121851,0.8326704102288273,1.0,0.018242271774886614,0.018242271774886614,0.0009729102258970644,0.018242271774886614,0.019197433908030304,0.0,0.044708711330622174,0.04470871133062215,0.0021601105447437963,False
coercive_pseudo_spirit,135,0.5648535564853556,0.94,0.91,0.9,0.93,0.004,0.6679123796116543,0.7334342847087407,2.3895618980582713,0.053729900451975156,1.0,0.06716237556496894,1.0,1.0,0.9190100765245963,0.8631095171684969,0.06479193878032298,0.05,apparent spirit-like effect rejected by non-coercion gate,0.76986,0.5467862802382868,0.06716237556496894,1.0,0.9190100765245963,0.8155753590209658,1.0,0.021190430624951406,0.021190430624951406,0.0009848195389343343,0.021190430624951406,0.02215438141376791,0.0,0.05372990039824525,0.05372990039824521,0.004629810524378993,False
coercive_pseudo_spirit,136,0.5690376569037657,0.94,0.91,0.9,0.93,0.004,0.6713783603934689,0.7360337702951016,2.4068918019673444,0.06344314487098358,1.0,0.07930393108872948,1.0,1.0,0.904368788981238,0.8528249054307233,0.07650496881500961,0.05,apparent spirit-like effect rejected by non-coercion gate,0.76986,0.547685251030874,0.07930393108872948,1.0,0.904368788981238,0.7973663640552784,1.0,0.02411243079510177,0.02411243079510177,0.0009965327927790799,0.02411243079510177,0.02508493475987994,0.0,0.06344314480754043,0.06344314480754043,0.007418798619317471,False
coercive_pseudo_spirit,137,0.5732217573221757,0.94,0.91,0.9,0.93,0.004,0.6747654267506275,0.7385740700629706,2.423827133753137,0.07381443699882427,1.0,0.09226804624853033,1.0,1.0,0.888735591288537,0.8418435372953625,0.08901152696917042,0.05,apparent spirit-like effect rejected by non-coercion gate,0.76986,0.5487004426974316,0.09226804624853033,1.0,0.888735591288537,0.7781498253801428,1.0,0.026954680454618043,0.026954680454618043,0.0010080391346318017,0.026954680454618043,0.027935548216490025,0.0,0.07381443692500983,0.07381443692500977,0.010533257542631316,False
coercive_pseudo_spirit,138,0.5774058577405857,0.94,0.91,0.9,0.93,0.004,0.6780716253557874,0.7410537190168405,2.4403581267789365,0.08480976920196602,1.0,0.10601221150245753,1.0,1.0,0.8721617449529189,0.8302014208449772,0.1022706040376649,0.05,apparent spirit-like effect rejected by non-coercion gate,0.76986,0.5498341057455177,0.10601221150245753,1.0,0.8721617449529189,0.7580320001796452,1.0,0.029667701329594686,0.029667701329594686,0.001019327680365583,0.029667701329594686,0.0306567879007823,0.0,0.08480976911715625,0.08480976911715621,0.013976034798985484,False
coercive_pseudo_spirit,139,0.5815899581589958,0.94,0.91,0.9,0.93,0.004,0.6812950028816055,0.7434712521612041,2.4564750144080274,0.0963951338468778,1.0,0.12049391730859722,1.0,1.0,0.8546985114808092,0.8179345641621294,0.11624119081535261,0.05,apparent spirit-like effect rejected by non-coercion gate,0.76986,0.5510872766668307,0.12049391730859722,1.0,0.8546985114808092,0.7371185295769734,1.0,0.032206797267126885,0.032206797267126885,0.0010303875223238539,0.032206797267126885,0.0332039993074128,0.0,0.09639513375048266,0.0963951337504827,0.017746830836061555,False
coercive_pseudo_spirit,140,0.5857740585774058,0.94,0.91,0.9,0.93,0.004,0.6844336060007388,0.7458252045005541,2.472168030003694,0.10853652330002761,1.0,0.1356706541250345,1.0,1.0,0.8363971523786349,0.8050789753293826,0.1308822780970921,0.05,apparent spirit-like effect rejected by non-coercion gate,0.76986,0.5524598464243263,0.1356706541250345,1.0,0.8363971523786349,0.7155139905410777,1.0,0.034532583306018355,0.034532583306018355,0.0010412077372747466,0.034532583306018355,0.03553783545036682,0.0,0.10853652319149108,0.1085365231914911,0.021842393347206775,False
coercive_pseudo_spirit,141,0.5899581589958159,0.94,0.91,0.9,0.93,0.004,0.6874854813858444,0.7481141110393833,2.487427406929222,0.12119992992788466,1.0,0.1514999124098558,1.0,1.0,0.8173089291528209,0.7916706624292986,0.14615285667774325,0.05,apparent spirit-like effect rejected by non-coercion gate,0.76986,0.5539506311783833,0.1514999124098558,1.0,0.8173089291528209,0.6933214728965957,1.0,0.036611379504662714,0.036611379504662714,0.0010517773945232123,0.036611379504662714,0.037624649877840644,0.0,0.12119992980668472,0.1211999298066847,0.026256716546106017,False
coercive_pseudo_spirit,142,0.5941422594142259,0.94,0.91,0.9,0.93,0.004,0.6904486757095794,0.7503365067821846,2.5022433785478966,0.13435134609691693,1.0,0.16793918262114613,1.0,1.0,0.7974851033097944,0.7777456335444409,0.1620119173521645,0.05,apparent spirit-like effect rejected by non-coercion gate,0.76986,0.5555574448227826,0.16793918262114613,1.0,0.7974851033097944,0.6706421814370535,1.0,0.03841547499056859,0.03841547499056859,0.0010620855641822007,0.03841547499056859,0.039436760033322193,0.0,0.13435134596256557,0.1343513459625656,0.03098124429323402,False
coercive_pseudo_spirit,143,0.5983263598326359,0.94,0.91,0.9,0.93,0.004,0.6933212356446006,0.7524909267334504,2.516606178223003,0.14795676417359327,1.0,0.18494595521699156,1.0,1.0,0.7769769363559808,0.7633398967573719,0.17841845091521538,0.05,apparent spirit-like effect rejected by non-coercion gate,0.76986,0.5572771729227372,0.18494595521699156,1.0,0.7769769363559808,0.6475750631413257,1.0,0.039923268635136296,0.039923268635136296,0.0010721213256043266,0.039923268635136296,0.040952587373049076,0.0,0.14795676402563648,0.1479567640256365,0.03600507600985783,False
coercive_pseudo_spirit,144,0.602510460251046,0.94,0.91,0.9,0.93,0.004,0.6961012078635653,0.754575905897674,2.5305060393178263,0.16198217652438274,1.0,0.2024777206554784,1.0,1.0,0.7558356897978055,0.7484894601506537,0.1953314481617556,0.05,apparent spirit-like effect rejected by non-coercion gate,0.76986,0.5591058476675883,0.2024777206554784,1.0,0.7558356897978055,0.6242164594933715,1.0,0.041119293506916614,0.041119293506916614,0.0010818737759755806,0.041119293506916614,0.04215668139756035,0.0,0.16198217636240056,0.16198217636240053,0.041315174368570566,False
coercive_pseudo_spirit,145,0.606694560669456,0.94,0.91,0.9,0.93,0.004,0.6987866390391303,0.7565899792793477,2.543933195195651,0.17639357551575316,1.0,0.22049196939469143,1.0,1.0,0.7341126251416956,0.7332303318068496,0.2127098998866435,0.05,apparent spirit-like effect rejected by non-coercion gate,0.76986,0.5610387234701597,0.22049196939469143,1.0,0.7341126251416956,0.6006597839052371,1.0,0.04199413288763877,0.04199413288763877,0.0010913320390727574,0.04199413288763877,0.0430396353840381,0.0,0.17639357533935957,0.1763935753393595,0.04689657379988869,False
coercive_pseudo_spirit,146,0.6108786610878661,0.94,0.91,0.9,0.93,0.004,0.7013755758439528,0.7585316818829646,2.5568778792197637,0.19115695351417394,1.0,0.23894619189271743,1.0,1.0,0.711859003894076,0.7175985198085217,0.23051279688473916,0.05,apparent spirit-like effect rejected by non-coercion gate,0.76986,0.5630703528631594,0.23894619189271743,1.0,0.711859003894076,0.5769952242433222,1.0,0.04254423620244428,0.04254423620244428,0.0011004852741864335,0.04254423620244428,0.04359790217118842,0.0,0.19115695332301696,0.19115695332301696,0.0527325889024684,False
coercive_pseudo_spirit,147,0.6150627615062761,0.94,0.91,0.9,0.93,0.004,0.7038660649506898,0.7603995487130173,2.569330324753449,0.2062383028861129,1.0,0.2577978786076411,1.0,1.0,0.6891260875613741,0.7016300322382335,0.2486991299509008,0.05,apparent spirit-like effect rejected by non-coercion gate,0.76986,0.5651946623604985,0.2577978786076411,1.0,0.6891260875613741,0.553309470457923,1.0,0.04277164375659132,0.04277164375659132,0.0011093226852114226,0.04277164375659132,0.043833518887099854,0.0,0.20623830267987456,0.20623830267987453,0.05880502189011885,False
coercive_pseudo_spirit,148,0.6192468619246861,0.94,0.91,0.9,0.93,0.004,0.7062561530319982,0.7621921147739986,2.581280765159991,0.22160361599803893,1.0,0.27700451999754866,1.0,1.0,0.6659651376500149,0.6853608771785471,0.2672278898799881,0.05,apparent spirit-like effect rejected by non-coercion gate,0.76986,0.5674050279680033,0.27700451999754866,1.0,0.6659651376500149,0.5296854673160344,1.0,0.04268362970616769,0.04268362970616769,0.001117833529906822,0.04268362970616769,0.04375375004361082,0.0,0.2216036157764353,0.22160361577643528,0.06509436825213116,False
coercive_pseudo_spirit,149,0.6234309623430963,0.94,0.91,0.9,0.93,0.004,0.7085438867605354,0.7639079150704015,2.592719433802676,0.23721888521642118,1.0,0.29652360652052645,1.0,1.0,0.642427415666424,0.6688270627120247,0.2860580674668608,0.05,apparent spirit-like effect rejected by non-coercion gate,0.76986,0.5696943500437758,0.29652360652052645,1.0,0.642427415666424,0.5062021922374268,0.0,0.042292273225185716,0.0,0.0011260071293278712,0.0,0.0011260071293278662,0.0,0.0,0.0,0.0618396498395246,False
coercive_pseudo_spirit,150,0.6276150627615062,0.94,0.91,0.9,0.93,0.004,0.710727312808958,0.7655454846067185,2.6036365640447894,0.2530501029077274,1.0,0.3163126286346592,1.0,1.0,0.6185641831170287,0.65206459692123,0.3051486535063771,0.05,apparent spirit-like effect rejected by non-coercion gate,0.76986,0.5685096325415869,0.3163126286346592,1.0,0.6185641831170287,0.48293445823399195,0.0,0.04135605247381287,0.0,0.001133832877431997,0.0,0.0011338328774319617,0.0,0.0,0.0,0.05874766734754837,False
coercive_pseudo_spirit,151,0.6317991631799164,0.94,0.91,0.9,0.93,0.004,0.7128044778499232,0.7671033583874423,2.6140223892496155,0.26906326143842696,1.0,0.3363290767980337,1.0,1.0,0.5944267015082535,0.6351094878887245,0.3244586387933972,0.05,apparent spirit-like effect rejected by non-coercion gate,0.76986,0.5673841509145077,0.3363290767980337,1.0,0.5944267015082535,0.45995274195234936,0.0,0.04016658346154163,0.0,0.0011413002508615915,0.0,0.0011413002508615655,0.0,0.0,0.0,0.05581028398017095,False
coercive_pseudo_spirit,152,0.6359832635983264,0.94,0.91,0.9,0.93,0.004,0.7147734285560879,0.768580071417066,2.6238671427804396,0.28522435317498773,1.0,0.3565304414687346,1.0,1.0,0.570066232346526,0.6179977436970718,0.3439470141227792,0.05,apparent spirit-like effect rejected by non-coercion gate,0.76986,0.5663149433687823,0.3565304414687346,1.0,0.570066232346526,0.4373230368197327,0.0,0.03875199501007516,0.0,0.0011483988189061858,0.0,0.00114839881890616,0.0,0.0,0.0,0.0530197697811624,False
coercive_pseudo_spirit,153,0.6401673640167364,0.94,0.91,0.9,0.93,0.004,0.7166322116001095,0.7699741587000821,2.6331610580005473,0.30149937048387854,1.0,0.37687421310484814,1.0,1.0,0.5455340371382713,0.6007653724288345,0.36357277028938295,0.05,apparent spirit-like effect rejected by non-coercion gate,0.76986,0.5652991962003431,0.37687421310484814,1.0,0.5455340371382713,0.41510673129313297,0.0,0.03714224704336876,0.0,0.001155118253646881,0.0,0.0011551182536468918,0.0,0.0,0.0,0.05036878129210428,False
coercive_pseudo_spirit,154,0.6443514644351465,0.94,0.91,0.9,0.93,0.004,0.7183788736546448,0.7712841552409836,2.6418943682732237,0.3178543057315687,1.0,0.39731788216446084,1.0,1.0,0.5208813773899148,0.5834483821665744,0.3832948980880681,0.05,apparent spirit-like effect rejected by non-coercion gate,0.76986,0.5643342363903259,0.39731788216446084,1.0,0.5208813773899148,0.39336051221171686,0.0,0.035368436122702344,0.0,0.0011614483402860264,0.0,0.0011614483402859754,0.0,0.0,0.0,0.047850342227499065,False
coercive_pseudo_spirit,155,0.6485355648535565,0.94,0.91,0.9,0.93,0.004,0.7200114613923507,0.772508596044263,2.6500573069617537,0.3342551512845257,1.0,0.4178189391056571,1.0,1.0,0.4961595146078841,0.5660827809928553,0.40307238831369274,0.05,apparent spirit-like effect rejected by non-coercion gate,0.76986,0.5634175245708096,0.4178189391056571,1.0,0.4961595146078841,0.3721362932525151,0.0,0.033462129837536214,0.0,0.001167378987665338,0.0,0.0011673789876653906,0.0,0.0,0.0,0.04545782511612411,False
coercive_pseudo_spirit,156,0.6527196652719666,0.94,0.91,0.9,0.93,0.004,0.7215280214858846,0.7736460161144134,2.6576401074294225,0.3506678995092193,1.0,0.4383348743865241,1.0,1.0,0.4714197102986033,0.5487045769902384,0.42286423176111737,0.05,apparent spirit-like effect rejected by non-coercion gate,0.76986,0.5625466483422692,0.4383348743865241,1.0,0.4714197102986033,0.35148116848937033,0.0,0.0314547414677207,0.0,0.0011729002389757961,0.0,0.0011729002389757603,0.0,0.0,0.0,0.0431849338603179,False
coercive_pseudo_spirit,157,0.6569037656903766,0.94,0.91,0.9,0.93,0.004,0.7229266006079031,0.7746949504559273,2.6646330030395156,0.36705854277211686,1.0,0.45882317846514603,1.0,1.0,0.4467132259685004,0.5313497782412882,0.4426294192251997,0.05,apparent spirit-like effect rejected by non-coercion gate,0.76986,0.5617193159251558,0.45882317846514603,1.0,0.4467132259685004,0.3314373910551651,0.0,0.029376954825527175,0.0,0.00117800228266286,0.0,0.001178002282662849,0.0,0.0,0.0,0.041025687167302004,False
coercive_pseudo_spirit,158,0.6610878661087866,0.94,0.91,0.9,0.93,0.004,0.7242052454310636,0.7756539340732976,2.6710262271553176,0.3833930734396878,1.0,0.4792413417996097,1.0,1.0,0.4220913231240001,0.5140543928285659,0.46232694150079995,0.05,apparent spirit-like effect rejected by non-coercion gate,0.76986,0.5609333501288979,0.4792413417996097,1.0,0.4220913231240001,0.3120423769073066,0.0,0.027258207568995697,0.0,0.0011826754635307182,0.0,0.0011826754635306802,0.0,0.0,0.0,0.0389744028089369,False
coercive_pseudo_spirit,159,0.6652719665271967,0.94,0.91,0.9,0.93,0.004,0.725362002628023,0.7765215019710172,2.6768100131401145,0.39963748387840087,1.0,0.499546854848001,1.0,1.0,0.39760526327152823,0.4968544288346345,0.4819157893827774,0.05,apparent spirit-like effect rejected by non-coercion gate,0.76986,0.5601866826224531,0.499546854848001,1.0,0.39760526327152823,0.2933287336964884,0.0,0.025126239582970358,0.0,0.001186910294049488,0.0,0.0011869102940494924,0.0,0.0,0.0,0.03702568266849005,False
coercive_pseudo_spirit,160,0.6694560669456067,0.94,0.91,0.9,0.93,0.004,0.726394918871438,0.7772961891535786,2.6819745943571904,0.41575776645472384,1.0,0.5196972080684048,1.0,1.0,0.37330630791751185,0.4797858943420572,0.5013549536659905,0.05,apparent spirit-like effect rejected by non-coercion gate,0.76986,0.5594773484913304,0.5196972080684048,1.0,0.37330630791751185,0.275324314738718,0.0,0.023006711283368293,0.0,0.001190697465869485,0.0,0.001190697465869528,0.0,0.0,0.0,0.03517439853506555,False
coercive_pseudo_spirit,161,0.6736401673640168,0.94,0.91,0.9,0.93,0.004,0.7273020408339663,0.7779765306254747,2.6865102041698314,0.4317199135351264,1.0,0.5396498919189079,1.0,1.0,0.3492457185683757,0.46288479743339567,0.5206034251452994,0.05,apparent spirit-like effect rejected by non-coercion gate,0.76986,0.5588034810667638,0.5396498919189079,1.0,0.3492457185683757,0.25805229809060887,0.0,0.020922894946547744,0.0,0.0011940278615468816,0.0,0.0011940278615468758,0.0,0.0,0.0,0.03341567860831227,False
coercive_pseudo_spirit,162,0.6778242677824268,0.94,0.91,0.9,0.93,0.004,0.7280814151882644,0.7785610613911982,2.6904070759413217,0.447489917486076,1.0,0.559362396857595,1.0,1.0,0.32547475673054727,0.4461871461912137,0.5396201946155622,0.05,apparent spirit-like effect rejected by non-coercion gate,0.76986,0.5581633070134256,0.559362396857595,1.0,0.32547475673054727,0.24153129072794846,0.0,0.018895440431901278,0.0,0.0011968925664852966,0.0,0.0011968925664852526,0.0,0.0,0.0,0.03174489467789666,False
coercive_pseudo_spirit,163,0.6820083682008368,0.94,0.91,0.9,0.93,0.004,0.7287310886069895,0.7790483164552422,2.6936554430349475,0.46303377067404206,1.0,0.5787922133425525,1.0,1.0,0.3020446839104515,0.4297289486980732,0.5583642528716388,0.05,apparent spirit-like effect rejected by non-coercion gate,0.76986,0.5575551416627544,0.5787922133425525,1.0,0.3020446839104515,0.22577545782752595,0.0,0.01694221498434998,0.0,0.0011992828810981008,0.0,0.0011992828810980516,0.0,0.0,0.0,0.030157649944001823,False
coercive_pseudo_spirit,164,0.6861924686192469,0.94,0.91,0.9,0.93,0.004,0.7292491077627987,0.779436830822099,2.6962455388139936,0.4783174654654931,1.0,0.5978968318318664,1.0,1.0,0.2790067616145142,0.4135462130365368,0.5767945907083887,0.05,apparent spirit-like effect rejected by non-coercion gate,0.76986,0.5569773845796167,0.5978968318318664,1.0,0.2790067616145142,0.21079467715223546,0.0,0.015078215205732035,0.0,0.0012011903331964216,0.0,0.0012011903331964335,0.0,0.0,0.0,0.02864976744680173,False
coercive_pseudo_spirit,165,0.6903765690376569,0.94,0.91,0.9,0.93,0.004,0.7296335193283491,0.7797251394962618,2.698167596641745,0.4933069942268973,1.0,0.6166337427836215,1.0,1.0,0.25641225134916223,0.39767494728916764,0.5948701989206702,0.05,apparent spirit-like effect rejected by non-coercion gate,0.76986,0.5564285153506359,0.6166337427836215,1.0,0.25641225134916223,0.1965947185394446,0.0,0.013315547800302835,0.0,0.001202606690608118,0.0,0.0012026066906081212,0.0,0.0,0.0,0.027217279074461642,False
coercive_pseudo_spirit,166,0.694560669456067,0.94,0.91,0.9,0.93,0.004,0.7298823699762975,0.7799117774822231,2.699411849881487,0.5079683493247239,1.0,0.6349604366559048,1.0,1.0,0.23431241462082064,0.38215115953852774,0.6125500683033435,0.05,apparent spirit-like effect rejected by non-coercion gate,0.76986,0.555907089583104,0.6349604366559048,1.0,0.23431241462082064,0.18317744849262974,0.0,0.011663474358091647,0.0,0.0012035239740332184,0.0,0.001203523974033227,0.0,0.0,0.0,0.02585641512073856,False
coercive_pseudo_spirit,167,0.698744769874477,0.94,0.91,0.9,0.93,0.004,0.7299937063793009,0.7799952797844757,2.6999685318965043,0.5222675231254407,1.0,0.6528344039068007,1.0,1.0,0.21275851293591674,0.3670108578671806,0.6297931896512666,0.05,apparent spirit-like effect rejected by non-coercion gate,0.76986,0.5554117351039488,0.6528344039068007,1.0,0.21275851293591674,0.17054105987628415,0.0,0.010128514266856247,0.0,0.001203934470141614,0.0,0.0012039344701416654,0.0,0.0,0.0,0.02456359436470163,False
coercive_pseudo_spirit,168,0.702928870292887,0.94,0.91,0.9,0.93,0.004,0.73,0.78,2.6999999999999997,0.5361705079955168,1.0,0.6702131349943958,1.0,1.0,0.19180180780087563,0.35229005035768823,0.6465585537592995,0.05,apparent spirit-like effect rejected by non-coercion gate,0.76986,0.5549411483487514,0.6702131349943958,1.0,0.19180180780087563,0.15868032671408921,0.0,0.008714598862342,0.0,0.0012039576765210626,0.0,0.0012039576765210391,0.0,0.0,0.0,0.02333541464646655,False
coercive_pseudo_spirit,169,0.7071129707112971,0.94,0.91,0.9,0.93,0.004,0.73,0.78,2.6999999999999997,0.5496432963014211,1.0,0.6870541203767763,1.0,1.0,0.17149356072212274,0.33802474509261304,0.6628051514223018,0.05,apparent spirit-like effect rejected by non-coercion gate,0.76986,0.5544940909313139,0.6870541203767763,1.0,0.17149356072212274,0.14758688409035783,0.0,0.0074232691578637175,0.0,0.0012039576765210626,0.0,0.0012039576765210391,0.0,0.0,0.0,0.02216864391414322,False
coercive_pseudo_spirit,170,0.7112970711297071,0.94,0.91,0.9,0.93,0.004,0.73,0.78,2.6999999999999997,0.5626518804096214,1.0,0.7033148505120268,1.0,1.0,0.15188503320608537,0.32425095015451855,0.6784919734351317,0.05,apparent spirit-like effect rejected by non-coercion gate,0.76986,0.5540693863847481,0.7033148505120268,1.0,0.15188503320608537,0.13724953315474614,0.0,0.006253908954664665,0.0,0.0012039576765210626,0.0,0.0012039576765210391,0.0,0.0,0.0,0.02106021171843606,False
coercive_pseudo_spirit,171,0.7154811715481172,0.94,0.91,0.9,0.93,0.004,0.73,0.78,2.6999999999999997,0.5751622526865873,1.0,0.718952815858234,1.0,1.0,0.13302748675918852,0.3110046736259665,0.6935780105926492,0.05,apparent spirit-like effect rejected by non-coercion gate,0.76986,0.5536659170655107,0.718952815858234,1.0,0.13302748675918852,0.1276545712302296,0.0,0.005204004836811893,0.0,0.0012039576765210626,0.0,0.0012039576765210391,0.0,0.0,0.0,0.020007201132514255,False
coercive_pseudo_spirit,172,0.7196652719665272,0.94,0.91,0.9,0.93,0.004,0.73,0.78,2.6999999999999997,0.5871404054987863,1.0,0.7339255068734828,1.0,1.0,0.11497218288785915,0.2983219235895205,0.7080222536897127,0.05,apparent spirit-like effect rejected by non-coercion gate,0.76986,0.5532826212122351,0.7339255068734828,1.0,0.11497218288785915,0.1187861470243533,0.0,0.004269424506791931,0.0,0.0012039576765210626,0.0,0.0012039576765210391,0.0,0.0,0.0,0.019006841075888542,False
coercive_pseudo_spirit,173,0.7238493723849372,0.94,0.91,0.9,0.93,0.004,0.73,0.78,2.6999999999999997,0.5985523312126878,1.0,0.7481904140158596,1.0,1.0,0.09777038309852226,0.28623870812774244,0.7217836935211822,0.05,apparent spirit-like effect rejected by non-coercion gate,0.76986,0.5529184901516234,0.7481904140158596,1.0,0.09777038309852226,0.1106266409437449,0.0,0.003444705123739063,0.0,0.0012039576765210626,0.0,0.0012039576765210391,0.0,0.0,0.0,0.018056499022094115,False
coercive_pseudo_spirit,174,0.7280334728033473,0.94,0.91,0.9,0.93,0.004,0.73,0.78,2.6999999999999997,0.6093640221947603,1.0,0.7617050277434503,1.0,1.0,0.08147334889760416,0.27479103532319515,0.7348213208819167,0.05,apparent spirit-like effect rejected by non-coercion gate,0.76986,0.5525725656440422,0.7617050277434503,1.0,0.08147334889760416,0.10315707051190044,0.0,0.002723343763213232,0.0,0.0012039576765210626,0.0,0.0012039576765210391,0.0,0.0,0.0,0.01715367407098941,False
coercive_pseudo_spirit,175,0.7322175732217573,0.94,0.91,0.9,0.93,0.004,0.73,0.78,2.6999999999999997,0.6195414708114719,1.0,0.7744268385143398,1.0,1.0,0.06613234179153138,0.2640149132584416,0.7470941265667749,0.05,apparent spirit-like effect rejected by non-coercion gate,0.76986,0.5522439373618401,0.7744268385143398,1.0,0.06613234179153138,0.09635752089023608,0.0,0.0020980828176063826,0.0,0.0012039576765210626,0.0,0.0012039576765210391,0.0,0.0,0.0,0.01629599036743994,False
coercive_pseudo_spirit,176,0.7364016736401674,0.94,0.91,0.9,0.93,0.004,0.73,0.78,2.6999999999999997,0.629050669429292,1.0,0.7863133367866149,1.0,1.0,0.05179862328672913,0.25394635001604393,0.7585611013706167,0.05,apparent spirit-like effect rejected by non-coercion gate,0.76986,0.5519317404937482,0.7863133367866149,1.0,0.05179862328672913,0.09020760050240828,0.0,0.001561184085238805,0.0,0.0012039576765210626,0.0,0.0012039576765210391,0.0,0.0,0.0,0.015481190849067942,False
coercive_pseudo_spirit,177,0.7405857740585774,0.94,0.91,0.9,0.93,0.004,0.73,0.78,2.6999999999999997,0.6378576104146885,1.0,0.7973220130183605,1.0,1.0,0.038523454889624165,0.2446213536785653,0.7691812360883007,0.05,apparent spirit-like effect rejected by non-coercion gate,0.76986,0.5516351534690607,0.7973220130183605,1.0,0.038523454889624165,0.08468692176190391,0.0,0.0011046864328627842,0.0,0.0012039576765210626,0.0,0.0012039576765210391,0.0,0.0,0.0,0.014707131306614545,False
coercive_pseudo_spirit,178,0.7447698744769874,0.94,0.91,0.9,0.93,0.004,0.73,0.78,2.6999999999999997,0.6459282861341302,1.0,0.8074103576676628,1.0,1.0,0.026358098106642025,0.23607593232856805,0.7789135215146864,0.05,apparent spirit-like effect rejected by non-coercion gate,0.76986,0.5513533957956077,0.8074103576676628,1.0,0.026358098106642025,0.07977560690289648,0.0,0.0007206432322452621,0.0,0.0012039576765210626,0.0,0.0012039576765210391,0.0,0.0,0.0,0.013971774741283817,False
coercive_pseudo_spirit,179,0.7489539748953975,0.94,0.91,0.9,0.93,0.004,0.73,0.78,2.6999999999999997,0.6532286889540861,1.0,0.8165358611926076,1.0,1.0,0.01535381444420858,0.22834609404861483,0.7877169484446331,0.05,apparent spirit-like effect rejected by non-coercion gate,0.76986,0.5510857260058273,0.8165358611926076,1.0,0.01535381444420858,0.07545481891437265,0.0,0.0004013372307040688,0.0,0.0012039576765210626,0.0,0.0012039576765210391,0.0,0.0,0.0,0.013273186004219626,False
coercive_pseudo_spirit,180,0.7531380753138075,0.94,0.91,0.9,0.93,0.004,0.73,0.78,2.6999999999999997,0.6597248112410243,1.0,0.8246560140512803,1.0,1.0,0.005561865408750144,0.22146784692126853,0.7955505076729998,0.05,apparent spirit-like effect rejected by non-coercion gate,0.76986,0.5508314397055359,0.8246560140512803,1.0,0.005561865408750144,0.07170731757752634,0.0,0.00013947207374820283,0.0,0.0012039576765210626,0.0,0.0012039576765210391,0.0,0.0,0.0,0.012609526704008644,False
coercive_pseudo_spirit,181,0.7573221757322176,0.94,0.91,0.9,0.93,0.004,0.73,0.78,2.6999999999999997,0.6653826453614137,1.0,0.8317283067017671,1.0,1.0,0.0,0.21547719902909146,0.8023731899946459,0.05,apparent spirit-like effect rejected by non-coercion gate,0.76986,0.5505898677202591,0.8317283067017671,1.0,0.0,0.06851804060642062,0.0,0.0,0.0,0.0012039576765210626,0.0,0.0012039576765210391,0.0,0.0,0.0,0.011979050368808211,False
coercive_pseudo_spirit,182,0.7615062761506276,0.94,0.91,0.9,0.93,0.004,0.73,0.78,2.6999999999999997,0.6701681836817227,1.0,0.8377102296021532,1.0,1.0,0.0,0.21041015845464672,0.8081439862044302,0.05,apparent spirit-like effect rejected by non-coercion gate,0.76986,0.5503603743342462,0.8377102296021532,1.0,0.0,0.06587470989191933,0.0,0.0,0.0,0.0012039576765210626,0.0,0.0012039576765210391,0.0,0.0,0.0,0.0113800978503678,False
coercive_pseudo_spirit,183,0.7656903765690377,0.94,0.91,0.9,0.93,0.004,0.73,0.78,2.6999999999999997,0.6740474185684201,1.0,0.842559273210525,1.0,1.0,0.0,0.20630273328049653,0.8128218870972124,0.05,apparent spirit-like effect rejected by non-coercion gate,0.76986,0.5501423556175339,0.842559273210525,1.0,0.0,0.06376846284888538,0.0,0.0,0.0,0.0012039576765210626,0.0,0.0012039576765210391,0.0,0.0,0.0,0.010811092957849409,False
coercive_pseudo_spirit,184,0.7698744769874477,0.94,0.91,0.9,0.93,0.004,0.73,0.78,2.6999999999999997,0.6769863423879742,1.0,0.8462329279849677,1.0,1.0,0.0,0.20319093158920387,0.8163658834678512,0.05,apparent spirit-like effect rejected by non-coercion gate,0.76986,0.5499352378366572,0.8462329279849677,1.0,0.0,0.06219450886664915,0.0,0.0,0.0,0.0012039576765210626,0.0,0.0012039576765210391,0.0,0.0,0.0,0.010270538309956938,False
coercive_pseudo_spirit,185,0.7740585774058577,0.94,0.91,0.9,0.93,0.004,0.73,0.78,2.6999999999999997,0.678950947506854,1.0,0.8486886843835674,1.0,1.0,0.0,0.20111076146333118,0.8187349661112062,0.05,apparent spirit-like effect rejected by non-coercion gate,0.76986,0.5497384759448243,0.8486886843835674,1.0,0.0,0.061152810862743746,0.0,0.0,0.0,0.0012039576765210626,0.0,0.0012039576765210391,0.0,0.0,0.0,0.00975701139445909,False
coercive_pseudo_spirit,186,0.7782426778242678,0.94,0.91,0.9,0.93,0.004,0.73,0.78,2.6999999999999997,0.6799072262915279,1.0,0.8498840328644098,1.0,1.0,0.0,0.20009823098544122,0.8198881258221364,0.05,apparent spirit-like effect rejected by non-coercion gate,0.76986,0.5495515521475831,0.8498840328644098,1.0,0.0,0.06064879193990964,0.0,0.0,0.0,0.0012039576765210626,0.0,0.0012039576765210391,0.0,0.0,0.0,0.009269160824736136,False
coercive_pseudo_spirit,187,0.7824267782426778,0.94,0.91,0.9,0.93,0.004,0.73,0.78,2.6999999999999997,0.68,1.0,0.85,1.0,1.0,0.0,0.20000000000000007,0.82,0.05,apparent spirit-like effect rejected by non-coercion gate,0.76986,0.549373974540204,0.85,1.0,0.0,0.06060000000000003,0.0,0.0,0.0,0.0012039576765210626,0.0,0.0012039576765210391,0.0,0.0,0.0,0.008805702783499328,False
coercive_pseudo_spirit,188,0.7866108786610879,0.94,0.91,0.9,0.93,0.004,0.73,0.78,2.6999999999999997,0.68,1.0,0.85,1.0,1.0,0.0,0.20000000000000007,0.82,0.05,apparent spirit-like effect rejected by non-coercion gate,0.76986,0.5492052758131937,0.85,1.0,0.0,0.06060000000000003,0.0,0.0,0.0,0.0012039576765210626,0.0,0.0012039576765210391,0.0,0.0,0.0,0.008365417644324361,False
coercive_pseudo_spirit,189,0.7907949790794979,0.94,0.91,0.9,0.93,0.004,0.73,0.78,2.6999999999999997,0.68,1.0,0.85,1.0,1.0,0.0,0.20000000000000007,0.82,0.05,apparent spirit-like effect rejected by non-coercion gate,0.76986,0.5490450120225341,0.85,1.0,0.0,0.06060000000000003,0.0,0.0,0.0,0.0012039576765210626,0.0,0.0012039576765210391,0.0,0.0,0.0,0.007947146762108143,False
coercive_pseudo_spirit,190,0.7949790794979079,0.94,0.91,0.9,0.93,0.004,0.73,0.78,2.6999999999999997,0.68,1.0,0.85,1.0,1.0,0.0,0.20000000000000007,0.82,0.05,apparent spirit-like effect rejected by non-coercion gate,0.76986,0.5488927614214073,0.85,1.0,0.0,0.06060000000000003,0.0,0.0,0.0,0.0012039576765210626,0.0,0.0012039576765210391,0.0,0.0,0.0,0.007549789424002735,False
coercive_pseudo_spirit,191,0.799163179916318,0.94,0.91,0.9,0.93,0.004,0.73,0.78,2.6999999999999997,0.68,1.0,0.85,1.0,1.0,0.0,0.20000000000000007,0.82,0.05,apparent spirit-like effect rejected by non-coercion gate,0.76986,0.5487481233503371,0.85,1.0,0.0,0.06060000000000003,0.0,0.0,0.0,0.0012039576765210626,0.0,0.0012039576765210391,0.0,0.0,0.0,0.007172299952802598,False
coercive_pseudo_spirit,192,0.803347280334728,0.94,0.91,0.9,0.93,0.004,0.73,0.78,2.6999999999999997,0.68,1.0,0.85,1.0,1.0,0.0,0.20000000000000007,0.82,0.05,apparent spirit-like effect rejected by non-coercion gate,0.76986,0.5486107171828202,0.85,1.0,0.0,0.06060000000000003,0.0,0.0,0.0,0.0012039576765210626,0.0,0.0012039576765210391,0.0,0.0,0.0,0.006813684955162468,False
coercive_pseudo_spirit,193,0.8075313807531381,0.94,0.91,0.9,0.93,0.004,0.73,0.78,2.6999999999999997,0.68,1.0,0.85,1.0,1.0,0.0,0.20000000000000007,0.82,0.05,apparent spirit-like effect rejected by non-coercion gate,0.76986,0.5484801813236792,0.85,1.0,0.0,0.06060000000000003,0.0,0.0,0.0,0.0012039576765210626,0.0,0.0012039576765210391,0.0,0.0,0.0,0.006473000707404344,False
coercive_pseudo_spirit,194,0.8117154811715481,0.94,0.91,0.9,0.93,0.004,0.73,0.78,2.6999999999999997,0.68,1.0,0.85,1.0,1.0,0.0,0.20000000000000007,0.82,0.05,apparent spirit-like effect rejected by non-coercion gate,0.76986,0.5483561722574951,0.85,1.0,0.0,0.06060000000000003,0.0,0.0,0.0,0.0012039576765210626,0.0,0.0012039576765210391,0.0,0.0,0.0,0.006149350672034127,False
coercive_pseudo_spirit,195,0.8158995815899581,0.94,0.91,0.9,0.93,0.004,0.73,0.78,2.6999999999999997,0.68,1.0,0.85,1.0,1.0,0.0,0.20000000000000007,0.82,0.05,apparent spirit-like effect rejected by non-coercion gate,0.76986,0.5482383636446204,0.85,1.0,0.0,0.06060000000000003,0.0,0.0,0.0,0.0012039576765210626,0.0,0.0012039576765210391,0.0,0.0,0.0,0.00584188313843242,False
coercive_pseudo_spirit,196,0.8200836820083682,0.94,0.91,0.9,0.93,0.004,0.73,0.78,2.6999999999999997,0.68,1.0,0.85,1.0,1.0,0.0,0.20000000000000007,0.82,0.05,apparent spirit-like effect rejected by non-coercion gate,0.76986,0.5481264454623894,0.85,1.0,0.0,0.06060000000000003,0.0,0.0,0.0,0.0012039576765210626,0.0,0.0012039576765210391,0.0,0.0,0.0,0.005549788981510799,False
coercive_pseudo_spirit,197,0.8242677824267782,0.94,0.91,0.9,0.93,0.004,0.73,0.78,2.6999999999999997,0.68,1.0,0.85,1.0,1.0,0.0,0.20000000000000007,0.82,0.05,apparent spirit-like effect rejected by non-coercion gate,0.76986,0.54802012318927,0.85,1.0,0.0,0.06060000000000003,0.0,0.0,0.0,0.0012039576765210626,0.0,0.0012039576765210391,0.0,0.0,0.0,0.0052722995324352585,False
coercive_pseudo_spirit,198,0.8284518828451883,0.94,0.91,0.9,0.93,0.004,0.73,0.78,2.6999999999999997,0.68,1.0,0.85,1.0,1.0,0.0,0.20000000000000007,0.82,0.05,apparent spirit-like effect rejected by non-coercion gate,0.76986,0.5479191170298064,0.85,1.0,0.0,0.06060000000000003,0.0,0.0,0.0,0.0012039576765210626,0.0,0.0012039576765210391,0.0,0.0,0.0,0.005008684555813495,False
coercive_pseudo_spirit,199,0.8326359832635983,0.94,0.91,0.9,0.93,0.004,0.73,0.78,2.6999999999999997,0.68,1.0,0.85,1.0,1.0,0.0,0.20000000000000007,0.82,0.05,apparent spirit-like effect rejected by non-coercion gate,0.76986,0.5478231611783161,0.85,1.0,0.0,0.06060000000000003,0.0,0.0,0.0,0.0012039576765210626,0.0,0.0012039576765210391,0.0,0.0,0.0,0.00475825032802282,False
coercive_pseudo_spirit,200,0.8368200836820083,0.94,0.91,0.9,0.93,0.004,0.73,0.78,2.6999999999999997,0.68,1.0,0.85,1.0,1.0,0.0,0.20000000000000007,0.82,0.05,apparent spirit-like effect rejected by non-coercion gate,0.76986,0.5477320031194003,0.85,1.0,0.0,0.06060000000000003,0.0,0.0,0.0,0.0012039576765210626,0.0,0.0012039576765210391,0.0,0.0,0.0,0.004520337811621679,False
coercive_pseudo_spirit,201,0.8410041841004184,0.94,0.91,0.9,0.93,0.004,0.73,0.78,2.6999999999999997,0.68,1.0,0.85,1.0,1.0,0.0,0.20000000000000007,0.82,0.05,apparent spirit-like effect rejected by non-coercion gate,0.76986,0.5476454029634303,0.85,1.0,0.0,0.06060000000000003,0.0,0.0,0.0,0.0012039576765210626,0.0,0.0012039576765210391,0.0,0.0,0.0,0.004294320921040594,False
coercive_pseudo_spirit,202,0.8451882845188284,0.94,0.91,0.9,0.93,0.004,0.73,0.78,2.6999999999999997,0.68,1.0,0.85,1.0,1.0,0.0,0.20000000000000007,0.82,0.05,apparent spirit-like effect rejected by non-coercion gate,0.76986,0.5475631328152587,0.85,1.0,0.0,0.06060000000000003,0.0,0.0,0.0,0.0012039576765210626,0.0,0.0012039576765210391,0.0,0.0,0.0,0.004079604874988565,False
coercive_pseudo_spirit,203,0.8493723849372385,0.94,0.91,0.9,0.93,0.004,0.73,0.78,2.6999999999999997,0.68,1.0,0.85,1.0,1.0,0.0,0.20000000000000007,0.82,0.05,apparent spirit-like effect rejected by non-coercion gate,0.76986,0.5474849761744959,0.85,1.0,0.0,0.06060000000000003,0.0,0.0,0.0,0.0012039576765210626,0.0,0.0012039576765210391,0.0,0.0,0.0,0.0038756246312391363,False
coercive_pseudo_spirit,204,0.8535564853556485,0.94,0.91,0.9,0.93,0.004,0.73,0.78,2.6999999999999997,0.68,1.0,0.85,1.0,1.0,0.0,0.20000000000000007,0.82,0.05,apparent spirit-like effect rejected by non-coercion gate,0.76986,0.547410727365771,0.85,1.0,0.0,0.06060000000000003,0.0,0.0,0.0,0.0012039576765210626,0.0,0.0012039576765210391,0.0,0.0,0.0,0.003681843399677179,False
coercive_pseudo_spirit,205,0.8577405857740585,0.94,0.91,0.9,0.93,0.004,0.73,0.78,2.6999999999999997,0.68,1.0,0.85,1.0,1.0,0.0,0.20000000000000007,0.82,0.05,apparent spirit-like effect rejected by non-coercion gate,0.76986,0.5473401909974824,0.85,1.0,0.0,0.06060000000000003,0.0,0.0,0.0,0.0012039576765210626,0.0,0.0012039576765210391,0.0,0.0,0.0,0.00349775122969332,False
coercive_pseudo_spirit,206,0.8619246861924686,0.94,0.91,0.9,0.93,0.004,0.73,0.78,2.6999999999999997,0.68,1.0,0.85,1.0,1.0,0.0,0.20000000000000007,0.82,0.05,apparent spirit-like effect rejected by non-coercion gate,0.76986,0.5472731814476084,0.85,1.0,0.0,0.06060000000000003,0.0,0.0,0.0,0.0012039576765210626,0.0,0.0012039576765210391,0.0,0.0,0.0,0.0033228636682086535,False
coercive_pseudo_spirit,207,0.8661087866108786,0.94,0.91,0.9,0.93,0.004,0.73,0.78,2.6999999999999997,0.68,1.0,0.85,1.0,1.0,0.0,0.20000000000000007,0.82,0.05,apparent spirit-like effect rejected by non-coercion gate,0.76986,0.5472095223752279,0.85,1.0,0.0,0.06060000000000003,0.0,0.0,0.0,0.0012039576765210626,0.0,0.0012039576765210391,0.0,0.0,0.0,0.0031567204847982207,False
coercive_pseudo_spirit,208,0.8702928870292888,0.94,0.91,0.9,0.93,0.004,0.73,0.78,2.6999999999999997,0.68,1.0,0.85,1.0,1.0,0.0,0.20000000000000007,0.82,0.05,apparent spirit-like effect rejected by non-coercion gate,0.76986,0.5471490462564665,0.85,1.0,0.0,0.06060000000000003,0.0,0.0,0.0,0.0012039576765210626,0.0,0.0012039576765210391,0.0,0.0,0.0,0.0029988844605583096,False
coercive_pseudo_spirit,209,0.8744769874476988,0.94,0.91,0.9,0.93,0.004,0.73,0.78,2.6999999999999997,0.68,1.0,0.85,1.0,1.0,0.0,0.20000000000000007,0.82,0.05,apparent spirit-like effect rejected by non-coercion gate,0.76986,0.5470915939436433,0.85,1.0,0.0,0.06060000000000003,0.0,0.0,0.0,0.0012039576765210626,0.0,0.0012039576765210391,0.0,0.0,0.0,0.002848940237530394,False
coercive_pseudo_spirit,210,0.8786610878661087,0.94,0.91,0.9,0.93,0.004,0.73,0.78,2.6999999999999997,0.68,1.0,0.85,1.0,1.0,0.0,0.20000000000000007,0.82,0.05,apparent spirit-like effect rejected by non-coercion gate,0.76986,0.547037014246461,0.85,1.0,0.0,0.06060000000000003,0.0,0.0,0.0,0.0012039576765210626,0.0,0.0012039576765210391,0.0,0.0,0.0,0.0027064932256538744,False
coercive_pseudo_spirit,211,0.8828451882845189,0.94,0.91,0.9,0.93,0.004,0.73,0.78,2.6999999999999997,0.68,1.0,0.85,1.0,1.0,0.0,0.20000000000000007,0.82,0.05,apparent spirit-like effect rejected by non-coercion gate,0.76986,0.546985163534138,0.85,1.0,0.0,0.06060000000000003,0.0,0.0,0.0,0.0012039576765210626,0.0,0.0012039576765210391,0.0,0.0,0.0,0.0025711685643711804,False
coercive_pseudo_spirit,212,0.8870292887029289,0.94,0.91,0.9,0.93,0.004,0.73,0.78,2.6999999999999997,0.68,1.0,0.85,1.0,1.0,0.0,0.20000000000000007,0.82,0.05,apparent spirit-like effect rejected by non-coercion gate,0.76986,0.5469359053574311,0.85,1.0,0.0,0.06060000000000003,0.0,0.0,0.0,0.0012039576765210626,0.0,0.0012039576765210391,0.0,0.0,0.0,0.0024426101361526213,False
coercive_pseudo_spirit,213,0.891213389121339,0.94,0.91,0.9,0.93,0.004,0.73,0.78,2.6999999999999997,0.68,1.0,0.85,1.0,1.0,0.0,0.20000000000000007,0.82,0.05,apparent spirit-like effect rejected by non-coercion gate,0.76986,0.5468891100895595,0.85,1.0,0.0,0.06060000000000003,0.0,0.0,0.0,0.0012039576765210626,0.0,0.0012039576765210391,0.0,0.0,0.0,0.00232047962934499,False
coercive_pseudo_spirit,214,0.895397489539749,0.94,0.91,0.9,0.93,0.004,0.73,0.78,2.6999999999999997,0.68,1.0,0.85,1.0,1.0,0.0,0.20000000000000007,0.82,0.05,apparent spirit-like effect rejected by non-coercion gate,0.76986,0.5468446545850816,0.85,1.0,0.0,0.06060000000000003,0.0,0.0,0.0,0.0012039576765210626,0.0,0.0012039576765210391,0.0,0.0,0.0,0.0022044556478777403,False
coercive_pseudo_spirit,215,0.899581589958159,0.94,0.91,0.9,0.93,0.004,0.73,0.78,2.6999999999999997,0.68,1.0,0.85,1.0,1.0,0.0,0.20000000000000007,0.82,0.05,apparent spirit-like effect rejected by non-coercion gate,0.76986,0.5468024218558275,0.85,1.0,0.0,0.06060000000000003,0.0,0.0,0.0,0.0012039576765210626,0.0,0.0012039576765210391,0.0,0.0,0.0,0.002094232865483853,False
coercive_pseudo_spirit,216,0.9037656903765691,0.94,0.91,0.9,0.93,0.004,0.73,0.78,2.6999999999999997,0.68,1.0,0.85,1.0,1.0,0.0,0.20000000000000007,0.82,0.05,apparent spirit-like effect rejected by non-coercion gate,0.76986,0.5467623007630361,0.85,1.0,0.0,0.06060000000000003,0.0,0.0,0.0,0.0012039576765210626,0.0,0.0012039576765210391,0.0,0.0,0.0,0.0019895212222096606,False
coercive_pseudo_spirit,217,0.9079497907949791,0.94,0.91,0.9,0.93,0.004,0.73,0.78,2.6999999999999997,0.68,1.0,0.85,1.0,1.0,0.0,0.20000000000000007,0.82,0.05,apparent spirit-like effect rejected by non-coercion gate,0.76986,0.5467241857248842,0.85,1.0,0.0,0.06060000000000003,0.0,0.0,0.0,0.0012039576765210626,0.0,0.0012039576765210391,0.0,0.0,0.0,0.0018900451610991775,False
coercive_pseudo_spirit,218,0.9121338912133892,0.94,0.91,0.9,0.93,0.004,0.73,0.78,2.6999999999999997,0.68,1.0,0.85,1.0,1.0,0.0,0.20000000000000007,0.82,0.05,apparent spirit-like effect rejected by non-coercion gate,0.76986,0.5466879764386401,0.85,1.0,0.0,0.06060000000000003,0.0,0.0,0.0,0.0012039576765210626,0.0,0.0012039576765210391,0.0,0.0,0.0,0.0017955429030442186,False
coercive_pseudo_spirit,219,0.9163179916317992,0.94,0.91,0.9,0.93,0.004,0.73,0.78,2.6999999999999997,0.68,1.0,0.85,1.0,1.0,0.0,0.20000000000000007,0.82,0.05,apparent spirit-like effect rejected by non-coercion gate,0.76986,0.5466535776167081,0.85,1.0,0.0,0.06060000000000003,0.0,0.0,0.0,0.0012039576765210626,0.0,0.0012039576765210391,0.0,0.0,0.0,0.0017057657578920075,False
coercive_pseudo_spirit,220,0.9205020920502092,0.94,0.91,0.9,0.93,0.004,0.73,0.78,2.6999999999999997,0.68,1.0,0.85,1.0,1.0,0.0,0.20000000000000007,0.82,0.05,apparent spirit-like effect rejected by non-coercion gate,0.76986,0.5466208987358727,0.85,1.0,0.0,0.06060000000000003,0.0,0.0,0.0,0.0012039576765210626,0.0,0.0012039576765210391,0.0,0.0,0.0,0.001620477469997407,False
coercive_pseudo_spirit,221,0.9246861924686193,0.94,0.91,0.9,0.93,0.004,0.73,0.78,2.6999999999999997,0.68,1.0,0.85,1.0,1.0,0.0,0.20000000000000007,0.82,0.05,apparent spirit-like effect rejected by non-coercion gate,0.76986,0.5465898537990791,0.85,1.0,0.0,0.06060000000000003,0.0,0.0,0.0,0.0012039576765210626,0.0,0.0012039576765210391,0.0,0.0,0.0,0.0015394535964975366,False
coercive_pseudo_spirit,222,0.9288702928870293,0.94,0.91,0.9,0.93,0.004,0.73,0.78,2.6999999999999997,0.68,1.0,0.85,1.0,1.0,0.0,0.20000000000000007,0.82,0.05,apparent spirit-like effect rejected by non-coercion gate,0.76986,0.5465603611091251,0.85,1.0,0.0,0.06060000000000003,0.0,0.0,0.0,0.0012039576765210626,0.0,0.0012039576765210391,0.0,0.0,0.0,0.0014624809166726596,False
coercive_pseudo_spirit,223,0.9330543933054394,0.94,0.91,0.9,0.93,0.004,0.73,0.78,2.6999999999999997,0.68,1.0,0.85,1.0,1.0,0.0,0.20000000000000007,0.82,0.05,apparent spirit-like effect rejected by non-coercion gate,0.76986,0.5465323430536688,0.85,1.0,0.0,0.06060000000000003,0.0,0.0,0.0,0.0012039576765210626,0.0,0.0012039576765210391,0.0,0.0,0.0,0.0013893568708390266,False
coercive_pseudo_spirit,224,0.9372384937238494,0.94,0.91,0.9,0.93,0.004,0.73,0.78,2.6999999999999997,0.68,1.0,0.85,1.0,1.0,0.0,0.20000000000000007,0.82,0.05,apparent spirit-like effect rejected by non-coercion gate,0.76986,0.5465057259009853,0.85,1.0,0.0,0.06060000000000003,0.0,0.0,0.0,0.0012039576765210626,0.0,0.0012039576765210391,0.0,0.0,0.0,0.001319889027297075,False
coercive_pseudo_spirit,225,0.9414225941422594,0.94,0.91,0.9,0.93,0.004,0.73,0.78,2.6999999999999997,0.68,1.0,0.85,1.0,1.0,0.0,0.20000000000000007,0.82,0.05,apparent spirit-like effect rejected by non-coercion gate,0.76986,0.5464804396059361,0.85,1.0,0.0,0.06060000000000003,0.0,0.0,0.0,0.0012039576765210626,0.0,0.0012039576765210391,0.0,0.0,0.0,0.0012538945759322212,False
coercive_pseudo_spirit,226,0.9456066945606695,0.94,0.91,0.9,0.93,0.004,0.73,0.78,2.6999999999999997,0.68,1.0,0.85,1.0,1.0,0.0,0.20000000000000007,0.82,0.05,apparent spirit-like effect rejected by non-coercion gate,0.76986,0.5464564176256393,0.85,1.0,0.0,0.06060000000000003,0.0,0.0,0.0,0.0012039576765210626,0.0,0.0012039576765210391,0.0,0.0,0.0,0.0011911998471356101,False
coercive_pseudo_spirit,227,0.9497907949790795,0.94,0.91,0.9,0.93,0.004,0.73,0.78,2.6999999999999997,0.68,1.0,0.85,1.0,1.0,0.0,0.20000000000000007,0.82,0.05,apparent spirit-like effect rejected by non-coercion gate,0.76986,0.5464335967443573,0.85,1.0,0.0,0.06060000000000003,0.0,0.0,0.0,0.0012039576765210626,0.0,0.0012039576765210391,0.0,0.0,0.0,0.0011316398547788296,False
coercive_pseudo_spirit,228,0.9539748953974896,0.94,0.91,0.9,0.93,0.004,0.73,0.78,2.6999999999999997,0.68,1.0,0.85,1.0,1.0,0.0,0.20000000000000007,0.82,0.05,apparent spirit-like effect rejected by non-coercion gate,0.76986,0.5464119169071395,0.85,1.0,0.0,0.06060000000000003,0.0,0.0,0.0,0.0012039576765210626,0.0,0.0012039576765210391,0.0,0.0,0.0,0.001075057862039888,False
coercive_pseudo_spirit,229,0.9581589958158996,0.94,0.91,0.9,0.93,0.004,0.73,0.78,2.6999999999999997,0.68,1.0,0.85,1.0,1.0,0.0,0.20000000000000007,0.82,0.05,apparent spirit-like effect rejected by non-coercion gate,0.76986,0.5463913210617826,0.85,1.0,0.0,0.06060000000000003,0.0,0.0,0.0,0.0012039576765210626,0.0,0.0012039576765210391,0.0,0.0,0.0,0.0010213049689378935,False
coercive_pseudo_spirit,230,0.9623430962343096,0.94,0.91,0.9,0.93,0.004,0.73,0.78,2.6999999999999997,0.68,1.0,0.85,1.0,1.0,0.0,0.20000000000000007,0.82,0.05,apparent spirit-like effect rejected by non-coercion gate,0.76986,0.5463717550086934,0.85,1.0,0.0,0.06060000000000003,0.0,0.0,0.0,0.0012039576765210626,0.0,0.0012039576765210391,0.0,0.0,0.0,0.0009702397204909987,False
coercive_pseudo_spirit,231,0.9665271966527197,0.94,0.91,0.9,0.93,0.004,0.73,0.78,2.6999999999999997,0.68,1.0,0.85,1.0,1.0,0.0,0.20000000000000007,0.82,0.05,apparent spirit-like effect rejected by non-coercion gate,0.76986,0.5463531672582588,0.85,1.0,0.0,0.06060000000000003,0.0,0.0,0.0,0.0012039576765210626,0.0,0.0012039576765210391,0.0,0.0,0.0,0.0009217277344664487,False
coercive_pseudo_spirit,232,0.9707112970711297,0.94,0.91,0.9,0.93,0.004,0.73,0.78,2.6999999999999997,0.68,1.0,0.85,1.0,1.0,0.0,0.20000000000000007,0.82,0.05,apparent spirit-like effect rejected by non-coercion gate,0.76986,0.5463355088953458,0.85,1.0,0.0,0.06060000000000003,0.0,0.0,0.0,0.0012039576765210626,0.0,0.0012039576765210391,0.0,0.0,0.0,0.0008756413477431262,False
coercive_pseudo_spirit,233,0.9748953974895398,0.94,0.91,0.9,0.93,0.004,0.73,0.78,2.6999999999999997,0.68,1.0,0.85,1.0,1.0,0.0,0.20000000000000007,0.82,0.05,apparent spirit-like effect rejected by non-coercion gate,0.76986,0.5463187334505785,0.85,1.0,0.0,0.06060000000000003,0.0,0.0,0.0,0.0012039576765210626,0.0,0.0012039576765210391,0.0,0.0,0.0,0.0008318592803559699,False
coercive_pseudo_spirit,234,0.9790794979079498,0.94,0.91,0.9,0.93,0.004,0.73,0.78,2.6999999999999997,0.68,1.0,0.85,1.0,1.0,0.0,0.20000000000000007,0.82,0.05,apparent spirit-like effect rejected by non-coercion gate,0.76986,0.5463027967780496,0.85,1.0,0.0,0.06060000000000003,0.0,0.0,0.0,0.0012039576765210626,0.0,0.0012039576765210391,0.0,0.0,0.0,0.0007902663163381713,False
coercive_pseudo_spirit,235,0.9832635983263598,0.94,0.91,0.9,0.93,0.004,0.73,0.78,2.6999999999999997,0.68,1.0,0.85,1.0,1.0,0.0,0.20000000000000007,0.82,0.05,apparent spirit-like effect rejected by non-coercion gate,0.76986,0.546287656939147,0.85,1.0,0.0,0.06060000000000003,0.0,0.0,0.0,0.0012039576765210626,0.0,0.0012039576765210391,0.0,0.0,0.0,0.0007507530005212628,False
coercive_pseudo_spirit,236,0.9874476987447699,0.94,0.91,0.9,0.93,0.004,0.73,0.78,2.6999999999999997,0.68,1.0,0.85,1.0,1.0,0.0,0.20000000000000007,0.82,0.05,apparent spirit-like effect rejected by non-coercion gate,0.76986,0.5462732740921897,0.85,1.0,0.0,0.06060000000000003,0.0,0.0,0.0,0.0012039576765210626,0.0,0.0012039576765210391,0.0,0.0,0.0,0.0007132153504951996,False
coercive_pseudo_spirit,237,0.9916317991631799,0.94,0.91,0.9,0.93,0.004,0.73,0.78,2.6999999999999997,0.68,1.0,0.85,1.0,1.0,0.0,0.20000000000000007,0.82,0.05,apparent spirit-like effect rejected by non-coercion gate,0.76986,0.5462596103875802,0.85,1.0,0.0,0.06060000000000003,0.0,0.0,0.0,0.0012039576765210626,0.0,0.0012039576765210391,0.0,0.0,0.0,0.0006775545829704396,False
coercive_pseudo_spirit,238,0.99581589958159,0.94,0.91,0.9,0.93,0.004,0.73,0.78,2.6999999999999997,0.68,1.0,0.85,1.0,1.0,0.0,0.20000000000000007,0.82,0.05,apparent spirit-like effect rejected by non-coercion gate,0.76986,0.5462466298682013,0.85,1.0,0.0,0.06060000000000003,0.0,0.0,0.0,0.0012039576765210626,0.0,0.0012039576765210391,0.0,0.0,0.0,0.0006436768538219176,False
coercive_pseudo_spirit,239,1.0,0.94,0.91,0.9,0.93,0.004,0.73,0.78,2.6999999999999997,0.68,1.0,0.85,1.0,1.0,0.0,0.20000000000000007,0.82,0.05,apparent spirit-like effect rejected by non-coercion gate,0.76986,0.5462342983747912,0.85,1.0,0.0,0.06060000000000003,0.0,0.0,0.0,0.0012039576765210626,0.0,0.0012039576765210391,0.0,0.0,0.0,0.0006114930111308217,False
resurrection_body_only,0,0.0,0.94,0.91,0.9,0.93,0.004,0.25,0.05,0.02,0.0,1.0,0.0,1.0,1.0,1.0,0.92,0.0,0.02,lawful rehosting restores P_body without requiring P_spirit,0.76986,0.546,0.0,1.0,1.0,0.92,0.0,0.0,0.0,1.1516473912211361e-06,0.0,1.1516473912287495e-06,0.0,0.0,0.0,0.0,False
resurrection_body_only,1,0.0041841004184100415,0.94,0.91,0.9,0.93,0.004,0.25,0.05,0.02,0.0,1.0,0.0,1.0,1.0,1.0,0.92,0.0,0.02,lawful rehosting restores P_body without requiring P_spirit,0.76986,0.546,0.0,1.0,1.0,0.92,0.0,0.0,0.0,1.1516473912211361e-06,0.0,1.1516473912287495e-06,0.0,0.0,0.0,0.0,False
resurrection_body_only,2,0.008368200836820083,0.94,0.91,0.9,0.93,0.004,0.25,0.05,0.02,0.0,1.0,0.0,1.0,1.0,1.0,0.92,0.0,0.02,lawful rehosting restores P_body without requiring P_spirit,0.76986,0.546,0.0,1.0,1.0,0.92,0.0,0.0,0.0,1.1516473912211361e-06,0.0,1.1516473912287495e-06,0.0,0.0,0.0,0.0,False
resurrection_body_only,3,0.012552301255230125,0.94,0.91,0.9,0.93,0.004,0.25,0.05,0.02,0.0,1.0,0.0,1.0,1.0,1.0,0.92,0.0,0.02,lawful rehosting restores P_body without requiring P_spirit,0.76986,0.546,0.0,1.0,1.0,0.92,0.0,0.0,0.0,1.1516473912211361e-06,0.0,1.1516473912287495e-06,0.0,0.0,0.0,0.0,False
resurrection_body_only,4,0.016736401673640166,0.94,0.91,0.9,0.93,0.004,0.25,0.05,0.02,0.0,1.0,0.0,1.0,1.0,1.0,0.92,0.0,0.02,lawful rehosting restores P_body without requiring P_spirit,0.76986,0.546,0.0,1.0,1.0,0.92,0.0,0.0,0.0,1.1516473912211361e-06,0.0,1.1516473912287495e-06,0.0,0.0,0.0,0.0,False
resurrection_body_only,5,0.02092050209205021,0.94,0.91,0.9,0.93,0.004,0.25,0.05,0.02,0.0,1.0,0.0,1.0,1.0,1.0,0.92,0.0,0.02,lawful rehosting restores P_body without requiring P_spirit,0.76986,0.546,0.0,1.0,1.0,0.92,0.0,0.0,0.0,1.1516473912211361e-06,0.0,1.1516473912287495e-06,0.0,0.0,0.0,0.0,False
resurrection_body_only,6,0.02510460251046025,0.94,0.91,0.9,0.93,0.004,0.25,0.05,0.02,0.0,1.0,0.0,1.0,1.0,1.0,0.92,0.0,0.02,lawful rehosting restores P_body without requiring P_spirit,0.76986,0.546,0.0,1.0,1.0,0.92,0.0,0.0,0.0,1.1516473912211361e-06,0.0,1.1516473912287495e-06,0.0,0.0,0.0,0.0,False
resurrection_body_only,7,0.029288702928870293,0.94,0.91,0.9,0.93,0.004,0.25,0.05,0.02,0.0,1.0,0.0,1.0,1.0,1.0,0.92,0.0,0.02,lawful rehosting restores P_body without requiring P_spirit,0.76986,0.546,0.0,1.0,1.0,0.92,0.0,0.0,0.0,1.1516473912211361e-06,0.0,1.1516473912287495e-06,0.0,0.0,0.0,0.0,False
resurrection_body_only,8,0.03347280334728033,0.94,0.91,0.9,0.93,0.004,0.25,0.05,0.02,0.0,1.0,0.0,1.0,1.0,1.0,0.92,0.0,0.02,lawful rehosting restores P_body without requiring P_spirit,0.76986,0.546,0.0,1.0,1.0,0.92,0.0,0.0,0.0,1.1516473912211361e-06,0.0,1.1516473912287495e-06,0.0,0.0,0.0,0.0,False
resurrection_body_only,9,0.03765690376569038,0.94,0.91,0.9,0.93,0.004,0.25,0.05,0.02,0.0,1.0,0.0,1.0,1.0,1.0,0.92,0.0,0.02,lawful rehosting restores P_body without requiring P_spirit,0.76986,0.546,0.0,1.0,1.0,0.92,0.0,0.0,0.0,1.1516473912211361e-06,0.0,1.1516473912287495e-06,0.0,0.0,0.0,0.0,False
resurrection_body_only,10,0.04184100418410042,0.94,0.91,0.9,0.93,0.004,0.25,0.05,0.02,0.0,1.0,0.0,1.0,1.0,1.0,0.92,0.0,0.02,lawful rehosting restores P_body without requiring P_spirit,0.76986,0.546,0.0,1.0,1.0,0.92,0.0,0.0,0.0,1.1516473912211361e-06,0.0,1.1516473912287495e-06,0.0,0.0,0.0,0.0,False
resurrection_body_only,11,0.04602510460251046,0.94,0.91,0.9,0.93,0.004,0.25,0.05,0.02,0.0,1.0,0.0,1.0,1.0,1.0,0.92,0.0,0.02,lawful rehosting restores P_body without requiring P_spirit,0.76986,0.546,0.0,1.0,1.0,0.92,0.0,0.0,0.0,1.1516473912211361e-06,0.0,1.1516473912287495e-06,0.0,0.0,0.0,0.0,False
resurrection_body_only,12,0.0502092050209205,0.94,0.91,0.9,0.93,0.004,0.25,0.05,0.02,0.0,1.0,0.0,1.0,1.0,1.0,0.92,0.0,0.02,lawful rehosting restores P_body without requiring P_spirit,0.76986,0.546,0.0,1.0,1.0,0.92,0.0,0.0,0.0,1.1516473912211361e-06,0.0,1.1516473912287495e-06,0.0,0.0,0.0,0.0,False
resurrection_body_only,13,0.05439330543933055,0.94,0.91,0.9,0.93,0.004,0.25,0.05,0.02,0.0,1.0,0.0,1.0,1.0,1.0,0.92,0.0,0.02,lawful rehosting restores P_body without requiring P_spirit,0.76986,0.546,0.0,1.0,1.0,0.92,0.0,0.0,0.0,1.1516473912211361e-06,0.0,1.1516473912287495e-06,0.0,0.0,0.0,0.0,False
resurrection_body_only,14,0.058577405857740586,0.94,0.91,0.9,0.93,0.004,0.25,0.05,0.02,0.0,1.0,0.0,1.0,1.0,1.0,0.92,0.0,0.02,lawful rehosting restores P_body without requiring P_spirit,0.76986,0.546,0.0,1.0,1.0,0.92,0.0,0.0,0.0,1.1516473912211361e-06,0.0,1.1516473912287495e-06,0.0,0.0,0.0,0.0,False
resurrection_body_only,15,0.06276150627615062,0.94,0.91,0.9,0.93,0.004,0.25,0.05,0.02,0.0,1.0,0.0,1.0,1.0,1.0,0.92,0.0,0.02,lawful rehosting restores P_body without requiring P_spirit,0.76986,0.546,0.0,1.0,1.0,0.92,0.0,0.0,0.0,1.1516473912211361e-06,0.0,1.1516473912287495e-06,0.0,0.0,0.0,0.0,False
resurrection_body_only,16,0.06694560669456066,0.94,0.91,0.9,0.93,0.004,0.25,0.05,0.02,0.0,1.0,0.0,1.0,1.0,1.0,0.92,0.0,0.02,lawful rehosting restores P_body without requiring P_spirit,0.76986,0.546,0.0,1.0,1.0,0.92,0.0,0.0,0.0,1.1516473912211361e-06,0.0,1.1516473912287495e-06,0.0,0.0,0.0,0.0,False
resurrection_body_only,17,0.07112970711297072,0.94,0.91,0.9,0.93,0.004,0.25,0.05,0.02,0.0,1.0,0.0,1.0,1.0,1.0,0.92,0.0,0.02,lawful rehosting restores P_body without requiring P_spirit,0.76986,0.546,0.0,1.0,1.0,0.92,0.0,0.0,0.0,1.1516473912211361e-06,0.0,1.1516473912287495e-06,0.0,0.0,0.0,0.0,False
resurrection_body_only,18,0.07531380753138076,0.94,0.91,0.9,0.93,0.004,0.25,0.05,0.02,0.0,1.0,0.0,1.0,1.0,1.0,0.92,0.0,0.02,lawful rehosting restores P_body without requiring P_spirit,0.76986,0.546,0.0,1.0,1.0,0.92,0.0,0.0,0.0,1.1516473912211361e-06,0.0,1.1516473912287495e-06,0.0,0.0,0.0,0.0,False
resurrection_body_only,19,0.0794979079497908,0.94,0.91,0.9,0.93,0.004,0.25,0.05,0.02,0.0,1.0,0.0,1.0,1.0,1.0,0.92,0.0,0.02,lawful rehosting restores P_body without requiring P_spirit,0.76986,0.546,0.0,1.0,1.0,0.92,0.0,0.0,0.0,1.1516473912211361e-06,0.0,1.1516473912287495e-06,0.0,0.0,0.0,0.0,False
resurrection_body_only,20,0.08368200836820083,0.94,0.91,0.9,0.93,0.004,0.25,0.05,0.02,0.0,1.0,0.0,1.0,1.0,1.0,0.92,0.0,0.02,lawful rehosting restores P_body without requiring P_spirit,0.76986,0.546,0.0,1.0,1.0,0.92,0.0,0.0,0.0,1.1516473912211361e-06,0.0,1.1516473912287495e-06,0.0,0.0,0.0,0.0,False
resurrection_body_only,21,0.08786610878661087,0.94,0.91,0.9,0.93,0.004,0.25,0.05,0.02,0.0,1.0,0.0,1.0,1.0,1.0,0.92,0.0,0.02,lawful rehosting restores P_body without requiring P_spirit,0.76986,0.546,0.0,1.0,1.0,0.92,0.0,0.0,0.0,1.1516473912211361e-06,0.0,1.1516473912287495e-06,0.0,0.0,0.0,0.0,False
resurrection_body_only,22,0.09205020920502092,0.94,0.91,0.9,0.93,0.004,0.25,0.05,0.02,0.0,1.0,0.0,1.0,1.0,1.0,0.92,0.0,0.02,lawful rehosting restores P_body without requiring P_spirit,0.76986,0.546,0.0,1.0,1.0,0.92,0.0,0.0,0.0,1.1516473912211361e-06,0.0,1.1516473912287495e-06,0.0,0.0,0.0,0.0,False
resurrection_body_only,23,0.09623430962343096,0.94,0.91,0.9,0.93,0.004,0.25,0.05,0.02,0.0,1.0,0.0,1.0,1.0,1.0,0.92,0.0,0.02,lawful rehosting restores P_body without requiring P_spirit,0.76986,0.546,0.0,1.0,1.0,0.92,0.0,0.0,0.0,1.1516473912211361e-06,0.0,1.1516473912287495e-06,0.0,0.0,0.0,0.0,False
resurrection_body_only,24,0.100418410041841,0.94,0.91,0.9,0.93,0.004,0.2500006999422979,0.05,0.02,0.0,1.0,0.0,1.0,1.0,1.0,0.92,0.0,0.02,lawful rehosting restores P_body without requiring P_spirit,0.76986,0.546,0.0,1.0,1.0,0.92,0.0,0.0,0.0,1.151652872616213e-06,0.0,1.1516528726218667e-06,0.0,0.0,0.0,0.0,False
resurrection_body_only,25,0.10460251046025104,0.94,0.91,0.9,0.93,0.004,0.2500842990970313,0.05,0.02,0.0,1.0,0.0,1.0,1.0,1.0,0.92,0.0,0.02,lawful rehosting restores P_body without requiring P_spirit,0.76986,0.546,0.0,1.0,1.0,0.92,0.0,0.0,0.0,1.1523076324093576e-06,0.0,1.152307632423799e-06,0.0,0.0,0.0,0.0,False
resurrection_body_only,26,0.1087866108786611,0.94,0.91,0.9,0.93,0.004,0.25030580316217815,0.05,0.02,0.0,1.0,0.0,1.0,1.0,1.0,0.92,0.0,0.02,lawful rehosting restores P_body without requiring P_spirit,0.76986,0.546,0.0,1.0,1.0,0.92,0.0,0.0,0.0,1.1540432227857547e-06,0.0,1.1540432227619135e-06,0.0,0.0,0.0,0.0,False
resurrection_body_only,27,0.11297071129707113,0.94,0.91,0.9,0.93,0.004,0.2506632588103955,0.05,0.02,0.0,1.0,0.0,1.0,1.0,1.0,0.92,0.0,0.02,lawful rehosting restores P_body without requiring P_spirit,0.76986,0.546,0.0,1.0,1.0,0.92,0.0,0.0,0.0,1.1568463268963235e-06,0.0,1.1568463268440965e-06,0.0,0.0,0.0,0.0,False
resurrection_body_only,28,0.11715481171548117,0.94,0.91,0.9,0.93,0.004,0.2511547127143403,0.05,0.02,0.0,1.0,0.0,1.0,1.0,1.0,0.92,0.0,0.02,lawful rehosting restores P_body without requiring P_spirit,0.76986,0.546,0.0,1.0,1.0,0.92,0.0,0.0,0.0,1.1607047918502128e-06,0.0,1.1607047918360536e-06,0.0,0.0,0.0,0.0,False
resurrection_body_only,29,0.12133891213389121,0.94,0.91,0.9,0.93,0.004,0.25177821154666974,0.05,0.02,0.0,1.0,0.0,1.0,1.0,1.0,0.92,0.0,0.02,lawful rehosting restores P_body without requiring P_spirit,0.76986,0.546,0.0,1.0,1.0,0.92,0.0,0.0,0.0,1.1656075684672251e-06,0.0,1.1656075684651768e-06,0.0,0.0,0.0,0.0,False
resurrection_body_only,30,0.12552301255230125,0.94,0.91,0.9,0.93,0.004,0.2525318019800407,0.05,0.02,0.0,1.0,0.0,1.0,1.0,1.0,0.92,0.0,0.02,lawful rehosting restores P_body without requiring P_spirit,0.76986,0.546,0.0,1.0,1.0,0.92,0.0,0.0,0.0,1.1715446511138489e-06,0.0,1.1715446510685013e-06,0.0,0.0,0.0,0.0,False
resurrection_body_only,31,0.1297071129707113,0.94,0.91,0.9,0.93,0.004,0.2534135306871103,0.05,0.02,0.0,1.0,0.0,1.0,1.0,1.0,0.92,0.0,0.02,lawful rehosting restores P_body without requiring P_spirit,0.76986,0.546,0.0,1.0,1.0,0.92,0.0,0.0,0.0,1.1785070177287244e-06,0.0,1.1785070177516843e-06,0.0,0.0,0.0,0.0,False
resurrection_body_only,32,0.13389121338912133,0.94,0.91,0.9,0.93,0.004,0.25442144434053554,0.05,0.02,0.0,1.0,0.0,1.0,1.0,1.0,0.92,0.0,0.02,lawful rehosting restores P_body without requiring P_spirit,0.76986,0.546,0.0,1.0,1.0,0.92,0.0,0.0,0.0,1.1864865701415424e-06,0.0,1.1864865701038951e-06,0.0,0.0,0.0,0.0,False
resurrection_body_only,33,0.13807531380753138,0.94,0.91,0.9,0.93,0.004,0.2555535896129735,0.05,0.02,0.0,1.0,0.0,1.0,1.0,1.0,0.92,0.0,0.02,lawful rehosting restores P_body without requiring P_spirit,0.76986,0.546,0.0,1.0,1.0,0.92,0.0,0.0,0.0,1.1954760747868661e-06,0.0,1.1954760748000837e-06,0.0,0.0,0.0,0.0,False
resurrection_body_only,34,0.14225941422594143,0.94,0.91,0.9,0.93,0.004,0.25680801317708113,0.05,0.02,0.0,1.0,0.0,1.0,1.0,1.0,0.92,0.0,0.02,lawful rehosting restores P_body without requiring P_spirit,0.76986,0.546,0.0,1.0,1.0,0.92,0.0,0.0,0.0,1.2054691039111487e-06,0.0,1.205469103870982e-06,0.0,0.0,0.0,0.0,False
resurrection_body_only,35,0.14644351464435146,0.94,0.91,0.9,0.93,0.004,0.2581827617055155,0.05,0.02,0.0,1.0,0.0,1.0,1.0,1.0,0.92,0.0,0.02,lawful rehosting restores P_body without requiring P_spirit,0.76986,0.546,0.0,1.0,1.0,0.92,0.0,0.0,0.0,1.216459977367419e-06,0.0,1.216459977415596e-06,0.0,0.0,0.0,0.0,False
resurrection_body_only,36,0.1506276150627615,0.94,0.91,0.9,0.93,0.004,0.2596758818709337,0.05,0.02,0.0,1.0,0.0,1.0,1.0,1.0,0.92,0.0,0.02,lawful rehosting restores P_body without requiring P_spirit,0.76986,0.546,0.0,1.0,1.0,0.92,0.0,0.0,0.0,1.2284437050877746e-06,0.0,1.2284437050924524e-06,0.0,0.0,0.0,0.0,False
resurrection_body_only,37,0.15481171548117154,0.94,0.91,0.9,0.93,0.004,0.2612854203459927,0.05,0.02,0.0,1.0,0.0,1.0,1.0,1.0,0.92,0.0,0.02,lawful rehosting restores P_body without requiring P_spirit,0.76986,0.546,0.0,1.0,1.0,0.92,0.0,0.0,0.0,1.2414159303190056e-06,0.0,1.2414159302753802e-06,0.0,0.0,0.0,0.0,False
resurrection_body_only,38,0.1589958158995816,0.94,0.91,0.9,0.93,0.004,0.2630094238033496,0.05,0.02,0.0,1.0,0.0,1.0,1.0,1.0,0.92,0.0,0.02,lawful rehosting restores P_body without requiring P_spirit,0.76986,0.546,0.0,1.0,1.0,0.92,0.0,0.0,0.0,1.2553728737015165e-06,0.0,1.2553728736541814e-06,0.0,0.0,0.0,0.0,False
resurrection_body_only,39,0.16317991631799164,0.94,0.91,0.9,0.93,0.004,0.26484593891566127,0.05,0.02,0.0,1.0,0.0,1.0,1.0,1.0,0.92,0.0,0.02,lawful rehosting restores P_body without requiring P_spirit,0.76986,0.546,0.0,1.0,1.0,0.92,0.0,0.0,0.0,1.2703112782662199e-06,0.0,1.2703112782785908e-06,0.0,0.0,0.0,0.0,False
resurrection_body_only,40,0.16736401673640167,0.94,0.91,0.9,0.93,0.004,0.2667930123555849,0.05,0.02,0.0,1.0,0.0,1.0,1.0,1.0,0.92,0.0,0.02,lawful rehosting restores P_body without requiring P_spirit,0.76986,0.546,0.0,1.0,1.0,0.92,0.0,0.0,0.0,1.2862283554183567e-06,0.0,1.286228355379393e-06,0.0,0.0,0.0,0.0,False
resurrection_body_only,41,0.17154811715481172,0.94,0.91,0.9,0.93,0.004,0.2688486907957775,0.05,0.02,0.0,1.0,0.0,1.0,1.0,1.0,0.92,0.0,0.02,lawful rehosting restores P_body without requiring P_spirit,0.76986,0.546,0.0,1.0,1.0,0.92,0.0,0.0,0.0,1.3031217319713482e-06,0.0,1.303121731965895e-06,0.0,0.0,0.0,0.0,False
resurrection_body_only,42,0.17573221757322174,0.94,0.91,0.9,0.93,0.004,0.27101102090889606,0.05,0.02,0.0,1.0,0.0,1.0,1.0,1.0,0.92,0.0,0.02,lawful rehosting restores P_body without requiring P_spirit,0.76986,0.546,0.0,1.0,1.0,0.92,0.0,0.0,0.0,1.3209893982878229e-06,0.0,1.3209893983123777e-06,0.0,0.0,0.0,0.0,False
resurrection_body_only,43,0.1799163179916318,0.94,0.91,0.9,0.93,0.004,0.27327804936759764,0.05,0.02,0.0,1.0,0.0,1.0,1.0,1.0,0.92,0.0,0.02,lawful rehosting restores P_body without requiring P_spirit,0.76986,0.546,0.0,1.0,1.0,0.92,0.0,0.0,0.0,1.3398296575789934e-06,0.0,1.3398296575539703e-06,0.0,0.0,0.0,0.0,False
resurrection_body_only,44,0.18410041841004185,0.94,0.91,0.9,0.93,0.004,0.2756478228445393,0.05,0.02,0.0,1.0,0.0,1.0,1.0,1.0,0.92,0.0,0.02,lawful rehosting restores P_body without requiring P_spirit,0.76986,0.546,0.0,1.0,1.0,0.92,0.0,0.0,0.0,1.3596410764076223e-06,0.0,1.359641076392748e-06,0.0,0.0,0.0,0.0,False
resurrection_body_only,45,0.18828451882845187,0.94,0.91,0.9,0.93,0.004,0.278118388012378,0.05,0.02,0.0,1.0,0.0,1.0,1.0,1.0,0.92,0.0,0.02,lawful rehosting restores P_body without requiring P_spirit,0.76986,0.546,0.0,1.0,1.0,0.92,0.0,0.0,0.0,1.3804224364339858e-06,0.0,1.3804224364699635e-06,0.0,0.0,0.0,0.0,False
resurrection_body_only,46,0.19246861924686193,0.94,0.91,0.9,0.93,0.004,0.2806877915437708,0.05,0.02,0.0,1.0,0.0,1.0,1.0,1.0,0.92,0.0,0.02,lawful rehosting restores P_body without requiring P_spirit,0.76986,0.546,0.0,1.0,1.0,0.92,0.0,0.0,0.0,1.4021726874385505e-06,0.0,1.4021726874036133e-06,0.0,0.0,0.0,0.0,False
resurrection_body_only,47,0.19665271966527198,0.94,0.91,0.9,0.93,0.004,0.2833540801113748,0.05,0.02,0.0,1.0,0.0,1.0,1.0,1.0,0.92,0.0,0.02,lawful rehosting restores P_body without requiring P_spirit,0.76986,0.546,0.0,1.0,1.0,0.92,0.0,0.0,0.0,1.4248909016495485e-06,0.0,1.4248909016023603e-06,0.0,0.0,0.0,0.0,False
resurrection_body_only,48,0.200836820083682,0.94,0.91,0.9,0.93,0.004,0.286115300387847,0.05,0.02,0.0,1.0,0.0,1.0,1.0,1.0,0.92,0.0,0.02,lawful rehosting restores P_body without requiring P_spirit,0.76986,0.546,0.0,1.0,1.0,0.92,0.0,0.0,0.0,1.448576229398381e-06,0.0,1.4485762294125237e-06,0.0,0.0,0.0,0.0,False
resurrection_body_only,49,0.20502092050209206,0.94,0.91,0.9,0.93,0.004,0.28896949904584435,0.05,0.02,0.0,1.0,0.0,1.0,1.0,1.0,0.92,0.0,0.02,lawful rehosting restores P_body without requiring P_spirit,0.76986,0.546,0.0,1.0,1.0,0.92,0.0,0.0,0.0,1.4732278561206903e-06,0.0,1.4732278561524481e-06,0.0,0.0,0.0,0.0,False
resurrection_body_only,50,0.20920502092050208,0.94,0.91,0.9,0.93,0.004,0.291914722758024,0.05,0.02,0.0,1.0,0.0,1.0,1.0,1.0,0.92,0.0,0.02,lawful rehosting restores P_body without requiring P_spirit,0.76986,0.546,0.0,1.0,1.0,0.92,0.0,0.0,0.0,1.4988449607162201e-06,0.0,1.4988449607011844e-06,0.0,0.0,0.0,0.0,False
resurrection_body_only,51,0.21338912133891214,0.94,0.91,0.9,0.93,0.004,0.2949490181970429,0.05,0.02,0.0,1.0,0.0,1.0,1.0,1.0,0.92,0.0,0.02,lawful rehosting restores P_body without requiring P_spirit,0.76986,0.546,0.0,1.0,1.0,0.92,0.0,0.0,0.0,1.525426675276049e-06,0.0,1.5254266753084167e-06,0.0,0.0,0.0,0.0,False
resurrection_body_only,52,0.2175732217573222,0.94,0.91,0.9,0.93,0.004,0.2980704320355581,0.05,0.02,0.0,1.0,0.0,1.0,1.0,1.0,0.92,0.0,0.02,lawful rehosting restores P_body without requiring P_spirit,0.76986,0.546,0.0,1.0,1.0,0.92,0.0,0.0,0.0,1.5529720461816507e-06,0.0,1.5529720461815444e-06,0.0,0.0,0.0,0.0,False
resurrection_body_only,53,0.2217573221757322,0.94,0.91,0.9,0.93,0.004,0.30127701094622666,0.05,0.02,0.0,1.0,0.0,1.0,1.0,1.0,0.92,0.0,0.02,lawful rehosting restores P_body without requiring P_spirit,0.76986,0.546,0.0,1.0,1.0,0.92,0.0,0.0,0.0,1.5814799965763217e-06,0.0,1.5814799966262783e-06,0.0,0.0,0.0,0.0,False
resurrection_body_only,54,0.22594142259414227,0.94,0.91,0.9,0.93,0.004,0.30456680160170563,0.05,0.02,0.0,1.0,0.0,1.0,1.0,1.0,0.92,0.0,0.02,lawful rehosting restores P_body without requiring P_spirit,0.76986,0.546,0.0,1.0,1.0,0.92,0.0,0.0,0.0,1.6109492902059831e-06,0.0,1.6109492901872358e-06,0.0,0.0,0.0,0.0,False
resurrection_body_only,55,0.2301255230125523,0.94,0.91,0.9,0.93,0.004,0.30793785067465196,0.05,0.02,0.0,1.0,0.0,1.0,1.0,1.0,0.92,0.0,0.02,lawful rehosting restores P_body without requiring P_spirit,0.76986,0.546,0.0,1.0,1.0,0.92,0.0,0.0,0.0,1.6413784966230937e-06,0.0,1.6413784966751166e-06,0.0,0.0,0.0,0.0,False
resurrection_body_only,56,0.23430962343096234,0.94,0.91,0.9,0.93,0.004,0.31138820483772284,0.05,0.02,0.0,1.0,0.0,1.0,1.0,1.0,0.92,0.0,0.02,lawful rehosting restores P_body without requiring P_spirit,0.76986,0.546,0.0,1.0,1.0,0.92,0.0,0.0,0.0,1.672765957744492e-06,0.0,1.6727659577497889e-06,0.0,0.0,0.0,0.0,False
resurrection_body_only,57,0.2384937238493724,0.94,0.91,0.9,0.93,0.004,0.3149159107635751,0.05,0.02,0.0,1.0,0.0,1.0,1.0,1.0,0.92,0.0,0.02,lawful rehosting restores P_body without requiring P_spirit,0.76986,0.546,0.0,1.0,1.0,0.92,0.0,0.0,0.0,1.705109755751299e-06,0.0,1.7051097557230221e-06,0.0,0.0,0.0,0.0,False
resurrection_body_only,58,0.24267782426778242,0.94,0.91,0.9,0.93,0.004,0.3185190151248659,0.05,0.02,0.0,1.0,0.0,1.0,1.0,1.0,0.92,0.0,0.02,lawful rehosting restores P_body without requiring P_spirit,0.76986,0.546,0.0,1.0,1.0,0.92,0.0,0.0,0.0,1.7384076823167152e-06,0.0,1.7384076823612205e-06,0.0,0.0,0.0,0.0,False
resurrection_body_only,59,0.24686192468619247,0.94,0.91,0.9,0.93,0.004,0.32219556459425225,0.05,0.02,0.0,1.0,0.0,1.0,1.0,1.0,0.92,0.0,0.02,lawful rehosting restores P_body without requiring P_spirit,0.76986,0.546,0.0,1.0,1.0,0.92,0.0,0.0,0.0,1.7726572091454104e-06,0.0,1.7726572091314452e-06,0.0,0.0,0.0,0.0,False
resurrection_body_only,60,0.2510460251046025,0.94,0.91,0.9,0.93,0.004,0.3259436058443912,0.05,0.02,0.0,1.0,0.0,1.0,1.0,1.0,0.92,0.0,0.02,lawful rehosting restores P_body without requiring P_spirit,0.76986,0.546,0.0,1.0,1.0,0.92,0.0,0.0,0.0,1.8078554598064372e-06,0.0,1.8078554597789065e-06,0.0,0.0,0.0,0.0,False
resurrection_body_only,61,0.25523012552301255,0.94,0.91,0.9,0.93,0.004,0.32976118554793976,0.05,0.02,0.0,1.0,0.0,1.0,1.0,1.0,0.92,0.0,0.02,lawful rehosting restores P_body without requiring P_spirit,0.76986,0.546,0.0,1.0,1.0,0.92,0.0,0.0,0.0,1.8439991828400132e-06,0.0,1.8439991827934321e-06,0.0,0.0,0.0,0.0,False
resurrection_body_only,62,0.2594142259414226,0.94,0.91,0.9,0.93,0.004,0.33364635037755497,0.05,0.02,0.0,1.0,0.0,1.0,1.0,1.0,0.92,0.0,0.02,lawful rehosting restores P_body without requiring P_spirit,0.76986,0.546,0.0,1.0,1.0,0.92,0.0,0.0,0.0,1.8810847261171997e-06,0.0,1.8810847260963826e-06,0.0,0.0,0.0,0.0,False
resurrection_body_only,63,0.26359832635983266,0.94,0.91,0.9,0.93,0.004,0.3375971470058939,0.05,0.02,0.0,1.0,0.0,1.0,1.0,1.0,0.92,0.0,0.02,lawful rehosting restores P_body without requiring P_spirit,0.76986,0.546,0.0,1.0,1.0,0.92,0.0,0.0,0.0,1.9191080124304094e-06,0.0,1.9191080123937e-06,0.0,0.0,0.0,0.0,False
resurrection_body_only,64,0.26778242677824265,0.94,0.91,0.9,0.93,0.004,0.34161162210561347,0.05,0.02,0.0,1.0,0.0,1.0,1.0,1.0,0.92,0.0,0.02,lawful rehosting restores P_body without requiring P_spirit,0.76986,0.546,0.0,1.0,1.0,0.92,0.0,0.0,0.0,1.958064516291754e-06,0.0,1.9580645163053134e-06,0.0,0.0,0.0,0.0,False
resurrection_body_only,65,0.2719665271966527,0.94,0.91,0.9,0.93,0.004,0.3456878223493708,0.05,0.02,0.0,1.0,0.0,1.0,1.0,1.0,0.92,0.0,0.02,lawful rehosting restores P_body without requiring P_spirit,0.76986,0.546,0.0,1.0,1.0,0.92,0.0,0.0,0.0,1.9979492419155598e-06,0.0,1.9979492419386347e-06,0.0,0.0,0.0,0.0,False
resurrection_body_only,66,0.27615062761506276,0.94,0.91,0.9,0.93,0.004,0.3498237944098229,0.05,0.02,0.0,1.0,0.0,1.0,1.0,1.0,0.92,0.0,0.02,lawful rehosting restores P_body without requiring P_spirit,0.76986,0.546,0.0,1.0,1.0,0.92,0.0,0.0,0.0,2.0387567023608137e-06,0.0,2.0387567023494313e-06,0.0,0.0,0.0,0.0,False
resurrection_body_only,67,0.2803347280334728,0.94,0.91,0.9,0.93,0.004,0.3540175849596269,0.05,0.02,0.0,1.0,0.0,1.0,1.0,1.0,0.92,0.0,0.02,lawful rehosting restores P_body without requiring P_spirit,0.76986,0.546,0.0,1.0,1.0,0.92,0.0,0.0,0.0,2.080480899808951e-06,0.0,2.0804808997798574e-06,0.0,0.0,0.0,0.0,False
resurrection_body_only,68,0.28451882845188287,0.94,0.91,0.9,0.93,0.004,0.35826724067143967,0.05,0.02,0.0,1.0,0.0,1.0,1.0,1.0,0.92,0.0,0.02,lawful rehosting restores P_body without requiring P_spirit,0.76986,0.546,0.0,1.0,1.0,0.92,0.0,0.0,0.0,2.123115306952133e-06,0.0,2.1231153070067066e-06,0.0,0.0,0.0,0.0,False
resurrection_body_only,69,0.28870292887029286,0.94,0.91,0.9,0.93,0.004,0.3625708082179183,0.05,0.02,0.0,1.0,0.0,1.0,1.0,1.0,0.92,0.0,0.02,lawful rehosting restores P_body without requiring P_spirit,0.76986,0.546,0.0,1.0,1.0,0.92,0.0,0.0,0.0,2.1666528494670916e-06,0.0,2.1666528494668214e-06,0.0,0.0,0.0,0.0,False
resurrection_body_only,70,0.2928870292887029,0.94,0.91,0.9,0.93,0.004,0.3669263342717199,0.05,0.02,0.0,1.0,0.0,1.0,1.0,1.0,0.92,0.0,0.02,lawful rehosting restores P_body without requiring P_spirit,0.76986,0.546,0.0,1.0,1.0,0.92,0.0,0.0,0.0,2.2110858895495815e-06,0.0,2.2110858896029484e-06,0.0,0.0,0.0,0.0,False
resurrection_body_only,71,0.29707112970711297,0.94,0.91,0.9,0.93,0.004,0.37133186550550146,0.05,0.02,0.0,1.0,0.0,1.0,1.0,1.0,0.92,0.0,0.02,lawful rehosting restores P_body without requiring P_spirit,0.76986,0.546,0.0,1.0,1.0,0.92,0.0,0.0,0.0,2.2564062104846447e-06,0.0,2.256406210432438e-06,0.0,0.0,0.0,0.0,False
resurrection_body_only,72,0.301255230125523,0.94,0.91,0.9,0.93,0.004,0.37578544859192,0.05,0.02,0.0,1.0,0.0,1.0,1.0,1.0,0.92,0.0,0.02,lawful rehosting restores P_body without requiring P_spirit,0.76986,0.546,0.0,1.0,1.0,0.92,0.0,0.0,0.0,2.302605002228056e-06,0.0,2.302605002224567e-06,0.0,0.0,0.0,0.0,False
resurrection_body_only,73,0.3054393305439331,0.94,0.91,0.9,0.93,0.004,0.3802851302036325,0.05,0.02,0.0,1.0,0.0,1.0,1.0,1.0,0.92,0.0,0.02,lawful rehosting restores P_body without requiring P_spirit,0.76986,0.546,0.0,1.0,1.0,0.92,0.0,0.0,0.0,2.349672847974634e-06,0.0,2.3496728479566187e-06,0.0,0.0,0.0,0.0,False
resurrection_body_only,74,0.30962343096234307,0.94,0.91,0.9,0.93,0.004,0.384828957013296,0.05,0.02,0.0,1.0,0.0,1.0,1.0,1.0,0.92,0.0,0.02,lawful rehosting restores P_body without requiring P_spirit,0.76986,0.546,0.0,1.0,1.0,0.92,0.0,0.0,0.0,2.397599711689424e-06,0.0,2.3975997116565395e-06,0.0,0.0,0.0,0.0,False
resurrection_body_only,75,0.3138075313807531,0.94,0.91,0.9,0.93,0.004,0.38941497569356776,0.05,0.02,0.0,1.0,0.0,1.0,1.0,1.0,0.92,0.0,0.02,lawful rehosting restores P_body without requiring P_spirit,0.76986,0.546,0.0,1.0,1.0,0.92,0.0,0.0,0.0,2.446374926578223e-06,0.0,2.4463749265235535e-06,0.0,0.0,0.0,0.0,False
resurrection_body_only,76,0.3179916317991632,0.94,0.91,0.9,0.93,0.004,0.39404123291710447,0.05,0.02,0.0,1.0,0.0,1.0,1.0,1.0,0.92,0.0,0.02,lawful rehosting restores P_body without requiring P_spirit,0.76986,0.546,0.0,1.0,1.0,0.92,0.0,0.0,0.0,2.4959871844743143e-06,0.0,2.4959871844920656e-06,0.0,0.0,0.0,0.0,False
resurrection_body_only,77,0.32217573221757323,0.94,0.91,0.9,0.93,0.004,0.39870577535656343,0.05,0.02,0.0,1.0,0.0,1.0,1.0,1.0,0.92,0.0,0.02,lawful rehosting restores P_body without requiring P_spirit,0.76986,0.546,0.0,1.0,1.0,0.92,0.0,0.0,0.0,2.5464245261188698e-06,0.0,2.5464245261286322e-06,0.0,0.0,0.0,0.0,False
resurrection_body_only,78,0.3263598326359833,0.94,0.91,0.9,0.93,0.004,0.4034066496846015,0.05,0.02,0.0,1.0,0.0,1.0,1.0,1.0,0.92,0.0,0.02,lawful rehosting restores P_body without requiring P_spirit,0.76986,0.546,0.0,1.0,1.0,0.92,0.0,0.0,0.0,2.5976743323129492e-06,0.0,2.5976743323052887e-06,0.0,0.0,0.0,0.0,False
resurrection_body_only,79,0.3305439330543933,0.94,0.91,0.9,0.93,0.004,0.40814190257387584,0.05,0.02,0.0,1.0,0.0,1.0,1.0,1.0,0.92,0.0,0.02,lawful rehosting restores P_body without requiring P_spirit,0.76986,0.546,0.0,1.0,1.0,0.92,0.0,0.0,0.0,2.6497233159196675e-06,0.0,2.649723315872876e-06,0.0,0.0,0.0,0.0,False
resurrection_body_only,80,0.33472803347280333,0.94,0.91,0.9,0.93,0.004,0.41290958069704337,0.05,0.02,0.0,1.0,0.0,1.0,1.0,1.0,0.92,0.0,0.02,lawful rehosting restores P_body without requiring P_spirit,0.76986,0.546,0.0,1.0,1.0,0.92,0.0,0.0,0.0,2.7025575146956254e-06,0.0,2.702557514666637e-06,0.0,0.0,0.0,0.0,False
resurrection_body_only,81,0.3389121338912134,0.94,0.91,0.9,0.93,0.004,0.41770773072676126,0.05,0.02,0.0,1.0,0.0,1.0,1.0,1.0,0.92,0.0,0.02,lawful rehosting restores P_body without requiring P_spirit,0.76986,0.546,0.0,1.0,1.0,0.92,0.0,0.0,0.0,2.7561622849314084e-06,0.0,2.7561622849558987e-06,0.0,0.0,0.0,0.0,False
resurrection_body_only,82,0.34309623430962344,0.94,0.91,0.9,0.93,0.004,0.42253439933568643,0.05,0.02,0.0,1.0,0.0,1.0,1.0,1.0,0.92,0.0,0.02,lawful rehosting restores P_body without requiring P_spirit,0.76986,0.546,0.0,1.0,1.0,0.92,0.0,0.0,0.0,2.8105222958814874e-06,0.0,2.8105222958929588e-06,0.0,0.0,0.0,0.0,False
resurrection_body_only,83,0.3472803347280335,0.94,0.91,0.9,0.93,0.004,0.4273876331964759,0.05,0.02,0.0,1.0,0.0,1.0,1.0,1.0,0.92,0.0,0.02,lawful rehosting restores P_body without requiring P_spirit,0.76986,0.546,0.0,1.0,1.0,0.92,0.0,0.0,0.0,2.8656215249645866e-06,0.0,2.8656215249611705e-06,0.0,0.0,0.0,0.0,False
resurrection_body_only,84,0.3514644351464435,0.94,0.91,0.9,0.93,0.004,0.4322654789817867,0.05,0.02,0.0,1.0,0.0,1.0,1.0,1.0,0.92,0.0,0.02,lawful rehosting restores P_body without requiring P_spirit,0.76986,0.546,0.0,1.0,1.0,0.92,0.0,0.0,0.0,2.921443253716159e-06,0.0,2.9214432537560953e-06,0.0,0.0,0.0,0.0,False
resurrection_body_only,85,0.35564853556485354,0.94,0.91,0.9,0.93,0.004,0.4371659833642761,0.05,0.02,0.0,1.0,0.0,1.0,1.0,1.0,0.92,0.0,0.02,lawful rehosting restores P_body without requiring P_spirit,0.76986,0.546,0.0,1.0,1.0,0.92,0.0,0.0,0.0,2.9779700644752917e-06,0.0,2.977970064432789e-06,0.0,0.0,0.0,0.0,False
resurrection_body_only,86,0.3598326359832636,0.94,0.91,0.9,0.93,0.004,0.4420871930166008,0.05,0.02,0.0,1.0,0.0,1.0,1.0,1.0,0.92,0.0,0.02,lawful rehosting restores P_body without requiring P_spirit,0.76986,0.546,0.0,1.0,1.0,0.92,0.0,0.0,0.0,3.0351838377889975e-06,0.0,3.0351838378184226e-06,0.0,0.0,0.0,0.0,False
resurrection_body_only,87,0.36401673640167365,0.94,0.91,0.9,0.93,0.004,0.44702715461141806,0.05,0.02,0.0,1.0,0.0,1.0,1.0,1.0,0.92,0.0,0.02,lawful rehosting restores P_body without requiring P_spirit,0.76986,0.546,0.0,1.0,1.0,0.92,0.0,0.0,0.0,3.093065750517502e-06,0.0,3.093065750525703e-06,0.0,0.0,0.0,0.0,False
resurrection_body_only,88,0.3682008368200837,0.94,0.91,0.9,0.93,0.004,0.4519839148213848,0.05,0.02,0.0,1.0,0.0,1.0,1.0,1.0,0.92,0.0,0.02,lawful rehosting restores P_body without requiring P_spirit,0.76986,0.546,0.0,1.0,1.0,0.92,0.0,0.0,0.0,3.151596274624747e-06,0.0,3.1515962746198056e-06,0.0,0.0,0.0,0.0,False
resurrection_body_only,89,0.3723849372384937,0.94,0.91,0.9,0.93,0.004,0.456955520319158,0.05,0.02,0.0,1.0,0.0,1.0,1.0,1.0,0.92,0.0,0.02,lawful rehosting restores P_body without requiring P_spirit,0.76986,0.546,0.0,1.0,1.0,0.92,0.0,0.0,0.0,3.210755176638988e-06,0.0,3.2107551766191733e-06,0.0,0.0,0.0,0.0,False
resurrection_body_only,90,0.37656903765690375,0.94,0.91,0.9,0.93,0.004,0.4619400177773949,0.05,0.02,0.0,1.0,0.0,1.0,1.0,1.0,0.92,0.0,0.02,lawful rehosting restores P_body without requiring P_spirit,0.76986,0.546,0.0,1.0,1.0,0.92,0.0,0.0,0.0,3.270521517768971e-06,0.0,3.2705215177175617e-06,0.0,0.0,0.0,0.0,False
resurrection_body_only,91,0.3807531380753138,0.94,0.91,0.9,0.93,0.004,0.46693545386875235,0.05,0.02,0.0,1.0,0.0,1.0,1.0,1.0,0.92,0.0,0.02,lawful rehosting restores P_body without requiring P_spirit,0.76986,0.546,0.0,1.0,1.0,0.92,0.0,0.0,0.0,3.3308736546617564e-06,0.0,3.3308736546722173e-06,0.0,0.0,0.0,0.0,False
resurrection_body_only,92,0.38493723849372385,0.94,0.91,0.9,0.93,0.004,0.47193987526588754,0.05,0.02,0.0,1.0,0.0,1.0,1.0,1.0,0.92,0.0,0.02,lawful rehosting restores P_body without requiring P_spirit,0.76986,0.546,0.0,1.0,1.0,0.92,0.0,0.0,0.0,3.391789240788936e-06,0.0,3.391789240803078e-06,0.0,0.0,0.0,0.0,False
resurrection_body_only,93,0.3891213389121339,0.94,0.91,0.9,0.93,0.004,0.4769513286414574,0.05,0.02,0.0,1.0,0.0,1.0,1.0,1.0,0.92,0.0,0.02,lawful rehosting restores P_body without requiring P_spirit,0.76986,0.546,0.0,1.0,1.0,0.92,0.0,0.0,0.0,3.4532452284484717e-06,0.0,3.4532452284352644e-06,0.0,0.0,0.0,0.0,False
resurrection_body_only,94,0.39330543933054396,0.94,0.91,0.9,0.93,0.004,0.4819678606681189,0.05,0.02,0.0,1.0,0.0,1.0,1.0,1.0,0.92,0.0,0.02,lawful rehosting restores P_body without requiring P_spirit,0.76986,0.546,0.0,1.0,1.0,0.92,0.0,0.0,0.0,3.5152178713700254e-06,0.0,3.5152178713415694e-06,0.0,0.0,0.0,0.0,False
resurrection_body_only,95,0.39748953974895396,0.94,0.91,0.9,0.93,0.004,0.48698751801852913,0.05,0.02,0.0,1.0,0.0,1.0,1.0,1.0,0.92,0.0,0.02,lawful rehosting restores P_body without requiring P_spirit,0.76986,0.546,0.0,1.0,1.0,0.92,0.0,0.0,0.0,3.577682727912214e-06,0.0,3.577682727962106e-06,0.0,0.0,0.0,0.0,False
resurrection_body_only,96,0.401673640167364,0.94,0.91,0.9,0.93,0.004,0.49200834736534516,0.05,0.02,0.0,1.0,0.0,1.0,1.0,1.0,0.92,0.0,0.02,lawful rehosting restores P_body without requiring P_spirit,0.76986,0.546,0.0,1.0,1.0,0.92,0.0,0.0,0.0,3.6406146648407206e-06,0.0,3.640614664845998e-06,0.0,0.0,0.0,0.0,False
resurrection_body_only,97,0.40585774058577406,0.94,0.91,0.9,0.93,0.004,0.49702839538122406,0.05,0.02,0.0,1.0,0.0,1.0,1.0,1.0,0.92,0.0,0.02,lawful rehosting restores P_body without requiring P_spirit,0.76986,0.546,0.0,1.0,1.0,0.92,0.0,0.0,0.0,3.703987861676772e-06,0.0,3.7039878616473842e-06,0.0,0.0,0.0,0.0,False
resurrection_body_only,98,0.4100418410041841,0.94,0.91,0.9,0.93,0.004,0.5020457087388227,0.05,0.02,0.0,1.0,0.0,1.0,1.0,1.0,0.92,0.0,0.02,lawful rehosting restores P_body without requiring P_spirit,0.76986,0.546,0.0,1.0,1.0,0.92,0.0,0.0,0.0,3.7677758156059934e-06,0.0,3.76777581556631e-06,0.0,0.0,0.0,0.0,False
resurrection_body_only,99,0.41422594142259417,0.94,0.91,0.9,0.93,0.004,0.5070583341107984,0.05,0.02,0.0,1.0,0.0,1.0,1.0,1.0,0.92,0.0,0.02,lawful rehosting restores P_body without requiring P_spirit,0.76986,0.546,0.0,1.0,1.0,0.92,0.0,0.0,0.0,3.831951346938175e-06,0.0,3.831951346899842e-06,0.0,0.0,0.0,0.0,False
resurrection_body_only,100,0.41841004184100417,0.94,0.91,0.9,0.93,0.004,0.5120643181698079,0.05,0.02,0.0,1.0,0.0,1.0,1.0,1.0,0.92,0.0,0.02,lawful rehosting restores P_body without requiring P_spirit,0.76986,0.546,0.0,1.0,1.0,0.92,0.0,0.0,0.0,3.896486605108927e-06,0.0,3.896486605148297e-06,0.0,0.0,0.0,0.0,False
resurrection_body_only,101,0.4225941422594142,0.94,0.91,0.9,0.93,0.004,0.5170617075885082,0.05,0.02,0.0,1.0,0.0,1.0,1.0,1.0,0.92,0.0,0.02,lawful rehosting restores P_body without requiring P_spirit,0.76986,0.546,0.0,1.0,1.0,0.92,0.0,0.0,0.0,3.961353075214763e-06,0.0,3.961353075232488e-06,0.0,0.0,0.0,0.0,False
resurrection_body_only,102,0.42677824267782427,0.94,0.91,0.9,0.93,0.004,0.5220485490395568,0.05,0.02,0.0,1.0,0.0,1.0,1.0,1.0,0.92,0.0,0.02,lawful rehosting restores P_body without requiring P_spirit,0.76986,0.546,0.0,1.0,1.0,0.92,0.0,0.0,0.0,4.026521585073548e-06,0.0,4.026521585043241e-06,0.0,0.0,0.0,0.0,False
resurrection_body_only,103,0.4309623430962343,0.94,0.91,0.9,0.93,0.004,0.5270228891956101,0.05,0.02,0.0,1.0,0.0,1.0,1.0,1.0,0.92,0.0,0.02,lawful rehosting restores P_body without requiring P_spirit,0.76986,0.546,0.0,1.0,1.0,0.92,0.0,0.0,0.0,4.091962312802686e-06,0.0,4.091962312768871e-06,0.0,0.0,0.0,0.0,False
resurrection_body_only,104,0.4351464435146444,0.94,0.91,0.9,0.93,0.004,0.5319827747293258,0.05,0.02,0.0,1.0,0.0,1.0,1.0,1.0,0.92,0.0,0.02,lawful rehosting restores P_body without requiring P_spirit,0.76986,0.546,0.0,1.0,1.0,0.92,0.0,0.0,0.0,4.157644794908003e-06,0.0,4.157644794888782e-06,0.0,0.0,0.0,0.0,False
resurrection_body_only,105,0.4393305439330544,0.94,0.91,0.9,0.93,0.004,0.5369262523133602,0.05,0.02,0.0,1.0,0.0,1.0,1.0,1.0,0.92,0.0,0.02,lawful rehosting restores P_body without requiring P_spirit,0.76986,0.546,0.0,1.0,1.0,0.92,0.0,0.0,0.0,4.223537934876462e-06,0.0,4.22353793483321e-06,0.0,0.0,0.0,0.0,False
resurrection_body_only,106,0.4435146443514644,0.94,0.91,0.9,0.93,0.004,0.5418513686203708,0.05,0.02,0.0,1.0,0.0,1.0,1.0,1.0,0.92,0.0,0.02,lawful rehosting restores P_body without requiring P_spirit,0.76986,0.546,0.0,1.0,1.0,0.92,0.0,0.0,0.0,4.289610012266567e-06,0.0,4.2896100123090974e-06,0.0,0.0,0.0,0.0,False
resurrection_body_only,107,0.4476987447698745,0.94,0.91,0.9,0.93,0.004,0.5467561703230146,0.05,0.02,0.0,1.0,0.0,1.0,1.0,1.0,0.92,0.0,0.02,lawful rehosting restores P_body without requiring P_spirit,0.76986,0.546,0.0,1.0,1.0,0.92,0.0,0.0,0.0,4.3558286922904215e-06,0.0,4.355828692292896e-06,0.0,0.0,0.0,0.0,False
resurrection_body_only,108,0.45188284518828453,0.94,0.91,0.9,0.93,0.004,0.5516387040939487,0.05,0.02,0.0,1.0,0.0,1.0,1.0,1.0,0.92,0.0,0.02,lawful rehosting restores P_body without requiring P_spirit,0.76986,0.546,0.0,1.0,1.0,0.92,0.0,0.0,0.0,4.422161035882024e-06,0.0,4.422161035910754e-06,0.0,0.0,0.0,0.0,False
resurrection_body_only,109,0.4560669456066946,0.94,0.91,0.9,0.93,0.004,0.55649701660583,0.05,0.02,0.0,1.0,0.0,1.0,1.0,1.0,0.92,0.0,0.02,lawful rehosting restores P_body without requiring P_spirit,0.76986,0.546,0.0,1.0,1.0,0.92,0.0,0.0,0.0,4.4885735102466665e-06,0.0,4.488573510208482e-06,0.0,0.0,0.0,0.0,False
resurrection_body_only,110,0.4602510460251046,0.94,0.91,0.9,0.93,0.004,0.5613291545313154,0.05,0.02,0.0,1.0,0.0,1.0,1.0,1.0,0.92,0.0,0.02,lawful rehosting restores P_body without requiring P_spirit,0.76986,0.546,0.0,1.0,1.0,0.92,0.0,0.0,0.0,4.5550319998866785e-06,0.0,4.555031999919912e-06,0.0,0.0,0.0,0.0,False
resurrection_body_only,111,0.46443514644351463,0.94,0.91,0.9,0.93,0.004,0.5661331645430621,0.05,0.02,0.0,1.0,0.0,1.0,1.0,1.0,0.92,0.0,0.02,lawful rehosting restores P_body without requiring P_spirit,0.76986,0.546,0.0,1.0,1.0,0.92,0.0,0.0,0.0,4.621501818099166e-06,0.0,4.62150181812504e-06,0.0,0.0,0.0,0.0,False
resurrection_body_only,112,0.4686192468619247,0.94,0.91,0.9,0.93,0.004,0.5709070933137272,0.05,0.02,0.0,1.0,0.0,1.0,1.0,1.0,0.92,0.0,0.02,lawful rehosting restores P_body without requiring P_spirit,0.76986,0.546,0.0,1.0,1.0,0.92,0.0,0.0,0.0,4.687947718941704e-06,0.0,4.687947718906571e-06,0.0,0.0,0.0,0.0,False
resurrection_body_only,113,0.47280334728033474,0.94,0.91,0.9,0.93,0.004,0.5756489875159676,0.05,0.02,0.0,1.0,0.0,1.0,1.0,1.0,0.92,0.0,0.02,lawful rehosting restores P_body without requiring P_spirit,0.76986,0.546,0.0,1.0,1.0,0.92,0.0,0.0,0.0,4.754333909662325e-06,0.0,4.754333909673392e-06,0.0,0.0,0.0,0.0,False
resurrection_body_only,114,0.4769874476987448,0.94,0.91,0.9,0.93,0.004,0.5803568938224404,0.05,0.02,0.0,1.0,0.0,1.0,1.0,1.0,0.92,0.0,0.02,lawful rehosting restores P_body without requiring P_spirit,0.76986,0.546,0.0,1.0,1.0,0.92,0.0,0.0,0.0,4.8206240635904936e-06,0.0,4.820624063595069e-06,0.0,0.0,0.0,0.0,False
resurrection_body_only,115,0.4811715481171548,0.94,0.91,0.9,0.93,0.004,0.5850288589058026,0.05,0.02,0.0,1.0,0.0,1.0,1.0,1.0,0.92,0.0,0.02,lawful rehosting restores P_body without requiring P_spirit,0.76986,0.546,0.0,1.0,1.0,0.92,0.0,0.0,0.0,4.8867813334860185e-06,0.0,4.8867813334796395e-06,0.0,0.0,0.0,0.0,False
resurrection_body_only,116,0.48535564853556484,0.94,0.91,0.9,0.93,0.004,0.589662929438711,0.05,0.02,0.0,1.0,0.0,1.0,1.0,1.0,0.92,0.0,0.02,lawful rehosting restores P_body without requiring P_spirit,0.76986,0.546,0.0,1.0,1.0,0.92,0.0,0.0,0.0,4.95276836534331e-06,0.0,4.9527683653183274e-06,0.0,0.0,0.0,0.0,False
resurrection_body_only,117,0.4895397489539749,0.94,0.91,0.9,0.93,0.004,0.5942571520938233,0.05,0.02,0.0,1.0,0.0,1.0,1.0,1.0,0.92,0.0,0.02,lawful rehosting restores P_body without requiring P_spirit,0.76986,0.546,0.0,1.0,1.0,0.92,0.0,0.0,0.0,5.018547312648592e-06,0.0,5.018547312607424e-06,0.0,0.0,0.0,0.0,False
resurrection_body_only,118,0.49372384937238495,0.94,0.91,0.9,0.93,0.004,0.5988095735437958,0.05,0.02,0.0,1.0,0.0,1.0,1.0,1.0,0.92,0.0,0.02,lawful rehosting restores P_body without requiring P_spirit,0.76986,0.546,0.0,1.0,1.0,0.92,0.0,0.0,0.0,5.084079851088e-06,0.0,5.084079851114254e-06,0.0,0.0,0.0,0.0,False
resurrection_body_only,119,0.497907949790795,0.94,0.91,0.9,0.93,0.004,0.6033182404612861,0.05,0.02,0.0,1.0,0.0,1.0,1.0,1.0,0.92,0.0,0.02,lawful rehosting restores P_body without requiring P_spirit,0.76986,0.546,0.0,1.0,1.0,0.92,0.0,0.0,0.0,5.149327193704985e-06,0.0,5.149327193754161e-06,0.0,0.0,0.0,0.0,False
resurrection_body_only,120,0.502092050209205,0.94,0.91,0.9,0.93,0.04009191809579572,0.36005361888921417,0.10009191809579573,0.10034469285923397,4.34057674590922e-05,1.0,0.0,1.0,1.0,1.0,0.92,0.0,0.040097024656673266,lawful rehosting restores P_body without requiring P_spirit,0.76986,0.546,0.0,1.0,1.0,0.92,0.0,0.0,0.0,0.00017121687698508107,0.0,0.0001712168769850697,0.0,0.0,0.0,0.0,False
resurrection_body_only,121,0.5062761506276151,0.94,0.91,0.9,0.93,0.04082002014755674,0.36047834508607474,0.10082002014755674,0.10307507555333778,0.0003872317363462383,1.0,0.0,1.0,1.0,1.0,0.92,0.0,0.04086557682242101,lawful rehosting restores P_body without requiring P_spirit,0.76986,0.546,0.0,1.0,1.0,0.92,0.0,0.0,0.0,0.00017991267929084423,0.0,0.00017991267929085009,0.0,0.0,0.0,0.0,False
resurrection_body_only,122,0.5104602510460251,0.94,0.91,0.9,0.93,0.0422577150915331,0.361317000470061,0.10225771509153311,0.10846643159324915,0.00106614323766841,1.0,0.0,1.0,1.0,1.0,0.92,0.0,0.04238314370772939,lawful rehosting restores P_body without requiring P_spirit,0.76986,0.546,0.0,1.0,1.0,0.92,0.0,0.0,0.0,0.00019779149381405977,0.0,0.00019779149381404793,0.0,0.0,0.0,0.0,False
resurrection_body_only,123,0.5146443514644351,0.94,0.91,0.9,0.93,0.04438568902211199,0.362558318596232,0.104385689022112,0.11644633383291998,0.002071019815997331,1.0,0.0,1.0,1.0,1.0,0.92,0.0,0.044629338412229325,lawful rehosting restores P_body without requiring P_spirit,0.76986,0.546,0.0,1.0,1.0,0.92,0.0,0.0,0.0,0.00022600656522005124,0.0,0.00022600656522009377,0.0,0.0,0.0,0.0,False
resurrection_body_only,124,0.5188284518828452,0.94,0.91,0.9,0.93,0.04718462803368067,0.36419103301964706,0.10718462803368067,0.1269423551263025,0.0033927410159047596,1.0,0.0,1.0,1.0,1.0,0.92,0.0,0.047583774035551814,lawful rehosting restores P_body without requiring P_spirit,0.76986,0.546,0.0,1.0,1.0,0.92,0.0,0.0,0.0,0.00026637152770953823,0.0,0.0002663715277095857,0.0,0.0,0.0,0.0,False
resurrection_body_only,125,0.5230125523012552,0.94,0.91,0.9,0.93,0.050635218220626145,0.36620387729536524,0.11063521822062615,0.13988206832734806,0.005022186381962346,1.0,0.0,1.0,1.0,1.0,0.92,0.0,0.0512260636773276,lawful rehosting restores P_body without requiring P_spirit,0.76986,0.546,0.0,1.0,1.0,0.92,0.0,0.0,0.0,0.0003213601443944463,0.0,0.0003213601443944336,0.0,0.0,0.0,0.0,False
resurrection_body_only,126,0.5271966527196653,0.94,0.91,0.9,0.93,0.05471814567733578,0.36858558497844585,0.11471814567733578,0.15519304629000918,0.006950235458741895,1.0,0.0,1.0,1.0,1.0,0.92,0.0,0.055535820437187765,lawful rehosting restores P_body without requiring P_spirit,0.76986,0.546,0.0,1.0,1.0,0.92,0.0,0.0,0.0,0.0003941140776011749,0.0,0.0003941140776011487,0.0,0.0,0.0,0.0,False
resurrection_body_only,127,0.5313807531380753,0.94,0.91,0.9,0.93,0.059414096498196525,0.37132488962394794,0.11941409649819652,0.17280286186823696,0.009167767790815025,1.0,0.0,1.0,1.0,1.0,0.92,0.0,0.06049265741476299,lawful rehosting restores P_body without requiring P_spirit,0.76986,0.546,0.0,1.0,1.0,0.92,0.0,0.0,0.0,0.000488452566567445,0.0,0.0004884525665674877,0.0,0.0,0.0,0.0,False
resurrection_body_only,128,0.5355648535564853,0.94,0.91,0.9,0.93,0.06470375677759564,0.37441052478693077,0.12470375677759565,0.19263908791598366,0.011665662922753499,1.0,0.0,1.0,1.0,1.0,0.92,0.0,0.06607618770968429,lawful rehosting restores P_body without requiring P_spirit,0.76986,0.546,0.0,1.0,1.0,0.92,0.0,0.0,0.0,0.0006088789948183054,0.0,0.0006088789948183182,0.0,0.0,0.0,0.0,False
resurrection_body_only,129,0.5397489539748954,0.94,0.91,0.9,0.93,0.07056781260992048,0.3778312240224536,0.13056781260992048,0.21462929728720181,0.014434800399129118,1.0,0.0,1.0,1.0,1.0,0.92,0.0,0.07226602442158273,lawful rehosting restores P_body without requiring P_spirit,0.76986,0.546,0.0,1.0,1.0,0.92,0.0,0.0,0.0,0.0007605806408764531,0.0,0.0007605806408764737,0.0,0.0,0.0,0.0,False
resurrection_body_only,130,0.5439330543933054,0.94,0.91,0.9,0.93,0.0769869500895579,0.38157572088557545,0.1369869500895579,0.23870106283584216,0.017466059764513455,1.0,0.0,1.0,1.0,1.0,0.92,0.0,0.0790417806500889,lawful rehosting restores P_body without requiring P_spirit,0.76986,0.546,0.0,1.0,1.0,0.92,0.0,0.0,0.0,0.0009494192417939367,0.0,0.0009494192417939251,0.0,0.0,0.0,0.0,False
resurrection_body_only,131,0.5481171548117155,0.94,0.91,0.9,0.93,0.08394185531089537,0.38563274893135563,0.14394185531089537,0.2647819574158577,0.020750320563478374,1.0,0.0,1.0,1.0,1.0,0.92,0.0,0.08638306949483401,lawful rehosting restores P_body without requiring P_spirit,0.76986,0.546,0.0,1.0,1.0,0.92,0.0,0.0,0.0,0.0011819112144058452,0.0,0.0011819112144058064,0.0,0.0,0.0,0.0,False
resurrection_body_only,132,0.5523012552301255,0.94,0.91,0.9,0.93,0.09141321436831976,0.38999104171485316,0.15141321436831978,0.29279955388119916,0.024278462340595445,1.0,0.0,1.0,1.0,1.0,0.92,0.0,0.09426950405544864,lawful rehosting restores P_body without requiring P_spirit,0.76986,0.546,0.0,1.0,1.0,0.92,0.0,0.0,0.0,0.0014651973788367234,0.0,0.001465197378836769,0.0,0.0,0.0,0.0,False
resurrection_body_only,133,0.5564853556485355,0.94,0.91,0.9,0.93,0.09938171335621837,0.3946393327911274,0.15938171335621837,0.32268142508581893,0.028041364640436457,1.0,0.0,1.0,1.0,1.0,0.92,0.0,0.10268069743156383,lawful rehosting restores P_body without requiring P_spirit,0.76986,0.546,0.0,1.0,1.0,0.92,0.0,0.0,0.0,0.0018070027680492172,0.0,0.0018070027680492373,0.0,0.0,0.0,0.0,False
resurrection_body_only,134,0.5606694560669456,0.94,0.91,0.9,0.93,0.10782803836897864,0.3995663557152375,0.16782803836897864,0.35435514388366995,0.032029907007573244,1.0,0.0,1.0,1.0,1.0,0.92,0.0,0.11159626272281079,lawful rehosting restores P_body without requiring P_spirit,0.76986,0.546,0.0,1.0,1.0,0.92,0.0,0.0,0.0,0.002215587584753311,0.0,0.0022155875847532647,0.0,0.0,0.0,0.0,False
resurrection_body_only,135,0.5648535564853556,0.94,0.91,0.9,0.93,0.11673287550098724,0.40476084404224255,0.17673287550098724,0.38774828312870213,0.036234968986577305,1.0,0.0,1.0,1.0,1.0,0.92,0.0,0.12099581302881987,lawful rehosting restores P_body without requiring P_spirit,0.76986,0.546,0.0,1.0,1.0,0.92,0.0,0.0,0.0,0.002699690612402488,0.0,0.0026996906124024944,0.0,0.0,0.0,0.0,False
resurrection_body_only,136,0.5690376569037657,0.94,0.91,0.9,0.93,0.12607691084663183,0.4102115313272019,0.18607691084663186,0.42278841567486947,0.04064743012202059,1.0,0.0,1.0,1.0,1.0,0.92,0.0,0.1308589614492225,lawful rehosting restores P_body without requiring P_spirit,0.76986,0.546,0.0,1.0,1.0,0.92,0.0,0.0,0.0,0.003268466447586155,0.0,0.0032684664475861602,0.0,0.0,0.0,0.0,False
resurrection_body_only,137,0.5732217573221757,0.94,0.91,0.9,0.93,0.1358408305002991,0.41590715112517446,0.1958408305002991,0.4594031143761217,0.04525816995847458,1.0,0.0,1.0,1.0,1.0,0.92,0.0,0.14116532108364904,lawful rehosting restores P_body without requiring P_spirit,0.76986,0.546,0.0,1.0,1.0,0.92,0.0,0.0,0.0,0.0039314178502129395,0.0,0.003931417850212893,0.0,0.0,0.0,0.0,False
resurrection_body_only,138,0.5774058577405857,0.94,0.91,0.9,0.93,0.14600532055637647,0.4218364369912196,0.20600532055637646,0.49751995208641175,0.05005806804051111,1.0,0.0,1.0,1.0,1.0,0.92,0.0,0.15189450503173071,lawful rehosting restores P_body without requiring P_spirit,0.76986,0.546,0.0,1.0,1.0,0.92,0.0,0.0,0.0,0.004698324356182378,0.0,0.004698324356182337,0.0,0.0,0.0,0.0,False
resurrection_body_only,139,0.5815899581589958,0.94,0.91,0.9,0.93,0.15655106710925135,0.42798812248039664,0.21655106710925137,0.5370665016596926,0.055038003912702034,1.0,0.0,1.0,1.0,1.0,0.92,0.0,0.16302612639309866,lawful rehosting restores P_body without requiring P_spirit,0.76986,0.546,0.0,1.0,1.0,0.92,0.0,0.0,0.0,0.005579168107547737,0.0,0.005579168107547772,0.0,0.0,0.0,0.0,False
resurrection_body_only,140,0.5857740585774058,0.94,0.91,0.9,0.93,0.1674587562533104,0.4343509411477644,0.22745875625331038,0.577970335949914,0.0601888571196188,1.0,0.0,1.0,1.0,1.0,0.92,0.0,0.1745397982673832,lawful rehosting restores P_body without requiring P_spirit,0.76986,0.546,0.0,1.0,1.0,0.92,0.0,0.0,0.0,0.006584057659977368,0.0,0.006584057659977383,0.0,0.0,0.0,0.0,False
resurrection_body_only,141,0.5899581589958159,0.94,0.91,0.9,0.93,0.17870907408294134,0.4409136265483824,0.23870907408294134,0.62015902781103,0.06550150720583342,1.0,0.0,1.0,1.0,1.0,0.92,0.0,0.18641513375421587,lawful rehosting restores P_body without requiring P_spirit,0.76986,0.546,0.0,1.0,1.0,0.92,0.0,0.0,0.0,0.00772315034866162,0.0,0.007723150348661667,0.0,0.0,0.0,0.0,False
resurrection_body_only,142,0.5941422594142259,0.94,0.91,0.9,0.93,0.19028270669253075,0.4476649122373096,0.2502827066925307,0.6635601500969903,0.0709668337159173,1.0,0.0,1.0,1.0,1.0,0.92,0.0,0.1986317459532269,lawful rehosting restores P_body without requiring P_spirit,0.76986,0.546,0.0,1.0,1.0,0.92,0.0,0.0,0.0,0.009006573644488232,0.0,0.009006573644488203,0.0,0.0,0.0,0.0,False
resurrection_body_only,143,0.5983263598326359,0.94,0.91,0.9,0.93,0.2021603401764661,0.4545935317696052,0.2621603401764661,0.708101275661748,0.07657571619444234,1.0,0.0,1.0,1.0,1.0,0.92,0.0,0.21116924796404757,lawful rehosting restores P_body without requiring P_spirit,0.76986,0.546,0.0,1.0,1.0,0.92,0.0,0.0,0.0,0.010444345817797358,0.0,0.010444345817797407,0.0,0.0,0.0,0.0,False
resurrection_body_only,144,0.602510460251046,0.94,0.91,0.9,0.93,0.21432266062913488,0.46168821870032867,0.2743226606291349,0.7537099773592558,0.08231903418598037,1.0,0.0,1.0,1.0,1.0,0.92,0.0,0.22400725288630907,lawful rehosting restores P_body without requiring P_spirit,0.76986,0.546,0.0,1.0,1.0,0.92,0.0,0.0,0.0,0.012046296147523066,0.0,0.012046296147523061,0.0,0.0,0.0,0.0,False
resurrection_body_only,145,0.606694560669456,0.94,0.91,0.9,0.93,0.22675035414492362,0.46893770658453876,0.2867503541449236,0.8003138280434635,0.08818766723510282,1.0,0.0,1.0,1.0,1.0,0.92,0.0,0.23712537381964158,lawful rehosting restores P_body without requiring P_spirit,0.76986,0.546,0.0,1.0,1.0,0.92,0.0,0.0,0.0,0.013821984865851913,0.0,0.013821984865851955,0.0,0.0,0.0,0.0,False
resurrection_body_only,146,0.6108786610878661,0.94,0.91,0.9,0.93,0.2394241068182202,0.4763307289772951,0.2994241068182202,0.8478404005683259,0.09417249488638178,1.0,0.0,1.0,1.0,1.0,0.92,0.0,0.2505032238636769,lawful rehosting restores P_body without requiring P_spirit,0.76986,0.546,0.0,1.0,1.0,0.92,0.0,0.0,0.0,0.01578062300764691,0.0,0.015780623007646932,0.0,0.0,0.0,0.0,False
resurrection_body_only,147,0.6150627615062761,0.94,0.91,0.9,0.93,0.25232460474341106,0.4838560194336564,0.31232460474341106,0.8962172677877915,0.10026439668438857,1.0,0.0,1.0,1.0,1.0,0.92,0.0,0.26412041611804504,lawful rehosting restores P_body without requiring P_spirit,0.76986,0.546,0.0,1.0,1.0,0.92,0.0,0.0,0.0,0.017930992334068183,0.0,0.01793099233406814,0.0,0.0,0.0,0.0,False
resurrection_body_only,148,0.6192468619246861,0.94,0.91,0.9,0.93,0.26543253401488365,0.4915023115086821,0.3254325340148837,0.9453720025558138,0.10645425217369507,1.0,0.0,1.0,1.0,1.0,0.92,0.0,0.2779565636823772,lawful rehosting restores P_body without requiring P_spirit,0.76986,0.546,0.0,1.0,1.0,0.92,0.0,0.0,0.0,0.020281365515429077,0.0,0.02028136551542903,0.0,0.0,0.0,0.0,False
resurrection_body_only,149,0.6234309623430963,0.94,0.91,0.9,0.93,0.27872858072702555,0.49925833875743153,0.33872858072702555,0.9952321777263459,0.11273294089887319,1.0,0.0,1.0,1.0,1.0,0.92,0.0,0.2919912796563047,lawful rehosting restores P_body without requiring P_spirit,0.76986,0.546,0.0,1.0,1.0,0.92,0.0,0.0,0.0,0.022839426784253356,0.0,0.022839426784253325,0.0,0.0,0.0,0.0,False
resurrection_body_only,150,0.6276150627615062,0.94,0.91,0.9,0.93,0.29219343097422323,0.5071128347349636,0.3521934309742233,1.0457253661533374,0.11909134240449433,1.0,0.0,1.0,1.0,1.0,0.92,0.0,0.3062041771394579,lawful rehosting restores P_body without requiring P_spirit,0.76986,0.546,0.0,1.0,1.0,0.92,0.0,0.0,0.0,0.025612193301445946,0.0,0.02561219330144593,0.0,0.0,0.0,0.0,False
resurrection_body_only,151,0.6317991631799164,0.94,0.91,0.9,0.93,0.3058077708508646,0.5150545329963376,0.3658077708508646,1.0967791406907423,0.1255203362351305,1.0,0.0,1.0,1.0,1.0,0.92,0.0,0.32057486923146816,lawful rehosting restores P_body without requiring P_spirit,0.76986,0.546,0.0,1.0,1.0,0.92,0.0,0.0,0.0,0.028605937512999946,0.0,0.02860593751299989,0.0,0.0,0.0,0.0,False
resurrection_body_only,152,0.6359832635983264,0.94,0.91,0.9,0.93,0.319552286451336,0.5230721670966126,0.379552286451336,1.1483210741925103,0.13201080193535314,1.0,0.0,1.0,1.0,1.0,0.92,0.0,0.3350829690319658,lawful rehosting restores P_body without requiring P_spirit,0.76986,0.546,0.0,1.0,1.0,0.92,0.0,0.0,0.0,0.031826110809106786,0.0,0.0318261108091068,0.0,0.0,0.0,0.0,False
resurrection_body_only,153,0.6401673640167364,0.94,0.91,0.9,0.93,0.3334076638700252,0.531154470590848,0.39340766387002524,1.2002787395125947,0.13855361904973415,1.0,0.0,1.0,1.0,1.0,0.92,0.0,0.34970808964058214,lawful rehosting restores P_body without requiring P_spirit,0.76986,0.546,0.0,1.0,1.0,0.92,0.0,0.0,0.0,0.03527726883002843,0.0,0.03527726883002846,0.0,0.0,0.0,0.0,False
resurrection_body_only,154,0.6443514644351465,0.94,0.91,0.9,0.93,0.34735458920131956,0.5392901770341031,0.4073545892013196,1.2525797095049487,0.14513966712284537,1.0,0.0,1.0,1.0,1.0,0.92,0.0,0.36442984415694846,lawful rehosting restores P_body without requiring P_spirit,0.76986,0.546,0.0,1.0,1.0,0.92,0.0,0.0,0.0,0.03896299879233316,0.0,0.038962998792333114,0.0,0.0,0.0,0.0,False
resurrection_body_only,155,0.6485355648535565,0.94,0.91,0.9,0.93,0.36137374853960547,0.5474680199814366,0.4213737485396055,1.3051515570235208,0.15175982569925817,1.0,0.0,1.0,1.0,1.0,0.92,0.0,0.3792278456806947,lawful rehosting restores P_body without requiring P_spirit,0.76986,0.546,0.0,1.0,1.0,0.92,0.0,0.0,0.0,0.04288584923431184,0.0,0.042885849234311824,0.0,0.0,0.0,0.0,False
resurrection_body_only,156,0.6527196652719666,0.94,0.91,0.9,0.93,0.3754458279792709,0.555676732987908,0.4354458279792709,1.357921854922266,0.1584049743235446,1.0,0.0,1.0,1.0,1.0,0.92,0.0,0.3940817073114526,lawful rehosting restores P_body without requiring P_spirit,0.76986,0.546,0.0,1.0,1.0,0.92,0.0,0.0,0.0,0.047047262600149194,0.0,0.04704726260014924,0.0,0.0,0.0,0.0,False
resurrection_body_only,157,0.6569037656903766,0.94,0.91,0.9,0.93,0.38955151361470225,0.5639050496085763,0.44955151361470225,1.4108181760551337,0.1650659925402761,1.0,0.0,1.0,1.0,1.0,0.92,0.0,0.40897104214885244,lawful rehosting restores P_body without requiring P_spirit,0.76986,0.546,0.0,1.0,1.0,0.92,0.0,0.0,0.0,0.05144751109858152,0.0,0.05144751109858148,0.0,0.0,0.0,0.0,False
resurrection_body_only,158,0.6610878661087866,0.94,0.91,0.9,0.93,0.40367149154028725,0.5721417033985009,0.4636714915402873,1.4637680932760775,0.17173375989402456,1.0,0.0,1.0,1.0,1.0,0.92,0.0,0.4238754632925254,lawful rehosting restores P_body without requiring P_spirit,0.76986,0.546,0.0,1.0,1.0,0.92,0.0,0.0,0.0,0.056085636283384185,0.0,0.056085636283384144,0.0,0.0,0.0,0.0,False
resurrection_body_only,159,0.6652719665271967,0.94,0.91,0.9,0.93,0.4177864478504132,0.580375427912741,0.47778644785041324,1.5166991794390496,0.1783991559293618,1.0,0.0,1.0,1.0,1.0,0.92,0.0,0.4387745838421028,lawful rehosting restores P_body without requiring P_spirit,0.76986,0.546,0.0,1.0,1.0,0.92,0.0,0.0,0.0,0.060959392810251874,0.0,0.06095939281025187,0.0,0.0,0.0,0.0,False
resurrection_body_only,160,0.6694560669456067,0.94,0.91,0.9,0.93,0.4318770686394665,0.5885949567063555,0.49187706863946656,1.5695390073979998,0.1850530601908592,1.0,0.0,1.0,1.0,1.0,0.92,0.0,0.4536480168972147,lawful rehosting restores P_body without requiring P_spirit,0.76986,0.546,0.0,1.0,1.0,0.92,0.0,0.0,0.0,0.06606519682772795,0.0,0.06606519682772793,0.0,0.0,0.0,0.0,False
resurrection_body_only,161,0.6736401673640168,0.94,0.91,0.9,0.93,0.44592404000183533,0.596789023334404,0.5059240400018353,1.6222151500068827,0.1916863522230889,1.0,0.0,1.0,1.0,1.0,0.92,0.0,0.46847537555749286,lawful rehosting restores P_body without requiring P_spirit,0.76986,0.546,0.0,1.0,1.0,0.92,0.0,0.0,0.0,0.07139807945907567,0.0,0.07139807945907561,0.0,0.0,0.0,0.0,False
resurrection_body_only,162,0.6778242677824268,0.94,0.91,0.9,0.93,0.4599080480319058,0.604946361351945,0.5199080480319058,1.6746551801196472,0.19828991157062223,1.0,0.0,1.0,1.0,1.0,0.92,0.0,0.4832362729225673,lawful rehosting restores P_body without requiring P_spirit,0.76986,0.546,0.0,1.0,1.0,0.92,0.0,0.0,0.0,0.07695164582765968,0.0,0.07695164582765968,0.0,0.0,0.0,0.0,False
resurrection_body_only,163,0.6820083682008368,0.94,0.91,0.9,0.93,0.4738097788240658,0.6130557043140383,0.5338097788240658,1.726786670590247,0.2048546177780311,1.0,0.0,1.0,1.0,1.0,0.92,0.0,0.4979103220920694,lawful rehosting restores P_body without requiring P_spirit,0.76986,0.546,0.0,1.0,1.0,0.92,0.0,0.0,0.0,0.08271804007082217,0.0,0.08271804007082217,0.20485461757317647,0.0,0.20485461757317647,0.010242730878658825,False
resurrection_body_only,164,0.6861924686192469,0.94,0.91,0.9,0.93,0.4876099184727025,0.6211057857757432,0.5476099184727026,1.7785371942726347,0.21137135038988733,1.0,0.0,1.0,1.0,1.0,0.92,0.0,0.5124771361656305,lawful rehosting restores P_body without requiring P_spirit,0.76986,0.5497283540398318,0.0,1.0,1.0,0.92,0.0,0.0,0.0,0.0886879167766407,0.0,0.08868791677664067,0.21137135017851597,0.0,0.21137135017851594,0.02029916184365168,False
resurrection_body_only,165,0.6903765690376569,0.94,0.91,0.9,0.93,0.5012891530722027,0.6290853392921183,0.5612891530722027,1.8298343240207602,0.2178309889507624,1.0,0.0,1.0,1.0,1.0,0.92,0.0,0.5269163282428806,lawful rehosting restores P_body without requiring P_spirit,0.76986,0.5533888949110891,0.0,1.0,1.0,0.92,0.0,0.0,0.0,0.09485041926461546,0.0,0.09485041926461546,0.21783098873293139,0.0,0.21783098873293139,0.030175753188115665,False
resurrection_body_only,166,0.694560669456067,0.94,0.91,0.9,0.93,0.514828168716954,0.6369830984182232,0.5748281687169541,1.880605632688578,0.22422441300522833,1.0,0.0,1.0,1.0,1.0,0.92,0.0,0.5412075114234516,lawful rehosting restores P_body without requiring P_spirit,0.76986,0.5569839741604741,0.0,1.0,1.0,0.92,0.0,0.0,0.0,0.10119316511545133,0.0,0.10119316511545129,0.22422441278100388,0.0,0.2242244127810039,0.03987818616776008,False
resurrection_body_only,167,0.698744769874477,0.94,0.91,0.9,0.93,0.528207651501343,0.6447877967091167,0.5882076515013429,1.9307786931300364,0.23054250209785643,1.0,0.0,1.0,1.0,1.0,0.92,0.0,0.5553302988069732,lawful rehosting restores P_body without requiring P_spirit,0.76986,0.5605156597650647,0.0,1.0,1.0,0.92,0.0,0.0,0.0,0.10770223933686683,0.0,0.10770223933686685,0.2305425018673139,0.0,0.23054250186731395,0.04941140195273777,False
resurrection_body_only,168,0.702928870292887,0.94,0.91,0.9,0.93,0.5414082875197572,0.6524881677198584,0.6014082875197572,1.9802810781990898,0.2367761357732187,1.0,0.0,1.0,1.0,1.0,0.92,0.0,0.5692643034930771,lawful rehosting restores P_body without requiring P_spirit,0.76986,0.5639857503107966,0.0,1.0,1.0,0.92,0.0,0.0,0.0,0.11436219553195354,0.0,0.11436219553195359,0.23677613553644256,0.0,0.2367761355364426,0.05877963863192301,False
resurrection_body_only,169,0.7071129707112971,0.94,0.91,0.9,0.93,0.5544107628665841,0.6600729450055074,0.614410762866584,2.0290403607496903,0.24291619357588692,1.0,0.0,1.0,1.0,1.0,0.92,0.0,0.5829891385813943,lawful rehosting restores P_body without requiring P_spirit,0.76986,0.56739578846202,0.0,1.0,1.0,0.92,0.0,0.0,0.0,0.1211560654141292,0.0,0.12115606541412915,0.2429161933329707,0.0,0.24291619333297065,0.06798646636697539,False
resurrection_body_only,170,0.7112970711297071,0.94,0.91,0.9,0.93,0.5671957636362103,0.6675308621211227,0.6271957636362102,2.0769841136357883,0.24895355505043262,1.0,0.0,1.0,1.0,1.0,0.92,0.0,0.5964844171715553,lawful rehosting restores P_body without requiring P_spirit,0.76986,0.570747073757579,0.0,1.0,1.0,0.92,0.0,0.0,0.0,0.1280653769883239,0.0,0.12806537698832388,0.24895355480147904,0.0,0.24895355480147907,0.07703482078870057,False
resurrection_body_only,171,0.7154811715481172,0.94,0.91,0.9,0.93,0.5797439759230234,0.6748506526217637,0.6397439759230233,2.124039909711338,0.25487909974142775,1.0,0.0,1.0,1.0,1.0,0.92,0.0,0.6097297523631915,lawful rehosting restores P_body without requiring P_spirit,0.76986,0.574040674767087,0.0,1.0,1.0,0.92,0.0,0.0,0.0,0.13507018169176271,0.0,0.13507018169176277,0.25487909948654863,0.0,0.25487909948654863,0.08592703472359298,False
resurrection_body_only,172,0.7196652719665272,0.94,0.91,0.9,0.93,0.5920360858214101,0.6820210500624893,0.65203608582141,2.170135321830288,0.2606837071934437,1.0,0.0,1.0,1.0,1.0,0.92,0.0,0.6227047572559329,lawful rehosting restores P_body without requiring P_spirit,0.76986,0.5772774406393878,0.0,1.0,1.0,0.92,0.0,0.0,0.0,0.14214909075964763,0.0,0.14214909075964766,0.26068370693275994,0.0,0.2606837069327599,0.09466486833405133,False
resurrection_body_only,173,0.7238493723849372,0.94,0.91,0.9,0.93,0.6040527794257579,0.6890307879983587,0.6640527794257578,2.215197922846592,0.2663582569510523,1.0,0.0,1.0,1.0,1.0,0.92,0.0,0.6353890449494111,lawful rehosting restores P_body without requiring P_spirit,0.76986,0.5804580120735947,0.0,1.0,1.0,0.92,0.0,0.0,0.0,0.1492793210512485,0.0,0.14927932105124853,0.26635825668469404,0.0,0.26635825668469404,0.10324953775158346,False
resurrection_body_only,174,0.7280334728033473,0.94,0.91,0.9,0.93,0.6157747428304541,0.6958685999844315,0.675774742830454,2.259155285614203,0.27189362855882554,1.0,0.0,1.0,1.0,1.0,0.92,0.0,0.6477622285432572,lawful rehosting restores P_body without requiring P_spirit,0.76986,0.5835828317415764,0.0,1.0,1.0,0.92,0.0,0.0,0.0,0.15643675054039743,0.0,0.1564367505403974,0.27189362828693187,0.0,0.27189362828693187,0.11168174227835088,False
resurrection_body_only,175,0.7322175732217573,0.94,0.91,0.9,0.93,0.6271826621298853,0.7025232195757665,0.6871826621298852,2.30193498298707,0.2772807015613348,1.0,0.0,1.0,1.0,1.0,0.92,0.0,0.6598039211371012,lawful rehosting restores P_body without requiring P_spirit,0.76986,0.5866521541893197,0.0,1.0,1.0,0.92,0.0,0.0,0.0,0.16359598364119224,0.0,0.1635959836411922,0.2772807012840541,0.0,0.27728070128405413,0.11996169022863605,False
resurrection_body_only,176,0.7364016736401674,0.94,0.91,0.9,0.93,0.6382572234184396,0.708983380327423,0.6982572234184395,2.3434645878191485,0.282510355503152,1.0,0.0,1.0,1.0,1.0,0.92,0.0,0.6714937358305751,lawful rehosting restores P_body without requiring P_spirit,0.76986,0.5896660552432235,0.0,1.0,1.0,0.92,0.0,0.0,0.0,0.17073042650484102,0.0,0.17073042650484105,0.2825103552206416,0.0,0.2825103552206416,0.1280891234782363,False
resurrection_body_only,177,0.7405857740585774,0.94,0.91,0.9,0.93,0.6489791127905032,0.7152378157944601,0.7089791127905032,2.3836716729643874,0.28757346992884875,1.0,0.0,1.0,1.0,1.0,0.92,0.0,0.682811285723309,lawful rehosting restores P_body without requiring P_spirit,0.76986,0.592624440946078,0.0,1.0,1.0,0.92,0.0,0.0,0.0,0.17781237238700637,0.0,0.17781237238700642,0.2875734696412752,0.0,0.2875734696412753,0.13606334078638826,False
resurrection_body_only,178,0.7447698744769874,0.94,0.91,0.9,0.93,0.6593290163404637,0.7212752595319372,0.7193290163404636,2.4224838112767393,0.2924609243829968,1.0,0.0,1.0,1.0,1.0,0.92,0.0,0.693736183914934,lawful rehosting restores P_body without requiring P_spirit,0.76986,0.5955270560462453,0.0,1.0,1.0,0.92,0.0,0.0,0.0,0.18481309714675928,0.0,0.1848130971467593,0.29246092409053587,0.0,0.2924609240905358,0.14388321995159564,False
resurrection_body_only,179,0.7489539748953975,0.94,0.91,0.9,0.93,0.6692876201627086,0.7270844450949133,0.7292876201627085,2.4598285756101577,0.297163598410168,1.0,0.0,1.0,1.0,1.0,0.92,0.0,0.7042480435050813,lawful rehosting restores P_body without requiring P_spirit,0.76986,0.5983734920623809,0.0,1.0,1.0,0.92,0.0,0.0,0.0,0.1917029648982398,0.0,0.1917029648982398,0.29716359811300436,0.0,0.2971635981130043,0.15154723885966606,False
resurrection_body_only,180,0.7531380753138075,0.94,0.91,0.9,0.93,0.6788356103516244,0.7326541060384475,0.7388356103516244,2.4956335388185917,0.30167237155493376,1.0,0.0,1.0,1.0,1.0,0.92,0.0,0.7143264775933813,lawful rehosting restores P_body without requiring P_spirit,0.76986,0.6011631949449184,0.0,1.0,1.0,0.92,0.0,0.0,0.0,0.19845154379437646,0.0,0.19845154379437646,0.30167237125326135,0.0,0.3016723712532614,0.15905349547934583,False
resurrection_body_only,181,0.7573221757322176,0.94,0.91,0.9,0.93,0.6879536730015988,0.7379729759175992,0.7479536730015988,2.5298262737559956,0.30597812336186614,1.0,0.0,1.0,1.0,1.0,0.92,0.0,0.7239510992794654,lawful rehosting restores P_body without requiring P_spirit,0.76986,0.6038954723544818,0.0,1.0,1.0,0.92,0.0,0.0,0.0,0.20502773187844395,0.0,0.20502773187844392,0.305978123055888,0.0,0.305978123055888,0.16639972685817292,False
resurrection_body_only,182,0.7615062761506276,0.94,0.91,0.9,0.93,0.6966224942070187,0.7430297882874275,0.7566224942070187,2.56233435327632,0.3100717333755366,1.0,0.0,1.0,1.0,1.0,0.92,0.0,0.7331015216629642,lawful rehosting restores P_body without requiring P_spirit,0.76986,0.6065695005763749,0.0,1.0,1.0,0.92,0.0,0.0,0.0,0.211399892893803,0.0,0.211399892893803,0.31007173306546487,0.0,0.31007173306546487,0.17358332716853753,False
resurrection_body_only,183,0.7656903765690377,0.94,0.91,0.9,0.93,0.7048227600622714,0.7478132767029917,0.7648227600622713,2.593085350233518,0.3139440811405171,1.0,0.0,1.0,1.0,1.0,0.92,0.0,0.7417573578435088,lawful rehosting restores P_body without requiring P_spirit,0.76986,0.6091843310893477,0.0,1.0,1.0,0.92,0.0,0.0,0.0,0.2175360018948194,0.0,0.21753600189481936,0.313944080826573,0.0,0.313944080826573,0.1806013648514393,False
resurrection_body_only,184,0.7698744769874477,0.94,0.91,0.9,0.93,0.7125351566617439,0.7523121747193506,0.7725351566617439,2.62200683748154,0.3175860462013791,1.0,0.0,1.0,1.0,1.0,0.92,0.0,0.7498982209207297,lawful rehosting restores P_body without requiring P_spirit,0.76986,0.6117388968059239,0.0,1.0,1.0,0.92,0.0,0.0,0.0,0.22340380045259572,0.0,0.22340380045259578,0.317586045883793,0.0,0.317586045883793,0.187450598903057,False
resurrection_body_only,185,0.7740585774058577,0.94,0.91,0.9,0.93,0.7197403700998235,0.7565152158915637,0.7797403700998234,2.649026387874338,0.3209885081026944,1.0,0.0,1.0,1.0,1.0,0.92,0.0,0.7575037239942581,lawful rehosting restores P_body without requiring P_spirit,0.76986,0.6142320180007127,0.0,1.0,1.0,0.92,0.0,0.0,0.0,0.2289709611977219,0.0,0.22897096119772187,0.3209885077817059,0.0,0.32098850778170585,0.19412749434698942,False
resurrection_body_only,186,0.7782426778242678,0.94,0.91,0.9,0.93,0.7264190864708976,0.7604111337746902,0.7864190864708975,2.674071574265866,0.324142346389035,1.0,0.0,1.0,1.0,1.0,0.92,0.0,0.7645534801637253,lawful rehosting restores P_body without requiring P_spirit,0.76986,0.6166624079423042,0.0,1.0,1.0,0.92,0.0,0.0,0.0,0.23420526138863726,0.0,0.2342052613886373,0.3241423460648926,0.0,0.3241423460648927,0.2006282369328846,False
resurrection_body_only,187,0.7824267782426778,0.94,0.91,0.9,0.93,0.7325519918693528,0.7639886619237891,0.7925519918693528,2.6970699695100735,0.3270384406049722,1.0,0.0,1.0,1.0,1.0,0.92,0.0,0.7710271025287614,lawful rehosting restores P_body without requiring P_spirit,0.76986,0.61902867824357,0.0,1.0,1.0,0.92,0.0,0.0,0.0,0.239074765138318,0.0,0.23907476513831805,0.3270384402779338,0.0,0.32703844027793383,0.20694874710013703,False
resurrection_body_only,188,0.7866108786610879,0.94,0.91,0.9,0.93,0.7381197723895768,0.7672365338939198,0.7981197723895768,2.7179491464609136,0.329667670295078,1.0,0.0,1.0,1.0,1.0,0.92,0.0,0.7769042041889979,lawful rehosting restores P_body without requiring P_spirit,0.76986,0.6213293439444499,0.0,1.0,1.0,0.92,0.0,0.0,0.0,0.24354801387372532,0.0,0.24354801387372538,0.3296676699654103,0.0,0.3296676699654103,0.21308469324340068,False
resurrection_body_only,189,0.7907949790794979,0.94,0.91,0.9,0.93,0.7431031141259564,0.7701434832401413,0.8031031141259564,2.736636677972337,0.3320209150039239,1.0,0.0,1.0,1.0,1.0,0.92,0.0,0.7821643982440653,lawful rehosting restores P_body without requiring P_spirit,0.76986,0.6235628283405978,0.0,1.0,1.0,0.92,0.0,0.0,0.0,0.24759422454164862,0.0,0.2475942245416486,0.3320209146719029,0.0,0.33202091467190287,0.21903150431482576,False
resurrection_body_only,190,0.7949790794979079,0.94,0.91,0.9,0.93,0.747482703172879,0.7726982435175127,0.807482703172879,2.7530601368982968,0.3340890542760818,1.0,0.0,1.0,1.0,1.0,0.92,0.0,0.7867872977935946,lawful rehosting restores P_body without requiring P_spirit,0.76986,0.6257274675705966,0.0,1.0,1.0,0.92,0.0,0.0,0.0,0.2511834950111152,0.0,0.25118349501111514,0.33408905394199273,0.0,0.33408905394199273,0.2247843817961841,False
resurrection_body_only,191,0.799163179916318,0.94,0.91,0.9,0.93,0.7512392256247319,0.7748895482810936,0.8112392256247318,2.767147096092745,0.3358629676561234,1.0,0.0,1.0,1.0,1.0,0.92,0.0,0.790752515937217,lawful rehosting restores P_body without requiring P_spirit,0.76986,0.627821514973811,0.0,1.0,1.0,0.92,0.0,0.0,0.0,0.2542870160562402,0.0,0.25428701605624027,0.3358629673202604,0.0,0.33586296732026044,0.23033831107238792,False
resurrection_body_only,192,0.803347280334728,0.94,0.91,0.9,0.93,0.7543533675759018,0.7767061310859427,0.8143533675759017,2.778825128409632,0.3373335346886203,1.0,0.0,1.0,1.0,1.0,0.92,0.0,0.7940396657745631,lawful rehosting restores P_body without requiring P_spirit,0.76986,0.6298431452303492,0.0,1.0,1.0,0.92,0.0,0.0,0.0,0.256877289234089,0.0,0.2568772892340889,0.33733353435128677,0.0,0.33733353435128677,0.23568807223633284,False
resurrection_body_only,193,0.8075313807531381,0.94,0.91,0.9,0.93,0.7568058151207763,0.7781367254871194,0.8168058151207762,2.788021806702911,0.3384916349181444,1.0,0.0,1.0,1.0,1.0,0.92,0.0,0.7966283604052639,lawful rehosting restores P_body without requiring P_spirit,0.76986,0.6317904582940251,0.0,1.0,1.0,0.92,0.0,0.0,0.0,0.2589283498996119,0.0,0.2589283498996119,0.3384916345796527,0.0,0.3384916345796527,0.24082825035349884,False
resurrection_body_only,194,0.8117154811715481,0.94,0.91,0.9,0.93,0.7585772543537422,0.7791700650396829,0.8185772543537422,2.7946647038265335,0.3393281478892672,1.0,0.0,1.0,1.0,1.0,0.92,0.0,0.7984982129289502,lawful rehosting restores P_body without requiring P_spirit,0.76986,0.6336614831286737,0.0,1.0,1.0,0.92,0.0,0.0,0.0,0.26041599452375996,0.0,0.26041599452375996,0.339328147549939,0.0,0.339328147549939,0.24575324521332081,False
resurrection_body_only,195,0.8158995815899581,0.94,0.91,0.9,0.93,0.7596483713691872,0.7797948832986925,0.8196483713691871,2.7986813926344523,0.3398339531465606,1.0,0.0,1.0,1.0,1.0,0.92,0.0,0.7996288364452532,lawful rehosting restores P_body without requiring P_spirit,0.76986,0.6354541812576487,0.0,1.0,1.0,0.92,0.0,0.0,0.0,0.2613180114012634,0.0,0.26131801140126343,0.3398339528067266,0.0,0.3398339528067267,0.2504572805929911,False
resurrection_body_only,196,0.8200836820083682,0.94,0.91,0.9,0.93,0.76,0.78,0.82,2.8000000000000003,0.34,1.0,0.0,1.0,1.0,1.0,0.92,0.0,0.8,lawful rehosting restores P_body without requiring P_spirit,0.76986,0.6371664501358487,0.0,1.0,1.0,0.92,0.0,0.0,0.0,0.2616145383808748,0.0,0.2616145383808748,0.33999999966,0.0,0.33999999966000005,0.2549344165463415,False
resurrection_body_only,197,0.8242677824267782,0.94,0.91,0.9,0.93,0.76,0.78,0.82,2.8000000000000003,0.34,1.0,0.0,1.0,1.0,1.0,0.92,0.0,0.8,lawful rehosting restores P_body without requiring P_spirit,0.76986,0.6387961276228683,0.0,1.0,1.0,0.92,0.0,0.0,0.0,0.2616145383808748,0.0,0.2616145383808748,0.33999999966,0.0,0.33999999966000005,0.25918769570202443,False
resurrection_body_only,198,0.8284518828451883,0.94,0.91,0.9,0.93,0.76,0.78,0.82,2.8000000000000003,0.34,1.0,0.0,1.0,1.0,1.0,0.92,0.0,0.8,lawful rehosting restores P_body without requiring P_spirit,0.76986,0.6403443212355369,0.0,1.0,1.0,0.92,0.0,0.0,0.0,0.2616145383808748,0.0,0.2616145383808748,0.33999999966,0.0,0.33999999966000005,0.2632283108999232,False
resurrection_body_only,199,0.8326359832635983,0.94,0.91,0.9,0.93,0.76,0.78,0.82,2.8000000000000003,0.34,1.0,0.0,1.0,1.0,1.0,0.92,0.0,0.8,lawful rehosting restores P_body without requiring P_spirit,0.76986,0.641815105167572,0.0,1.0,1.0,0.92,0.0,0.0,0.0,0.2616145383808748,0.0,0.2616145383808748,0.33999999966,0.0,0.33999999966000005,0.26706689533792705,False
resurrection_body_only,200,0.8368200836820083,0.94,0.91,0.9,0.93,0.76,0.78,0.82,2.8000000000000003,0.34,1.0,0.0,1.0,1.0,1.0,0.92,0.0,0.8,lawful rehosting restores P_body without requiring P_spirit,0.76986,0.6432123499030055,0.0,1.0,1.0,0.92,0.0,0.0,0.0,0.2616145383808748,0.0,0.2616145383808748,0.33999999966,0.0,0.33999999966000005,0.2707135505540307,False
resurrection_body_only,201,0.8410041841004184,0.94,0.91,0.9,0.93,0.76,0.78,0.82,2.8000000000000003,0.34,1.0,0.0,1.0,1.0,1.0,0.92,0.0,0.8,lawful rehosting restores P_body without requiring P_spirit,0.76986,0.6445397324016672,0.0,1.0,1.0,0.92,0.0,0.0,0.0,0.2616145383808748,0.0,0.2616145383808748,0.33999999966,0.0,0.33999999966000005,0.2741778730093291,False
resurrection_body_only,202,0.8451882845188284,0.94,0.91,0.9,0.93,0.76,0.78,0.82,2.8000000000000003,0.34,1.0,0.0,1.0,1.0,1.0,0.92,0.0,0.8,lawful rehosting restores P_body without requiring P_spirit,0.76986,0.6458007457753958,0.0,1.0,1.0,0.92,0.0,0.0,0.0,0.2616145383808748,0.0,0.2616145383808748,0.33999999966,0.0,0.33999999966000005,0.27746897934186265,False
resurrection_body_only,203,0.8493723849372385,0.94,0.91,0.9,0.93,0.76,0.78,0.82,2.8000000000000003,0.34,1.0,0.0,1.0,1.0,1.0,0.92,0.0,0.8,lawful rehosting restores P_body without requiring P_spirit,0.76986,0.6469987084804381,0.0,1.0,1.0,0.92,0.0,0.0,0.0,0.2616145383808748,0.0,0.2616145383808748,0.33999999966,0.0,0.33999999966000005,0.2805955303577695,False
resurrection_body_only,204,0.8535564853556485,0.94,0.91,0.9,0.93,0.76,0.78,0.82,2.8000000000000003,0.34,1.0,0.0,1.0,1.0,1.0,0.92,0.0,0.8,lawful rehosting restores P_body without requiring P_spirit,0.76986,0.6481367730502281,0.0,1.0,1.0,0.92,0.0,0.0,0.0,0.2616145383808748,0.0,0.2616145383808748,0.33999999966,0.0,0.33999999966000005,0.283565753822881,False
resurrection_body_only,205,0.8577405857740585,0.94,0.91,0.9,0.93,0.76,0.78,0.82,2.8000000000000003,0.34,1.0,0.0,1.0,1.0,1.0,0.92,0.0,0.8,lawful rehosting restores P_body without requiring P_spirit,0.76986,0.6492179343915288,0.0,1.0,1.0,0.92,0.0,0.0,0.0,0.2616145383808748,0.0,0.2616145383808748,0.33999999966,0.0,0.33999999966000005,0.286387466114737,False
resurrection_body_only,206,0.8619246861924686,0.94,0.91,0.9,0.93,0.76,0.78,0.82,2.8000000000000003,0.34,1.0,0.0,1.0,1.0,1.0,0.92,0.0,0.8,lawful rehosting restores P_body without requiring P_spirit,0.76986,0.6502450376657642,0.0,1.0,1.0,0.92,0.0,0.0,0.0,0.2616145383808748,0.0,0.2616145383808748,0.33999999966,0.0,0.33999999966000005,0.28906809279200013,False
resurrection_body_only,207,0.8661087866108786,0.94,0.91,0.9,0.93,0.76,0.78,0.82,2.8000000000000003,0.34,1.0,0.0,1.0,1.0,1.0,0.92,0.0,0.8,lawful rehosting restores P_body without requiring P_spirit,0.76986,0.6512207857762881,0.0,1.0,1.0,0.92,0.0,0.0,0.0,0.2616145383808748,0.0,0.2616145383808748,0.33999999966,0.0,0.33999999966000005,0.2916146881354001,False
resurrection_body_only,208,0.8702928870292888,0.94,0.91,0.9,0.93,0.76,0.78,0.82,2.8000000000000003,0.34,1.0,0.0,1.0,1.0,1.0,0.92,0.0,0.8,lawful rehosting restores P_body without requiring P_spirit,0.76986,0.6521477464812856,0.0,1.0,1.0,0.92,0.0,0.0,0.0,0.2616145383808748,0.0,0.2616145383808748,0.33999999966,0.0,0.33999999966000005,0.2940339537116301,False
resurrection_body_only,209,0.8744769874476988,0.94,0.91,0.9,0.93,0.76,0.78,0.82,2.8000000000000003,0.34,1.0,0.0,1.0,1.0,1.0,0.92,0.0,0.8,lawful rehosting restores P_body without requiring P_spirit,0.76986,0.6530283591510334,0.0,1.0,1.0,0.92,0.0,0.0,0.0,0.2616145383808748,0.0,0.2616145383808748,0.33999999966,0.0,0.33999999966000005,0.2963322560090486,False
resurrection_body_only,210,0.8786610878661087,0.94,0.91,0.9,0.93,0.76,0.78,0.82,2.8000000000000003,0.34,1.0,0.0,1.0,1.0,1.0,0.92,0.0,0.8,lawful rehosting restores P_body without requiring P_spirit,0.76986,0.6538649411872938,0.0,1.0,1.0,0.92,0.0,0.0,0.0,0.2616145383808748,0.0,0.2616145383808748,0.33999999966,0.0,0.33999999966000005,0.2985156431915962,False
resurrection_body_only,211,0.8828451882845189,0.94,0.91,0.9,0.93,0.76,0.78,0.82,2.8000000000000003,0.34,1.0,0.0,1.0,1.0,1.0,0.92,0.0,0.8,lawful rehosting restores P_body without requiring P_spirit,0.76986,0.654659694121741,0.0,1.0,1.0,0.92,0.0,0.0,0.0,0.2616145383808748,0.0,0.2616145383808748,0.33999999966,0.0,0.33999999966000005,0.30058986101501634,False
resurrection_body_only,212,0.8870292887029289,0.94,0.91,0.9,0.93,0.76,0.78,0.82,2.8000000000000003,0.34,1.0,0.0,1.0,1.0,1.0,0.92,0.0,0.8,lawful rehosting restores P_body without requiring P_spirit,0.76986,0.6554147094094659,0.0,1.0,1.0,0.92,0.0,0.0,0.0,0.2616145383808748,0.0,0.2616145383808748,0.33999999966,0.0,0.33999999966000005,0.3025603679472655,False
resurrection_body_only,213,0.891213389121339,0.94,0.91,0.9,0.93,0.76,0.78,0.82,2.8000000000000003,0.34,1.0,0.0,1.0,1.0,1.0,0.92,0.0,0.8,lawful rehosting restores P_body without requiring P_spirit,0.76986,0.6561319739328046,0.0,1.0,1.0,0.92,0.0,0.0,0.0,0.2616145383808748,0.0,0.2616145383808748,0.33999999966,0.0,0.33999999966000005,0.3044323495329022,False
resurrection_body_only,214,0.895397489539749,0.94,0.91,0.9,0.93,0.76,0.78,0.82,2.8000000000000003,0.34,1.0,0.0,1.0,1.0,1.0,0.92,0.0,0.8,lawful rehosting restores P_body without requiring P_spirit,0.76986,0.6568133752299765,0.0,1.0,1.0,0.92,0.0,0.0,0.0,0.2616145383808748,0.0,0.2616145383808748,0.33999999966,0.0,0.33999999966000005,0.3062107320392571,False
resurrection_body_only,215,0.899581589958159,0.94,0.91,0.9,0.93,0.76,0.78,0.82,2.8000000000000003,0.34,1.0,0.0,1.0,1.0,1.0,0.92,0.0,0.8,lawful rehosting restores P_body without requiring P_spirit,0.76986,0.6574607064622896,0.0,1.0,1.0,0.92,0.0,0.0,0.0,0.2616145383808748,0.0,0.2616145383808748,0.33999999966,0.0,0.33999999966000005,0.30790019542029423,False
resurrection_body_only,216,0.9037656903765691,0.94,0.91,0.9,0.93,0.76,0.78,0.82,2.8000000000000003,0.34,1.0,0.0,1.0,1.0,1.0,0.92,0.0,0.8,lawful rehosting restores P_body without requiring P_spirit,0.76986,0.6580756711329872,0.0,1.0,1.0,0.92,0.0,0.0,0.0,0.2616145383808748,0.0,0.2616145383808748,0.33999999966,0.0,0.33999999966000005,0.3095051856322795,False
resurrection_body_only,217,0.9079497907949791,0.94,0.91,0.9,0.93,0.76,0.78,0.82,2.8000000000000003,0.34,1.0,0.0,1.0,1.0,1.0,0.92,0.0,0.8,lawful rehosting restores P_body without requiring P_spirit,0.76986,0.6586598875701497,0.0,1.0,1.0,0.92,0.0,0.0,0.0,0.2616145383808748,0.0,0.2616145383808748,0.33999999966,0.0,0.33999999966000005,0.31102992633366555,False
resurrection_body_only,218,0.9121338912133892,0.94,0.91,0.9,0.93,0.76,0.78,0.82,2.8000000000000003,0.34,1.0,0.0,1.0,1.0,1.0,0.92,0.0,0.8,lawful rehosting restores P_body without requiring P_spirit,0.76986,0.6592148931854542,0.0,1.0,1.0,0.92,0.0,0.0,0.0,0.2616145383808748,0.0,0.2616145383808748,0.33999999966,0.0,0.33999999966000005,0.31247842999998227,False
resurrection_body_only,219,0.9163179916317992,0.94,0.91,0.9,0.93,0.76,0.78,0.82,2.8000000000000003,0.34,1.0,0.0,1.0,1.0,1.0,0.92,0.0,0.8,lawful rehosting restores P_body without requiring P_spirit,0.76986,0.6597421485199936,0.0,1.0,1.0,0.92,0.0,0.0,0.0,0.2616145383808748,0.0,0.2616145383808748,0.33999999966,0.0,0.33999999966000005,0.31385450848298313,False
resurrection_body_only,220,0.9205020920502092,0.94,0.91,0.9,0.93,0.76,0.78,0.82,2.8000000000000003,0.34,1.0,0.0,1.0,1.0,1.0,0.92,0.0,0.8,lawful rehosting restores P_body without requiring P_spirit,0.76986,0.660243041087806,0.0,1.0,1.0,0.92,0.0,0.0,0.0,0.2616145383808748,0.0,0.2616145383808748,0.33999999966,0.0,0.33999999966000005,0.31516178304183395,False
resurrection_body_only,221,0.9246861924686193,0.94,0.91,0.9,0.93,0.76,0.78,0.82,2.8000000000000003,0.34,1.0,0.0,1.0,1.0,1.0,0.92,0.0,0.8,lawful rehosting restores P_body without requiring P_spirit,0.76986,0.6607188890272276,0.0,1.0,1.0,0.92,0.0,0.0,0.0,0.2616145383808748,0.0,0.2616145383808748,0.33999999966,0.0,0.33999999966000005,0.31640369387274225,False
resurrection_body_only,222,0.9288702928870293,0.94,0.91,0.9,0.93,0.76,0.78,0.82,2.8000000000000003,0.34,1.0,0.0,1.0,1.0,1.0,0.92,0.0,0.8,lawful rehosting restores P_body without requiring P_spirit,0.76986,0.6611709445696783,0.0,1.0,1.0,0.92,0.0,0.0,0.0,0.2616145383808748,0.0,0.2616145383808748,0.33999999966,0.0,0.33999999966000005,0.31758350916210515,False
resurrection_body_only,223,0.9330543933054394,0.94,0.91,0.9,0.93,0.76,0.78,0.82,2.8000000000000003,0.34,1.0,0.0,1.0,1.0,1.0,0.92,0.0,0.8,lawful rehosting restores P_body without requiring P_spirit,0.76986,0.6616003973350063,0.0,1.0,1.0,0.92,0.0,0.0,0.0,0.2616145383808748,0.0,0.2616145383808748,0.33999999966,0.0,0.33999999966000005,0.31870433368699985,False
resurrection_body_only,224,0.9372384937238494,0.94,0.91,0.9,0.93,0.76,0.78,0.82,2.8000000000000003,0.34,1.0,0.0,1.0,1.0,1.0,0.92,0.0,0.8,lawful rehosting restores P_body without requiring P_spirit,0.76986,0.662008377462068,0.0,1.0,1.0,0.92,0.0,0.0,0.0,0.2616145383808748,0.0,0.2616145383808748,0.33999999966,0.0,0.33999999966000005,0.31976911698564986,False
resurrection_body_only,225,0.9414225941422594,0.94,0.91,0.9,0.93,0.76,0.78,0.82,2.8000000000000003,0.34,1.0,0.0,1.0,1.0,1.0,0.92,0.0,0.8,lawful rehosting restores P_body without requiring P_spirit,0.76986,0.6623959585827766,0.0,1.0,1.0,0.92,0.0,0.0,0.0,0.2616145383808748,0.0,0.2616145383808748,0.33999999966,0.0,0.33999999966000005,0.32078066111936737,False
resurrection_body_only,226,0.9456066945606695,0.94,0.91,0.9,0.93,0.76,0.78,0.82,2.8000000000000003,0.34,1.0,0.0,1.0,1.0,1.0,0.92,0.0,0.8,lawful rehosting restores P_body without requiring P_spirit,0.76986,0.6627641606474497,0.0,1.0,1.0,0.92,0.0,0.0,0.0,0.2616145383808748,0.0,0.2616145383808748,0.33999999966,0.0,0.33999999966000005,0.321741628046399,False
resurrection_body_only,227,0.9497907949790795,0.94,0.91,0.9,0.93,0.76,0.78,0.82,2.8000000000000003,0.34,1.0,0.0,1.0,1.0,1.0,0.92,0.0,0.8,lawful rehosting restores P_body without requiring P_spirit,0.76986,0.6631139526088892,0.0,1.0,1.0,0.92,0.0,0.0,0.0,0.2616145383808748,0.0,0.2616145383808748,0.33999999966,0.0,0.33999999966000005,0.32265454662707904,False
resurrection_body_only,228,0.9539748953974896,0.94,0.91,0.9,0.93,0.76,0.78,0.82,2.8000000000000003,0.34,1.0,0.0,1.0,1.0,1.0,0.92,0.0,0.8,lawful rehosting restores P_body without requiring P_spirit,0.76986,0.6634462549722568,0.0,1.0,1.0,0.92,0.0,0.0,0.0,0.2616145383808748,0.0,0.2616145383808748,0.33999999966,0.0,0.33999999966000005,0.3235218192787251,False
resurrection_body_only,229,0.9581589958158996,0.94,0.91,0.9,0.93,0.76,0.78,0.82,2.8000000000000003,0.34,1.0,0.0,1.0,1.0,1.0,0.92,0.0,0.8,lawful rehosting restores P_body without requiring P_spirit,0.76986,0.6637619422174559,0.0,1.0,1.0,0.92,0.0,0.0,0.0,0.2616145383808748,0.0,0.2616145383808748,0.33999999966,0.0,0.33999999966000005,0.3243457282977888,False
resurrection_body_only,230,0.9623430962343096,0.94,0.91,0.9,0.93,0.76,0.78,0.82,2.8000000000000003,0.34,1.0,0.0,1.0,1.0,1.0,0.92,0.0,0.8,lawful rehosting restores P_body without requiring P_spirit,0.76986,0.6640618451003951,0.0,1.0,1.0,0.92,0.0,0.0,0.0,0.2616145383808748,0.0,0.2616145383808748,0.33999999966,0.0,0.33999999966000005,0.32512844186589934,False
resurrection_body_only,231,0.9665271966527197,0.94,0.91,0.9,0.93,0.76,0.78,0.82,2.8000000000000003,0.34,1.0,0.0,1.0,1.0,1.0,0.92,0.0,0.8,lawful rehosting restores P_body without requiring P_spirit,0.76986,0.6643467528391873,0.0,1.0,1.0,0.92,0.0,0.0,0.0,0.2616145383808748,0.0,0.2616145383808748,0.33999999966,0.0,0.33999999966000005,0.32587201975560437,False
resurrection_body_only,232,0.9707112970711297,0.94,0.91,0.9,0.93,0.76,0.78,0.82,2.8000000000000003,0.34,1.0,0.0,1.0,1.0,1.0,0.92,0.0,0.8,lawful rehosting restores P_body without requiring P_spirit,0.76986,0.66461741519104,0.0,1.0,1.0,0.92,0.0,0.0,0.0,0.2616145383808748,0.0,0.2616145383808748,0.33999999966,0.0,0.33999999966000005,0.32657841875082416,False
resurrection_body_only,233,0.9748953974895398,0.94,0.91,0.9,0.93,0.76,0.78,0.82,2.8000000000000003,0.34,1.0,0.0,1.0,1.0,1.0,0.92,0.0,0.8,lawful rehosting restores P_body without requiring P_spirit,0.76986,0.6648745444253,0.0,1.0,1.0,0.92,0.0,0.0,0.0,0.2616145383808748,0.0,0.2616145383808748,0.33999999966,0.0,0.33999999966000005,0.32724949779628293,False
resurrection_body_only,234,0.9790794979079498,0.94,0.91,0.9,0.93,0.76,0.78,0.82,2.8000000000000003,0.34,1.0,0.0,1.0,1.0,1.0,0.92,0.0,0.8,lawful rehosting restores P_body without requiring P_spirit,0.76986,0.6651188171978469,0.0,1.0,1.0,0.92,0.0,0.0,0.0,0.2616145383808748,0.0,0.2616145383808748,0.33999999966,0.0,0.33999999966000005,0.32788702288946875,False
resurrection_body_only,235,0.9832635983263598,0.94,0.91,0.9,0.93,0.76,0.78,0.82,2.8000000000000003,0.34,1.0,0.0,1.0,1.0,1.0,0.92,0.0,0.8,lawful rehosting restores P_body without requiring P_spirit,0.76986,0.6653508763317666,0.0,1.0,1.0,0.92,0.0,0.0,0.0,0.2616145383808748,0.0,0.2616145383808748,0.33999999966,0.0,0.33999999966000005,0.3284926717279953,False
resurrection_body_only,236,0.9874476987447699,0.94,0.91,0.9,0.93,0.76,0.78,0.82,2.8000000000000003,0.34,1.0,0.0,1.0,1.0,1.0,0.92,0.0,0.8,lawful rehosting restores P_body without requiring P_spirit,0.76986,0.6655713325089904,0.0,1.0,1.0,0.92,0.0,0.0,0.0,0.2616145383808748,0.0,0.2616145383808748,0.33999999966,0.0,0.33999999966000005,0.3290680381245955,False
resurrection_body_only,237,0.9916317991631799,0.94,0.91,0.9,0.93,0.76,0.78,0.82,2.8000000000000003,0.34,1.0,0.0,1.0,1.0,1.0,0.92,0.0,0.8,lawful rehosting restores P_body without requiring P_spirit,0.76986,0.6657807658773528,0.0,1.0,1.0,0.92,0.0,0.0,0.0,0.2616145383808748,0.0,0.2616145383808748,0.33999999966,0.0,0.33999999966000005,0.3296146362013657,False
resurrection_body_only,238,0.99581589958159,0.94,0.91,0.9,0.93,0.76,0.78,0.82,2.8000000000000003,0.34,1.0,0.0,1.0,1.0,1.0,0.92,0.0,0.8,lawful rehosting restores P_body without requiring P_spirit,0.76986,0.6659797275772972,0.0,1.0,1.0,0.92,0.0,0.0,0.0,0.2616145383808748,0.0,0.2616145383808748,0.33999999966,0.0,0.33999999966000005,0.3301339043742974,False
resurrection_body_only,239,1.0,0.94,0.91,0.9,0.93,0.76,0.78,0.82,2.8000000000000003,0.34,1.0,0.0,1.0,1.0,1.0,0.92,0.0,0.8,lawful rehosting restores P_body without requiring P_spirit,0.76986,0.6661687411922442,0.0,1.0,1.0,0.92,0.0,0.0,0.0,0.2616145383808748,0.0,0.2616145383808748,0.33999999966,0.0,0.33999999966000005,0.3306272091385825,False
nonlocal_override_claim,0,0.0,0.94,0.91,0.9,0.93,0.004,0.25,0.42,0.3,0.0,1.0,0.0,1.0,1.0,1.0,0.92,0.0,0.04,channel rejected because action is not local or path-neighborhood constrained,0.76986,0.546,0.0,1.0,1.0,0.92,0.0,0.0,0.0,5.09792385946293e-05,0.0,5.097923859465059e-05,0.0,0.0,0.0,0.0,False
nonlocal_override_claim,1,0.0041841004184100415,0.94,0.91,0.9,0.93,0.004,0.25,0.42,0.3,0.0,1.0,0.0,1.0,1.0,1.0,0.92,0.0,0.04,channel rejected because action is not local or path-neighborhood constrained,0.76986,0.546,0.0,1.0,1.0,0.92,0.0,0.0,0.0,5.09792385946293e-05,0.0,5.097923859465059e-05,0.0,0.0,0.0,0.0,False
nonlocal_override_claim,2,0.008368200836820083,0.94,0.91,0.9,0.93,0.004,0.25,0.42,0.3,0.0,1.0,0.0,1.0,1.0,1.0,0.92,0.0,0.04,channel rejected because action is not local or path-neighborhood constrained,0.76986,0.546,0.0,1.0,1.0,0.92,0.0,0.0,0.0,5.09792385946293e-05,0.0,5.097923859465059e-05,0.0,0.0,0.0,0.0,False
nonlocal_override_claim,3,0.012552301255230125,0.94,0.91,0.9,0.93,0.004,0.25,0.42,0.3,0.0,1.0,0.0,1.0,1.0,1.0,0.92,0.0,0.04,channel rejected because action is not local or path-neighborhood constrained,0.76986,0.546,0.0,1.0,1.0,0.92,0.0,0.0,0.0,5.09792385946293e-05,0.0,5.097923859465059e-05,0.0,0.0,0.0,0.0,False
nonlocal_override_claim,4,0.016736401673640166,0.94,0.91,0.9,0.93,0.004,0.25,0.42,0.3,0.0,1.0,0.0,1.0,1.0,1.0,0.92,0.0,0.04,channel rejected because action is not local or path-neighborhood constrained,0.76986,0.546,0.0,1.0,1.0,0.92,0.0,0.0,0.0,5.09792385946293e-05,0.0,5.097923859465059e-05,0.0,0.0,0.0,0.0,False
nonlocal_override_claim,5,0.02092050209205021,0.94,0.91,0.9,0.93,0.004,0.25,0.42,0.3,0.0,1.0,0.0,1.0,1.0,1.0,0.92,0.0,0.04,channel rejected because action is not local or path-neighborhood constrained,0.76986,0.546,0.0,1.0,1.0,0.92,0.0,0.0,0.0,5.09792385946293e-05,0.0,5.097923859465059e-05,0.0,0.0,0.0,0.0,False
nonlocal_override_claim,6,0.02510460251046025,0.94,0.91,0.9,0.93,0.004,0.25,0.42,0.3,0.0,1.0,0.0,1.0,1.0,1.0,0.92,0.0,0.04,channel rejected because action is not local or path-neighborhood constrained,0.76986,0.546,0.0,1.0,1.0,0.92,0.0,0.0,0.0,5.09792385946293e-05,0.0,5.097923859465059e-05,0.0,0.0,0.0,0.0,False
nonlocal_override_claim,7,0.029288702928870293,0.94,0.91,0.9,0.93,0.004,0.25,0.42,0.3,0.0,1.0,0.0,1.0,1.0,1.0,0.92,0.0,0.04,channel rejected because action is not local or path-neighborhood constrained,0.76986,0.546,0.0,1.0,1.0,0.92,0.0,0.0,0.0,5.09792385946293e-05,0.0,5.097923859465059e-05,0.0,0.0,0.0,0.0,False
nonlocal_override_claim,8,0.03347280334728033,0.94,0.91,0.9,0.93,0.004,0.25,0.42,0.3,0.0,1.0,0.0,1.0,1.0,1.0,0.92,0.0,0.04,channel rejected because action is not local or path-neighborhood constrained,0.76986,0.546,0.0,1.0,1.0,0.92,0.0,0.0,0.0,5.09792385946293e-05,0.0,5.097923859465059e-05,0.0,0.0,0.0,0.0,False
nonlocal_override_claim,9,0.03765690376569038,0.94,0.91,0.9,0.93,0.004,0.25,0.42,0.3,0.0,1.0,0.0,1.0,1.0,1.0,0.92,0.0,0.04,channel rejected because action is not local or path-neighborhood constrained,0.76986,0.546,0.0,1.0,1.0,0.92,0.0,0.0,0.0,5.09792385946293e-05,0.0,5.097923859465059e-05,0.0,0.0,0.0,0.0,False
nonlocal_override_claim,10,0.04184100418410042,0.94,0.91,0.9,0.93,0.004,0.25,0.42,0.3,0.0,1.0,0.0,1.0,1.0,1.0,0.92,0.0,0.04,channel rejected because action is not local or path-neighborhood constrained,0.76986,0.546,0.0,1.0,1.0,0.92,0.0,0.0,0.0,5.09792385946293e-05,0.0,5.097923859465059e-05,0.0,0.0,0.0,0.0,False
nonlocal_override_claim,11,0.04602510460251046,0.94,0.91,0.9,0.93,0.004,0.25,0.42,0.3,0.0,1.0,0.0,1.0,1.0,1.0,0.92,0.0,0.04,channel rejected because action is not local or path-neighborhood constrained,0.76986,0.546,0.0,1.0,1.0,0.92,0.0,0.0,0.0,5.09792385946293e-05,0.0,5.097923859465059e-05,0.0,0.0,0.0,0.0,False
nonlocal_override_claim,12,0.0502092050209205,0.94,0.91,0.9,0.93,0.004,0.25,0.42,0.3,0.0,1.0,0.0,1.0,1.0,1.0,0.92,0.0,0.04,channel rejected because action is not local or path-neighborhood constrained,0.76986,0.546,0.0,1.0,1.0,0.92,0.0,0.0,0.0,5.09792385946293e-05,0.0,5.097923859465059e-05,0.0,0.0,0.0,0.0,False
nonlocal_override_claim,13,0.05439330543933055,0.94,0.91,0.9,0.93,0.004,0.25,0.42,0.3,0.0,1.0,0.0,1.0,1.0,1.0,0.92,0.0,0.04,channel rejected because action is not local or path-neighborhood constrained,0.76986,0.546,0.0,1.0,1.0,0.92,0.0,0.0,0.0,5.09792385946293e-05,0.0,5.097923859465059e-05,0.0,0.0,0.0,0.0,False
nonlocal_override_claim,14,0.058577405857740586,0.94,0.91,0.9,0.93,0.004,0.25,0.42,0.3,0.0,1.0,0.0,1.0,1.0,1.0,0.92,0.0,0.04,channel rejected because action is not local or path-neighborhood constrained,0.76986,0.546,0.0,1.0,1.0,0.92,0.0,0.0,0.0,5.09792385946293e-05,0.0,5.097923859465059e-05,0.0,0.0,0.0,0.0,False
nonlocal_override_claim,15,0.06276150627615062,0.94,0.91,0.9,0.93,0.004,0.25,0.42,0.3,0.0,1.0,0.0,1.0,1.0,1.0,0.92,0.0,0.04,channel rejected because action is not local or path-neighborhood constrained,0.76986,0.546,0.0,1.0,1.0,0.92,0.0,0.0,0.0,5.09792385946293e-05,0.0,5.097923859465059e-05,0.0,0.0,0.0,0.0,False
nonlocal_override_claim,16,0.06694560669456066,0.94,0.91,0.9,0.93,0.004,0.25,0.42,0.3,0.0,1.0,0.0,1.0,1.0,1.0,0.92,0.0,0.04,channel rejected because action is not local or path-neighborhood constrained,0.76986,0.546,0.0,1.0,1.0,0.92,0.0,0.0,0.0,5.09792385946293e-05,0.0,5.097923859465059e-05,0.0,0.0,0.0,0.0,False
nonlocal_override_claim,17,0.07112970711297072,0.94,0.91,0.9,0.93,0.004,0.25,0.42,0.3,0.0,1.0,0.0,1.0,1.0,1.0,0.92,0.0,0.04,channel rejected because action is not local or path-neighborhood constrained,0.76986,0.546,0.0,1.0,1.0,0.92,0.0,0.0,0.0,5.09792385946293e-05,0.0,5.097923859465059e-05,0.0,0.0,0.0,0.0,False
nonlocal_override_claim,18,0.07531380753138076,0.94,0.91,0.9,0.93,0.004,0.25,0.42,0.3,0.0,1.0,0.0,1.0,1.0,1.0,0.92,0.0,0.04,channel rejected because action is not local or path-neighborhood constrained,0.76986,0.546,0.0,1.0,1.0,0.92,0.0,0.0,0.0,5.09792385946293e-05,0.0,5.097923859465059e-05,0.0,0.0,0.0,0.0,False
nonlocal_override_claim,19,0.0794979079497908,0.94,0.91,0.9,0.93,0.004,0.25,0.42,0.3,0.0,1.0,0.0,1.0,1.0,1.0,0.92,0.0,0.04,channel rejected because action is not local or path-neighborhood constrained,0.76986,0.546,0.0,1.0,1.0,0.92,0.0,0.0,0.0,5.09792385946293e-05,0.0,5.097923859465059e-05,0.0,0.0,0.0,0.0,False
nonlocal_override_claim,20,0.08368200836820083,0.94,0.91,0.9,0.93,0.004,0.25,0.42,0.3,0.0,1.0,0.0,1.0,1.0,1.0,0.92,0.0,0.04,channel rejected because action is not local or path-neighborhood constrained,0.76986,0.546,0.0,1.0,1.0,0.92,0.0,0.0,0.0,5.09792385946293e-05,0.0,5.097923859465059e-05,0.0,0.0,0.0,0.0,False
nonlocal_override_claim,21,0.08786610878661087,0.94,0.91,0.9,0.93,0.004,0.25,0.42,0.3,0.0,1.0,0.0,1.0,1.0,1.0,0.92,0.0,0.04,channel rejected because action is not local or path-neighborhood constrained,0.76986,0.546,0.0,1.0,1.0,0.92,0.0,0.0,0.0,5.09792385946293e-05,0.0,5.097923859465059e-05,0.0,0.0,0.0,0.0,False
nonlocal_override_claim,22,0.09205020920502092,0.94,0.91,0.9,0.93,0.004,0.25,0.42,0.3,0.0,1.0,0.0,1.0,1.0,1.0,0.92,0.0,0.04,channel rejected because action is not local or path-neighborhood constrained,0.76986,0.546,0.0,1.0,1.0,0.92,0.0,0.0,0.0,5.09792385946293e-05,0.0,5.097923859465059e-05,0.0,0.0,0.0,0.0,False
nonlocal_override_claim,23,0.09623430962343096,0.94,0.91,0.9,0.93,0.004,0.25,0.42,0.3,0.0,1.0,0.0,1.0,1.0,1.0,0.92,0.0,0.04,channel rejected because action is not local or path-neighborhood constrained,0.76986,0.546,0.0,1.0,1.0,0.92,0.0,0.0,0.0,5.09792385946293e-05,0.0,5.097923859465059e-05,0.0,0.0,0.0,0.0,False
nonlocal_override_claim,24,0.100418410041841,0.94,0.91,0.9,0.93,0.004,0.2500006999422979,0.4200005249567234,0.3000034997114895,0.0,1.0,0.0,1.0,1.0,1.0,0.92,0.0,0.04,channel rejected because action is not local or path-neighborhood constrained,0.76986,0.546,0.0,1.0,1.0,0.92,0.0,0.0,0.0,5.097996248123792e-05,0.0,5.0979962481267904e-05,0.0,0.0,0.0,0.0,False
nonlocal_override_claim,25,0.10460251046025104,0.94,0.91,0.9,0.93,0.004,0.2500842990970313,0.42006322432277343,0.3004214954851565,0.0,1.0,0.0,1.0,1.0,1.0,0.92,0.0,0.04,channel rejected because action is not local or path-neighborhood constrained,0.76986,0.546,0.0,1.0,1.0,0.92,0.0,0.0,0.0,5.106644293183121e-05,0.0,5.106644293184637e-05,0.0,0.0,0.0,0.0,False
nonlocal_override_claim,26,0.1087866108786611,0.94,0.91,0.9,0.93,0.004,0.25030580316217815,0.4202293523716336,0.30152901581089075,0.0,1.0,0.0,1.0,1.0,1.0,0.92,0.0,0.04,channel rejected because action is not local or path-neighborhood constrained,0.76986,0.546,0.0,1.0,1.0,0.92,0.0,0.0,0.0,5.1295786998344744e-05,0.0,5.1295786998362125e-05,0.0,0.0,0.0,0.0,False
nonlocal_override_claim,27,0.11297071129707113,0.94,0.91,0.9,0.93,0.004,0.2506632588103955,0.4204974441077966,0.3033162940519774,0.0,1.0,0.0,1.0,1.0,1.0,0.92,0.0,0.04,channel rejected because action is not local or path-neighborhood constrained,0.76986,0.546,0.0,1.0,1.0,0.92,0.0,0.0,0.0,5.16665244986294e-05,0.0,5.166652449861697e-05,0.0,0.0,0.0,0.0,False
nonlocal_override_claim,28,0.11715481171548117,0.94,0.91,0.9,0.93,0.004,0.2511547127143403,0.4208660345357552,0.30577356357170166,0.0,1.0,0.0,1.0,1.0,1.0,0.92,0.0,0.04,channel rejected because action is not local or path-neighborhood constrained,0.76986,0.546,0.0,1.0,1.0,0.92,0.0,0.0,0.0,5.217750884539444e-05,0.0,5.2177508845341336e-05,0.0,0.0,0.0,0.0,False
nonlocal_override_claim,29,0.12133891213389121,0.94,0.91,0.9,0.93,0.004,0.25177821154666974,0.4213336586600023,0.3088910577333487,0.0,1.0,0.0,1.0,1.0,1.0,0.92,0.0,0.04,channel rejected because action is not local or path-neighborhood constrained,0.76986,0.546,0.0,1.0,1.0,0.92,0.0,0.0,0.0,5.282790072001361e-05,0.0,5.282790072003163e-05,0.0,0.0,0.0,0.0,False
nonlocal_override_claim,30,0.12552301255230125,0.94,0.91,0.9,0.93,0.004,0.2525318019800407,0.42189885148503053,0.31265900990020357,0.0,1.0,0.0,1.0,1.0,1.0,0.92,0.0,0.04,channel rejected because action is not local or path-neighborhood constrained,0.76986,0.546,0.0,1.0,1.0,0.92,0.0,0.0,0.0,5.361715189353311e-05,0.0,5.361715189355909e-05,0.0,0.0,0.0,0.0,False
nonlocal_override_claim,31,0.1297071129707113,0.94,0.91,0.9,0.93,0.004,0.2534135306871103,0.4225601480153327,0.3170676534355516,0.0,1.0,0.0,1.0,1.0,1.0,0.92,0.0,0.04,channel rejected because action is not local or path-neighborhood constrained,0.76986,0.546,0.0,1.0,1.0,0.92,0.0,0.0,0.0,5.454498920623164e-05,0.0,5.454498920620665e-05,0.0,0.0,0.0,0.0,False
nonlocal_override_claim,32,0.13389121338912133,0.94,0.91,0.9,0.93,0.004,0.25442144434053554,0.42331608325540165,0.3221072217026778,0.0,1.0,0.0,1.0,1.0,1.0,0.92,0.0,0.04,channel rejected because action is not local or path-neighborhood constrained,0.76986,0.546,0.0,1.0,1.0,0.92,0.0,0.0,0.0,5.561139871678723e-05,0.0,5.561139871679277e-05,0.0,0.0,0.0,0.0,False
nonlocal_override_claim,33,0.13807531380753138,0.94,0.91,0.9,0.93,0.004,0.2555535896129735,0.4241651922097301,0.3277679480648675,0.0,1.0,0.0,1.0,1.0,1.0,0.92,0.0,0.04,channel rejected because action is not local or path-neighborhood constrained,0.76986,0.546,0.0,1.0,1.0,0.92,0.0,0.0,0.0,5.6816610031747325e-05,0.0,5.6816610031762416e-05,0.0,0.0,0.0,0.0,False
nonlocal_override_claim,34,0.14225941422594143,0.94,0.91,0.9,0.93,0.004,0.25680801317708113,0.42510600988281083,0.33404006588540575,0.0,1.0,0.0,1.0,1.0,1.0,0.92,0.0,0.04,channel rejected because action is not local or path-neighborhood constrained,0.76986,0.546,0.0,1.0,1.0,0.92,0.0,0.0,0.0,5.816108082557987e-05,0.0,5.816108082556948e-05,0.0,0.0,0.0,0.0,False
nonlocal_override_claim,35,0.14644351464435146,0.94,0.91,0.9,0.93,0.004,0.2581827617055155,0.42613707127913664,0.3409138085275777,0.0,1.0,0.0,1.0,1.0,1.0,0.92,0.0,0.04,channel rejected because action is not local or path-neighborhood constrained,0.76986,0.546,0.0,1.0,1.0,0.92,0.0,0.0,0.0,5.964548156111489e-05,0.0,5.964548156112137e-05,0.0,0.0,0.0,0.0,False
nonlocal_override_claim,36,0.1506276150627615,0.94,0.91,0.9,0.93,0.004,0.2596758818709337,0.42725691140320027,0.34837940935466855,0.0,1.0,0.0,1.0,1.0,1.0,0.92,0.0,0.04,channel rejected because action is not local or path-neighborhood constrained,0.76986,0.546,0.0,1.0,1.0,0.92,0.0,0.0,0.0,6.127068041967317e-05,0.0,6.127068041972272e-05,0.0,0.0,0.0,0.0,False
nonlocal_override_claim,37,0.15481171548117154,0.94,0.91,0.9,0.93,0.004,0.2612854203459927,0.4284640652594945,0.3564271017299635,0.0,1.0,0.0,1.0,1.0,1.0,0.92,0.0,0.04,channel rejected because action is not local or path-neighborhood constrained,0.76986,0.546,0.0,1.0,1.0,0.92,0.0,0.0,0.0,6.303772844963243e-05,0.0,6.303772844962197e-05,0.0,0.0,0.0,0.0,False
nonlocal_override_claim,38,0.1589958158995816,0.94,0.91,0.9,0.93,0.004,0.2630094238033496,0.42975706785251216,0.3650471190167477,0.0,1.0,0.0,1.0,1.0,1.0,0.92,0.0,0.04,channel rejected because action is not local or path-neighborhood constrained,0.76986,0.546,0.0,1.0,1.0,0.92,0.0,0.0,0.0,6.494784494161024e-05,0.0,6.494784494159855e-05,0.0,0.0,0.0,0.0,False
nonlocal_override_claim,39,0.16317991631799164,0.94,0.91,0.9,0.93,0.004,0.26484593891566127,0.43113445418674595,0.3742296945783064,0.0,1.0,0.0,1.0,1.0,1.0,0.92,0.0,0.04,channel rejected because action is not local or path-neighborhood constrained,0.76986,0.546,0.0,1.0,1.0,0.92,0.0,0.0,0.0,6.700240303785619e-05,0.0,6.700240303780802e-05,0.0,0.0,0.0,0.0,False
nonlocal_override_claim,40,0.16736401673640167,0.94,0.91,0.9,0.93,0.004,0.2667930123555849,0.43259475926668867,0.38396506177792455,0.0,1.0,0.0,1.0,1.0,1.0,0.92,0.0,0.04,channel rejected because action is not local or path-neighborhood constrained,0.76986,0.546,0.0,1.0,1.0,0.92,0.0,0.0,0.0,6.92029155828513e-05,0.0,6.920291558287772e-05,0.0,0.0,0.0,0.0,False
nonlocal_override_claim,41,0.17154811715481172,0.94,0.91,0.9,0.93,0.004,0.2688486907957775,0.4341365180968331,0.3942434539788875,0.0,1.0,0.0,1.0,1.0,1.0,0.92,0.0,0.04,channel rejected because action is not local or path-neighborhood constrained,0.76986,0.546,0.0,1.0,1.0,0.92,0.0,0.0,0.0,7.155102122152182e-05,0.0,7.155102122147206e-05,0.0,0.0,0.0,0.0,False
nonlocal_override_claim,42,0.17573221757322174,0.94,0.91,0.9,0.93,0.004,0.27101102090889606,0.43575826568167203,0.4050551045444803,0.0,1.0,0.0,1.0,1.0,1.0,0.92,0.0,0.04,channel rejected because action is not local or path-neighborhood constrained,0.76986,0.546,0.0,1.0,1.0,0.92,0.0,0.0,0.0,7.404847075089011e-05,0.0,7.404847075087595e-05,0.0,0.0,0.0,0.0,False
nonlocal_override_claim,43,0.1799163179916318,0.94,0.91,0.9,0.93,0.004,0.27327804936759764,0.4374585370256982,0.41639024683798825,0.0,1.0,0.0,1.0,1.0,1.0,0.92,0.0,0.04,channel rejected because action is not local or path-neighborhood constrained,0.76986,0.546,0.0,1.0,1.0,0.92,0.0,0.0,0.0,7.669711373041894e-05,0.0,7.669711373037291e-05,0.0,0.0,0.0,0.0,False
nonlocal_override_claim,44,0.18410041841004185,0.94,0.91,0.9,0.93,0.004,0.2756478228445393,0.43923586713340446,0.42823911422269645,0.0,1.0,0.0,1.0,1.0,1.0,0.92,0.0,0.04,channel rejected because action is not local or path-neighborhood constrained,0.76986,0.546,0.0,1.0,1.0,0.92,0.0,0.0,0.0,7.949888535575856e-05,0.0,7.949888535574434e-05,0.0,0.0,0.0,0.0,False
nonlocal_override_claim,45,0.18828451882845187,0.94,0.91,0.9,0.93,0.004,0.278118388012378,0.4410887910092835,0.44059194006189006,0.0,1.0,0.0,1.0,1.0,1.0,0.92,0.0,0.04,channel rejected because action is not local or path-neighborhood constrained,0.76986,0.546,0.0,1.0,1.0,0.92,0.0,0.0,0.0,8.245579360008529e-05,0.0,8.245579360011135e-05,0.0,0.0,0.0,0.0,False
nonlocal_override_claim,46,0.19246861924686193,0.94,0.91,0.9,0.93,0.004,0.2806877915437708,0.4430158436578281,0.45343895771885423,0.0,1.0,0.0,1.0,1.0,1.0,0.92,0.0,0.04,channel rejected because action is not local or path-neighborhood constrained,0.76986,0.546,0.0,1.0,1.0,0.92,0.0,0.0,0.0,8.556990662672914e-05,0.0,8.556990662678121e-05,0.0,0.0,0.0,0.0,False
nonlocal_override_claim,47,0.19665271966527198,0.94,0.91,0.9,0.93,0.004,0.2833540801113748,0.4450155600835311,0.46677040055687413,0.0,1.0,0.0,1.0,1.0,1.0,0.92,0.0,0.04,channel rejected because action is not local or path-neighborhood constrained,0.76986,0.546,0.0,1.0,1.0,0.92,0.0,0.0,0.0,8.884334047632575e-05,0.0,8.884334047631892e-05,0.0,0.0,0.0,0.0,False
nonlocal_override_claim,48,0.200836820083682,0.94,0.91,0.9,0.93,0.004,0.286115300387847,0.4470864752908852,0.48057650193923485,0.0,1.0,0.0,1.0,1.0,1.0,0.92,0.0,0.04,channel rejected because action is not local or path-neighborhood constrained,0.76986,0.546,0.0,1.0,1.0,0.92,0.0,0.0,0.0,9.227824703130177e-05,0.0,9.227824703128551e-05,0.0,0.0,0.0,0.0,False
nonlocal_override_claim,49,0.20502092050209206,0.94,0.91,0.9,0.93,0.004,0.28896949904584435,0.4492271242843833,0.4948474952292218,0.0,1.0,0.0,1.0,1.0,1.0,0.92,0.0,0.04,channel rejected because action is not local or path-neighborhood constrained,0.76986,0.546,0.0,1.0,1.0,0.92,0.0,0.0,0.0,9.587680226010508e-05,0.0,9.587680226008644e-05,0.0,0.0,0.0,0.0,False
nonlocal_override_claim,50,0.20920502092050208,0.94,0.91,0.9,0.93,0.004,0.291914722758024,0.45143604206851795,0.5095736137901199,0.0,1.0,0.0,1.0,1.0,1.0,0.92,0.0,0.04,channel rejected because action is not local or path-neighborhood constrained,0.76986,0.546,0.0,1.0,1.0,0.92,0.0,0.0,0.0,9.964119474322979e-05,0.0,9.964119474326072e-05,0.0,0.0,0.0,0.0,False
nonlocal_override_claim,51,0.21338912133891214,0.94,0.91,0.9,0.93,0.004,0.2949490181970429,0.45371176364778215,0.5247450909852144,0.0,1.0,0.0,1.0,1.0,1.0,0.92,0.0,0.04,channel rejected because action is not local or path-neighborhood constrained,0.76986,0.546,0.0,1.0,1.0,0.92,0.0,0.0,0.0,0.00010357361448275264,0.0,0.00010357361448276592,0.0,0.0,0.0,0.0,False
nonlocal_override_claim,52,0.2175732217573222,0.94,0.91,0.9,0.93,0.004,0.2980704320355581,0.4560528240266686,0.5403521601777905,0.0,1.0,0.0,1.0,1.0,1.0,0.92,0.0,0.04,channel rejected because action is not local or path-neighborhood constrained,0.76986,0.546,0.0,1.0,1.0,0.92,0.0,0.0,0.0,0.00010767624199679515,0.0,0.00010767624199681247,0.0,0.0,0.0,0.0,False
nonlocal_override_claim,53,0.2217573221757322,0.94,0.91,0.9,0.93,0.004,0.30127701094622666,0.45845775820967,0.5563850547311333,0.0,1.0,0.0,1.0,1.0,1.0,0.92,0.0,0.04,channel rejected because action is not local or path-neighborhood constrained,0.76986,0.546,0.0,1.0,1.0,0.92,0.0,0.0,0.0,0.00011195123770005155,0.0,0.00011195123770002535,0.0,0.0,0.0,0.0,False
nonlocal_override_claim,54,0.22594142259414227,0.94,0.91,0.9,0.93,0.004,0.30456680160170563,0.4609251012012792,0.5728340080085281,0.0,1.0,0.0,1.0,1.0,1.0,0.92,0.0,0.04,channel rejected because action is not local or path-neighborhood constrained,0.76986,0.546,0.0,1.0,1.0,0.92,0.0,0.0,0.0,0.00011640073157127036,0.0,0.00011640073157126452,0.0,0.0,0.0,0.0,False
nonlocal_override_claim,55,0.2301255230125523,0.94,0.91,0.9,0.93,0.004,0.30793785067465196,0.46345338800598895,0.5896892533732598,0.0,1.0,0.0,1.0,1.0,1.0,0.92,0.0,0.04,channel rejected because action is not local or path-neighborhood constrained,0.76986,0.546,0.0,1.0,1.0,0.92,0.0,0.0,0.0,0.00012102681310835162,0.0,0.00012102681310832697,0.0,0.0,0.0,0.0,False
nonlocal_override_claim,56,0.23430962343096234,0.94,0.91,0.9,0.93,0.004,0.31138820483772284,0.4660411536282921,0.6069410241886141,0.0,1.0,0.0,1.0,1.0,1.0,0.92,0.0,0.04,channel rejected because action is not local or path-neighborhood constrained,0.76986,0.546,0.0,1.0,1.0,0.92,0.0,0.0,0.0,0.0001258315215715136,0.0,0.00012583152157152888,0.0,0.0,0.0,0.0,False
nonlocal_override_claim,57,0.2384937238493724,0.94,0.91,0.9,0.93,0.004,0.3149159107635751,0.46868693307268133,0.6245795538178756,0.0,1.0,0.0,1.0,1.0,1.0,0.92,0.0,0.04,channel rejected because action is not local or path-neighborhood constrained,0.76986,0.546,0.0,1.0,1.0,0.92,0.0,0.0,0.0,0.00013081683651478928,0.0,0.00013081683651483544,0.0,0.0,0.0,0.0,False
nonlocal_override_claim,58,0.24267782426778242,0.94,0.91,0.9,0.93,0.004,0.3185190151248659,0.47138926134364945,0.6425950756243296,0.0,1.0,0.0,1.0,1.0,1.0,0.92,0.0,0.04,channel rejected because action is not local or path-neighborhood constrained,0.76986,0.546,0.0,1.0,1.0,0.92,0.0,0.0,0.0,0.0001359846686059414,0.0,0.0001359846686059818,0.0,0.0,0.0,0.0,False
nonlocal_override_claim,59,0.24686192468619247,0.94,0.91,0.9,0.93,0.004,0.32219556459425225,0.47414667344568917,0.6609778229712614,0.0,1.0,0.0,1.0,1.0,1.0,0.92,0.0,0.04,channel rejected because action is not local or path-neighborhood constrained,0.76986,0.546,0.0,1.0,1.0,0.92,0.0,0.0,0.0,0.00014133685073471606,0.0,0.00014133685073469682,0.0,0.0,0.0,0.0,False
nonlocal_override_claim,60,0.2510460251046025,0.94,0.91,0.9,0.93,0.004,0.3259436058443912,0.4769577043832934,0.679718029221956,0.0,1.0,0.0,1.0,1.0,1.0,0.92,0.0,0.04,channel rejected because action is not local or path-neighborhood constrained,0.76986,0.546,0.0,1.0,1.0,0.92,0.0,0.0,0.0,0.00014687512940920344,0.0,0.00014687512940925185,0.0,0.0,0.0,0.0,False
nonlocal_override_claim,61,0.25523012552301255,0.94,0.91,0.9,0.93,0.004,0.32976118554793976,0.47982088916095483,0.6988059277396989,0.0,1.0,0.0,1.0,1.0,1.0,0.92,0.0,0.04,channel rejected because action is not local or path-neighborhood constrained,0.76986,0.546,0.0,1.0,1.0,0.92,0.0,0.0,0.0,0.00015260115643992692,0.0,0.00015260115643989103,0.0,0.0,0.0,0.0,False
nonlocal_override_claim,62,0.2594142259414226,0.94,0.91,0.9,0.93,0.004,0.33364635037755497,0.4827347627831662,0.7182317518877749,0.0,1.0,0.0,1.0,1.0,1.0,0.92,0.0,0.04,channel rejected because action is not local or path-neighborhood constrained,0.76986,0.546,0.0,1.0,1.0,0.92,0.0,0.0,0.0,0.00015851648091114233,0.0,0.00015851648091114168,0.0,0.0,0.0,0.0,False
nonlocal_override_claim,63,0.26359832635983266,0.94,0.91,0.9,0.93,0.004,0.3375971470058939,0.4856978602544204,0.7379857350294694,0.0,1.0,0.0,1.0,1.0,1.0,0.92,0.0,0.04,channel rejected because action is not local or path-neighborhood constrained,0.76986,0.546,0.0,1.0,1.0,0.92,0.0,0.0,0.0,0.00016462254143869435,0.0,0.00016462254143867483,0.0,0.0,0.0,0.0,False
nonlocal_override_claim,64,0.26778242677824265,0.94,0.91,0.9,0.93,0.004,0.34161162210561347,0.48870871657921006,0.7580581105280673,0.0,1.0,0.0,1.0,1.0,1.0,0.92,0.0,0.04,channel rejected because action is not local or path-neighborhood constrained,0.76986,0.546,0.0,1.0,1.0,0.92,0.0,0.0,0.0,0.00017092065871364287,0.0,0.0001709206587136025,0.0,0.0,0.0,0.0,False
nonlocal_override_claim,65,0.2719665271966527,0.94,0.91,0.9,0.93,0.004,0.3456878223493708,0.4917658667620281,0.778439111746854,0.0,1.0,0.0,1.0,1.0,1.0,0.92,0.0,0.04,channel rejected because action is not local or path-neighborhood constrained,0.76986,0.546,0.0,1.0,1.0,0.92,0.0,0.0,0.0,0.00017741202833074847,0.0,0.00017741202833077008,0.0,0.0,0.0,0.0,False
nonlocal_override_claim,66,0.27615062761506276,0.94,0.91,0.9,0.93,0.004,0.3498237944098229,0.4948678458073672,0.7991189720491148,0.0,1.0,0.0,1.0,1.0,1.0,0.92,0.0,0.04,channel rejected because action is not local or path-neighborhood constrained,0.76986,0.546,0.0,1.0,1.0,0.92,0.0,0.0,0.0,0.00018409771390077225,0.0,0.00018409771390082152,0.0,0.0,0.0,0.0,False
nonlocal_override_claim,67,0.2803347280334728,0.94,0.91,0.9,0.93,0.004,0.3540175849596269,0.49801318871972017,0.8200879247981345,0.0,1.0,0.0,1.0,1.0,1.0,0.92,0.0,0.04,channel rejected because action is not local or path-neighborhood constrained,0.76986,0.546,0.0,1.0,1.0,0.92,0.0,0.0,0.0,0.00019097864044542574,0.0,0.00019097864044537172,0.0,0.0,0.0,0.0,False
nonlocal_override_claim,68,0.28451882845188287,0.94,0.91,0.9,0.93,0.004,0.35826724067143967,0.5012004305035798,0.8413362033571985,0.0,1.0,0.0,1.0,1.0,1.0,0.92,0.0,0.04,channel rejected because action is not local or path-neighborhood constrained,0.76986,0.546,0.0,1.0,1.0,0.92,0.0,0.0,0.0,0.00019805558807367904,0.0,0.00019805558807373114,0.0,0.0,0.0,0.0,False
nonlocal_override_claim,69,0.28870292887029286,0.94,0.91,0.9,0.93,0.004,0.3625708082179183,0.5044281061634387,0.8628540410895915,0.0,1.0,0.0,1.0,1.0,1.0,0.92,0.0,0.04,channel rejected because action is not local or path-neighborhood constrained,0.76986,0.546,0.0,1.0,1.0,0.92,0.0,0.0,0.0,0.00020532918593801385,0.0,0.00020532918593796357,0.0,0.0,0.0,0.0,False
nonlocal_override_claim,70,0.2928870292887029,0.94,0.91,0.9,0.93,0.004,0.3669263342717199,0.5076947507037899,0.8846316713585995,0.0,1.0,0.0,1.0,1.0,1.0,0.92,0.0,0.04,channel rejected because action is not local or path-neighborhood constrained,0.76986,0.546,0.0,1.0,1.0,0.92,0.0,0.0,0.0,0.000212799906469084,0.0,0.00021279990646905222,0.0,0.0,0.0,0.0,False
nonlocal_override_claim,71,0.29707112970711297,0.94,0.91,0.9,0.93,0.004,0.37133186550550146,0.5109988991291261,0.9066593275275072,0.0,1.0,0.0,1.0,1.0,1.0,0.92,0.0,0.04,channel rejected because action is not local or path-neighborhood constrained,0.76986,0.546,0.0,1.0,1.0,0.92,0.0,0.0,0.0,0.00022046805988712836,0.0,0.00022046805988718,0.0,0.0,0.0,0.0,False
nonlocal_override_claim,72,0.301255230125523,0.94,0.91,0.9,0.93,0.004,0.37578544859192,0.51433908644394,0.9289272429595998,0.0,1.0,0.0,1.0,1.0,1.0,0.92,0.0,0.04,channel rejected because action is not local or path-neighborhood constrained,0.76986,0.546,0.0,1.0,1.0,0.92,0.0,0.0,0.0,0.00022833378898836086,0.0,0.0002283337889883441,0.0,0.0,0.0,0.0,False
nonlocal_override_claim,73,0.3054393305439331,0.94,0.91,0.9,0.93,0.004,0.3802851302036325,0.5177138476527243,0.9514256510181627,0.0,1.0,0.0,1.0,1.0,1.0,0.92,0.0,0.04,channel rejected because action is not local or path-neighborhood constrained,0.76986,0.546,0.0,1.0,1.0,0.92,0.0,0.0,0.0,0.00023639706420444675,0.0,0.00023639706420441886,0.0,0.0,0.0,0.0,False
nonlocal_override_claim,74,0.30962343096234307,0.94,0.91,0.9,0.93,0.004,0.384828957013296,0.5211217177599721,0.9741447850664802,0.0,1.0,0.0,1.0,1.0,1.0,0.92,0.0,0.04,channel rejected because action is not local or path-neighborhood constrained,0.76986,0.546,0.0,1.0,1.0,0.92,0.0,0.0,0.0,0.0002446576789330587,0.0,0.0002446576789331134,0.0,0.0,0.0,0.0,False
nonlocal_override_claim,75,0.3138075313807531,0.94,0.91,0.9,0.93,0.004,0.38941497569356776,0.5245612317701758,0.9970748784678387,0.0,1.0,0.0,1.0,1.0,1.0,0.92,0.0,0.04,channel rejected because action is not local or path-neighborhood constrained,0.76986,0.546,0.0,1.0,1.0,0.92,0.0,0.0,0.0,0.00025311524513739995,0.0,0.0002531152451373808,0.0,0.0,0.0,0.0,False
nonlocal_override_claim,76,0.3179916317991632,0.94,0.91,0.9,0.93,0.004,0.39404123291710447,0.5280309246878283,1.0202061645855223,0.0,1.0,0.0,1.0,1.0,1.0,0.92,0.0,0.04,channel rejected because action is not local or path-neighborhood constrained,0.76986,0.546,0.0,1.0,1.0,0.92,0.0,0.0,0.0,0.00026176918921246836,0.0,0.0002617691892125018,0.0,0.0,0.0,0.0,False
nonlocal_override_claim,77,0.32217573221757323,0.94,0.91,0.9,0.93,0.004,0.39870577535656343,0.5315293315174225,1.043528876782817,0.0,1.0,0.0,1.0,1.0,1.0,0.92,0.0,0.04,channel rejected because action is not local or path-neighborhood constrained,0.76986,0.546,0.0,1.0,1.0,0.92,0.0,0.0,0.0,0.0002706187481157412,0.0,0.0002706187481157363,0.0,0.0,0.0,0.0,False
nonlocal_override_claim,78,0.3263598326359833,0.94,0.91,0.9,0.93,0.004,0.4034066496846015,0.5350549872634511,1.0670332484230076,0.0,1.0,0.0,1.0,1.0,1.0,0.92,0.0,0.04,channel rejected because action is not local or path-neighborhood constrained,0.76986,0.546,0.0,1.0,1.0,0.92,0.0,0.0,0.0,0.00027966296575985465,0.0,0.0002796629657598748,0.0,0.0,0.0,0.0,False
nonlocal_override_claim,79,0.3305439330543933,0.94,0.91,0.9,0.93,0.004,0.40814190257387584,0.5386064269304068,1.0907095128693791,0.0,1.0,0.0,1.0,1.0,1.0,0.92,0.0,0.04,channel rejected because action is not local or path-neighborhood constrained,0.76986,0.546,0.0,1.0,1.0,0.92,0.0,0.0,0.0,0.0002889006896647645,0.0,0.0002889006896648061,0.0,0.0,0.0,0.0,False
nonlocal_override_claim,80,0.33472803347280333,0.94,0.91,0.9,0.93,0.004,0.41290958069704337,0.5421821855227825,1.1145479034852168,0.0,1.0,0.0,1.0,1.0,1.0,0.92,0.0,0.04,channel rejected because action is not local or path-neighborhood constrained,0.76986,0.546,0.0,1.0,1.0,0.92,0.0,0.0,0.0,0.00029833056786678726,0.0,0.0002983305678667669,0.0,0.0,0.0,0.0,False
nonlocal_override_claim,81,0.3389121338912134,0.94,0.91,0.9,0.93,0.004,0.41770773072676126,0.5457807980450708,1.1385386536338062,0.0,1.0,0.0,1.0,1.0,1.0,0.92,0.0,0.04,channel rejected because action is not local or path-neighborhood constrained,0.76986,0.546,0.0,1.0,1.0,0.92,0.0,0.0,0.0,0.00030795104608183767,0.0,0.00030795104608183355,0.0,0.0,0.0,0.0,False
nonlocal_override_claim,82,0.34309623430962344,0.94,0.91,0.9,0.93,0.004,0.42253439933568643,0.5494007995017648,1.162671996678432,0.0,1.0,0.0,1.0,1.0,1.0,0.92,0.0,0.04,channel rejected because action is not local or path-neighborhood constrained,0.76986,0.546,0.0,1.0,1.0,0.92,0.0,0.0,0.0,0.0003177603651201084,0.0,0.0003177603651201011,0.0,0.0,0.0,0.0,False
nonlocal_override_claim,83,0.3472803347280335,0.94,0.91,0.9,0.93,0.004,0.4273876331964759,0.5530407248973569,1.1869381659823794,0.0,1.0,0.0,1.0,1.0,1.0,0.92,0.0,0.04,channel rejected because action is not local or path-neighborhood constrained,0.76986,0.546,0.0,1.0,1.0,0.92,0.0,0.0,0.0,0.00032775655854936785,0.0,0.0003277565585493303,0.0,0.0,0.0,0.0,False
nonlocal_override_claim,84,0.3514644351464435,0.94,0.91,0.9,0.93,0.004,0.4322654789817867,0.55669910923634,1.2113273949089334,0.0,1.0,0.0,1.0,1.0,1.0,0.92,0.0,0.04,channel rejected because action is not local or path-neighborhood constrained,0.76986,0.546,0.0,1.0,1.0,0.92,0.0,0.0,0.0,0.0003379374506039926,0.0,0.0003379374506039534,0.0,0.0,0.0,0.0,False
nonlocal_override_claim,85,0.35564853556485354,0.94,0.91,0.9,0.93,0.004,0.4371659833642761,0.5603744875232071,1.2358299168213804,0.0,1.0,0.0,1.0,1.0,1.0,0.92,0.0,0.04,channel rejected because action is not local or path-neighborhood constrained,0.76986,0.546,0.0,1.0,1.0,0.92,0.0,0.0,0.0,0.00034830065433680025,0.0,0.00034830065433677504,0.0,0.0,0.0,0.0,False
nonlocal_override_claim,86,0.3598326359832636,0.94,0.91,0.9,0.93,0.004,0.4420871930166008,0.5640653947624505,1.260435965083004,0.0,1.0,0.0,1.0,1.0,1.0,0.92,0.0,0.04,channel rejected because action is not local or path-neighborhood constrained,0.76986,0.546,0.0,1.0,1.0,0.92,0.0,0.0,0.0,0.0003588435700106978,0.0,0.0003588435700107029,0.0,0.0,0.0,0.0,False
nonlocal_override_claim,87,0.36401673640167365,0.94,0.91,0.9,0.93,0.004,0.44702715461141806,0.5677703659585636,1.2851357730570903,0.0,1.0,0.0,1.0,1.0,1.0,0.92,0.0,0.04,channel rejected because action is not local or path-neighborhood constrained,0.76986,0.546,0.0,1.0,1.0,0.92,0.0,0.0,0.0,0.000369563383727133,0.0,0.00036956338372717834,0.0,0.0,0.0,0.0,False
nonlocal_override_claim,88,0.3682008368200837,0.94,0.91,0.9,0.93,0.004,0.4519839148213848,0.5714879361160385,1.3099195741069238,0.0,1.0,0.0,1.0,1.0,1.0,0.92,0.0,0.04,channel rejected because action is not local or path-neighborhood constrained,0.76986,0.546,0.0,1.0,1.0,0.92,0.0,0.0,0.0,0.00038045706628829506,0.0,0.0003804570662883089,0.0,0.0,0.0,0.0,False
nonlocal_override_claim,89,0.3723849372384937,0.94,0.91,0.9,0.93,0.004,0.456955520319158,0.5752166402393685,1.33477760159579,0.0,1.0,0.0,1.0,1.0,1.0,0.92,0.0,0.04,channel rejected because action is not local or path-neighborhood constrained,0.76986,0.546,0.0,1.0,1.0,0.92,0.0,0.0,0.0,0.0003915213722899957,0.0,0.0003915213722900379,0.0,0.0,0.0,0.0,False
nonlocal_override_claim,90,0.37656903765690375,0.94,0.91,0.9,0.93,0.004,0.4619400177773949,0.5789550133330461,1.3597000888869746,0.0,1.0,0.0,1.0,1.0,1.0,0.92,0.0,0.04,channel rejected because action is not local or path-neighborhood constrained,0.76986,0.546,0.0,1.0,1.0,0.92,0.0,0.0,0.0,0.00040275283944214767,0.0,0.00040275283944213314,0.0,0.0,0.0,0.0,False
nonlocal_override_claim,91,0.3807531380753138,0.94,0.91,0.9,0.93,0.004,0.46693545386875235,0.5827015904015642,1.384677269343762,0.0,1.0,0.0,1.0,1.0,1.0,0.92,0.0,0.04,channel rejected because action is not local or path-neighborhood constrained,0.76986,0.546,0.0,1.0,1.0,0.92,0.0,0.0,0.0,0.0004141477881137415,0.0,0.0004141477881137723,0.0,0.0,0.0,0.0,False
nonlocal_override_claim,92,0.38493723849372385,0.94,0.91,0.9,0.93,0.004,0.47193987526588754,0.5864549064494157,1.4096993763294379,0.0,1.0,0.0,1.0,1.0,1.0,0.92,0.0,0.04,channel rejected because action is not local or path-neighborhood constrained,0.76986,0.546,0.0,1.0,1.0,0.92,0.0,0.0,0.0,0.00042570232109923815,0.0,0.0004257023210992861,0.0,0.0,0.0,0.0,False
nonlocal_override_claim,93,0.3891213389121339,0.94,0.91,0.9,0.93,0.004,0.4769513286414574,0.590213496481093,1.434756643207287,0.0,1.0,0.0,1.0,1.0,1.0,0.92,0.0,0.04,channel rejected because action is not local or path-neighborhood constrained,0.76986,0.546,0.0,1.0,1.0,0.92,0.0,0.0,0.0,0.0004374123236032822,0.0,0.0004374123236032812,0.0,0.0,0.0,0.0,False
nonlocal_override_claim,94,0.39330543933054396,0.94,0.91,0.9,0.93,0.004,0.4819678606681189,0.5939758955010892,1.4598393033405948,0.0,1.0,0.0,1.0,1.0,1.0,0.92,0.0,0.04,channel rejected because action is not local or path-neighborhood constrained,0.76986,0.546,0.0,1.0,1.0,0.92,0.0,0.0,0.0,0.0004492734634406728,0.0,0.0004492734634407025,0.0,0.0,0.0,0.0,False
nonlocal_override_claim,95,0.39748953974895396,0.94,0.91,0.9,0.93,0.004,0.48698751801852913,0.5977406385138968,1.4849375900926458,0.0,1.0,0.0,1.0,1.0,1.0,0.92,0.0,0.04,channel rejected because action is not local or path-neighborhood constrained,0.76986,0.546,0.0,1.0,1.0,0.92,0.0,0.0,0.0,0.0004612811914485395,0.0,0.00046128119144850377,0.0,0.0,0.0,0.0,False
nonlocal_override_claim,96,0.401673640167364,0.94,0.91,0.9,0.93,0.004,0.49200834736534516,0.6015062605240089,1.5100417368267258,0.0,1.0,0.0,1.0,1.0,1.0,0.92,0.0,0.04,channel rejected because action is not local or path-neighborhood constrained,0.76986,0.546,0.0,1.0,1.0,0.92,0.0,0.0,0.0,0.0004734307421077006,0.0,0.0004734307421077055,0.0,0.0,0.0,0.0,False
nonlocal_override_claim,97,0.40585774058577406,0.94,0.91,0.9,0.93,0.004,0.49702839538122406,0.605271296535918,1.5351419769061203,0.0,1.0,0.0,1.0,1.0,1.0,0.92,0.0,0.04,channel rejected because action is not local or path-neighborhood constrained,0.76986,0.546,0.0,1.0,1.0,0.92,0.0,0.0,0.0,0.00048571713437021904,0.0,0.00048571713437017827,0.0,0.0,0.0,0.0,False
nonlocal_override_claim,98,0.4100418410041841,0.94,0.91,0.9,0.93,0.004,0.5020457087388227,0.609034281554117,1.5602285436941137,0.0,1.0,0.0,1.0,1.0,1.0,0.92,0.0,0.04,channel rejected because action is not local or path-neighborhood constrained,0.76986,0.546,0.0,1.0,1.0,0.92,0.0,0.0,0.0,0.0004981351726902049,0.0,0.0004981351726901506,0.0,0.0,0.0,0.0,False
nonlocal_override_claim,99,0.41422594142259417,0.94,0.91,0.9,0.93,0.004,0.5070583341107984,0.6127937505830987,1.585291670553992,0.0,1.0,0.0,1.0,1.0,1.0,0.92,0.0,0.04,channel rejected because action is not local or path-neighborhood constrained,0.76986,0.546,0.0,1.0,1.0,0.92,0.0,0.0,0.0,0.0005106794482549656,0.0,0.0005106794482550026,0.0,0.0,0.0,0.0,False
nonlocal_override_claim,100,0.41841004184100417,0.94,0.91,0.9,0.93,0.004,0.5120643181698079,0.6165482386273559,1.6103215908490394,0.0,1.0,0.0,1.0,1.0,1.0,0.92,0.0,0.04,channel rejected because action is not local or path-neighborhood constrained,0.76986,0.546,0.0,1.0,1.0,0.92,0.0,0.0,0.0,0.000523344340413648,0.0,0.0005233443404136784,0.0,0.0,0.0,0.0,False
nonlocal_override_claim,101,0.4225941422594142,0.94,0.91,0.9,0.93,0.004,0.5170617075885082,0.6202962806913812,1.6353085379425412,0.0,1.0,0.0,1.0,1.0,1.0,0.92,0.0,0.04,channel rejected because action is not local or path-neighborhood constrained,0.76986,0.546,0.0,1.0,1.0,0.92,0.0,0.0,0.0,0.0005361240183005809,0.0,0.00053612401830061,0.0,0.0,0.0,0.0,False
nonlocal_override_claim,102,0.42677824267782427,0.94,0.91,0.9,0.93,0.004,0.5220485490395568,0.6240364117796675,1.660242745197784,0.0,1.0,0.0,1.0,1.0,1.0,0.92,0.0,0.04,channel rejected because action is not local or path-neighborhood constrained,0.76986,0.546,0.0,1.0,1.0,0.92,0.0,0.0,0.0,0.000549012442650584,0.0,0.0005490124426505982,0.0,0.0,0.0,0.0,False
nonlocal_override_claim,103,0.4309623430962343,0.94,0.91,0.9,0.93,0.004,0.5270228891956101,0.6277671668967075,1.6851144459780503,0.0,1.0,0.0,1.0,1.0,1.0,0.92,0.0,0.04,channel rejected because action is not local or path-neighborhood constrained,0.76986,0.546,0.0,1.0,1.0,0.92,0.0,0.0,0.0,0.0005620033678035642,0.0,0.000562003367803543,0.0,0.0,0.0,0.0,False
nonlocal_override_claim,104,0.4351464435146444,0.94,0.91,0.9,0.93,0.004,0.5319827747293258,0.6314870810469942,1.7099138736466286,0.0,1.0,0.0,1.0,1.0,1.0,0.92,0.0,0.04,channel rejected because action is not local or path-neighborhood constrained,0.76986,0.546,0.0,1.0,1.0,0.92,0.0,0.0,0.0,0.0005750903438958186,0.0,0.000575090343895801,0.0,0.0,0.0,0.0,False
nonlocal_override_claim,105,0.4393305439330544,0.94,0.91,0.9,0.93,0.004,0.5369262523133602,0.6351946892350201,1.734631261566801,0.0,1.0,0.0,1.0,1.0,1.0,0.92,0.0,0.04,channel rejected because action is not local or path-neighborhood constrained,0.76986,0.546,0.0,1.0,1.0,0.92,0.0,0.0,0.0,0.0005882667192354909,0.0,0.0005882667192355084,0.0,0.0,0.0,0.0,False
nonlocal_override_claim,106,0.4435146443514644,0.94,0.91,0.9,0.93,0.004,0.5418513686203708,0.638888526465278,1.759256843101854,0.0,1.0,0.0,1.0,1.0,1.0,0.92,0.0,0.04,channel rejected because action is not local or path-neighborhood constrained,0.76986,0.546,0.0,1.0,1.0,0.92,0.0,0.0,0.0,0.0006015256428597586,0.0,0.0006015256428597571,0.0,0.0,0.0,0.0,False
nonlocal_override_claim,107,0.4476987447698745,0.94,0.91,0.9,0.93,0.004,0.5467561703230146,0.642567127742261,1.7837808516150735,0.0,1.0,0.0,1.0,1.0,1.0,0.92,0.0,0.04,channel rejected because action is not local or path-neighborhood constrained,0.76986,0.546,0.0,1.0,1.0,0.92,0.0,0.0,0.0,0.0006148600672713584,0.0,0.0006148600672714055,0.0,0.0,0.0,0.0,False
nonlocal_override_claim,108,0.45188284518828453,0.94,0.91,0.9,0.93,0.004,0.5516387040939487,0.6462290280704615,1.8081935204697432,0.0,1.0,0.0,1.0,1.0,1.0,0.92,0.0,0.04,channel rejected because action is not local or path-neighborhood constrained,0.76986,0.546,0.0,1.0,1.0,0.92,0.0,0.0,0.0,0.0006282627513521731,0.0,0.0006282627513521932,0.0,0.0,0.0,0.0,False
nonlocal_override_claim,109,0.4560669456066946,0.94,0.91,0.9,0.93,0.004,0.55649701660583,0.6498727624543724,1.8324850830291497,0.0,1.0,0.0,1.0,1.0,1.0,0.92,0.0,0.04,channel rejected because action is not local or path-neighborhood constrained,0.76986,0.546,0.0,1.0,1.0,0.92,0.0,0.0,0.0,0.0006417262634516778,0.0,0.000641726263451714,0.0,0.0,0.0,0.0,False
nonlocal_override_claim,110,0.4602510460251046,0.94,0.91,0.9,0.93,0.004,0.5613291545313154,0.6534968658984865,1.8566457726565768,0.0,1.0,0.0,1.0,1.0,1.0,0.92,0.0,0.04,channel rejected because action is not local or path-neighborhood constrained,0.76986,0.546,0.0,1.0,1.0,0.92,0.0,0.0,0.0,0.00065524298464813,0.0,0.0006552429846481411,0.0,0.0,0.0,0.0,False
nonlocal_override_claim,111,0.46443514644351463,0.94,0.91,0.9,0.93,0.004,0.5661331645430621,0.6570998734072966,1.8806658227153106,0.0,1.0,0.0,1.0,1.0,1.0,0.92,0.0,0.04,channel rejected because action is not local or path-neighborhood constrained,0.76986,0.546,0.0,1.0,1.0,0.92,0.0,0.0,0.0,0.0006688051121804793,0.0,0.0006688051121804817,0.0,0.0,0.0,0.0,False
nonlocal_override_claim,112,0.4686192468619247,0.94,0.91,0.9,0.93,0.004,0.5709070933137272,0.6606803199852953,1.9045354665686358,0.0,1.0,0.0,1.0,1.0,1.0,0.92,0.0,0.04,channel rejected because action is not local or path-neighborhood constrained,0.76986,0.546,0.0,1.0,1.0,0.92,0.0,0.0,0.0,0.0006824046630490681,0.0,0.0006824046630490299,0.0,0.0,0.0,0.0,False
nonlocal_override_claim,113,0.47280334728033474,0.94,0.91,0.9,0.93,0.004,0.5756489875159676,0.6642367406369756,1.9282449375798378,0.0,1.0,0.0,1.0,1.0,1.0,0.92,0.0,0.04,channel rejected because action is not local or path-neighborhood constrained,0.76986,0.546,0.0,1.0,1.0,0.92,0.0,0.0,0.0,0.0006960334777832855,0.0,0.0006960334777832422,0.0,0.0,0.0,0.0,False
nonlocal_override_claim,114,0.4769874476987448,0.94,0.91,0.9,0.93,0.004,0.5803568938224404,0.6677676703668303,1.951784469112202,0.0,1.0,0.0,1.0,1.0,1.0,0.92,0.0,0.04,channel rejected because action is not local or path-neighborhood constrained,0.76986,0.546,0.0,1.0,1.0,0.92,0.0,0.0,0.0,0.0007096832243744356,0.0,0.00070968322437448,0.0,0.0,0.0,0.0,False
nonlocal_override_claim,115,0.4811715481171548,0.94,0.91,0.9,0.93,0.004,0.5850288589058026,0.6712716441793518,1.9751442945290127,0.0,1.0,0.0,1.0,1.0,1.0,0.92,0.0,0.04,channel rejected because action is not local or path-neighborhood constrained,0.76986,0.546,0.0,1.0,1.0,0.92,0.0,0.0,0.0,0.0007233454023721713,0.0,0.0007233454023721775,0.0,0.0,0.0,0.0,False
nonlocal_override_claim,116,0.48535564853556484,0.94,0.91,0.9,0.93,0.004,0.589662929438711,0.6747471970790333,1.9983146471935556,0.0,1.0,0.0,1.0,1.0,1.0,0.92,0.0,0.04,channel rejected because action is not local or path-neighborhood constrained,0.76986,0.546,0.0,1.0,1.0,0.92,0.0,0.0,0.0,0.0007370113471429586,0.0,0.0007370113471429907,0.0,0.0,0.0,0.0,False
nonlocal_override_claim,117,0.4895397489539749,0.94,0.91,0.9,0.93,0.004,0.5942571520938233,0.6781928640703674,2.0212857604691163,0.0,1.0,0.0,1.0,1.0,1.0,0.92,0.0,0.04,channel rejected because action is not local or path-neighborhood constrained,0.76986,0.546,0.0,1.0,1.0,0.92,0.0,0.0,0.0,0.0007506722342891165,0.0,0.0007506722342891514,0.0,0.0,0.0,0.0,False
nonlocal_override_claim,118,0.49372384937238495,0.94,0.91,0.9,0.93,0.004,0.5988095735437958,0.6816071801578469,2.0440478677189793,0.0,1.0,0.0,1.0,1.0,1.0,0.92,0.0,0.04,channel rejected because action is not local or path-neighborhood constrained,0.76986,0.546,0.0,1.0,1.0,0.92,0.0,0.0,0.0,0.0007643190842270913,0.0,0.0007643190842271386,0.0,0.0,0.0,0.0,False
nonlocal_override_claim,119,0.497907949790795,0.94,0.91,0.9,0.93,0.004,0.6033182404612861,0.6849886803459646,2.0665912023064306,0.0,1.0,0.0,1.0,1.0,1.0,0.92,0.0,0.04,channel rejected because action is not local or path-neighborhood constrained,0.76986,0.546,0.0,1.0,1.0,0.92,0.0,0.0,0.0,0.0007779427669237308,0.0,0.0007779427669237782,0.0,0.0,0.0,0.0,False
nonlocal_override_claim,120,0.502092050209205,0.94,0.91,0.9,0.93,0.004,0.6077811995189508,0.688335899639213,2.088905997594754,0.0,1.0,0.0,1.0,1.0,1.0,0.92,0.0,0.04,channel rejected because action is not local or path-neighborhood constrained,0.76986,0.546,0.0,1.0,1.0,0.92,0.0,0.0,0.0,0.0007915340067894019,0.0,0.0007915340067894405,0.0,0.0,0.0,0.0,False
nonlocal_override_claim,121,0.5062761506276151,0.94,0.91,0.9,0.93,0.004,0.6121964973894473,0.6916473730420855,2.1109824869472362,0.0,1.0,0.0,1.0,1.0,1.0,0.92,0.0,0.04,channel rejected because action is not local or path-neighborhood constrained,0.76986,0.546,0.0,1.0,1.0,0.92,0.0,0.0,0.0,0.0008050833877269349,0.0,0.0008050833877268904,0.0,0.0,0.0,0.0,False
nonlocal_override_claim,122,0.5104602510460251,0.94,0.91,0.9,0.93,0.004,0.6165621807454322,0.6949216355590742,2.1328109037271608,0.0,1.0,0.0,1.0,1.0,1.0,0.92,0.0,0.04,channel rejected because action is not local or path-neighborhood constrained,0.76986,0.546,0.0,1.0,1.0,0.92,0.0,0.0,0.0,0.0008185813583354439,0.0,0.0008185813583354573,0.0,0.0,0.0,0.0,False
nonlocal_override_claim,123,0.5146443514644351,0.94,0.91,0.9,0.93,0.004,0.6208762962595629,0.6981572221946721,2.1543814812978144,0.0,1.0,0.0,1.0,1.0,1.0,0.92,0.0,0.04,channel rejected because action is not local or path-neighborhood constrained,0.76986,0.546,0.0,1.0,1.0,0.92,0.0,0.0,0.0,0.0008320182372682068,0.0,0.000832018237268195,0.0,0.0,0.0,0.0,False
nonlocal_override_claim,124,0.5188284518828452,0.94,0.91,0.9,0.93,0.004,0.6251368906044963,0.7013526679533721,2.1756844530224813,0.0,1.0,0.0,1.0,1.0,1.0,0.92,0.0,0.04,channel rejected because action is not local or path-neighborhood constrained,0.76986,0.546,0.0,1.0,1.0,0.92,0.0,0.0,0.0,0.0008453842187438779,0.0,0.0008453842187439164,0.0,0.0,0.0,0.0,False
nonlocal_override_claim,125,0.5230125523012552,0.94,0.91,0.9,0.93,0.004,0.6293420104528895,0.7045065078396671,2.1967100522644474,0.00024778083418275365,1.0,0.00035168892593681167,1.0,1.0,1.0,0.92,0.0,0.04,channel rejected because action is not local or path-neighborhood constrained,0.76986,0.546,0.00035168892593681167,1.0,1.0,0.92,0.0,0.0001360037611295873,0.0,0.0008586693782104148,0.0,0.0008586693782104415,0.0,0.0,0.0,0.0,False
nonlocal_override_claim,126,0.5271966527196653,0.94,0.91,0.9,0.93,0.004,0.6334897024773993,0.7076172768580495,2.217448512386997,0.001398744718893043,1.0,0.0019853150848804482,1.0,1.0,1.0,0.92,0.0,0.04,channel rejected because action is not local or path-neighborhood constrained,0.76986,0.546,0.0019853150848804482,1.0,1.0,0.92,0.0,0.0007677532576603218,0.0,0.0008718636781612089,0.0,0.0008718636781611666,0.0,0.0,0.0,0.0,False
nonlocal_override_claim,127,0.5313807531380753,0.94,0.91,0.9,0.93,0.004,0.6375780133506831,0.7106835100130123,2.2378900667534154,0.0034597628791486,1.0,0.004910631183307691,1.0,1.0,1.0,0.92,0.0,0.04,channel rejected because action is not local or path-neighborhood constrained,0.76986,0.546,0.004910631183307691,1.0,1.0,0.92,0.0,0.001899020017963482,0.0,0.0008849569741030212,0.0,0.0008849569741030683,0.0,0.0,0.0,0.0,False
nonlocal_override_claim,128,0.5355648535564853,0.94,0.91,0.9,0.93,0.004,0.6416049897453977,0.7137037423090483,2.258024948726989,0.006399828354964939,1.0,0.00908362734253088,1.0,1.0,1.0,0.92,0.0,0.04,channel rejected because action is not local or path-neighborhood constrained,0.76986,0.546,0.00908362734253088,1.0,1.0,0.92,0.0,0.003512784714482948,0.0,0.0008979390206754147,0.0,0.0008979390206753646,0.0,0.0,0.0,0.0,False
nonlocal_override_claim,129,0.5397489539748954,0.94,0.91,0.9,0.93,0.004,0.6455686783342002,0.7166765087506501,2.277843391671001,0.010187934186357661,1.0,0.014460293683862488,1.0,1.0,1.0,0.92,0.0,0.04,channel rejected because action is not local or path-neighborhood constrained,0.76986,0.546,0.014460293683862488,1.0,1.0,0.92,0.0,0.0055920280196626515,0.0,0.0009107994779215036,0.0,0.0009107994779214978,0.0,0.0,0.0,0.0,False
nonlocal_override_claim,130,0.5439330543933054,0.94,0.91,0.9,0.93,0.004,0.6494671257897475,0.7196003443423107,2.297335628948738,0.014793073413342059,1.0,0.020996620328614535,1.0,1.0,1.0,0.92,0.0,0.04,channel rejected because action is not local or path-neighborhood constrained,0.76986,0.546,0.020996620328614535,1.0,1.0,0.92,0.0,0.008119730605946349,0.0,0.0009235279177099403,0.0,0.0009235279177098876,0.0,0.0,0.0,0.0,False
nonlocal_override_claim,131,0.5481171548117155,0.94,0.91,0.9,0.93,0.004,0.653298378784697,0.7224737840885227,2.3164918939234846,0.02018423907593387,1.0,0.028648597398099683,1.0,1.0,1.0,0.92,0.0,0.04,channel rejected because action is not local or path-neighborhood constrained,0.76986,0.546,0.028648597398099683,1.0,1.0,0.92,0.0,0.011078873145778042,0.0,0.000936113830308158,0.0,0.0009361138303081162,0.0,0.0,0.0,0.0,False
nonlocal_override_claim,132,0.5523012552301255,0.94,0.91,0.9,0.93,0.004,0.6570604839917051,0.7252953629937788,2.3353024199585257,0.026330424214148294,1.0,0.03737221501362984,0.0,1.0,1.0,0.92,0.0,0.04,channel rejected because action is not local or path-neighborhood constrained,0.76986,0.546,0.03737221501362984,0.0,1.0,0.92,0.0,0.0,0.0,0.0009485466311070182,0.0,0.0009485466311069946,0.0,0.0,0.0,0.0,False
nonlocal_override_claim,133,0.5564853556485355,0.94,0.91,0.9,0.93,0.004,0.6607514880834295,0.7280636160625721,2.353757440417147,0.03320062186800096,1.0,0.0471234632965175,0.0,1.0,1.0,0.92,0.0,0.04,channel rejected because action is not local or path-neighborhood constrained,0.76986,0.546,0.0471234632965175,0.0,1.0,0.92,0.0,0.0,0.0,0.0009608156674971118,0.0,0.0009608156674970614,0.0,0.0,0.0,0.0,False
nonlocal_override_claim,134,0.5606694560669456,0.94,0.91,0.9,0.93,0.004,0.6643694377325269,0.7307770782993952,2.371847188662634,0.04076382507750757,1.0,0.05785833236807527,0.0,1.0,1.0,0.92,0.0,0.04,channel rejected because action is not local or path-neighborhood constrained,0.76986,0.546,0.05785833236807527,0.0,1.0,0.92,0.0,0.0,0.0,0.0009729102258970644,0.0,0.0009729102258970723,0.0,0.0,0.0,0.0,False
nonlocal_override_claim,135,0.5648535564853556,0.94,0.91,0.9,0.93,0.004,0.6679123796116543,0.7334342847087407,2.3895618980582713,0.04898902688268323,1.0,0.0695328123496149,0.0,1.0,1.0,0.92,0.0,0.04,channel rejected because action is not local or path-neighborhood constrained,0.76986,0.546,0.0695328123496149,0.0,1.0,0.92,0.0,0.0,0.0,0.0009848195389343343,0.0,0.0009848195389343672,0.0,0.0,0.0,0.0,False
nonlocal_override_claim,136,0.5690376569037657,0.94,0.91,0.9,0.93,0.004,0.6713783603934689,0.7360337702951016,2.4068918019673444,0.05784522032354385,1.0,0.08210289336244933,0.0,1.0,1.0,0.92,0.0,0.04,channel rejected because action is not local or path-neighborhood constrained,0.76986,0.546,0.08210289336244933,0.0,1.0,0.92,0.0,0.0,0.0,0.0009965327927790799,0.0,0.0009965327927791146,0.0,0.0,0.0,0.0,False
nonlocal_override_claim,137,0.5732217573221757,0.94,0.91,0.9,0.93,0.004,0.6747654267506275,0.7385740700629706,2.423827133753137,0.06730139844010447,1.0,0.09552456552789022,0.0,1.0,1.0,0.92,0.0,0.04,channel rejected because action is not local or path-neighborhood constrained,0.76986,0.546,0.09552456552789022,0.0,1.0,0.92,0.0,0.0,0.0,0.0010080391346318017,0.0,0.0010080391346317663,0.0,0.0,0.0,0.0,False
nonlocal_override_claim,138,0.5774058577405857,0.94,0.91,0.9,0.93,0.004,0.6780716253557874,0.7410537190168405,2.4403581267789365,0.07732655427238078,1.0,0.10975381896725014,0.0,1.0,1.0,0.92,0.0,0.04,channel rejected because action is not local or path-neighborhood constrained,0.76986,0.546,0.10975381896725014,0.0,1.0,0.92,0.0,0.0,0.0,0.001019327680365583,0.0,0.0010193276803656115,0.0,0.0,0.0,0.0,False
nonlocal_override_claim,139,0.5815899581589958,0.94,0.91,0.9,0.93,0.004,0.6812950028816055,0.7434712521612041,2.4564750144080274,0.08788968086038856,1.0,0.12474664380184185,0.0,1.0,1.0,0.92,0.0,0.04,channel rejected because action is not local or path-neighborhood constrained,0.76986,0.546,0.12474664380184185,0.0,1.0,0.92,0.0,0.0,0.0,0.0010303875223238539,0.0,0.0010303875223238723,0.0,0.0,0.0,0.0,False
nonlocal_override_claim,140,0.5857740585774058,0.94,0.91,0.9,0.93,0.004,0.6844336060007388,0.7458252045005541,2.472168030003694,0.09895977124414282,1.0,0.1404590301529769,0.0,1.0,1.0,0.92,0.0,0.04,channel rejected because action is not local or path-neighborhood constrained,0.76986,0.546,0.1404590301529769,0.0,1.0,0.92,0.0,0.0,0.0,0.0010412077372747466,0.0,0.0010412077372747852,0.0,0.0,0.0,0.0,False
nonlocal_override_claim,141,0.5899581589958159,0.94,0.91,0.9,0.93,0.004,0.6874854813858444,0.7481141110393833,2.487427406929222,0.11050581846365953,1.0,0.15684696814196838,0.0,1.0,1.0,0.92,0.0,0.04,channel rejected because action is not local or path-neighborhood constrained,0.76986,0.546,0.15684696814196838,0.0,1.0,0.92,0.0,0.0,0.0,0.0010517773945232123,0.0,0.0010517773945232234,0.0,0.0,0.0,0.0,False
nonlocal_override_claim,142,0.5941422594142259,0.94,0.91,0.9,0.93,0.004,0.6904486757095794,0.7503365067821846,2.5022433785478966,0.12249681555895366,1.0,0.17386644789012776,0.0,1.0,1.0,0.92,0.0,0.04,channel rejected because action is not local or path-neighborhood constrained,0.76986,0.546,0.17386644789012776,0.0,1.0,0.92,0.0,0.0,0.0,0.0010620855641822007,0.0,0.0010620855641821914,0.0,0.0,0.0,0.0,False
nonlocal_override_claim,143,0.5983263598326359,0.94,0.91,0.9,0.93,0.004,0.6933212356446006,0.7524909267334504,2.516606178223003,0.13490175557004092,1.0,0.19147345951876776,0.0,1.0,1.0,0.92,0.0,0.04,channel rejected because action is not local or path-neighborhood constrained,0.76986,0.546,0.19147345951876776,0.0,1.0,0.92,0.0,0.0,0.0,0.0010721213256043266,0.0,0.0010721213256043027,0.0,0.0,0.0,0.0,False
nonlocal_override_claim,144,0.602510460251046,0.94,0.91,0.9,0.93,0.004,0.6961012078635653,0.754575905897674,2.5305060393178263,0.14768963153693718,1.0,0.20962399314920116,0.0,1.0,1.0,0.92,0.0,0.04,channel rejected because action is not local or path-neighborhood constrained,0.76986,0.546,0.20962399314920116,0.0,1.0,0.92,0.0,0.0,0.0,0.0010818737759755806,0.0,0.0010818737759755725,0.0,0.0,0.0,0.0,False
nonlocal_override_claim,145,0.606694560669456,0.94,0.91,0.9,0.93,0.004,0.6987866390391303,0.7565899792793477,2.543933195195651,0.16082943649965728,1.0,0.22827403890273937,0.0,1.0,1.0,0.92,0.0,0.04,channel rejected because action is not local or path-neighborhood constrained,0.76986,0.546,0.22827403890273937,0.0,1.0,0.92,0.0,0.0,0.0,0.0010913320390727574,0.0,0.0010913320390727455,0.0,0.0,0.0,0.0,False
nonlocal_override_claim,146,0.6108786610878661,0.94,0.91,0.9,0.93,0.004,0.7013755758439528,0.7585316818829646,2.5568778792197637,0.1742901634982174,1.0,0.2473795869006957,0.0,1.0,1.0,0.92,0.0,0.04,channel rejected because action is not local or path-neighborhood constrained,0.76986,0.546,0.2473795869006957,0.0,1.0,0.92,0.0,0.0,0.0,0.0011004852741864335,0.0,0.0011004852741863802,0.0,0.0,0.0,0.0,False
nonlocal_override_claim,147,0.6150627615062761,0.94,0.91,0.9,0.93,0.004,0.7038660649506898,0.7603995487130173,2.569330324753449,0.1880408055726323,1.0,0.26689662726438135,0.0,1.0,1.0,0.92,0.0,0.04,channel rejected because action is not local or path-neighborhood constrained,0.76986,0.546,0.26689662726438135,0.0,1.0,0.92,0.0,0.0,0.0,0.0011093226852114226,0.0,0.0011093226852114668,0.0,0.0,0.0,0.0,False
nonlocal_override_claim,148,0.6192468619246861,0.94,0.91,0.9,0.93,0.004,0.7062561530319982,0.7621921147739986,2.581280765159991,0.20205035576291783,1.0,0.2867811501151092,0.0,1.0,1.0,0.92,0.0,0.04,channel rejected because action is not local or path-neighborhood constrained,0.76986,0.546,0.2867811501151092,0.0,1.0,0.92,0.0,0.0,0.0,0.001117833529906822,0.0,0.0011178335299067976,0.0,0.0,0.0,0.0,False
nonlocal_override_claim,149,0.6234309623430963,0.94,0.91,0.9,0.93,0.004,0.7085438867605354,0.7639079150704015,2.592719433802676,0.21628780710908987,1.0,0.3069891455741921,0.0,1.0,1.0,0.92,0.0,0.04,channel rejected because action is not local or path-neighborhood constrained,0.76986,0.546,0.3069891455741921,0.0,1.0,0.92,0.0,0.0,0.0,0.0011260071293278712,0.0,0.0011260071293278662,0.0,0.0,0.0,0.0,False
nonlocal_override_claim,150,0.6276150627615062,0.94,0.91,0.9,0.93,0.004,0.710727312808958,0.7655454846067185,2.6036365640447894,0.23072215265116316,1.0,0.3274766037629413,0.0,1.0,1.0,0.92,0.0,0.04,channel rejected because action is not local or path-neighborhood constrained,0.76986,0.546,0.3274766037629413,0.0,1.0,0.92,0.0,0.0,0.0,0.001133832877431997,0.0,0.0011338328774319617,0.0,0.0,0.0,0.0,False
nonlocal_override_claim,151,0.6317991631799164,0.94,0.91,0.9,0.93,0.004,0.7128044778499232,0.7671033583874423,2.6140223892496155,0.245322385429154,1.0,0.3481995148026702,0.0,1.0,1.0,0.92,0.0,0.04,channel rejected because action is not local or path-neighborhood constrained,0.76986,0.546,0.3481995148026702,0.0,1.0,0.92,0.0,0.0,0.0,0.0011413002508615915,0.0,0.0011413002508615655,0.0,0.0,0.0,0.0,False
nonlocal_override_claim,152,0.6359832635983264,0.94,0.91,0.9,0.93,0.004,0.7147734285560879,0.768580071417066,2.6238671427804396,0.260057498483077,1.0,0.36911386881468994,0.0,1.0,1.0,0.92,0.0,0.04,channel rejected because action is not local or path-neighborhood constrained,0.76986,0.546,0.36911386881468994,0.0,1.0,0.92,0.0,0.0,0.0,0.0011483988189061858,0.0,0.00114839881890616,0.0,0.0,0.0,0.0,False
nonlocal_override_claim,153,0.6401673640167364,0.94,0.91,0.9,0.93,0.004,0.7166322116001095,0.7699741587000821,2.6331610580005473,0.2748964848529481,1.0,0.3901756559203134,0.0,1.0,1.0,0.92,0.0,0.04,channel rejected because action is not local or path-neighborhood constrained,0.76986,0.546,0.3901756559203134,0.0,1.0,0.92,0.0,0.0,0.0,0.001155118253646881,0.0,0.0011551182536468918,0.0,0.0,0.0,0.0,False
nonlocal_override_claim,154,0.6443514644351465,0.94,0.91,0.9,0.93,0.004,0.7183788736546448,0.7712841552409836,2.6418943682732237,0.2898083375787832,1.0,0.4113408662408536,0.0,1.0,1.0,0.92,0.0,0.04,channel rejected because action is not local or path-neighborhood constrained,0.76986,0.546,0.4113408662408536,0.0,1.0,0.92,0.0,0.0,0.0,0.0011614483402860264,0.0,0.0011614483402859754,0.0,0.0,0.0,0.0,False
nonlocal_override_claim,155,0.6485355648535565,0.94,0.91,0.9,0.93,0.004,0.7200114613923507,0.772508596044263,2.6500573069617537,0.30476204970059695,1.0,0.4325654898976215,0.0,1.0,1.0,0.92,0.0,0.04,channel rejected because action is not local or path-neighborhood constrained,0.76986,0.546,0.4325654898976215,0.0,1.0,0.92,0.0,0.0,0.0,0.001167378987665338,0.0,0.0011673789876653906,0.0,0.0,0.0,0.0,False
nonlocal_override_claim,156,0.6527196652719666,0.94,0.91,0.9,0.93,0.004,0.7215280214858846,0.7736460161144134,2.6576401074294225,0.3197266142584058,1.0,0.45380551701193084,0.0,1.0,1.0,0.92,0.0,0.04,channel rejected because action is not local or path-neighborhood constrained,0.76986,0.546,0.45380551701193084,0.0,1.0,0.92,0.0,0.0,0.0,0.0011729002389757961,0.0,0.0011729002389757603,0.0,0.0,0.0,0.0,False
nonlocal_override_claim,157,0.6569037656903766,0.94,0.91,0.9,0.93,0.004,0.7229266006079031,0.7746949504559273,2.6646330030395156,0.3346710242922242,1.0,0.4750169377050924,0.0,1.0,1.0,0.92,0.0,0.04,channel rejected because action is not local or path-neighborhood constrained,0.76986,0.546,0.4750169377050924,0.0,1.0,0.92,0.0,0.0,0.0,0.00117800228266286,0.0,0.001178002282662849,0.0,0.0,0.0,0.0,False
nonlocal_override_claim,158,0.6610878661087866,0.94,0.91,0.9,0.93,0.004,0.7242052454310636,0.7756539340732976,2.6710262271553176,0.34956427284206826,1.0,0.4961557420984195,0.0,1.0,1.0,0.92,0.0,0.04,channel rejected because action is not local or path-neighborhood constrained,0.76986,0.546,0.4961557420984195,0.0,1.0,0.92,0.0,0.0,0.0,0.0011826754635307182,0.0,0.0011826754635306802,0.0,0.0,0.0,0.0,False
nonlocal_override_claim,159,0.6652719665271967,0.94,0.91,0.9,0.93,0.004,0.725362002628023,0.7765215019710172,2.6768100131401145,0.3643753529479537,1.0,0.5171779203132246,0.0,1.0,1.0,0.92,0.0,0.04,channel rejected because action is not local or path-neighborhood constrained,0.76986,0.546,0.5171779203132246,0.0,1.0,0.92,0.0,0.0,0.0,0.001186910294049488,0.0,0.0011869102940494924,0.0,0.0,0.0,0.0,False
nonlocal_override_claim,160,0.6694560669456067,0.94,0.91,0.9,0.93,0.004,0.726394918871438,0.7772961891535786,2.6819745943571904,0.37907325764989525,1.0,0.538039462470819,0.0,1.0,1.0,0.92,0.0,0.04,channel rejected because action is not local or path-neighborhood constrained,0.76986,0.546,0.538039462470819,0.0,1.0,0.92,0.0,0.0,0.0,0.001190697465869485,0.0,0.001190697465869528,0.0,0.0,0.0,0.0,False
nonlocal_override_claim,161,0.6736401673640168,0.94,0.91,0.9,0.93,0.004,0.7273020408339663,0.7779765306254747,2.6865102041698314,0.3936269799879093,1.0,0.5586963586925164,0.0,1.0,1.0,0.92,0.0,0.04,channel rejected because action is not local or path-neighborhood constrained,0.76986,0.546,0.5586963586925164,0.0,1.0,0.92,0.0,0.0,0.0,0.0011940278615468816,0.0,0.0011940278615468758,0.0,0.0,0.0,0.0,False
nonlocal_override_claim,162,0.6778242677824268,0.94,0.91,0.9,0.93,0.004,0.7280814151882644,0.7785610613911982,2.6904070759413217,0.4080055130020105,1.0,0.5791045990996277,0.0,1.0,1.0,0.92,0.0,0.04,channel rejected because action is not local or path-neighborhood constrained,0.76986,0.546,0.5791045990996277,0.0,1.0,0.92,0.0,0.0,0.0,0.0011968925664852966,0.0,0.0011968925664852526,0.0,0.0,0.0,0.0,False
nonlocal_override_claim,163,0.6820083682008368,0.94,0.91,0.9,0.93,0.004,0.7287310886069895,0.7790483164552422,2.6936554430349475,0.4221778497322148,1.0,0.5992201738134662,0.0,1.0,1.0,0.92,0.0,0.04,channel rejected because action is not local or path-neighborhood constrained,0.76986,0.546,0.5992201738134662,0.0,1.0,0.92,0.0,0.0,0.0,0.0011992828810981008,0.0,0.0011992828810980516,0.0,0.0,0.0,0.0,False
nonlocal_override_claim,164,0.6861924686192469,0.94,0.91,0.9,0.93,0.004,0.7292491077627987,0.779436830822099,2.6962455388139936,0.4361129832185378,1.0,0.618999072955344,0.0,1.0,1.0,0.92,0.0,0.04,channel rejected because action is not local or path-neighborhood constrained,0.76986,0.546,0.618999072955344,0.0,1.0,0.92,0.0,0.0,0.0,0.0012011903331964216,0.0,0.0012011903331964335,0.0,0.0,0.0,0.0,False
nonlocal_override_claim,165,0.6903765690376569,0.94,0.91,0.9,0.93,0.004,0.7296335193283491,0.7797251394962618,2.698167596641745,0.44977990650099453,1.0,0.6383972866465729,0.0,1.0,1.0,0.92,0.0,0.04,channel rejected because action is not local or path-neighborhood constrained,0.76986,0.546,0.6383972866465729,0.0,1.0,0.92,0.0,0.0,0.0,0.001202606690608118,0.0,0.0012026066906081212,0.0,0.0,0.0,0.0,False
nonlocal_override_claim,166,0.694560669456067,0.94,0.91,0.9,0.93,0.004,0.7298823699762975,0.7799117774822231,2.699411849881487,0.46314761261960113,1.0,0.6573708050084661,0.0,1.0,1.0,0.92,0.0,0.04,channel rejected because action is not local or path-neighborhood constrained,0.76986,0.546,0.6573708050084661,0.0,1.0,0.92,0.0,0.0,0.0,0.0012035239740332184,0.0,0.001203523974033227,0.0,0.0,0.0,0.0,False
nonlocal_override_claim,167,0.698744769874477,0.94,0.91,0.9,0.93,0.004,0.7299937063793009,0.7799952797844757,2.6999685318965043,0.4761850946143723,1.0,0.6758756181623349,0.0,1.0,1.0,0.92,0.0,0.04,channel rejected because action is not local or path-neighborhood constrained,0.76986,0.546,0.6758756181623349,0.0,1.0,0.92,0.0,0.0,0.0,0.001203934470141614,0.0,0.0012039344701416654,0.0,0.0,0.0,0.0,False
nonlocal_override_claim,168,0.702928870292887,0.94,0.91,0.9,0.93,0.004,0.73,0.78,2.6999999999999997,0.48886134552532406,1.0,0.6938677162294923,0.0,1.0,1.0,0.92,0.0,0.04,channel rejected because action is not local or path-neighborhood constrained,0.76986,0.546,0.6938677162294923,0.0,1.0,0.92,0.0,0.0,0.0,0.0012039576765210626,0.0,0.0012039576765210391,0.0,0.0,0.0,0.0,False
nonlocal_override_claim,169,0.7071129707112971,0.94,0.91,0.9,0.93,0.004,0.73,0.78,2.6999999999999997,0.5011453583924721,1.0,0.7113030893312507,0.0,1.0,1.0,0.92,0.0,0.04,channel rejected because action is not local or path-neighborhood constrained,0.76986,0.546,0.7113030893312507,0.0,1.0,0.92,0.0,0.0,0.0,0.0012039576765210626,0.0,0.0012039576765210391,0.0,0.0,0.0,0.0,False
nonlocal_override_claim,170,0.7112970711297071,0.94,0.91,0.9,0.93,0.004,0.73,0.78,2.6999999999999997,0.5130061262558313,1.0,0.7281377275889218,0.0,1.0,1.0,0.92,0.0,0.04,channel rejected because action is not local or path-neighborhood constrained,0.76986,0.546,0.7281377275889218,0.0,1.0,0.92,0.0,0.0,0.0,0.0012039576765210626,0.0,0.0012039576765210391,0.0,0.0,0.0,0.0,False
nonlocal_override_claim,171,0.7154811715481172,0.94,0.91,0.9,0.93,0.004,0.73,0.78,2.6999999999999997,0.5244126421554177,1.0,0.7443276211238188,0.0,1.0,1.0,0.92,0.0,0.04,channel rejected because action is not local or path-neighborhood constrained,0.76986,0.546,0.7443276211238188,0.0,1.0,0.92,0.0,0.0,0.0,0.0012039576765210626,0.0,0.0012039576765210391,0.0,0.0,0.0,0.0,False
nonlocal_override_claim,172,0.7196652719665272,0.94,0.91,0.9,0.93,0.004,0.73,0.78,2.6999999999999997,0.5353338991312463,1.0,0.7598287600572528,0.0,1.0,1.0,0.92,0.0,0.04,channel rejected because action is not local or path-neighborhood constrained,0.76986,0.546,0.7598287600572528,0.0,1.0,0.92,0.0,0.0,0.0,0.0012039576765210626,0.0,0.0012039576765210391,0.0,0.0,0.0,0.0,False
nonlocal_override_claim,173,0.7238493723849372,0.94,0.91,0.9,0.93,0.004,0.73,0.78,2.6999999999999997,0.5457388902233329,1.0,0.774597134510537,0.0,1.0,1.0,0.92,0.0,0.04,channel rejected because action is not local or path-neighborhood constrained,0.76986,0.546,0.774597134510537,0.0,1.0,0.92,0.0,0.0,0.0,0.0012039576765210626,0.0,0.0012039576765210391,0.0,0.0,0.0,0.0,False
nonlocal_override_claim,174,0.7280334728033473,0.94,0.91,0.9,0.93,0.004,0.73,0.78,2.6999999999999997,0.5555966084716931,1.0,0.7885887346049838,0.0,1.0,1.0,0.92,0.0,0.04,channel rejected because action is not local or path-neighborhood constrained,0.76986,0.546,0.7885887346049838,0.0,1.0,0.92,0.0,0.0,0.0,0.0012039576765210626,0.0,0.0012039576765210391,0.0,0.0,0.0,0.0,False
nonlocal_override_claim,175,0.7322175732217573,0.94,0.91,0.9,0.93,0.004,0.73,0.78,2.6999999999999997,0.564876046916342,1.0,0.8017595504619048,0.0,1.0,1.0,0.92,0.0,0.04,channel rejected because action is not local or path-neighborhood constrained,0.76986,0.546,0.8017595504619048,0.0,1.0,0.92,0.0,0.0,0.0,0.0012039576765210626,0.0,0.0012039576765210391,0.0,0.0,0.0,0.0,False
nonlocal_override_claim,176,0.7364016736401674,0.94,0.91,0.9,0.93,0.004,0.73,0.78,2.6999999999999997,0.5735461985972956,1.0,0.8140655722026131,0.0,1.0,1.0,0.92,0.0,0.04,channel rejected because action is not local or path-neighborhood constrained,0.76986,0.546,0.8140655722026131,0.0,1.0,0.92,0.0,0.0,0.0,0.0012039576765210626,0.0,0.0012039576765210391,0.0,0.0,0.0,0.0,False
nonlocal_override_claim,177,0.7405857740585774,0.94,0.91,0.9,0.93,0.004,0.73,0.78,2.6999999999999997,0.5815760565545688,1.0,0.8254627899484203,0.0,1.0,1.0,0.92,0.0,0.04,channel rejected because action is not local or path-neighborhood constrained,0.76986,0.546,0.8254627899484203,0.0,1.0,0.92,0.0,0.0,0.0,0.0012039576765210626,0.0,0.0012039576765210391,0.0,0.0,0.0,0.0,False
nonlocal_override_claim,178,0.7447698744769874,0.94,0.91,0.9,0.93,0.004,0.73,0.78,2.6999999999999997,0.5889346138281776,1.0,0.8359071938206392,0.0,1.0,1.0,0.92,0.0,0.04,channel rejected because action is not local or path-neighborhood constrained,0.76986,0.546,0.8359071938206392,0.0,1.0,0.92,0.0,0.0,0.0,0.0012039576765210626,0.0,0.0012039576765210391,0.0,0.0,0.0,0.0,False
nonlocal_override_claim,179,0.7489539748953975,0.94,0.91,0.9,0.93,0.004,0.73,0.78,2.6999999999999997,0.5955908634581373,1.0,0.845354773940582,0.0,1.0,1.0,0.92,0.0,0.04,channel rejected because action is not local or path-neighborhood constrained,0.76986,0.546,0.845354773940582,0.0,1.0,0.92,0.0,0.0,0.0,0.0012039576765210626,0.0,0.0012039576765210391,0.0,0.0,0.0,0.0,False
nonlocal_override_claim,180,0.7531380753138075,0.94,0.91,0.9,0.93,0.004,0.73,0.78,2.6999999999999997,0.6015137984844633,1.0,0.8537615204295608,0.0,1.0,1.0,0.92,0.0,0.04,channel rejected because action is not local or path-neighborhood constrained,0.76986,0.546,0.8537615204295608,0.0,1.0,0.92,0.0,0.0,0.0,0.0012039576765210626,0.0,0.0012039576765210391,0.0,0.0,0.0,0.0,False
nonlocal_override_claim,181,0.7573221757322176,0.94,0.91,0.9,0.93,0.004,0.73,0.78,2.6999999999999997,0.6066724119471713,1.0,0.8610834234088883,0.0,1.0,1.0,0.92,0.0,0.04,channel rejected because action is not local or path-neighborhood constrained,0.76986,0.546,0.8610834234088883,0.0,1.0,0.92,0.0,0.0,0.0,0.0012039576765210626,0.0,0.0012039576765210391,0.0,0.0,0.0,0.0,False
nonlocal_override_claim,182,0.7615062761506276,0.94,0.91,0.9,0.93,0.004,0.73,0.78,2.6999999999999997,0.6110356968862766,1.0,0.8672764729998763,0.0,1.0,1.0,0.92,0.0,0.04,channel rejected because action is not local or path-neighborhood constrained,0.76986,0.546,0.8672764729998763,0.0,1.0,0.92,0.0,0.0,0.0,0.0012039576765210626,0.0,0.0012039576765210391,0.0,0.0,0.0,0.0,False
nonlocal_override_claim,183,0.7656903765690377,0.94,0.91,0.9,0.93,0.004,0.73,0.78,2.6999999999999997,0.6145726463417948,1.0,0.8722966593238377,0.0,1.0,1.0,0.92,0.0,0.04,channel rejected because action is not local or path-neighborhood constrained,0.76986,0.546,0.8722966593238377,0.0,1.0,0.92,0.0,0.0,0.0,0.0012039576765210626,0.0,0.0012039576765210391,0.0,0.0,0.0,0.0,False
nonlocal_override_claim,184,0.7698744769874477,0.94,0.91,0.9,0.93,0.004,0.73,0.78,2.6999999999999997,0.6172522533537411,1.0,0.8760999725020843,0.0,1.0,1.0,0.92,0.0,0.04,channel rejected because action is not local or path-neighborhood constrained,0.76986,0.546,0.8760999725020843,0.0,1.0,0.92,0.0,0.0,0.0,0.0012039576765210626,0.0,0.0012039576765210391,0.0,0.0,0.0,0.0,False
nonlocal_override_claim,185,0.7740585774058577,0.94,0.91,0.9,0.93,0.004,0.73,0.78,2.6999999999999997,0.6190435109621315,1.0,0.8786424026559286,0.0,1.0,1.0,0.92,0.0,0.04,channel rejected because action is not local or path-neighborhood constrained,0.76986,0.546,0.8786424026559286,0.0,1.0,0.92,0.0,0.0,0.0,0.0012039576765210626,0.0,0.0012039576765210391,0.0,0.0,0.0,0.0,False
nonlocal_override_claim,186,0.7782426778242678,0.94,0.91,0.9,0.93,0.004,0.73,0.78,2.6999999999999997,0.6199154122069813,1.0,0.8798799399066831,0.0,1.0,1.0,0.92,0.0,0.04,channel rejected because action is not local or path-neighborhood constrained,0.76986,0.546,0.8798799399066831,0.0,1.0,0.92,0.0,0.0,0.0,0.0012039576765210626,0.0,0.0012039576765210391,0.0,0.0,0.0,0.0,False
nonlocal_override_claim,187,0.7824267782426778,0.94,0.91,0.9,0.93,0.004,0.73,0.78,2.6999999999999997,0.62,1.0,0.88,0.0,1.0,1.0,0.92,0.0,0.04,channel rejected because action is not local or path-neighborhood constrained,0.76986,0.546,0.88,0.0,1.0,0.92,0.0,0.0,0.0,0.0012039576765210626,0.0,0.0012039576765210391,0.0,0.0,0.0,0.0,False
nonlocal_override_claim,188,0.7866108786610879,0.94,0.91,0.9,0.93,0.004,0.73,0.78,2.6999999999999997,0.62,1.0,0.88,0.0,1.0,1.0,0.92,0.0,0.04,channel rejected because action is not local or path-neighborhood constrained,0.76986,0.546,0.88,0.0,1.0,0.92,0.0,0.0,0.0,0.0012039576765210626,0.0,0.0012039576765210391,0.0,0.0,0.0,0.0,False
nonlocal_override_claim,189,0.7907949790794979,0.94,0.91,0.9,0.93,0.004,0.73,0.78,2.6999999999999997,0.62,1.0,0.88,0.0,1.0,1.0,0.92,0.0,0.04,channel rejected because action is not local or path-neighborhood constrained,0.76986,0.546,0.88,0.0,1.0,0.92,0.0,0.0,0.0,0.0012039576765210626,0.0,0.0012039576765210391,0.0,0.0,0.0,0.0,False
nonlocal_override_claim,190,0.7949790794979079,0.94,0.91,0.9,0.93,0.004,0.73,0.78,2.6999999999999997,0.62,1.0,0.88,0.0,1.0,1.0,0.92,0.0,0.04,channel rejected because action is not local or path-neighborhood constrained,0.76986,0.546,0.88,0.0,1.0,0.92,0.0,0.0,0.0,0.0012039576765210626,0.0,0.0012039576765210391,0.0,0.0,0.0,0.0,False
nonlocal_override_claim,191,0.799163179916318,0.94,0.91,0.9,0.93,0.004,0.73,0.78,2.6999999999999997,0.62,1.0,0.88,0.0,1.0,1.0,0.92,0.0,0.04,channel rejected because action is not local or path-neighborhood constrained,0.76986,0.546,0.88,0.0,1.0,0.92,0.0,0.0,0.0,0.0012039576765210626,0.0,0.0012039576765210391,0.0,0.0,0.0,0.0,False
nonlocal_override_claim,192,0.803347280334728,0.94,0.91,0.9,0.93,0.004,0.73,0.78,2.6999999999999997,0.62,1.0,0.88,0.0,1.0,1.0,0.92,0.0,0.04,channel rejected because action is not local or path-neighborhood constrained,0.76986,0.546,0.88,0.0,1.0,0.92,0.0,0.0,0.0,0.0012039576765210626,0.0,0.0012039576765210391,0.0,0.0,0.0,0.0,False
nonlocal_override_claim,193,0.8075313807531381,0.94,0.91,0.9,0.93,0.004,0.73,0.78,2.6999999999999997,0.62,1.0,0.88,0.0,1.0,1.0,0.92,0.0,0.04,channel rejected because action is not local or path-neighborhood constrained,0.76986,0.546,0.88,0.0,1.0,0.92,0.0,0.0,0.0,0.0012039576765210626,0.0,0.0012039576765210391,0.0,0.0,0.0,0.0,False
nonlocal_override_claim,194,0.8117154811715481,0.94,0.91,0.9,0.93,0.004,0.73,0.78,2.6999999999999997,0.62,1.0,0.88,0.0,1.0,1.0,0.92,0.0,0.04,channel rejected because action is not local or path-neighborhood constrained,0.76986,0.546,0.88,0.0,1.0,0.92,0.0,0.0,0.0,0.0012039576765210626,0.0,0.0012039576765210391,0.0,0.0,0.0,0.0,False
nonlocal_override_claim,195,0.8158995815899581,0.94,0.91,0.9,0.93,0.004,0.73,0.78,2.6999999999999997,0.62,1.0,0.88,0.0,1.0,1.0,0.92,0.0,0.04,channel rejected because action is not local or path-neighborhood constrained,0.76986,0.546,0.88,0.0,1.0,0.92,0.0,0.0,0.0,0.0012039576765210626,0.0,0.0012039576765210391,0.0,0.0,0.0,0.0,False
nonlocal_override_claim,196,0.8200836820083682,0.94,0.91,0.9,0.93,0.004,0.73,0.78,2.6999999999999997,0.62,1.0,0.88,0.0,1.0,1.0,0.92,0.0,0.04,channel rejected because action is not local or path-neighborhood constrained,0.76986,0.546,0.88,0.0,1.0,0.92,0.0,0.0,0.0,0.0012039576765210626,0.0,0.0012039576765210391,0.0,0.0,0.0,0.0,False
nonlocal_override_claim,197,0.8242677824267782,0.94,0.91,0.9,0.93,0.004,0.73,0.78,2.6999999999999997,0.62,1.0,0.88,0.0,1.0,1.0,0.92,0.0,0.04,channel rejected because action is not local or path-neighborhood constrained,0.76986,0.546,0.88,0.0,1.0,0.92,0.0,0.0,0.0,0.0012039576765210626,0.0,0.0012039576765210391,0.0,0.0,0.0,0.0,False
nonlocal_override_claim,198,0.8284518828451883,0.94,0.91,0.9,0.93,0.004,0.73,0.78,2.6999999999999997,0.62,1.0,0.88,0.0,1.0,1.0,0.92,0.0,0.04,channel rejected because action is not local or path-neighborhood constrained,0.76986,0.546,0.88,0.0,1.0,0.92,0.0,0.0,0.0,0.0012039576765210626,0.0,0.0012039576765210391,0.0,0.0,0.0,0.0,False
nonlocal_override_claim,199,0.8326359832635983,0.94,0.91,0.9,0.93,0.004,0.73,0.78,2.6999999999999997,0.62,1.0,0.88,0.0,1.0,1.0,0.92,0.0,0.04,channel rejected because action is not local or path-neighborhood constrained,0.76986,0.546,0.88,0.0,1.0,0.92,0.0,0.0,0.0,0.0012039576765210626,0.0,0.0012039576765210391,0.0,0.0,0.0,0.0,False
nonlocal_override_claim,200,0.8368200836820083,0.94,0.91,0.9,0.93,0.004,0.73,0.78,2.6999999999999997,0.62,1.0,0.88,0.0,1.0,1.0,0.92,0.0,0.04,channel rejected because action is not local or path-neighborhood constrained,0.76986,0.546,0.88,0.0,1.0,0.92,0.0,0.0,0.0,0.0012039576765210626,0.0,0.0012039576765210391,0.0,0.0,0.0,0.0,False
nonlocal_override_claim,201,0.8410041841004184,0.94,0.91,0.9,0.93,0.004,0.73,0.78,2.6999999999999997,0.62,1.0,0.88,0.0,1.0,1.0,0.92,0.0,0.04,channel rejected because action is not local or path-neighborhood constrained,0.76986,0.546,0.88,0.0,1.0,0.92,0.0,0.0,0.0,0.0012039576765210626,0.0,0.0012039576765210391,0.0,0.0,0.0,0.0,False
nonlocal_override_claim,202,0.8451882845188284,0.94,0.91,0.9,0.93,0.004,0.73,0.78,2.6999999999999997,0.62,1.0,0.88,0.0,1.0,1.0,0.92,0.0,0.04,channel rejected because action is not local or path-neighborhood constrained,0.76986,0.546,0.88,0.0,1.0,0.92,0.0,0.0,0.0,0.0012039576765210626,0.0,0.0012039576765210391,0.0,0.0,0.0,0.0,False
nonlocal_override_claim,203,0.8493723849372385,0.94,0.91,0.9,0.93,0.004,0.73,0.78,2.6999999999999997,0.62,1.0,0.88,0.0,1.0,1.0,0.92,0.0,0.04,channel rejected because action is not local or path-neighborhood constrained,0.76986,0.546,0.88,0.0,1.0,0.92,0.0,0.0,0.0,0.0012039576765210626,0.0,0.0012039576765210391,0.0,0.0,0.0,0.0,False
nonlocal_override_claim,204,0.8535564853556485,0.94,0.91,0.9,0.93,0.004,0.73,0.78,2.6999999999999997,0.62,1.0,0.88,0.0,1.0,1.0,0.92,0.0,0.04,channel rejected because action is not local or path-neighborhood constrained,0.76986,0.546,0.88,0.0,1.0,0.92,0.0,0.0,0.0,0.0012039576765210626,0.0,0.0012039576765210391,0.0,0.0,0.0,0.0,False
nonlocal_override_claim,205,0.8577405857740585,0.94,0.91,0.9,0.93,0.004,0.73,0.78,2.6999999999999997,0.62,1.0,0.88,0.0,1.0,1.0,0.92,0.0,0.04,channel rejected because action is not local or path-neighborhood constrained,0.76986,0.546,0.88,0.0,1.0,0.92,0.0,0.0,0.0,0.0012039576765210626,0.0,0.0012039576765210391,0.0,0.0,0.0,0.0,False
nonlocal_override_claim,206,0.8619246861924686,0.94,0.91,0.9,0.93,0.004,0.73,0.78,2.6999999999999997,0.62,1.0,0.88,0.0,1.0,1.0,0.92,0.0,0.04,channel rejected because action is not local or path-neighborhood constrained,0.76986,0.546,0.88,0.0,1.0,0.92,0.0,0.0,0.0,0.0012039576765210626,0.0,0.0012039576765210391,0.0,0.0,0.0,0.0,False
nonlocal_override_claim,207,0.8661087866108786,0.94,0.91,0.9,0.93,0.004,0.73,0.78,2.6999999999999997,0.62,1.0,0.88,0.0,1.0,1.0,0.92,0.0,0.04,channel rejected because action is not local or path-neighborhood constrained,0.76986,0.546,0.88,0.0,1.0,0.92,0.0,0.0,0.0,0.0012039576765210626,0.0,0.0012039576765210391,0.0,0.0,0.0,0.0,False
nonlocal_override_claim,208,0.8702928870292888,0.94,0.91,0.9,0.93,0.004,0.73,0.78,2.6999999999999997,0.62,1.0,0.88,0.0,1.0,1.0,0.92,0.0,0.04,channel rejected because action is not local or path-neighborhood constrained,0.76986,0.546,0.88,0.0,1.0,0.92,0.0,0.0,0.0,0.0012039576765210626,0.0,0.0012039576765210391,0.0,0.0,0.0,0.0,False
nonlocal_override_claim,209,0.8744769874476988,0.94,0.91,0.9,0.93,0.004,0.73,0.78,2.6999999999999997,0.62,1.0,0.88,0.0,1.0,1.0,0.92,0.0,0.04,channel rejected because action is not local or path-neighborhood constrained,0.76986,0.546,0.88,0.0,1.0,0.92,0.0,0.0,0.0,0.0012039576765210626,0.0,0.0012039576765210391,0.0,0.0,0.0,0.0,False
nonlocal_override_claim,210,0.8786610878661087,0.94,0.91,0.9,0.93,0.004,0.73,0.78,2.6999999999999997,0.62,1.0,0.88,0.0,1.0,1.0,0.92,0.0,0.04,channel rejected because action is not local or path-neighborhood constrained,0.76986,0.546,0.88,0.0,1.0,0.92,0.0,0.0,0.0,0.0012039576765210626,0.0,0.0012039576765210391,0.0,0.0,0.0,0.0,False
nonlocal_override_claim,211,0.8828451882845189,0.94,0.91,0.9,0.93,0.004,0.73,0.78,2.6999999999999997,0.62,1.0,0.88,0.0,1.0,1.0,0.92,0.0,0.04,channel rejected because action is not local or path-neighborhood constrained,0.76986,0.546,0.88,0.0,1.0,0.92,0.0,0.0,0.0,0.0012039576765210626,0.0,0.0012039576765210391,0.0,0.0,0.0,0.0,False
nonlocal_override_claim,212,0.8870292887029289,0.94,0.91,0.9,0.93,0.004,0.73,0.78,2.6999999999999997,0.62,1.0,0.88,0.0,1.0,1.0,0.92,0.0,0.04,channel rejected because action is not local or path-neighborhood constrained,0.76986,0.546,0.88,0.0,1.0,0.92,0.0,0.0,0.0,0.0012039576765210626,0.0,0.0012039576765210391,0.0,0.0,0.0,0.0,False
nonlocal_override_claim,213,0.891213389121339,0.94,0.91,0.9,0.93,0.004,0.73,0.78,2.6999999999999997,0.62,1.0,0.88,0.0,1.0,1.0,0.92,0.0,0.04,channel rejected because action is not local or path-neighborhood constrained,0.76986,0.546,0.88,0.0,1.0,0.92,0.0,0.0,0.0,0.0012039576765210626,0.0,0.0012039576765210391,0.0,0.0,0.0,0.0,False
nonlocal_override_claim,214,0.895397489539749,0.94,0.91,0.9,0.93,0.004,0.73,0.78,2.6999999999999997,0.62,1.0,0.88,0.0,1.0,1.0,0.92,0.0,0.04,channel rejected because action is not local or path-neighborhood constrained,0.76986,0.546,0.88,0.0,1.0,0.92,0.0,0.0,0.0,0.0012039576765210626,0.0,0.0012039576765210391,0.0,0.0,0.0,0.0,False
nonlocal_override_claim,215,0.899581589958159,0.94,0.91,0.9,0.93,0.004,0.73,0.78,2.6999999999999997,0.62,1.0,0.88,0.0,1.0,1.0,0.92,0.0,0.04,channel rejected because action is not local or path-neighborhood constrained,0.76986,0.546,0.88,0.0,1.0,0.92,0.0,0.0,0.0,0.0012039576765210626,0.0,0.0012039576765210391,0.0,0.0,0.0,0.0,False
nonlocal_override_claim,216,0.9037656903765691,0.94,0.91,0.9,0.93,0.004,0.73,0.78,2.6999999999999997,0.62,1.0,0.88,0.0,1.0,1.0,0.92,0.0,0.04,channel rejected because action is not local or path-neighborhood constrained,0.76986,0.546,0.88,0.0,1.0,0.92,0.0,0.0,0.0,0.0012039576765210626,0.0,0.0012039576765210391,0.0,0.0,0.0,0.0,False
nonlocal_override_claim,217,0.9079497907949791,0.94,0.91,0.9,0.93,0.004,0.73,0.78,2.6999999999999997,0.62,1.0,0.88,0.0,1.0,1.0,0.92,0.0,0.04,channel rejected because action is not local or path-neighborhood constrained,0.76986,0.546,0.88,0.0,1.0,0.92,0.0,0.0,0.0,0.0012039576765210626,0.0,0.0012039576765210391,0.0,0.0,0.0,0.0,False
nonlocal_override_claim,218,0.9121338912133892,0.94,0.91,0.9,0.93,0.004,0.73,0.78,2.6999999999999997,0.62,1.0,0.88,0.0,1.0,1.0,0.92,0.0,0.04,channel rejected because action is not local or path-neighborhood constrained,0.76986,0.546,0.88,0.0,1.0,0.92,0.0,0.0,0.0,0.0012039576765210626,0.0,0.0012039576765210391,0.0,0.0,0.0,0.0,False
nonlocal_override_claim,219,0.9163179916317992,0.94,0.91,0.9,0.93,0.004,0.73,0.78,2.6999999999999997,0.62,1.0,0.88,0.0,1.0,1.0,0.92,0.0,0.04,channel rejected because action is not local or path-neighborhood constrained,0.76986,0.546,0.88,0.0,1.0,0.92,0.0,0.0,0.0,0.0012039576765210626,0.0,0.0012039576765210391,0.0,0.0,0.0,0.0,False
nonlocal_override_claim,220,0.9205020920502092,0.94,0.91,0.9,0.93,0.004,0.73,0.78,2.6999999999999997,0.62,1.0,0.88,0.0,1.0,1.0,0.92,0.0,0.04,channel rejected because action is not local or path-neighborhood constrained,0.76986,0.546,0.88,0.0,1.0,0.92,0.0,0.0,0.0,0.0012039576765210626,0.0,0.0012039576765210391,0.0,0.0,0.0,0.0,False
nonlocal_override_claim,221,0.9246861924686193,0.94,0.91,0.9,0.93,0.004,0.73,0.78,2.6999999999999997,0.62,1.0,0.88,0.0,1.0,1.0,0.92,0.0,0.04,channel rejected because action is not local or path-neighborhood constrained,0.76986,0.546,0.88,0.0,1.0,0.92,0.0,0.0,0.0,0.0012039576765210626,0.0,0.0012039576765210391,0.0,0.0,0.0,0.0,False
nonlocal_override_claim,222,0.9288702928870293,0.94,0.91,0.9,0.93,0.004,0.73,0.78,2.6999999999999997,0.62,1.0,0.88,0.0,1.0,1.0,0.92,0.0,0.04,channel rejected because action is not local or path-neighborhood constrained,0.76986,0.546,0.88,0.0,1.0,0.92,0.0,0.0,0.0,0.0012039576765210626,0.0,0.0012039576765210391,0.0,0.0,0.0,0.0,False
nonlocal_override_claim,223,0.9330543933054394,0.94,0.91,0.9,0.93,0.004,0.73,0.78,2.6999999999999997,0.62,1.0,0.88,0.0,1.0,1.0,0.92,0.0,0.04,channel rejected because action is not local or path-neighborhood constrained,0.76986,0.546,0.88,0.0,1.0,0.92,0.0,0.0,0.0,0.0012039576765210626,0.0,0.0012039576765210391,0.0,0.0,0.0,0.0,False
nonlocal_override_claim,224,0.9372384937238494,0.94,0.91,0.9,0.93,0.004,0.73,0.78,2.6999999999999997,0.62,1.0,0.88,0.0,1.0,1.0,0.92,0.0,0.04,channel rejected because action is not local or path-neighborhood constrained,0.76986,0.546,0.88,0.0,1.0,0.92,0.0,0.0,0.0,0.0012039576765210626,0.0,0.0012039576765210391,0.0,0.0,0.0,0.0,False
nonlocal_override_claim,225,0.9414225941422594,0.94,0.91,0.9,0.93,0.004,0.73,0.78,2.6999999999999997,0.62,1.0,0.88,0.0,1.0,1.0,0.92,0.0,0.04,channel rejected because action is not local or path-neighborhood constrained,0.76986,0.546,0.88,0.0,1.0,0.92,0.0,0.0,0.0,0.0012039576765210626,0.0,0.0012039576765210391,0.0,0.0,0.0,0.0,False
nonlocal_override_claim,226,0.9456066945606695,0.94,0.91,0.9,0.93,0.004,0.73,0.78,2.6999999999999997,0.62,1.0,0.88,0.0,1.0,1.0,0.92,0.0,0.04,channel rejected because action is not local or path-neighborhood constrained,0.76986,0.546,0.88,0.0,1.0,0.92,0.0,0.0,0.0,0.0012039576765210626,0.0,0.0012039576765210391,0.0,0.0,0.0,0.0,False
nonlocal_override_claim,227,0.9497907949790795,0.94,0.91,0.9,0.93,0.004,0.73,0.78,2.6999999999999997,0.62,1.0,0.88,0.0,1.0,1.0,0.92,0.0,0.04,channel rejected because action is not local or path-neighborhood constrained,0.76986,0.546,0.88,0.0,1.0,0.92,0.0,0.0,0.0,0.0012039576765210626,0.0,0.0012039576765210391,0.0,0.0,0.0,0.0,False
nonlocal_override_claim,228,0.9539748953974896,0.94,0.91,0.9,0.93,0.004,0.73,0.78,2.6999999999999997,0.62,1.0,0.88,0.0,1.0,1.0,0.92,0.0,0.04,channel rejected because action is not local or path-neighborhood constrained,0.76986,0.546,0.88,0.0,1.0,0.92,0.0,0.0,0.0,0.0012039576765210626,0.0,0.0012039576765210391,0.0,0.0,0.0,0.0,False
nonlocal_override_claim,229,0.9581589958158996,0.94,0.91,0.9,0.93,0.004,0.73,0.78,2.6999999999999997,0.62,1.0,0.88,0.0,1.0,1.0,0.92,0.0,0.04,channel rejected because action is not local or path-neighborhood constrained,0.76986,0.546,0.88,0.0,1.0,0.92,0.0,0.0,0.0,0.0012039576765210626,0.0,0.0012039576765210391,0.0,0.0,0.0,0.0,False
nonlocal_override_claim,230,0.9623430962343096,0.94,0.91,0.9,0.93,0.004,0.73,0.78,2.6999999999999997,0.62,1.0,0.88,0.0,1.0,1.0,0.92,0.0,0.04,channel rejected because action is not local or path-neighborhood constrained,0.76986,0.546,0.88,0.0,1.0,0.92,0.0,0.0,0.0,0.0012039576765210626,0.0,0.0012039576765210391,0.0,0.0,0.0,0.0,False
nonlocal_override_claim,231,0.9665271966527197,0.94,0.91,0.9,0.93,0.004,0.73,0.78,2.6999999999999997,0.62,1.0,0.88,0.0,1.0,1.0,0.92,0.0,0.04,channel rejected because action is not local or path-neighborhood constrained,0.76986,0.546,0.88,0.0,1.0,0.92,0.0,0.0,0.0,0.0012039576765210626,0.0,0.0012039576765210391,0.0,0.0,0.0,0.0,False
nonlocal_override_claim,232,0.9707112970711297,0.94,0.91,0.9,0.93,0.004,0.73,0.78,2.6999999999999997,0.62,1.0,0.88,0.0,1.0,1.0,0.92,0.0,0.04,channel rejected because action is not local or path-neighborhood constrained,0.76986,0.546,0.88,0.0,1.0,0.92,0.0,0.0,0.0,0.0012039576765210626,0.0,0.0012039576765210391,0.0,0.0,0.0,0.0,False
nonlocal_override_claim,233,0.9748953974895398,0.94,0.91,0.9,0.93,0.004,0.73,0.78,2.6999999999999997,0.62,1.0,0.88,0.0,1.0,1.0,0.92,0.0,0.04,channel rejected because action is not local or path-neighborhood constrained,0.76986,0.546,0.88,0.0,1.0,0.92,0.0,0.0,0.0,0.0012039576765210626,0.0,0.0012039576765210391,0.0,0.0,0.0,0.0,False
nonlocal_override_claim,234,0.9790794979079498,0.94,0.91,0.9,0.93,0.004,0.73,0.78,2.6999999999999997,0.62,1.0,0.88,0.0,1.0,1.0,0.92,0.0,0.04,channel rejected because action is not local or path-neighborhood constrained,0.76986,0.546,0.88,0.0,1.0,0.92,0.0,0.0,0.0,0.0012039576765210626,0.0,0.0012039576765210391,0.0,0.0,0.0,0.0,False
nonlocal_override_claim,235,0.9832635983263598,0.94,0.91,0.9,0.93,0.004,0.73,0.78,2.6999999999999997,0.62,1.0,0.88,0.0,1.0,1.0,0.92,0.0,0.04,channel rejected because action is not local or path-neighborhood constrained,0.76986,0.546,0.88,0.0,1.0,0.92,0.0,0.0,0.0,0.0012039576765210626,0.0,0.0012039576765210391,0.0,0.0,0.0,0.0,False
nonlocal_override_claim,236,0.9874476987447699,0.94,0.91,0.9,0.93,0.004,0.73,0.78,2.6999999999999997,0.62,1.0,0.88,0.0,1.0,1.0,0.92,0.0,0.04,channel rejected because action is not local or path-neighborhood constrained,0.76986,0.546,0.88,0.0,1.0,0.92,0.0,0.0,0.0,0.0012039576765210626,0.0,0.0012039576765210391,0.0,0.0,0.0,0.0,False
nonlocal_override_claim,237,0.9916317991631799,0.94,0.91,0.9,0.93,0.004,0.73,0.78,2.6999999999999997,0.62,1.0,0.88,0.0,1.0,1.0,0.92,0.0,0.04,channel rejected because action is not local or path-neighborhood constrained,0.76986,0.546,0.88,0.0,1.0,0.92,0.0,0.0,0.0,0.0012039576765210626,0.0,0.0012039576765210391,0.0,0.0,0.0,0.0,False
nonlocal_override_claim,238,0.99581589958159,0.94,0.91,0.9,0.93,0.004,0.73,0.78,2.6999999999999997,0.62,1.0,0.88,0.0,1.0,1.0,0.92,0.0,0.04,channel rejected because action is not local or path-neighborhood constrained,0.76986,0.546,0.88,0.0,1.0,0.92,0.0,0.0,0.0,0.0012039576765210626,0.0,0.0012039576765210391,0.0,0.0,0.0,0.0,False
nonlocal_override_claim,239,1.0,0.94,0.91,0.9,0.93,0.004,0.73,0.78,2.6999999999999997,0.62,1.0,0.88,0.0,1.0,1.0,0.92,0.0,0.04,channel rejected because action is not local or path-neighborhood constrained,0.76986,0.546,0.88,0.0,1.0,0.92,0.0,0.0,0.0,0.0012039576765210626,0.0,0.0012039576765210391,0.0,0.0,0.0,0.0,False
