ai_consolidation,ai_governance,net,ai_net,work_to_kingdom_bleed
0.0,0.0,-0.06906894089687336,0.0,0.012677382143999999
0.0,0.0125,-0.06906337156591356,0.0,0.012677382143999999
0.0,0.025,-0.06905780223495377,0.0,0.012677382143999999
0.0,0.037500000000000006,-0.06905223290399397,0.0,0.012677382143999999
0.0,0.05,-0.06904666357303418,0.0,0.012677382143999999
0.0,0.0625,-0.06904109424207439,0.0,0.012677382143999999
0.0,0.07500000000000001,-0.06903552491111459,0.0,0.012677382143999999
0.0,0.08750000000000001,-0.06902995558015479,0.0,0.012677382143999999
0.0,0.1,-0.06902438624919499,0.0,0.012677382143999999
0.0,0.1125,-0.06901881691823519,0.0,0.012677382143999999
0.0,0.125,-0.0690132475872754,0.0,0.012677382143999999
0.0,0.1375,-0.0690076782563156,0.0,0.012677382143999999
0.0,0.15000000000000002,-0.0690021089253558,0.0,0.012677382143999999
0.0,0.1625,-0.06899653959439601,0.0,0.012677382143999999
0.0,0.17500000000000002,-0.06899097026343622,0.0,0.012677382143999999
0.0,0.1875,-0.06898540093247642,0.0,0.012677382143999999
0.0,0.2,-0.06897983160151662,0.0,0.012677382143999999
0.0,0.21250000000000002,-0.06897426227055682,0.0,0.012677382143999999
0.0,0.225,-0.06896869293959704,0.0,0.012677382143999999
0.0,0.23750000000000002,-0.06896312360863724,0.0,0.012677382143999999
0.0,0.25,-0.06895755427767744,0.0,0.012677382143999999
0.0,0.2625,-0.06895198494671764,0.0,0.012677382143999999
0.0,0.275,-0.06894641561575784,0.0,0.012677382143999999
0.0,0.28750000000000003,-0.06894084628479805,0.0,0.012677382143999999
0.0,0.30000000000000004,-0.06893527695383825,0.0,0.012677382143999999
0.0,0.3125,-0.06892970762287845,0.0,0.012677382143999999
0.0,0.325,-0.06892413829191867,0.0,0.012677382143999999
0.0,0.3375,-0.06891856896095887,0.0,0.012677382143999999
0.0,0.35000000000000003,-0.06891299962999907,0.0,0.012677382143999999
0.0,0.36250000000000004,-0.06890743029903927,0.0,0.012677382143999999
0.0,0.375,-0.06890186096807947,0.0,0.012677382143999999
0.0,0.3875,-0.06889629163711969,0.0,0.012677382143999999
0.0,0.4,-0.06889072230615989,0.0,0.012677382143999999
0.0,0.41250000000000003,-0.06888515297520009,0.0,0.012677382143999999
0.0,0.42500000000000004,-0.0688795836442403,0.0,0.012677382143999999
0.0,0.4375,-0.0688740143132805,0.0,0.012677382143999999
0.0,0.45,-0.0688684449823207,0.0,0.012677382143999999
0.0,0.4625,-0.0688628756513609,0.0,0.012677382143999999
0.0,0.47500000000000003,-0.0688573063204011,0.0,0.012677382143999999
0.0,0.48750000000000004,-0.0688517369894413,0.0,0.012677382143999999
0.0,0.5,-0.06884616765848152,0.0,0.012677382143999999
0.0,0.5125000000000001,-0.06884059832752172,0.0,0.012677382143999999
0.0,0.525,-0.06883502899656192,0.0,0.012677382143999999
0.0,0.5375,-0.06882945966560212,0.0,0.012677382143999999
0.0,0.55,-0.06882389033464233,0.0,0.012677382143999999
0.0,0.5625,-0.06881832100368254,0.0,0.012677382143999999
0.0,0.5750000000000001,-0.06881275167272274,0.0,0.012677382143999999
0.0,0.5875,-0.06880718234176295,0.0,0.012677382143999999
0.0,0.6000000000000001,-0.06880161301080315,0.0,0.012677382143999999
0.0,0.6125,-0.06879604367984335,0.0,0.012677382143999999
0.0,0.625,-0.06879047434888355,0.0,0.012677382143999999
0.0,0.6375000000000001,-0.06878490501792375,0.0,0.012677382143999999
0.0,0.65,-0.06877933568696395,0.0,0.012677382143999999
0.0,0.6625000000000001,-0.06877376635600416,0.0,0.012677382143999999
0.0,0.675,-0.06876819702504437,0.0,0.012677382143999999
0.0,0.6875,-0.06876262769408457,0.0,0.012677382143999999
0.0,0.7000000000000001,-0.06875705836312478,0.0,0.012677382143999999
0.0,0.7125,-0.06875148903216498,0.0,0.012677382143999999
0.0,0.7250000000000001,-0.06874591970120518,0.0,0.012677382143999999
0.0,0.7375,-0.0687403503702454,0.0,0.012677382143999999
0.0,0.75,-0.0687347810392856,0.0,0.012677382143999999
0.0,0.7625000000000001,-0.0687292117083258,0.0,0.012677382143999999
0.0,0.775,-0.068723642377366,0.0,0.012677382143999999
0.0,0.7875000000000001,-0.0687180730464062,0.0,0.012677382143999999
0.0,0.8,-0.0687125037154464,0.0,0.012677382143999999
0.0,0.8125,-0.0687069343844866,0.0,0.012677382143999999
0.0,0.8250000000000001,-0.06870136505352681,0.0,0.012677382143999999
0.0,0.8375,-0.06869579572256701,0.0,0.012677382143999999
0.0,0.8500000000000001,-0.06869022639160723,0.0,0.012677382143999999
0.0,0.8625,-0.06868465706064743,0.0,0.012677382143999999
0.0,0.875,-0.06867908772968763,0.0,0.012677382143999999
0.0,0.8875000000000001,-0.06867351839872783,0.0,0.012677382143999999
0.0,0.9,-0.06866794906776803,0.0,0.012677382143999999
0.0,0.9125000000000001,-0.06866237973680825,0.0,0.012677382143999999
0.0,0.925,-0.06865681040584845,0.0,0.012677382143999999
0.0,0.9375,-0.06865124107488865,0.0,0.012677382143999999
0.0,0.9500000000000001,-0.06864567174392885,0.0,0.012677382143999999
0.0,0.9625,-0.06864010241296906,0.0,0.012677382143999999
0.0,0.9750000000000001,-0.06863453308200926,0.0,0.012677382143999999
0.0,0.9875,-0.06862896375104946,0.0,0.012677382143999999
0.0,1.0,-0.06862339442008966,0.0,0.012677382143999999
0.0125,0.0,-0.07051187281718313,-0.0012720678240151688,0.01283188773888
0.0125,0.0125,-0.07049108809554272,-0.0012588676681462726,0.012830055460992
0.0125,0.025,-0.07047030337390231,-0.0012456675122773761,0.012828223183103999
0.0125,0.037500000000000006,-0.07044951865226191,-0.0012324673564084799,0.012826390905216001
0.0125,0.05,-0.07042873393062149,-0.0012192672005395836,0.012824558627327998
0.0125,0.0625,-0.0704079492089811,-0.0012060670446706874,0.01282272634944
0.0125,0.07500000000000001,-0.07038716448734067,-0.001192866888801791,0.012820894071552
0.0125,0.08750000000000001,-0.07036637976570029,-0.0011796667329328945,0.012819061793663999
0.0125,0.1,-0.07034559504405986,-0.0011664665770639983,0.012817229515776
0.0125,0.1125,-0.07032481032241947,-0.0011532664211951016,0.012815397237887998
0.0125,0.125,-0.07030402560077904,-0.0011400662653262054,0.01281356496
0.0125,0.1375,-0.07028324087913863,-0.0011268661094573093,0.012811732682112002
0.0125,0.15000000000000002,-0.07026245615749821,-0.0011136659535884129,0.012809900404223999
0.0125,0.1625,-0.07024167143585783,-0.0011004657977195164,0.012808068126336
0.0125,0.17500000000000002,-0.07022088671421742,-0.00108726564185062,0.012806235848447999
0.0125,0.1875,-0.070200101992577,-0.0010740654859817237,0.01280440357056
0.0125,0.2,-0.0701793172709366,-0.0010608653301128273,0.012802571292672
0.0125,0.21250000000000002,-0.07015853254929619,-0.001047665174243931,0.012800739014784
0.0125,0.225,-0.07013774782765578,-0.0010344650183750348,0.012798906736896001
0.0125,0.23750000000000002,-0.07011696310601537,-0.0010212648625061384,0.012797074459007999
0.0125,0.25,-0.07009617838437497,-0.001008064706637242,0.012795242181120001
0.0125,0.2625,-0.07007539366273455,-0.0009948645507683457,0.012793409903232
0.0125,0.275,-0.07005460894109417,-0.0009816643948994492,0.012791577625343999
0.0125,0.28750000000000003,-0.07003382421945374,-0.0009684642390305529,0.012789745347456
0.0125,0.30000000000000004,-0.07001303949781333,-0.0009552640831616566,0.012787913069568
0.0125,0.3125,-0.06999225477617294,-0.0009420639272927602,0.01278608079168
0.0125,0.325,-0.06997147005453253,-0.000928863771423864,0.012784248513792
0.0125,0.3375,-0.06995068533289212,-0.0009156636155549677,0.012782416235903997
0.0125,0.35000000000000003,-0.06992990061125169,-0.0009024634596860712,0.012780583958015998
0.0125,0.36250000000000004,-0.06990911588961128,-0.0008892633038171748,0.012778751680128
0.0125,0.375,-0.06988833116797087,-0.0008760631479482785,0.01277691940224
0.0125,0.3875,-0.06986754644633048,-0.0008628629920793822,0.012775087124352
0.0125,0.4,-0.06984676172469004,-0.000849662836210486,0.012773254846463999
0.0125,0.41250000000000003,-0.06982597700304966,-0.0008364626803415893,0.012771422568576
0.0125,0.42500000000000004,-0.06980519228140925,-0.0008232625244726931,0.012769590290688
0.0125,0.4375,-0.06978440755976885,-0.0008100623686037967,0.0127677580128
0.0125,0.45,-0.06976362283812843,-0.0007968622127349005,0.012765925734912
0.0125,0.4625,-0.06974283811648802,-0.0007836620568660041,0.012764093457023997
0.0125,0.47500000000000003,-0.0697220533948476,-0.0007704619009971076,0.012762261179136
0.0125,0.48750000000000004,-0.0697012686732072,-0.0007572617451282114,0.012760428901248
0.0125,0.5,-0.06968048395156681,-0.000744061589259315,0.012758596623359998
0.0125,0.5125000000000001,-0.06965969922992639,-0.0007308614333904186,0.012756764345472
0.0125,0.525,-0.06963891450828599,-0.0007176612775215224,0.012754932067583998
0.0125,0.5375,-0.06961812978664557,-0.0007044611216526261,0.012753099789695998
0.0125,0.55,-0.06959734506500517,-0.0006912609657837296,0.012751267511808
0.0125,0.5625,-0.06957656034336476,-0.0006780608099148334,0.01274943523392
0.0125,0.5750000000000001,-0.06955577562172435,-0.000664860654045937,0.012747602956032
0.0125,0.5875,-0.06953499090008393,-0.0006516604981770407,0.012745770678144
0.0125,0.6000000000000001,-0.06951420617844353,-0.0006384603423081442,0.012743938400256
0.0125,0.6125,-0.06949342145680312,-0.0006252601864392478,0.012742106122368
0.0125,0.625,-0.06947263673516271,-0.0006120600305703515,0.01274027384448
0.0125,0.6375000000000001,-0.0694518520135223,-0.0005988598747014552,0.012738441566592
0.0125,0.65,-0.0694310672918819,-0.0005856597188325589,0.012736609288704001
0.0125,0.6625000000000001,-0.06941028257024148,-0.0005724595629636625,0.012734777010816
0.0125,0.675,-0.06938949784860107,-0.0005592594070947661,0.012732944732928
0.0125,0.6875,-0.06936871312696068,-0.0005460592512258697,0.012731112455039998
0.0125,0.7000000000000001,-0.06934792840532025,-0.0005328590953569735,0.012729280177152
0.0125,0.7125,-0.06932714368367987,-0.0005196589394880771,0.012727447899264001
0.0125,0.7250000000000001,-0.06930635896203946,-0.0005064587836191807,0.012725615621376
0.0125,0.7375,-0.06928557424039905,-0.0004932586277502845,0.012723783343488
0.0125,0.75,-0.06926478951875863,-0.00048005847188138813,0.012721951065599998
0.0125,0.7625000000000001,-0.06924400479711823,-0.00046685831601249174,0.012720118787711999
0.0125,0.775,-0.06922322007547782,-0.00045365816014359545,0.012718286509824001
0.0125,0.7875000000000001,-0.0692024353538374,-0.00044045800427469894,0.012716454231935998
0.0125,0.8,-0.069181650632197,-0.0004272578484058027,0.012714621954048
0.0125,0.8125,-0.06916086591055658,-0.00041405769253690636,0.012712789676159998
0.0125,0.8250000000000001,-0.06914008118891617,-0.0004008575366680099,0.012710957398271999
0.0125,0.8375,-0.06911929646727577,-0.00038765738079911367,0.012709125120384
0.0125,0.8500000000000001,-0.06909851174563536,-0.00037445722493021727,0.012707292842495999
0.0125,0.8625,-0.06907772702399495,-0.0003612570690613209,0.012705460564608
0.0125,0.875,-0.06905694230235457,-0.00034805691319242464,0.012703628286719996
0.0125,0.8875000000000001,-0.06903615758071413,-0.00033485675732352824,0.012701796008831999
0.0125,0.9,-0.06901537285907375,-0.00032165660145463195,0.012699963730944001
0.0125,0.9125000000000001,-0.06899458813743332,-0.00030845644558573555,0.012698131453055999
0.0125,0.925,-0.06897380341579293,-0.0002952562897168392,0.012696299175168001
0.0125,0.9375,-0.06895301869415252,-0.0002820561338479429,0.012694466897280002
0.0125,0.9500000000000001,-0.06893223397251211,-0.00026885597797904646,0.012692634619391999
0.0125,0.9625,-0.0689114492508717,-0.00025565582211015017,0.012690802341504
0.0125,0.9750000000000001,-0.06889066452923127,-0.00024245566624125374,0.012688970063615999
0.0125,0.9875,-0.06886987980759088,-0.00022925551037235748,0.012687137785728
0.0125,1.0,-0.06884909508595047,-0.00021605535450346116,0.01268530550784
0.025,0.0,-0.0719548047374929,-0.0025441356480303376,0.012986393333760001
0.025,0.0125,-0.07191880462517186,-0.002517735336292545,0.012982728777984
0.025,0.025,-0.07188280451285084,-0.0024913350245547522,0.012979064222207997
0.025,0.037500000000000006,-0.07184680440052985,-0.0024649347128169598,0.012975399666432
0.025,0.05,-0.07181080428820882,-0.0024385344010791673,0.012971735110656
0.025,0.0625,-0.07177480417588779,-0.002412134089341375,0.012968070554879998
0.025,0.07500000000000001,-0.07173880406356675,-0.002385733777603582,0.012964405999103997
0.025,0.08750000000000001,-0.07170280395124573,-0.002359333465865789,0.012960741443327999
0.025,0.1,-0.07166680383892472,-0.0023329331541279965,0.012957076887552
0.025,0.1125,-0.0716308037266037,-0.002306532842390203,0.012953412331776
0.025,0.125,-0.07159480361428268,-0.0022801325306524107,0.012949747776
0.025,0.1375,-0.07155880350196167,-0.0022537322189146187,0.012946083220223998
0.025,0.15000000000000002,-0.07152280338964065,-0.0022273319071768258,0.012942418664447997
0.025,0.1625,-0.07148680327731961,-0.002200931595439033,0.012938754108671999
0.025,0.17500000000000002,-0.07145080316499862,-0.00217453128370124,0.012935089552896
0.025,0.1875,-0.07141480305267758,-0.0021481309719634475,0.01293142499712
0.025,0.2,-0.07137880294035655,-0.0021217306602256546,0.012927760441344
0.025,0.21250000000000002,-0.07134280282803553,-0.002095330348487862,0.012924095885567997
0.025,0.225,-0.07130680271571452,-0.0020689300367500696,0.012920431329792
0.025,0.23750000000000002,-0.0712708026033935,-0.0020425297250122767,0.012916766774015999
0.025,0.25,-0.07123480249107247,-0.002016129413274484,0.012913102218239998
0.025,0.2625,-0.07119880237875147,-0.0019897291015366914,0.012909437662464
0.025,0.275,-0.07116280226643043,-0.0019633287897988985,0.012905773106688001
0.025,0.28750000000000003,-0.07112680215410942,-0.0019369284780611058,0.012902108550912
0.025,0.30000000000000004,-0.07109080204178839,-0.0019105281663233133,0.012898443995136
0.025,0.3125,-0.07105480192946736,-0.0018841278545855204,0.012894779439359998
0.025,0.325,-0.07101880181714636,-0.001857727542847728,0.012891114883583998
0.025,0.3375,-0.07098280170482535,-0.0018313272311099354,0.012887450327808001
0.025,0.35000000000000003,-0.07094680159250431,-0.0018049269193721423,0.012883785772032
0.025,0.36250000000000004,-0.07091080148018332,-0.0017785266076343496,0.012880121216256
0.025,0.375,-0.07087480136786228,-0.001752126295896557,0.01287645666048
0.025,0.3875,-0.07083880125554125,-0.0017257259841587645,0.012872792104704002
0.025,0.4,-0.07080280114322023,-0.001699325672420972,0.012869127548928001
0.025,0.41250000000000003,-0.07076680103089922,-0.0016729253606831787,0.012865462993152001
0.025,0.42500000000000004,-0.07073080091857818,-0.0016465250489453862,0.012861798437375999
0.025,0.4375,-0.07069480080625717,-0.0016201247372075935,0.0128581338816
0.025,0.45,-0.07065880069393615,-0.001593724425469801,0.012854469325824002
0.025,0.4625,-0.07062280058161513,-0.0015673241137320081,0.012850804770048001
0.025,0.47500000000000003,-0.07058680046929412,-0.0015409238019942152,0.012847140214272001
0.025,0.48750000000000004,-0.0705508003569731,-0.0015145234902564227,0.012843475658496
0.025,0.5,-0.07051480024465206,-0.00148812317851863,0.012839811102719997
0.025,0.5125000000000001,-0.07047880013233104,-0.0014617228667808371,0.012836146546943998
0.025,0.525,-0.07044280002001002,-0.0014353225550430449,0.012832481991168
0.025,0.5375,-0.07040679990768899,-0.0014089222433052522,0.012828817435391998
0.025,0.55,-0.07037079979536798,-0.0013825219315674593,0.012825152879615997
0.025,0.5625,-0.07033479968304697,-0.0013561216198296668,0.01282148832384
0.025,0.5750000000000001,-0.07029879957072593,-0.001329721308091874,0.012817823768063999
0.025,0.5875,-0.07026279945840494,-0.0013033209963540814,0.012814159212288
0.025,0.6000000000000001,-0.07022679934608392,-0.0012769206846162883,0.012810494656512
0.025,0.6125,-0.07019079923376288,-0.0012505203728784956,0.012806830100736
0.025,0.625,-0.07015479912144187,-0.001224120061140703,0.01280316554496
0.025,0.6375000000000001,-0.07011879900912085,-0.0011977197494029105,0.012799500989184
0.025,0.65,-0.07008279889679982,-0.0011713194376651178,0.012795836433407998
0.025,0.6625000000000001,-0.07004679878447881,-0.001144919125927325,0.012792171877631998
0.025,0.675,-0.07001079867215779,-0.0011185188141895322,0.012788507321856
0.025,0.6875,-0.06997479855983674,-0.0010921185024517395,0.01278484276608
0.025,0.7000000000000001,-0.06993879844751574,-0.001065718190713947,0.012781178210304
0.025,0.7125,-0.06990279833519474,-0.0010393178789761541,0.012777513654528
0.025,0.7250000000000001,-0.0698667982228737,-0.0010129175672383614,0.012773849098751998
0.025,0.7375,-0.06983079811055268,-0.000986517255500569,0.012770184542976001
0.025,0.75,-0.06979479799823167,-0.0009601169437627763,0.0127665199872
0.025,0.7625000000000001,-0.06975879788591063,-0.0009337166320249835,0.012762855431423999
0.025,0.775,-0.06972279777358963,-0.0009073163202871909,0.012759190875647999
0.025,0.7875000000000001,-0.0696867976612686,-0.0008809160085493979,0.012755526319871998
0.025,0.8,-0.06965079754894757,-0.0008545156968116054,0.012751861764096002
0.025,0.8125,-0.06961479743662657,-0.0008281153850738127,0.012748197208320001
0.025,0.8250000000000001,-0.06957879732430554,-0.0008017150733360198,0.012744532652543999
0.025,0.8375,-0.06954279721198452,-0.0007753147615982273,0.012740868096767999
0.025,0.8500000000000001,-0.0695067970996635,-0.0007489144498604345,0.012737203540992002
0.025,0.8625,-0.06947079698734247,-0.0007225141381226419,0.012733538985215998
0.025,0.875,-0.06943479687502145,-0.0006961138263848493,0.01272987442944
0.025,0.8875000000000001,-0.06939879676270044,-0.0006697135146470565,0.012726209873664
0.025,0.9,-0.0693627966503794,-0.0006433132029092639,0.012722545317887999
0.025,0.9125000000000001,-0.0693267965380584,-0.0006169128911714711,0.012718880762112
0.025,0.925,-0.06929079642573739,-0.0005905125794336784,0.012715216206336
0.025,0.9375,-0.06925479631341636,-0.0005641122676958858,0.012711551650559998
0.025,0.9500000000000001,-0.06921879620109535,-0.0005377119559580929,0.012707887094784
0.025,0.9625,-0.06918279608877431,-0.0005113116442203003,0.012704222539007999
0.025,0.9750000000000001,-0.06914679597645326,-0.0004849113324825075,0.012700557983232
0.025,0.9875,-0.06911079586413227,-0.00045851102074471496,0.012696893427456
0.025,1.0,-0.06907479575181125,-0.0004321107090069223,0.01269322887168
0.037500000000000006,0.0,-0.07339773665780264,-0.0038162034720455075,0.013140898928640002
0.037500000000000006,0.0125,-0.07334652115480103,-0.0037766030044388186,0.013135402094976
0.037500000000000006,0.025,-0.07329530565179938,-0.0037370025368321296,0.013129905261311997
0.037500000000000006,0.037500000000000006,-0.07324409014879776,-0.00369740206922544,0.013124408427648
0.037500000000000006,0.05,-0.0731928746457961,-0.003657801601618751,0.013118911593984
0.037500000000000006,0.0625,-0.07314165914279448,-0.0036182011340120624,0.01311341476032
0.037500000000000006,0.07500000000000001,-0.07309044363979283,-0.003578600666405373,0.013107917926656
0.037500000000000006,0.08750000000000001,-0.07303922813679123,-0.0035390001987986837,0.013102421092992
0.037500000000000006,0.1,-0.07298801263378958,-0.003499399731191995,0.013096924259327998
0.037500000000000006,0.1125,-0.07293679713078798,-0.0034597992635853054,0.013091427425664
0.037500000000000006,0.125,-0.07288558162778631,-0.0034201987959786174,0.013085930592
0.037500000000000006,0.1375,-0.07283436612478468,-0.003380598328371928,0.013080433758336
0.037500000000000006,0.15000000000000002,-0.07278315062178306,-0.0033409978607652387,0.013074936924672
0.037500000000000006,0.1625,-0.07273193511878143,-0.0033013973931585497,0.013069440091008001
0.037500000000000006,0.17500000000000002,-0.07268071961577979,-0.0032617969255518604,0.013063943257344
0.037500000000000006,0.1875,-0.07262950411277816,-0.003222196457945171,0.013058446423679999
0.037500000000000006,0.2,-0.07257828860977653,-0.003182595990338483,0.013052949590015999
0.037500000000000006,0.21250000000000002,-0.07252707310677489,-0.0031429955227317936,0.013047452756352
0.037500000000000006,0.225,-0.07247585760377326,-0.0031033950551251047,0.013041955922688002
0.037500000000000006,0.23750000000000002,-0.07242464210077162,-0.0030637945875184153,0.013036459089023998
0.037500000000000006,0.25,-0.07237342659777,-0.003024194119911726,0.013030962255359999
0.037500000000000006,0.2625,-0.07232221109476837,-0.0029845936523050375,0.013025465421696
0.037500000000000006,0.275,-0.07227099559176672,-0.002944993184698348,0.013019968588032
0.037500000000000006,0.28750000000000003,-0.0722197800887651,-0.002905392717091659,0.013014471754368
0.037500000000000006,0.30000000000000004,-0.07216856458576346,-0.0028657922494849707,0.013008974920704002
0.037500000000000006,0.3125,-0.07211734908276185,-0.0028261917818782813,0.013003478087039997
0.037500000000000006,0.325,-0.07206613357976022,-0.002786591314271592,0.012997981253376
0.037500000000000006,0.3375,-0.07201491807675857,-0.002746990846664903,0.012992484419712
0.037500000000000006,0.35000000000000003,-0.07196370257375692,-0.002707390379058214,0.012986987586047999
0.037500000000000006,0.36250000000000004,-0.0719124870707553,-0.0026677899114515248,0.012981490752384
0.037500000000000006,0.375,-0.07186127156775367,-0.002628189443844836,0.012975993918719998
0.037500000000000006,0.3875,-0.07181005606475205,-0.0025885889762381474,0.012970497085055998
0.037500000000000006,0.4,-0.0717588405617504,-0.002548988508631458,0.012965000251391998
0.037500000000000006,0.41250000000000003,-0.0717076250587488,-0.002509388041024768,0.012959503417728
0.037500000000000006,0.42500000000000004,-0.07165640955574712,-0.0024697875734180797,0.012954006584063999
0.037500000000000006,0.4375,-0.07160519405274551,-0.002430187105811391,0.012948509750400001
0.037500000000000006,0.45,-0.07155397854974387,-0.0023905866382047023,0.012943012916735998
0.037500000000000006,0.4625,-0.07150276304674225,-0.0023509861705980125,0.012937516083072
0.037500000000000006,0.47500000000000003,-0.07145154754374061,-0.002311385702991323,0.012932019249407999
0.037500000000000006,0.48750000000000004,-0.07140033204073899,-0.0022717852353846342,0.012926522415744001
0.037500000000000006,0.5,-0.07134911653773733,-0.0022321847677779453,0.01292102558208
0.037500000000000006,0.5125000000000001,-0.07129790103473573,-0.002192584300171256,0.012915528748416
0.037500000000000006,0.525,-0.07124668553173408,-0.0021529838325645674,0.012910031914751999
0.037500000000000006,0.5375,-0.07119547002873242,-0.0021133833649578785,0.012904535081087997
0.037500000000000006,0.55,-0.07114425452573081,-0.0020737828973511887,0.012899038247424
0.037500000000000006,0.5625,-0.07109303902272918,-0.0020341824297445002,0.012893541413759998
0.037500000000000006,0.5750000000000001,-0.07104182351972754,-0.0019945819621378113,0.012888044580096002
0.037500000000000006,0.5875,-0.0709906080167259,-0.001954981494531122,0.012882547746431997
0.037500000000000006,0.6000000000000001,-0.07093939251372428,-0.0019153810269244326,0.012877050912768
0.037500000000000006,0.6125,-0.07088817701072264,-0.0018757805593177439,0.012871554079103998
0.037500000000000006,0.625,-0.07083696150772102,-0.001836180091711055,0.01286605724544
0.037500000000000006,0.6375000000000001,-0.07078574600471937,-0.001796579624104366,0.012860560411776
0.037500000000000006,0.65,-0.07073453050171775,-0.0017569791564976767,0.012855063578112003
0.037500000000000006,0.6625000000000001,-0.0706833149987161,-0.0017173786888909877,0.012849566744447998
0.037500000000000006,0.675,-0.0706320994957145,-0.0016777782212842988,0.012844069910783996
0.037500000000000006,0.6875,-0.07058088399271284,-0.00163817775367761,0.01283857307712
0.037500000000000006,0.7000000000000001,-0.07052966848971122,-0.0015985772860709208,0.012833076243455999
0.037500000000000006,0.7125,-0.07047845298670957,-0.0015589768184642318,0.012827579409792001
0.037500000000000006,0.7250000000000001,-0.07042723748370795,-0.0015193763508575425,0.012822082576128
0.037500000000000006,0.7375,-0.0703760219807063,-0.0014797758832508535,0.012816585742463998
0.037500000000000006,0.75,-0.07032480647770468,-0.0014401754156441646,0.012811088908799999
0.037500000000000006,0.7625000000000001,-0.07027359097470305,-0.0014005749480374753,0.012805592075136
0.037500000000000006,0.775,-0.07022237547170143,-0.0013609744804307866,0.012800095241472
0.037500000000000006,0.7875000000000001,-0.07017115996869978,-0.001321374012824097,0.012794598407808
0.037500000000000006,0.8,-0.07011994446569815,-0.0012817735452174085,0.012789101574143999
0.037500000000000006,0.8125,-0.07006872896269653,-0.0012421730776107193,0.012783604740479999
0.037500000000000006,0.8250000000000001,-0.0700175134596949,-0.0012025726100040298,0.012778107906816
0.037500000000000006,0.8375,-0.06996629795669325,-0.0011629721423973413,0.012772611073152
0.037500000000000006,0.8500000000000001,-0.06991508245369163,-0.001123371674790652,0.012767114239488
0.037500000000000006,0.8625,-0.06986386695068998,-0.001083771207183963,0.012761617405824002
0.037500000000000006,0.875,-0.06981265144768836,-0.001044170739577274,0.01275612057216
0.037500000000000006,0.8875000000000001,-0.06976143594468673,-0.0010045702719705847,0.012750623738496
0.037500000000000006,0.9,-0.0697102204416851,-0.000964969804363896,0.012745126904831998
0.037500000000000006,0.9125000000000001,-0.06965900493868347,-0.0009253693367572068,0.012739630071168
0.037500000000000006,0.925,-0.06960778943568183,-0.0008857688691505178,0.012734133237504
0.037500000000000006,0.9375,-0.0695565739326802,-0.0008461684015438289,0.012728636403840001
0.037500000000000006,0.9500000000000001,-0.06950535842967856,-0.0008065679339371397,0.012723139570175998
0.037500000000000006,0.9625,-0.06945414292667691,-0.0007669674663304506,0.012717642736511998
0.037500000000000006,0.9750000000000001,-0.0694029274236753,-0.0007273669987237614,0.012712145902848
0.037500000000000006,0.9875,-0.06935171192067367,-0.0006877665311170727,0.012706649069184001
0.037500000000000006,1.0,-0.06930049641767204,-0.0006481660635103836,0.012701152235520001
0.05,0.0,-0.07484066857811242,-0.005088271296060675,0.013295404523520002
0.05,0.0125,-0.07477423768443014,-0.00503547067258509,0.013288075411968001
0.05,0.025,-0.0747078067907479,-0.0049826700491095045,0.013280746300415999
0.05,0.037500000000000006,-0.07464137589706567,-0.0049298694256339195,0.013273417188863998
0.05,0.05,-0.07457494500338341,-0.004877068802158335,0.013266088077311998
0.05,0.0625,-0.07450851410970116,-0.00482426817868275,0.013258758965759999
0.05,0.07500000000000001,-0.07444208321601894,-0.004771467555207164,0.013251429854207998
0.05,0.08750000000000001,-0.07437565232233669,-0.004718666931731578,0.013244100742656001
0.05,0.1,-0.07430922142865443,-0.004665866308255993,0.013236771631103999
0.05,0.1125,-0.07424279053497221,-0.004613065684780406,0.013229442519552
0.05,0.125,-0.07417635964128996,-0.0045602650613048214,0.013222113408
0.05,0.1375,-0.07410992874760772,-0.004507464437829237,0.013214784296447998
0.05,0.15000000000000002,-0.07404349785392547,-0.0044546638143536516,0.013207455184896
0.05,0.1625,-0.07397706696024321,-0.004401863190878066,0.013200126073344
0.05,0.17500000000000002,-0.07391063606656097,-0.00434906256740248,0.013192796961792002
0.05,0.1875,-0.07384420517287874,-0.004296261943926895,0.01318546785024
0.05,0.2,-0.07377777427919649,-0.004243461320451309,0.013178138738688
0.05,0.21250000000000002,-0.07371134338551424,-0.004190660696975724,0.013170809627136001
0.05,0.225,-0.07364491249183201,-0.004137860073500139,0.013163480515583999
0.05,0.23750000000000002,-0.07357848159814975,-0.0040850594500245535,0.013156151404032
0.05,0.25,-0.07351205070446751,-0.004032258826548968,0.013148822292480001
0.05,0.2625,-0.07344561981078526,-0.003979458203073383,0.013141493180927999
0.05,0.275,-0.07337918891710302,-0.003926657579597797,0.013134164069375998
0.05,0.28750000000000003,-0.07331275802342077,-0.0038738569561222115,0.013126834957824
0.05,0.30000000000000004,-0.07324632712973855,-0.0038210563326466266,0.013119505846271999
0.05,0.3125,-0.0731798962360563,-0.0037682557091710408,0.013112176734719998
0.05,0.325,-0.07311346534237402,-0.003715455085695456,0.013104847623168
0.05,0.3375,-0.07304703444869179,-0.003662654462219871,0.013097518511615999
0.05,0.35000000000000003,-0.07298060355500956,-0.0036098538387442846,0.013090189400064
0.05,0.36250000000000004,-0.0729141726613273,-0.0035570532152686993,0.013082860288511999
0.05,0.375,-0.07284774176764505,-0.003504252591793114,0.01307553117696
0.05,0.3875,-0.07278131087396282,-0.003451451968317529,0.013068202065408
0.05,0.4,-0.07271487998028056,-0.003398651344841944,0.013060872953856
0.05,0.41250000000000003,-0.07264844908659833,-0.0033458507213663573,0.013053543842304
0.05,0.42500000000000004,-0.0725820181929161,-0.0032930500978907724,0.013046214730752
0.05,0.4375,-0.07251558729923382,-0.003240249474415187,0.0130388856192
0.05,0.45,-0.07244915640555159,-0.003187448850939602,0.013031556507648
0.05,0.4625,-0.07238272551186936,-0.0031346482274640162,0.013024227396096
0.05,0.47500000000000003,-0.0723162946181871,-0.0030818476039884304,0.013016898284544
0.05,0.48750000000000004,-0.07224986372450484,-0.0030290469805128455,0.013009569172992
0.05,0.5,-0.07218343283082261,-0.00297624635703726,0.013002240061439997
0.05,0.5125000000000001,-0.07211700193714037,-0.0029234457335616743,0.012994910949887998
0.05,0.525,-0.07205057104345812,-0.0028706451100860898,0.012987581838336
0.05,0.5375,-0.07198414014977586,-0.0028178444866105044,0.012980252726783997
0.05,0.55,-0.07191770925609361,-0.0027650438631349186,0.012972923615232
0.05,0.5625,-0.07185127836241138,-0.0027122432396593336,0.01296559450368
0.05,0.5750000000000001,-0.07178484746872917,-0.002659442616183748,0.012958265392128
0.05,0.5875,-0.0717184165750469,-0.002606641992708163,0.012950936280575998
0.05,0.6000000000000001,-0.07165198568136465,-0.0025538413692325766,0.012943607169023999
0.05,0.6125,-0.07158555478768241,-0.0025010407457569913,0.012936278057472
0.05,0.625,-0.07151912389400016,-0.002448240122281406,0.012928948945919998
0.05,0.6375000000000001,-0.07145269300031792,-0.002395439498805821,0.012921619834368
0.05,0.65,-0.07138626210663568,-0.0023426388753302356,0.012914290722816
0.05,0.6625000000000001,-0.07131983121295345,-0.00228983825185465,0.012906961611264001
0.05,0.675,-0.07125340031927119,-0.0022370376283790644,0.012899632499712
0.05,0.6875,-0.07118696942558894,-0.002184237004903479,0.01289230338816
0.05,0.7000000000000001,-0.0711205385319067,-0.002131436381427894,0.012884974276608
0.05,0.7125,-0.07105410763822445,-0.0020786357579523082,0.012877645165056
0.05,0.7250000000000001,-0.0709876767445422,-0.002025835134476723,0.012870316053504003
0.05,0.7375,-0.07092124585085997,-0.001973034511001138,0.012862986941951997
0.05,0.75,-0.07085481495717773,-0.0019202338875255525,0.0128556578304
0.05,0.7625000000000001,-0.07078838406349545,-0.001867433264049967,0.012848328718848
0.05,0.775,-0.07072195316981322,-0.0018146326405743818,0.012840999607295997
0.05,0.7875000000000001,-0.07065552227613098,-0.0017618320170987958,0.012833670495744
0.05,0.8,-0.07058909138244875,-0.0017090313936232108,0.012826341384191997
0.05,0.8125,-0.0705226604887665,-0.0016562307701476254,0.01281901227264
0.05,0.8250000000000001,-0.07045622959508424,-0.0016034301466720396,0.012811683161088
0.05,0.8375,-0.07038979870140201,-0.0015506295231964547,0.012804354049536
0.05,0.8500000000000001,-0.07032336780771976,-0.001497828899720869,0.012797024937984
0.05,0.8625,-0.0702569369140375,-0.0014450282762452837,0.012789695826431998
0.05,0.875,-0.07019050602035526,-0.0013922276527696985,0.01278236671488
0.05,0.8875000000000001,-0.07012407512667304,-0.001339427029294113,0.012775037603327998
0.05,0.9,-0.07005764423299078,-0.0012866264058185278,0.012767708491776001
0.05,0.9125000000000001,-0.06999121333930855,-0.0012338257823429422,0.012760379380224
0.05,0.925,-0.06992478244562629,-0.0011810251588673568,0.012753050268672
0.05,0.9375,-0.06985835155194403,-0.0011282245353917717,0.012745721157119999
0.05,0.9500000000000001,-0.06979192065826179,-0.0010754239119161858,0.012738392045567998
0.05,0.9625,-0.06972548976457957,-0.0010226232884406007,0.012731062934016
0.05,0.9750000000000001,-0.06965905887089732,-0.000969822664965015,0.012723733822463997
0.05,0.9875,-0.06959262797721506,-0.0009170220414894299,0.012716404710912
0.05,1.0,-0.06952619708353283,-0.0008642214180138447,0.01270907559936
0.0625,0.0,-0.07628360049842217,-0.006360339120075845,0.013449910118400002
0.0625,0.0125,-0.0762019542140593,-0.006294338340731363,0.01344074872896
0.0625,0.025,-0.07612030792969646,-0.006228337561386881,0.013431587339519999
0.0625,0.037500000000000006,-0.07603866164533359,-0.006162336782042399,0.013422425950080002
0.0625,0.05,-0.07595701536097074,-0.006096336002697917,0.01341326456064
0.0625,0.0625,-0.07587536907660787,-0.006030335223353435,0.013404103171200001
0.0625,0.07500000000000001,-0.07579372279224503,-0.005964334444008954,0.01339494178176
0.0625,0.08750000000000001,-0.07571207650788216,-0.005898333664664472,0.013385780392320001
0.0625,0.1,-0.07563043022351928,-0.005832332885319991,0.013376619002879998
0.0625,0.1125,-0.07554878393915647,-0.005766332105975508,0.013367457613440003
0.0625,0.125,-0.0754671376547936,-0.005700331326631027,0.013358296224000001
0.0625,0.1375,-0.07538549137043074,-0.005634330547286546,0.013349134834559998
0.0625,0.15000000000000002,-0.07530384508606788,-0.005568329767942063,0.01333997344512
0.0625,0.1625,-0.07522219880170503,-0.005502328988597581,0.01333081205568
0.0625,0.17500000000000002,-0.07514055251734215,-0.005436328209253099,0.01332165066624
0.0625,0.1875,-0.07505890623297931,-0.0053703274299086185,0.013312489276799998
0.0625,0.2,-0.07497725994861645,-0.005304326650564136,0.01330332788736
0.0625,0.21250000000000002,-0.07489561366425358,-0.005238325871219656,0.013294166497919998
0.0625,0.225,-0.07481396737989073,-0.0051723250918751735,0.013285005108479998
0.0625,0.23750000000000002,-0.07473232109552788,-0.005106324312530691,0.013275843719039998
0.0625,0.25,-0.07465067481116502,-0.005040323533186209,0.013266682329599997
0.0625,0.2625,-0.07456902852680217,-0.004974322753841728,0.01325752094016
0.0625,0.275,-0.07448738224243931,-0.004908321974497246,0.013248359550719999
0.0625,0.28750000000000003,-0.07440573595807645,-0.004842321195152764,0.013239198161280002
0.0625,0.30000000000000004,-0.0743240896737136,-0.004776320415808283,0.013230036771840002
0.0625,0.3125,-0.07424244338935072,-0.004710319636463801,0.013220875382399999
0.0625,0.325,-0.07416079710498788,-0.00464431885711932,0.01321171399296
0.0625,0.3375,-0.07407915082062504,-0.004578318077774837,0.01320255260352
0.0625,0.35000000000000003,-0.07399750453626217,-0.004512317298430355,0.01319339121408
0.0625,0.36250000000000004,-0.07391585825189931,-0.004446316519085875,0.013184229824639999
0.0625,0.375,-0.07383421196753646,-0.0043803157397413915,0.013175068435200001
0.0625,0.3875,-0.0737525656831736,-0.004314314960396911,0.01316590704576
0.0625,0.4,-0.07367091939881075,-0.0042483141810524296,0.013156745656320003
0.0625,0.41250000000000003,-0.07358927311444788,-0.004182313401707946,0.01314758426688
0.0625,0.42500000000000004,-0.07350762683008502,-0.004116312622363465,0.013138422877439998
0.0625,0.4375,-0.07342598054572218,-0.004050311843018984,0.013129261488000001
0.0625,0.45,-0.0733443342613593,-0.003984311063674502,0.01312010009856
0.0625,0.4625,-0.07326268797699646,-0.003918310284330019,0.01311093870912
0.0625,0.47500000000000003,-0.07318104169263359,-0.0038523095049855386,0.01310177731968
0.0625,0.48750000000000004,-0.07309939540827073,-0.0037863087256410563,0.01309261593024
0.0625,0.5,-0.07301774912390788,-0.0037203079462965745,0.013083454540799998
0.0625,0.5125000000000001,-0.07293610283954505,-0.0036543071669520926,0.013074293151359998
0.0625,0.525,-0.07285445655518216,-0.0035883063876076117,0.013065131761919998
0.0625,0.5375,-0.07277281027081929,-0.0035223056082631303,0.013055970372479998
0.0625,0.55,-0.07269116398645648,-0.0034563048289186476,0.01304680898304
0.0625,0.5625,-0.0726095177020936,-0.003390304049574166,0.013037647593599997
0.0625,0.5750000000000001,-0.07252787141773073,-0.0033243032702296844,0.01302848620416
0.0625,0.5875,-0.07244622513336789,-0.0032583024908852034,0.013019324814719999
0.0625,0.6000000000000001,-0.07236457884900503,-0.0031923017115407207,0.013010163425279999
0.0625,0.6125,-0.07228293256464216,-0.003126300932196239,0.013001002035840002
0.0625,0.625,-0.07220128628027933,-0.0030603001528517575,0.0129918406464
0.0625,0.6375000000000001,-0.07211963999591647,-0.0029942993735072756,0.01298267925696
0.0625,0.65,-0.07203799371155362,-0.0029282985941627947,0.01297351786752
0.0625,0.6625000000000001,-0.07195634742719073,-0.002862297814818312,0.01296435647808
0.0625,0.675,-0.07187470114282789,-0.002796297035473831,0.01295519508864
0.0625,0.6875,-0.07179305485846504,-0.0027302962561293487,0.012946033699200003
0.0625,0.7000000000000001,-0.07171140857410216,-0.002664295476784867,0.01293687230976
0.0625,0.7125,-0.07162976228973932,-0.002598294697440385,0.01292771092032
0.0625,0.7250000000000001,-0.07154811600537646,-0.0025322939180959033,0.012918549530880001
0.0625,0.7375,-0.0714664697210136,-0.0024662931387514223,0.012909388141439998
0.0625,0.75,-0.07138482343665074,-0.0024002923594069405,0.012900226752000001
0.0625,0.7625000000000001,-0.0713031771522879,-0.0023342915800624586,0.01289106536256
0.0625,0.775,-0.07122153086792504,-0.002268290800717977,0.01288190397312
0.0625,0.7875000000000001,-0.07113988458356216,-0.0022022900213734945,0.01287274258368
0.0625,0.8,-0.07105823829919933,-0.002136289242029013,0.012863581194239998
0.0625,0.8125,-0.07097659201483646,-0.0020702884626845313,0.0128544198048
0.0625,0.8250000000000001,-0.07089494573047359,-0.0020042876833400495,0.012845258415359998
0.0625,0.8375,-0.07081329944611074,-0.0019382869039955683,0.01283609702592
0.0625,0.8500000000000001,-0.0707316531617479,-0.0018722861246510862,0.012826935636479998
0.0625,0.8625,-0.07065000687738504,-0.0018062853453066044,0.01281777424704
0.0625,0.875,-0.07056836059302217,-0.0017402845659621232,0.012808612857599998
0.0625,0.8875000000000001,-0.07048671430865933,-0.001674283786617641,0.012799451468159998
0.0625,0.9,-0.07040506802429647,-0.0016082830072731596,0.012790290078719999
0.0625,0.9125000000000001,-0.07032342173993361,-0.0015422822279286773,0.01278112868928
0.0625,0.925,-0.07024177545557077,-0.0014762814485841957,0.012771967299840002
0.0625,0.9375,-0.0701601291712079,-0.0014102806692397143,0.0127628059104
0.0625,0.9500000000000001,-0.07007848288684504,-0.0013442798898952325,0.012753644520959999
0.0625,0.9625,-0.06999683660248218,-0.0012782791105507506,0.01274448313152
0.0625,0.9750000000000001,-0.06991519031811932,-0.0012122783312062686,0.01273532174208
0.0625,0.9875,-0.06983354403375647,-0.0011462775518617874,0.01272616035264
0.0625,1.0,-0.0697518977493936,-0.0010802767725173058,0.0127169989632
0.07500000000000001,0.0,-0.07772653241873191,-0.007632406944091015,0.013604415713280003
0.07500000000000001,0.0125,-0.07762967074368846,-0.007553206008877637,0.013593422045952
0.07500000000000001,0.025,-0.077532809068645,-0.007474005073664259,0.013582428378624
0.07500000000000001,0.037500000000000006,-0.0774359473936015,-0.00739480413845088,0.013571434711295998
0.07500000000000001,0.05,-0.07733908571855805,-0.007315603203237502,0.013560441043967999
0.07500000000000001,0.0625,-0.07724222404351459,-0.007236402268024125,0.01354944737664
0.07500000000000001,0.07500000000000001,-0.07714536236847112,-0.007157201332810746,0.013538453709311997
0.07500000000000001,0.08750000000000001,-0.07704850069342765,-0.0070780003975973674,0.013527460041984001
0.07500000000000001,0.1,-0.07695163901838419,-0.00699879946238399,0.013516466374656002
0.07500000000000001,0.1125,-0.0768547773433407,-0.006919598527170611,0.013505472707328
0.07500000000000001,0.125,-0.07675791566829723,-0.006840397591957235,0.01349447904
0.07500000000000001,0.1375,-0.07666105399325376,-0.006761196656743856,0.013483485372672
0.07500000000000001,0.15000000000000002,-0.0765641923182103,-0.006681995721530477,0.013472491705344
0.07500000000000001,0.1625,-0.07646733064316683,-0.0066027947863170995,0.013461498038016
0.07500000000000001,0.17500000000000002,-0.07637046896812336,-0.006523593851103721,0.013450504370688001
0.07500000000000001,0.1875,-0.07627360729307987,-0.006444392915890342,0.013439510703359997
0.07500000000000001,0.2,-0.07617674561803642,-0.006365191980676966,0.013428517036032
0.07500000000000001,0.21250000000000002,-0.07607988394299295,-0.006285991045463587,0.013417523368704
0.07500000000000001,0.225,-0.07598302226794948,-0.006206790110250209,0.013406529701376
0.07500000000000001,0.23750000000000002,-0.07588616059290601,-0.006127589175036831,0.013395536034047998
0.07500000000000001,0.25,-0.07578929891786254,-0.006048388239823452,0.013384542366719997
0.07500000000000001,0.2625,-0.07569243724281907,-0.005969187304610075,0.013373548699392
0.07500000000000001,0.275,-0.0755955755677756,-0.005889986369396696,0.013362555032064
0.07500000000000001,0.28750000000000003,-0.07549871389273213,-0.005810785434183318,0.013351561364735998
0.07500000000000001,0.30000000000000004,-0.07540185221768866,-0.005731584498969941,0.013340567697408
0.07500000000000001,0.3125,-0.0753049905426452,-0.005652383563756563,0.013329574030080001
0.07500000000000001,0.325,-0.07520812886760171,-0.005573182628543184,0.013318580362751999
0.07500000000000001,0.3375,-0.07511126719255823,-0.005493981693329806,0.013307586695423998
0.07500000000000001,0.35000000000000003,-0.07501440551751477,-0.005414780758116428,0.013296593028095998
0.07500000000000001,0.36250000000000004,-0.0749175438424713,-0.0053355798229030495,0.013285599360767997
0.07500000000000001,0.375,-0.07482068216742785,-0.005256378887689672,0.013274605693439998
0.07500000000000001,0.3875,-0.07472382049238437,-0.005177177952476295,0.013263612026112
0.07500000000000001,0.4,-0.0746269588173409,-0.005097977017262916,0.013252618358783998
0.07500000000000001,0.41250000000000003,-0.07453009714229744,-0.005018776082049536,0.013241624691455999
0.07500000000000001,0.42500000000000004,-0.07443323546725397,-0.004939575146836159,0.013230631024128001
0.07500000000000001,0.4375,-0.0743363737922105,-0.004860374211622782,0.013219637356799999
0.07500000000000001,0.45,-0.07423951211716703,-0.004781173276409405,0.013208643689472001
0.07500000000000001,0.4625,-0.07414265044212356,-0.004701972341196025,0.013197650022143998
0.07500000000000001,0.47500000000000003,-0.0740457887670801,-0.004622771405982646,0.013186656354816001
0.07500000000000001,0.48750000000000004,-0.07394892709203663,-0.0045435704707692684,0.013175662687488002
0.07500000000000001,0.5,-0.07385206541699316,-0.004464369535555891,0.013164669020159997
0.07500000000000001,0.5125000000000001,-0.07375520374194969,-0.004385168600342512,0.013153675352831998
0.07500000000000001,0.525,-0.07365834206690622,-0.004305967665129135,0.013142681685503999
0.07500000000000001,0.5375,-0.07356148039186275,-0.004226766729915757,0.013131688018175998
0.07500000000000001,0.55,-0.07346461871681928,-0.0041475657947023774,0.013120694350847999
0.07500000000000001,0.5625,-0.07336775704177581,-0.0040683648594890005,0.013109700683520001
0.07500000000000001,0.5750000000000001,-0.07327089536673234,-0.003989163924275623,0.013098707016191998
0.07500000000000001,0.5875,-0.07317403369168887,-0.003909962989062244,0.013087713348864001
0.07500000000000001,0.6000000000000001,-0.07307717201664539,-0.003830762053848865,0.013076719681536002
0.07500000000000001,0.6125,-0.07298031034160193,-0.0037515611186354878,0.013065726014207999
0.07500000000000001,0.625,-0.07288344866655846,-0.00367236018342211,0.013054732346880002
0.07500000000000001,0.6375000000000001,-0.072786586991515,-0.003593159248208732,0.013043738679552002
0.07500000000000001,0.65,-0.07268972531647153,-0.0035139583129953533,0.013032745012224001
0.07500000000000001,0.6625000000000001,-0.07259286364142806,-0.0034347573777819755,0.013021751344895999
0.07500000000000001,0.675,-0.07249600196638459,-0.0033555564425685976,0.013010757677568001
0.07500000000000001,0.6875,-0.07239914029134113,-0.00327635550735522,0.012999764010239999
0.07500000000000001,0.7000000000000001,-0.07230227861629765,-0.0031971545721418415,0.012988770342912
0.07500000000000001,0.7125,-0.07220541694125418,-0.0031179536369284637,0.012977776675583998
0.07500000000000001,0.7250000000000001,-0.07210855526621072,-0.003038752701715085,0.012966783008256
0.07500000000000001,0.7375,-0.07201169359116726,-0.002959551766501707,0.012955789340928
0.07500000000000001,0.75,-0.07191483191612377,-0.0028803508312883292,0.012944795673599999
0.07500000000000001,0.7625000000000001,-0.07181797024108032,-0.0028011498960749505,0.012933802006272
0.07500000000000001,0.775,-0.07172110856603685,-0.002721948960861573,0.012922808338944
0.07500000000000001,0.7875000000000001,-0.07162424689099336,-0.002642748025648194,0.012911814671616
0.07500000000000001,0.8,-0.0715273852159499,-0.002563547090434817,0.012900821004288
0.07500000000000001,0.8125,-0.07143052354090643,-0.0024843461552214387,0.012889827336960001
0.07500000000000001,0.8250000000000001,-0.07133366186586296,-0.0024051452200080595,0.012878833669631998
0.07500000000000001,0.8375,-0.07123680019081952,-0.0023259442847946826,0.012867840002304
0.07500000000000001,0.8500000000000001,-0.07113993851577602,-0.002246743349581304,0.012856846334976
0.07500000000000001,0.8625,-0.07104307684073256,-0.002167542414367926,0.012845852667647997
0.07500000000000001,0.875,-0.07094621516568911,-0.002088341479154548,0.01283485900032
0.07500000000000001,0.8875000000000001,-0.07084935349064561,-0.0020091405439411694,0.012823865332992
0.07500000000000001,0.9,-0.07075249181560214,-0.001929939608727792,0.012812871665663998
0.07500000000000001,0.9125000000000001,-0.07065563014055869,-0.0018507386735144135,0.012801877998336
0.07500000000000001,0.925,-0.0705587684655152,-0.0017715377383010357,0.012790884331007998
0.07500000000000001,0.9375,-0.07046190679047175,-0.0016923368030876578,0.012779890663679998
0.07500000000000001,0.9500000000000001,-0.07036504511542828,-0.0016131358678742793,0.012768896996352
0.07500000000000001,0.9625,-0.0702681834403848,-0.0015339349326609012,0.012757903329023998
0.07500000000000001,0.9750000000000001,-0.07017132176534134,-0.0014547339974475227,0.012746909661695999
0.07500000000000001,0.9875,-0.07007446009029789,-0.0013755330622341453,0.012735915994368
0.07500000000000001,1.0,-0.06997759841525439,-0.0012963321270207673,0.012724922327039999
0.08750000000000001,0.0,-0.07916946433904166,-0.008904474768106182,0.01375892130816
0.08750000000000001,0.0125,-0.0790573872733176,-0.00881207367702391,0.013746095362944
0.08750000000000001,0.025,-0.07894531020759353,-0.008719672585941633,0.013733269417727999
0.08750000000000001,0.037500000000000006,-0.07883323314186944,-0.00862727149485936,0.013720443472511999
0.08750000000000001,0.05,-0.07872115607614535,-0.008534870403777085,0.013707617527295997
0.08750000000000001,0.0625,-0.07860907901042125,-0.008442469312694812,0.01369479158208
0.08750000000000001,0.07500000000000001,-0.07849700194469719,-0.008350068221612536,0.013681965636864
0.08750000000000001,0.08750000000000001,-0.07838492487897311,-0.008257667130530262,0.013669139691647998
0.08750000000000001,0.1,-0.07827284781324903,-0.008165266039447987,0.013656313746432001
0.08750000000000001,0.1125,-0.07816077074752492,-0.008072864948365713,0.013643487801215997
0.08750000000000001,0.125,-0.07804869368180085,-0.007980463857283439,0.013630661856
0.08750000000000001,0.1375,-0.07793661661607679,-0.007888062766201166,0.013617835910783999
0.08750000000000001,0.15000000000000002,-0.07782453955035272,-0.007795661675118889,0.013605009965567998
0.08750000000000001,0.1625,-0.07771246248462862,-0.007703260584036616,0.013592184020352
0.08750000000000001,0.17500000000000002,-0.07760038541890454,-0.007610859492954341,0.013579358075136
0.08750000000000001,0.1875,-0.07748830835318046,-0.007518458401872067,0.01356653212992
0.08750000000000001,0.2,-0.07737623128745638,-0.007426057310789792,0.013553706184703999
0.08750000000000001,0.21250000000000002,-0.0772641542217323,-0.007333656219707517,0.013540880239488
0.08750000000000001,0.225,-0.0771520771560082,-0.0072412551286252435,0.013528054294272
0.08750000000000001,0.23750000000000002,-0.07704000009028412,-0.007148854037542969,0.013515228349055998
0.08750000000000001,0.25,-0.07692792302456004,-0.007056452946460695,0.013502402403840002
0.08750000000000001,0.2625,-0.07681584595883598,-0.00696405185537842,0.013489576458623998
0.08750000000000001,0.275,-0.0767037688931119,-0.006871650764296146,0.013476750513408001
0.08750000000000001,0.28750000000000003,-0.0765916918273878,-0.00677924967321387,0.013463924568191999
0.08750000000000001,0.30000000000000004,-0.07647961476166373,-0.006686848582131596,0.013451098622975999
0.08750000000000001,0.3125,-0.07636753769593965,-0.006594447491049322,0.013438272677759999
0.08750000000000001,0.325,-0.07625546063021557,-0.006502046399967048,0.013425446732544
0.08750000000000001,0.3375,-0.07614338356449149,-0.006409645308884774,0.013412620787328
0.08750000000000001,0.35000000000000003,-0.07603130649876738,-0.006317244217802498,0.013399794842112
0.08750000000000001,0.36250000000000004,-0.07591922943304333,-0.006224843126720225,0.013386968896896
0.08750000000000001,0.375,-0.07580715236731925,-0.00613244203563795,0.01337414295168
0.08750000000000001,0.3875,-0.07569507530159515,-0.006040040944555676,0.013361317006463997
0.08750000000000001,0.4,-0.07558299823587107,-0.0059476398534734016,0.013348491061248
0.08750000000000001,0.41250000000000003,-0.07547092117014699,-0.0058552387623911255,0.013335665116032
0.08750000000000001,0.42500000000000004,-0.07535884410442294,-0.005762837671308852,0.013322839170816001
0.08750000000000001,0.4375,-0.07524676703869884,-0.005670436580226578,0.013310013225599998
0.08750000000000001,0.45,-0.07513468997297473,-0.0055780354891443035,0.013297187280384001
0.08750000000000001,0.4625,-0.07502261290725068,-0.005485634398062028,0.013284361335168
0.08750000000000001,0.47500000000000003,-0.0749105358415266,-0.005393233306979754,0.013271535389951999
0.08750000000000001,0.48750000000000004,-0.07479845877580252,-0.00530083221589748,0.013258709444736
0.08750000000000001,0.5,-0.07468638171007844,-0.005208431124815205,0.013245883499520002
0.08750000000000001,0.5125000000000001,-0.07457430464435434,-0.00511603003373293,0.013233057554303998
0.08750000000000001,0.525,-0.07446222757863026,-0.005023628942650657,0.013220231609088
0.08750000000000001,0.5375,-0.0743501505129062,-0.004931227851568383,0.013207405663871997
0.08750000000000001,0.55,-0.07423807344718213,-0.004838826760486107,0.013194579718656002
0.08750000000000001,0.5625,-0.07412599638145803,-0.004746425669403834,0.013181753773439999
0.08750000000000001,0.5750000000000001,-0.07401391931573395,-0.004654024578321559,0.013168927828223998
0.08750000000000001,0.5875,-0.07390184225000987,-0.004561623487239284,0.013156101883007998
0.08750000000000001,0.6000000000000001,-0.07378976518428577,-0.004469222396157009,0.013143275937792
0.08750000000000001,0.6125,-0.07367768811856171,-0.004376821305074735,0.013130449992576001
0.08750000000000001,0.625,-0.07356561105283763,-0.0042844202139924615,0.01311762404736
0.08750000000000001,0.6375000000000001,-0.07345353398711353,-0.004192019122910186,0.013104798102143997
0.08750000000000001,0.65,-0.07334145692138946,-0.004099618031827912,0.013091972156928
0.08750000000000001,0.6625000000000001,-0.07322937985566537,-0.004007216940745638,0.013079146211711998
0.08750000000000001,0.675,-0.07311730278994129,-0.003914815849663363,0.013066320266496
0.08750000000000001,0.6875,-0.07300522572421722,-0.003822414758581089,0.01305349432128
0.08750000000000001,0.7000000000000001,-0.07289314865849314,-0.003730013667498815,0.013040668376064003
0.08750000000000001,0.7125,-0.07278107159276906,-0.0036376125764165405,0.013027842430848
0.08750000000000001,0.7250000000000001,-0.07266899452704495,-0.0035452114853342653,0.013015016485631999
0.08750000000000001,0.7375,-0.0725569174613209,-0.0034528103942519915,0.013002190540416002
0.08750000000000001,0.75,-0.0724448403955968,-0.003360409303169717,0.0129893645952
0.08750000000000001,0.7625000000000001,-0.07233276332987272,-0.0032680082120874424,0.012976538649984
0.08750000000000001,0.775,-0.07222068626414865,-0.003175607121005168,0.012963712704768
0.08750000000000001,0.7875000000000001,-0.07210860919842456,-0.003083206029922893,0.012950886759552
0.08750000000000001,0.8,-0.07199653213270048,-0.002990804938840619,0.012938060814336001
0.08750000000000001,0.8125,-0.07188445506697641,-0.0028984038477583448,0.012925234869119999
0.08750000000000001,0.8250000000000001,-0.07177237800125233,-0.0028060027566760696,0.012912408923904
0.08750000000000001,0.8375,-0.07166030093552825,-0.0027136016655937957,0.012899582978688
0.08750000000000001,0.8500000000000001,-0.07154822386980414,-0.002621200574511521,0.012886757033472
0.08750000000000001,0.8625,-0.07143614680408009,-0.002528799483429247,0.012873931088256
0.08750000000000001,0.875,-0.07132406973835598,-0.002436398392346973,0.012861105143039998
0.08750000000000001,0.8875000000000001,-0.07121199267263192,-0.0023439973012646977,0.012848279197824001
0.08750000000000001,0.9,-0.07109991560690784,-0.002251596210182424,0.012835453252608
0.08750000000000001,0.9125000000000001,-0.07098783854118375,-0.0021591951191001486,0.012822627307391997
0.08750000000000001,0.925,-0.07087576147545965,-0.0020667940280178747,0.012809801362175998
0.08750000000000001,0.9375,-0.07076368440973559,-0.0019743929369356004,0.012796975416960002
0.08750000000000001,0.9500000000000001,-0.0706516073440115,-0.0018819918458533255,0.012784149471744
0.08750000000000001,0.9625,-0.07053953027828744,-0.0017895907547710514,0.012771323526527998
0.08750000000000001,0.9750000000000001,-0.07042745321256334,-0.0016971896636887762,0.012758497581311999
0.08750000000000001,0.9875,-0.07031537614683925,-0.0016047885726065028,0.012745671636096
0.08750000000000001,1.0,-0.07020329908111517,-0.0015123874815242283,0.01273284569088
0.1,0.0,-0.08061239625935143,-0.01017654259212135,0.013913426903039998
0.1,0.0125,-0.08048510380294674,-0.01007094134517018,0.013898768679936002
0.1,0.025,-0.08035781134654203,-0.009965340098219009,0.013884110456832
0.1,0.037500000000000006,-0.08023051889013735,-0.009859738851267839,0.013869452233727998
0.1,0.05,-0.08010322643373266,-0.00975413760431667,0.013854794010623998
0.1,0.0625,-0.07997593397732797,-0.0096485363573655,0.01384013578752
0.1,0.07500000000000001,-0.07984864152092327,-0.009542935110414328,0.013825477564416001
0.1,0.08750000000000001,-0.07972134906451857,-0.009437333863463156,0.013810819341311998
0.1,0.1,-0.07959405660811389,-0.009331732616511986,0.013796161118208
0.1,0.1125,-0.0794667641517092,-0.009226131369560813,0.013781502895104
0.1,0.125,-0.0793394716953045,-0.009120530122609643,0.013766844672000001
0.1,0.1375,-0.07921217923889981,-0.009014928875658475,0.013752186448895998
0.1,0.15000000000000002,-0.0790848867824951,-0.008909327628707303,0.013737528225792
0.1,0.1625,-0.07895759432609041,-0.008803726381756131,0.013722870002688
0.1,0.17500000000000002,-0.07883030186968572,-0.00869812513480496,0.013708211779583998
0.1,0.1875,-0.07870300941328104,-0.00859252388785379,0.01369355355648
0.1,0.2,-0.07857571695687635,-0.008486922640902618,0.013678895333376
0.1,0.21250000000000002,-0.07844842450047165,-0.008381321393951448,0.013664237110271999
0.1,0.225,-0.07832113204406696,-0.008275720147000279,0.013649578887168
0.1,0.23750000000000002,-0.07819383958766228,-0.008170118900049107,0.013634920664064002
0.1,0.25,-0.07806654713125755,-0.008064517653097935,0.013620262440960002
0.1,0.2625,-0.07793925467485288,-0.007958916406146765,0.013605604217856
0.1,0.275,-0.07781196221844817,-0.007853315159195594,0.013590945994751998
0.1,0.28750000000000003,-0.07768466976204347,-0.007747713912244423,0.013576287771647998
0.1,0.30000000000000004,-0.0775573773056388,-0.007642112665293253,0.013561629548543999
0.1,0.3125,-0.07743008484923411,-0.0075365114183420815,0.013546971325439998
0.1,0.325,-0.0773027923928294,-0.007430910171390912,0.013532313102336001
0.1,0.3375,-0.07717549993642471,-0.007325308924439742,0.013517654879232
0.1,0.35000000000000003,-0.07704820748002003,-0.007219707677488569,0.013502996656128
0.1,0.36250000000000004,-0.07692091502361534,-0.0071141064305373985,0.013488338433024001
0.1,0.375,-0.07679362256721065,-0.007008505183586228,0.01347368020992
0.1,0.3875,-0.07666633011080594,-0.006902903936635058,0.013459021986815997
0.1,0.4,-0.07653903765440125,-0.006797302689683888,0.013444363763712
0.1,0.41250000000000003,-0.07641174519799655,-0.006691701442732715,0.013429705540608
0.1,0.42500000000000004,-0.07628445274159185,-0.006586100195781545,0.013415047317504
0.1,0.4375,-0.07615716028518718,-0.006480498948830374,0.0134003890944
0.1,0.45,-0.07602986782878246,-0.006374897701879204,0.013385730871295999
0.1,0.4625,-0.07590257537237778,-0.0062692964549280325,0.013371072648192
0.1,0.47500000000000003,-0.07577528291597309,-0.006163695207976861,0.013356414425088
0.1,0.48750000000000004,-0.0756479904595684,-0.006058093961025691,0.013341756201984
0.1,0.5,-0.07552069800316369,-0.00595249271407452,0.01332709797888
0.1,0.5125000000000001,-0.07539340554675901,-0.005846891467123349,0.013312439755776
0.1,0.525,-0.0752661130903543,-0.0057412902201721796,0.013297781532672
0.1,0.5375,-0.07513882063394964,-0.005635688973221009,0.013283123309568
0.1,0.55,-0.07501152817754492,-0.005530087726269837,0.013268465086463998
0.1,0.5625,-0.07488423572114024,-0.005424486479318667,0.01325380686336
0.1,0.5750000000000001,-0.07475694326473555,-0.005318885232367496,0.013239148640256
0.1,0.5875,-0.07462965080833084,-0.005213283985416326,0.013224490417152
0.1,0.6000000000000001,-0.07450235835192617,-0.005107682738465153,0.013209832194048001
0.1,0.6125,-0.07437506589552147,-0.0050020814915139825,0.013195173970944002
0.1,0.625,-0.07424777343911677,-0.004896480244562812,0.013180515747839999
0.1,0.6375000000000001,-0.07412048098271205,-0.004790878997611642,0.013165857524735997
0.1,0.65,-0.07399318852630739,-0.004685277750660471,0.013151199301632
0.1,0.6625000000000001,-0.07386589606990267,-0.0045796765037093,0.013136541078527998
0.1,0.675,-0.07373860361349799,-0.004474075256758129,0.013121882855424
0.1,0.6875,-0.07361131115709332,-0.004368474009806958,0.013107224632319999
0.1,0.7000000000000001,-0.07348401870068862,-0.004262872762855788,0.013092566409216001
0.1,0.7125,-0.07335672624428391,-0.0041572715159046165,0.013077908186112002
0.1,0.7250000000000001,-0.07322943378787923,-0.004051670268953446,0.013063249963007999
0.1,0.7375,-0.07310214133147452,-0.003946069022002276,0.013048591739903997
0.1,0.75,-0.07297484887506983,-0.003840467775051105,0.013033933516799998
0.1,0.7625000000000001,-0.07284755641866515,-0.003734866528099934,0.013019275293695998
0.1,0.775,-0.07272026396226045,-0.0036292652811487636,0.013004617070591999
0.1,0.7875000000000001,-0.07259297150585575,-0.0035236640341975915,0.012989958847488
0.1,0.8,-0.07246567904945106,-0.0034180627872464216,0.012975300624384001
0.1,0.8125,-0.07233838659304635,-0.003312461540295251,0.012960642401280002
0.1,0.8250000000000001,-0.07221109413664167,-0.0032068602933440792,0.012945984178175999
0.1,0.8375,-0.07208380168023698,-0.0031012590463929094,0.012931325955072
0.1,0.8500000000000001,-0.07195650922383229,-0.002995657799441738,0.012916667731968002
0.1,0.8625,-0.0718292167674276,-0.0028900565524905674,0.012902009508863999
0.1,0.875,-0.07170192431102292,-0.002784455305539397,0.012887351285759999
0.1,0.8875000000000001,-0.07157463185461818,-0.002678854058588226,0.012872693062656001
0.1,0.9,-0.07144733939821352,-0.0025732528116370556,0.012858034839552
0.1,0.9125000000000001,-0.07132004694180882,-0.0024676515646858844,0.012843376616447999
0.1,0.925,-0.0711927544854041,-0.0023620503177347136,0.012828718393343999
0.1,0.9375,-0.07106546202899944,-0.0022564490707835433,0.01281406017024
0.1,0.9500000000000001,-0.07093816957259474,-0.0021508478238323717,0.012799401947136
0.1,0.9625,-0.07081087711619005,-0.0020452465768812014,0.012784743724031999
0.1,0.9750000000000001,-0.07068358465978535,-0.00193964532993003,0.012770085500928001
0.1,0.9875,-0.07055629220338065,-0.0018340440829788598,0.012755427277824001
0.1,1.0,-0.07042899974697597,-0.0017284428360276893,0.012740769054719998
0.1125,0.0,-0.08205532817966119,-0.01144861041613652,0.014067932497919999
0.1125,0.0125,-0.08191282033257588,-0.011329809013316454,0.014051441996928002
0.1125,0.025,-0.08177031248549056,-0.011211007610496386,0.014034951495935998
0.1125,0.037500000000000006,-0.08162780463840527,-0.011092206207676321,0.014018460994944
0.1125,0.05,-0.08148529679131997,-0.010973404804856254,0.014001970493952
0.1125,0.0625,-0.08134278894423466,-0.010854603402036186,0.013985479992960003
0.1125,0.07500000000000001,-0.08120028109714936,-0.010735801999216118,0.013968989491967999
0.1125,0.08750000000000001,-0.08105777325006405,-0.010617000596396052,0.013952498990976002
0.1125,0.1,-0.08091526540297873,-0.010498199193575987,0.013936008489984001
0.1125,0.1125,-0.08077275755589343,-0.010379397790755918,0.013919517988991997
0.1125,0.125,-0.08063024970880812,-0.01026059638793585,0.013903027488
0.1125,0.1375,-0.08048774186172283,-0.010141794985115783,0.013886536987008001
0.1125,0.15000000000000002,-0.08034523401463753,-0.010022993582295716,0.013870046486015999
0.1125,0.1625,-0.08020272616755221,-0.009904192179475649,0.013853555985024002
0.1125,0.17500000000000002,-0.08006021832046693,-0.009785390776655582,0.013837065484032001
0.1125,0.1875,-0.0799177104733816,-0.009666589373835514,0.013820574983039997
0.1125,0.2,-0.07977520262629631,-0.009547787971015449,0.013804084482048002
0.1125,0.21250000000000002,-0.079632694779211,-0.00942898656819538,0.013787593981056
0.1125,0.225,-0.07949018693212569,-0.009310185165375313,0.013771103480064
0.1125,0.23750000000000002,-0.07934767908504041,-0.009191383762555247,0.013754612979072
0.1125,0.25,-0.07920517123795509,-0.009072582359735178,0.01373812247808
0.1125,0.2625,-0.07906266339086979,-0.008953780956915111,0.013721631977087999
0.1125,0.275,-0.07892015554378448,-0.008834979554095044,0.013705141476095998
0.1125,0.28750000000000003,-0.07877764769669918,-0.008716178151274977,0.013688650975103998
0.1125,0.30000000000000004,-0.07863513984961386,-0.008597376748454911,0.013672160474112
0.1125,0.3125,-0.07849263200252855,-0.008478575345634842,0.013655669973119997
0.1125,0.325,-0.07835012415544325,-0.008359773942814775,0.013639179472128003
0.1125,0.3375,-0.07820761630835796,-0.00824097253999471,0.013622688971135999
0.1125,0.35000000000000003,-0.07806510846127263,-0.008122171137174642,0.013606198470143997
0.1125,0.36250000000000004,-0.07792260061418735,-0.008003369734354575,0.013589707969152001
0.1125,0.375,-0.07778009276710202,-0.007884568331534508,0.01357321746816
0.1125,0.3875,-0.07763758492001674,-0.007765766928714441,0.013556726967168
0.1125,0.4,-0.0774950770729314,-0.0076469655258943735,0.013540236466176
0.1125,0.41250000000000003,-0.07735256922584613,-0.007528164123074305,0.013523745965183999
0.1125,0.42500000000000004,-0.07721006137876081,-0.007409362720254238,0.013507255464191998
0.1125,0.4375,-0.0770675535316755,-0.007290561317434171,0.013490764963200001
0.1125,0.45,-0.07692504568459019,-0.007171759914614105,0.013474274462207997
0.1125,0.4625,-0.0767825378375049,-0.0070529585117940375,0.013457783961216
0.1125,0.47500000000000003,-0.07664002999041959,-0.006934157108973969,0.013441293460224
0.1125,0.48750000000000004,-0.07649752214333429,-0.006815355706153902,0.013424802959232002
0.1125,0.5,-0.07635501429624897,-0.006696554303333836,0.013408312458239998
0.1125,0.5125000000000001,-0.07621250644916368,-0.006577752900513769,0.013391821957248001
0.1125,0.525,-0.07606999860207836,-0.0064589514976937015,0.013375331456256
0.1125,0.5375,-0.07592749075499305,-0.006340150094873636,0.013358840955264
0.1125,0.55,-0.07578498290790775,-0.006221348692053567,0.013342350454272001
0.1125,0.5625,-0.07564247506082244,-0.0061025472892335016,0.01332585995328
0.1125,0.5750000000000001,-0.07549996721373714,-0.005983745886413433,0.013309369452288
0.1125,0.5875,-0.07535745936665182,-0.005864944483593366,0.013292878951296
0.1125,0.6000000000000001,-0.07521495151956653,-0.005746143080773298,0.013276388450303999
0.1125,0.6125,-0.07507244367248121,-0.005627341677953232,0.013259897949311998
0.1125,0.625,-0.07492993582539592,-0.005508540275133164,0.01324340744832
0.1125,0.6375000000000001,-0.0747874279783106,-0.005389738872313097,0.013226916947327999
0.1125,0.65,-0.07464492013122531,-0.00527093746949303,0.013210426446336
0.1125,0.6625000000000001,-0.07450241228414001,-0.005152136066672962,0.013193935945343998
0.1125,0.675,-0.07435990443705469,-0.005033334663852896,0.013177445444351999
0.1125,0.6875,-0.0742173965899694,-0.0049145332610328295,0.013160954943359999
0.1125,0.7000000000000001,-0.07407488874288408,-0.004795731858212761,0.013144464442368
0.1125,0.7125,-0.07393238089579879,-0.004676930455392695,0.013127973941375997
0.1125,0.7250000000000001,-0.0737898730487135,-0.004558129052572627,0.013111483440384
0.1125,0.7375,-0.07364736520162816,-0.004439327649752561,0.013094992939391998
0.1125,0.75,-0.07350485735454287,-0.004320526246932493,0.013078502438400003
0.1125,0.7625000000000001,-0.07336234950745756,-0.004201724844112425,0.013062011937407999
0.1125,0.775,-0.07321984166037226,-0.004082923441292359,0.013045521436416
0.1125,0.7875000000000001,-0.07307733381328695,-0.003964122038472292,0.013029030935424001
0.1125,0.8,-0.07293482596620163,-0.0038453206356522246,0.013012540434431997
0.1125,0.8125,-0.07279231811911635,-0.003726519232832158,0.012996049933440001
0.1125,0.8250000000000001,-0.07264981027203103,-0.00360771783001209,0.012979559432448
0.1125,0.8375,-0.07250730242494573,-0.0034889164271920234,0.012963068931455999
0.1125,0.8500000000000001,-0.07236479457786042,-0.0033701150243719558,0.012946578430464
0.1125,0.8625,-0.07222228673077512,-0.0032513136215518885,0.012930087929472001
0.1125,0.875,-0.0720797788836898,-0.003132512218731822,0.012913597428479997
0.1125,0.8875000000000001,-0.0719372710366045,-0.003013710815911754,0.012897106927488002
0.1125,0.9,-0.07179476318951919,-0.0028949094130916874,0.012880616426496
0.1125,0.9125000000000001,-0.0716522553424339,-0.0027761080102716197,0.012864125925504002
0.1125,0.925,-0.07150974749534861,-0.002657306607451553,0.012847635424512
0.1125,0.9375,-0.07136723964826329,-0.002538505204631486,0.012831144923520001
0.1125,0.9500000000000001,-0.07122473180117797,-0.0024197038018114185,0.012814654422527999
0.1125,0.9625,-0.07108222395409267,-0.0023009023989913517,0.012798163921536
0.1125,0.9750000000000001,-0.07093971610700736,-0.0021821009961712837,0.012781673420544
0.1125,0.9875,-0.07079720825992206,-0.0020632995933512178,0.012765182919552
0.1125,1.0,-0.07065470041283677,-0.0019444981905311508,0.01274869241856
0.125,0.0,-0.08349826009997094,-0.01272067824015169,0.014222438092799999
0.125,0.0125,-0.08334053686220505,-0.012588676681462727,0.014204115313920001
0.125,0.025,-0.0831828136244391,-0.012456675122773762,0.014185792535039998
0.125,0.037500000000000006,-0.08302509038667319,-0.012324673564084798,0.01416746975616
0.125,0.05,-0.08286736714890729,-0.012192672005395835,0.014149146977280001
0.125,0.0625,-0.08270964391114137,-0.01206067044670687,0.0141308241984
0.125,0.07500000000000001,-0.08255192067337544,-0.011928668888017907,0.014112501419520002
0.125,0.08750000000000001,-0.08239419743560952,-0.011796667329328945,0.014094178640640002
0.125,0.1,-0.0822364741978436,-0.011664665770639982,0.01407585586176
0.125,0.1125,-0.08207875096007769,-0.011532664211951016,0.014057533082880002
0.125,0.125,-0.08192102772231177,-0.011400662653262054,0.014039210303999999
0.125,0.1375,-0.08176330448454586,-0.011268661094573092,0.014020887525119997
0.125,0.15000000000000002,-0.08160558124677993,-0.011136659535884125,0.014002564746239999
0.125,0.1625,-0.08144785800901402,-0.011004657977195163,0.013984241967359999
0.125,0.17500000000000002,-0.08129013477124812,-0.010872656418506198,0.013965919188479997
0.125,0.1875,-0.08113241153348218,-0.010740654859817237,0.0139475964096
0.125,0.2,-0.08097468829571625,-0.010608653301128272,0.01392927363072
0.125,0.21250000000000002,-0.08081696505795034,-0.010476651742439311,0.013910950851839998
0.125,0.225,-0.08065924182018443,-0.010344650183750347,0.01389262807296
0.125,0.23750000000000002,-0.08050151858241852,-0.010212648625061382,0.013874305294079998
0.125,0.25,-0.0803437953446526,-0.010080647066372418,0.013855982515200002
0.125,0.2625,-0.08018607210688669,-0.009948645507683457,0.01383765973632
0.125,0.275,-0.08002834886912075,-0.009816643948994492,0.013819336957439999
0.125,0.28750000000000003,-0.07987062563135484,-0.009684642390305528,0.01380101417856
0.125,0.30000000000000004,-0.07971290239358894,-0.009552640831616567,0.01378269139968
0.125,0.3125,-0.079555179155823,-0.009420639272927602,0.013764368620799997
0.125,0.325,-0.0793974559180571,-0.00928863771423864,0.01374604584192
0.125,0.3375,-0.07923973268029118,-0.009156636155549675,0.013727723063039998
0.125,0.35000000000000003,-0.07908200944252525,-0.00902463459686071,0.01370940028416
0.125,0.36250000000000004,-0.07892428620475932,-0.00889263303817175,0.013691077505280001
0.125,0.375,-0.07876656296699343,-0.008760631479482783,0.013672754726400001
0.125,0.3875,-0.07860883972922753,-0.008628629920793822,0.013654431947520003
0.125,0.4,-0.07845111649146157,-0.008496628362104859,0.013636109168640002
0.125,0.41250000000000003,-0.07829339325369568,-0.008364626803415893,0.013617786389759998
0.125,0.42500000000000004,-0.07813567001592975,-0.00823262524472693,0.01359946361088
0.125,0.4375,-0.07797794677816383,-0.008100623686037967,0.013581140831999999
0.125,0.45,-0.07782022354039791,-0.007968622127349004,0.013562818053119999
0.125,0.4625,-0.077662500302632,-0.007836620568660038,0.01354449527424
0.125,0.47500000000000003,-0.07750477706486607,-0.007704619009971077,0.013526172495359999
0.125,0.48750000000000004,-0.07734705382710015,-0.007572617451282113,0.013507849716480001
0.125,0.5,-0.07718933058933425,-0.007440615892593149,0.013489526937599998
0.125,0.5125000000000001,-0.07703160735156832,-0.007308614333904185,0.013471204158719996
0.125,0.525,-0.07687388411380242,-0.007176612775215223,0.013452881379840001
0.125,0.5375,-0.0767161608760365,-0.0070446112165262606,0.01343455860096
0.125,0.55,-0.07655843763827057,-0.006912609657837295,0.01341623582208
0.125,0.5625,-0.07640071440050465,-0.006780608099148332,0.013397913043200002
0.125,0.5750000000000001,-0.07624299116273874,-0.006648606540459369,0.01337959026432
0.125,0.5875,-0.07608526792497283,-0.006516604981770407,0.01336126748544
0.125,0.6000000000000001,-0.07592754468720689,-0.006384603423081441,0.013342944706559999
0.125,0.6125,-0.07576982144944097,-0.006252601864392478,0.013324621927679999
0.125,0.625,-0.07561209821167507,-0.006120600305703515,0.013306299148799999
0.125,0.6375000000000001,-0.07545437497390915,-0.005988598747014551,0.013287976369919999
0.125,0.65,-0.07529665173614322,-0.005856597188325589,0.013269653591039998
0.125,0.6625000000000001,-0.07513892849837733,-0.005724595629636624,0.01325133081216
0.125,0.675,-0.07498120526061142,-0.005592594070947662,0.013233008033280003
0.125,0.6875,-0.07482348202284547,-0.0054605925122586975,0.013214685254400003
0.125,0.7000000000000001,-0.07466575878507957,-0.005328590953569734,0.01319636247552
0.125,0.7125,-0.07450803554731365,-0.00519658939488077,0.01317803969664
0.125,0.7250000000000001,-0.07435031230954772,-0.0050645878361918065,0.01315971691776
0.125,0.7375,-0.0741925890717818,-0.004932586277502845,0.01314139413888
0.125,0.75,-0.07403486583401592,-0.004800584718813881,0.01312307136
0.125,0.7625000000000001,-0.07387714259624996,-0.004668583160124917,0.01310474858112
0.125,0.775,-0.07371941935848404,-0.004536581601435954,0.01308642580224
0.125,0.7875000000000001,-0.07356169612071814,-0.004404580042746989,0.013068103023359997
0.125,0.8,-0.07340397288295222,-0.004272578484058026,0.013049780244479997
0.125,0.8125,-0.0732462496451863,-0.004140576925369063,0.013031457465599998
0.125,0.8250000000000001,-0.07308852640742039,-0.004008575366680099,0.01301313468672
0.125,0.8375,-0.07293080316965449,-0.0038765738079911366,0.012994811907840001
0.125,0.8500000000000001,-0.07277307993188854,-0.0037445722493021725,0.012976489128960001
0.125,0.8625,-0.07261535669412264,-0.003612570690613209,0.012958166350080002
0.125,0.875,-0.07245763345635672,-0.0034805691319242465,0.0129398435712
0.125,0.8875000000000001,-0.07229991021859078,-0.003348567573235282,0.012921520792319998
0.125,0.9,-0.07214218698082489,-0.003216566014546319,0.012903198013439999
0.125,0.9125000000000001,-0.07198446374305896,-0.0030845644558573546,0.012884875234559999
0.125,0.925,-0.07182674050529304,-0.0029525628971683914,0.012866552455679999
0.125,0.9375,-0.07166901726752711,-0.0028205613384794286,0.012848229676799999
0.125,0.9500000000000001,-0.07151129402976122,-0.002688559779790465,0.012829906897919999
0.125,0.9625,-0.0713535707919953,-0.0025565582211015013,0.01281158411904
0.125,0.9750000000000001,-0.07119584755422936,-0.002424556662412537,0.012793261340159998
0.125,0.9875,-0.07103812431646347,-0.002292555103723575,0.012774938561280001
0.125,1.0,-0.07088040107869756,-0.0021605535450346116,0.0127566157824
0.1375,0.0,-0.08494119202028072,-0.01399274606416686,0.01437694368768
0.1375,0.0125,-0.08476825339183418,-0.013847544349609,0.014356788630912
0.1375,0.025,-0.08459531476338765,-0.013702342635051138,0.014336633574143996
0.1375,0.037500000000000006,-0.08442237613494111,-0.01355714092049328,0.014316478517376
0.1375,0.05,-0.08424943750649459,-0.013411939205935421,0.014296323460608
0.1375,0.0625,-0.08407649887804805,-0.01326673749137756,0.014276168403839998
0.1375,0.07500000000000001,-0.08390356024960152,-0.013121535776819699,0.014256013347072
0.1375,0.08750000000000001,-0.083730621621155,-0.01297633406226184,0.014235858290303998
0.1375,0.1,-0.08355768299270848,-0.012831132347703982,0.014215703233536003
0.1375,0.1125,-0.08338474436426194,-0.01268593063314612,0.014195548176767998
0.1375,0.125,-0.08321180573581541,-0.01254072891858826,0.014175393119999997
0.1375,0.1375,-0.08303886710736888,-0.012395527204030402,0.014155238063232002
0.1375,0.15000000000000002,-0.08286592847892235,-0.01225032548947254,0.014135083006463997
0.1375,0.1625,-0.08269298985047582,-0.012105123774914683,0.014114927949696
0.1375,0.17500000000000002,-0.0825200512220293,-0.01195992206035682,0.014094772892928
0.1375,0.1875,-0.08234711259358274,-0.011814720345798961,0.014074617836159996
0.1375,0.2,-0.08217417396513624,-0.011669518631241101,0.014054462779391999
0.1375,0.21250000000000002,-0.0820012353366897,-0.011524316916683241,0.014034307722624
0.1375,0.225,-0.08182829670824315,-0.011379115202125381,0.014014152665856002
0.1375,0.23750000000000002,-0.08165535807979665,-0.011233913487567523,0.013993997609087998
0.1375,0.25,-0.08148241945135011,-0.01108871177300966,0.013973842552319999
0.1375,0.2625,-0.0813094808229036,-0.010943510058451804,0.013953687495552002
0.1375,0.275,-0.08113654219445705,-0.010798308343893944,0.013933532438783999
0.1375,0.28750000000000003,-0.08096360356601053,-0.010653106629336084,0.013913377382016002
0.1375,0.30000000000000004,-0.08079066493756401,-0.010507904914778224,0.013893222325248
0.1375,0.3125,-0.08061772630911745,-0.010362703200220364,0.013873067268479998
0.1375,0.325,-0.08044478768067093,-0.010217501485662504,0.013852912211712
0.1375,0.3375,-0.08027184905222443,-0.010072299771104645,0.013832757154944
0.1375,0.35000000000000003,-0.08009891042377787,-0.009927098056546783,0.013812602098176
0.1375,0.36250000000000004,-0.07992597179533133,-0.009781896341988923,0.013792447041408
0.1375,0.375,-0.07975303316688481,-0.009636694627431065,0.013772291984639997
0.1375,0.3875,-0.07958009453843828,-0.009491492912873203,0.013752136927872
0.1375,0.4,-0.07940715590999176,-0.009346291198315343,0.013731981871103999
0.1375,0.41250000000000003,-0.07923421728154521,-0.009201089483757483,0.013711826814336
0.1375,0.42500000000000004,-0.07906127865309868,-0.009055887769199626,0.013691671757567999
0.1375,0.4375,-0.07888834002465217,-0.008910686054641766,0.013671516700799998
0.1375,0.45,-0.07871540139620563,-0.008765484340083908,0.013651361644032002
0.1375,0.4625,-0.0785424627677591,-0.008620282625526046,0.013631206587264001
0.1375,0.47500000000000003,-0.07836952413931259,-0.008475080910968184,0.013611051530495999
0.1375,0.48750000000000004,-0.07819658551086606,-0.008329879196410324,0.013590896473728001
0.1375,0.5,-0.07802364688241953,-0.008184677481852465,0.01357074141696
0.1375,0.5125000000000001,-0.07785070825397299,-0.008039475767294605,0.013550586360191998
0.1375,0.525,-0.07767776962552646,-0.007894274052736745,0.013530431303424
0.1375,0.5375,-0.07750483099707994,-0.007749072338178888,0.013510276246656001
0.1375,0.55,-0.0773318923686334,-0.007603870623621026,0.013490121189887997
0.1375,0.5625,-0.07715895374018687,-0.0074586689090631675,0.01346996613312
0.1375,0.5750000000000001,-0.07698601511174034,-0.007313467194505306,0.013449811076352
0.1375,0.5875,-0.0768130764832938,-0.007168265479947447,0.013429656019583996
0.1375,0.6000000000000001,-0.07664013785484727,-0.007023063765389586,0.013409500962816
0.1375,0.6125,-0.07646719922640076,-0.006877862050831728,0.013389345906048
0.1375,0.625,-0.07629426059795422,-0.006732660336273868,0.013369190849280002
0.1375,0.6375000000000001,-0.07612132196950769,-0.006587458621716008,0.013349035792512
0.1375,0.65,-0.07594838334106116,-0.006442256907158148,0.013328880735743998
0.1375,0.6625000000000001,-0.07577544471261463,-0.0062970551926002875,0.013308725678976003
0.1375,0.675,-0.07560250608416809,-0.006151853478042428,0.013288570622207998
0.1375,0.6875,-0.07542956745572155,-0.006006651763484569,0.013268415565439999
0.1375,0.7000000000000001,-0.07525662882727505,-0.005861450048926709,0.013248260508672002
0.1375,0.7125,-0.07508369019882852,-0.005716248334368848,0.013228105451903997
0.1375,0.7250000000000001,-0.07491075157038199,-0.005571046619810989,0.013207950395135998
0.1375,0.7375,-0.07473781294193546,-0.005425844905253129,0.013187795338368
0.1375,0.75,-0.07456487431348893,-0.005280643190695269,0.013167640281599998
0.1375,0.7625000000000001,-0.0743919356850424,-0.00513544147613741,0.013147485224831999
0.1375,0.775,-0.07421899705659586,-0.00499023976157955,0.013127330168064
0.1375,0.7875000000000001,-0.07404605842814932,-0.004845038047021689,0.013107175111295997
0.1375,0.8,-0.07387311979970282,-0.00469983633246383,0.013087020054528001
0.1375,0.8125,-0.07370018117125628,-0.0045546346179059696,0.01306686499776
0.1375,0.8250000000000001,-0.07352724254280973,-0.004409432903348109,0.013046709940991998
0.1375,0.8375,-0.0733543039143632,-0.004264231188790251,0.013026554884224
0.1375,0.8500000000000001,-0.07318136528591668,-0.00411902947423239,0.013006399827456
0.1375,0.8625,-0.07300842665747015,-0.003973827759674531,0.012986244770688
0.1375,0.875,-0.07283548802902362,-0.0038286260451166707,0.01296608971392
0.1375,0.8875000000000001,-0.0726625494005771,-0.0036834243305588106,0.012945934657152
0.1375,0.9,-0.07248961077213058,-0.003538222616000952,0.012925779600384
0.1375,0.9125000000000001,-0.07231667214368404,-0.0033930209014430904,0.012905624543615999
0.1375,0.925,-0.07214373351523751,-0.003247819186885231,0.012885469486848
0.1375,0.9375,-0.07197079488679098,-0.0031026174723273727,0.01286531443008
0.1375,0.9500000000000001,-0.07179785625834445,-0.0029574157577695118,0.012845159373312
0.1375,0.9625,-0.07162491762989791,-0.002812214043211652,0.012825004316543999
0.1375,0.9750000000000001,-0.07145197900145138,-0.002667012328653791,0.012804849259776
0.1375,0.9875,-0.07127904037300486,-0.0025218106140959327,0.012784694203007999
0.1375,1.0,-0.07110610174455834,-0.002376608899538073,0.01276453914624
0.15000000000000002,0.0,-0.08638412394059047,-0.01526481388818203,0.014531449282560002
0.15000000000000002,0.0125,-0.08619596992146332,-0.015106412017755274,0.014509461947904
0.15000000000000002,0.025,-0.08600781590233617,-0.014948010147328519,0.014487474613247998
0.15000000000000002,0.037500000000000006,-0.08581966188320904,-0.01478960827690176,0.014465487278592
0.15000000000000002,0.05,-0.0856315078640819,-0.014631206406475004,0.014443499943935997
0.15000000000000002,0.0625,-0.08544335384495476,-0.01447280453604825,0.014421512609280002
0.15000000000000002,0.07500000000000001,-0.08525519982582762,-0.014314402665621492,0.014399525274624
0.15000000000000002,0.08750000000000001,-0.08506704580670048,-0.014156000795194735,0.014377537939968002
0.15000000000000002,0.1,-0.08487889178757332,-0.01399759892476798,0.014355550605312
0.15000000000000002,0.1125,-0.08469073776844618,-0.013839197054341222,0.014333563270655998
0.15000000000000002,0.125,-0.08450258374931904,-0.01368079518391447,0.014311575936
0.15000000000000002,0.1375,-0.0843144297301919,-0.013522393313487712,0.014289588601343998
0.15000000000000002,0.15000000000000002,-0.08412627571106475,-0.013363991443060955,0.014267601266688001
0.15000000000000002,0.1625,-0.08393812169193762,-0.013205589572634199,0.014245613932032001
0.15000000000000002,0.17500000000000002,-0.08374996767281047,-0.013047187702207442,0.014223626597376
0.15000000000000002,0.1875,-0.08356181365368333,-0.012888785831780684,0.014201639262719997
0.15000000000000002,0.2,-0.0833736596345562,-0.012730383961353932,0.014179651928064
0.15000000000000002,0.21250000000000002,-0.08318550561542906,-0.012571982090927174,0.014157664593408
0.15000000000000002,0.225,-0.0829973515963019,-0.012413580220500419,0.014135677258751998
0.15000000000000002,0.23750000000000002,-0.08280919757717478,-0.012255178350073661,0.014113689924096002
0.15000000000000002,0.25,-0.08262104355804761,-0.012096776479646904,0.01409170258944
0.15000000000000002,0.2625,-0.0824328895389205,-0.01193837460922015,0.014069715254783998
0.15000000000000002,0.275,-0.08224473551979336,-0.011779972738793392,0.014047727920128
0.15000000000000002,0.28750000000000003,-0.08205658150066622,-0.011621570868366637,0.014025740585472
0.15000000000000002,0.30000000000000004,-0.08186842748153907,-0.011463168997939883,0.014003753250815999
0.15000000000000002,0.3125,-0.08168027346241194,-0.011304767127513125,0.01398176591616
0.15000000000000002,0.325,-0.08149211944328479,-0.011146365257086368,0.013959778581504002
0.15000000000000002,0.3375,-0.08130396542415763,-0.010987963386659612,0.013937791246847997
0.15000000000000002,0.35000000000000003,-0.08111581140503049,-0.010829561516232857,0.013915803912191998
0.15000000000000002,0.36250000000000004,-0.08092765738590335,-0.010671159645806099,0.013893816577536
0.15000000000000002,0.375,-0.0807395033667762,-0.010512757775379343,0.013871829242880001
0.15000000000000002,0.3875,-0.08055134934764907,-0.01035435590495259,0.013849841908224
0.15000000000000002,0.4,-0.08036319532852192,-0.010195954034525832,0.013827854573568001
0.15000000000000002,0.41250000000000003,-0.08017504130939479,-0.010037552164099073,0.013805867238912002
0.15000000000000002,0.42500000000000004,-0.07998688729026765,-0.009879150293672319,0.013783879904255997
0.15000000000000002,0.4375,-0.07979873327114051,-0.009720748423245563,0.013761892569599999
0.15000000000000002,0.45,-0.07961057925201336,-0.00956234655281881,0.013739905234944
0.15000000000000002,0.4625,-0.07942242523288623,-0.00940394468239205,0.013717917900288002
0.15000000000000002,0.47500000000000003,-0.07923427121375906,-0.009245542811965293,0.013695930565632
0.15000000000000002,0.48750000000000004,-0.07904611719463192,-0.009087140941538537,0.013673943230976
0.15000000000000002,0.5,-0.07885796317550478,-0.008928739071111781,0.01365195589632
0.15000000000000002,0.5125000000000001,-0.07866980915637765,-0.008770337200685024,0.013629968561663998
0.15000000000000002,0.525,-0.0784816551372505,-0.00861193533025827,0.013607981227008
0.15000000000000002,0.5375,-0.07829350111812336,-0.008453533459831514,0.013585993892351999
0.15000000000000002,0.55,-0.07810534709899622,-0.008295131589404755,0.013564006557696
0.15000000000000002,0.5625,-0.07791719307986908,-0.008136729718978001,0.013542019223039999
0.15000000000000002,0.5750000000000001,-0.07772903906074194,-0.007978327848551245,0.013520031888384004
0.15000000000000002,0.5875,-0.0775408850416148,-0.007819925978124488,0.013498044553727998
0.15000000000000002,0.6000000000000001,-0.07735273102248764,-0.00766152410769773,0.013476057219071996
0.15000000000000002,0.6125,-0.0771645770033605,-0.0075031222372709755,0.013454069884416001
0.15000000000000002,0.625,-0.07697642298423338,-0.00734472036684422,0.01343208254976
0.15000000000000002,0.6375000000000001,-0.07678826896510624,-0.007186318496417464,0.013410095215104001
0.15000000000000002,0.65,-0.0766001149459791,-0.007027916625990707,0.013388107880447999
0.15000000000000002,0.6625000000000001,-0.07641196092685196,-0.006869514755563951,0.013366120545792
0.15000000000000002,0.675,-0.07622380690772482,-0.006711112885137195,0.013344133211135999
0.15000000000000002,0.6875,-0.07603565288859766,-0.00655271101471044,0.013322145876479998
0.15000000000000002,0.7000000000000001,-0.07584749886947052,-0.006394309144283683,0.013300158541824002
0.15000000000000002,0.7125,-0.07565934485034337,-0.006235907273856927,0.013278171207168002
0.15000000000000002,0.7250000000000001,-0.07547119083121623,-0.00607750540343017,0.013256183872512001
0.15000000000000002,0.7375,-0.0752830368120891,-0.005919103533003414,0.013234196537856
0.15000000000000002,0.75,-0.07509488279296195,-0.0057607016625766585,0.0132122092032
0.15000000000000002,0.7625000000000001,-0.07490672877383481,-0.005602299792149901,0.013190221868543999
0.15000000000000002,0.775,-0.07471857475470767,-0.005443897921723146,0.013168234533887999
0.15000000000000002,0.7875000000000001,-0.07453042073558053,-0.005285496051296388,0.013146247199232
0.15000000000000002,0.8,-0.07434226671645339,-0.005127094180869634,0.013124259864576
0.15000000000000002,0.8125,-0.07415411269732625,-0.004968692310442877,0.01310227252992
0.15000000000000002,0.8250000000000001,-0.0739659586781991,-0.004810290440016119,0.013080285195263998
0.15000000000000002,0.8375,-0.07377780465907195,-0.004651888569589365,0.013058297860607998
0.15000000000000002,0.8500000000000001,-0.07358965063994483,-0.004493486699162608,0.013036310525951998
0.15000000000000002,0.8625,-0.07340149662081769,-0.004335084828735852,0.013014323191295998
0.15000000000000002,0.875,-0.07321334260169055,-0.004176682958309096,0.012992335856640001
0.15000000000000002,0.8875000000000001,-0.07302518858256339,-0.004018281087882339,0.012970348521984
0.15000000000000002,0.9,-0.07283703456343625,-0.003859879217455584,0.012948361187327997
0.15000000000000002,0.9125000000000001,-0.07264888054430911,-0.003701477347028827,0.012926373852672
0.15000000000000002,0.925,-0.07246072652518196,-0.0035430754766020713,0.012904386518015998
0.15000000000000002,0.9375,-0.07227257250605482,-0.0033846736061753156,0.012882399183359998
0.15000000000000002,0.9500000000000001,-0.07208441848692768,-0.0032262717357485586,0.012860411848704002
0.15000000000000002,0.9625,-0.07189626446780054,-0.0030678698653218025,0.012838424514048001
0.15000000000000002,0.9750000000000001,-0.07170811044867341,-0.0029094679948950455,0.012816437179392001
0.15000000000000002,0.9875,-0.07151995642954626,-0.0027510661244682906,0.012794449844736
0.15000000000000002,1.0,-0.07133180241041912,-0.0025926642540415345,0.01277246251008
0.1625,0.0,-0.08782705586090023,-0.016536881712197193,0.014685954877440002
0.1625,0.0125,-0.08762368645109246,-0.016365279685901544,0.014662135264895999
0.1625,0.025,-0.08742031704128471,-0.01619367765960589,0.014638315652352
0.1625,0.037500000000000006,-0.08721694763147696,-0.01602207563331024,0.014614496039808002
0.1625,0.05,-0.08701357822166922,-0.015850473607014585,0.014590676427263999
0.1625,0.0625,-0.08681020881186145,-0.015678871580718935,0.014566856814719998
0.1625,0.07500000000000001,-0.08660683940205369,-0.015507269554423282,0.014543037202175998
0.1625,0.08750000000000001,-0.08640346999224595,-0.015335667528127631,0.014519217589631999
0.1625,0.1,-0.08620010058243818,-0.015164065501831978,0.014495397977087997
0.1625,0.1125,-0.08599673117263044,-0.014992463475536323,0.014471578364544
0.1625,0.125,-0.08579336176282268,-0.014820861449240672,0.014447758751999999
0.1625,0.1375,-0.08558999235301495,-0.014649259422945019,0.014423939139455999
0.1625,0.15000000000000002,-0.08538662294320717,-0.014477657396649368,0.014400119526912
0.1625,0.1625,-0.08518325353339942,-0.014306055370353715,0.014376299914368002
0.1625,0.17500000000000002,-0.08497988412359166,-0.01413445334405806,0.014352480301823999
0.1625,0.1875,-0.08477651471378392,-0.013962851317762408,0.014328660689280003
0.1625,0.2,-0.08457314530397618,-0.013791249291466757,0.014304841076736
0.1625,0.21250000000000002,-0.0843697758941684,-0.0136196472651711,0.014281021464191999
0.1625,0.225,-0.08416640648436063,-0.013448045238875451,0.014257201851648
0.1625,0.23750000000000002,-0.08396303707455291,-0.013276443212579796,0.014233382239104
0.1625,0.25,-0.08375966766474514,-0.013104841186284143,0.014209562626559999
0.1625,0.2625,-0.08355629825493739,-0.012933239159988496,0.014185743014016003
0.1625,0.275,-0.08335292884512963,-0.01276163713369284,0.014161923401472
0.1625,0.28750000000000003,-0.0831495594353219,-0.012590035107397188,0.014138103788927998
0.1625,0.30000000000000004,-0.08294619002551412,-0.012418433081101535,0.014114284176384002
0.1625,0.3125,-0.08274282061570636,-0.012246831054805883,0.01409046456384
0.1625,0.325,-0.08253945120589863,-0.01207522902851023,0.014066644951295998
0.1625,0.3375,-0.08233608179609085,-0.011903627002214577,0.014042825338751999
0.1625,0.35000000000000003,-0.0821327123862831,-0.011732024975918924,0.014019005726208
0.1625,0.36250000000000004,-0.08192934297647535,-0.011560422949623273,0.013995186113663998
0.1625,0.375,-0.08172597356666761,-0.01138882092332762,0.01397136650112
0.1625,0.3875,-0.08152260415685986,-0.01121721889703197,0.013947546888576
0.1625,0.4,-0.08131923474705208,-0.011045616870736316,0.013923727276032
0.1625,0.41250000000000003,-0.08111586533724434,-0.01087401484444066,0.013899907663488
0.1625,0.42500000000000004,-0.0809124959274366,-0.010702412818145011,0.013876088050944002
0.1625,0.4375,-0.08070912651762882,-0.010530810791849358,0.0138522684384
0.1625,0.45,-0.08050575710782108,-0.010359208765553705,0.013828448825856004
0.1625,0.4625,-0.08030238769801332,-0.010187606739258054,0.013804629213311999
0.1625,0.47500000000000003,-0.08009901828820556,-0.0100160047129624,0.013780809600768
0.1625,0.48750000000000004,-0.07989564887839781,-0.009844402686666746,0.013756989988224
0.1625,0.5,-0.07969227946859007,-0.009672800660371097,0.013733170375679999
0.1625,0.5125000000000001,-0.07948891005878231,-0.009501198634075442,0.013709350763136
0.1625,0.525,-0.07928554064897456,-0.009329596607779793,0.013685531150592
0.1625,0.5375,-0.0790821712391668,-0.00915799458148414,0.013661711538048
0.1625,0.55,-0.07887880182935905,-0.008986392555188483,0.013637891925503999
0.1625,0.5625,-0.0786754324195513,-0.008814790528892835,0.013614072312960003
0.1625,0.5750000000000001,-0.07847206300974353,-0.008643188502597179,0.013590252700415997
0.1625,0.5875,-0.0782686935999358,-0.008471586476301527,0.013566433087871999
0.1625,0.6000000000000001,-0.07806532419012802,-0.008299984450005874,0.013542613475328
0.1625,0.6125,-0.07786195478032028,-0.008128382423710223,0.013518793862784
0.1625,0.625,-0.07765858537051254,-0.00795678039741457,0.013494974250239997
0.1625,0.6375000000000001,-0.07745521596070477,-0.007785178371118917,0.013471154637696001
0.1625,0.65,-0.07725184655089701,-0.007613576344823266,0.013447335025152
0.1625,0.6625000000000001,-0.07704847714108927,-0.007441974318527612,0.013423515412608
0.1625,0.675,-0.07684510773128153,-0.00727037229223196,0.013399695800064
0.1625,0.6875,-0.07664173832147374,-0.0070987702659363085,0.013375876187520001
0.1625,0.7000000000000001,-0.07643836891166599,-0.006927168239640655,0.013352056574976
0.1625,0.7125,-0.07623499950185825,-0.006755566213345002,0.013328236962431999
0.1625,0.7250000000000001,-0.07603163009205048,-0.00658396418704935,0.013304417349888
0.1625,0.7375,-0.07582826068224272,-0.006412362160753698,0.013280597737343998
0.1625,0.75,-0.07562489127243499,-0.006240760134458045,0.0132567781248
0.1625,0.7625000000000001,-0.07542152186262724,-0.006069158108162392,0.013232958512256
0.1625,0.775,-0.07521815245281946,-0.005897556081866741,0.013209138899712
0.1625,0.7875000000000001,-0.0750147830430117,-0.005725954055571086,0.013185319287168002
0.1625,0.8,-0.07481141363320398,-0.005554352029275435,0.013161499674624001
0.1625,0.8125,-0.07460804422339622,-0.005382750002979783,0.01313768006208
0.1625,0.8250000000000001,-0.07440467481358845,-0.00521114797668413,0.013113860449536002
0.1625,0.8375,-0.0742013054037807,-0.005039545950388477,0.013090040836992
0.1625,0.8500000000000001,-0.07399793599397293,-0.004867943924092824,0.013066221224447998
0.1625,0.8625,-0.0737945665841652,-0.004696341897797172,0.013042401611904
0.1625,0.875,-0.07359119717435744,-0.004524739871501521,0.013018581999359999
0.1625,0.8875000000000001,-0.07338782776454969,-0.004353137845205867,0.012994762386815998
0.1625,0.9,-0.07318445835474194,-0.004181535818910215,0.012970942774272002
0.1625,0.9125000000000001,-0.07298108894493419,-0.004009933792614562,0.012947123161728
0.1625,0.925,-0.07277771953512643,-0.0038383317663189098,0.012923303549184
0.1625,0.9375,-0.07257435012531868,-0.003666729740023258,0.012899483936640001
0.1625,0.9500000000000001,-0.07237098071551092,-0.0034951277137276046,0.012875664324096002
0.1625,0.9625,-0.07216761130570316,-0.0033235256874319524,0.012851844711552
0.1625,0.9750000000000001,-0.0719642418958954,-0.0031519236611362985,0.012828025099008
0.1625,0.9875,-0.07176087248608766,-0.0029803216348406473,0.012804205486464
0.1625,1.0,-0.07155750307627991,-0.002808719608544995,0.012780385873919999
0.17500000000000002,0.0,-0.08926998778121,-0.017808949536212364,0.014840460472320002
0.17500000000000002,0.0125,-0.08905140298072162,-0.01762414735404782,0.014814808581887998
0.17500000000000002,0.025,-0.08883281818023324,-0.017439345171883266,0.014789156691456
0.17500000000000002,0.037500000000000006,-0.08861423337974488,-0.01725454298971872,0.014763504801023997
0.17500000000000002,0.05,-0.08839564857925651,-0.01706974080755417,0.014737852910592
0.17500000000000002,0.0625,-0.08817706377876816,-0.016884938625389624,0.014712201020160002
0.17500000000000002,0.07500000000000001,-0.08795847897827978,-0.016700136443225072,0.014686549129728001
0.17500000000000002,0.08750000000000001,-0.08773989417779142,-0.016515334261060523,0.014660897239295995
0.17500000000000002,0.1,-0.08752130937730304,-0.016330532078895975,0.014635245348864
0.17500000000000002,0.1125,-0.08730272457681469,-0.016145729896731426,0.014609593458432
0.17500000000000002,0.125,-0.08708413977632631,-0.015960927714566878,0.014583941568
0.17500000000000002,0.1375,-0.08686555497583795,-0.015776125532402333,0.014558289677568
0.17500000000000002,0.15000000000000002,-0.08664697017534959,-0.015591323350237779,0.014532637787136002
0.17500000000000002,0.1625,-0.08642838537486122,-0.015406521168073232,0.014506985896704
0.17500000000000002,0.17500000000000002,-0.08620980057437286,-0.015221718985908681,0.014481334006271999
0.17500000000000002,0.1875,-0.0859912157738845,-0.015036916803744135,0.01445568211584
0.17500000000000002,0.2,-0.08577263097339613,-0.014852114621579584,0.014430030225408001
0.17500000000000002,0.21250000000000002,-0.08555404617290775,-0.014667312439415034,0.014404378334976
0.17500000000000002,0.225,-0.08533546137241937,-0.014482510257250487,0.014378726444543998
0.17500000000000002,0.23750000000000002,-0.08511687657193104,-0.014297708075085938,0.014353074554112
0.17500000000000002,0.25,-0.08489829177144265,-0.01411290589292139,0.01432742266368
0.17500000000000002,0.2625,-0.0846797069709543,-0.01392810371075684,0.014301770773248
0.17500000000000002,0.275,-0.08446112217046592,-0.013743301528592293,0.014276118882816
0.17500000000000002,0.28750000000000003,-0.08424253736997755,-0.01355849934642774,0.014250466992384001
0.17500000000000002,0.30000000000000004,-0.0840239525694892,-0.013373697164263192,0.014224815101951999
0.17500000000000002,0.3125,-0.08380536776900083,-0.013188894982098643,0.014199163211519998
0.17500000000000002,0.325,-0.08358678296851246,-0.013004092799934096,0.014173511321088
0.17500000000000002,0.3375,-0.08336819816802409,-0.012819290617769548,0.014147859430656
0.17500000000000002,0.35000000000000003,-0.08314961336753575,-0.012634488435604996,0.014122207540224
0.17500000000000002,0.36250000000000004,-0.08293102856704737,-0.01244968625344045,0.014096555649791998
0.17500000000000002,0.375,-0.082712443766559,-0.0122648840712759,0.014070903759359998
0.17500000000000002,0.3875,-0.08249385896607063,-0.012080081889111352,0.014045251868927999
0.17500000000000002,0.4,-0.08227527416558225,-0.011895279706946803,0.014019599978495998
0.17500000000000002,0.41250000000000003,-0.08205668936509392,-0.011710477524782251,0.013993948088064
0.17500000000000002,0.42500000000000004,-0.08183810456460552,-0.011525675342617704,0.013968296197632001
0.17500000000000002,0.4375,-0.08161951976411716,-0.011340873160453156,0.013942644307199997
0.17500000000000002,0.45,-0.0814009349636288,-0.011156070978288607,0.013916992416767998
0.17500000000000002,0.4625,-0.08118235016314043,-0.010971268796124057,0.013891340526336
0.17500000000000002,0.47500000000000003,-0.08096376536265207,-0.010786466613959508,0.013865688635903999
0.17500000000000002,0.48750000000000004,-0.0807451805621637,-0.01060166443179496,0.013840036745472
0.17500000000000002,0.5,-0.08052659576167533,-0.01041686224963041,0.013814384855039998
0.17500000000000002,0.5125000000000001,-0.08030801096118696,-0.01023206006746586,0.013788732964608
0.17500000000000002,0.525,-0.08008942616069858,-0.010047257885301314,0.013763081074175999
0.17500000000000002,0.5375,-0.07987084136021025,-0.009862455703136767,0.013737429183744002
0.17500000000000002,0.55,-0.07965225655972186,-0.009677653520972215,0.013711777293312
0.17500000000000002,0.5625,-0.0794336717592335,-0.009492851338807668,0.013686125402880002
0.17500000000000002,0.5750000000000001,-0.07921508695874513,-0.009308049156643117,0.013660473512447997
0.17500000000000002,0.5875,-0.07899650215825679,-0.009123246974478569,0.013634821622016001
0.17500000000000002,0.6000000000000001,-0.07877791735776839,-0.008938444792314018,0.013609169731583997
0.17500000000000002,0.6125,-0.07855933255728004,-0.00875364261014947,0.013583517841152002
0.17500000000000002,0.625,-0.07834074775679167,-0.008568840427984923,0.01355786595072
0.17500000000000002,0.6375000000000001,-0.0781221629563033,-0.008384038245820373,0.013532214060288
0.17500000000000002,0.65,-0.07790357815581496,-0.008199236063655824,0.013506562169856
0.17500000000000002,0.6625000000000001,-0.07768499335532657,-0.008014433881491275,0.013480910279424
0.17500000000000002,0.675,-0.07746640855483822,-0.007829631699326727,0.013455258388992001
0.17500000000000002,0.6875,-0.07724782375434983,-0.007644829517162178,0.01342960649856
0.17500000000000002,0.7000000000000001,-0.07702923895386145,-0.00746002733499763,0.013403954608128002
0.17500000000000002,0.7125,-0.07681065415337311,-0.007275225152833081,0.013378302717696
0.17500000000000002,0.7250000000000001,-0.07659206935288475,-0.007090422970668531,0.013352650827264
0.17500000000000002,0.7375,-0.07637348455239637,-0.006905620788503983,0.013326998936831999
0.17500000000000002,0.75,-0.076154899751908,-0.006720818606339434,0.013301347046400002
0.17500000000000002,0.7625000000000001,-0.07593631495141966,-0.006536016424174885,0.013275695155968
0.17500000000000002,0.775,-0.07571773015093128,-0.006351214242010336,0.013250043265535999
0.17500000000000002,0.7875000000000001,-0.07549914535044291,-0.006166412059845786,0.013224391375103998
0.17500000000000002,0.8,-0.07528056054995454,-0.005981609877681238,0.013198739484672
0.17500000000000002,0.8125,-0.07506197574946617,-0.0057968076955166896,0.01317308759424
0.17500000000000002,0.8250000000000001,-0.07484339094897781,-0.005612005513352139,0.013147435703808
0.17500000000000002,0.8375,-0.07462480614848946,-0.0054272033311875915,0.013121783813376
0.17500000000000002,0.8500000000000001,-0.0744062213480011,-0.005242401149023042,0.013096131922944
0.17500000000000002,0.8625,-0.07418763654751272,-0.005057598966858494,0.013070480032511997
0.17500000000000002,0.875,-0.07396905174702434,-0.004872796784693946,0.01304482814208
0.17500000000000002,0.8875000000000001,-0.073750466946536,-0.004687994602529395,0.013019176251648
0.17500000000000002,0.9,-0.0735318821460476,-0.004503192420364848,0.012993524361216001
0.17500000000000002,0.9125000000000001,-0.07331329734555926,-0.004318390238200297,0.012967872470783999
0.17500000000000002,0.925,-0.07309471254507088,-0.0041335880560357495,0.012942220580351998
0.17500000000000002,0.9375,-0.07287612774458252,-0.003948785873871201,0.01291656868992
0.17500000000000002,0.9500000000000001,-0.07265754294409417,-0.003763983691706651,0.012890916799488
0.17500000000000002,0.9625,-0.07243895814360578,-0.003579181509542103,0.012865264909056
0.17500000000000002,0.9750000000000001,-0.07222037334311743,-0.0033943793273775525,0.012839613018624001
0.17500000000000002,0.9875,-0.07200178854262905,-0.0032095771452130056,0.012813961128191999
0.17500000000000002,1.0,-0.07178320374214067,-0.0030247749630484566,0.01278830923776
0.1875,0.0,-0.09071291970151976,-0.019081017360227534,0.014994966067200001
0.1875,0.0125,-0.09047911951035077,-0.01888301502219409,0.014967481898879998
0.1875,0.025,-0.0902453193191818,-0.018685012684160646,0.014939997730559998
0.1875,0.037500000000000006,-0.0900115191280128,-0.0184870103461272,0.014912513562239998
0.1875,0.05,-0.08977771893684383,-0.018289008008093754,0.014885029393919998
0.1875,0.0625,-0.08954391874567483,-0.01809100567006031,0.014857545225599999
0.1875,0.07500000000000001,-0.08931011855450588,-0.017893003332026862,0.014830061057280002
0.1875,0.08750000000000001,-0.0890763183633369,-0.017695000993993418,0.014802576888960002
0.1875,0.1,-0.0888425181721679,-0.017496998655959977,0.01477509272064
0.1875,0.1125,-0.08860871798099894,-0.01729899631792653,0.014747608552320003
0.1875,0.125,-0.08837491778982995,-0.01710099397989308,0.014720124384
0.1875,0.1375,-0.08814111759866097,-0.016902991641859638,0.01469264021568
0.1875,0.15000000000000002,-0.087907317407492,-0.01670498930382619,0.014665156047359997
0.1875,0.1625,-0.08767351721632302,-0.01650698696579275,0.01463767187904
0.1875,0.17500000000000002,-0.08743971702515403,-0.016308984627759305,0.014610187710719997
0.1875,0.1875,-0.08720591683398507,-0.016110982289725857,0.0145827035424
0.1875,0.2,-0.08697211664281608,-0.01591297995169241,0.01455521937408
0.1875,0.21250000000000002,-0.08673831645164712,-0.015714977613658962,0.01452773520576
0.1875,0.225,-0.08650451626047811,-0.015516975275625521,0.01450025103744
0.1875,0.23750000000000002,-0.08627071606930914,-0.015318972937592077,0.01447276686912
0.1875,0.25,-0.08603691587814018,-0.01512097059955863,0.0144452827008
0.1875,0.2625,-0.08580311568697119,-0.014922968261525185,0.014417798532479998
0.1875,0.275,-0.0855693154958022,-0.01472496592349174,0.014390314364159997
0.1875,0.28750000000000003,-0.08533551530463321,-0.014526963585458293,0.014362830195839997
0.1875,0.30000000000000004,-0.08510171511346426,-0.014328961247424853,0.01433534602752
0.1875,0.3125,-0.08486791492229528,-0.014130958909391405,0.014307861859199997
0.1875,0.325,-0.08463411473112632,-0.013932956571357959,0.014280377690880001
0.1875,0.3375,-0.08440031453995733,-0.013734954233324515,0.014252893522559998
0.1875,0.35000000000000003,-0.08416651434878836,-0.013536951895291069,0.014225409354239998
0.1875,0.36250000000000004,-0.08393271415761938,-0.013338949557257623,0.014197925185920002
0.1875,0.375,-0.08369891396645038,-0.01314094721922418,0.014170441017599998
0.1875,0.3875,-0.0834651137752814,-0.012942944881190735,0.014142956849280002
0.1875,0.4,-0.08323131358411243,-0.012744942543157287,0.014115472680960002
0.1875,0.41250000000000003,-0.08299751339294345,-0.012546940205123843,0.01408798851264
0.1875,0.42500000000000004,-0.08276371320177447,-0.012348937867090397,0.01406050434432
0.1875,0.4375,-0.0825299130106055,-0.012150935529056953,0.014033020176
0.1875,0.45,-0.08229611281943651,-0.011952933191023508,0.01400553600768
0.1875,0.4625,-0.08206231262826755,-0.01175493085299006,0.01397805183936
0.1875,0.47500000000000003,-0.08182851243709856,-0.011556928514956617,0.013950567671039997
0.1875,0.48750000000000004,-0.08159471224592958,-0.01135892617692317,0.013923083502719999
0.1875,0.5,-0.0813609120547606,-0.011160923838889726,0.013895599334400002
0.1875,0.5125000000000001,-0.08112711186359162,-0.010962921500856279,0.013868115166079999
0.1875,0.525,-0.08089331167242264,-0.010764919162822836,0.013840630997760003
0.1875,0.5375,-0.08065951148125367,-0.010566916824789392,0.01381314682944
0.1875,0.55,-0.08042571129008469,-0.010368914486755946,0.01378566266112
0.1875,0.5625,-0.08019191109891571,-0.0101709121487225,0.013758178492799996
0.1875,0.5750000000000001,-0.07995811090774674,-0.009972909810689053,0.01373069432448
0.1875,0.5875,-0.07972431071657776,-0.00977490747265561,0.013703210156159997
0.1875,0.6000000000000001,-0.07949051052540876,-0.009576905134622164,0.013675725987839997
0.1875,0.6125,-0.0792567103342398,-0.009378902796588718,0.01364824181952
0.1875,0.625,-0.07902291014307083,-0.009180900458555274,0.013620757651200001
0.1875,0.6375000000000001,-0.07878910995190185,-0.008982898120521828,0.013593273482880001
0.1875,0.65,-0.07855530976073288,-0.008784895782488382,0.013565789314560001
0.1875,0.6625000000000001,-0.0783215095695639,-0.008586893444454938,0.01353830514624
0.1875,0.675,-0.07808770937839492,-0.008388891106421494,0.013510820977919998
0.1875,0.6875,-0.07785390918722593,-0.008190888768388048,0.0134833368096
0.1875,0.7000000000000001,-0.07762010899605695,-0.007992886430354602,0.01345585264128
0.1875,0.7125,-0.07738630880488798,-0.007794884092321157,0.01342836847296
0.1875,0.7250000000000001,-0.07715250861371899,-0.00759688175428771,0.013400884304639997
0.1875,0.7375,-0.07691870842255003,-0.007398879416254267,0.013373400136320001
0.1875,0.75,-0.07668490823138104,-0.007200877078220821,0.013345915968
0.1875,0.7625000000000001,-0.07645110804021206,-0.007002874740187376,0.013318431799679998
0.1875,0.775,-0.07621730784904308,-0.006804872402153932,0.01329094763136
0.1875,0.7875000000000001,-0.07598350765787411,-0.006606870064120485,0.013263463463039998
0.1875,0.8,-0.07574970746670513,-0.00640886772608704,0.013235979294719997
0.1875,0.8125,-0.07551590727553614,-0.006210865388053596,0.013208495126400002
0.1875,0.8250000000000001,-0.07528210708436717,-0.006012863050020149,0.01318101095808
0.1875,0.8375,-0.07504830689319819,-0.0058148607119867055,0.01315352678976
0.1875,0.8500000000000001,-0.07481450670202922,-0.00561685837395326,0.01312604262144
0.1875,0.8625,-0.07458070651086021,-0.0054188560359198145,0.013098558453120001
0.1875,0.875,-0.07434690631969125,-0.0052208536978863695,0.0130710742848
0.1875,0.8875000000000001,-0.07411310612852227,-0.0050228513598529236,0.013043590116479998
0.1875,0.9,-0.07387930593735331,-0.004824849021819479,0.01301610594816
0.1875,0.9125000000000001,-0.07364550574618434,-0.004626846683786033,0.012988621779839999
0.1875,0.925,-0.07341170555501535,-0.004428844345752588,0.012961137611519999
0.1875,0.9375,-0.07317790536384636,-0.004230842007719144,0.0129336534432
0.1875,0.9500000000000001,-0.0729441051726774,-0.004032839669685697,0.01290616927488
0.1875,0.9625,-0.0727103049815084,-0.0038348373316522528,0.012878685106559998
0.1875,0.9750000000000001,-0.07247650479033944,-0.003636834993618806,0.01285120093824
0.1875,0.9875,-0.07224270459917045,-0.003438832655585362,0.012823716769919998
0.1875,1.0,-0.07200890440800148,-0.003240830317551917,0.012796232601599998
0.2,0.0,-0.09215585162182949,-0.0203530851842427,0.015149471662080001
0.2,0.0125,-0.09190683603997991,-0.02014188269034036,0.015120155215871999
0.2,0.025,-0.09165782045813031,-0.019930680196438018,0.015090838769663998
0.2,0.037500000000000006,-0.09140880487628072,-0.019719477702535678,0.015061522323456
0.2,0.05,-0.09115978929443114,-0.01950827520863334,0.015032205877248
0.2,0.0625,-0.09091077371258155,-0.019297072714731,0.015002889431040002
0.2,0.07500000000000001,-0.09066175813073195,-0.019085870220828655,0.014973572984832
0.2,0.08750000000000001,-0.09041274254888235,-0.018874667726926312,0.014944256538623999
0.2,0.1,-0.09016372696703276,-0.018663465233023972,0.014914940092415998
0.2,0.1125,-0.0899147113851832,-0.018452262739121626,0.014885623646208
0.2,0.125,-0.08966569580333361,-0.018241060245219286,0.014856307200000002
0.2,0.1375,-0.089416680221484,-0.01802985775131695,0.014826990753791998
0.2,0.15000000000000002,-0.08916766463963441,-0.017818655257414606,0.014797674307584
0.2,0.1625,-0.08891864905778482,-0.017607452763512263,0.014768357861375998
0.2,0.17500000000000002,-0.08866963347593523,-0.01739625026960992,0.014739041415168
0.2,0.1875,-0.08842061789408565,-0.01718504777570758,0.014709724968960003
0.2,0.2,-0.08817160231223606,-0.016973845281805237,0.014680408522751997
0.2,0.21250000000000002,-0.08792258673038646,-0.016762642787902897,0.014651092076544
0.2,0.225,-0.08767357114853684,-0.016551440294000557,0.014621775630335999
0.2,0.23750000000000002,-0.0874245555666873,-0.016340237800098214,0.014592459184128001
0.2,0.25,-0.0871755399848377,-0.01612903530619587,0.014563142737919999
0.2,0.2625,-0.08692652440298809,-0.01591783281229353,0.014533826291711998
0.2,0.275,-0.08667750882113852,-0.015706630318391188,0.014504509845504
0.2,0.28750000000000003,-0.08642849323928892,-0.015495427824488846,0.014475193399295998
0.2,0.30000000000000004,-0.08617947765743933,-0.015284225330586506,0.014445876953088
0.2,0.3125,-0.08593046207558973,-0.015073022836684163,0.01441656050688
0.2,0.325,-0.08568144649374015,-0.014861820342781823,0.014387244060671999
0.2,0.3375,-0.08543243091189057,-0.014650617848879484,0.014357927614464
0.2,0.35000000000000003,-0.08518341533004095,-0.014439415354977139,0.014328611168256
0.2,0.36250000000000004,-0.08493439974819138,-0.014228212861074797,0.014299294722048002
0.2,0.375,-0.0846853841663418,-0.014017010367172456,0.014269978275840001
0.2,0.3875,-0.08443636858449222,-0.013805807873270116,0.014240661829631998
0.2,0.4,-0.0841873530026426,-0.013594605379367776,0.014211345383423998
0.2,0.41250000000000003,-0.08393833742079303,-0.01338340288546543,0.014182028937216
0.2,0.42500000000000004,-0.08368932183894343,-0.01317220039156309,0.014152712491008
0.2,0.4375,-0.08344030625709381,-0.012960997897660748,0.014123396044799997
0.2,0.45,-0.08319129067524425,-0.012749795403758408,0.014094079598592
0.2,0.4625,-0.08294227509339465,-0.012538592909856065,0.014064763152383999
0.2,0.47500000000000003,-0.08269325951154505,-0.012327390415953722,0.014035446706176
0.2,0.48750000000000004,-0.08244424392969546,-0.012116187922051382,0.014006130259967999
0.2,0.5,-0.08219522834784589,-0.01190498542814904,0.013976813813759998
0.2,0.5125000000000001,-0.08194621276599628,-0.011693782934246697,0.013947497367552
0.2,0.525,-0.0816971971841467,-0.011482580440344359,0.013918180921343998
0.2,0.5375,-0.08144818160229711,-0.011271377946442018,0.013888864475136
0.2,0.55,-0.08119916602044752,-0.011060175452539674,0.013859548028928
0.2,0.5625,-0.08095015043859792,-0.010848972958637335,0.013830231582719997
0.2,0.5750000000000001,-0.08070113485674833,-0.010637770464734991,0.013800915136512
0.2,0.5875,-0.08045211927489875,-0.010426567970832652,0.013771598690304
0.2,0.6000000000000001,-0.08020310369304916,-0.010215365476930307,0.013742282244096002
0.2,0.6125,-0.07995408811119954,-0.010004162983027965,0.013712965797888
0.2,0.625,-0.07970507252934998,-0.009792960489125624,0.013683649351679998
0.2,0.6375000000000001,-0.0794560569475004,-0.009581757995223284,0.013654332905471998
0.2,0.65,-0.0792070413656508,-0.009370555501320942,0.013625016459264
0.2,0.6625000000000001,-0.07895802578380119,-0.0091593530074186,0.013595700013056001
0.2,0.675,-0.07870901020195162,-0.008948150513516257,0.013566383566848
0.2,0.6875,-0.078459994620102,-0.008736948019613916,0.01353706712064
0.2,0.7000000000000001,-0.07821097903825242,-0.008525745525711576,0.013507750674431997
0.2,0.7125,-0.07796196345640286,-0.008314543031809233,0.013478434228224
0.2,0.7250000000000001,-0.07771294787455325,-0.008103340537906891,0.013449117782015999
0.2,0.7375,-0.07746393229270365,-0.007892138044004552,0.013419801335808
0.2,0.75,-0.07721491671085406,-0.00768093555010221,0.013390484889599999
0.2,0.7625000000000001,-0.07696590112900448,-0.007469733056199868,0.013361168443391998
0.2,0.775,-0.07671688554715492,-0.007258530562297527,0.013331851997184
0.2,0.7875000000000001,-0.0764678699653053,-0.007047328068395183,0.013302535550976002
0.2,0.8,-0.07621885438345571,-0.006836125574492843,0.013273219104767997
0.2,0.8125,-0.07596983880160613,-0.006624923080590502,0.013243902658559998
0.2,0.8250000000000001,-0.07572082321975651,-0.0064137205866881585,0.013214586212352
0.2,0.8375,-0.07547180763790691,-0.006202518092785819,0.013185269766143998
0.2,0.8500000000000001,-0.07522279205605736,-0.005991315598883476,0.013155953319936001
0.2,0.8625,-0.07497377647420775,-0.005780113104981135,0.013126636873727998
0.2,0.875,-0.07472476089235815,-0.005568910611078794,0.01309732042752
0.2,0.8875000000000001,-0.07447574531050859,-0.005357708117176452,0.013068003981311999
0.2,0.9,-0.07422672972865899,-0.005146505623274111,0.013038687535104
0.2,0.9125000000000001,-0.0739777141468094,-0.004935303129371769,0.013009371088896
0.2,0.925,-0.07372869856495981,-0.004724100635469427,0.012980054642688001
0.2,0.9375,-0.07347968298311022,-0.004512898141567087,0.012950738196479999
0.2,0.9500000000000001,-0.07323066740126061,-0.004301695647664743,0.012921421750272
0.2,0.9625,-0.07298165181941102,-0.004090493153762403,0.012892105304064
0.2,0.9750000000000001,-0.07273263623756143,-0.00387929065986006,0.012862788857856
0.2,0.9875,-0.07248362065571184,-0.0036680881659577197,0.012833472411647997
0.2,1.0,-0.07223460507386226,-0.0034568856720553786,0.012804155965439998
0.21250000000000002,0.0,-0.09359878354213927,-0.021625153008257875,0.015303977256960002
0.21250000000000002,0.0125,-0.09333455256960906,-0.021400750358486632,0.015272828532864
0.21250000000000002,0.025,-0.09307032159707884,-0.021176347708715397,0.015241679808767996
0.21250000000000002,0.037500000000000006,-0.09280609062454866,-0.02095194505894416,0.015210531084672001
0.21250000000000002,0.05,-0.09254185965201844,-0.020727542409172923,0.015179382360575998
0.21250000000000002,0.0625,-0.09227762867948824,-0.020503139759401687,0.015148233636479998
0.21250000000000002,0.07500000000000001,-0.09201339770695804,-0.02027873710963045,0.015117084912384
0.21250000000000002,0.08750000000000001,-0.09174916673442784,-0.02005433445985921,0.015085936188288
0.21250000000000002,0.1,-0.09148493576189765,-0.019829931810087974,0.015054787464192003
0.21250000000000002,0.1125,-0.09122070478936745,-0.019605529160316732,0.015023638740095999
0.21250000000000002,0.125,-0.09095647381683723,-0.019381126510545493,0.014992490016
0.21250000000000002,0.1375,-0.09069224284430702,-0.019156723860774258,0.014961341291904
0.21250000000000002,0.15000000000000002,-0.09042801187177682,-0.018932321211003016,0.014930192567807999
0.21250000000000002,0.1625,-0.09016378089924662,-0.01870791856123178,0.014899043843711999
0.21250000000000002,0.17500000000000002,-0.08989954992671642,-0.018483515911460538,0.014867895119616
0.21250000000000002,0.1875,-0.08963531895418621,-0.018259113261689306,0.01483674639552
0.21250000000000002,0.2,-0.08937108798165601,-0.018034710611918067,0.014805597671424
0.21250000000000002,0.21250000000000002,-0.08910685700912581,-0.01781030796214683,0.014774448947327998
0.21250000000000002,0.225,-0.08884262603659562,-0.01758590531237559,0.014743300223232001
0.21250000000000002,0.23750000000000002,-0.08857839506406542,-0.017361502662604354,0.014712151499136
0.21250000000000002,0.25,-0.08831416409153522,-0.017137100012833115,0.014681002775039996
0.21250000000000002,0.2625,-0.088049933119005,-0.016912697363061877,0.014649854050944001
0.21250000000000002,0.275,-0.0877857021464748,-0.016688294713290638,0.014618705326847998
0.21250000000000002,0.28750000000000003,-0.0875214711739446,-0.0164638920635194,0.014587556602751997
0.21250000000000002,0.30000000000000004,-0.08725724020141441,-0.016239489413748164,0.014556407878655999
0.21250000000000002,0.3125,-0.0869930092288842,-0.016015086763976928,0.014525259154559999
0.21250000000000002,0.325,-0.08672877825635399,-0.015790684114205686,0.014494110430463999
0.21250000000000002,0.3375,-0.08646454728382379,-0.015566281464434452,0.014462961706368
0.21250000000000002,0.35000000000000003,-0.08620031631129359,-0.015341878814663212,0.014431812982272
0.21250000000000002,0.36250000000000004,-0.08593608533876337,-0.015117476164891971,0.014400664258176
0.21250000000000002,0.375,-0.08567185436623319,-0.014893073515120737,0.014369515534079998
0.21250000000000002,0.3875,-0.08540762339370296,-0.014668670865349497,0.014338366809983998
0.21250000000000002,0.4,-0.08514339242117275,-0.01444426821557826,0.014307218085888
0.21250000000000002,0.41250000000000003,-0.08487916144864258,-0.014219865565807021,0.014276069361792
0.21250000000000002,0.42500000000000004,-0.08461493047611236,-0.013995462916035786,0.014244920637696
0.21250000000000002,0.4375,-0.08435069950358218,-0.013771060266264549,0.014213771913600001
0.21250000000000002,0.45,-0.08408646853105195,-0.01354665761649331,0.014182623189504001
0.21250000000000002,0.4625,-0.08382223755852175,-0.013322254966722069,0.014151474465408
0.21250000000000002,0.47500000000000003,-0.08355800658599155,-0.01309785231695083,0.014120325741311996
0.21250000000000002,0.48750000000000004,-0.08329377561346135,-0.012873449667179591,0.014089177017216
0.21250000000000002,0.5,-0.08302954464093115,-0.012649047017408358,0.01405802829312
0.21250000000000002,0.5125000000000001,-0.08276531366840094,-0.012424644367637117,0.014026879569023997
0.21250000000000002,0.525,-0.08250108269587074,-0.01220024171786588,0.013995730844928002
0.21250000000000002,0.5375,-0.08223685172334055,-0.011975839068094645,0.013964582120831999
0.21250000000000002,0.55,-0.08197262075081035,-0.011751436418323404,0.013933433396735998
0.21250000000000002,0.5625,-0.08170838977828015,-0.011527033768552167,0.01390228467264
0.21250000000000002,0.5750000000000001,-0.08144415880574993,-0.011302631118780928,0.013871135948544
0.21250000000000002,0.5875,-0.08117992783321973,-0.011078228469009691,0.013839987224447998
0.21250000000000002,0.6000000000000001,-0.08091569686068953,-0.010853825819238454,0.013808838500352002
0.21250000000000002,0.6125,-0.08065146588815933,-0.010629423169467215,0.013777689776255998
0.21250000000000002,0.625,-0.08038723491562913,-0.01040502051969598,0.01374654105216
0.21250000000000002,0.6375000000000001,-0.08012300394309893,-0.01018061786992474,0.013715392328064
0.21250000000000002,0.65,-0.07985877297056872,-0.009956215220153502,0.013684243603968
0.21250000000000002,0.6625000000000001,-0.0795945419980385,-0.009731812570382263,0.013653094879872001
0.21250000000000002,0.675,-0.07933031102550832,-0.009507409920611026,0.013621946155776
0.21250000000000002,0.6875,-0.0790660800529781,-0.009283007270839787,0.013590797431679999
0.21250000000000002,0.7000000000000001,-0.07880184908044792,-0.009058604621068549,0.013559648707583995
0.21250000000000002,0.7125,-0.07853761810791769,-0.008834201971297312,0.013528499983488
0.21250000000000002,0.7250000000000001,-0.0782733871353875,-0.008609799321526073,0.013497351259392
0.21250000000000002,0.7375,-0.07800915616285731,-0.008385396671754837,0.013466202535295997
0.21250000000000002,0.75,-0.0777449251903271,-0.008160994021983599,0.013435053811200002
0.21250000000000002,0.7625000000000001,-0.07748069421779691,-0.007936591372212358,0.013403905087104002
0.21250000000000002,0.775,-0.07721646324526668,-0.007712188722441122,0.013372756363008
0.21250000000000002,0.7875000000000001,-0.07695223227273648,-0.007487786072669883,0.013341607638912
0.21250000000000002,0.8,-0.07668800130020628,-0.007263383422898647,0.013310458914816001
0.21250000000000002,0.8125,-0.07642377032767608,-0.007038980773127409,0.013279310190719998
0.21250000000000002,0.8250000000000001,-0.07615953935514587,-0.006814578123356168,0.013248161466624
0.21250000000000002,0.8375,-0.07589530838261568,-0.006590175473584934,0.013217012742527998
0.21250000000000002,0.8500000000000001,-0.07563107741008548,-0.006365772823813694,0.013185864018432
0.21250000000000002,0.8625,-0.07536684643755528,-0.006141370174042457,0.013154715294336001
0.21250000000000002,0.875,-0.07510261546502509,-0.00591696752427122,0.013123566570239997
0.21250000000000002,0.8875000000000001,-0.07483838449249487,-0.00569256487449998,0.013092417846143999
0.21250000000000002,0.9,-0.07457415351996466,-0.005468162224728744,0.013061269122048
0.21250000000000002,0.9125000000000001,-0.07430992254743446,-0.005243759574957504,0.013030120397951999
0.21250000000000002,0.925,-0.07404569157490426,-0.005019356925186267,0.012998971673855997
0.21250000000000002,0.9375,-0.07378146060237407,-0.004794954275415031,0.01296782294976
0.21250000000000002,0.9500000000000001,-0.07351722962984386,-0.00457055162564379,0.012936674225664
0.21250000000000002,0.9625,-0.07325299865731366,-0.004346148975872553,0.012905525501567998
0.21250000000000002,0.9750000000000001,-0.07298876768478345,-0.004121746326101313,0.012874376777472002
0.21250000000000002,0.9875,-0.07272453671225323,-0.003897343676330077,0.012843228053376
0.21250000000000002,1.0,-0.07246030573972305,-0.0036729410265588396,0.01281207932928
0.225,0.0,-0.09504171546244901,-0.02289722083227304,0.015458482851839999
0.225,0.0125,-0.09476226909923818,-0.022659618026632907,0.015425501849856003
0.225,0.025,-0.09448282273602739,-0.022422015220992773,0.015392520847871996
0.225,0.037500000000000006,-0.09420337637281659,-0.022184412415352642,0.015359539845887999
0.225,0.05,-0.09392393000960578,-0.021946809609712507,0.015326558843904
0.225,0.0625,-0.09364448364639494,-0.021709206804072373,0.015293577841919998
0.225,0.07500000000000001,-0.09336503728318413,-0.021471603998432235,0.015260596839935997
0.225,0.08750000000000001,-0.09308559091997333,-0.021234001192792104,0.015227615837952
0.225,0.1,-0.0928061445567625,-0.020996398387151973,0.015194634835967998
0.225,0.1125,-0.09252669819355169,-0.020758795581511835,0.015161653833984
0.225,0.125,-0.09224725183034085,-0.0205211927758717,0.015128672832
0.225,0.1375,-0.09196780546713007,-0.020283589970231566,0.015095691830015998
0.225,0.15000000000000002,-0.09168835910391925,-0.020045987164591432,0.015062710828032
0.225,0.1625,-0.09140891274070842,-0.019808384358951298,0.015029729826048
0.225,0.17500000000000002,-0.09112946637749761,-0.019570781553311163,0.014996748824064002
0.225,0.1875,-0.0908500200142868,-0.01933317874767103,0.01496376782208
0.225,0.2,-0.09057057365107597,-0.019095575942030898,0.014930786820096
0.225,0.21250000000000002,-0.09029112728786515,-0.01885797313639076,0.014897805818111998
0.225,0.225,-0.09001168092465435,-0.018620370330750625,0.014864824816128002
0.225,0.23750000000000002,-0.08973223456144354,-0.018382767525110495,0.014831843814143996
0.225,0.25,-0.08945278819823271,-0.018145164719470357,0.014798862812159998
0.225,0.2625,-0.0891733418350219,-0.017907561913830222,0.014765881810175999
0.225,0.275,-0.08889389547181108,-0.017669959108190088,0.014732900808191998
0.225,0.28750000000000003,-0.08861444910860028,-0.017432356302549953,0.014699919806207997
0.225,0.30000000000000004,-0.08833500274538944,-0.017194753496909822,0.014666938804223999
0.225,0.3125,-0.08805555638217863,-0.016957150691269685,0.014633957802239998
0.225,0.325,-0.08777611001896782,-0.01671954788562955,0.014600976800256
0.225,0.3375,-0.08749666365575702,-0.01648194507998942,0.014567995798271999
0.225,0.35000000000000003,-0.0872172172925462,-0.016244342274349285,0.014535014796287998
0.225,0.36250000000000004,-0.08693777092933538,-0.01600673946870915,0.014502033794304
0.225,0.375,-0.08665832456612457,-0.015769136663069016,0.014469052792320003
0.225,0.3875,-0.08637887820291376,-0.015531533857428882,0.014436071790336001
0.225,0.4,-0.08609943183970295,-0.015293931051788747,0.014403090788352
0.225,0.41250000000000003,-0.08581998547649212,-0.01505632824614861,0.014370109786368001
0.225,0.42500000000000004,-0.0855405391132813,-0.014818725440508477,0.014337128784384
0.225,0.4375,-0.08526109275007049,-0.014581122634868342,0.014304147782400002
0.225,0.45,-0.08498164638685966,-0.01434351982922821,0.014271166780416001
0.225,0.4625,-0.08470220002364887,-0.014105917023588075,0.014238185778431996
0.225,0.47500000000000003,-0.08442275366043805,-0.013868314217947939,0.014205204776447999
0.225,0.48750000000000004,-0.08414330729722722,-0.013630711412307804,0.014172223774463998
0.225,0.5,-0.0838638609340164,-0.013393108606667672,0.014139242772479996
0.225,0.5125000000000001,-0.08358441457080559,-0.013155505801027537,0.014106261770495999
0.225,0.525,-0.08330496820759478,-0.012917902995387403,0.014073280768511998
0.225,0.5375,-0.08302552184438398,-0.012680300189747272,0.014040299766528
0.225,0.55,-0.08274607548117316,-0.012442697384107134,0.014007318764544002
0.225,0.5625,-0.08246662911796235,-0.012205094578467003,0.013974337762559998
0.225,0.5750000000000001,-0.08218718275475155,-0.011967491772826865,0.013941356760576
0.225,0.5875,-0.08190773639154073,-0.011729888967186733,0.013908375758592
0.225,0.6000000000000001,-0.0816282900283299,-0.011492286161546596,0.013875394756608
0.225,0.6125,-0.0813488436651191,-0.011254683355906464,0.013842413754624
0.225,0.625,-0.08106939730190829,-0.011017080550266328,0.01380943275264
0.225,0.6375000000000001,-0.08078995093869747,-0.010779477744626193,0.013776451750656
0.225,0.65,-0.08051050457548665,-0.01054187493898606,0.013743470748672002
0.225,0.6625000000000001,-0.08023105821227583,-0.010304272133345924,0.013710489746688
0.225,0.675,-0.07995161184906502,-0.010066669327705792,0.013677508744704
0.225,0.6875,-0.0796721654858542,-0.009829066522065659,0.013644527742719998
0.225,0.7000000000000001,-0.0793927191226434,-0.009591463716425523,0.013611546740736
0.225,0.7125,-0.07911327275943256,-0.00935386091078539,0.013578565738751996
0.225,0.7250000000000001,-0.07883382639622175,-0.009116258105145254,0.013545584736767998
0.225,0.7375,-0.07855438003301093,-0.008878655299505121,0.013512603734784
0.225,0.75,-0.07827493366980012,-0.008641052493864987,0.0134796227328
0.225,0.7625000000000001,-0.07799548730658931,-0.00840344968822485,0.013446641730816002
0.225,0.775,-0.0777160409433785,-0.008165846882584718,0.013413660728831997
0.225,0.7875000000000001,-0.07743659458016769,-0.007928244076944584,0.013380679726848
0.225,0.8,-0.07715714821695688,-0.007690641271304449,0.013347698724864
0.225,0.8125,-0.07687770185374605,-0.007453038465664316,0.013314717722880001
0.225,0.8250000000000001,-0.07659825549053523,-0.00721543566002418,0.013281736720895998
0.225,0.8375,-0.07631880912732443,-0.006977832854384047,0.013248755718911999
0.225,0.8500000000000001,-0.07603936276411363,-0.0067402300487439115,0.013215774716928001
0.225,0.8625,-0.07575991640090282,-0.006502627243103777,0.013182793714944002
0.225,0.875,-0.07548047003769198,-0.006265024437463644,0.013149812712959999
0.225,0.8875000000000001,-0.07520102367448116,-0.006027421631823508,0.013116831710976001
0.225,0.9,-0.07492157731127036,-0.005789818826183375,0.013083850708992002
0.225,0.9125000000000001,-0.07464213094805953,-0.005552216020543239,0.013050869707007999
0.225,0.925,-0.07436268458484872,-0.005314613214903106,0.013017888705023998
0.225,0.9375,-0.0740832382216379,-0.005077010409262972,0.012984907703039998
0.225,0.9500000000000001,-0.07380379185842709,-0.004839407603622837,0.012951926701055999
0.225,0.9625,-0.07352434549521628,-0.0046018047979827035,0.012918945699072
0.225,0.9750000000000001,-0.07324489913200546,-0.004364201992342567,0.012885964697088002
0.225,0.9875,-0.07296545276879465,-0.0041265991867024355,0.012852983695103999
0.225,1.0,-0.07268600640558384,-0.0038889963810623015,0.01282000269312
0.23750000000000002,0.0,-0.09648464738275878,-0.02416928865628821,0.015612988446719999
0.23750000000000002,0.0125,-0.09618998562886734,-0.023918485694779182,0.015578175166848
0.23750000000000002,0.025,-0.09589532387497593,-0.023667682733270152,0.015543361886975998
0.23750000000000002,0.037500000000000006,-0.09560066212108449,-0.023416879771761122,0.015508548607104
0.23750000000000002,0.05,-0.09530600036719308,-0.02316607681025209,0.015473735327232
0.23750000000000002,0.0625,-0.09501133861330166,-0.02291527384874306,0.01543892204736
0.23750000000000002,0.07500000000000001,-0.09471667685941024,-0.022664470887234032,0.015404108767487998
0.23750000000000002,0.08750000000000001,-0.09442201510551876,-0.022413667925725,0.015369295487616
0.23750000000000002,0.1,-0.09412735335162735,-0.02216286496421597,0.015334482207744
0.23750000000000002,0.1125,-0.09383269159773594,-0.02191206200270693,0.015299668927871997
0.23750000000000002,0.125,-0.09353802984384448,-0.02166125904119791,0.015264855647999998
0.23750000000000002,0.1375,-0.09324336808995307,-0.02141045607968888,0.015230042368128003
0.23750000000000002,0.15000000000000002,-0.09294870633606166,-0.02115965311817984,0.015195229088255999
0.23750000000000002,0.1625,-0.09265404458217022,-0.02090885015667081,0.015160415808384
0.23750000000000002,0.17500000000000002,-0.0923593828282788,-0.02065804719516178,0.015125602528511998
0.23750000000000002,0.1875,-0.09206472107438737,-0.02040724423365275,0.01509078924864
0.23750000000000002,0.2,-0.09177005932049595,-0.02015644127214372,0.015055975968767999
0.23750000000000002,0.21250000000000002,-0.0914753975666045,-0.019905638310634688,0.015021162688896
0.23750000000000002,0.225,-0.09118073581271309,-0.01965483534912566,0.014986349409023998
0.23750000000000002,0.23750000000000002,-0.09088607405882167,-0.01940403238761663,0.014951536129152
0.23750000000000002,0.25,-0.09059141230493023,-0.019153229426107598,0.01491672284928
0.23750000000000002,0.2625,-0.0902967505510388,-0.018902426464598568,0.014881909569408
0.23750000000000002,0.275,-0.09000208879714737,-0.018651623503089538,0.014847096289535998
0.23750000000000002,0.28750000000000003,-0.08970742704325596,-0.018400820541580508,0.014812283009664
0.23750000000000002,0.30000000000000004,-0.08941276528936452,-0.018150017580071478,0.014777469729792003
0.23750000000000002,0.3125,-0.08911810353547309,-0.017899214618562444,0.014742656449919997
0.23750000000000002,0.325,-0.08882344178158168,-0.017648411657053414,0.014707843170047998
0.23750000000000002,0.3375,-0.08852878002769027,-0.01739760869554439,0.014673029890176
0.23750000000000002,0.35000000000000003,-0.0882341182737988,-0.017146805734035354,0.014638216610303999
0.23750000000000002,0.36250000000000004,-0.0879394565199074,-0.016896002772526324,0.014603403330432
0.23750000000000002,0.375,-0.08764479476601597,-0.016645199811017298,0.014568590050559998
0.23750000000000002,0.3875,-0.08735013301212455,-0.016394396849508264,0.014533776770688001
0.23750000000000002,0.4,-0.08705547125823312,-0.016143593887999234,0.014498963490815999
0.23750000000000002,0.41250000000000003,-0.0867608095043417,-0.015892790926490197,0.014464150210944
0.23750000000000002,0.42500000000000004,-0.08646614775045025,-0.01564198796498117,0.014429336931071998
0.23750000000000002,0.4375,-0.08617148599655883,-0.015391185003472143,0.014394523651200001
0.23750000000000002,0.45,-0.08587682424266739,-0.015140382041963111,0.014359710371327999
0.23750000000000002,0.4625,-0.08558216248877597,-0.014889579080454077,0.014324897091456
0.23750000000000002,0.47500000000000003,-0.08528750073488456,-0.014638776118945051,0.014290083811583996
0.23750000000000002,0.48750000000000004,-0.08499283898099312,-0.014387973157436017,0.014255270531712001
0.23750000000000002,0.5,-0.0846981772271017,-0.014137170195926987,0.014220457251840003
0.23750000000000002,0.5125000000000001,-0.08440351547321027,-0.013886367234417954,0.014185643971967997
0.23750000000000002,0.525,-0.08410885371931882,-0.01363556427290893,0.014150830692096
0.23750000000000002,0.5375,-0.08381419196542741,-0.013384761311399897,0.014116017412224001
0.23750000000000002,0.55,-0.083519530211536,-0.013133958349890864,0.014081204132351999
0.23750000000000002,0.5625,-0.08322486845764458,-0.012883155388381837,0.014046390852479999
0.23750000000000002,0.5750000000000001,-0.08293020670375312,-0.012632352426872802,0.014011577572608
0.23750000000000002,0.5875,-0.0826355449498617,-0.012381549465363774,0.013976764292735998
0.23750000000000002,0.6000000000000001,-0.08234088319597027,-0.012130746503854742,0.013941951012863999
0.23750000000000002,0.6125,-0.08204622144207885,-0.01187994354234571,0.013907137732991999
0.23750000000000002,0.625,-0.08175155968818743,-0.01162914058083668,0.01387232445312
0.23750000000000002,0.6375000000000001,-0.08145689793429599,-0.011378337619327652,0.013837511173248001
0.23750000000000002,0.65,-0.08116223618040458,-0.011127534657818619,0.013802697893375999
0.23750000000000002,0.6625000000000001,-0.08086757442651314,-0.010876731696309589,0.013767884613504
0.23750000000000002,0.675,-0.08057291267262172,-0.010625928734800559,0.013733071333631997
0.23750000000000002,0.6875,-0.0802782509187303,-0.01037512577329153,0.013698258053760001
0.23750000000000002,0.7000000000000001,-0.07998358916483886,-0.010124322811782497,0.013663444773887999
0.23750000000000002,0.7125,-0.07968892741094744,-0.009873519850273467,0.013628631494015999
0.23750000000000002,0.7250000000000001,-0.07939426565705603,-0.009622716888764433,0.013593818214143997
0.23750000000000002,0.7375,-0.07909960390316462,-0.009371913927255407,0.013559004934272001
0.23750000000000002,0.75,-0.07880494214927314,-0.009121110965746375,0.013524191654399999
0.23750000000000002,0.7625000000000001,-0.07851028039538174,-0.008870308004237345,0.013489378374527999
0.23750000000000002,0.775,-0.07821561864149032,-0.008619505042728313,0.013454565094656
0.23750000000000002,0.7875000000000001,-0.07792095688759887,-0.008368702081219282,0.013419751814783998
0.23750000000000002,0.8,-0.07762629513370743,-0.008117899119710253,0.013384938534911999
0.23750000000000002,0.8125,-0.07733163337981601,-0.007867096158201222,0.013350125255039999
0.23750000000000002,0.8250000000000001,-0.0770369716259246,-0.00761629319669219,0.013315311975167998
0.23750000000000002,0.8375,-0.07674230987203318,-0.007365490235183161,0.013280498695295998
0.23750000000000002,0.8500000000000001,-0.07644764811814174,-0.007114687273674129,0.013245685415423999
0.23750000000000002,0.8625,-0.07615298636425032,-0.006863884312165099,0.013210872135552
0.23750000000000002,0.875,-0.0758583246103589,-0.006613081350656068,0.013176058855680002
0.23750000000000002,0.8875000000000001,-0.07556366285646746,-0.0063622783891470365,0.013141245575808001
0.23750000000000002,0.9,-0.07526900110257603,-0.006111475427638007,0.013106432295935999
0.23750000000000002,0.9125000000000001,-0.07497433934868461,-0.005860672466128976,0.013071619016064
0.23750000000000002,0.925,-0.07467967759479319,-0.0056098695046199465,0.013036805736192
0.23750000000000002,0.9375,-0.07438501584090174,-0.0053590665431109165,0.01300199245632
0.23750000000000002,0.9500000000000001,-0.07409035408701034,-0.005108263581601885,0.012967179176447999
0.23750000000000002,0.9625,-0.07379569233311889,-0.004857460620092854,0.012932365896575999
0.23750000000000002,0.9750000000000001,-0.07350103057922745,-0.004606657658583821,0.012897552616704
0.23750000000000002,0.9875,-0.07320636882533604,-0.004355854697074793,0.012862739336832
0.23750000000000002,1.0,-0.07291170707144462,-0.004105051735565763,0.01282792605696
0.25,0.0,-0.09792757930306852,-0.02544135648030338,0.015767494041599998
0.25,0.0125,-0.0976177021584965,-0.025177353362925453,0.015730848483839998
0.25,0.025,-0.09730782501392446,-0.024913350245547524,0.01569420292608
0.25,0.037500000000000006,-0.0969979478693524,-0.024649347128169595,0.01565755736832
0.25,0.05,-0.09668807072478036,-0.02438534401079167,0.015620911810559999
0.25,0.0625,-0.09637819358020833,-0.02412134089341374,0.0155842662528
0.25,0.07500000000000001,-0.09606831643563629,-0.023857337776035815,0.01554762069504
0.25,0.08750000000000001,-0.09575843929106426,-0.02359333465865789,0.01551097513728
0.25,0.1,-0.09544856214649221,-0.023329331541279964,0.015474329579520002
0.25,0.1125,-0.09513868500192016,-0.02306532842390203,0.015437684021760002
0.25,0.125,-0.09482880785734814,-0.02280132530652411,0.015401038463999997
0.25,0.1375,-0.09451893071277609,-0.022537322189146183,0.015364392906239999
0.25,0.15000000000000002,-0.09420905356820405,-0.02227331907176825,0.01532774734848
0.25,0.1625,-0.093899176423632,-0.022009315954390325,0.015291101790719998
0.25,0.17500000000000002,-0.09358929927905998,-0.021745312837012396,0.015254456232959996
0.25,0.1875,-0.09327942213448795,-0.021481309719634474,0.0152178106752
0.25,0.2,-0.0929695449899159,-0.021217306602256545,0.01518116511744
0.25,0.21250000000000002,-0.09265966784534387,-0.020953303484878623,0.015144519559679999
0.25,0.225,-0.09234979070077183,-0.020689300367500694,0.015107874001919997
0.25,0.23750000000000002,-0.09203991355619978,-0.020425297250122765,0.01507122844416
0.25,0.25,-0.09173003641162775,-0.020161294132744836,0.015034582886400003
0.25,0.2625,-0.0914201592670557,-0.019897291015366914,0.014997937328639998
0.25,0.275,-0.09111028212248366,-0.019633287897988985,0.014961291770879999
0.25,0.28750000000000003,-0.09080040497791163,-0.019369284780611055,0.01492464621312
0.25,0.30000000000000004,-0.09049052783333959,-0.019105281663233133,0.01488800065536
0.25,0.3125,-0.09018065068876754,-0.018841278545855204,0.014851355097599996
0.25,0.325,-0.08987077354419551,-0.01857727542847728,0.014814709539839998
0.25,0.3375,-0.08956089639962347,-0.01831327231109935,0.014778063982080002
0.25,0.35000000000000003,-0.08925101925505144,-0.01804926919372142,0.01474141842432
0.25,0.36250000000000004,-0.08894114211047939,-0.0177852660763435,0.014704772866559999
0.25,0.375,-0.08863126496590736,-0.017521262958965566,0.014668127308799999
0.25,0.3875,-0.0883213878213353,-0.017257259841587644,0.014631481751040001
0.25,0.4,-0.0880115106767633,-0.016993256724209718,0.014594836193280001
0.25,0.41250000000000003,-0.08770163353219124,-0.016729253606831786,0.01455819063552
0.25,0.42500000000000004,-0.0873917563876192,-0.01646525048945386,0.01452154507776
0.25,0.4375,-0.08708187924304715,-0.016201247372075935,0.014484899520000002
0.25,0.45,-0.08677200209847512,-0.01593724425469801,0.014448253962239997
0.25,0.4625,-0.08646212495390307,-0.015673241137320076,0.014411608404479997
0.25,0.47500000000000003,-0.08615224780933105,-0.015409238019942154,0.01437496284672
0.25,0.48750000000000004,-0.085842370664759,-0.015145234902564225,0.014338317288959998
0.25,0.5,-0.08553249352018695,-0.014881231785186298,0.014301671731199998
0.25,0.5125000000000001,-0.08522261637561493,-0.01461722866780837,0.01426502617344
0.25,0.525,-0.0849127392310429,-0.014353225550430447,0.01422838061568
0.25,0.5375,-0.08460286208647083,-0.014089222433052521,0.014191735057919999
0.25,0.55,-0.0842929849418988,-0.01382521931567459,0.014155089500159998
0.25,0.5625,-0.08398310779732678,-0.013561216198296665,0.014118443942400001
0.25,0.5750000000000001,-0.08367323065275474,-0.013297213080918737,0.014081798384640002
0.25,0.5875,-0.08336335350818269,-0.013033209963540814,0.01404515282688
0.25,0.6000000000000001,-0.08305347636361066,-0.012769206846162883,0.014008507269119999
0.25,0.6125,-0.08274359921903861,-0.012505203728784955,0.013971861711359999
0.25,0.625,-0.08243372207446657,-0.01224120061140703,0.013935216153599998
0.25,0.6375000000000001,-0.08212384492989454,-0.011977197494029103,0.01389857059584
0.25,0.65,-0.08181396778532249,-0.011713194376651179,0.01386192503808
0.25,0.6625000000000001,-0.08150409064075045,-0.011449191259273248,0.013825279480320002
0.25,0.675,-0.08119421349617842,-0.011185188141895324,0.013788633922559999
0.25,0.6875,-0.08088433635160638,-0.010921185024517395,0.0137519883648
0.25,0.7000000000000001,-0.08057445920703435,-0.010657181907139468,0.01371534280704
0.25,0.7125,-0.0802645820624623,-0.01039317878976154,0.01367869724928
0.25,0.7250000000000001,-0.07995470491789025,-0.010129175672383613,0.013642051691520002
0.25,0.7375,-0.07964482777331822,-0.00986517255500569,0.013605406133759998
0.25,0.75,-0.07933495062874618,-0.009601169437627762,0.013568760576
0.25,0.7625000000000001,-0.07902507348417415,-0.009337166320249835,0.013532115018239999
0.25,0.775,-0.07871519633960211,-0.009073163202871907,0.01349546946048
0.25,0.7875000000000001,-0.07840531919503006,-0.008809160085493978,0.013458823902719998
0.25,0.8,-0.07809544205045804,-0.008545156968116053,0.013422178344960001
0.25,0.8125,-0.07778556490588598,-0.008281153850738125,0.0133855327872
0.25,0.8250000000000001,-0.07747568776131394,-0.008017150733360198,0.01334888722944
0.25,0.8375,-0.07716581061674192,-0.007753147615982273,0.013312241671679999
0.25,0.8500000000000001,-0.07685593347216986,-0.007489144498604345,0.013275596113919999
0.25,0.8625,-0.07654605632759783,-0.007225141381226418,0.013238950556159998
0.25,0.875,-0.0762361791830258,-0.006961138263848493,0.013202304998400003
0.25,0.8875000000000001,-0.07592630203845376,-0.006697135146470564,0.013165659440639998
0.25,0.9,-0.07561642489388172,-0.006433132029092638,0.01312901388288
0.25,0.9125000000000001,-0.07530654774930969,-0.006169128911714709,0.01309236832512
0.25,0.925,-0.07499667060473764,-0.005905125794336783,0.01305572276736
0.25,0.9375,-0.07468679346016559,-0.005641122676958857,0.013019077209599998
0.25,0.9500000000000001,-0.07437691631559357,-0.00537711955958093,0.012982431651839998
0.25,0.9625,-0.07406703917102153,-0.0051131164422030025,0.012945786094080002
0.25,0.9750000000000001,-0.0737571620264495,-0.004849113324825074,0.01290914053632
0.25,0.9875,-0.07344728488187745,-0.00458511020744715,0.012872494978559999
0.25,1.0,-0.07313740773730541,-0.004321107090069223,0.012835849420799999
0.2625,0.0,-0.09937051122337828,-0.026713424304318552,0.01592199963648
0.2625,0.0125,-0.09904541868812562,-0.026436221031071728,0.015883521800832
0.2625,0.025,-0.09872032615287299,-0.026159017757824907,0.015845043965184
0.2625,0.037500000000000006,-0.09839523361762034,-0.025881814484578082,0.015806566129536005
0.2625,0.05,-0.09807014108236767,-0.025604611211331257,0.015768088293887997
0.2625,0.0625,-0.09774504854711503,-0.025327407938084436,0.01572961045824
0.2625,0.07500000000000001,-0.09741995601186237,-0.02505020466483761,0.015691132622592
0.2625,0.08750000000000001,-0.09709486347660974,-0.024773001391590787,0.015652654786944
0.2625,0.1,-0.09676977094135708,-0.024495798118343966,0.015614176951296
0.2625,0.1125,-0.09644467840610443,-0.02421859484509714,0.015575699115647998
0.2625,0.125,-0.09611958587085177,-0.02394139157185032,0.01553722128
0.2625,0.1375,-0.09579449333559913,-0.023664188298603495,0.015498743444352
0.2625,0.15000000000000002,-0.09546940080034648,-0.02338698502535667,0.015460265608704001
0.2625,0.1625,-0.09514430826509382,-0.02310978175210985,0.015421787773055999
0.2625,0.17500000000000002,-0.09481921572984117,-0.022832578478863018,0.015383309937408
0.2625,0.1875,-0.09449412319458851,-0.0225553752056162,0.01534483210176
0.2625,0.2,-0.09416903065933588,-0.022278171932369376,0.015306354266112002
0.2625,0.21250000000000002,-0.09384393812408322,-0.022000968659122554,0.015267876430464
0.2625,0.225,-0.09351884558883057,-0.021723765385875733,0.015229398594816
0.2625,0.23750000000000002,-0.09319375305357791,-0.0214465621126289,0.015190920759168
0.2625,0.25,-0.09286866051832526,-0.021169358839382084,0.015152442923519999
0.2625,0.2625,-0.0925435679830726,-0.02089215556613526,0.015113965087871998
0.2625,0.275,-0.09221847544781996,-0.020614952292888438,0.015075487252223999
0.2625,0.28750000000000003,-0.09189338291256731,-0.02033774901964161,0.015037009416576
0.2625,0.30000000000000004,-0.09156829037731466,-0.020060545746394792,0.014998531580928
0.2625,0.3125,-0.091243197842062,-0.019783342473147968,0.014960053745280002
0.2625,0.325,-0.09091810530680935,-0.019506139199901143,0.014921575909632
0.2625,0.3375,-0.09059301277155668,-0.01922893592665432,0.014883098073984
0.2625,0.35000000000000003,-0.09026792023630408,-0.018951732653407497,0.014844620238336001
0.2625,0.36250000000000004,-0.0899428277010514,-0.018674529380160673,0.014806142402687999
0.2625,0.375,-0.08961773516579875,-0.018397326106913855,0.014767664567040002
0.2625,0.3875,-0.08929264263054609,-0.01812012283366703,0.014729186731391999
0.2625,0.4,-0.08896755009529346,-0.017842919560420202,0.014690708895744
0.2625,0.41250000000000003,-0.0886424575600408,-0.017565716287173377,0.014652231060095998
0.2625,0.42500000000000004,-0.08831736502478815,-0.017288513013926556,0.014613753224447999
0.2625,0.4375,-0.0879922724895355,-0.017011309740679735,0.0145752753888
0.2625,0.45,-0.08766717995428283,-0.01673410646743291,0.014536797553152
0.2625,0.4625,-0.08734208741903018,-0.01645690319418609,0.014498319717503998
0.2625,0.47500000000000003,-0.08701699488377754,-0.016179699920939265,0.014459841881855996
0.2625,0.48750000000000004,-0.0866919023485249,-0.01590249664769244,0.014421364046208
0.2625,0.5,-0.08636680981327223,-0.01562529337444562,0.014382886210560001
0.2625,0.5125000000000001,-0.08604171727801957,-0.015348090101198792,0.014344408374911998
0.2625,0.525,-0.08571662474276695,-0.015070886827951973,0.014305930539264
0.2625,0.5375,-0.08539153220751428,-0.014793683554705152,0.014267452703616
0.2625,0.55,-0.08506643967226163,-0.014516480281458322,0.014228974867968
0.2625,0.5625,-0.08474134713700901,-0.014239277008211499,0.01419049703232
0.2625,0.5750000000000001,-0.08441625460175634,-0.013962073734964674,0.014152019196671998
0.2625,0.5875,-0.08409116206650367,-0.013684870461717853,0.014113541361024
0.2625,0.6000000000000001,-0.08376606953125104,-0.01340766718847103,0.014075063525376
0.2625,0.6125,-0.08344097699599838,-0.013130463915224207,0.014036585689728001
0.2625,0.625,-0.08311588446074572,-0.012853260641977383,0.013998107854079999
0.2625,0.6375000000000001,-0.08279079192549307,-0.012576057368730562,0.013959630018431996
0.2625,0.65,-0.08246569939024043,-0.012298854095483735,0.013921152182784
0.2625,0.6625000000000001,-0.08214060685498778,-0.012021650822236912,0.013882674347136002
0.2625,0.675,-0.0818155143197351,-0.01174444754899009,0.013844196511487999
0.2625,0.6875,-0.08149042178448249,-0.01146724427574327,0.01380571867584
0.2625,0.7000000000000001,-0.08116532924922983,-0.011190041002496444,0.013767240840192001
0.2625,0.7125,-0.08084023671397716,-0.01091283772924962,0.013728763004544
0.2625,0.7250000000000001,-0.08051514417872452,-0.010635634456002796,0.013690285168896
0.2625,0.7375,-0.08019005164347187,-0.010358431182755975,0.013651807333247999
0.2625,0.75,-0.07986495910821922,-0.010081227909509152,0.013613329497599998
0.2625,0.7625000000000001,-0.07953986657296656,-0.009804024636262327,0.013574851661952
0.2625,0.775,-0.07921477403771393,-0.009526821363015504,0.013536373826303998
0.2625,0.7875000000000001,-0.07888968150246124,-0.00924961808976868,0.013497895990656
0.2625,0.8,-0.07856458896720861,-0.008972414816521857,0.013459418155007997
0.2625,0.8125,-0.07823949643195596,-0.008695211543275036,0.013420940319360001
0.2625,0.8250000000000001,-0.07791440389670332,-0.00841800827002821,0.013382462483711999
0.2625,0.8375,-0.07758931136145067,-0.008140804996781388,0.013343984648064
0.2625,0.8500000000000001,-0.077264218826198,-0.007863601723534563,0.013305506812415997
0.2625,0.8625,-0.07693912629094536,-0.0075863984502877405,0.013267028976767998
0.2625,0.875,-0.0766140337556927,-0.0073091951770409185,0.013228551141120001
0.2625,0.8875000000000001,-0.07628894122044005,-0.007031991903794093,0.013190073305472
0.2625,0.9,-0.07596384868518741,-0.006754788630547271,0.013151595469824
0.2625,0.9125000000000001,-0.07563875614993473,-0.006477585357300445,0.013113117634175999
0.2625,0.925,-0.0753136636146821,-0.006200382084053624,0.013074639798528
0.2625,0.9375,-0.07498857107942944,-0.005923178810806801,0.01303616196288
0.2625,0.9500000000000001,-0.07466347854417679,-0.0056459755375599776,0.012997684127232
0.2625,0.9625,-0.07433838600892413,-0.005368772264313154,0.012959206291583997
0.2625,0.9750000000000001,-0.0740132934736715,-0.005091568991066329,0.012920728455936
0.2625,0.9875,-0.07368820093841884,-0.004814365717819508,0.012882250620288001
0.2625,1.0,-0.07336310840316619,-0.004537162444572684,0.01284377278464
0.275,0.0,-0.10081344314368805,-0.02798549212833372,0.01607650523136
0.275,0.0125,-0.10047313521775478,-0.027695088699218,0.016036195117824
0.275,0.025,-0.10013282729182152,-0.027404685270102275,0.015995885004288
0.275,0.037500000000000006,-0.09979251936588825,-0.02711428184098656,0.015955574890752
0.275,0.05,-0.099452211439955,-0.026823878411870842,0.015915264777216002
0.275,0.0625,-0.09911190351402173,-0.02653347498275512,0.015874954663679997
0.275,0.07500000000000001,-0.09877159558808848,-0.026243071553639398,0.015834644550144
0.275,0.08750000000000001,-0.0984312876621552,-0.02595266812452368,0.015794334436608
0.275,0.1,-0.09809097973622194,-0.025662264695407964,0.015754024323072
0.275,0.1125,-0.09775067181028867,-0.02537186126629224,0.015713714209536
0.275,0.125,-0.09741036388435542,-0.02508145783717652,0.015673404095999998
0.275,0.1375,-0.09707005595842214,-0.024791054408060804,0.015633093982464003
0.275,0.15000000000000002,-0.09672974803248888,-0.02450065097894508,0.015592783868928
0.275,0.1625,-0.0963894401065556,-0.024210247549829367,0.015552473755392
0.275,0.17500000000000002,-0.09604913218062236,-0.02391984412071364,0.015512163641856
0.275,0.1875,-0.0957088242546891,-0.023629440691597923,0.01547185352832
0.275,0.2,-0.09536851632875581,-0.023339037262482203,0.015431543414783998
0.275,0.21250000000000002,-0.09502820840282258,-0.023048633833366482,0.015391233301248001
0.275,0.225,-0.09468790047688931,-0.022758230404250762,0.015350923187712001
0.275,0.23750000000000002,-0.09434759255095604,-0.022467826975135045,0.015310613074176
0.275,0.25,-0.09400728462502275,-0.02217742354601932,0.01527030296064
0.275,0.2625,-0.09366697669908951,-0.02188702011690361,0.015229992847104
0.275,0.275,-0.09332666877315625,-0.021596616687787888,0.015189682733568
0.275,0.28750000000000003,-0.09298636084722298,-0.021306213258672168,0.015149372620032
0.275,0.30000000000000004,-0.0926460529212897,-0.021015809829556448,0.015109062506495997
0.275,0.3125,-0.09230574499535647,-0.020725406400440727,0.01506875239296
0.275,0.325,-0.09196543706942321,-0.020435002971325007,0.015028442279423997
0.275,0.3375,-0.09162512914348994,-0.02014459954220929,0.014988132165888
0.275,0.35000000000000003,-0.09128482121755666,-0.019854196113093567,0.014947822052352002
0.275,0.36250000000000004,-0.0909445132916234,-0.019563792683977847,0.014907511938815999
0.275,0.375,-0.09060420536569014,-0.01927338925486213,0.014867201825279999
0.275,0.3875,-0.09026389743975688,-0.018982985825746406,0.014826891711743999
0.275,0.4,-0.08992358951382362,-0.018692582396630686,0.014786581598208
0.275,0.41250000000000003,-0.08958328158789036,-0.018402178967514966,0.014746271484672
0.275,0.42500000000000004,-0.08924297366195709,-0.018111775538399252,0.014705961371135997
0.275,0.4375,-0.08890266573602383,-0.017821372109283532,0.014665651257599999
0.275,0.45,-0.08856235781009056,-0.017530968680167815,0.014625341144064002
0.275,0.4625,-0.0882220498841573,-0.01724056525105209,0.014585031030527999
0.275,0.47500000000000003,-0.08788174195822403,-0.016950161821936368,0.014544720916991999
0.275,0.48750000000000004,-0.08754143403229078,-0.016659758392820648,0.014504410803456
0.275,0.5,-0.0872011261063575,-0.01636935496370493,0.014464100689919997
0.275,0.5125000000000001,-0.08686081818042425,-0.01607895153458921,0.014423790576384
0.275,0.525,-0.08652051025449098,-0.01578854810547349,0.014383480462848
0.275,0.5375,-0.08618020232855772,-0.015498144676357775,0.014343170349312004
0.275,0.55,-0.08583989440262445,-0.015207741247242052,0.014302860235775998
0.275,0.5625,-0.0854995864766912,-0.014917337818126335,0.014262550122239998
0.275,0.5750000000000001,-0.08515927855075793,-0.014626934389010611,0.014222240008704002
0.275,0.5875,-0.08481897062482469,-0.014336530959894895,0.014181929895168
0.275,0.6000000000000001,-0.0844786626988914,-0.014046127530779173,0.014141619781632
0.275,0.6125,-0.08413835477295813,-0.013755724101663456,0.014101309668096
0.275,0.625,-0.08379804684702487,-0.013465320672547736,0.01406099955456
0.275,0.6375000000000001,-0.08345773892109162,-0.013174917243432015,0.014020689441023998
0.275,0.65,-0.08311743099515834,-0.012884513814316295,0.013980379327488001
0.275,0.6625000000000001,-0.08277712306922506,-0.012594110385200575,0.013940069213952001
0.275,0.675,-0.08243681514329182,-0.012303706956084856,0.013899759100415998
0.275,0.6875,-0.08209650721735857,-0.012013303526969138,0.01385944898688
0.275,0.7000000000000001,-0.08175619929142532,-0.011722900097853418,0.013819138873344
0.275,0.7125,-0.08141589136549203,-0.011432496668737696,0.013778828759808003
0.275,0.7250000000000001,-0.08107558343955878,-0.011142093239621977,0.013738518646272
0.275,0.7375,-0.08073527551362551,-0.010851689810506259,0.013698208532735998
0.275,0.75,-0.08039496758769225,-0.010561286381390539,0.013657898419200001
0.275,0.7625000000000001,-0.08005465966175895,-0.01027088295227482,0.013617588305663997
0.275,0.775,-0.07971435173582572,-0.0099804795231591,0.013577278192128001
0.275,0.7875000000000001,-0.07937404380989246,-0.009690076094043378,0.013536968078592001
0.275,0.8,-0.07903373588395919,-0.00939967266492766,0.013496657965055999
0.275,0.8125,-0.07869342795802593,-0.009109269235811939,0.013456347851519999
0.275,0.8250000000000001,-0.07835312003209267,-0.008818865806696217,0.013416037737983999
0.275,0.8375,-0.0780128121061594,-0.008528462377580502,0.013375727624448
0.275,0.8500000000000001,-0.07767250418022613,-0.00823805894846478,0.013335417510911999
0.275,0.8625,-0.07733219625429287,-0.007947655519349062,0.013295107397375999
0.275,0.875,-0.07699188832835963,-0.0076572520902333414,0.01325479728384
0.275,0.8875000000000001,-0.07665158040242634,-0.007366848661117621,0.013214487170304
0.275,0.9,-0.07631127247649308,-0.007076445232001904,0.013174177056767999
0.275,0.9125000000000001,-0.07597096455055982,-0.006786041802886181,0.013133866943232
0.275,0.925,-0.07563065662462656,-0.006495638373770462,0.013093556829696
0.275,0.9375,-0.07529034869869328,-0.0062052349446547455,0.013053246716159997
0.275,0.9500000000000001,-0.07495004077276003,-0.0059148315155390235,0.013012936602624
0.275,0.9625,-0.07460973284682676,-0.005624428086423304,0.012972626489087999
0.275,0.9750000000000001,-0.0742694249208935,-0.005334024657307582,0.012932316375551998
0.275,0.9875,-0.07392911699496024,-0.0050436212281918654,0.012892006262016
0.275,1.0,-0.07358880906902698,-0.004753217799076146,0.012851696148479998
0.28750000000000003,0.0,-0.10225637506399779,-0.029257559952348897,0.016231010826239997
0.28750000000000003,0.0125,-0.10190085174738393,-0.028953956367364274,0.016188868434815998
0.28750000000000003,0.025,-0.10154532843077008,-0.028650352782379658,0.016146726043392
0.28750000000000003,0.037500000000000006,-0.10118980511415618,-0.028346749197395042,0.016104583651968
0.28750000000000003,0.05,-0.10083428179754232,-0.02804314561241043,0.016062441260544
0.28750000000000003,0.0625,-0.10047875848092844,-0.02773954202742581,0.01602029886912
0.28750000000000003,0.07500000000000001,-0.10012323516431454,-0.027435938442441195,0.015978156477695998
0.28750000000000003,0.08750000000000001,-0.09976771184770067,-0.02713233485745658,0.015936014086272
0.28750000000000003,0.1,-0.0994121885310868,-0.026828731272471963,0.015893871694848
0.28750000000000003,0.1125,-0.09905666521447293,-0.026525127687487344,0.015851729303424
0.28750000000000003,0.125,-0.09870114189785904,-0.02622152410250273,0.015809586912
0.28750000000000003,0.1375,-0.09834561858124519,-0.025917920517518116,0.015767444520576
0.28750000000000003,0.15000000000000002,-0.09799009526463132,-0.0256143169325335,0.015725302129151998
0.28750000000000003,0.1625,-0.09763457194801743,-0.02531071334754888,0.015683159737728
0.28750000000000003,0.17500000000000002,-0.09727904863140353,-0.02500710976256426,0.015641017346304
0.28750000000000003,0.1875,-0.09692352531478968,-0.024703506177579652,0.01559887495488
0.28750000000000003,0.2,-0.09656800199817578,-0.024399902592595033,0.015556732563456
0.28750000000000003,0.21250000000000002,-0.09621247868156192,-0.024096299007610414,0.015514590172032
0.28750000000000003,0.225,-0.09585695536494804,-0.0237926954226258,0.015472447780608
0.28750000000000003,0.23750000000000002,-0.09550143204833417,-0.023489091837641186,0.015430305389184
0.28750000000000003,0.25,-0.0951459087317203,-0.02318548825265657,0.01538816299776
0.28750000000000003,0.2625,-0.09479038541510643,-0.02288188466767195,0.015346020606336
0.28750000000000003,0.275,-0.09443486209849256,-0.022578281082687335,0.015303878214912
0.28750000000000003,0.28750000000000003,-0.09407933878187866,-0.02227467749770272,0.015261735823488002
0.28750000000000003,0.30000000000000004,-0.0937238154652648,-0.021971073912718103,0.015219593432064
0.28750000000000003,0.3125,-0.09336829214865092,-0.021667470327733487,0.01517745104064
0.28750000000000003,0.325,-0.09301276883203703,-0.02136386674274887,0.015135308649216
0.28750000000000003,0.3375,-0.09265724551542316,-0.02106026315776426,0.015093166257792
0.28750000000000003,0.35000000000000003,-0.09230172219880929,-0.02075665957277964,0.015051023866368002
0.28750000000000003,0.36250000000000004,-0.0919461988821954,-0.020453055987795024,0.015008881474944002
0.28750000000000003,0.375,-0.09159067556558154,-0.02014945240281041,0.01496673908352
0.28750000000000003,0.3875,-0.09123515224896768,-0.019845848817825796,0.014924596692095999
0.28750000000000003,0.4,-0.09087962893235381,-0.01954224523284118,0.014882454300672
0.28750000000000003,0.41250000000000003,-0.09052410561573992,-0.019238641647856557,0.014840311909248002
0.28750000000000003,0.42500000000000004,-0.09016858229912603,-0.01893503806287194,0.014798169517824002
0.28750000000000003,0.4375,-0.08981305898251218,-0.01863143447788733,0.014756027126400003
0.28750000000000003,0.45,-0.08945753566589829,-0.018327830892902713,0.014713884734975998
0.28750000000000003,0.4625,-0.08910201234928439,-0.018024227307918098,0.014671742343551999
0.28750000000000003,0.47500000000000003,-0.08874648903267054,-0.01772062372293348,0.014629599952128002
0.28750000000000003,0.48750000000000004,-0.08839096571605663,-0.01741702013794886,0.014587457560704002
0.28750000000000003,0.5,-0.08803544239944278,-0.01711341655296425,0.014545315169280001
0.28750000000000003,0.5125000000000001,-0.0876799190828289,-0.01680981296797963,0.014503172777856002
0.28750000000000003,0.525,-0.08732439576621505,-0.01650620938299502,0.014461030386431999
0.28750000000000003,0.5375,-0.08696887244960115,-0.016202605798010403,0.014418887995008001
0.28750000000000003,0.55,-0.08661334913298728,-0.015899002213025783,0.014376745603584002
0.28750000000000003,0.5625,-0.08625782581637341,-0.01559539862804117,0.014334603212160001
0.28750000000000003,0.5750000000000001,-0.08590230249975953,-0.015291795043056548,0.014292460820735998
0.28750000000000003,0.5875,-0.08554677918314565,-0.014988191458071936,0.014250318429311999
0.28750000000000003,0.6000000000000001,-0.08519125586653178,-0.01468458787308732,0.014208176037887998
0.28750000000000003,0.6125,-0.0848357325499179,-0.014380984288102703,0.014166033646463998
0.28750000000000003,0.625,-0.08448020923330403,-0.014077380703118089,0.014123891255039999
0.28750000000000003,0.6375000000000001,-0.08412468591669017,-0.013773777118133471,0.014081748863615998
0.28750000000000003,0.65,-0.08376916260007627,-0.013470173533148855,0.014039606472191999
0.28750000000000003,0.6625000000000001,-0.0834136392834624,-0.013166569948164238,0.013997464080768001
0.28750000000000003,0.675,-0.08305811596684853,-0.012862966363179625,0.013955321689343998
0.28750000000000003,0.6875,-0.08270259265023465,-0.01255936277819501,0.013913179297919999
0.28750000000000003,0.7000000000000001,-0.08234706933362076,-0.01225575919321039,0.013871036906495998
0.28750000000000003,0.7125,-0.08199154601700688,-0.011952155608225776,0.013828894515071999
0.28750000000000003,0.7250000000000001,-0.08163602270039304,-0.011648552023241159,0.013786752123648001
0.28750000000000003,0.7375,-0.08128049938377914,-0.011344948438256544,0.013744609732224002
0.28750000000000003,0.75,-0.08092497606716527,-0.01104134485327193,0.013702467340799999
0.28750000000000003,0.7625000000000001,-0.0805694527505514,-0.010737741268287311,0.013660324949375998
0.28750000000000003,0.775,-0.08021392943393753,-0.010434137683302695,0.013618182557951998
0.28750000000000003,0.7875000000000001,-0.07985840611732366,-0.010130534098318078,0.013576040166528
0.28750000000000003,0.8,-0.07950288280070977,-0.009826930513333462,0.013533897775104001
0.28750000000000003,0.8125,-0.0791473594840959,-0.009523326928348848,0.01349175538368
0.28750000000000003,0.8250000000000001,-0.078791836167482,-0.009219723343364229,0.013449612992255998
0.28750000000000003,0.8375,-0.07843631285086813,-0.008916119758379614,0.013407470600831998
0.28750000000000003,0.8500000000000001,-0.07808078953425426,-0.008612516173394999,0.013365328209408
0.28750000000000003,0.8625,-0.07772526621764039,-0.008308912588410383,0.013323185817984001
0.28750000000000003,0.875,-0.07736974290102651,-0.008005309003425767,0.01328104342656
0.28750000000000003,0.8875000000000001,-0.07701421958441265,-0.00770170541844115,0.013238901035135999
0.28750000000000003,0.9,-0.07665869626779878,-0.007398101833456535,0.013196758643711998
0.28750000000000003,0.9125000000000001,-0.0763031729511849,-0.007094498248471917,0.013154616252288
0.28750000000000003,0.925,-0.07594764963457103,-0.006790894663487303,0.013112473860864
0.28750000000000003,0.9375,-0.07559212631795716,-0.006487291078502688,0.01307033146944
0.28750000000000003,0.9500000000000001,-0.07523660300134327,-0.0061836874935180695,0.013028189078016
0.28750000000000003,0.9625,-0.07488107968472937,-0.0058800839085334546,0.012986046686591998
0.28750000000000003,0.9750000000000001,-0.07452555636811553,-0.005576480323548837,0.012943904295168002
0.28750000000000003,0.9875,-0.07417003305150163,-0.005272876738564224,0.012901761903744
0.28750000000000003,1.0,-0.07381450973488776,-0.004969273153579606,0.01285961951232
0.30000000000000004,0.0,-0.10369930698430757,-0.03052962777636406,0.01638551642112
0.30000000000000004,0.0125,-0.10332856827701307,-0.03021282403551055,0.016341541751808
0.30000000000000004,0.025,-0.1029578295697186,-0.029896020294657037,0.016297567082496
0.30000000000000004,0.037500000000000006,-0.1025870908624241,-0.02957921655380352,0.016253592413183998
0.30000000000000004,0.05,-0.10221635215512963,-0.029262412812950007,0.016209617743871998
0.30000000000000004,0.0625,-0.10184561344783513,-0.0289456090720965,0.016165643074559997
0.30000000000000004,0.07500000000000001,-0.10147487474054064,-0.028628805331242985,0.016121668405248
0.30000000000000004,0.08750000000000001,-0.10110413603324614,-0.02831200159038947,0.016077693735936
0.30000000000000004,0.1,-0.10073339732595166,-0.02799519784953596,0.016033719066623996
0.30000000000000004,0.1125,-0.10036265861865717,-0.027678394108682444,0.015989744397312
0.30000000000000004,0.125,-0.09999191991136269,-0.02736159036782894,0.015945769728
0.30000000000000004,0.1375,-0.0996211812040682,-0.027044786626975424,0.015901795058688
0.30000000000000004,0.15000000000000002,-0.09925044249677371,-0.02672798288612191,0.015857820389376
0.30000000000000004,0.1625,-0.09887970378947923,-0.026411179145268398,0.015813845720064
0.30000000000000004,0.17500000000000002,-0.09850896508218474,-0.026094375404414883,0.015769871050752
0.30000000000000004,0.1875,-0.09813822637489025,-0.025777571663561368,0.01572589638144
0.30000000000000004,0.2,-0.09776748766759577,-0.025460767922707864,0.015681921712128
0.30000000000000004,0.21250000000000002,-0.09739674896030127,-0.02514396418185435,0.015637947042816
0.30000000000000004,0.225,-0.09702601025300679,-0.024827160441000837,0.015593972373504
0.30000000000000004,0.23750000000000002,-0.0966552715457123,-0.024510356700147323,0.015549997704192
0.30000000000000004,0.25,-0.09628453283841779,-0.024193552959293808,0.01550602303488
0.30000000000000004,0.2625,-0.09591379413112332,-0.0238767492184403,0.015462048365568
0.30000000000000004,0.275,-0.09554305542382882,-0.023559945477586785,0.015418073696256
0.30000000000000004,0.28750000000000003,-0.09517231671653434,-0.023243141736733273,0.015374099026944
0.30000000000000004,0.30000000000000004,-0.09480157800923984,-0.022926337995879766,0.015330124357631996
0.30000000000000004,0.3125,-0.09443083930194535,-0.02260953425502625,0.015286149688319999
0.30000000000000004,0.325,-0.09406010059465088,-0.022292730514172736,0.015242175019008002
0.30000000000000004,0.3375,-0.0936893618873564,-0.021975926773319224,0.015198200349695998
0.30000000000000004,0.35000000000000003,-0.09331862318006191,-0.021659123032465713,0.015154225680384001
0.30000000000000004,0.36250000000000004,-0.09294788447276742,-0.021342319291612198,0.015110251011072
0.30000000000000004,0.375,-0.09257714576547293,-0.021025515550758687,0.015066276341760002
0.30000000000000004,0.3875,-0.09220640705817845,-0.02070871180990518,0.015022301672447998
0.30000000000000004,0.4,-0.09183566835088397,-0.020391908069051664,0.014978327003135998
0.30000000000000004,0.41250000000000003,-0.09146492964358947,-0.020075104328198146,0.014934352333824001
0.30000000000000004,0.42500000000000004,-0.09109419093629498,-0.019758300587344638,0.014890377664511997
0.30000000000000004,0.4375,-0.0907234522290005,-0.019441496846491126,0.0148464029952
0.30000000000000004,0.45,-0.09035271352170599,-0.01912469310563762,0.014802428325888004
0.30000000000000004,0.4625,-0.0899819748144115,-0.0188078893647841,0.014758453656576
0.30000000000000004,0.47500000000000003,-0.08961123610711702,-0.018491085623930585,0.014714478987264
0.30000000000000004,0.48750000000000004,-0.08924049739982252,-0.018174281883077074,0.014670504317951999
0.30000000000000004,0.5,-0.08886975869252806,-0.017857478142223562,0.014626529648639999
0.30000000000000004,0.5125000000000001,-0.08849901998523355,-0.017540674401370047,0.014582554979327998
0.30000000000000004,0.525,-0.08812828127793908,-0.01722387066051654,0.014538580310016
0.30000000000000004,0.5375,-0.0877575425706446,-0.016907066919663028,0.014494605640704
0.30000000000000004,0.55,-0.08738680386335011,-0.01659026317880951,0.014450630971391999
0.30000000000000004,0.5625,-0.08701606515605562,-0.016273459437956002,0.014406656302080002
0.30000000000000004,0.5750000000000001,-0.08664532644876113,-0.01595665569710249,0.014362681632768002
0.30000000000000004,0.5875,-0.08627458774146667,-0.015639851956248976,0.014318706963455998
0.30000000000000004,0.6000000000000001,-0.08590384903417217,-0.01532304821539546,0.014274732294143997
0.30000000000000004,0.6125,-0.08553311032687767,-0.015006244474541951,0.014230757624832
0.30000000000000004,0.625,-0.08516237161958318,-0.01468944073368844,0.01418678295552
0.30000000000000004,0.6375000000000001,-0.08479163291228868,-0.014372636992834928,0.014142808286208
0.30000000000000004,0.65,-0.08442089420499421,-0.014055833251981413,0.014098833616896001
0.30000000000000004,0.6625000000000001,-0.08405015549769972,-0.013739029511127902,0.014054858947583999
0.30000000000000004,0.675,-0.08367941679040523,-0.01342222577027439,0.014010884278271999
0.30000000000000004,0.6875,-0.08330867808311074,-0.01310542202942088,0.01396690960896
0.30000000000000004,0.7000000000000001,-0.08293793937581624,-0.012788618288567366,0.013922934939647996
0.30000000000000004,0.7125,-0.08256720066852177,-0.012471814547713855,0.013878960270336
0.30000000000000004,0.7250000000000001,-0.08219646196122729,-0.01215501080686034,0.013834985601023999
0.30000000000000004,0.7375,-0.0818257232539328,-0.011838207066006828,0.013791010931711999
0.30000000000000004,0.75,-0.08145498454663833,-0.011521403325153317,0.013747036262400002
0.30000000000000004,0.7625000000000001,-0.08108424583934383,-0.011204599584299802,0.013703061593088001
0.30000000000000004,0.775,-0.08071350713204933,-0.010887795843446292,0.013659086923776001
0.30000000000000004,0.7875000000000001,-0.08034276842475485,-0.010570992102592776,0.013615112254463997
0.30000000000000004,0.8,-0.07997202971746036,-0.010254188361739268,0.013571137585152
0.30000000000000004,0.8125,-0.07960129101016586,-0.009937384620885755,0.013527162915840002
0.30000000000000004,0.8250000000000001,-0.07923055230287138,-0.009620580880032238,0.013483188246527998
0.30000000000000004,0.8375,-0.07885981359557688,-0.00930377713917873,0.013439213577216001
0.30000000000000004,0.8500000000000001,-0.07848907488828241,-0.008986973398325215,0.013395238907904
0.30000000000000004,0.8625,-0.07811833618098792,-0.008670169657471704,0.013351264238592
0.30000000000000004,0.875,-0.07774759747369342,-0.008353365916618193,0.013307289569280002
0.30000000000000004,0.8875000000000001,-0.07737685876639894,-0.008036562175764678,0.013263314899968
0.30000000000000004,0.9,-0.07700612005910445,-0.007719758434911168,0.013219340230655999
0.30000000000000004,0.9125000000000001,-0.07663538135180994,-0.007402954694057654,0.013175365561343999
0.30000000000000004,0.925,-0.07626464264451549,-0.007086150953204143,0.013131390892032002
0.30000000000000004,0.9375,-0.07589390393722101,-0.006769347212350631,0.013087416222719998
0.30000000000000004,0.9500000000000001,-0.07552316522992651,-0.006452543471497117,0.013043441553408
0.30000000000000004,0.9625,-0.07515242652263203,-0.006135739730643605,0.012999466884096
0.30000000000000004,0.9750000000000001,-0.0747816878153375,-0.005818935989790091,0.012955492214784
0.30000000000000004,0.9875,-0.07441094910804302,-0.005502132248936581,0.012911517545471998
0.30000000000000004,1.0,-0.07404021040074855,-0.005185328508083069,0.012867542876159998
0.3125,0.0,-0.10514223890461731,-0.03180169560037923,0.016540022016
0.3125,0.0125,-0.10475628480664222,-0.03147169170365681,0.0164942150688
0.3125,0.025,-0.10437033070866711,-0.031141687806934406,0.016448408121599995
0.3125,0.037500000000000006,-0.10398437661069201,-0.030811683910212002,0.016402601174399997
0.3125,0.05,-0.10359842251271692,-0.03048168001348959,0.0163567942272
0.3125,0.0625,-0.1032124684147418,-0.03015167611676718,0.01631098728
0.3125,0.07500000000000001,-0.10282651431676673,-0.029821672220044775,0.0162651803328
0.3125,0.08750000000000001,-0.10244056021879161,-0.029491668323322364,0.0162193733856
0.3125,0.1,-0.10205460612081652,-0.029161664426599957,0.0161735664384
0.3125,0.1125,-0.10166865202284141,-0.028831660529877543,0.016127759491200003
0.3125,0.125,-0.10128269792486633,-0.02850165663315514,0.016081952544
0.3125,0.1375,-0.10089674382689123,-0.028171652736432733,0.0160361455968
0.3125,0.15000000000000002,-0.1005107897289161,-0.027841648839710322,0.015990338649599995
0.3125,0.1625,-0.10012483563094102,-0.027511644942987912,0.0159445317024
0.3125,0.17500000000000002,-0.09973888153296592,-0.027181641046265505,0.015898724755199996
0.3125,0.1875,-0.09935292743499083,-0.02685163714954309,0.015852917808
0.3125,0.2,-0.09896697333701575,-0.026521633252820687,0.0158071108608
0.3125,0.21250000000000002,-0.0985810192390406,-0.026191629356098273,0.0157613039136
0.3125,0.225,-0.09819506514106553,-0.025861625459375866,0.0157154969664
0.3125,0.23750000000000002,-0.09780911104309041,-0.025531621562653456,0.0156696900192
0.3125,0.25,-0.09742315694511533,-0.02520161766593105,0.015623883072
0.3125,0.2625,-0.09703720284714021,-0.024871613769208642,0.015578076124800002
0.3125,0.275,-0.09665124874916514,-0.024541609872486228,0.0155322691776
0.3125,0.28750000000000003,-0.09626529465119003,-0.024211605975763825,0.015486462230399999
0.3125,0.30000000000000004,-0.09587934055321491,-0.023881602079041414,0.0154406552832
0.3125,0.3125,-0.09549338645523982,-0.023551598182319007,0.015394848335999998
0.3125,0.325,-0.09510743235726471,-0.0232215942855966,0.015349041388799996
0.3125,0.3375,-0.09472147825928963,-0.022891590388874193,0.015303234441599999
0.3125,0.35000000000000003,-0.09433552416131452,-0.022561586492151776,0.0152574274944
0.3125,0.36250000000000004,-0.09394957006333943,-0.022231582595429372,0.015211620547200001
0.3125,0.375,-0.09356361596536432,-0.02190157869870697,0.0151658136
0.3125,0.3875,-0.09317766186738924,-0.021571574801984558,0.015120006652799998
0.3125,0.4,-0.09279170776941413,-0.021241570905262148,0.0150741997056
0.3125,0.41250000000000003,-0.09240575367143902,-0.020911567008539734,0.015028392758399997
0.3125,0.42500000000000004,-0.09201979957346391,-0.020581563111817327,0.0149825858112
0.3125,0.4375,-0.09163384547548882,-0.020251559215094923,0.014936778863999998
0.3125,0.45,-0.09124789137751371,-0.019921555318372513,0.014890971916799998
0.3125,0.4625,-0.09086193727953862,-0.019591551421650102,0.014845164969599997
0.3125,0.47500000000000003,-0.09047598318156354,-0.019261547524927692,0.014799358022400002
0.3125,0.48750000000000004,-0.09009002908358843,-0.01893154362820528,0.014753551075200001
0.3125,0.5,-0.08970407498561334,-0.018601539731482875,0.014707744128
0.3125,0.5125000000000001,-0.08931812088763824,-0.018271535834760468,0.0146619371808
0.3125,0.525,-0.0889321667896631,-0.017941531938038057,0.014616130233599998
0.3125,0.5375,-0.088546212691688,-0.01761152804131565,0.0145703232864
0.3125,0.55,-0.08816025859371293,-0.01728152414459324,0.0145245163392
0.3125,0.5625,-0.08777430449573784,-0.016951520247870833,0.014478709392
0.3125,0.5750000000000001,-0.08738835039776272,-0.016621516351148422,0.014432902444799998
0.3125,0.5875,-0.08700239629978762,-0.01629151245442602,0.014387095497599997
0.3125,0.6000000000000001,-0.08661644220181253,-0.015961508557703605,0.014341288550399999
0.3125,0.6125,-0.08623048810383743,-0.015631504660981194,0.0142954816032
0.3125,0.625,-0.08584453400586232,-0.015301500764258789,0.014249674656000001
0.3125,0.6375000000000001,-0.08545857990788722,-0.014971496867536379,0.0142038677088
0.3125,0.65,-0.08507262580991214,-0.014641492970813973,0.014158060761599998
0.3125,0.6625000000000001,-0.08468667171193701,-0.014311489074091561,0.014112253814400002
0.3125,0.675,-0.08430071761396193,-0.013981485177369156,0.0140664468672
0.3125,0.6875,-0.08391476351598683,-0.013651481280646749,0.01402063992
0.3125,0.7000000000000001,-0.08352880941801175,-0.013321477383924335,0.0139748329728
0.3125,0.7125,-0.08314285532003662,-0.012991473487201928,0.013929026025599998
0.3125,0.7250000000000001,-0.08275690122206152,-0.012661469590479518,0.0138832190784
0.3125,0.7375,-0.08237094712408644,-0.01233146569375711,0.013837412131199999
0.3125,0.75,-0.08198499302611133,-0.012001461797034704,0.013791605184
0.3125,0.7625000000000001,-0.08159903892813622,-0.011671457900312293,0.013745798236800002
0.3125,0.775,-0.08121308483016115,-0.011341454003589884,0.0136999912896
0.3125,0.7875000000000001,-0.08082713073218603,-0.011011450106867474,0.013654184342400002
0.3125,0.8,-0.08044117663421094,-0.010681446210145067,0.0136083773952
0.3125,0.8125,-0.08005522253623581,-0.01035144231342266,0.013562570447999998
0.3125,0.8250000000000001,-0.07966926843826073,-0.010021438416700248,0.013516763500799996
0.3125,0.8375,-0.07928331434028564,-0.009691434519977843,0.013470956553599998
0.3125,0.8500000000000001,-0.07889736024231053,-0.009361430623255432,0.0134251496064
0.3125,0.8625,-0.07851140614433544,-0.009031426726533023,0.0133793426592
0.3125,0.875,-0.07812545204636032,-0.008701422829810615,0.013333535712
0.3125,0.8875000000000001,-0.07773949794838524,-0.008371418933088206,0.013287728764799998
0.3125,0.9,-0.07735354385041013,-0.008041415036365797,0.013241921817599998
0.3125,0.9125000000000001,-0.07696758975243503,-0.007711411139643387,0.0131961148704
0.3125,0.925,-0.07658163565445994,-0.007381407242920981,0.0131503079232
0.3125,0.9375,-0.07619568155648483,-0.007051403346198573,0.013104500976
0.3125,0.9500000000000001,-0.07580972745850972,-0.006721399449476162,0.013058694028799998
0.3125,0.9625,-0.07542377336053463,-0.0063913955527537545,0.013012887081599998
0.3125,0.9750000000000001,-0.07503781926255954,-0.006061391656031343,0.012967080134399999
0.3125,0.9875,-0.07465186516458444,-0.005731387759308938,0.0129212731872
0.3125,1.0,-0.07426591106660932,-0.005401383862586528,0.01287546624
0.325,0.0,-0.10658517082492706,-0.03307376342439439,0.01669452761088
0.325,0.0125,-0.10618400133627134,-0.03273055937180309,0.016646888385792
0.325,0.025,-0.10578283184761564,-0.03238735531921178,0.016599249160704002
0.325,0.037500000000000006,-0.10538166235895995,-0.03204415126662048,0.016551609935616
0.325,0.05,-0.10498049287030421,-0.03170094721402917,0.016503970710527997
0.325,0.0625,-0.10457932338164852,-0.03135774316143787,0.01645633148544
0.325,0.07500000000000001,-0.10417815389299281,-0.031014539108846564,0.016408692260352
0.325,0.08750000000000001,-0.1037769844043371,-0.030671335056255262,0.016361053035263997
0.325,0.1,-0.1033758149156814,-0.030328131003663956,0.016313413810175998
0.325,0.1125,-0.10297464542702567,-0.029984926951072646,0.016265774585088
0.325,0.125,-0.10257347593836996,-0.029641722898481344,0.01621813536
0.325,0.1375,-0.10217230644971426,-0.029298518845890038,0.016170496134911998
0.325,0.15000000000000002,-0.10177113696105854,-0.028955314793298735,0.016122856909824002
0.325,0.1625,-0.10136996747240283,-0.02861211074070743,0.016075217684736003
0.325,0.17500000000000002,-0.10096879798374711,-0.02826890668811612,0.016027578459647997
0.325,0.1875,-0.10056762849509139,-0.027925702635524817,0.015979939234560002
0.325,0.2,-0.10016645900643568,-0.027582498582933514,0.015932300009472003
0.325,0.21250000000000002,-0.09976528951777996,-0.0272392945303422,0.015884660784383997
0.325,0.225,-0.09936412002912424,-0.026896090477750902,0.015837021559295998
0.325,0.23750000000000002,-0.09896295054046854,-0.026552886425159593,0.015789382334208003
0.325,0.25,-0.09856178105181283,-0.026209682372568287,0.01574174310912
0.325,0.2625,-0.09816061156315711,-0.02586647831997699,0.015694103884031998
0.325,0.275,-0.09775944207450141,-0.02552327426738568,0.015646464658944002
0.325,0.28750000000000003,-0.09735827258584569,-0.025180070214794376,0.015598825433855996
0.325,0.30000000000000004,-0.09695710309718998,-0.02483686616220307,0.015551186208767998
0.325,0.3125,-0.09655593360853429,-0.024493662109611767,0.01550354698368
0.325,0.325,-0.09615476411987857,-0.02415045805702046,0.015455907758592
0.325,0.3375,-0.09575359463122288,-0.023807254004429155,0.015408268533504
0.325,0.35000000000000003,-0.09535242514256714,-0.02346404995183785,0.015360629308415997
0.325,0.36250000000000004,-0.09495125565391142,-0.023120845899246546,0.015312990083327998
0.325,0.375,-0.09455008616525573,-0.02277764184665524,0.01526535085824
0.325,0.3875,-0.0941489166766,-0.02243443779406394,0.015217711633151998
0.325,0.4,-0.0937477471879443,-0.02209123374147263,0.015170072408064
0.325,0.41250000000000003,-0.09334657769928857,-0.02174802968888132,0.015122433182976
0.325,0.42500000000000004,-0.09294540821063285,-0.021404825636290023,0.015074793957887998
0.325,0.4375,-0.09254423872197717,-0.021061621583698717,0.0150271547328
0.325,0.45,-0.09214306923332144,-0.02071841753110741,0.014979515507712001
0.325,0.4625,-0.09174189974466573,-0.02037521347851611,0.014931876282624
0.325,0.47500000000000003,-0.09134073025601001,-0.0200320094259248,0.014884237057535997
0.325,0.48750000000000004,-0.09093956076735431,-0.019688805373333493,0.014836597832447998
0.325,0.5,-0.09053839127869862,-0.019345601320742194,0.014788958607359997
0.325,0.5125000000000001,-0.09013722179004288,-0.019002397268150884,0.014741319382271998
0.325,0.525,-0.0897360523013872,-0.018659193215559585,0.014693680157184
0.325,0.5375,-0.08933488281273147,-0.01831598916296828,0.014646040932095998
0.325,0.55,-0.08893371332407575,-0.017972785110376966,0.014598401707007998
0.325,0.5625,-0.08853254383542003,-0.01762958105778567,0.014550762481919999
0.325,0.5750000000000001,-0.08813137434676432,-0.017286377005194357,0.014503123256831998
0.325,0.5875,-0.0877302048581086,-0.016943172952603055,0.014455484031744
0.325,0.6000000000000001,-0.08732903536945291,-0.01659996890001175,0.014407844806656002
0.325,0.6125,-0.08692786588079719,-0.016256764847420446,0.014360205581567998
0.325,0.625,-0.08652669639214147,-0.01591356079482914,0.014312566356479999
0.325,0.6375000000000001,-0.08612552690348577,-0.015570356742237834,0.014264927131392002
0.325,0.65,-0.08572435741483007,-0.015227152689646532,0.014217287906304
0.325,0.6625000000000001,-0.08532318792617434,-0.014883948637055224,0.014169648681216002
0.325,0.675,-0.08492201843751863,-0.01454074458446392,0.014122009456128003
0.325,0.6875,-0.08452084894886291,-0.014197540531872617,0.014074370231039999
0.325,0.7000000000000001,-0.08411967946020721,-0.01385433647928131,0.014026731005951998
0.325,0.7125,-0.0837185099715515,-0.013511132426690005,0.013979091780864
0.325,0.7250000000000001,-0.08331734048289578,-0.0131679283740987,0.013931452555775999
0.325,0.7375,-0.08291617099424006,-0.012824724321507396,0.013883813330688
0.325,0.75,-0.08251500150558434,-0.01248152026891609,0.013836174105599999
0.325,0.7625000000000001,-0.08211383201692865,-0.012138316216324784,0.013788534880511998
0.325,0.775,-0.08171266252827293,-0.011795112163733482,0.013740895655424
0.325,0.7875000000000001,-0.08131149303961722,-0.011451908111142172,0.013693256430336002
0.325,0.8,-0.0809103235509615,-0.01110870405855087,0.013645617205248
0.325,0.8125,-0.08050915406230581,-0.010765500005959565,0.013597977980159999
0.325,0.8250000000000001,-0.08010798457365009,-0.01042229595336826,0.013550338755072
0.325,0.8375,-0.07970681508499437,-0.010079091900776955,0.013502699529984
0.325,0.8500000000000001,-0.07930564559633867,-0.009735887848185649,0.013455060304896
0.325,0.8625,-0.07890447610768297,-0.009392683795594345,0.013407421079808003
0.325,0.875,-0.07850330661902725,-0.009049479743003042,0.013359781854719999
0.325,0.8875000000000001,-0.07810213713037154,-0.008706275690411734,0.013312142629631998
0.325,0.9,-0.07770096764171583,-0.00836307163782043,0.013264503404544001
0.325,0.9125000000000001,-0.07729979815306011,-0.008019867585229124,0.013216864179455999
0.325,0.925,-0.0768986286644044,-0.0076766635326378195,0.013169224954368002
0.325,0.9375,-0.07649745917574868,-0.007333459480046516,0.013121585729280003
0.325,0.9500000000000001,-0.07609628968709296,-0.006990255427455209,0.013073946504191998
0.325,0.9625,-0.07569512019843726,-0.006647051374863905,0.013026307279104
0.325,0.9750000000000001,-0.07529395070978155,-0.006303847322272597,0.012978668054016
0.325,0.9875,-0.07489278122112582,-0.0059606432696812945,0.012931028828928
0.325,1.0,-0.07449161173247013,-0.00561743921708999,0.012883389603840001
0.3375,0.0,-0.10802810274523685,-0.034345831248409564,0.016849033205760002
0.3375,0.0125,-0.10761171786590051,-0.03398942703994936,0.016799561702784
0.3375,0.025,-0.10719533298656418,-0.03363302283148916,0.016750090199808
0.3375,0.037500000000000006,-0.10677894810722786,-0.033276618623028956,0.016700618696832
0.3375,0.05,-0.10636256322789155,-0.03292021441456876,0.016651147193856002
0.3375,0.0625,-0.10594617834855521,-0.03256381020610856,0.016601675690880002
0.3375,0.07500000000000001,-0.1055297934692189,-0.032207405997648354,0.016552204187904
0.3375,0.08750000000000001,-0.10511340858988256,-0.03185100178918815,0.016502732684928002
0.3375,0.1,-0.10469702371054623,-0.03149459758072795,0.016453261181952
0.3375,0.1125,-0.10428063883120992,-0.03113819337226775,0.016403789678976002
0.3375,0.125,-0.10386425395187358,-0.030781789163807548,0.016354318176
0.3375,0.1375,-0.10344786907253728,-0.030425384955347353,0.016304846673024002
0.3375,0.15000000000000002,-0.10303148419320092,-0.03006898074688714,0.016255375170048
0.3375,0.1625,-0.10261509931386462,-0.029712576538426943,0.016205903667072
0.3375,0.17500000000000002,-0.10219871443452828,-0.029356172329966745,0.016156432164096
0.3375,0.1875,-0.10178232955519198,-0.028999768121506543,0.01610696066112
0.3375,0.2,-0.10136594467585565,-0.028643363913046345,0.016057489158144
0.3375,0.21250000000000002,-0.10094955979651932,-0.028286959704586136,0.016008017655168
0.3375,0.225,-0.100533174917183,-0.02793055549612593,0.015958546152192
0.3375,0.23750000000000002,-0.10011679003784667,-0.027574151287665733,0.015909074649216
0.3375,0.25,-0.09970040515851038,-0.027217747079205535,0.01585960314624
0.3375,0.2625,-0.09928402027917403,-0.026861342870745333,0.015810131643264
0.3375,0.275,-0.0988676353998377,-0.026504938662285128,0.015760660140288
0.3375,0.28750000000000003,-0.09845125052050138,-0.02614853445382493,0.015711188637311996
0.3375,0.30000000000000004,-0.09803486564116506,-0.025792130245364732,0.015661717134336
0.3375,0.3125,-0.09761848076182875,-0.02543572603690453,0.01561224563136
0.3375,0.325,-0.0972020958824924,-0.025079321828444325,0.015562774128384001
0.3375,0.3375,-0.09678571100315607,-0.024722917619984127,0.015513302625408
0.3375,0.35000000000000003,-0.09636932612381975,-0.02436651341152392,0.015463831122431998
0.3375,0.36250000000000004,-0.09595294124448342,-0.02401010920306372,0.015414359619456
0.3375,0.375,-0.09553655636514712,-0.023653704994603522,0.015364888116479998
0.3375,0.3875,-0.09512017148581078,-0.02329730078614332,0.015315416613504001
0.3375,0.4,-0.09470378660647447,-0.022940896577683115,0.015265945110528
0.3375,0.41250000000000003,-0.09428740172713815,-0.022584492369222914,0.015216473607551998
0.3375,0.42500000000000004,-0.09387101684780182,-0.022228088160762712,0.015167002104576
0.3375,0.4375,-0.09345463196846548,-0.021871683952302514,0.015117530601599998
0.3375,0.45,-0.09303824708912917,-0.021515279743842312,0.015068059098624
0.3375,0.4625,-0.09262186220979285,-0.021158875535382107,0.015018587595647998
0.3375,0.47500000000000003,-0.09220547733045652,-0.020802471326921906,0.014969116092672001
0.3375,0.48750000000000004,-0.09178909245112019,-0.020446067118461704,0.014919644589696
0.3375,0.5,-0.09137270757178384,-0.020089662910001502,0.014870173086719998
0.3375,0.5125000000000001,-0.09095632269244755,-0.019733258701541304,0.014820701583744
0.3375,0.525,-0.0905399378131112,-0.019376854493081103,0.014771230080767998
0.3375,0.5375,-0.0901235529337749,-0.019020450284620904,0.014721758577792
0.3375,0.55,-0.08970716805443857,-0.0186640460761607,0.014672287074816001
0.3375,0.5625,-0.08929078317510225,-0.018307641867700498,0.014622815571840003
0.3375,0.5750000000000001,-0.08887439829576593,-0.017951237659240296,0.014573344068864002
0.3375,0.5875,-0.0884580134164296,-0.017594833450780095,0.014523872565888
0.3375,0.6000000000000001,-0.0880416285370933,-0.017238429242319893,0.014474401062912002
0.3375,0.6125,-0.08762524365775697,-0.01688202503385969,0.014424929559936
0.3375,0.625,-0.08720885877842062,-0.016525620825399493,0.01437545805696
0.3375,0.6375000000000001,-0.0867924738990843,-0.016169216616939288,0.014325986553984002
0.3375,0.65,-0.08637608901974798,-0.01581281240847909,0.014276515051008003
0.3375,0.6625000000000001,-0.08595970414041167,-0.015456408200018886,0.014227043548032002
0.3375,0.675,-0.08554331926107533,-0.015100003991558687,0.014177572045056
0.3375,0.6875,-0.08512693438173899,-0.014743599783098487,0.014128100542080002
0.3375,0.7000000000000001,-0.0847105495024027,-0.014387195574638283,0.014078629039104
0.3375,0.7125,-0.08429416462306637,-0.014030791366178083,0.014029157536128002
0.3375,0.7250000000000001,-0.08387777974373004,-0.01367438715771788,0.013979686033152
0.3375,0.7375,-0.08346139486439372,-0.01331798294925768,0.013930214530175998
0.3375,0.75,-0.08304500998505739,-0.012961578740797479,0.013880743027199998
0.3375,0.7625000000000001,-0.08262862510572107,-0.012605174532337277,0.013831271524223998
0.3375,0.775,-0.08221224022638474,-0.012248770323877075,0.013781800021247998
0.3375,0.7875000000000001,-0.0817958553470484,-0.011892366115416874,0.013732328518271997
0.3375,0.8,-0.08137947046771209,-0.011535961906956672,0.013682857015295995
0.3375,0.8125,-0.08096308558837577,-0.011179557698496472,0.01363338551232
0.3375,0.8250000000000001,-0.08054670070903945,-0.010823153490036269,0.013583914009343999
0.3375,0.8375,-0.08013031582970312,-0.010466749281576067,0.013534442506368
0.3375,0.8500000000000001,-0.07971393095036679,-0.010110345073115867,0.013484971003391999
0.3375,0.8625,-0.07929754607103047,-0.009753940864655664,0.013435499500416
0.3375,0.875,-0.07888116119169417,-0.009397536656195464,0.013386027997439999
0.3375,0.8875000000000001,-0.07846477631235783,-0.009041132447735262,0.013336556494463999
0.3375,0.9,-0.0780483914330215,-0.008684728239275063,0.013287084991488
0.3375,0.9125000000000001,-0.07763200655368518,-0.008328324030814857,0.013237613488511999
0.3375,0.925,-0.07721562167434884,-0.00797191982235466,0.013188141985536
0.3375,0.9375,-0.07679923679501252,-0.0076155156138944585,0.013138670482559999
0.3375,0.9500000000000001,-0.0763828519156762,-0.007259111405434255,0.013089198979583997
0.3375,0.9625,-0.07596646703633989,-0.006902707196974054,0.013039727476607999
0.3375,0.9750000000000001,-0.07555008215700354,-0.00654630298851385,0.012990255973632
0.3375,0.9875,-0.07513369727766724,-0.006189898780053653,0.012940784470656
0.3375,1.0,-0.0747173123983309,-0.005833494571593451,0.01289131296768
0.35000000000000003,0.0,-0.10947103466554658,-0.03561789907242473,0.01700353880064
0.35000000000000003,0.0125,-0.10903943439552967,-0.03524829470809564,0.016952235019776003
0.35000000000000003,0.025,-0.10860783412551273,-0.03487869034376653,0.016900931238912
0.35000000000000003,0.037500000000000006,-0.1081762338554958,-0.03450908597943744,0.016849627458048
0.35000000000000003,0.05,-0.10774463358547885,-0.03413948161510834,0.016798323677184
0.35000000000000003,0.0625,-0.1073130333154619,-0.03376987725077925,0.01674701989632
0.35000000000000003,0.07500000000000001,-0.10688143304544498,-0.033400272886450144,0.016695716115456
0.35000000000000003,0.08750000000000001,-0.10644983277542805,-0.03303066852212105,0.016644412334591997
0.35000000000000003,0.1,-0.10601823250541112,-0.03266106415779195,0.016593108553728
0.35000000000000003,0.1125,-0.10558663223539418,-0.03229145979346285,0.016541804772864002
0.35000000000000003,0.125,-0.10515503196537725,-0.031921855429133755,0.016490500991999998
0.35000000000000003,0.1375,-0.1047234316953603,-0.031552251064804665,0.016439197211136
0.35000000000000003,0.15000000000000002,-0.10429183142534335,-0.031182646700475557,0.016387893430272
0.35000000000000003,0.1625,-0.10386023115532642,-0.030813042336146464,0.016336589649407998
0.35000000000000003,0.17500000000000002,-0.10342863088530947,-0.030443437971817363,0.016285285868544
0.35000000000000003,0.1875,-0.10299703061529257,-0.03007383360748827,0.01623398208768
0.35000000000000003,0.2,-0.10256543034527561,-0.02970422924315917,0.016182678306816
0.35000000000000003,0.21250000000000002,-0.10213383007525867,-0.029334624878830068,0.016131374525951998
0.35000000000000003,0.225,-0.10170222980524174,-0.028965020514500974,0.016080070745087997
0.35000000000000003,0.23750000000000002,-0.10127062953522481,-0.028595416150171877,0.016028766964224
0.35000000000000003,0.25,-0.10083902926520788,-0.02822581178584278,0.015977463183359998
0.35000000000000003,0.2625,-0.10040742899519092,-0.02785620742151368,0.015926159402495997
0.35000000000000003,0.275,-0.099975828725174,-0.027486603057184585,0.015874855621632
0.35000000000000003,0.28750000000000003,-0.09954422845515706,-0.02711699869285548,0.015823551840768
0.35000000000000003,0.30000000000000004,-0.0991126281851401,-0.026747394328526384,0.015772248059903998
0.35000000000000003,0.3125,-0.09868102791512319,-0.026377789964197287,0.015720944279039997
0.35000000000000003,0.325,-0.09824942764510625,-0.026008185599868193,0.015669640498176
0.35000000000000003,0.3375,-0.09781782737508932,-0.025638581235539096,0.015618336717312
0.35000000000000003,0.35000000000000003,-0.09738622710507237,-0.02526897687120999,0.015567032936447999
0.35000000000000003,0.36250000000000004,-0.09695462683505546,-0.0248993725068809,0.015515729155584
0.35000000000000003,0.375,-0.09652302656503851,-0.0245297681425518,0.01546442537472
0.35000000000000003,0.3875,-0.09609142629502157,-0.024160163778222703,0.015413121593856001
0.35000000000000003,0.4,-0.09565982602500464,-0.023790559413893606,0.015361817812992
0.35000000000000003,0.41250000000000003,-0.09522822575498768,-0.023420955049564502,0.015310514032127997
0.35000000000000003,0.42500000000000004,-0.09479662548497075,-0.02305135068523541,0.015259210251263998
0.35000000000000003,0.4375,-0.09436502521495384,-0.02268174632090631,0.015207906470399999
0.35000000000000003,0.45,-0.0939334249449369,-0.022312141956577214,0.015156602689536
0.35000000000000003,0.4625,-0.09350182467491996,-0.021942537592248113,0.015105298908672
0.35000000000000003,0.47500000000000003,-0.093070224404903,-0.021572933227919016,0.015053995127807999
0.35000000000000003,0.48750000000000004,-0.09263862413488608,-0.02120332886358992,0.015002691346944
0.35000000000000003,0.5,-0.09220702386486915,-0.02083372449926082,0.014951387566079997
0.35000000000000003,0.5125000000000001,-0.09177542359485222,-0.02046412013493172,0.014900083785216
0.35000000000000003,0.525,-0.09134382332483527,-0.020094515770602627,0.014848780004352
0.35000000000000003,0.5375,-0.09091222305481833,-0.019724911406273533,0.014797476223487998
0.35000000000000003,0.55,-0.09048062278480139,-0.01935530704194443,0.014746172442623998
0.35000000000000003,0.5625,-0.09004902251478446,-0.018985702677615336,0.014694868661759999
0.35000000000000003,0.5750000000000001,-0.08961742224476751,-0.018616098313286235,0.014643564880895998
0.35000000000000003,0.5875,-0.0891858219747506,-0.018246493948957138,0.014592261100031999
0.35000000000000003,0.6000000000000001,-0.08875422170473365,-0.017876889584628037,0.014540957319168
0.35000000000000003,0.6125,-0.08832262143471672,-0.01750728522029894,0.014489653538304
0.35000000000000003,0.625,-0.0878910211646998,-0.017137680855969846,0.014438349757440001
0.35000000000000003,0.6375000000000001,-0.08745942089468285,-0.016768076491640745,0.014387045976576
0.35000000000000003,0.65,-0.08702782062466591,-0.016398472127311648,0.014335742195712
0.35000000000000003,0.6625000000000001,-0.08659622035464898,-0.01602886776298255,0.014284438414848001
0.35000000000000003,0.675,-0.08616462008463202,-0.015659263398653454,0.014233134633984
0.35000000000000003,0.6875,-0.08573301981461509,-0.015289659034324356,0.014181830853120001
0.35000000000000003,0.7000000000000001,-0.08530141954459818,-0.01492005466999526,0.014130527072256002
0.35000000000000003,0.7125,-0.08486981927458123,-0.014550450305666162,0.014079223291392
0.35000000000000003,0.7250000000000001,-0.08443821900456427,-0.014180845941337061,0.014027919510528
0.35000000000000003,0.7375,-0.08400661873454734,-0.013811241577007966,0.013976615729663999
0.35000000000000003,0.75,-0.08357501846453043,-0.013441637212678869,0.0139253119488
0.35000000000000003,0.7625000000000001,-0.0831434181945135,-0.01307203284834977,0.013874008167936
0.35000000000000003,0.775,-0.08271181792449654,-0.012702428484020672,0.013822704387072
0.35000000000000003,0.7875000000000001,-0.08228021765447963,-0.012332824119691572,0.013771400606208
0.35000000000000003,0.8,-0.08184861738446268,-0.011963219755362476,0.013720096825344
0.35000000000000003,0.8125,-0.08141701711444574,-0.011593615391033379,0.013668793044479998
0.35000000000000003,0.8250000000000001,-0.0809854168444288,-0.011224011026704278,0.013617489263615999
0.35000000000000003,0.8375,-0.08055381657441187,-0.010854406662375183,0.013566185482752001
0.35000000000000003,0.8500000000000001,-0.08012221630439494,-0.010484802298046084,0.013514881701887999
0.35000000000000003,0.8625,-0.07969061603437799,-0.010115197933716989,0.013463577921024
0.35000000000000003,0.875,-0.07925901576436105,-0.009745593569387891,0.013412274140159998
0.35000000000000003,0.8875000000000001,-0.0788274154943441,-0.00937598920505879,0.013360970359295999
0.35000000000000003,0.9,-0.0783958152243272,-0.009006384840729695,0.013309666578432003
0.35000000000000003,0.9125000000000001,-0.07796421495431023,-0.008636780476400594,0.013258362797567997
0.35000000000000003,0.925,-0.07753261468429329,-0.008267176112071499,0.013207059016703998
0.35000000000000003,0.9375,-0.07710101441427639,-0.007897571747742402,0.013155755235840002
0.35000000000000003,0.9500000000000001,-0.07666941414425946,-0.007527967383413302,0.013104451454976001
0.35000000000000003,0.9625,-0.07623781387424253,-0.007158363019084206,0.013053147674112002
0.35000000000000003,0.9750000000000001,-0.07580621360422556,-0.006788758654755105,0.013001843893248002
0.35000000000000003,0.9875,-0.07537461333420864,-0.006419154290426011,0.012950540112384
0.35000000000000003,1.0,-0.0749430130641917,-0.006049549926096913,0.01289923633152
0.36250000000000004,0.0,-0.11091396658585637,-0.036889966896439905,0.01715804439552
0.36250000000000004,0.0125,-0.11046715092515881,-0.03650716237624191,0.017104908336768
0.36250000000000004,0.025,-0.11002033526446124,-0.03612435785604392,0.017051772278016
0.36250000000000004,0.037500000000000006,-0.10957351960376369,-0.03574155333584592,0.016998636219264
0.36250000000000004,0.05,-0.10912670394306617,-0.03535874881564793,0.016945500160512
0.36250000000000004,0.0625,-0.10867988828236862,-0.03497594429544994,0.01689236410176
0.36250000000000004,0.07500000000000001,-0.10823307262167106,-0.03459313977525194,0.016839228043008
0.36250000000000004,0.08750000000000001,-0.1077862569609735,-0.034210335255053945,0.016786091984256
0.36250000000000004,0.1,-0.10733944130027598,-0.033827530734855955,0.016732955925504
0.36250000000000004,0.1125,-0.10689262563957842,-0.03344472621465796,0.016679819866752
0.36250000000000004,0.125,-0.10644580997888085,-0.03306192169445996,0.016626683807999997
0.36250000000000004,0.1375,-0.10599899431818331,-0.032679117174261973,0.016573547749247998
0.36250000000000004,0.15000000000000002,-0.10555217865748578,-0.03229631265406397,0.016520411690496003
0.36250000000000004,0.1625,-0.10510536299678822,-0.03191350813386598,0.016467275631744
0.36250000000000004,0.17500000000000002,-0.10465854733609067,-0.03153070361366799,0.016414139572992
0.36250000000000004,0.1875,-0.10421173167539313,-0.031147899093469995,0.01636100351424
0.36250000000000004,0.2,-0.10376491601469558,-0.030765094573272,0.016307867455488
0.36250000000000004,0.21250000000000002,-0.10331810035399805,-0.030382290053074003,0.016254731396736003
0.36250000000000004,0.225,-0.1028712846933005,-0.02999948553287601,0.016201595337983998
0.36250000000000004,0.23750000000000002,-0.10242446903260294,-0.02961668101267802,0.016148459279232
0.36250000000000004,0.25,-0.1019776533719054,-0.029233876492480017,0.016095323220479997
0.36250000000000004,0.2625,-0.10153083771120784,-0.028851071972282028,0.016042187161728002
0.36250000000000004,0.275,-0.1010840220505103,-0.028468267452084032,0.015989051102976
0.36250000000000004,0.28750000000000003,-0.10063720638981273,-0.02808546293188604,0.015935915044223998
0.36250000000000004,0.30000000000000004,-0.1001903907291152,-0.027702658411688053,0.015882778985472
0.36250000000000004,0.3125,-0.09974357506841765,-0.027319853891490053,0.01582964292672
0.36250000000000004,0.325,-0.09929675940772009,-0.02693704937129206,0.015776506867968
0.36250000000000004,0.3375,-0.09884994374702254,-0.02655424485109406,0.015723370809216
0.36250000000000004,0.35000000000000003,-0.09840312808632501,-0.026171440330896065,0.015670234750463995
0.36250000000000004,0.36250000000000004,-0.09795631242562745,-0.025788635810698075,0.015617098691712
0.36250000000000004,0.375,-0.09750949676492991,-0.025405831290500086,0.015563962632960001
0.36250000000000004,0.3875,-0.09706268110423236,-0.025023026770302086,0.015510826574207997
0.36250000000000004,0.4,-0.0966158654435348,-0.02464022225010409,0.015457690515456002
0.36250000000000004,0.41250000000000003,-0.09616904978283726,-0.024257417729906094,0.015404554456703998
0.36250000000000004,0.42500000000000004,-0.0957222341221397,-0.023874613209708104,0.015351418397952
0.36250000000000004,0.4375,-0.09527541846144216,-0.023491808689510115,0.0152982823392
0.36250000000000004,0.45,-0.0948286028007446,-0.02310900416931212,0.015245146280448001
0.36250000000000004,0.4625,-0.09438178714004707,-0.022726199649114123,0.015192010221696
0.36250000000000004,0.47500000000000003,-0.09393497147934951,-0.022343395128916126,0.015138874162944002
0.36250000000000004,0.48750000000000004,-0.09348815581865196,-0.021960590608718134,0.015085738104192
0.36250000000000004,0.5,-0.09304134015795443,-0.02157778608852014,0.01503260204544
0.36250000000000004,0.5125000000000001,-0.09259452449725687,-0.021194981568322144,0.014979465986688001
0.36250000000000004,0.525,-0.09214770883655932,-0.02081217704812415,0.014926329927935997
0.36250000000000004,0.5375,-0.09170089317586178,-0.020429372527926162,0.014873193869183999
0.36250000000000004,0.55,-0.0912540775151642,-0.020046568007728163,0.014820057810432
0.36250000000000004,0.5625,-0.09080726185446668,-0.01966376348753017,0.01476692175168
0.36250000000000004,0.5750000000000001,-0.09036044619376912,-0.019280958967332174,0.014713785692928001
0.36250000000000004,0.5875,-0.0899136305330716,-0.01889815444713418,0.014660649634175998
0.36250000000000004,0.6000000000000001,-0.08946681487237403,-0.01851534992693619,0.014607513575424
0.36250000000000004,0.6125,-0.0890199992116765,-0.01813254540673819,0.014554377516671999
0.36250000000000004,0.625,-0.08857318355097893,-0.0177497408865402,0.014501241457919997
0.36250000000000004,0.6375000000000001,-0.08812636789028136,-0.017366936366342206,0.014448105399167998
0.36250000000000004,0.65,-0.08767955222958383,-0.01698413184614421,0.014394969340416001
0.36250000000000004,0.6625000000000001,-0.08723273656888629,-0.016601327325946214,0.014341833281664
0.36250000000000004,0.675,-0.08678592090818875,-0.016218522805748224,0.014288697222912003
0.36250000000000004,0.6875,-0.08633910524749118,-0.015835718285550228,0.014235561164160002
0.36250000000000004,0.7000000000000001,-0.08589228958679365,-0.015452913765352233,0.014182425105408
0.36250000000000004,0.7125,-0.0854454739260961,-0.015070109245154237,0.014129289046656002
0.36250000000000004,0.7250000000000001,-0.08499865826539854,-0.014687304724956244,0.014076152987903998
0.36250000000000004,0.7375,-0.08455184260470101,-0.014304500204758252,0.014023016929152
0.36250000000000004,0.75,-0.08410502694400346,-0.013921695684560259,0.013969880870399999
0.36250000000000004,0.7625000000000001,-0.08365821128330587,-0.013538891164362262,0.013916744811647997
0.36250000000000004,0.775,-0.08321139562260835,-0.01315608664416427,0.013863608752896
0.36250000000000004,0.7875000000000001,-0.08276457996191079,-0.012773282123966273,0.013810472694143998
0.36250000000000004,0.8,-0.08231776430121326,-0.01239047760376828,0.013757336635392
0.36250000000000004,0.8125,-0.08187094864051572,-0.012007673083570286,0.01370420057664
0.36250000000000004,0.8250000000000001,-0.08142413297981815,-0.01162486856337229,0.013651064517887997
0.36250000000000004,0.8375,-0.08097731731912061,-0.011242064043174299,0.013597928459135999
0.36250000000000004,0.8500000000000001,-0.08053050165842306,-0.010859259522976302,0.013544792400383998
0.36250000000000004,0.8625,-0.08008368599772551,-0.01047645500277831,0.013491656341631996
0.36250000000000004,0.875,-0.07963687033702797,-0.010093650482580315,0.01343852028288
0.36250000000000004,0.8875000000000001,-0.07919005467633042,-0.009710845962382319,0.013385384224128001
0.36250000000000004,0.9,-0.07874323901563288,-0.009328041442184328,0.013332248165375999
0.36250000000000004,0.9125000000000001,-0.07829642335493531,-0.008945236921986332,0.013279112106624
0.36250000000000004,0.925,-0.07784960769423777,-0.008562432401788337,0.013225976047871998
0.36250000000000004,0.9375,-0.07740279203354022,-0.008179627881590348,0.013172839989119998
0.36250000000000004,0.9500000000000001,-0.07695597637284267,-0.00779682336139235,0.013119703930368
0.36250000000000004,0.9625,-0.07650916071214513,-0.007414018841194356,0.013066567871615998
0.36250000000000004,0.9750000000000001,-0.0760623450514476,-0.00703121432099636,0.013013431812864
0.36250000000000004,0.9875,-0.07561552939075004,-0.0066484098007983695,0.012960295754112002
0.36250000000000004,1.0,-0.07516871373005246,-0.006265605280600375,0.01290715969536
0.375,0.0,-0.11235689850616612,-0.03816203472045507,0.0173125499904
0.375,0.0125,-0.11189486745478797,-0.03776603004438818,0.017257581653760002
0.375,0.025,-0.11143283640340979,-0.03737002536832129,0.01720261331712
0.375,0.037500000000000006,-0.11097080535203159,-0.0369740206922544,0.01714764498048
0.375,0.05,-0.11050877430065346,-0.03657801601618751,0.017092676643839996
0.375,0.0625,-0.1100467432492753,-0.03618201134012062,0.0170377083072
0.375,0.07500000000000001,-0.10958471219789714,-0.035786006664053724,0.01698273997056
0.375,0.08750000000000001,-0.10912268114651898,-0.035390001987986835,0.016927771633919998
0.375,0.1,-0.10866065009514084,-0.034993997311919954,0.01687280329728
0.375,0.1125,-0.10819861904376267,-0.03459799263585306,0.016817834960640002
0.375,0.125,-0.1077365879923845,-0.03420198795978616,0.016762866624
0.375,0.1375,-0.10727455694100635,-0.033805983283719275,0.01670789828736
0.375,0.15000000000000002,-0.10681252588962817,-0.03340997860765238,0.016652929950719996
0.375,0.1625,-0.10635049483825003,-0.0330139739315855,0.01659796161408
0.375,0.17500000000000002,-0.10588846378687186,-0.03261796925551861,0.01654299327744
0.375,0.1875,-0.10542643273549368,-0.032221964579451715,0.016488024940799997
0.375,0.2,-0.10496440168411554,-0.03182595990338482,0.01643305660416
0.375,0.21250000000000002,-0.10450237063273739,-0.031429955227317924,0.016378088267519998
0.375,0.225,-0.10404033958135922,-0.031033950551251042,0.016323119930880002
0.375,0.23750000000000002,-0.10357830852998105,-0.030637945875184154,0.016268151594240002
0.375,0.25,-0.10311627747860291,-0.03024194119911726,0.0162131832576
0.375,0.2625,-0.10265424642722473,-0.02984593652305037,0.01615821492096
0.375,0.275,-0.10219221537584658,-0.02944993184698348,0.01610324658432
0.375,0.28750000000000003,-0.10173018432446841,-0.029053927170916587,0.01604827824768
0.375,0.30000000000000004,-0.10126815327309024,-0.028657922494849705,0.01599330991104
0.375,0.3125,-0.10080612222171208,-0.02826191781878281,0.015938341574399998
0.375,0.325,-0.10034409117033392,-0.027865913142715918,0.01588337323776
0.375,0.3375,-0.09988206011895577,-0.02746990846664903,0.015828404901119995
0.375,0.35000000000000003,-0.0994200290675776,-0.027073903790582138,0.015773436564479996
0.375,0.36250000000000004,-0.09895799801619944,-0.026677899114515246,0.01571846822784
0.375,0.375,-0.09849596696482131,-0.02628189443844836,0.0156634998912
0.375,0.3875,-0.09803393591344314,-0.02588588976238147,0.01560853155456
0.375,0.4,-0.09757190486206496,-0.025489885086314574,0.015553563217920001
0.375,0.41250000000000003,-0.09710987381068681,-0.025093880410247685,0.015498594881279998
0.375,0.42500000000000004,-0.09664784275930866,-0.024697875734180794,0.015443626544640002
0.375,0.4375,-0.09618581170793049,-0.024301871058113905,0.015388658207999999
0.375,0.45,-0.09572378065655231,-0.023905866382047017,0.015333689871359999
0.375,0.4625,-0.09526174960517417,-0.02350986170598012,0.01527872153472
0.375,0.47500000000000003,-0.09479971855379601,-0.023113857029913233,0.015223753198079996
0.375,0.48750000000000004,-0.09433768750241783,-0.02271785235384634,0.015168784861439999
0.375,0.5,-0.0938756564510397,-0.022321847677779453,0.015113816524799996
0.375,0.5125000000000001,-0.09341362539966151,-0.021925843001712558,0.01505884818816
0.375,0.525,-0.09295159434828337,-0.021529838325645673,0.015003879851520003
0.375,0.5375,-0.09248956329690522,-0.021133833649578784,0.01494891151488
0.375,0.55,-0.09202753224552704,-0.020737828973511892,0.01489394317824
0.375,0.5625,-0.09156550119414889,-0.020341824297445,0.014838974841599998
0.375,0.5750000000000001,-0.09110347014277072,-0.019945819621378105,0.014784006504959998
0.375,0.5875,-0.09064143909139256,-0.01954981494531122,0.01472903816832
0.375,0.6000000000000001,-0.0901794080400144,-0.01915381026924433,0.014674069831679997
0.375,0.6125,-0.08971737698863623,-0.018757805593177437,0.014619101495039998
0.375,0.625,-0.08925534593725808,-0.018361800917110548,0.014564133158399998
0.375,0.6375000000000001,-0.08879331488587991,-0.017965796241043656,0.014509164821759998
0.375,0.65,-0.08833128383450176,-0.017569791564976765,0.014454196485119999
0.375,0.6625000000000001,-0.08786925278312359,-0.017173786888909876,0.01439922814848
0.375,0.675,-0.08740722173174545,-0.016777782212842988,0.01434425981184
0.375,0.6875,-0.08694519068036728,-0.016381777536776096,0.014289291475200002
0.375,0.7000000000000001,-0.08648315962898914,-0.015985772860709204,0.014234323138559999
0.375,0.7125,-0.08602112857761098,-0.015589768184642314,0.014179354801919999
0.375,0.7250000000000001,-0.0855590975262328,-0.01519376350857542,0.014124386465279998
0.375,0.7375,-0.08509706647485463,-0.014797758832508534,0.01406941812864
0.375,0.75,-0.08463503542347647,-0.014401754156441642,0.014014449792
0.375,0.7625000000000001,-0.0841730043720983,-0.014005749480374752,0.013959481455359997
0.375,0.775,-0.08371097332072014,-0.013609744804307863,0.013904513118719998
0.375,0.7875000000000001,-0.083248942269342,-0.01321374012824097,0.013849544782079998
0.375,0.8,-0.08278691121796383,-0.01281773545217408,0.01379457644544
0.375,0.8125,-0.08232488016658568,-0.012421730776107191,0.0137396081088
0.375,0.8250000000000001,-0.0818628491152075,-0.012025726100040298,0.013684639772159998
0.375,0.8375,-0.08140081806382937,-0.011629721423973411,0.013629671435520001
0.375,0.8500000000000001,-0.08093878701245119,-0.01123371674790652,0.013574703098879998
0.375,0.8625,-0.08047675596107304,-0.010837712071839629,0.013519734762239999
0.375,0.875,-0.08001472490969488,-0.010441707395772739,0.0134647664256
0.375,0.8875000000000001,-0.07955269385831669,-0.010045702719705847,0.01340979808896
0.375,0.9,-0.07909066280693854,-0.009649698043638959,0.01335482975232
0.375,0.9125000000000001,-0.0786286317555604,-0.009253693367572065,0.013299861415679999
0.375,0.925,-0.07816660070418224,-0.008857688691505177,0.01324489307904
0.375,0.9375,-0.07770456965280405,-0.008461684015438288,0.013189924742400001
0.375,0.9500000000000001,-0.07724253860142591,-0.008065679339371395,0.013134956405759998
0.375,0.9625,-0.07678050755004776,-0.0076696746633045055,0.013079988069119999
0.375,0.9750000000000001,-0.07631847649866959,-0.007273669987237612,0.01302501973248
0.375,0.9875,-0.07585644544729143,-0.006877665311170724,0.012970051395839998
0.375,1.0,-0.07539441439591327,-0.006481660635103834,0.012915083059200002
0.3875,0.0,-0.11379983042647585,-0.03943410254447024,0.01746705558528
0.3875,0.0125,-0.11332258398441711,-0.03902489771253446,0.017410254970751996
0.3875,0.025,-0.11284533754235831,-0.038615692880598664,0.017353454356223996
0.3875,0.037500000000000006,-0.11236809110029955,-0.038206488048662876,0.017296653741696
0.3875,0.05,-0.11189084465824078,-0.03779728321672709,0.017239853127168
0.3875,0.0625,-0.11141359821618202,-0.0373880783847913,0.017183052512640004
0.3875,0.07500000000000001,-0.11093635177412325,-0.03697887355285552,0.017126251898112003
0.3875,0.08750000000000001,-0.11045910533206446,-0.036569668720919726,0.017069451283584003
0.3875,0.1,-0.10998185889000567,-0.036160463888983946,0.017012650669056
0.3875,0.1125,-0.1095046124479469,-0.03575125905704815,0.016955850054527998
0.3875,0.125,-0.10902736600588812,-0.03534205422511237,0.016899049439999998
0.3875,0.1375,-0.10855011956382934,-0.03493284939317659,0.016842248825471997
0.3875,0.15000000000000002,-0.10807287312177061,-0.034523644561240796,0.016785448210944
0.3875,0.1625,-0.10759562667971183,-0.034114439729305016,0.016728647596416
0.3875,0.17500000000000002,-0.10711838023765304,-0.03370523489736922,0.016671846981888
0.3875,0.1875,-0.10664113379559427,-0.033296030065433434,0.01661504636736
0.3875,0.2,-0.1061638873535355,-0.03288682523349765,0.016558245752832
0.3875,0.21250000000000002,-0.10568664091147673,-0.03247762040156186,0.016501445138304
0.3875,0.225,-0.10520939446941796,-0.03206841556962608,0.016444644523776
0.3875,0.23750000000000002,-0.10473214802735917,-0.031659210737690284,0.016387843909248
0.3875,0.25,-0.1042549015853004,-0.031250005905754503,0.01633104329472
0.3875,0.2625,-0.10377765514324165,-0.03084080107381872,0.016274242680191998
0.3875,0.275,-0.10330040870118287,-0.03043159624188293,0.016217442065664
0.3875,0.28750000000000003,-0.10282316225912409,-0.03002239140994714,0.016160641451136
0.3875,0.30000000000000004,-0.10234591581706531,-0.02961318657801136,0.016103840836608
0.3875,0.3125,-0.10186866937500658,-0.029203981746075566,0.01604704022208
0.3875,0.325,-0.10139142293294777,-0.02879477691413978,0.015990239607552
0.3875,0.3375,-0.10091417649088899,-0.028385572082204002,0.015933438993023998
0.3875,0.35000000000000003,-0.10043693004883023,-0.027976367250268207,0.015876638378496
0.3875,0.36250000000000004,-0.09995968360677147,-0.027567162418332427,0.015819837763968
0.3875,0.375,-0.09948243716471268,-0.027157957586396636,0.01576303714944
0.3875,0.3875,-0.09900519072265393,-0.02674875275446085,0.015706236534912002
0.3875,0.4,-0.09852794428059514,-0.02633954792252506,0.015649435920384
0.3875,0.41250000000000003,-0.09805069783853637,-0.02593034309058927,0.015592635305855997
0.3875,0.42500000000000004,-0.09757345139647758,-0.025521138258653483,0.015535834691327997
0.3875,0.4375,-0.09709620495441881,-0.0251119334267177,0.015479034076799996
0.3875,0.45,-0.09661895851236003,-0.024702728594781915,0.015422233462271999
0.3875,0.4625,-0.09614171207030128,-0.024293523762846124,0.015365432847744002
0.3875,0.47500000000000003,-0.09566446562824252,-0.02388431893091034,0.015308632233216001
0.3875,0.48750000000000004,-0.09518721918618372,-0.02347511409897455,0.015251831618687999
0.3875,0.5,-0.09470997274412496,-0.023065909267038765,0.015195031004159998
0.3875,0.5125000000000001,-0.0942327263020662,-0.022656704435102978,0.015138230389631998
0.3875,0.525,-0.09375547986000743,-0.02224749960316719,0.015081429775103999
0.3875,0.5375,-0.09327823341794864,-0.02183829477123141,0.015024629160575998
0.3875,0.55,-0.09280098697588987,-0.021429089939295615,0.014967828546047997
0.3875,0.5625,-0.09232374053383112,-0.021019885107359835,0.01491102793152
0.3875,0.5750000000000001,-0.09184649409177231,-0.020610680275424044,0.014854227316991998
0.3875,0.5875,-0.09136924764971355,-0.020201475443488257,0.014797426702464
0.3875,0.6000000000000001,-0.09089200120765477,-0.019792270611552473,0.014740626087936
0.3875,0.6125,-0.09041475476559602,-0.01938306577961668,0.014683825473408
0.3875,0.625,-0.08993750832353722,-0.018973860947680898,0.014627024858879999
0.3875,0.6375000000000001,-0.08946026188147846,-0.01856465611574511,0.014570224244352
0.3875,0.65,-0.08898301543941968,-0.018155451283809323,0.014513423629824
0.3875,0.6625000000000001,-0.08850576899736091,-0.017746246451873535,0.014456623015295999
0.3875,0.675,-0.08802852255530214,-0.017337041619937748,0.014399822400767998
0.3875,0.6875,-0.08755127611324337,-0.016927836788001964,0.01434302178624
0.3875,0.7000000000000001,-0.08707402967118459,-0.016518631956066177,0.014286221171711999
0.3875,0.7125,-0.08659678322912583,-0.016109427124130393,0.014229420557184002
0.3875,0.7250000000000001,-0.08611953678706705,-0.0157002222921946,0.014172619942656001
0.3875,0.7375,-0.08564229034500827,-0.015291017460258818,0.014115819328128
0.3875,0.75,-0.08516504390294952,-0.014881812628323034,0.014059018713599998
0.3875,0.7625000000000001,-0.08468779746089074,-0.014472607796387243,0.014002218099072001
0.3875,0.775,-0.08421055101883197,-0.014063402964451459,0.013945417484544
0.3875,0.7875000000000001,-0.08373330457677317,-0.013654198132515666,0.013888616870016
0.3875,0.8,-0.08325605813471443,-0.013244993300579882,0.013831816255487999
0.3875,0.8125,-0.08277881169265563,-0.012835788468644097,0.01377501564096
0.3875,0.8250000000000001,-0.08230156525059687,-0.012426583636708307,0.013718215026431996
0.3875,0.8375,-0.08182431880853808,-0.012017378804772523,0.013661414411903995
0.3875,0.8500000000000001,-0.08134707236647931,-0.011608173972836734,0.013604613797375998
0.3875,0.8625,-0.08086982592442057,-0.011198969140900948,0.013547813182848001
0.3875,0.875,-0.08039257948236178,-0.010789764308965165,0.013491012568320002
0.3875,0.8875000000000001,-0.079915333040303,-0.010380559477029374,0.013434211953792002
0.3875,0.9,-0.07943808659824422,-0.00997135464509359,0.013377411339264001
0.3875,0.9125000000000001,-0.07896084015618547,-0.0095621498131578,0.013320610724735999
0.3875,0.925,-0.07848359371412669,-0.009152944981222015,0.013263810110207998
0.3875,0.9375,-0.07800634727206791,-0.00874374014928623,0.01320700949568
0.3875,0.9500000000000001,-0.07752910083000913,-0.008334535317350442,0.013150208881151999
0.3875,0.9625,-0.07705185438795038,-0.007925330485414654,0.013093408266623998
0.3875,0.9750000000000001,-0.07657460794589159,-0.007516125653478865,0.013036607652096
0.3875,0.9875,-0.07609736150383282,-0.007106920821543082,0.012979807037568
0.3875,1.0,-0.07562011506177406,-0.006697715989607295,0.01292300642304
0.4,0.0,-0.11524276234678563,-0.0407061703684854,0.01762156118016
0.4,0.0125,-0.11475030051404622,-0.04028376538068072,0.017562928287744
0.4,0.025,-0.11425783868130687,-0.039861360392876036,0.017504295395328
0.4,0.037500000000000006,-0.11376537684856744,-0.039438955405071356,0.017445662502912
0.4,0.05,-0.11327291501582808,-0.03901655041726668,0.017387029610496
0.4,0.0625,-0.1127804531830887,-0.038594145429462,0.01732839671808
0.4,0.07500000000000001,-0.1122879913503493,-0.03817174044165731,0.017269763825664
0.4,0.08750000000000001,-0.11179552951760996,-0.037749335453852624,0.017211130933247998
0.4,0.1,-0.11130306768487055,-0.037326930466047945,0.017152498040832
0.4,0.1125,-0.11081060585213115,-0.03690452547824325,0.017093865148415998
0.4,0.125,-0.11031814401939177,-0.03648212049043857,0.017035232256
0.4,0.1375,-0.1098256821866524,-0.0360597155026339,0.016976599363583998
0.4,0.15000000000000002,-0.10933322035391299,-0.03563731051482921,0.016917966471168
0.4,0.1625,-0.10884075852117361,-0.035214905527024526,0.016859333578752
0.4,0.17500000000000002,-0.10834829668843422,-0.03479250053921984,0.016800700686335997
0.4,0.1875,-0.10785583485569486,-0.03437009555141516,0.016742067793920002
0.4,0.2,-0.10736337302295548,-0.03394769056361047,0.016683434901504
0.4,0.21250000000000002,-0.10687091119021608,-0.033525285575805794,0.016624802009088
0.4,0.225,-0.1063784493574767,-0.033102880588001114,0.016566169116672
0.4,0.23750000000000002,-0.10588598752473731,-0.03268047560019643,0.016507536224256
0.4,0.25,-0.10539352569199792,-0.03225807061239174,0.016448903331839997
0.4,0.2625,-0.10490106385925856,-0.03183566562458706,0.016390270439424
0.4,0.275,-0.10440860202651915,-0.031413260636782375,0.016331637547008
0.4,0.28750000000000003,-0.10391614019377976,-0.030990855648977692,0.016273004654592
0.4,0.30000000000000004,-0.10342367836104038,-0.030568450661173013,0.016214371762175998
0.4,0.3125,-0.102931216528301,-0.030146045673368326,0.01615573886976
0.4,0.325,-0.10243875469556162,-0.029723640685563647,0.016097105977343998
0.4,0.3375,-0.10194629286282222,-0.029301235697758967,0.016038473084928
0.4,0.35000000000000003,-0.10145383103008285,-0.028878830709954277,0.015979840192511998
0.4,0.36250000000000004,-0.10096136919734344,-0.028456425722149594,0.015921207300096
0.4,0.375,-0.10046890736460408,-0.02803402073434491,0.01586257440768
0.4,0.3875,-0.0999764455318647,-0.02761161574654023,0.015803941515264
0.4,0.4,-0.09948398369912531,-0.027189210758735552,0.015745308622848
0.4,0.41250000000000003,-0.0989915218663859,-0.02676680577093086,0.015686675730431997
0.4,0.42500000000000004,-0.09849906003364653,-0.02634440078312618,0.015628042838016002
0.4,0.4375,-0.09800659820090715,-0.025921995795321496,0.015569409945599997
0.4,0.45,-0.09751413636816778,-0.025499590807516816,0.015510777053184
0.4,0.4625,-0.09702167453542838,-0.02507718581971213,0.015452144160767999
0.4,0.47500000000000003,-0.096529212702689,-0.024654780831907443,0.015393511268351999
0.4,0.48750000000000004,-0.09603675086994962,-0.024232375844102764,0.015334878375935999
0.4,0.5,-0.09554428903721024,-0.02380997085629808,0.015276245483520001
0.4,0.5125000000000001,-0.09505182720447083,-0.023387565868493394,0.015217612591104001
0.4,0.525,-0.09455936537173147,-0.022965160880688718,0.015158979698688003
0.4,0.5375,-0.09406690353899207,-0.022542755892884035,0.015100346806272
0.4,0.55,-0.0935744417062527,-0.02212035090507935,0.015041713913856001
0.4,0.5625,-0.0930819798735133,-0.02169794591727467,0.014983081021439998
0.4,0.5750000000000001,-0.09258951804077391,-0.021275540929469983,0.014924448129023998
0.4,0.5875,-0.09209705620803456,-0.020853135941665303,0.014865815236608
0.4,0.6000000000000001,-0.09160459437529514,-0.020430730953860613,0.014807182344191998
0.4,0.6125,-0.09111213254255579,-0.02000832596605593,0.014748549451776002
0.4,0.625,-0.09061967070981639,-0.019585920978251247,0.014689916559359998
0.4,0.6375000000000001,-0.09012720887707698,-0.019163515990446568,0.014631283666944
0.4,0.65,-0.0896347470443376,-0.018741111002641885,0.014572650774527997
0.4,0.6625000000000001,-0.08914228521159823,-0.0183187060148372,0.014514017882111999
0.4,0.675,-0.08864982337885885,-0.017896301027032515,0.014455384989696002
0.4,0.6875,-0.08815736154611946,-0.017473896039227832,0.01439675209728
0.4,0.7000000000000001,-0.08766489971338008,-0.017051491051423152,0.014338119204864
0.4,0.7125,-0.08717243788064066,-0.016629086063618466,0.014279486312447997
0.4,0.7250000000000001,-0.08667997604790131,-0.016206681075813783,0.014220853420031999
0.4,0.7375,-0.08618751421516192,-0.015784276088009103,0.014162220527616
0.4,0.75,-0.08569505238242255,-0.01536187110020442,0.014103587635200001
0.4,0.7625000000000001,-0.08520259054968315,-0.014939466112399736,0.014044954742784001
0.4,0.775,-0.08471012871694376,-0.014517061124595054,0.013986321850368
0.4,0.7875000000000001,-0.0842176668842044,-0.014094656136790366,0.013927688957952
0.4,0.8,-0.083725205051465,-0.013672251148985686,0.013869056065535998
0.4,0.8125,-0.08323274321872562,-0.013249846161181003,0.013810423173120001
0.4,0.8250000000000001,-0.08274028138598623,-0.012827441173376317,0.013751790280704
0.4,0.8375,-0.08224781955324684,-0.012405036185571637,0.013693157388288
0.4,0.8500000000000001,-0.08175535772050746,-0.011982631197766953,0.013634524495872
0.4,0.8625,-0.08126289588776808,-0.01156022620996227,0.013575891603455998
0.4,0.875,-0.08077043405502868,-0.011137821222157588,0.013517258711039998
0.4,0.8875000000000001,-0.08027797222228929,-0.010715416234352904,0.013458625818623997
0.4,0.9,-0.07978551038954991,-0.010293011246548222,0.013399992926208
0.4,0.9125000000000001,-0.07929304855681055,-0.009870606258743538,0.013341360033792002
0.4,0.925,-0.07880058672407114,-0.009448201270938855,0.013282727141375999
0.4,0.9375,-0.07830812489133177,-0.009025796283134173,0.01322409424896
0.4,0.9500000000000001,-0.07781566305859239,-0.008603391295329487,0.013165461356543999
0.4,0.9625,-0.07732320122585298,-0.008180986307524805,0.013106828464128
0.4,0.9750000000000001,-0.0768307393931136,-0.00775858131972012,0.013048195571712001
0.4,0.9875,-0.07633827756037423,-0.007336176331915439,0.012989562679296
0.4,1.0,-0.07584581572763484,-0.006913771344110757,0.012930929786880001
0.41250000000000003,0.0,-0.11668569426709538,-0.04197823819250058,0.01777606677504
0.41250000000000003,0.0125,-0.11617801704367536,-0.041542633048827,0.017715601604736
0.41250000000000003,0.025,-0.11567033982025539,-0.041107027905153415,0.017655136434432003
0.41250000000000003,0.037500000000000006,-0.11516266259683537,-0.040671422761479836,0.017594671264128
0.41250000000000003,0.05,-0.1146549853734154,-0.04023581761780626,0.017534206093824
0.41250000000000003,0.0625,-0.11414730814999541,-0.039800212474132686,0.017473740923519998
0.41250000000000003,0.07500000000000001,-0.1136396309265754,-0.03936460733045911,0.017413275753216
0.41250000000000003,0.08750000000000001,-0.11313195370315542,-0.03892900218678552,0.017352810582912003
0.41250000000000003,0.1,-0.11262427647973541,-0.03849339704311194,0.017292345412608
0.41250000000000003,0.1125,-0.11211659925631542,-0.03805779189943836,0.017231880242304
0.41250000000000003,0.125,-0.11160892203289541,-0.03762218675576478,0.017171415072
0.41250000000000003,0.1375,-0.1111012448094754,-0.03718658161209121,0.017110949901696
0.41250000000000003,0.15000000000000002,-0.11059356758605543,-0.03675097646841763,0.017050484731392
0.41250000000000003,0.1625,-0.11008589036263541,-0.03631537132474404,0.016990019561088
0.41250000000000003,0.17500000000000002,-0.10957821313921542,-0.03587976618107046,0.016929554390784
0.41250000000000003,0.1875,-0.10907053591579544,-0.035444161037396886,0.01686908922048
0.41250000000000003,0.2,-0.10856285869237542,-0.03500855589372331,0.016808624050175996
0.41250000000000003,0.21250000000000002,-0.10805518146895543,-0.03457295075004972,0.016748158879871997
0.41250000000000003,0.225,-0.10754750424553544,-0.03413734560637615,0.016687693709567998
0.41250000000000003,0.23750000000000002,-0.10703982702211545,-0.033701740462702565,0.016627228539263995
0.41250000000000003,0.25,-0.10653214979869544,-0.033266135319028986,0.01656676336896
0.41250000000000003,0.2625,-0.10602447257527545,-0.03283053017535541,0.016506298198656
0.41250000000000003,0.275,-0.10551679535185547,-0.03239492503168183,0.016445833028352
0.41250000000000003,0.28750000000000003,-0.10500911812843546,-0.03195931988800824,0.016385367858048002
0.41250000000000003,0.30000000000000004,-0.10450144090501547,-0.03152371474433467,0.016324902687744
0.41250000000000003,0.3125,-0.10399376368159545,-0.031088109600661086,0.01626443751744
0.41250000000000003,0.325,-0.10348608645817546,-0.030652504456987514,0.016203972347135998
0.41250000000000003,0.3375,-0.10297840923475547,-0.030216899313313936,0.016143507176832002
0.41250000000000003,0.35000000000000003,-0.10247073201133544,-0.029781294169640347,0.016083042006528
0.41250000000000003,0.36250000000000004,-0.10196305478791548,-0.029345689025966775,0.016022576836224
0.41250000000000003,0.375,-0.10145537756449549,-0.028910083882293193,0.01596211166592
0.41250000000000003,0.3875,-0.10094770034107547,-0.028474478738619614,0.015901646495615998
0.41250000000000003,0.4,-0.10044002311765547,-0.028038873594946036,0.015841181325312
0.41250000000000003,0.41250000000000003,-0.09993234589423546,-0.027603268451272447,0.015780716155007996
0.41250000000000003,0.42500000000000004,-0.0994246686708155,-0.027167663307598868,0.015720250984704
0.41250000000000003,0.4375,-0.09891699144739549,-0.0267320581639253,0.0156597858144
0.41250000000000003,0.45,-0.09840931422397549,-0.02629645302025172,0.015599320644096
0.41250000000000003,0.4625,-0.09790163700055549,-0.025860847876578136,0.015538855473792
0.41250000000000003,0.47500000000000003,-0.0973939597771355,-0.025425242732904554,0.015478390303488002
0.41250000000000003,0.48750000000000004,-0.09688628255371551,-0.024989637589230975,0.015417925133184001
0.41250000000000003,0.5,-0.09637860533029549,-0.024554032445557396,0.01535745996288
0.41250000000000003,0.5125000000000001,-0.0958709281068755,-0.024118427301883814,0.015296994792576
0.41250000000000003,0.525,-0.09536325088345551,-0.02368282215821024,0.015236529622271998
0.41250000000000003,0.5375,-0.0948555736600355,-0.023247217014536664,0.015176064451968
0.41250000000000003,0.55,-0.09434789643661552,-0.02281161187086308,0.015115599281664
0.41250000000000003,0.5625,-0.09384021921319552,-0.022376006727189503,0.015055134111359999
0.41250000000000003,0.5750000000000001,-0.09333254198977553,-0.021940401583515914,0.014994668941055996
0.41250000000000003,0.5875,-0.09282486476635551,-0.021504796439842343,0.014934203770751995
0.41250000000000003,0.6000000000000001,-0.09231718754293552,-0.021069191296168757,0.014873738600447998
0.41250000000000003,0.6125,-0.09180951031951554,-0.020633586152495182,0.014813273430144
0.41250000000000003,0.625,-0.09130183309609552,-0.020197981008821603,0.014752808259840003
0.41250000000000003,0.6375000000000001,-0.09079415587267553,-0.01976237586514802,0.014692343089536
0.41250000000000003,0.65,-0.09028647864925554,-0.019326770721474443,0.014631877919232
0.41250000000000003,0.6625000000000001,-0.08977880142583555,-0.018891165577800864,0.014571412748928002
0.41250000000000003,0.675,-0.08927112420241555,-0.018455560434127286,0.014510947578624001
0.41250000000000003,0.6875,-0.08876344697899555,-0.018019955290453707,0.01445048240832
0.41250000000000003,0.7000000000000001,-0.08825576975557556,-0.01758435014678013,0.014390017238015999
0.41250000000000003,0.7125,-0.08774809253215556,-0.017148745003106543,0.014329552067711998
0.41250000000000003,0.7250000000000001,-0.08724041530873554,-0.016713139859432964,0.014269086897408
0.41250000000000003,0.7375,-0.08673273808531556,-0.01627753471575939,0.014208621727104
0.41250000000000003,0.75,-0.08622506086189556,-0.015841929572085807,0.014148156556799999
0.41250000000000003,0.7625000000000001,-0.08571738363847559,-0.015406324428412227,0.014087691386495998
0.41250000000000003,0.775,-0.08520970641505557,-0.01497071928473865,0.014027226216191997
0.41250000000000003,0.7875000000000001,-0.08470202919163555,-0.014535114141065068,0.013966761045888001
0.41250000000000003,0.8,-0.08419435196821559,-0.014099508997391487,0.013906295875584
0.41250000000000003,0.8125,-0.08368667474479557,-0.01366390385371791,0.013845830705280003
0.41250000000000003,0.8250000000000001,-0.08317899752137559,-0.013228298710044328,0.013785365534976002
0.41250000000000003,0.8375,-0.08267132029795558,-0.012792693566370751,0.013724900364672001
0.41250000000000003,0.8500000000000001,-0.08216364307453558,-0.012357088422697171,0.013664435194368002
0.41250000000000003,0.8625,-0.08165596585111559,-0.01192148327902359,0.013603970024064
0.41250000000000003,0.875,-0.0811482886276956,-0.011485878135350012,0.01354350485376
0.41250000000000003,0.8875000000000001,-0.0806406114042756,-0.011050272991676432,0.013483039683455999
0.41250000000000003,0.9,-0.08013293418085558,-0.010614667848002853,0.013422574513151998
0.41250000000000003,0.9125000000000001,-0.0796252569574356,-0.010179062704329271,0.013362109342848
0.41250000000000003,0.925,-0.07911757973401559,-0.009743457560655693,0.013301644172543998
0.41250000000000003,0.9375,-0.07860990251059563,-0.009307852416982117,0.013241179002239999
0.41250000000000003,0.9500000000000001,-0.07810222528717563,-0.008872247273308535,0.013180713831935998
0.41250000000000003,0.9625,-0.07759454806375563,-0.008436642129634955,0.013120248661631998
0.41250000000000003,0.9750000000000001,-0.07708687084033562,-0.008001036985961373,0.013059783491328
0.41250000000000003,0.9875,-0.07657919361691562,-0.007565431842287797,0.012999318321023998
0.41250000000000003,1.0,-0.07607151639349562,-0.007129826698614218,0.01293885315072
0.42500000000000004,0.0,-0.11812862618740513,-0.04325030601651575,0.01793057236992
0.42500000000000004,0.0125,-0.1176057335733045,-0.042801500716973265,0.017868274921728003
0.42500000000000004,0.025,-0.11708284095920393,-0.042352695417430794,0.017805977473536
0.42500000000000004,0.037500000000000006,-0.11655994834510333,-0.04190389011788832,0.017743680025344002
0.42500000000000004,0.05,-0.11603705573100272,-0.041455084818345846,0.017681382577152
0.42500000000000004,0.0625,-0.11551416311690209,-0.041006279518803375,0.01761908512896
0.42500000000000004,0.07500000000000001,-0.11499127050280147,-0.0405574742192609,0.017556787680768002
0.42500000000000004,0.08750000000000001,-0.11446837788870086,-0.04010866891971842,0.017494490232575998
0.42500000000000004,0.1,-0.11394548527460027,-0.03965986362017595,0.017432192784384
0.42500000000000004,0.1125,-0.11342259266049964,-0.039211058320633464,0.017369895336191998
0.42500000000000004,0.125,-0.11289970004639903,-0.03876225302109099,0.017307597888
0.42500000000000004,0.1375,-0.11237680743229844,-0.038313447721548516,0.017245300439808
0.42500000000000004,0.15000000000000002,-0.11185391481819784,-0.03786464242200603,0.017183002991616
0.42500000000000004,0.1625,-0.11133102220409723,-0.03741583712246356,0.017120705543423997
0.42500000000000004,0.17500000000000002,-0.11080812958999661,-0.036967031822921076,0.017058408095232
0.42500000000000004,0.1875,-0.11028523697589598,-0.03651822652337861,0.01699611064704
0.42500000000000004,0.2,-0.1097623443617954,-0.036069421223836134,0.016933813198848
0.42500000000000004,0.21250000000000002,-0.10923945174769478,-0.03562061592429366,0.016871515750656
0.42500000000000004,0.225,-0.10871655913359418,-0.03517181062475118,0.016809218302464
0.42500000000000004,0.23750000000000002,-0.10819366651949355,-0.03472300532520871,0.016746920854272002
0.42500000000000004,0.25,-0.10767077390539295,-0.03427420002566623,0.01668462340608
0.42500000000000004,0.2625,-0.10714788129129235,-0.03382539472612375,0.016622325957888002
0.42500000000000004,0.275,-0.10662498867719172,-0.033376589426581275,0.016560028509695998
0.42500000000000004,0.28750000000000003,-0.10610209606309112,-0.0329277841270388,0.016497731061504
0.42500000000000004,0.30000000000000004,-0.10557920344899052,-0.03247897882749633,0.016435433613312
0.42500000000000004,0.3125,-0.10505631083488992,-0.032030173527953856,0.016373136165119997
0.42500000000000004,0.325,-0.10453341822078932,-0.03158136822841137,0.016310838716928
0.42500000000000004,0.3375,-0.10401052560668869,-0.031132562928868904,0.016248541268736
0.42500000000000004,0.35000000000000003,-0.10348763299258809,-0.030683757629326423,0.016186243820544
0.42500000000000004,0.36250000000000004,-0.10296474037848746,-0.030234952329783942,0.016123946372352
0.42500000000000004,0.375,-0.10244184776438688,-0.029786147030241475,0.01606164892416
0.42500000000000004,0.3875,-0.10191895515028626,-0.029337341730698994,0.015999351475968
0.42500000000000004,0.4,-0.10139606253618563,-0.02888853643115652,0.015937054027776003
0.42500000000000004,0.41250000000000003,-0.10087316992208503,-0.028439731131614042,0.015874756579584
0.42500000000000004,0.42500000000000004,-0.10035027730798442,-0.02799092583207157,0.015812459131392
0.42500000000000004,0.4375,-0.0998273846938838,-0.027542120532529097,0.0157501616832
0.42500000000000004,0.45,-0.09930449207978323,-0.02709331523298662,0.015687864235008002
0.42500000000000004,0.4625,-0.0987815994656826,-0.026644509933444138,0.015625566786816
0.42500000000000004,0.47500000000000003,-0.09825870685158199,-0.02619570463390166,0.015563269338624
0.42500000000000004,0.48750000000000004,-0.09773581423748139,-0.025746899334359183,0.015500971890431998
0.42500000000000004,0.5,-0.09721292162338077,-0.025298094034816716,0.01543867444224
0.42500000000000004,0.5125000000000001,-0.09669002900928017,-0.024849288735274234,0.015376376994048
0.42500000000000004,0.525,-0.09616713639517957,-0.02440048343573176,0.015314079545856002
0.42500000000000004,0.5375,-0.09564424378107896,-0.02395167813618929,0.015251782097663999
0.42500000000000004,0.55,-0.09512135116697835,-0.02350287283664681,0.015189484649472
0.42500000000000004,0.5625,-0.09459845855287774,-0.023054067537104334,0.015127187201280002
0.42500000000000004,0.5750000000000001,-0.09407556593877713,-0.022605262237561857,0.015064889753088
0.42500000000000004,0.5875,-0.09355267332467648,-0.022156456938019382,0.015002592304895998
0.42500000000000004,0.6000000000000001,-0.09302978071057591,-0.021707651638476908,0.014940294856704001
0.42500000000000004,0.6125,-0.09250688809647528,-0.02125884633893443,0.014877997408511999
0.42500000000000004,0.625,-0.0919839954823747,-0.02081004103939196,0.01481569996032
0.42500000000000004,0.6375000000000001,-0.09146110286827408,-0.02036123573984948,0.014753402512128002
0.42500000000000004,0.65,-0.09093821025417345,-0.019912430440307004,0.014691105063935998
0.42500000000000004,0.6625000000000001,-0.09041531764007286,-0.019463625140764527,0.014628807615744002
0.42500000000000004,0.675,-0.08989242502597226,-0.019014819841222053,0.014566510167552001
0.42500000000000004,0.6875,-0.08936953241187165,-0.018566014541679575,0.01450421271936
0.42500000000000004,0.7000000000000001,-0.08884663979777102,-0.018117209242137097,0.014441915271167997
0.42500000000000004,0.7125,-0.08832374718367042,-0.017668403942594623,0.014379617822976002
0.42500000000000004,0.7250000000000001,-0.08780085456956982,-0.017219598643052145,0.014317320374783999
0.42500000000000004,0.7375,-0.08727796195546922,-0.016770793343509675,0.014255022926592
0.42500000000000004,0.75,-0.08675506934136859,-0.016321988043967197,0.014192725478400002
0.42500000000000004,0.7625000000000001,-0.08623217672726799,-0.015873182744424716,0.014130428030207998
0.42500000000000004,0.775,-0.08570928411316739,-0.015424377444882243,0.014068130582016001
0.42500000000000004,0.7875000000000001,-0.08518639149906676,-0.014975572145339766,0.014005833133824001
0.42500000000000004,0.8,-0.08466349888496616,-0.014526766845797293,0.013943535685631999
0.42500000000000004,0.8125,-0.08414060627086556,-0.014077961546254817,0.013881238237439997
0.42500000000000004,0.8250000000000001,-0.08361771365676494,-0.013629156246712336,0.013818940789248002
0.42500000000000004,0.8375,-0.08309482104266433,-0.013180350947169867,0.013756643341055998
0.42500000000000004,0.8500000000000001,-0.08257192842856372,-0.012731545647627388,0.013694345892864
0.42500000000000004,0.8625,-0.08204903581446313,-0.012282740348084914,0.013632048444672001
0.42500000000000004,0.875,-0.0815261432003625,-0.01183393504854244,0.01356975099648
0.42500000000000004,0.8875000000000001,-0.0810032505862619,-0.01138512974899996,0.013507453548288001
0.42500000000000004,0.9,-0.08048035797216127,-0.010936324449457488,0.013445156100096
0.42500000000000004,0.9125000000000001,-0.07995746535806067,-0.010487519149915008,0.013382858651903999
0.42500000000000004,0.925,-0.07943457274396008,-0.010038713850372534,0.013320561203711999
0.42500000000000004,0.9375,-0.07891168012985947,-0.009589908550830062,0.01325826375552
0.42500000000000004,0.9500000000000001,-0.07838878751575884,-0.00914110325128758,0.013195966307327998
0.42500000000000004,0.9625,-0.07786589490165825,-0.008692297951745106,0.013133668859136
0.42500000000000004,0.9750000000000001,-0.07734300228755764,-0.008243492652202627,0.013071371410944003
0.42500000000000004,0.9875,-0.07682010967345702,-0.007794687352660154,0.013009073962751997
0.42500000000000004,1.0,-0.07629721705935641,-0.007345882053117679,0.01294677651456
0.4375,0.0,-0.11957155810771491,-0.04452237384053092,0.0180850779648
0.4375,0.0125,-0.11903345010293366,-0.04406036838511954,0.018020948238719997
0.4375,0.025,-0.11849534209815246,-0.04359836292970817,0.01795681851264
0.4375,0.037500000000000006,-0.11795723409337124,-0.043136357474296796,0.017892688786559998
0.4375,0.05,-0.11741912608859001,-0.04267435201888543,0.017828559060479997
0.4375,0.0625,-0.11688101808380877,-0.04221234656347406,0.0177644293344
0.4375,0.07500000000000001,-0.11634291007902756,-0.04175034110806268,0.017700299608319998
0.4375,0.08750000000000001,-0.11580480207424636,-0.04128833565265132,0.017636169882239996
0.4375,0.1,-0.11526669406946513,-0.04082633019723994,0.017572040156160002
0.4375,0.1125,-0.11472858606468389,-0.040364324741828564,0.01750791043008
0.4375,0.125,-0.11419047805990268,-0.039902319286417194,0.017443780704
0.4375,0.1375,-0.11365237005512144,-0.03944031383100582,0.017379650977920002
0.4375,0.15000000000000002,-0.11311426205034025,-0.038978308375594455,0.01731552125184
0.4375,0.1625,-0.11257615404555904,-0.038516302920183085,0.017251391525760003
0.4375,0.17500000000000002,-0.1120380460407778,-0.03805429746477171,0.017187261799679998
0.4375,0.1875,-0.11149993803599659,-0.03759229200936033,0.017123132073599997
0.4375,0.2,-0.11096183003121539,-0.03713028655394896,0.017059002347520003
0.4375,0.21250000000000002,-0.11042372202643413,-0.036668281098537585,0.01699487262144
0.4375,0.225,-0.10988561402165291,-0.036206275643126215,0.01693074289536
0.4375,0.23750000000000002,-0.10934750601687168,-0.03574427018771484,0.01686661316928
0.4375,0.25,-0.10880939801209046,-0.03528226473230347,0.016802483443199998
0.4375,0.2625,-0.10827129000730926,-0.034820259276892106,0.01673835371712
0.4375,0.275,-0.10773318200252803,-0.03435825382148073,0.01667422399104
0.4375,0.28750000000000003,-0.1071950739977468,-0.03389624836606935,0.016610094264959997
0.4375,0.30000000000000004,-0.10665696599296558,-0.03343424291065798,0.01654596453888
0.4375,0.3125,-0.10611885798818438,-0.03297223745524661,0.016481834812799998
0.4375,0.325,-0.10558074998340315,-0.032510231999835236,0.016417705086719997
0.4375,0.3375,-0.10504264197862193,-0.032048226544423866,0.01635357536064
0.4375,0.35000000000000003,-0.1045045339738407,-0.03158622108901249,0.016289445634559998
0.4375,0.36250000000000004,-0.10396642596905947,-0.031124215633601123,0.016225315908479997
0.4375,0.375,-0.10342831796427826,-0.030662210178189757,0.0161611861824
0.4375,0.3875,-0.10289020995949705,-0.03020020472277838,0.016097056456319998
0.4375,0.4,-0.10235210195471581,-0.029738199267367007,0.01603292673024
0.4375,0.41250000000000003,-0.1018139939499346,-0.02927619381195563,0.01596879700416
0.4375,0.42500000000000004,-0.10127588594515337,-0.028814188356544257,0.01590466727808
0.4375,0.4375,-0.10073777794037216,-0.02835218290113289,0.015840537552
0.4375,0.45,-0.10019966993559094,-0.02789017744572152,0.015776407825920002
0.4375,0.4625,-0.0996615619308097,-0.02742817199031014,0.015712278099839997
0.4375,0.47500000000000003,-0.09912345392602849,-0.026966166534898767,0.015648148373760003
0.4375,0.48750000000000004,-0.09858534592124726,-0.026504161079487394,0.01558401864768
0.4375,0.5,-0.09804723791646607,-0.026042155624076028,0.015519888921599998
0.4375,0.5125000000000001,-0.09750912991168484,-0.025580150168664655,0.015455759195519999
0.4375,0.525,-0.09697102190690363,-0.025118144713253285,0.015391629469440001
0.4375,0.5375,-0.09643291390212239,-0.024656139257841915,0.015327499743359998
0.4375,0.55,-0.09589480589734116,-0.02419413380243054,0.015263370017279997
0.4375,0.5625,-0.09535669789255995,-0.02373212834701917,0.0151992402912
0.4375,0.5750000000000001,-0.09481858988777872,-0.023270122891607792,0.01513511056512
0.4375,0.5875,-0.09428048188299751,-0.022808117436196422,0.015070980839039998
0.4375,0.6000000000000001,-0.09374237387821627,-0.02234611198078505,0.015006851112959995
0.4375,0.6125,-0.09320426587343507,-0.02188410652537368,0.014942721386880001
0.4375,0.625,-0.09266615786865383,-0.021422101069962306,0.014878591660799998
0.4375,0.6375000000000001,-0.0921280498638726,-0.020960095614550932,0.014814461934719997
0.4375,0.65,-0.09158994185909139,-0.020498090159139563,0.014750332208639997
0.4375,0.6625000000000001,-0.09105183385431018,-0.020036084703728186,0.01468620248256
0.4375,0.675,-0.09051372584952896,-0.01957407924831682,0.01462207275648
0.4375,0.6875,-0.08997561784474772,-0.019112073792905446,0.014557943030400002
0.4375,0.7000000000000001,-0.08943750983996651,-0.018650068337494073,0.01449381330432
0.4375,0.7125,-0.0888994018351853,-0.0181880628820827,0.014429683578240001
0.4375,0.7250000000000001,-0.08836129383040407,-0.01772605742667133,0.01436555385216
0.4375,0.7375,-0.08782318582562285,-0.01726405197125996,0.01430142412608
0.4375,0.75,-0.08728507782084162,-0.016802046515848587,0.0142372944
0.4375,0.7625000000000001,-0.0867469698160604,-0.01634004106043721,0.01417316467392
0.4375,0.775,-0.08620886181127918,-0.01587803560502584,0.014109034947840002
0.4375,0.7875000000000001,-0.08567075380649795,-0.015416030149614466,0.01404490522176
0.4375,0.8,-0.08513264580171673,-0.014954024694203096,0.013980775495680001
0.4375,0.8125,-0.08459453779693552,-0.014492019238791724,0.013916645769599998
0.4375,0.8250000000000001,-0.08405642979215429,-0.01403001378338035,0.01385251604352
0.4375,0.8375,-0.08351832178737308,-0.01356800832796898,0.01378838631744
0.4375,0.8500000000000001,-0.08298021378259185,-0.013106002872557605,0.01372425659136
0.4375,0.8625,-0.08244210577781062,-0.012643997417146233,0.013660126865279999
0.4375,0.875,-0.08190399777302941,-0.012181991961734863,0.013595997139199999
0.4375,0.8875000000000001,-0.0813658897682482,-0.011719986506323488,0.013531867413119998
0.4375,0.9,-0.08082778176346697,-0.011257981050912119,0.013467737687039998
0.4375,0.9125000000000001,-0.08028967375868573,-0.010795975595500744,0.013403607960959997
0.4375,0.925,-0.07975156575390452,-0.010333970140089372,0.013339478234879997
0.4375,0.9375,-0.0792134577491233,-0.009871964684678004,0.013275348508799998
0.4375,0.9500000000000001,-0.07867534974434207,-0.009409959229266629,0.013211218782719997
0.4375,0.9625,-0.07813724173956085,-0.00894795377385526,0.013147089056640002
0.4375,0.9750000000000001,-0.07759913373477963,-0.00848594831844388,0.013082959330560001
0.4375,0.9875,-0.07706102572999841,-0.008023942863032513,0.01301882960448
0.4375,1.0,-0.0765229177252172,-0.007561937407621142,0.012954699878400002
0.45,0.0,-0.12101449002802467,-0.04579444166454608,0.018239583559679997
0.45,0.0125,-0.12046116663256283,-0.045319236053265814,0.018173621555712
0.45,0.025,-0.11990784323710099,-0.044844030441985545,0.018107659551744
0.45,0.037500000000000006,-0.11935451984163917,-0.044368824830705283,0.018041697547776
0.45,0.05,-0.11880119644617733,-0.043893619219425015,0.017975735543808
0.45,0.0625,-0.11824787305071549,-0.043418413608144746,0.017909773539840003
0.45,0.07500000000000001,-0.11769454965525365,-0.04294320799686447,0.017843811535871997
0.45,0.08750000000000001,-0.11714122625979184,-0.04246800238558421,0.017777849531904
0.45,0.1,-0.11658790286433002,-0.041992796774303946,0.017711887527936
0.45,0.1125,-0.11603457946886812,-0.04151759116302367,0.017645925523967997
0.45,0.125,-0.11548125607340631,-0.0410423855517434,0.01757996352
0.45,0.1375,-0.1149279326779445,-0.04056717994046313,0.017514001516032
0.45,0.15000000000000002,-0.11437460928248266,-0.040091974329182864,0.017448039512064
0.45,0.1625,-0.11382128588702081,-0.039616768717902595,0.017382077508096
0.45,0.17500000000000002,-0.11326796249155897,-0.039141563106622326,0.017316115504128
0.45,0.1875,-0.11271463909609716,-0.03866635749534206,0.01725015350016
0.45,0.2,-0.11216131570063533,-0.038191151884061796,0.017184191496192002
0.45,0.21250000000000002,-0.11160799230517349,-0.03771594627278152,0.017118229492224
0.45,0.225,-0.11105466890971163,-0.03724074066150125,0.017052267488256
0.45,0.23750000000000002,-0.11050134551424982,-0.03676553505022099,0.016986305484288
0.45,0.25,-0.10994802211878799,-0.03629032943894071,0.016920343480320003
0.45,0.2625,-0.10939469872332615,-0.035815123827660444,0.016854381476352
0.45,0.275,-0.10884137532786434,-0.035339918216380176,0.016788419472384
0.45,0.28750000000000003,-0.1082880519324025,-0.03486471260509991,0.016722457468416
0.45,0.30000000000000004,-0.10773472853694066,-0.034389506993819645,0.016656495464447998
0.45,0.3125,-0.10718140514147882,-0.03391430138253937,0.016590533460479995
0.45,0.325,-0.10662808174601698,-0.0334390957712591,0.016524571456511997
0.45,0.3375,-0.10607475835055516,-0.03296389015997884,0.016458609452543998
0.45,0.35000000000000003,-0.10552143495509331,-0.03248868454869857,0.016392647448576
0.45,0.36250000000000004,-0.10496811155963148,-0.0320134789374183,0.016326685444608
0.45,0.375,-0.10441478816416966,-0.03153827332613803,0.01626072344064
0.45,0.3875,-0.10386146476870783,-0.031063067714857763,0.016194761436672003
0.45,0.4,-0.10330814137324598,-0.030587862103577494,0.016128799432704
0.45,0.41250000000000003,-0.10275481797778416,-0.03011265649229722,0.016062837428736
0.45,0.42500000000000004,-0.10220149458232233,-0.029637450881016953,0.015996875424768
0.45,0.4375,-0.1016481711868605,-0.029162245269736684,0.0159309134208
0.45,0.45,-0.10109484779139866,-0.02868703965845642,0.015864951416831998
0.45,0.4625,-0.10054152439593683,-0.02821183404717615,0.015798989412864
0.45,0.47500000000000003,-0.09998820100047498,-0.027736628435895878,0.015733027408896
0.45,0.48750000000000004,-0.09943487760501314,-0.02726142282461561,0.015667065404927998
0.45,0.5,-0.09888155420955132,-0.026786217213335344,0.015601103400960001
0.45,0.5125000000000001,-0.09832823081408948,-0.026311011602055075,0.015535141396991999
0.45,0.525,-0.09777490741862765,-0.025835805990774806,0.015469179393023997
0.45,0.5375,-0.09722158402316583,-0.025360600379494544,0.015403217389056
0.45,0.55,-0.09666826062770399,-0.024885394768214268,0.015337255385088
0.45,0.5625,-0.09611493723224215,-0.024410189156934006,0.015271293381119998
0.45,0.5750000000000001,-0.09556161383678032,-0.02393498354565373,0.015205331377152
0.45,0.5875,-0.09500829044131848,-0.023459777934373465,0.015139369373184
0.45,0.6000000000000001,-0.09445496704585665,-0.022984572323093193,0.015073407369216002
0.45,0.6125,-0.0939016436503948,-0.022509366711812927,0.015007445365248
0.45,0.625,-0.09334832025493298,-0.022034161100532655,0.014941483361280003
0.45,0.6375000000000001,-0.09279499685947114,-0.021558955489252386,0.014875521357311997
0.45,0.65,-0.09224167346400933,-0.02108374987797212,0.014809559353343998
0.45,0.6625000000000001,-0.09168835006854749,-0.02060854426669185,0.014743597349376
0.45,0.675,-0.09113502667308566,-0.020133338655411583,0.014677635345408
0.45,0.6875,-0.09058170327762381,-0.019658133044131318,0.014611673341439998
0.45,0.7000000000000001,-0.090028379882162,-0.019182927432851046,0.014545711337472
0.45,0.7125,-0.08947505648670015,-0.01870772182157078,0.014479749333504
0.45,0.7250000000000001,-0.08892173309123831,-0.018232516210290508,0.014413787329535998
0.45,0.7375,-0.08836840969577649,-0.017757310599010243,0.014347825325567996
0.45,0.75,-0.08781508630031466,-0.017282104987729974,0.014281863321599999
0.45,0.7625000000000001,-0.08726176290485282,-0.0168068993764497,0.014215901317632
0.45,0.775,-0.086708439509391,-0.016331693765169436,0.014149939313663998
0.45,0.7875000000000001,-0.08615511611392918,-0.015856488153889167,0.014083977309696002
0.45,0.8,-0.08560179271846732,-0.015381282542608898,0.014018015305728
0.45,0.8125,-0.0850484693230055,-0.014906076931328631,0.01395205330176
0.45,0.8250000000000001,-0.08449514592754365,-0.01443087132004836,0.013886091297792
0.45,0.8375,-0.08394182253208182,-0.013955665708768094,0.013820129293824002
0.45,0.8500000000000001,-0.08338849913661998,-0.013480460097487823,0.013754167289855996
0.45,0.8625,-0.08283517574115815,-0.013005254486207554,0.013688205285887997
0.45,0.875,-0.0822818523456963,-0.012530048874927289,0.013622243281919999
0.45,0.8875000000000001,-0.08172852895023447,-0.012054843263647017,0.013556281277952
0.45,0.9,-0.08117520555477266,-0.01157963765236675,0.013490319273983998
0.45,0.9125000000000001,-0.08062188215931082,-0.011104432041086479,0.013424357270016
0.45,0.925,-0.08006855876384898,-0.010629226429806212,0.013358395266047998
0.45,0.9375,-0.07951523536838716,-0.010154020818525945,0.013292433262080001
0.45,0.9500000000000001,-0.07896191197292529,-0.009678815207245674,0.013226471258111995
0.45,0.9625,-0.07840858857746348,-0.009203609595965407,0.013160509254143998
0.45,0.9750000000000001,-0.07785526518200164,-0.008728403984685135,0.013094547250176
0.45,0.9875,-0.0773019417865398,-0.008253198373404871,0.013028585246207999
0.45,1.0,-0.07674861839107797,-0.007777992762124603,0.01296262324224
0.4625,0.0,-0.1224574219483344,-0.04706650948856125,0.01839408915456
0.4625,0.0125,-0.12188888316219197,-0.046578103721412085,0.018326294872704
0.4625,0.025,-0.12132034437604951,-0.04608969795426292,0.018258500590848
0.4625,0.037500000000000006,-0.12075180558990709,-0.04560129218711376,0.018190706308992
0.4625,0.05,-0.12018326680376462,-0.04511288641996459,0.018122912027136
0.4625,0.0625,-0.11961472801762217,-0.04462448065281543,0.01805511774528
0.4625,0.07500000000000001,-0.11904618923147973,-0.04413607488566626,0.017987323463424
0.4625,0.08750000000000001,-0.11847765044533728,-0.043647669118517106,0.017919529181567997
0.4625,0.1,-0.11790911165919485,-0.04315926335136794,0.017851734899711997
0.4625,0.1125,-0.1173405728730524,-0.04267085758421876,0.017783940617856
0.4625,0.125,-0.11677203408690995,-0.0421824518170696,0.017716146335999997
0.4625,0.1375,-0.11620349530076751,-0.04169404604992045,0.017648352054143997
0.4625,0.15000000000000002,-0.11563495651462508,-0.04120564028277127,0.017580557772288
0.4625,0.1625,-0.11506641772848263,-0.040717234515622105,0.017512763490432
0.4625,0.17500000000000002,-0.11449787894234018,-0.04022882874847294,0.017444969208575998
0.4625,0.1875,-0.11392934015619774,-0.03974042298132378,0.017377174926719998
0.4625,0.2,-0.11336080137005526,-0.039252017214174616,0.017309380644863998
0.4625,0.21250000000000002,-0.11279226258391281,-0.03876361144702545,0.017241586363007995
0.4625,0.225,-0.11222372379777037,-0.03827520567987629,0.017173792081152002
0.4625,0.23750000000000002,-0.11165518501162797,-0.03778679991272712,0.017105997799296
0.4625,0.25,-0.11108664622548549,-0.03729839414557796,0.01703820351744
0.4625,0.2625,-0.11051810743934307,-0.03680998837842879,0.016970409235584002
0.4625,0.275,-0.1099495686532006,-0.036321582611279615,0.016902614953728
0.4625,0.28750000000000003,-0.10938102986705817,-0.03583317684413046,0.016834820671872
0.4625,0.30000000000000004,-0.10881249108091572,-0.03534477107698129,0.016767026390016003
0.4625,0.3125,-0.10824395229477327,-0.03485636530983213,0.016699232108160003
0.4625,0.325,-0.10767541350863083,-0.034367959542682965,0.016631437826304
0.4625,0.3375,-0.10710687472248837,-0.033879553775533804,0.016563643544448
0.4625,0.35000000000000003,-0.10653833593634593,-0.033391148008384636,0.016495849262592
0.4625,0.36250000000000004,-0.10596979715020349,-0.03290274224123547,0.016428054980736
0.4625,0.375,-0.10540125836406106,-0.03241433647408631,0.01636026069888
0.4625,0.3875,-0.10483271957791859,-0.031925930706937146,0.016292466417023997
0.4625,0.4,-0.10426418079177616,-0.03143752493978798,0.016224672135168
0.4625,0.41250000000000003,-0.1036956420056337,-0.030949119172638807,0.016156877853312
0.4625,0.42500000000000004,-0.10312710321949126,-0.030460713405489642,0.016089083571456
0.4625,0.4375,-0.10255856443334882,-0.029972307638340488,0.016021289289599998
0.4625,0.45,-0.10199002564720637,-0.029483901871191327,0.015953495007744
0.4625,0.4625,-0.10142148686106393,-0.028995496104042152,0.015885700725887998
0.4625,0.47500000000000003,-0.10085294807492148,-0.028507090336892985,0.015817906444032
0.4625,0.48750000000000004,-0.10028440928877902,-0.028018684569743817,0.015750112162176
0.4625,0.5,-0.09971587050263658,-0.027530278802594656,0.01568231788032
0.4625,0.5125000000000001,-0.09914733171649415,-0.027041873035445488,0.015614523598464
0.4625,0.525,-0.09857879293035168,-0.026553467268296327,0.015546729316608
0.4625,0.5375,-0.09801025414420925,-0.026065061501147166,0.015478935034751997
0.4625,0.55,-0.09744171535806681,-0.025576655733997998,0.015411140752896001
0.4625,0.5625,-0.09687317657192437,-0.025088249966848834,0.015343346471040001
0.4625,0.5750000000000001,-0.09630463778578192,-0.024599844199699666,0.015275552189184
0.4625,0.5875,-0.0957360989996395,-0.024111438432550508,0.015207757907328
0.4625,0.6000000000000001,-0.09516756021349702,-0.023623032665401337,0.015139963625472
0.4625,0.6125,-0.09459902142735456,-0.023134626898252172,0.015072169343615998
0.4625,0.625,-0.09403048264121214,-0.02264622113110301,0.015004375061760002
0.4625,0.6375000000000001,-0.09346194385506967,-0.02215781536395384,0.014936580779903999
0.4625,0.65,-0.09289340506892725,-0.021669409596804683,0.014868786498047999
0.4625,0.6625000000000001,-0.09232486628278479,-0.02118100382965551,0.014800992216191999
0.4625,0.675,-0.09175632749664236,-0.020692598062506347,0.014733197934336
0.4625,0.6875,-0.09118778871049991,-0.020204192295357186,0.014665403652479998
0.4625,0.7000000000000001,-0.09061924992435746,-0.019715786528208018,0.014597609370624001
0.4625,0.7125,-0.09005071113821501,-0.019227380761058854,0.014529815088767998
0.4625,0.7250000000000001,-0.08948217235207259,-0.01873897499390969,0.014462020806911998
0.4625,0.7375,-0.08891363356593014,-0.018250569226760525,0.014394226525056
0.4625,0.75,-0.08834509477978766,-0.017762163459611364,0.0143264322432
0.4625,0.7625000000000001,-0.08777655599364523,-0.017273757692462192,0.014258637961343997
0.4625,0.775,-0.08720801720750279,-0.01678535192531303,0.014190843679488
0.4625,0.7875000000000001,-0.08663947842136036,-0.016296946158163864,0.014123049397631997
0.4625,0.8,-0.0860709396352179,-0.0158085403910147,0.014055255115775999
0.4625,0.8125,-0.08550240084907546,-0.015320134623865536,0.01398746083392
0.4625,0.8250000000000001,-0.08493386206293302,-0.014831728856716369,0.013919666552064
0.4625,0.8375,-0.08436532327679055,-0.014343323089567206,0.013851872270207996
0.4625,0.8500000000000001,-0.08379678449064812,-0.013854917322418038,0.013784077988352
0.4625,0.8625,-0.08322824570450568,-0.013366511555268875,0.013716283706495998
0.4625,0.875,-0.08265970691836325,-0.012878105788119711,0.013648489424639998
0.4625,0.8875000000000001,-0.08209116813222078,-0.012389700020970545,0.013580695142783998
0.4625,0.9,-0.08152262934607835,-0.011901294253821382,0.013512900860927999
0.4625,0.9125000000000001,-0.08095409055993588,-0.011412888486672216,0.013445106579071997
0.4625,0.925,-0.08038555177379345,-0.01092448271952305,0.013377312297215999
0.4625,0.9375,-0.079817012987651,-0.010436076952373889,0.01330951801536
0.4625,0.9500000000000001,-0.07924847420150857,-0.009947671185224723,0.013241723733504003
0.4625,0.9625,-0.07867993541536611,-0.009459265418075557,0.013173929451648001
0.4625,0.9750000000000001,-0.07811139662922367,-0.00897085965092639,0.013106135169792001
0.4625,0.9875,-0.07754285784308121,-0.00848245388377723,0.013038340887936
0.4625,1.0,-0.07697431905693877,-0.007994048116628063,0.012970546606080002
0.47500000000000003,0.0,-0.12390035386864418,-0.04833857731257642,0.01854859474944
0.47500000000000003,0.0125,-0.12331659969182113,-0.047836971389558364,0.018478968189696
0.47500000000000003,0.025,-0.12273284551499805,-0.047335365466540304,0.018409341629951996
0.47500000000000003,0.037500000000000006,-0.12214909133817502,-0.046833759543522244,0.018339715070208
0.47500000000000003,0.05,-0.12156533716135194,-0.04633215362050418,0.018270088510464
0.47500000000000003,0.0625,-0.12098158298452888,-0.04583054769748612,0.01820046195072
0.47500000000000003,0.07500000000000001,-0.12039782880770583,-0.045328941774468064,0.018130835390976
0.47500000000000003,0.08750000000000001,-0.11981407463088278,-0.04482733585145,0.018061208831232
0.47500000000000003,0.1,-0.11923032045405974,-0.04432572992843194,0.017991582271488
0.47500000000000003,0.1125,-0.11864656627723669,-0.04382412400541386,0.017921955711744
0.47500000000000003,0.125,-0.1180628121004136,-0.04332251808239582,0.017852329151999996
0.47500000000000003,0.1375,-0.11747905792359055,-0.04282091215937776,0.017782702592256002
0.47500000000000003,0.15000000000000002,-0.11689530374676746,-0.04231930623635968,0.017713076032511998
0.47500000000000003,0.1625,-0.11631154956994441,-0.04181770031334162,0.017643449472768
0.47500000000000003,0.17500000000000002,-0.11572779539312136,-0.04131609439032356,0.017573822913023996
0.47500000000000003,0.1875,-0.11514404121629832,-0.0408144884673055,0.017504196353280002
0.47500000000000003,0.2,-0.11456028703947525,-0.04031288254428744,0.017434569793536
0.47500000000000003,0.21250000000000002,-0.1139765328626522,-0.039811276621269376,0.017364943233792
0.47500000000000003,0.225,-0.11339277868582913,-0.03930967069825132,0.017295316674048
0.47500000000000003,0.23750000000000002,-0.11280902450900607,-0.03880806477523326,0.017225690114304002
0.47500000000000003,0.25,-0.11222527033218299,-0.038306458852215196,0.017156063554559998
0.47500000000000003,0.2625,-0.11164151615535997,-0.037804852929197136,0.017086436994816
0.47500000000000003,0.275,-0.1110577619785369,-0.037303247006179076,0.017016810435072
0.47500000000000003,0.28750000000000003,-0.11047400780171383,-0.036801641083161016,0.016947183875328
0.47500000000000003,0.30000000000000004,-0.10989025362489079,-0.036300035160142956,0.016877557315584
0.47500000000000003,0.3125,-0.10930649944806774,-0.03579842923712489,0.016807930755839997
0.47500000000000003,0.325,-0.10872274527124468,-0.03529682331410683,0.016738304196096
0.47500000000000003,0.3375,-0.10813899109442161,-0.03479521739108878,0.016668677636352002
0.47500000000000003,0.35000000000000003,-0.10755523691759855,-0.03429361146807071,0.016599051076607998
0.47500000000000003,0.36250000000000004,-0.1069714827407755,-0.03379200554505265,0.016529424516864
0.47500000000000003,0.375,-0.10638772856395246,-0.033290399622034596,0.01645979795712
0.47500000000000003,0.3875,-0.10580397438712941,-0.03278879369901653,0.016390171397376
0.47500000000000003,0.4,-0.10522022021030633,-0.03228718777599847,0.016320544837631998
0.47500000000000003,0.41250000000000003,-0.10463646603348326,-0.031785581852980395,0.016250918277887997
0.47500000000000003,0.42500000000000004,-0.1040527118566602,-0.03128397592996234,0.016181291718143996
0.47500000000000003,0.4375,-0.10346895767983717,-0.030782370006944285,0.016111665158400002
0.47500000000000003,0.45,-0.10288520350301408,-0.030280764083926222,0.016042038598655998
0.47500000000000003,0.4625,-0.10230144932619102,-0.029779158160908155,0.015972412038912
0.47500000000000003,0.47500000000000003,-0.10171769514936797,-0.029277552237890102,0.015902785479168
0.47500000000000003,0.48750000000000004,-0.10113394097254491,-0.028775946314872035,0.015833158919424
0.47500000000000003,0.5,-0.10055018679572186,-0.028274340391853975,0.015763532359679998
0.47500000000000003,0.5125000000000001,-0.0999664326188988,-0.027772734468835908,0.015693905799936
0.47500000000000003,0.525,-0.09938267844207577,-0.02727112854581786,0.015624279240191996
0.47500000000000003,0.5375,-0.09879892426525269,-0.026769522622799795,0.015554652680448002
0.47500000000000003,0.55,-0.09821517008842964,-0.026267916699781728,0.015485026120704
0.47500000000000003,0.5625,-0.09763141591160657,-0.025766310776763675,0.015415399560960002
0.47500000000000003,0.5750000000000001,-0.09704766173478352,-0.025264704853745604,0.015345773001216
0.47500000000000003,0.5875,-0.09646390755796046,-0.024763098930727548,0.015276146441471999
0.47500000000000003,0.6000000000000001,-0.0958801533811374,-0.024261493007709484,0.015206519881728
0.47500000000000003,0.6125,-0.09529639920431436,-0.02375988708469142,0.015136893321983999
0.47500000000000003,0.625,-0.0947126450274913,-0.02325828116167336,0.015067266762239996
0.47500000000000003,0.6375000000000001,-0.09412889085066825,-0.022756675238655304,0.014997640202495999
0.47500000000000003,0.65,-0.09354513667384516,-0.022255069315637237,0.014928013642751996
0.47500000000000003,0.6625000000000001,-0.09296138249702213,-0.021753463392619177,0.014858387083007999
0.47500000000000003,0.675,-0.09237762832019905,-0.021251857469601117,0.014788760523263996
0.47500000000000003,0.6875,-0.09179387414337599,-0.02075025154658306,0.01471913396352
0.47500000000000003,0.7000000000000001,-0.09121011996655295,-0.020248645623564994,0.014649507403776
0.47500000000000003,0.7125,-0.09062636578972988,-0.019747039700546934,0.014579880844032
0.47500000000000003,0.7250000000000001,-0.09004261161290683,-0.019245433777528867,0.014510254284287996
0.47500000000000003,0.7375,-0.08945885743608377,-0.018743827854510814,0.014440627724544
0.47500000000000003,0.75,-0.08887510325926072,-0.01824222193149275,0.014371001164799996
0.47500000000000003,0.7625000000000001,-0.08829134908243765,-0.01774061600847469,0.014301374605056
0.47500000000000003,0.775,-0.0877075949056146,-0.017239010085456627,0.014231748045311996
0.47500000000000003,0.7875000000000001,-0.08712384072879154,-0.016737404162438563,0.014162121485567997
0.47500000000000003,0.8,-0.08654008655196847,-0.016235798239420507,0.014092494925824
0.47500000000000003,0.8125,-0.08595633237514543,-0.015734192316402443,0.01402286836608
0.47500000000000003,0.8250000000000001,-0.08537257819832236,-0.01523258639338438,0.013953241806336
0.47500000000000003,0.8375,-0.08478882402149931,-0.014730980470366322,0.013883615246592
0.47500000000000003,0.8500000000000001,-0.08420506984467624,-0.014229374547348258,0.013813988686848
0.47500000000000003,0.8625,-0.0836213156678532,-0.013727768624330198,0.013744362127104
0.47500000000000003,0.875,-0.08303756149103014,-0.013226162701312136,0.01367473556736
0.47500000000000003,0.8875000000000001,-0.08245380731420707,-0.012724556778294073,0.013605109007615997
0.47500000000000003,0.9,-0.08187005313738402,-0.012222950855276015,0.013535482447872
0.47500000000000003,0.9125000000000001,-0.08128629896056096,-0.011721344932257951,0.013465855888127997
0.47500000000000003,0.925,-0.0807025447837379,-0.011219739009239893,0.013396229328384001
0.47500000000000003,0.9375,-0.08011879060691485,-0.010718133086221833,0.01332660276864
0.47500000000000003,0.9500000000000001,-0.0795350364300918,-0.01021652716320377,0.013256976208896001
0.47500000000000003,0.9625,-0.07895128225326872,-0.009714921240185708,0.013187349649151999
0.47500000000000003,0.9750000000000001,-0.07836752807644567,-0.009213315317167643,0.013117723089408001
0.47500000000000003,0.9875,-0.07778377389962261,-0.008711709394149586,0.013048096529663999
0.47500000000000003,1.0,-0.07720001972279956,-0.008210103471131526,0.012978469969920001
0.48750000000000004,0.0,-0.12534328578895393,-0.049610645136591594,0.01870310034432
0.48750000000000004,0.0125,-0.12474431622145027,-0.049095839057704635,0.018631641506687998
0.48750000000000004,0.025,-0.12414534665394661,-0.04858103297881768,0.018560182669056
0.48750000000000004,0.037500000000000006,-0.12354637708644292,-0.04806622689993073,0.018488723831423998
0.48750000000000004,0.05,-0.12294740751893926,-0.047551420821043765,0.018417264993792
0.48750000000000004,0.0625,-0.12234843795143557,-0.047036614742156806,0.01834580615616
0.48750000000000004,0.07500000000000001,-0.12174946838393191,-0.046521808663269854,0.018274347318528
0.48750000000000004,0.08750000000000001,-0.12115049881642823,-0.04600700258438289,0.018202888480896
0.48750000000000004,0.1,-0.12055152924892457,-0.04549219650549594,0.018131429643264
0.48750000000000004,0.1125,-0.11995255968142088,-0.04497739042660897,0.018059970805631997
0.48750000000000004,0.125,-0.11935359011391725,-0.044462584347722024,0.017988511968
0.48750000000000004,0.1375,-0.11875462054641359,-0.043947778268835065,0.017917053130368
0.48750000000000004,0.15000000000000002,-0.1181556509789099,-0.043432972189948106,0.017845594292736
0.48750000000000004,0.1625,-0.11755668141140624,-0.042918166111061154,0.017774135455104
0.48750000000000004,0.17500000000000002,-0.11695771184390255,-0.04240336003217418,0.017702676617471998
0.48750000000000004,0.1875,-0.11635874227639888,-0.04188855395328723,0.01763121777984
0.48750000000000004,0.2,-0.11575977270889522,-0.04137374787440028,0.017559758942207997
0.48750000000000004,0.21250000000000002,-0.11516080314139153,-0.040858941795513304,0.017488300104576
0.48750000000000004,0.225,-0.11456183357388787,-0.04034413571662636,0.017416841266944
0.48750000000000004,0.23750000000000002,-0.11396286400638421,-0.0398293296377394,0.017345382429312002
0.48750000000000004,0.25,-0.11336389443888052,-0.03931452355885244,0.01727392359168
0.48750000000000004,0.2625,-0.11276492487137689,-0.03879971747996548,0.017202464754048
0.48750000000000004,0.275,-0.1121659553038732,-0.03828491140107852,0.017131005916416
0.48750000000000004,0.28750000000000003,-0.11156698573636954,-0.03777010532219157,0.017059547078783998
0.48750000000000004,0.30000000000000004,-0.11096801616886588,-0.03725529924330461,0.016988088241152
0.48750000000000004,0.3125,-0.11036904660136217,-0.03674049316441766,0.01691662940352
0.48750000000000004,0.325,-0.1097700770338585,-0.0362256870855307,0.016845170565888
0.48750000000000004,0.3375,-0.10917110746635485,-0.03571088100664374,0.016773711728256
0.48750000000000004,0.35000000000000003,-0.10857213789885117,-0.035196074927756775,0.016702252890624
0.48750000000000004,0.36250000000000004,-0.10797316833134751,-0.03468126884886982,0.016630794052992
0.48750000000000004,0.375,-0.10737419876384384,-0.03416646276998287,0.01655933521536
0.48750000000000004,0.3875,-0.10677522919634018,-0.03365165669109591,0.016487876377728
0.48750000000000004,0.4,-0.1061762596288365,-0.03313685061220895,0.016416417540096002
0.48750000000000004,0.41250000000000003,-0.1055772900613328,-0.03262204453332199,0.016344958702463996
0.48750000000000004,0.42500000000000004,-0.10497832049382916,-0.032107238454435034,0.016273499864832
0.48750000000000004,0.4375,-0.10437935092632547,-0.03159243237554808,0.0162020410272
0.48750000000000004,0.45,-0.10378038135882184,-0.031077626296661123,0.016130582189568
0.48750000000000004,0.4625,-0.10318141179131815,-0.030562820217774164,0.016059123351936
0.48750000000000004,0.47500000000000003,-0.10258244222381446,-0.030048014138887205,0.015987664514303997
0.48750000000000004,0.48750000000000004,-0.1019834726563108,-0.029533208060000243,0.015916205676672002
0.48750000000000004,0.5,-0.10138450308880712,-0.02901840198111329,0.015844746839039997
0.48750000000000004,0.5125000000000001,-0.10078553352130347,-0.028503595902226335,0.015773288001408002
0.48750000000000004,0.525,-0.10018656395379978,-0.02798878982333938,0.015701829163776
0.48750000000000004,0.5375,-0.09958759438629612,-0.027473983744452424,0.015630370326144002
0.48750000000000004,0.55,-0.09898862481879246,-0.02695917766556546,0.015558911488512
0.48750000000000004,0.5625,-0.09838965525128879,-0.026444371586678502,0.01548745265088
0.48750000000000004,0.5750000000000001,-0.09779068568378513,-0.02592956550779154,0.015415993813248001
0.48750000000000004,0.5875,-0.09719171611628145,-0.025414759428904588,0.015344534975616
0.48750000000000004,0.6000000000000001,-0.09659274654877777,-0.02489995335001763,0.015273076137984001
0.48750000000000004,0.6125,-0.0959937769812741,-0.02438514727113067,0.015201617300352
0.48750000000000004,0.625,-0.09539480741377043,-0.023870341192243714,0.015130158462719997
0.48750000000000004,0.6375000000000001,-0.09479583784626677,-0.023355535113356758,0.015058699625088
0.48750000000000004,0.65,-0.0941968682787631,-0.022840729034469796,0.014987240787456
0.48750000000000004,0.6625000000000001,-0.09359789871125943,-0.022325922955582844,0.014915781949824002
0.48750000000000004,0.675,-0.09299892914375577,-0.02181111687669588,0.014844323112192
0.48750000000000004,0.6875,-0.09239995957625209,-0.02129631079780893,0.014772864274559998
0.48750000000000004,0.7000000000000001,-0.09180099000874842,-0.02078150471892197,0.014701405436928001
0.48750000000000004,0.7125,-0.09120202044124474,-0.020266698640035007,0.014629946599295998
0.48750000000000004,0.7250000000000001,-0.09060305087374107,-0.01975189256114805,0.014558487761664001
0.48750000000000004,0.7375,-0.09000408130623744,-0.0192370864822611,0.014487028924032001
0.48750000000000004,0.75,-0.08940511173873375,-0.01872228040337414,0.0144155700864
0.48750000000000004,0.7625000000000001,-0.08880614217123006,-0.018207474324487178,0.014344111248768
0.48750000000000004,0.775,-0.0882071726037264,-0.017692668245600226,0.014272652411135999
0.48750000000000004,0.7875000000000001,-0.08760820303622271,-0.01717786216671326,0.014201193573504002
0.48750000000000004,0.8,-0.08700923346871905,-0.016663056087826308,0.014129734735871998
0.48750000000000004,0.8125,-0.0864102639012154,-0.016148250008939352,0.014058275898240002
0.48750000000000004,0.8250000000000001,-0.08581129433371172,-0.01563344393005239,0.013986817060608002
0.48750000000000004,0.8375,-0.08521232476620806,-0.015118637851165436,0.013915358222976001
0.48750000000000004,0.8500000000000001,-0.08461335519870437,-0.014603831772278475,0.013843899385344
0.48750000000000004,0.8625,-0.08401438563120071,-0.014089025693391518,0.013772440547712
0.48750000000000004,0.875,-0.08341541606369707,-0.013574219614504562,0.013700981710080003
0.48750000000000004,0.8875000000000001,-0.08281644649619337,-0.013059413535617601,0.013629522872447999
0.48750000000000004,0.9,-0.0822174769286897,-0.012544607456730647,0.013558064034815999
0.48750000000000004,0.9125000000000001,-0.08161850736118603,-0.012029801377843688,0.013486605197184002
0.48750000000000004,0.925,-0.08101953779368236,-0.011514995298956731,0.013415146359552002
0.48750000000000004,0.9375,-0.0804205682261787,-0.011000189220069775,0.01334368752192
0.48750000000000004,0.9500000000000001,-0.07982159865867502,-0.010485383141182815,0.013272228684288
0.48750000000000004,0.9625,-0.07922262909117135,-0.009970577062295857,0.013200769846656002
0.48750000000000004,0.9750000000000001,-0.07862365952366768,-0.009455770983408896,0.013129311009024
0.48750000000000004,0.9875,-0.07802468995616403,-0.008940964904521943,0.013057852171392001
0.48750000000000004,1.0,-0.07742572038866037,-0.008426158825634987,0.012986393333760001
0.5,0.0,-0.12678621770926368,-0.05088271296060676,0.0188576059392
0.5,0.0125,-0.1261720327510794,-0.050354706725850906,0.01878431482368
0.5,0.025,-0.1255578477928951,-0.04982670049109505,0.018711023708160003
0.5,0.037500000000000006,-0.12494366283471084,-0.04929869425633919,0.01863773259264
0.5,0.05,-0.12432947787652655,-0.04877068802158334,0.01856444147712
0.5,0.0625,-0.12371529291834225,-0.04824268178682748,0.018491150361599998
0.5,0.07500000000000001,-0.12310110796015798,-0.04771467555207163,0.01841785924608
0.5,0.08750000000000001,-0.12248692300197372,-0.04718666931731578,0.018344568130560002
0.5,0.1,-0.12187273804378945,-0.04665866308255993,0.01827127701504
0.5,0.1125,-0.12125855308560515,-0.04613065684780406,0.018197985899520003
0.5,0.125,-0.12064436812742085,-0.04560265061304822,0.018124694783999997
0.5,0.1375,-0.12003018316923655,-0.04507464437829237,0.01805140366848
0.5,0.15000000000000002,-0.11941599821105231,-0.0445466381435365,0.017978112552959998
0.5,0.1625,-0.11880181325286802,-0.04401863190878065,0.01790482143744
0.5,0.17500000000000002,-0.11818762829468372,-0.04349062567402479,0.01783153032192
0.5,0.1875,-0.11757344333649943,-0.04296261943926895,0.0177582392064
0.5,0.2,-0.1169592583783152,-0.04243461320451309,0.01768494809088
0.5,0.21250000000000002,-0.11634507342013087,-0.041906606969757246,0.017611656975359997
0.5,0.225,-0.11573088846194662,-0.04137860073500139,0.017538365859839998
0.5,0.23750000000000002,-0.11511670350376232,-0.04085059450024553,0.01746507474432
0.5,0.25,-0.11450251854557805,-0.04032258826548967,0.0173917836288
0.5,0.2625,-0.11388833358739375,-0.03979458203073383,0.01731849251328
0.5,0.275,-0.11327414862920945,-0.03926657579597797,0.01724520139776
0.5,0.28750000000000003,-0.11265996367102522,-0.03873856956122211,0.017171910282239997
0.5,0.30000000000000004,-0.11204577871284092,-0.03821056332646627,0.01709861916672
0.5,0.3125,-0.11143159375465662,-0.03768255709171041,0.0170253280512
0.5,0.325,-0.11081740879647237,-0.03715455085695456,0.01695203693568
0.5,0.3375,-0.11020322383828807,-0.0366265446221987,0.01687874582016
0.5,0.35000000000000003,-0.10958903888010377,-0.03609853838744284,0.01680545470464
0.5,0.36250000000000004,-0.1089748539219195,-0.035570532152687,0.01673216358912
0.5,0.375,-0.10836066896373522,-0.03504252591793113,0.016658872473599998
0.5,0.3875,-0.10774648400555095,-0.03451451968317529,0.01658558135808
0.5,0.4,-0.10713229904736667,-0.033986513448419436,0.01651229024256
0.5,0.41250000000000003,-0.10651811408918237,-0.03345850721366357,0.01643899912704
0.5,0.42500000000000004,-0.1059039291309981,-0.03293050097890772,0.016365708011520003
0.5,0.4375,-0.10528974417281381,-0.03240249474415187,0.016292416896
0.5,0.45,-0.10467555921462954,-0.03187448850939602,0.016219125780479998
0.5,0.4625,-0.10406137425644525,-0.03134648227464015,0.016145834664959998
0.5,0.47500000000000003,-0.10344718929826095,-0.03081847603988431,0.01607254354944
0.5,0.48750000000000004,-0.1028330043400767,-0.03029046980512845,0.01599925243392
0.5,0.5,-0.1022188193818924,-0.029762463570372596,0.0159259613184
0.5,0.5125000000000001,-0.10160463442370812,-0.02923445733561674,0.01585267020288
0.5,0.525,-0.10099044946552384,-0.028706451100860893,0.015779379087359997
0.5,0.5375,-0.10037626450733957,-0.028178444866105042,0.01570608797184
0.5,0.55,-0.09976207954915528,-0.02765043863134918,0.015632796856320002
0.5,0.5625,-0.09914789459097098,-0.02712243239659333,0.015559505740799999
0.5,0.5750000000000001,-0.09853370963278671,-0.026594426161837475,0.015486214625279996
0.5,0.5875,-0.09791952467460245,-0.026066419927081627,0.015412923509760002
0.5,0.6000000000000001,-0.09730533971641814,-0.025538413692325766,0.015339632394239997
0.5,0.6125,-0.09669115475823385,-0.02501040745756991,0.01526634127872
0.5,0.625,-0.0960769698000496,-0.02448240122281406,0.015193050163199998
0.5,0.6375000000000001,-0.09546278484186528,-0.023954394988058205,0.01511975904768
0.5,0.65,-0.09484859988368101,-0.023426388753302357,0.015046467932159998
0.5,0.6625000000000001,-0.09423441492549674,-0.022898382518546496,0.014973176816640003
0.5,0.675,-0.09362022996731245,-0.022370376283790648,0.014899885701119999
0.5,0.6875,-0.09300604500912818,-0.02184237004903479,0.014826594585599998
0.5,0.7000000000000001,-0.09239186005094388,-0.021314363814278935,0.01475330347008
0.5,0.7125,-0.09177767509275961,-0.02078635757952308,0.01468001235456
0.5,0.7250000000000001,-0.09116349013457534,-0.020258351344767226,0.01460672123904
0.5,0.7375,-0.09054930517639107,-0.01973034511001138,0.014533430123519998
0.5,0.75,-0.08993512021820677,-0.019202338875255524,0.014460139008
0.5,0.7625000000000001,-0.08932093526002248,-0.01867433264049967,0.014386847892479997
0.5,0.775,-0.08870675030183821,-0.018146326405743814,0.014313556776960001
0.5,0.7875000000000001,-0.08809256534365392,-0.017618320170987956,0.014240265661439998
0.5,0.8,-0.08747838038546965,-0.017090313936232105,0.01416697454592
0.5,0.8125,-0.08686419542728537,-0.01656230770147625,0.0140936834304
0.5,0.8250000000000001,-0.08625001046910108,-0.016034301466720396,0.014020392314879998
0.5,0.8375,-0.08563582551091681,-0.015506295231964546,0.013947101199359999
0.5,0.8500000000000001,-0.0850216405527325,-0.01497828899720869,0.013873810083839998
0.5,0.8625,-0.08440745559454825,-0.014450282762452835,0.01380051896832
0.5,0.875,-0.08379327063636395,-0.013922276527696986,0.013727227852799999
0.5,0.8875000000000001,-0.08317908567817965,-0.013394270292941128,0.013653936737279998
0.5,0.9,-0.0825649007199954,-0.012866264058185277,0.01358064562176
0.5,0.9125000000000001,-0.0819507157618111,-0.012338257823429418,0.01350735450624
0.5,0.925,-0.0813365308036268,-0.011810251588673566,0.01343406339072
0.5,0.9375,-0.08072234584544252,-0.011282245353917714,0.013360772275199998
0.5,0.9500000000000001,-0.08010816088725825,-0.01075423911916186,0.01328748115968
0.5,0.9625,-0.07949397592907397,-0.010226232884406005,0.01321419004416
0.5,0.9750000000000001,-0.07887979097088971,-0.009698226649650149,0.013140898928640002
0.5,0.9875,-0.07826560601270538,-0.0091702204148943,0.01306760781312
0.5,1.0,-0.07765142105452114,-0.008642214180138446,0.0129943166976
0.5125000000000001,0.0,-0.12822914962957346,-0.05215478078462194,0.01901211153408
0.5125000000000001,0.0125,-0.12759974928070855,-0.05161357439399719,0.018936988140672
0.5125000000000001,0.025,-0.12697034893184367,-0.051072368003372434,0.018861864747264
0.5125000000000001,0.037500000000000006,-0.12634094858297878,-0.05053116161274769,0.018786741353856
0.5125000000000001,0.05,-0.1257115482341139,-0.04998995522212295,0.018711617960448002
0.5125000000000001,0.0625,-0.125082147885249,-0.04944874883149819,0.018636494567040002
0.5125000000000001,0.07500000000000001,-0.12445274753638409,-0.04890754244087345,0.018561371173631998
0.5125000000000001,0.08750000000000001,-0.12382334718751921,-0.04836633605024869,0.018486247780224
0.5125000000000001,0.1,-0.12319394683865431,-0.04782512965962395,0.018411124386816
0.5125000000000001,0.1125,-0.1225645464897894,-0.04728392326899918,0.018336000993408
0.5125000000000001,0.125,-0.12193514614092449,-0.04674271687837444,0.0182608776
0.5125000000000001,0.1375,-0.12130574579205965,-0.04620151048774969,0.018185754206592
0.5125000000000001,0.15000000000000002,-0.12067634544319472,-0.04566030409712493,0.018110630813184002
0.5125000000000001,0.1625,-0.12004694509432981,-0.04511909770650019,0.018035507419776
0.5125000000000001,0.17500000000000002,-0.11941754474546493,-0.04457789131587544,0.017960384026368
0.5125000000000001,0.1875,-0.11878814439660003,-0.04403668492525068,0.01788526063296
0.5125000000000001,0.2,-0.11815874404773516,-0.04349547853462594,0.017810137239552003
0.5125000000000001,0.21250000000000002,-0.11752934369887025,-0.04295427214400118,0.017735013846144
0.5125000000000001,0.225,-0.11689994335000534,-0.04241306575337644,0.017659890452736002
0.5125000000000001,0.23750000000000002,-0.11627054300114047,-0.04187185936275168,0.017584767059328
0.5125000000000001,0.25,-0.11564114265227556,-0.04133065297212693,0.01750964366592
0.5125000000000001,0.2625,-0.11501174230341069,-0.04078944658150218,0.017434520272512
0.5125000000000001,0.275,-0.11438234195454577,-0.04024824019087743,0.017359396879104
0.5125000000000001,0.28750000000000003,-0.11375294160568088,-0.03970703380025267,0.017284273485695997
0.5125000000000001,0.30000000000000004,-0.113123541256816,-0.03916582740962793,0.017209150092288
0.5125000000000001,0.3125,-0.1124941409079511,-0.038624621019003186,0.01713402669888
0.5125000000000001,0.325,-0.11186474055908621,-0.03808341462837843,0.017058903305472
0.5125000000000001,0.3375,-0.11123534021022133,-0.037542208237753685,0.016983779912063998
0.5125000000000001,0.35000000000000003,-0.1106059398613564,-0.03700100184712893,0.016908656518655998
0.5125000000000001,0.36250000000000004,-0.10997653951249152,-0.03645979545650418,0.016833533125248
0.5125000000000001,0.375,-0.10934713916362662,-0.03591858906587943,0.01675840973184
0.5125000000000001,0.3875,-0.10871773881476174,-0.03537738267525468,0.016683286338432
0.5125000000000001,0.4,-0.10808833846589683,-0.03483617628462993,0.016608162945023996
0.5125000000000001,0.41250000000000003,-0.10745893811703194,-0.03429496989400517,0.016533039551616
0.5125000000000001,0.42500000000000004,-0.10682953776816703,-0.03375376350338043,0.016457916158208
0.5125000000000001,0.4375,-0.10620013741930215,-0.03321255711275568,0.016382792764799998
0.5125000000000001,0.45,-0.10557073707043726,-0.03267135072213093,0.016307669371391997
0.5125000000000001,0.4625,-0.10494133672157235,-0.032130144331506176,0.016232545977984
0.5125000000000001,0.47500000000000003,-0.10431193637270747,-0.03158893794088142,0.016157422584576
0.5125000000000001,0.48750000000000004,-0.10368253602384259,-0.031047731550256676,0.016082299191168
0.5125000000000001,0.5,-0.1030531356749777,-0.030506525159631925,0.01600717579776
0.5125000000000001,0.5125000000000001,-0.10242373532611279,-0.02996531876900717,0.015932052404352002
0.5125000000000001,0.525,-0.10179433497724791,-0.029424112378382425,0.015856929010944
0.5125000000000001,0.5375,-0.10116493462838302,-0.028882905987757678,0.015781805617536
0.5125000000000001,0.55,-0.10053553427951811,-0.028341699597132924,0.015706682224128
0.5125000000000001,0.5625,-0.09990613393065323,-0.02780049320650817,0.015631558830720003
0.5125000000000001,0.5750000000000001,-0.09927673358178833,-0.02725928681588342,0.015556435437312
0.5125000000000001,0.5875,-0.09864733323292343,-0.026718080425258677,0.015481312043904
0.5125000000000001,0.6000000000000001,-0.09801793288405854,-0.02617687403463392,0.015406188650496
0.5125000000000001,0.6125,-0.09738853253519365,-0.025635667644009173,0.015331065257088002
0.5125000000000001,0.625,-0.09675913218632874,-0.025094461253384423,0.01525594186368
0.5125000000000001,0.6375000000000001,-0.09612973183746384,-0.024553254862759666,0.015180818470271999
0.5125000000000001,0.65,-0.09550033148859896,-0.02401204847213492,0.015105695076863998
0.5125000000000001,0.6625000000000001,-0.09487093113973405,-0.02347084208151017,0.015030571683456
0.5125000000000001,0.675,-0.09424153079086915,-0.02292963569088542,0.014955448290048
0.5125000000000001,0.6875,-0.09361213044200427,-0.02238842930026067,0.01488032489664
0.5125000000000001,0.7000000000000001,-0.09298273009313938,-0.021847222909635918,0.014805201503232
0.5125000000000001,0.7125,-0.09235332974427449,-0.02130601651901117,0.014730078109824001
0.5125000000000001,0.7250000000000001,-0.09172392939540959,-0.020764810128386418,0.014654954716415997
0.5125000000000001,0.7375,-0.09109452904654468,-0.020223603737761667,0.014579831323007999
0.5125000000000001,0.75,-0.09046512869767981,-0.01968239734713692,0.014504707929599998
0.5125000000000001,0.7625000000000001,-0.08983572834881491,-0.019141190956512164,0.014429584536191998
0.5125000000000001,0.775,-0.08920632799995004,-0.01859998456588742,0.014354461142783999
0.5125000000000001,0.7875000000000001,-0.08857692765108512,-0.018058778175262663,0.014279337749375998
0.5125000000000001,0.8,-0.08794752730222023,-0.017517571784637916,0.014204214355968
0.5125000000000001,0.8125,-0.08731812695335534,-0.016976365394013166,0.014129090962559997
0.5125000000000001,0.8250000000000001,-0.08668872660449042,-0.016435159003388412,0.014053967569152
0.5125000000000001,0.8375,-0.08605932625562554,-0.015893952612763666,0.013978844175743998
0.5125000000000001,0.8500000000000001,-0.08542992590676066,-0.015352746222138914,0.013903720782336001
0.5125000000000001,0.8625,-0.08480052555789576,-0.014811539831514165,0.013828597388927999
0.5125000000000001,0.875,-0.08417112520903085,-0.014270333440889415,0.013753473995520002
0.5125000000000001,0.8875000000000001,-0.08354172486016596,-0.013729127050264661,0.013678350602111998
0.5125000000000001,0.9,-0.08291232451130107,-0.013187920659639913,0.013603227208704003
0.5125000000000001,0.9125000000000001,-0.08228292416243617,-0.012646714269015159,0.013528103815295999
0.5125000000000001,0.925,-0.08165352381357129,-0.01210550787839041,0.013452980421888
0.5125000000000001,0.9375,-0.08102412346470642,-0.011564301487765664,0.01337785702848
0.5125000000000001,0.9500000000000001,-0.08039472311584149,-0.01102309509714091,0.013302733635072
0.5125000000000001,0.9625,-0.07976532276697659,-0.010481888706516162,0.013227610241664
0.5125000000000001,0.9750000000000001,-0.0791359224181117,-0.009940682315891408,0.013152486848256
0.5125000000000001,0.9875,-0.0785065220692468,-0.00939947592526666,0.013077363454848001
0.5125000000000001,1.0,-0.07787712172038193,-0.00885826953464191,0.013002240061439997
0.525,0.0,-0.12967208154988322,-0.053426848608637105,0.019166617128959996
0.525,0.0125,-0.1290274658103377,-0.052872442062143456,0.019089661457663998
0.525,0.025,-0.1283828500707922,-0.05231803551564981,0.019012705786368
0.525,0.037500000000000006,-0.1277382343312467,-0.051763628969156164,0.018935750115072
0.525,0.05,-0.12709361859170118,-0.051209222422662515,0.018858794443776
0.525,0.0625,-0.12644900285215568,-0.05065481587616887,0.018781838772480002
0.525,0.07500000000000001,-0.1258043871126102,-0.05010040932967522,0.018704883101184
0.525,0.08750000000000001,-0.12515977137306467,-0.049546002783181574,0.018627927429888003
0.525,0.1,-0.12451515563351917,-0.04899159623668793,0.018550971758592
0.525,0.1125,-0.12387053989397362,-0.04843718969019428,0.018474016087296
0.525,0.125,-0.12322592415442814,-0.04788278314370064,0.018397060415999998
0.525,0.1375,-0.12258130841488266,-0.04732837659720699,0.018320104744704
0.525,0.15000000000000002,-0.1219366926753371,-0.04677397005071334,0.018243149073408
0.525,0.1625,-0.12129207693579162,-0.0462195635042197,0.018166193402112
0.525,0.17500000000000002,-0.12064746119624611,-0.045665156957726036,0.018089237730816
0.525,0.1875,-0.12000284545670059,-0.0451107504112324,0.01801228205952
0.525,0.2,-0.11935822971715512,-0.04455634386473875,0.017935326388224003
0.525,0.21250000000000002,-0.1187136139776096,-0.04400193731824511,0.017858370716927998
0.525,0.225,-0.11806899823806409,-0.043447530771751466,0.017781415045631997
0.525,0.23750000000000002,-0.11742438249851861,-0.0428931242252578,0.017704459374336002
0.525,0.25,-0.11677976675897306,-0.04233871767876417,0.017627503703039997
0.525,0.2625,-0.11613515101942758,-0.04178431113227052,0.017550548031744002
0.525,0.275,-0.11549053527988207,-0.041229904585776876,0.017473592360447997
0.525,0.28750000000000003,-0.11484591954033654,-0.04067549803928322,0.017396636689152
0.525,0.30000000000000004,-0.11420130380079106,-0.040121091492789585,0.017319681017855998
0.525,0.3125,-0.11355668806124555,-0.039566684946295935,0.01724272534656
0.525,0.325,-0.11291207232170004,-0.039012278399802286,0.017165769675264
0.525,0.3375,-0.11226745658215452,-0.03845787185330864,0.017088814003967997
0.525,0.35000000000000003,-0.11162284084260904,-0.037903465306814994,0.017011858332672002
0.525,0.36250000000000004,-0.11097822510306349,-0.037349058760321345,0.016934902661375997
0.525,0.375,-0.11033360936351802,-0.03679465221382771,0.016857946990080003
0.525,0.3875,-0.1096889936239725,-0.03624024566733406,0.016780991318783998
0.525,0.4,-0.10904437788442699,-0.035685839120840404,0.016704035647488003
0.525,0.41250000000000003,-0.1083997621448815,-0.035131432574346755,0.016627079976191998
0.525,0.42500000000000004,-0.10775514640533598,-0.03457702602785311,0.016550124304896
0.525,0.4375,-0.10711053066579049,-0.03402261948135947,0.0164731686336
0.525,0.45,-0.10646591492624499,-0.03346821293486582,0.016396212962304
0.525,0.4625,-0.1058212991866995,-0.03291380638837218,0.016319257291008
0.525,0.47500000000000003,-0.10517668344715396,-0.03235939984187853,0.016242301619711998
0.525,0.48750000000000004,-0.10453206770760844,-0.03180499329538488,0.016165345948415996
0.525,0.5,-0.10388745196806295,-0.03125058674889124,0.016088390277119998
0.525,0.5125000000000001,-0.10324283622851745,-0.030696180202397585,0.016011434605824
0.525,0.525,-0.10259822048897194,-0.030141773655903946,0.015934478934528
0.525,0.5375,-0.10195360474942644,-0.029587367109410304,0.015857523263232
0.525,0.55,-0.10130898900988095,-0.029032960562916644,0.015780567591936
0.525,0.5625,-0.10066437327033542,-0.028478554016422998,0.01570361192064
0.525,0.5750000000000001,-0.10001975753078991,-0.02792414746992935,0.015626656249344
0.525,0.5875,-0.0993751417912444,-0.027369740923435706,0.015549700578048
0.525,0.6000000000000001,-0.0987305260516989,-0.02681533437694206,0.015472744906751998
0.525,0.6125,-0.0980859103121534,-0.026260927830448415,0.015395789235456
0.525,0.625,-0.09744129457260789,-0.025706521283954765,0.015318833564159999
0.525,0.6375000000000001,-0.0967966788330624,-0.025152114737461123,0.015241877892864
0.525,0.65,-0.09615206309351688,-0.02459770819096747,0.015164922221568
0.525,0.6625000000000001,-0.09550744735397138,-0.024043301644473825,0.015087966550272
0.525,0.675,-0.09486283161442585,-0.02348889509798018,0.015011010878976001
0.525,0.6875,-0.09421821587488037,-0.02293448855148654,0.01493405520768
0.525,0.7000000000000001,-0.09357360013533485,-0.022380082004992887,0.014857099536384002
0.525,0.7125,-0.09292898439578935,-0.02182567545849924,0.014780143865088
0.525,0.7250000000000001,-0.09228436865624383,-0.021271268912005592,0.014703188193792
0.525,0.7375,-0.09163975291669833,-0.02071686236551195,0.014626232522495999
0.525,0.75,-0.09099513717715284,-0.020162455819018304,0.014549276851199998
0.525,0.7625000000000001,-0.09035052143760733,-0.019608049272524655,0.014472321179904
0.525,0.775,-0.08970590569806183,-0.01905364272603101,0.014395365508607998
0.525,0.7875000000000001,-0.0890612899585163,-0.01849923617953736,0.014318409837312
0.525,0.8,-0.08841667421897079,-0.017944829633043714,0.014241454166015998
0.525,0.8125,-0.08777205847942529,-0.01739042308655007,0.01416449849472
0.525,0.8250000000000001,-0.08712744273987978,-0.01683601654005642,0.014087542823423999
0.525,0.8375,-0.08648282700033429,-0.016281609993562776,0.014010587152128003
0.525,0.8500000000000001,-0.08583821126078878,-0.015727203447069127,0.013933631480831998
0.525,0.8625,-0.08519359552124328,-0.015172796900575481,0.013856675809536
0.525,0.875,-0.08454897978169777,-0.014618390354081837,0.013779720138239998
0.525,0.8875000000000001,-0.08390436404215225,-0.014063983807588186,0.013702764466944
0.525,0.9,-0.08325974830260673,-0.013509577261094542,0.013625808795648
0.525,0.9125000000000001,-0.08261513256306124,-0.01295517071460089,0.013548853124351999
0.525,0.925,-0.08197051682351575,-0.012400764168107248,0.013471897453056
0.525,0.9375,-0.08132590108397023,-0.011846357621613603,0.01339494178176
0.525,0.9500000000000001,-0.08068128534442476,-0.011291951075119955,0.013317986110464
0.525,0.9625,-0.08003666960487922,-0.010737544528626308,0.013241030439168
0.525,0.9750000000000001,-0.07939205386533373,-0.010183137982132658,0.013164074767872
0.525,0.9875,-0.07874743812578819,-0.009628731435639016,0.013087119096575998
0.525,1.0,-0.07810282238624269,-0.009074324889145368,0.013010163425279999
0.5375,0.0,-0.13111501347019294,-0.05469891643265226,0.019321122723839998
0.5375,0.0125,-0.13045518233996684,-0.05413130973028972,0.019242334774656
0.5375,0.025,-0.12979535120974073,-0.05356370302792718,0.019163546825472
0.5375,0.037500000000000006,-0.1291355200795146,-0.05299609632556463,0.019084758876288
0.5375,0.05,-0.12847568894928849,-0.052428489623202096,0.019005970927103998
0.5375,0.0625,-0.12781585781906238,-0.05186088292083955,0.01892718297792
0.5375,0.07500000000000001,-0.12715602668883624,-0.051293276218477006,0.018848395028735997
0.5375,0.08750000000000001,-0.1264961955586101,-0.050725669516114465,0.018769607079552
0.5375,0.1,-0.125836364428384,-0.05015806281375192,0.018690819130368
0.5375,0.1125,-0.1251765332981579,-0.04959045611138937,0.018612031181184
0.5375,0.125,-0.12451670216793179,-0.049022849409026834,0.018533243232
0.5375,0.1375,-0.12385687103770565,-0.04845524270666429,0.018454455282816
0.5375,0.15000000000000002,-0.12319703990747954,-0.04788763600430175,0.018375667333632002
0.5375,0.1625,-0.12253720877725341,-0.0473200293019392,0.018296879384448
0.5375,0.17500000000000002,-0.1218773776470273,-0.04675242259957666,0.018218091435263997
0.5375,0.1875,-0.12121754651680114,-0.04618481589721411,0.018139303486079995
0.5375,0.2,-0.12055771538657506,-0.045617209194851585,0.018060515536896
0.5375,0.21250000000000002,-0.11989788425634892,-0.04504960249248902,0.017981727587712
0.5375,0.225,-0.1192380531261228,-0.04448199579012649,0.017902939638527997
0.5375,0.23750000000000002,-0.11857822199589671,-0.04391438908776395,0.017824151689344
0.5375,0.25,-0.11791839086567059,-0.043346782385401406,0.017745363740159996
0.5375,0.2625,-0.1172585597354445,-0.042779175683038864,0.017666575790976
0.5375,0.275,-0.11659872860521835,-0.042211568980676316,0.017587787841791998
0.5375,0.28750000000000003,-0.11593889747499223,-0.04164396227831377,0.017508999892608002
0.5375,0.30000000000000004,-0.1152790663447661,-0.04107635557595123,0.017430211943424
0.5375,0.3125,-0.11461923521453998,-0.040508748873588685,0.01735142399424
0.5375,0.325,-0.11395940408431389,-0.03994114217122614,0.017272636045056
0.5375,0.3375,-0.11329957295408777,-0.0393735354688636,0.017193848095872
0.5375,0.35000000000000003,-0.11263974182386165,-0.03880592876650106,0.017115060146688
0.5375,0.36250000000000004,-0.11197991069363553,-0.03823832206413851,0.017036272197503997
0.5375,0.375,-0.1113200795634094,-0.03767071536177597,0.01695748424832
0.5375,0.3875,-0.11066024843318328,-0.037103108659413436,0.016878696299135996
0.5375,0.4,-0.11000041730295716,-0.03653550195705089,0.016799908349951997
0.5375,0.41250000000000003,-0.10934058617273104,-0.03596789525468834,0.016721120400767998
0.5375,0.42500000000000004,-0.10868075504250493,-0.035400288552325805,0.016642332451584
0.5375,0.4375,-0.10802092391227881,-0.034832681849963264,0.016563544502400003
0.5375,0.45,-0.10736109278205269,-0.03426507514760072,0.016484756553216
0.5375,0.4625,-0.10670126165182658,-0.033697468445238174,0.016405968604032
0.5375,0.47500000000000003,-0.10604143052160045,-0.033129861742875626,0.016327180654848
0.5375,0.48750000000000004,-0.10538159939137431,-0.03256225504051308,0.016248392705664
0.5375,0.5,-0.10472176826114822,-0.03199464833815054,0.016169604756479997
0.5375,0.5125000000000001,-0.1040619371309221,-0.031427041635788,0.016090816807295998
0.5375,0.525,-0.10340210600069599,-0.030859434933425457,0.016012028858111996
0.5375,0.5375,-0.10274227487046986,-0.030291828231062915,0.015933240908928
0.5375,0.55,-0.10208244374024375,-0.029724221528700374,0.015854452959744
0.5375,0.5625,-0.10142261261001764,-0.029156614826337836,0.015775665010560002
0.5375,0.5750000000000001,-0.10076278147979151,-0.02858900812397528,0.015696877061376003
0.5375,0.5875,-0.1001029503495654,-0.028021401421612743,0.015618089112191997
0.5375,0.6000000000000001,-0.09944311921933925,-0.0274537947192502,0.015539301163007998
0.5375,0.6125,-0.09878328808911314,-0.026886188016887656,0.015460513213823999
0.5375,0.625,-0.09812345695888705,-0.026318581314525115,0.01538172526464
0.5375,0.6375000000000001,-0.09746362582866092,-0.02575097461216257,0.015302937315455997
0.5375,0.65,-0.0968037946984348,-0.02518336790980003,0.015224149366271998
0.5375,0.6625000000000001,-0.09614396356820867,-0.024615761207437484,0.015145361417087999
0.5375,0.675,-0.09548413243798255,-0.024048154505074942,0.015066573467903998
0.5375,0.6875,-0.09482430130775643,-0.0234805478027124,0.01498778551872
0.5375,0.7000000000000001,-0.09416447017753032,-0.022912941100349856,0.014908997569535997
0.5375,0.7125,-0.09350463904730422,-0.022345334397987318,0.014830209620352001
0.5375,0.7250000000000001,-0.09284480791707808,-0.021777727695624766,0.014751421671167999
0.5375,0.7375,-0.09218497678685197,-0.02121012099326223,0.014672633721984001
0.5375,0.75,-0.09152514565662585,-0.020642514290899687,0.014593845772799999
0.5375,0.7625000000000001,-0.09086531452639973,-0.020074907588537142,0.014515057823616
0.5375,0.775,-0.0902054833961736,-0.019507300886174604,0.014436269874432004
0.5375,0.7875000000000001,-0.08954565226594749,-0.018939694183812052,0.014357481925247996
0.5375,0.8,-0.08888582113572138,-0.018372087481449514,0.014278693976063999
0.5375,0.8125,-0.08822599000549528,-0.01780448077908697,0.014199906026879998
0.5375,0.8250000000000001,-0.08756615887526914,-0.017236874076724425,0.014121118077696
0.5375,0.8375,-0.08690632774504302,-0.016669267374361887,0.014042330128511997
0.5375,0.8500000000000001,-0.08624649661481691,-0.016101660671999342,0.013963542179327998
0.5375,0.8625,-0.08558666548459079,-0.0155340539696368,0.013884754230143998
0.5375,0.875,-0.08492683435436466,-0.014966447267274257,0.01380596628096
0.5375,0.8875000000000001,-0.08426700322413855,-0.014398840564911712,0.013727178331776002
0.5375,0.9,-0.08360717209391244,-0.013831233862549173,0.013648390382592
0.5375,0.9125000000000001,-0.0829473409636863,-0.013263627160186626,0.013569602433408
0.5375,0.925,-0.0822875098334602,-0.012696020457824085,0.013490814484223998
0.5375,0.9375,-0.08162767870323409,-0.012128413755461545,0.013412026535039999
0.5375,0.9500000000000001,-0.08096784757300796,-0.011560807053098998,0.013333238585856
0.5375,0.9625,-0.08030801644278183,-0.010993200350736455,0.013254450636672003
0.5375,0.9750000000000001,-0.07964818531255571,-0.010425593648373909,0.013175662687488002
0.5375,0.9875,-0.0789883541823296,-0.00985798694601137,0.013096874738303997
0.5375,1.0,-0.0783285230521035,-0.009290380243648828,0.013018086789119998
0.55,0.0,-0.1325579453905027,-0.05597098425666744,0.019475628318719997
0.55,0.0125,-0.131882898869596,-0.055390177398436,0.019395008091648003
0.55,0.025,-0.13120785234868926,-0.05480937054020455,0.019314387864575996
0.55,0.037500000000000006,-0.13053280582778254,-0.05422856368197312,0.019233767637504003
0.55,0.05,-0.12985775930687576,-0.053647756823741684,0.019153147410432
0.55,0.0625,-0.12918271278596904,-0.05306694996551024,0.019072527183359996
0.55,0.07500000000000001,-0.12850766626506235,-0.052486143107278796,0.018991906956288
0.55,0.08750000000000001,-0.1278326197441556,-0.05190533624904736,0.018911286729216
0.55,0.1,-0.1271575732232489,-0.05132452939081593,0.018830666502144003
0.55,0.1125,-0.12648252670234217,-0.05074372253258448,0.018750046275071996
0.55,0.125,-0.12580748018143542,-0.05016291567435304,0.018669426048
0.55,0.1375,-0.1251324336605287,-0.04958210881612161,0.018588805820928003
0.55,0.15000000000000002,-0.12445738713962193,-0.04900130195789016,0.018508185593856
0.55,0.1625,-0.12378234061871521,-0.048420495099658734,0.018427565366784
0.55,0.17500000000000002,-0.12310729409780848,-0.04783968824142728,0.018346945139712
0.55,0.1875,-0.12243224757690174,-0.047258881383195846,0.018266324912640002
0.55,0.2,-0.12175720105599505,-0.046678074524964405,0.018185704685568002
0.55,0.21250000000000002,-0.1210821545350883,-0.046097267666732965,0.018105084458496
0.55,0.225,-0.12040710801418159,-0.045516460808501524,0.018024464231424
0.55,0.23750000000000002,-0.11973206149327482,-0.04493565395027009,0.017943844004352
0.55,0.25,-0.11905701497236812,-0.04435484709203864,0.017863223777280002
0.55,0.2625,-0.1183819684514614,-0.04377404023380722,0.017782603550207998
0.55,0.275,-0.11770692193055464,-0.043193233375575776,0.017701983323135998
0.55,0.28750000000000003,-0.1170318754096479,-0.042612426517344336,0.017621363096064
0.55,0.30000000000000004,-0.11635682888874117,-0.042031619659112895,0.017540742868992
0.55,0.3125,-0.11568178236783441,-0.041450812800881455,0.017460122641919998
0.55,0.325,-0.11500673584692775,-0.040870005942650015,0.017379502414848
0.55,0.3375,-0.11433168932602102,-0.04028919908441858,0.017298882187776
0.55,0.35000000000000003,-0.11365664280511426,-0.039708392226187134,0.017218261960704
0.55,0.36250000000000004,-0.11298159628420752,-0.03912758536795569,0.017137641733631997
0.55,0.375,-0.11230654976330079,-0.03854677850972426,0.01705702150656
0.55,0.3875,-0.11163150324239407,-0.03796597165149281,0.016976401279488004
0.55,0.4,-0.11095645672148734,-0.03738516479326137,0.016895781052415997
0.55,0.41250000000000003,-0.1102814102005806,-0.03680435793502993,0.016815160825343997
0.55,0.42500000000000004,-0.10960636367967387,-0.036223551076798505,0.016734540598272
0.55,0.4375,-0.10893131715876715,-0.035642744218567064,0.0166539203712
0.55,0.45,-0.10825627063786043,-0.03506193736033563,0.016573300144128
0.55,0.4625,-0.10758122411695367,-0.03448113050210418,0.016492679917055997
0.55,0.47500000000000003,-0.10690617759604694,-0.033900323643872736,0.016412059689984
0.55,0.48750000000000004,-0.10623113107514023,-0.033319516785641295,0.016331439462912
0.55,0.5,-0.10555608455423351,-0.03273870992740986,0.016250819235839997
0.55,0.5125000000000001,-0.10488103803332675,-0.03215790306917842,0.016170199008767996
0.55,0.525,-0.10420599151242003,-0.03157709621094698,0.016089578781696
0.55,0.5375,-0.10353094499151329,-0.03099628935271555,0.016008958554624003
0.55,0.55,-0.10285589847060658,-0.030415482494484104,0.015928338327552
0.55,0.5625,-0.10218085194969984,-0.02983467563625267,0.01584771810048
0.55,0.5750000000000001,-0.10150580542879313,-0.029253868778021223,0.015767097873408
0.55,0.5875,-0.10083075890788637,-0.02867306191978979,0.015686477646336
0.55,0.6000000000000001,-0.10015571238697964,-0.028092255061558345,0.015605857419264
0.55,0.6125,-0.09948066586607292,-0.02751144820332691,0.015525237192191997
0.55,0.625,-0.0988056193451662,-0.02693064134509547,0.01544461696512
0.55,0.6375000000000001,-0.09813057282425947,-0.02634983448686403,0.015363996738047999
0.55,0.65,-0.09745552630335272,-0.02576902762863259,0.015283376510975999
0.55,0.6625000000000001,-0.096780479782446,-0.02518822077040115,0.015202756283904
0.55,0.675,-0.09610543326153927,-0.024607413912169713,0.015122136056831997
0.55,0.6875,-0.09543038674063255,-0.024026607053938276,0.015041515829760002
0.55,0.7000000000000001,-0.0947553402197258,-0.023445800195706835,0.014960895602687997
0.55,0.7125,-0.09408029369881907,-0.02286499333747539,0.014880275375616
0.55,0.7250000000000001,-0.09340524717791235,-0.022284186479243955,0.014799655148544
0.55,0.7375,-0.09273020065700564,-0.021703379621012518,0.014719034921471998
0.55,0.75,-0.09205515413609888,-0.021122572762781077,0.014638414694400002
0.55,0.7625000000000001,-0.09138010761519215,-0.02054176590454964,0.014557794467327996
0.55,0.775,-0.09070506109428542,-0.0199609590463182,0.014477174240256
0.55,0.7875000000000001,-0.0900300145733787,-0.019380152188086756,0.014396554013184001
0.55,0.8,-0.08935496805247198,-0.01879934532985532,0.014315933786111998
0.55,0.8125,-0.08867992153156523,-0.018218538471623878,0.01423531355904
0.55,0.8250000000000001,-0.08800487501065851,-0.017637731613392434,0.014154693331967998
0.55,0.8375,-0.08732982848975177,-0.017056924755161004,0.014074073104896001
0.55,0.8500000000000001,-0.08665478196884503,-0.01647611789692956,0.013993452877823997
0.55,0.8625,-0.08597973544793831,-0.015895311038698123,0.013912832650752
0.55,0.875,-0.0853046889270316,-0.015314504180466683,0.013832212423679999
0.55,0.8875000000000001,-0.08462964240612486,-0.014733697322235242,0.013751592196608
0.55,0.9,-0.08395459588521811,-0.014152890464003807,0.013670971969536
0.55,0.9125000000000001,-0.08327954936431138,-0.013572083605772362,0.013590351742463999
0.55,0.925,-0.08260450284340465,-0.012991276747540925,0.013509731515391999
0.55,0.9375,-0.08192945632249793,-0.012410469889309491,0.01342911128832
0.55,0.9500000000000001,-0.0812544098015912,-0.011829663031078047,0.013348491061248
0.55,0.9625,-0.08057936328068448,-0.011248856172846608,0.013267870834175998
0.55,0.9750000000000001,-0.07990431675977773,-0.010668049314615164,0.013187250607104
0.55,0.9875,-0.07922927023887102,-0.010087242456383731,0.013106630380032
0.55,1.0,-0.07855422371796428,-0.009506435598152292,0.01302601015296
0.5625,0.0,-0.13400087731081248,-0.05724305208068261,0.019630133913599995
0.5625,0.0125,-0.13331061539922512,-0.05664904506658226,0.01954768140864
0.5625,0.025,-0.1326203534876378,-0.05605503805248193,0.019465228903679997
0.5625,0.037500000000000006,-0.13193009157605043,-0.05546103103838159,0.01938277639872
0.5625,0.05,-0.1312398296644631,-0.05486702402428126,0.01930032389376
0.5625,0.0625,-0.13054956775287577,-0.054273017010180925,0.0192178713888
0.5625,0.07500000000000001,-0.1298593058412884,-0.053679009996080586,0.01913541888384
0.5625,0.08750000000000001,-0.12916904392970105,-0.05308500298198025,0.01905296637888
0.5625,0.1,-0.12847878201811372,-0.05249099596787992,0.01897051387392
0.5625,0.1125,-0.12778852010652642,-0.05189698895377958,0.01888806136896
0.5625,0.125,-0.12709825819493903,-0.05130298193967925,0.018805608863999998
0.5625,0.1375,-0.1264079962833517,-0.050708974925578916,0.01872315635904
0.5625,0.15000000000000002,-0.12571773437176437,-0.05011496791147857,0.018640703854079996
0.5625,0.1625,-0.12502747246017704,-0.04952096089737824,0.018558251349119998
0.5625,0.17500000000000002,-0.12433721054858968,-0.0489269538832779,0.018475798844159997
0.5625,0.1875,-0.12364694863700235,-0.048332946869177565,0.0183933463392
0.5625,0.2,-0.12295668672541502,-0.04773893985507724,0.018310893834239998
0.5625,0.21250000000000002,-0.12226642481382764,-0.04714493284097689,0.018228441329279997
0.5625,0.225,-0.1215761629022403,-0.04655092582687656,0.018145988824320003
0.5625,0.23750000000000002,-0.12088590099065297,-0.04595691881277623,0.01806353631936
0.5625,0.25,-0.12019563907906562,-0.04536291179867588,0.0179810838144
0.5625,0.2625,-0.11950537716747829,-0.04476890478457555,0.01789863130944
0.5625,0.275,-0.11881511525589092,-0.04417489777047522,0.01781617880448
0.5625,0.28750000000000003,-0.11812485334430359,-0.043580890756374877,0.01773372629952
0.5625,0.30000000000000004,-0.11743459143271624,-0.04298688374227454,0.017651273794559996
0.5625,0.3125,-0.11674432952112894,-0.04239287672817421,0.0175688212896
0.5625,0.325,-0.11605406760954154,-0.04179886971407387,0.01748636878464
0.5625,0.3375,-0.11536380569795421,-0.041204862699973546,0.01740391627968
0.5625,0.35000000000000003,-0.11467354378636689,-0.0406108556858732,0.01732146377472
0.5625,0.36250000000000004,-0.11398328187477952,-0.04001684867177287,0.017239011269759998
0.5625,0.375,-0.11329301996319219,-0.039422841657672535,0.0171565587648
0.5625,0.3875,-0.11260275805160486,-0.0388288346435722,0.01707410625984
0.5625,0.4,-0.11191249614001751,-0.038234827629471856,0.01699165375488
0.5625,0.41250000000000003,-0.11122223422843011,-0.037640820615371516,0.016909201249919997
0.5625,0.42500000000000004,-0.11053197231684284,-0.03704681360127119,0.01682674874496
0.5625,0.4375,-0.10984171040525548,-0.036452806587170865,0.016744296239999998
0.5625,0.45,-0.10915144849366813,-0.035858799573070525,0.01666184373504
0.5625,0.4625,-0.10846118658208079,-0.03526479255897018,0.01657939123008
0.5625,0.47500000000000003,-0.10777092467049344,-0.034670785544869846,0.016496938725119998
0.5625,0.48750000000000004,-0.1070806627589061,-0.034076778530769514,0.01641448622016
0.5625,0.5,-0.10639040084731878,-0.033482771516669174,0.0163320337152
0.5625,0.5125000000000001,-0.10570013893573141,-0.032888764502568835,0.016249581210239998
0.5625,0.525,-0.10500987702414409,-0.03229475748846851,0.016167128705280004
0.5625,0.5375,-0.10431961511255673,-0.031700750474368176,0.01608467620032
0.5625,0.55,-0.10362935320096939,-0.03110674346026783,0.01600222369536
0.5625,0.5625,-0.10293909128938206,-0.030512736446167497,0.0159197711904
0.5625,0.5750000000000001,-0.1022488293777947,-0.02991872943206716,0.01583731868544
0.5625,0.5875,-0.10155856746620737,-0.02932472241796683,0.01575486618048
0.5625,0.6000000000000001,-0.10086830555462001,-0.02873071540386649,0.015672413675519997
0.5625,0.6125,-0.10017804364303269,-0.028136708389766153,0.01558996117056
0.5625,0.625,-0.09948778173144535,-0.02754270137566582,0.015507508665599998
0.5625,0.6375000000000001,-0.09879751981985799,-0.026948694361565485,0.015425056160639999
0.5625,0.65,-0.09810725790827066,-0.026354687347465152,0.01534260365568
0.5625,0.6625000000000001,-0.09741699599668333,-0.025760680333364816,0.01526015115072
0.5625,0.675,-0.09672673408509597,-0.025166673319264476,0.015177698645760001
0.5625,0.6875,-0.09603647217350862,-0.024572666305164144,0.015095246140800002
0.5625,0.7000000000000001,-0.09534621026192128,-0.023978659291063804,0.015012793635839999
0.5625,0.7125,-0.09465594835033395,-0.023384652276963472,0.014930341130879998
0.5625,0.7250000000000001,-0.0939656864387466,-0.022790645262863132,0.014847888625919998
0.5625,0.7375,-0.09327542452715926,-0.0221966382487628,0.014765436120959999
0.5625,0.75,-0.09258516261557193,-0.021602631234662467,0.014682983616
0.5625,0.7625000000000001,-0.09189490070398457,-0.021008624220562128,0.01460053111104
0.5625,0.775,-0.09120463879239722,-0.02041461720646179,0.014518078606079999
0.5625,0.7875000000000001,-0.09051437688080988,-0.019820610192361452,0.01443562610112
0.5625,0.8,-0.08982411496922253,-0.019226603178261123,0.01435317359616
0.5625,0.8125,-0.08913385305763522,-0.018632596164160787,0.0142707210912
0.5625,0.8250000000000001,-0.08844359114604787,-0.018038589150060444,0.014188268586240001
0.5625,0.8375,-0.08775332923446051,-0.017444582135960115,0.014105816081279999
0.5625,0.8500000000000001,-0.08706306732287318,-0.016850575121859775,0.01402336357632
0.5625,0.8625,-0.08637280541128584,-0.016256568107759443,0.013940911071359998
0.5625,0.875,-0.08568254349969848,-0.015662561093659107,0.013858458566399999
0.5625,0.8875000000000001,-0.08499228158811115,-0.015068554079558769,0.01377600606144
0.5625,0.9,-0.08430201967652379,-0.014474547065458438,0.01369355355648
0.5625,0.9125000000000001,-0.08361175776493646,-0.013880540051358099,0.01361110105152
0.5625,0.925,-0.08292149585334913,-0.013286533037257763,0.01352864854656
0.5625,0.9375,-0.08223123394176177,-0.012692526023157433,0.013446196041599998
0.5625,0.9500000000000001,-0.08154097203017445,-0.012098519009057094,0.01336374353664
0.5625,0.9625,-0.08085071011858709,-0.011504511994956758,0.01328129103168
0.5625,0.9750000000000001,-0.08016044820699975,-0.010910504980856418,0.01319883852672
0.5625,0.9875,-0.0794701862954124,-0.010316497966756088,0.013116386021759999
0.5625,1.0,-0.07877992438382508,-0.009722490952655753,0.013033933516799998
0.5750000000000001,0.0,-0.13544380923112223,-0.05851511990469779,0.019784639508479997
0.5750000000000001,0.0125,-0.13473833192885432,-0.05790791273472855,0.019700354725632
0.5750000000000001,0.025,-0.13403285462658635,-0.057300705564759316,0.019616069942784
0.5750000000000001,0.037500000000000006,-0.13332737732431837,-0.056693498394790084,0.019531785159935998
0.5750000000000001,0.05,-0.13262190002205043,-0.05608629122482086,0.019447500377088
0.5750000000000001,0.0625,-0.13191642271978246,-0.05547908405485162,0.01936321559424
0.5750000000000001,0.07500000000000001,-0.13121094541751455,-0.05487187688488239,0.019278930811392
0.5750000000000001,0.08750000000000001,-0.13050546811524655,-0.05426466971491316,0.019194646028544
0.5750000000000001,0.1,-0.12979999081297863,-0.053657462544943926,0.019110361245696
0.5750000000000001,0.1125,-0.12909451351071066,-0.05305025537497469,0.019026076462848
0.5750000000000001,0.125,-0.12838903620844266,-0.05244304820500546,0.01894179168
0.5750000000000001,0.1375,-0.12768355890617472,-0.05183584103503623,0.018857506897152
0.5750000000000001,0.15000000000000002,-0.12697808160390675,-0.051228633865067,0.018773222114304
0.5750000000000001,0.1625,-0.1262726043016388,-0.05062142669509776,0.018688937331456
0.5750000000000001,0.17500000000000002,-0.12556712699937086,-0.05001421952512852,0.018604652548608002
0.5750000000000001,0.1875,-0.12486164969710292,-0.049407012355159305,0.018520367765759996
0.5750000000000001,0.2,-0.12415617239483498,-0.048799805185190066,0.018436082982912
0.5750000000000001,0.21250000000000002,-0.123450695092567,-0.04819259801522083,0.018351798200064
0.5750000000000001,0.225,-0.12274521779029902,-0.0475853908452516,0.018267513417216
0.5750000000000001,0.23750000000000002,-0.12203974048803111,-0.04697818367528237,0.018183228634368002
0.5750000000000001,0.25,-0.12133426318576312,-0.04637097650531314,0.01809894385152
0.5750000000000001,0.2625,-0.12062878588349521,-0.0457637693353439,0.018014659068672
0.5750000000000001,0.275,-0.11992330858122724,-0.04515656216537467,0.017930374285824
0.5750000000000001,0.28750000000000003,-0.11921783127895927,-0.04454935499540544,0.017846089502976004
0.5750000000000001,0.30000000000000004,-0.11851235397669134,-0.043942147825436206,0.017761804720128
0.5750000000000001,0.3125,-0.11780687667442334,-0.043334940655466975,0.01767751993728
0.5750000000000001,0.325,-0.11710139937215543,-0.04272773348549774,0.017593235154432004
0.5750000000000001,0.3375,-0.11639592206988744,-0.04212052631552852,0.017508950371584
0.5750000000000001,0.35000000000000003,-0.1156904447676195,-0.04151331914555928,0.017424665588736
0.5750000000000001,0.36250000000000004,-0.11498496746535156,-0.04090611197559005,0.017340380805888
0.5750000000000001,0.375,-0.11427949016308361,-0.04029890480562082,0.01725609602304
0.5750000000000001,0.3875,-0.11357401286081567,-0.03969169763565159,0.017171811240192004
0.5750000000000001,0.4,-0.11286853555854769,-0.03908449046568236,0.017087526457344
0.5750000000000001,0.41250000000000003,-0.11216305825627974,-0.038477283295713115,0.017003241674496
0.5750000000000001,0.42500000000000004,-0.11145758095401176,-0.03787007612574388,0.016918956891648
0.5750000000000001,0.4375,-0.11075210365174382,-0.03726286895577466,0.0168346721088
0.5750000000000001,0.45,-0.11004662634947587,-0.03665566178580543,0.016750387325952003
0.5750000000000001,0.4625,-0.1093411490472079,-0.036048454615836195,0.016666102543103998
0.5750000000000001,0.47500000000000003,-0.10863567174493993,-0.03544124744586696,0.016581817760256003
0.5750000000000001,0.48750000000000004,-0.10793019444267199,-0.03483404027589772,0.016497532977407997
0.5750000000000001,0.5,-0.10722471714040403,-0.0342268331059285,0.01641324819456
0.5750000000000001,0.5125000000000001,-0.10651923983813608,-0.03361962593595926,0.016328963411712
0.5750000000000001,0.525,-0.10581376253586812,-0.03301241876599004,0.016244678628863998
0.5750000000000001,0.5375,-0.1051082852336002,-0.032405211596020805,0.016160393846016002
0.5750000000000001,0.55,-0.10440280793133225,-0.03179800442605157,0.016076109063168
0.5750000000000001,0.5625,-0.10369733062906425,-0.03119079725608234,0.015991824280319998
0.5750000000000001,0.5750000000000001,-0.10299185332679632,-0.030583590086113097,0.015907539497472
0.5750000000000001,0.5875,-0.10228637602452836,-0.029976382916143872,0.015823254714624
0.5750000000000001,0.6000000000000001,-0.1015808987222604,-0.02936917574617464,0.015738969931776002
0.5750000000000001,0.6125,-0.10087542141999245,-0.028761968576205405,0.015654685148928
0.5750000000000001,0.625,-0.10016994411772448,-0.028154761406236177,0.015570400366080001
0.5750000000000001,0.6375000000000001,-0.09946446681545654,-0.027547554236266942,0.015486115583232
0.5750000000000001,0.65,-0.0987589895131886,-0.02694034706629771,0.015401830800384
0.5750000000000001,0.6625000000000001,-0.09805351221092064,-0.026333139896328475,0.015317546017536003
0.5750000000000001,0.675,-0.0973480349086527,-0.02572593272635925,0.015233261234688
0.5750000000000001,0.6875,-0.09664255760638471,-0.02511872555639002,0.01514897645184
0.5750000000000001,0.7000000000000001,-0.09593708030411677,-0.02451151838642078,0.015064691668992
0.5750000000000001,0.7125,-0.0952316030018488,-0.023904311216451552,0.014980406886143997
0.5750000000000001,0.7250000000000001,-0.09452612569958084,-0.023297104046482317,0.014896122103296
0.5750000000000001,0.7375,-0.09382064839731288,-0.02268989687651309,0.014811837320448
0.5750000000000001,0.75,-0.09311517109504493,-0.02208268970654386,0.014727552537599997
0.5750000000000001,0.7625000000000001,-0.092409693792777,-0.021475482536574622,0.014643267754752
0.5750000000000001,0.775,-0.09170421649050904,-0.02086827536660539,0.014558982971904
0.5750000000000001,0.7875000000000001,-0.09099873918824106,-0.020261068196636155,0.014474698189056
0.5750000000000001,0.8,-0.09029326188597313,-0.019653861026666924,0.014390413406207999
0.5750000000000001,0.8125,-0.08958778458370517,-0.019046653856697696,0.014306128623359999
0.5750000000000001,0.8250000000000001,-0.08888230728143723,-0.018439446686728457,0.014221843840511998
0.5750000000000001,0.8375,-0.08817682997916926,-0.01783223951675923,0.014137559057664
0.5750000000000001,0.8500000000000001,-0.0874713526769013,-0.017225032346789997,0.014053274274816
0.5750000000000001,0.8625,-0.08676587537463334,-0.016617825176820766,0.013968989491967999
0.5750000000000001,0.875,-0.0860603980723654,-0.016010618006851534,0.013884704709119998
0.5750000000000001,0.8875000000000001,-0.08535492077009744,-0.0154034108368823,0.013800419926272001
0.5750000000000001,0.9,-0.08464944346782949,-0.01479620366691307,0.013716135143423997
0.5750000000000001,0.9125000000000001,-0.08394396616556153,-0.014188996496943834,0.013631850360576
0.5750000000000001,0.925,-0.08323848886329357,-0.013581789326974606,0.013547565577728002
0.5750000000000001,0.9375,-0.08253301156102563,-0.012974582157005376,0.013463280794879998
0.5750000000000001,0.9500000000000001,-0.08182753425875768,-0.012367374987036139,0.013378996012032001
0.5750000000000001,0.9625,-0.08112205695648969,-0.011760167817066909,0.013294711229183999
0.5750000000000001,0.9750000000000001,-0.08041657965422175,-0.011152960647097674,0.013210426446336
0.5750000000000001,0.9875,-0.0797111023519538,-0.010545753477128448,0.013126141663488
0.5750000000000001,1.0,-0.07900562504968585,-0.009938546307159212,0.01304185688064
0.5875,0.0,-0.136886741151432,-0.05978718772871294,0.019939145103359996
0.5875,0.0125,-0.13616604845848346,-0.05916678040287482,0.019853028042624
0.5875,0.025,-0.13544535576553487,-0.05854637307703669,0.019766910981888
0.5875,0.037500000000000006,-0.13472466307258626,-0.057925965751198565,0.019680793921151997
0.5875,0.05,-0.1340039703796377,-0.05730555842536043,0.019594676860415997
0.5875,0.0625,-0.13328327768668916,-0.0566851510995223,0.019508559799680004
0.5875,0.07500000000000001,-0.1325625849937406,-0.05606474377368418,0.019422442738944
0.5875,0.08750000000000001,-0.13184189230079202,-0.05544433644784604,0.019336325678207998
0.5875,0.1,-0.13112119960784346,-0.05482392912200792,0.019250208617472
0.5875,0.1125,-0.1304005069148949,-0.05420352179616979,0.019164091556736002
0.5875,0.125,-0.12967981422194633,-0.053583114470331664,0.019077974496
0.5875,0.1375,-0.12895912152899777,-0.05296270714449353,0.018991857435264
0.5875,0.15000000000000002,-0.1282384288360492,-0.0523422998186554,0.018905740374528
0.5875,0.1625,-0.12751773614310064,-0.05172189249281727,0.018819623313792
0.5875,0.17500000000000002,-0.12679704345015205,-0.05110148516697915,0.018733506253056
0.5875,0.1875,-0.1260763507572035,-0.05048107784114102,0.01864738919232
0.5875,0.2,-0.12535565806425494,-0.04986067051530289,0.018561272131584004
0.5875,0.21250000000000002,-0.12463496537130633,-0.049240263189464756,0.018475155070847998
0.5875,0.225,-0.1239142726783578,-0.04861985586362664,0.018389038010111998
0.5875,0.23750000000000002,-0.12319357998540922,-0.0479994485377885,0.018302920949375998
0.5875,0.25,-0.12247288729246067,-0.04737904121195038,0.01821680388864
0.5875,0.2625,-0.12175219459951206,-0.04675863388611225,0.018130686827904
0.5875,0.275,-0.12103150190656352,-0.04613822656027412,0.018044569767168
0.5875,0.28750000000000003,-0.12031080921361494,-0.04551781923443599,0.017958452706432
0.5875,0.30000000000000004,-0.11959011652066641,-0.04489741190859787,0.017872335645696
0.5875,0.3125,-0.11886942382771783,-0.04427700458275974,0.017786218584960004
0.5875,0.325,-0.11814873113476922,-0.0436565972569216,0.017700101524224
0.5875,0.3375,-0.11742803844182066,-0.04303618993108348,0.017613984463487997
0.5875,0.35000000000000003,-0.11670734574887211,-0.04241578260524534,0.017527867402751997
0.5875,0.36250000000000004,-0.11598665305592355,-0.041795375279407215,0.017441750342016
0.5875,0.375,-0.115265960362975,-0.04117496795356909,0.017355633281279998
0.5875,0.3875,-0.11454526767002642,-0.04055456062773097,0.017269516220544
0.5875,0.4,-0.11382457497707783,-0.03993415330189284,0.017183399159808002
0.5875,0.41250000000000003,-0.11310388228412928,-0.03931374597605469,0.017097282099072002
0.5875,0.42500000000000004,-0.11238318959118072,-0.03869333865021658,0.017011165038336
0.5875,0.4375,-0.11166249689823211,-0.03807293132437845,0.016925047977599996
0.5875,0.45,-0.11094180420528356,-0.03745252399854033,0.016838930916864
0.5875,0.4625,-0.110221111512335,-0.0368321166727022,0.016752813856128
0.5875,0.47500000000000003,-0.10950041881938642,-0.03621170934686407,0.016666696795391997
0.5875,0.48750000000000004,-0.10877972612643787,-0.03559130202102593,0.016580579734655997
0.5875,0.5,-0.10805903343348933,-0.03497089469518781,0.016494462673919998
0.5875,0.5125000000000001,-0.10733834074054073,-0.03435048736934968,0.016408345613184
0.5875,0.525,-0.10661764804759219,-0.03373008004351155,0.016322228552447998
0.5875,0.5375,-0.10589695535464363,-0.03310967271767343,0.016236111491712002
0.5875,0.55,-0.10517626266169505,-0.03248926539183529,0.016149994430976
0.5875,0.5625,-0.10445556996874648,-0.031868858065997166,0.01606387737024
0.5875,0.5750000000000001,-0.1037348772757979,-0.031248450740159032,0.015977760309504
0.5875,0.5875,-0.10301418458284935,-0.030628043414320915,0.015891643248767996
0.5875,0.6000000000000001,-0.10229349188990078,-0.03000763608848278,0.015805526188032
0.5875,0.6125,-0.10157279919695221,-0.029387228762644654,0.015719409127296
0.5875,0.625,-0.10085210650400367,-0.028766821436806526,0.015633292066559997
0.5875,0.6375000000000001,-0.10013141381105509,-0.028146414110968396,0.015547175005824001
0.5875,0.65,-0.09941072111810652,-0.027526006785130272,0.015461057945088001
0.5875,0.6625000000000001,-0.09869002842515795,-0.02690559945929214,0.015374940884352
0.5875,0.675,-0.09796933573220937,-0.02628519213345401,0.015288823823615997
0.5875,0.6875,-0.09724864303926078,-0.025664784807615887,0.015202706762879999
0.5875,0.7000000000000001,-0.09652795034631223,-0.025044377481777756,0.015116589702143999
0.5875,0.7125,-0.09580725765336368,-0.024423970155939626,0.015030472641407997
0.5875,0.7250000000000001,-0.0950865649604151,-0.023803562830101495,0.014944355580672001
0.5875,0.7375,-0.09436587226746657,-0.02318315550426337,0.014858238519936
0.5875,0.75,-0.09364517957451796,-0.022562748178425244,0.0147721214592
0.5875,0.7625000000000001,-0.0929244868815694,-0.021942340852587113,0.014686004398463997
0.5875,0.775,-0.09220379418862085,-0.021321933526748986,0.014599887337727999
0.5875,0.7875000000000001,-0.09148310149567225,-0.020701526200910852,0.014513770276991998
0.5875,0.8,-0.09076240880272371,-0.020081118875072728,0.014427653216255998
0.5875,0.8125,-0.09004171610977514,-0.0194607115492346,0.01434153615552
0.5875,0.8250000000000001,-0.08932102341682657,-0.018840304223396467,0.014255419094784
0.5875,0.8375,-0.08860033072387799,-0.018219896897558346,0.014169302034047999
0.5875,0.8500000000000001,-0.08787963803092944,-0.017599489571720216,0.014083184973311999
0.5875,0.8625,-0.08715894533798085,-0.016979082245882085,0.013997067912576001
0.5875,0.875,-0.0864382526450323,-0.016358674920043958,0.013910950851840001
0.5875,0.8875000000000001,-0.08571755995208374,-0.015738267594205827,0.013824833791103998
0.5875,0.9,-0.08499686725913518,-0.015117860268367703,0.013738716730368
0.5875,0.9125000000000001,-0.0842761745661866,-0.01449745294252957,0.013652599669631999
0.5875,0.925,-0.08355548187323804,-0.013877045616691444,0.013566482608895999
0.5875,0.9375,-0.08283478918028947,-0.01325663829085332,0.013480365548159998
0.5875,0.9500000000000001,-0.08211409648734092,-0.012636230965015186,0.013394248487424001
0.5875,0.9625,-0.08139340379439235,-0.01201582363917706,0.013308131426688002
0.5875,0.9750000000000001,-0.08067271110144376,-0.011395416313338926,0.013222014365952
0.5875,0.9875,-0.07995201840849521,-0.010775008987500804,0.013135897305215999
0.5875,1.0,-0.07923132571554664,-0.010154601661662677,0.013049780244479997
0.6000000000000001,0.0,-0.13832967307174177,-0.06105925555272812,0.020093650698239998
0.6000000000000001,0.0125,-0.13759376498811257,-0.0604256480710211,0.020005701359616
0.6000000000000001,0.025,-0.1368578569044834,-0.059792040589314074,0.019917752020992
0.6000000000000001,0.037500000000000006,-0.1361219488208542,-0.05915843310760704,0.019829802682368003
0.6000000000000001,0.05,-0.13538604073722504,-0.058524825625900015,0.019741853343744
0.6000000000000001,0.0625,-0.13465013265359588,-0.057891218144193,0.019653904005119998
0.6000000000000001,0.07500000000000001,-0.1339142245699667,-0.05725761066248597,0.019565954666496004
0.6000000000000001,0.08750000000000001,-0.13317831648633752,-0.05662400318077894,0.019478005327872003
0.6000000000000001,0.1,-0.13244240840270835,-0.05599039569907192,0.019390055989248
0.6000000000000001,0.1125,-0.13170650031907916,-0.05535678821736489,0.019302106650624002
0.6000000000000001,0.125,-0.13097059223544996,-0.05472318073565788,0.019214157311999998
0.6000000000000001,0.1375,-0.1302346841518208,-0.05408957325395085,0.019126207973376
0.6000000000000001,0.15000000000000002,-0.1294987760681916,-0.05345596577224382,0.019038258634751996
0.6000000000000001,0.1625,-0.1287628679845624,-0.052822358290536796,0.018950309296128
0.6000000000000001,0.17500000000000002,-0.12802695990093327,-0.052188750808829766,0.018862359957504002
0.6000000000000001,0.1875,-0.12729105181730407,-0.051555143327122736,0.01877441061888
0.6000000000000001,0.2,-0.1265551437336749,-0.05092153584541573,0.018686461280256
0.6000000000000001,0.21250000000000002,-0.1258192356500457,-0.0502879283637087,0.018598511941632
0.6000000000000001,0.225,-0.12508332756641655,-0.049654320882001675,0.018510562603008002
0.6000000000000001,0.23750000000000002,-0.12434741948278735,-0.049020713400294645,0.018422613264383998
0.6000000000000001,0.25,-0.12361151139915816,-0.048387105918587615,0.01833466392576
0.6000000000000001,0.2625,-0.12287560331552898,-0.0477534984368806,0.018246714587136
0.6000000000000001,0.275,-0.12213969523189984,-0.04711989095517357,0.018158765248512
0.6000000000000001,0.28750000000000003,-0.12140378714827062,-0.04648628347346655,0.018070815909888
0.6000000000000001,0.30000000000000004,-0.12066787906464145,-0.04585267599175953,0.017982866571263998
0.6000000000000001,0.3125,-0.11993197098101227,-0.0452190685100525,0.01789491723264
0.6000000000000001,0.325,-0.1191960628973831,-0.04458546102834547,0.017806967894016
0.6000000000000001,0.3375,-0.11846015481375391,-0.04395185354663845,0.017719018555391996
0.6000000000000001,0.35000000000000003,-0.11772424673012474,-0.043318246064931426,0.017631069216768
0.6000000000000001,0.36250000000000004,-0.11698833864649555,-0.042684638583224396,0.017543119878144
0.6000000000000001,0.375,-0.11625243056286637,-0.042051031101517374,0.017455170539520004
0.6000000000000001,0.3875,-0.11551652247923723,-0.04141742361981036,0.017367221200896
0.6000000000000001,0.4,-0.11478061439560801,-0.04078381613810333,0.017279271862272
0.6000000000000001,0.41250000000000003,-0.11404470631197883,-0.04015020865639629,0.017191322523648
0.6000000000000001,0.42500000000000004,-0.11330879822834966,-0.039516601174689275,0.017103373185023998
0.6000000000000001,0.4375,-0.1125728901447205,-0.03888299369298225,0.017015423846399997
0.6000000000000001,0.45,-0.11183698206109133,-0.03824938621127524,0.016927474507776
0.6000000000000001,0.4625,-0.11110107397746213,-0.0376157787295682,0.016839525169152
0.6000000000000001,0.47500000000000003,-0.11036516589383291,-0.03698217124786117,0.016751575830528
0.6000000000000001,0.48750000000000004,-0.10962925781020376,-0.03634856376615415,0.016663626491903998
0.6000000000000001,0.5,-0.10889334972657459,-0.035714956284447125,0.01657567715328
0.6000000000000001,0.5125000000000001,-0.10815744164294541,-0.035081348802740095,0.016487727814656003
0.6000000000000001,0.525,-0.10742153355931625,-0.03444774132103308,0.016399778476032
0.6000000000000001,0.5375,-0.10668562547568705,-0.033814133839326056,0.016311829137407998
0.6000000000000001,0.55,-0.10594971739205787,-0.03318052635761902,0.016223879798784
0.6000000000000001,0.5625,-0.10521380930842869,-0.032546918875912004,0.01613593046016
0.6000000000000001,0.5750000000000001,-0.10447790122479951,-0.03191331139420498,0.016047981121536
0.6000000000000001,0.5875,-0.10374199314117033,-0.03127970391249795,0.015960031782912
0.6000000000000001,0.6000000000000001,-0.10300608505754114,-0.03064609643079092,0.015872082444287998
0.6000000000000001,0.6125,-0.10227017697391197,-0.030012488949083902,0.015784133105664
0.6000000000000001,0.625,-0.1015342688902828,-0.02937888146737688,0.01569618376704
0.6000000000000001,0.6375000000000001,-0.10079836080665361,-0.028745273985669857,0.015608234428415996
0.6000000000000001,0.65,-0.10006245272302444,-0.028111666503962827,0.015520285089792002
0.6000000000000001,0.6625000000000001,-0.09932654463939526,-0.027478059022255804,0.015432335751168001
0.6000000000000001,0.675,-0.09859063655576608,-0.02684445154054878,0.015344386412543999
0.6000000000000001,0.6875,-0.09785472847213689,-0.02621084405884176,0.015256437073919998
0.6000000000000001,0.7000000000000001,-0.09711882038850772,-0.025577236577134732,0.015168487735295997
0.6000000000000001,0.7125,-0.09638291230487855,-0.02494362909542771,0.015080538396672004
0.6000000000000001,0.7250000000000001,-0.09564700422124936,-0.02431002161372068,0.014992589058048
0.6000000000000001,0.7375,-0.0949110961376202,-0.023676414132013657,0.014904639719423999
0.6000000000000001,0.75,-0.09417518805399099,-0.023042806650306634,0.0148166903808
0.6000000000000001,0.7625000000000001,-0.09343927997036182,-0.022409199168599604,0.014728741042175999
0.6000000000000001,0.775,-0.09270337188673265,-0.021775591686892585,0.014640791703552002
0.6000000000000001,0.7875000000000001,-0.09196746380310346,-0.02114198420518555,0.014552842364928001
0.6000000000000001,0.8,-0.0912315557194743,-0.020508376723478536,0.014464893026304
0.6000000000000001,0.8125,-0.09049564763584511,-0.01987476924177151,0.01437694368768
0.6000000000000001,0.8250000000000001,-0.08975973955221592,-0.019241161760064476,0.014288994349055999
0.6000000000000001,0.8375,-0.08902383146858675,-0.01860755427835746,0.014201045010432
0.6000000000000001,0.8500000000000001,-0.08828792338495756,-0.01797394679665043,0.014113095671807999
0.6000000000000001,0.8625,-0.08755201530132836,-0.017340339314943408,0.014025146333183998
0.6000000000000001,0.875,-0.08681610721769922,-0.016706731833236385,0.013937196994560001
0.6000000000000001,0.8875000000000001,-0.08608019913407004,-0.016073124351529355,0.013849247655935999
0.6000000000000001,0.9,-0.08534429105044086,-0.015439516869822336,0.013761298317311998
0.6000000000000001,0.9125000000000001,-0.08460838296681167,-0.014805909388115308,0.013673348978687997
0.6000000000000001,0.925,-0.0838724748831825,-0.014172301906408285,0.013585399640064
0.6000000000000001,0.9375,-0.08313656679955332,-0.013538694424701262,0.013497450301439999
0.6000000000000001,0.9500000000000001,-0.08240065871592413,-0.012905086942994234,0.013409500962816
0.6000000000000001,0.9625,-0.08166475063229496,-0.01227147946128721,0.013321551624192
0.6000000000000001,0.9750000000000001,-0.08092884254866578,-0.011637871979580182,0.013233602285567999
0.6000000000000001,0.9875,-0.08019293446503661,-0.011004264497873163,0.013145652946944001
0.6000000000000001,1.0,-0.07945702638140742,-0.010370657016166138,0.013057703608319999
0.6125,0.0,-0.1397726049920515,-0.06233132337674329,0.02024815629312
0.6125,0.0125,-0.13902148151774169,-0.061684515739167375,0.020158374676608
0.6125,0.025,-0.13827035804343196,-0.06103770810159145,0.020068593060096
0.6125,0.037500000000000006,-0.13751923456912213,-0.06039090046401552,0.019978811443584002
0.6125,0.05,-0.13676811109481232,-0.05974409282643961,0.019889029827072004
0.6125,0.0625,-0.13601698762050254,-0.05909728518886368,0.019799248210560002
0.6125,0.07500000000000001,-0.13526586414619277,-0.058450477551287766,0.019709466594048
0.6125,0.08750000000000001,-0.134514740671883,-0.057803669913711844,0.019619684977536
0.6125,0.1,-0.13376361719757318,-0.05715686227613592,0.019529903361024
0.6125,0.1125,-0.13301249372326335,-0.05651005463856,0.019440121744512
0.6125,0.125,-0.1322613702489536,-0.055863247000984086,0.019350340128
0.6125,0.1375,-0.13151024677464382,-0.05521643936340816,0.019260558511488002
0.6125,0.15000000000000002,-0.13075912330033404,-0.05456963172583224,0.019170776894976004
0.6125,0.1625,-0.13000799982602423,-0.05392282408825632,0.019080995278464005
0.6125,0.17500000000000002,-0.12925687635171443,-0.05327601645068039,0.018991213661951997
0.6125,0.1875,-0.12850575287740468,-0.052629208813104476,0.018901432045439998
0.6125,0.2,-0.12775462940309484,-0.05198240117552857,0.018811650428928
0.6125,0.21250000000000002,-0.12700350592878504,-0.051335593537952626,0.018721868812415998
0.6125,0.225,-0.1262523824544753,-0.050688785900376704,0.018632087195903996
0.6125,0.23750000000000002,-0.12550125898016545,-0.05004197826280079,0.018542305579391998
0.6125,0.25,-0.1247501355058557,-0.04939517062522487,0.01845252396288
0.6125,0.2625,-0.12399901203154587,-0.048748362987648945,0.018362742346367998
0.6125,0.275,-0.12324788855723609,-0.04810155535007302,0.018272960729856
0.6125,0.28750000000000003,-0.12249676508292633,-0.0474547477124971,0.018183179113343998
0.6125,0.30000000000000004,-0.12174564160861652,-0.04680794007492119,0.018093397496832
0.6125,0.3125,-0.12099451813430673,-0.04616113243734526,0.01800361588032
0.6125,0.325,-0.12024339465999692,-0.045514324799769336,0.017913834263808003
0.6125,0.3375,-0.11949227118568716,-0.04486751716219342,0.017824052647296
0.6125,0.35000000000000003,-0.11874114771137735,-0.04422070952461749,0.017734271030784
0.6125,0.36250000000000004,-0.11799002423706756,-0.04357390188704158,0.017644489414271998
0.6125,0.375,-0.11723890076275781,-0.042927094249465655,0.01755470779776
0.6125,0.3875,-0.11648777728844802,-0.042280286611889734,0.017464926181248
0.6125,0.4,-0.11573665381413818,-0.04163347897431381,0.017375144564736
0.6125,0.41250000000000003,-0.11498553033982839,-0.04098667133673789,0.017285362948223998
0.6125,0.42500000000000004,-0.11423440686551861,-0.04033986369916197,0.017195581331712
0.6125,0.4375,-0.11348328339120882,-0.03969305606158605,0.0171057997152
0.6125,0.45,-0.11273215991689904,-0.03904624842401013,0.017016018098688
0.6125,0.4625,-0.11198103644258922,-0.0383994407864342,0.016926236482175998
0.6125,0.47500000000000003,-0.11122991296827944,-0.03775263314885828,0.016836454865664
0.6125,0.48750000000000004,-0.11047878949396966,-0.03710582551128236,0.016746673249152
0.6125,0.5,-0.10972766601965987,-0.036459017873706444,0.016656891632640003
0.6125,0.5125000000000001,-0.10897654254535008,-0.03581221023613052,0.016567110016128
0.6125,0.525,-0.10822541907104029,-0.035165402598554614,0.016477328399616003
0.6125,0.5375,-0.1074742955967305,-0.034518594960978685,0.016387546783103998
0.6125,0.55,-0.10672317212242069,-0.033871787323402756,0.016297765166592
0.6125,0.5625,-0.10597204864811091,-0.03322497968582684,0.016207983550079998
0.6125,0.5750000000000001,-0.1052209251738011,-0.032578172048250906,0.016118201933567996
0.6125,0.5875,-0.10446980169949133,-0.031931364410675,0.016028420317055998
0.6125,0.6000000000000001,-0.10371867822518153,-0.031284556773099076,0.015938638700544
0.6125,0.6125,-0.10296755475087174,-0.030637749135523147,0.015848857084032
0.6125,0.625,-0.10221643127656195,-0.02999094149794723,0.01575907546752
0.6125,0.6375000000000001,-0.10146530780225214,-0.029344133860371303,0.015669293851007998
0.6125,0.65,-0.10071418432794237,-0.028697326222795392,0.015579512234496
0.6125,0.6625000000000001,-0.09996306085363259,-0.028050518585219467,0.015489730617984001
0.6125,0.675,-0.09921193737932278,-0.027403710947643545,0.015399949001472
0.6125,0.6875,-0.09846081390501299,-0.026756903310067626,0.015310167384960001
0.6125,0.7000000000000001,-0.09770969043070321,-0.026110095672491708,0.015220385768448
0.6125,0.7125,-0.09695856695639342,-0.025463288034915783,0.015130604151935999
0.6125,0.7250000000000001,-0.0962074434820836,-0.02481648039733986,0.015040822535423997
0.6125,0.7375,-0.09545632000777383,-0.024169672759763942,0.014951040918911999
0.6125,0.75,-0.09470519653346404,-0.02352286512218802,0.0148612593024
0.6125,0.7625000000000001,-0.09395407305915425,-0.0228760574846121,0.014771477685887999
0.6125,0.775,-0.09320294958484446,-0.022229249847036177,0.014681696069376
0.6125,0.7875000000000001,-0.09245182611053465,-0.02158244220946025,0.014591914452863999
0.6125,0.8,-0.09170070263622487,-0.020935634571884337,0.014502132836352
0.6125,0.8125,-0.09094957916191507,-0.020288826934308415,0.01441235121984
0.6125,0.8250000000000001,-0.09019845568760529,-0.01964201929673249,0.014322569603327999
0.6125,0.8375,-0.0894473322132955,-0.018995211659156575,0.014232787986815997
0.6125,0.8500000000000001,-0.08869620873898569,-0.01834840402158065,0.014143006370303999
0.6125,0.8625,-0.08794508526467591,-0.01770159638400473,0.014053224753792
0.6125,0.875,-0.08719396179036612,-0.017054788746428812,0.013963443137280002
0.6125,0.8875000000000001,-0.08644283831605633,-0.016407981108852884,0.013873661520768
0.6125,0.9,-0.08569171484174654,-0.01576117347127697,0.013783879904255997
0.6125,0.9125000000000001,-0.08494059136743674,-0.015114365833701043,0.013694098287743999
0.6125,0.925,-0.08418946789312695,-0.014467558196125123,0.013604316671232
0.6125,0.9375,-0.08343834441881716,-0.013820750558549205,0.013514535054719999
0.6125,0.9500000000000001,-0.08268722094450737,-0.013173942920973281,0.013424753438207999
0.6125,0.9625,-0.08193609747019759,-0.01252713528339736,0.013334971821696
0.6125,0.9750000000000001,-0.08118497399588778,-0.011880327645821436,0.013245190205184002
0.6125,0.9875,-0.080433850521578,-0.01123352000824552,0.013155408588672
0.6125,1.0,-0.07968272704726821,-0.010586712370669599,0.013065626972159997
0.625,0.0,-0.14121553691236124,-0.06360339120075846,0.020402661888
0.625,0.0125,-0.14044919804737085,-0.06294338340731362,0.020311047993599996
0.625,0.025,-0.13968285918238046,-0.06228337561386881,0.0202194340992
0.625,0.037500000000000006,-0.13891652031739005,-0.061623367820424005,0.020127820204799998
0.625,0.05,-0.13815018145239966,-0.06096336002697918,0.0200362063104
0.625,0.0625,-0.13738384258740924,-0.06030335223353436,0.019944592416
0.625,0.07500000000000001,-0.13661750372241885,-0.05964334444008955,0.0198529785216
0.625,0.08750000000000001,-0.13585116485742843,-0.05898333664664473,0.0197613646272
0.625,0.1,-0.13508482599243804,-0.058323328853199914,0.0196697507328
0.625,0.1125,-0.13431848712744765,-0.057663321059755086,0.0195781368384
0.625,0.125,-0.13355214826245723,-0.05700331326631028,0.019486522944
0.625,0.1375,-0.13278580939746684,-0.056343305472865465,0.0193949090496
0.625,0.15000000000000002,-0.1320194705324764,-0.055683297679420644,0.019303295155199997
0.625,0.1625,-0.13125313166748603,-0.055023289885975823,0.019211681260799997
0.625,0.17500000000000002,-0.13048679280249562,-0.05436328209253101,0.019120067366399998
0.625,0.1875,-0.1297204539375052,-0.05370327429908618,0.019028453472000002
0.625,0.2,-0.12895411507251484,-0.053043266505641375,0.0189368395776
0.625,0.21250000000000002,-0.1281877762075244,-0.05238325871219655,0.018845225683199993
0.625,0.225,-0.12742143734253397,-0.05172325091875173,0.018753611788799997
0.625,0.23750000000000002,-0.1266550984775436,-0.05106324312530691,0.0186619978944
0.625,0.25,-0.1258887596125532,-0.0504032353318621,0.018570384
0.625,0.2625,-0.1251224207475628,-0.049743227538417284,0.0184787701056
0.625,0.275,-0.12435608188257236,-0.049083219744972456,0.0183871562112
0.625,0.28750000000000003,-0.12358974301758198,-0.04842321195152765,0.018295542316799997
0.625,0.30000000000000004,-0.12282340415259156,-0.04776320415808283,0.0182039284224
0.625,0.3125,-0.12205706528760119,-0.047103196364638014,0.018112314528
0.625,0.325,-0.12129072642261075,-0.0464431885711932,0.0180207006336
0.625,0.3375,-0.12052438755762038,-0.045783180777748386,0.0179290867392
0.625,0.35000000000000003,-0.11975804869262993,-0.04512317298430355,0.017837472844799997
0.625,0.36250000000000004,-0.11899170982763956,-0.044463165190858744,0.0177458589504
0.625,0.375,-0.11822537096264918,-0.04380315739741394,0.017654245056
0.625,0.3875,-0.11745903209765877,-0.043143149603969116,0.0175626311616
0.625,0.4,-0.11669269323266833,-0.042483141810524296,0.017471017267200004
0.625,0.41250000000000003,-0.11592635436767795,-0.04182313401707947,0.017379403372799997
0.625,0.42500000000000004,-0.11516001550268755,-0.041163126223634654,0.017287789478399998
0.625,0.4375,-0.11439367663769717,-0.04050311843018985,0.017196175584000002
0.625,0.45,-0.11362733777270675,-0.039843110636745026,0.0171045616896
0.625,0.4625,-0.11286099890771635,-0.039183102843300205,0.017012947795199997
0.625,0.47500000000000003,-0.11209466004272592,-0.038523095049855384,0.016921333900799997
0.625,0.48750000000000004,-0.1113283211777355,-0.03786308725641056,0.016829720006399998
0.625,0.5,-0.11056198231274512,-0.03720307946296575,0.016738106112
0.625,0.5125000000000001,-0.10979564344775469,-0.036543071669520935,0.0166464922176
0.625,0.525,-0.10902930458276433,-0.035883063876076114,0.0165548783232
0.625,0.5375,-0.10826296571777393,-0.0352230560826313,0.0164632644288
0.625,0.55,-0.10749662685278352,-0.03456304828918648,0.0163716505344
0.625,0.5625,-0.1067302879877931,-0.033903040495741665,0.01628003664
0.625,0.5750000000000001,-0.10596394912280271,-0.033243032702296844,0.016188422745599996
0.625,0.5875,-0.10519761025781231,-0.03258302490885204,0.0160968088512
0.625,0.6000000000000001,-0.1044312713928219,-0.03192301711540721,0.0160051949568
0.625,0.6125,-0.10366493252783149,-0.03126300932196239,0.015913581062399998
0.625,0.625,-0.1028985936628411,-0.030603001528517578,0.015821967168
0.625,0.6375000000000001,-0.10213225479785067,-0.029942993735072757,0.0157303532736
0.625,0.65,-0.10136591593286029,-0.029282985941627947,0.015638739379200003
0.625,0.6625000000000001,-0.10059957706786987,-0.028622978148183122,0.0155471254848
0.625,0.675,-0.09983323820287948,-0.027962970354738312,0.0154555115904
0.625,0.6875,-0.09906689933788906,-0.027302962561293498,0.015363897696
0.625,0.7000000000000001,-0.09830056047289867,-0.02664295476784867,0.0152722838016
0.625,0.7125,-0.09753422160790826,-0.025982946974403856,0.0151806699072
0.625,0.7250000000000001,-0.09676788274291785,-0.025322939180959035,0.0150890560128
0.625,0.7375,-0.09600154387792748,-0.02466293138751422,0.0149974421184
0.625,0.75,-0.09523520501293706,-0.024002923594069407,0.014905828223999999
0.625,0.7625000000000001,-0.09446886614794667,-0.023342915800624586,0.0148142143296
0.625,0.775,-0.09370252728295625,-0.02268290800717977,0.0147226004352
0.625,0.7875000000000001,-0.09293618841796586,-0.022022900213734948,0.014630986540799999
0.625,0.8,-0.09216984955297546,-0.021362892420290134,0.0145393726464
0.625,0.8125,-0.09140351068798505,-0.02070288462684532,0.014447758751999999
0.625,0.8250000000000001,-0.09063717182299463,-0.020042876833400496,0.014356144857599997
0.625,0.8375,-0.08987083295800426,-0.019382869039955685,0.014264530963200002
0.625,0.8500000000000001,-0.08910449409301383,-0.018722861246510864,0.014172917068799999
0.625,0.8625,-0.08833815522802342,-0.018062853453066047,0.014081303174400001
0.625,0.875,-0.08757181636303302,-0.01740284565962123,0.013989689279999998
0.625,0.8875000000000001,-0.08680547749804261,-0.016742837866176412,0.013898075385599997
0.625,0.9,-0.08603913863305221,-0.016082830072731594,0.013806461491199998
0.625,0.9125000000000001,-0.0852727997680618,-0.015422822279286773,0.0137148475968
0.625,0.925,-0.0845064609030714,-0.014762814485841961,0.013623233702400001
0.625,0.9375,-0.08374012203808101,-0.014102806692397146,0.013531619808
0.625,0.9500000000000001,-0.08297378317309059,-0.013442798898952325,0.013440005913599997
0.625,0.9625,-0.0822074443081002,-0.012782791105507509,0.0133483920192
0.625,0.9750000000000001,-0.0814411054431098,-0.012122783312062686,0.0132567781248
0.625,0.9875,-0.0806747665781194,-0.011462775518617876,0.013165164230400001
0.625,1.0,-0.07990842771312898,-0.010802767725173057,0.013073550335999998
0.6375000000000001,0.0,-0.14265846883267103,-0.06487545902477361,0.020557167482879998
0.6375000000000001,0.0125,-0.14187691457699997,-0.0642022510754599,0.020463721310592
0.6375000000000001,0.025,-0.141095360321329,-0.0635290431261462,0.020370275138303997
0.6375000000000001,0.037500000000000006,-0.14031380606565794,-0.06285583517683248,0.020276828966016
0.6375000000000001,0.05,-0.13953225180998693,-0.062182627227518765,0.020183382793728
0.6375000000000001,0.0625,-0.13875069755431593,-0.06150941927820505,0.020089936621440003
0.6375000000000001,0.07500000000000001,-0.13796914329864496,-0.06083621132889133,0.019996490449152
0.6375000000000001,0.08750000000000001,-0.1371875890429739,-0.06016300337957762,0.019903044276864
0.6375000000000001,0.1,-0.1364060347873029,-0.05948979543026391,0.019809598104576
0.6375000000000001,0.1125,-0.13562448053163184,-0.058816587480950186,0.019716151932287998
0.6375000000000001,0.125,-0.13484292627596087,-0.05814337953163649,0.01962270576
0.6375000000000001,0.1375,-0.13406137202028984,-0.05747017158232276,0.019529259587712004
0.6375000000000001,0.15000000000000002,-0.13327981776461884,-0.05679696363300906,0.019435813415423997
0.6375000000000001,0.1625,-0.13249826350894783,-0.056123755683695334,0.019342367243136004
0.6375000000000001,0.17500000000000002,-0.13171670925327678,-0.05545054773438161,0.019248921070848
0.6375000000000001,0.1875,-0.13093515499760577,-0.054777339785067915,0.01915547489856
0.6375000000000001,0.2,-0.13015360074193477,-0.0541041318357542,0.019062028726272
0.6375000000000001,0.21250000000000002,-0.12937204648626374,-0.053430923886440475,0.018968582553984
0.6375000000000001,0.225,-0.12859049223059274,-0.05275771593712677,0.018875136381696
0.6375000000000001,0.23750000000000002,-0.1278089379749217,-0.052084507987813056,0.018781690209407998
0.6375000000000001,0.25,-0.12702738371925074,-0.051411300038499336,0.01868824403712
0.6375000000000001,0.2625,-0.12624582946357968,-0.05073809208918563,0.018594797864831997
0.6375000000000001,0.275,-0.12546427520790868,-0.05006488413987191,0.018501351692543997
0.6375000000000001,0.28750000000000003,-0.12468272095223765,-0.04939167619055819,0.018407905520256
0.6375000000000001,0.30000000000000004,-0.1239011666965666,-0.04871846824124449,0.018314459347967996
0.6375000000000001,0.3125,-0.12311961244089561,-0.04804526029193077,0.01822101317568
0.6375000000000001,0.325,-0.12233805818522461,-0.04737205234261706,0.018127567003392
0.6375000000000001,0.3375,-0.12155650392955361,-0.046698844393303345,0.018034120831104002
0.6375000000000001,0.35000000000000003,-0.12077494967388258,-0.04602563644398963,0.017940674658816
0.6375000000000001,0.36250000000000004,-0.11999339541821155,-0.04535242849467592,0.017847228486527998
0.6375000000000001,0.375,-0.11921184116254056,-0.0446792205453622,0.017753782314239998
0.6375000000000001,0.3875,-0.11843028690686952,-0.0440060125960485,0.017660336141952
0.6375000000000001,0.4,-0.1176487326511985,-0.04333280464673478,0.017566889969664
0.6375000000000001,0.41250000000000003,-0.11686717839552749,-0.04265959669742106,0.017473443797376
0.6375000000000001,0.42500000000000004,-0.1160856241398565,-0.041986388748107346,0.017379997625088
0.6375000000000001,0.4375,-0.11530406988418548,-0.04131318079879364,0.0172865514528
0.6375000000000001,0.45,-0.11452251562851447,-0.04063997284947993,0.017193105280512
0.6375000000000001,0.4625,-0.11374096137284345,-0.0399667649001662,0.017099659108224
0.6375000000000001,0.47500000000000003,-0.11295940711717241,-0.039293556950852494,0.017006212935936
0.6375000000000001,0.48750000000000004,-0.11217785286150139,-0.038620349001538774,0.016912766763647998
0.6375000000000001,0.5,-0.11139629860583038,-0.03794714105222507,0.01681932059136
0.6375000000000001,0.5125000000000001,-0.11061474435015936,-0.03727393310291135,0.016725874419071998
0.6375000000000001,0.525,-0.10983319009448837,-0.036600725153597635,0.016632428246784
0.6375000000000001,0.5375,-0.10905163583881736,-0.035927517204283936,0.016538982074496
0.6375000000000001,0.55,-0.10827008158314634,-0.0352543092549702,0.016445535902207997
0.6375000000000001,0.5625,-0.10748852732747533,-0.034581101305656496,0.016352089729920003
0.6375000000000001,0.5750000000000001,-0.1067069730718043,-0.03390789335634278,0.016258643557632
0.6375000000000001,0.5875,-0.10592541881613328,-0.03323468540702907,0.016165197385344002
0.6375000000000001,0.6000000000000001,-0.10514386456046228,-0.03256147745771536,0.016071751213056
0.6375000000000001,0.6125,-0.10436231030479125,-0.031888269508401644,0.015978305040768
0.6375000000000001,0.625,-0.10358075604912025,-0.03121506155908793,0.015884858868479998
0.6375000000000001,0.6375000000000001,-0.10279920179344923,-0.03054185360977421,0.015791412696191998
0.6375000000000001,0.65,-0.1020176475377782,-0.029868645660460505,0.015697966523904
0.6375000000000001,0.6625000000000001,-0.1012360932821072,-0.029195437711146785,0.015604520351616
0.6375000000000001,0.675,-0.10045453902643617,-0.028522229761833075,0.015511074179327998
0.6375000000000001,0.6875,-0.09967298477076518,-0.02784902181251936,0.015417628007039996
0.6375000000000001,0.7000000000000001,-0.09889143051509415,-0.027175813863205646,0.015324181834751998
0.6375000000000001,0.7125,-0.09810987625942313,-0.026502605913891936,0.015230735662463999
0.6375000000000001,0.7250000000000001,-0.09732832200375212,-0.025829397964578213,0.015137289490175999
0.6375000000000001,0.7375,-0.0965467677480811,-0.025156190015264507,0.015043843317888
0.6375000000000001,0.75,-0.09576521349241011,-0.024482982065950794,0.014950397145600001
0.6375000000000001,0.7625000000000001,-0.09498365923673907,-0.02380977411663708,0.014856950973311996
0.6375000000000001,0.775,-0.09420210498106807,-0.023136566167323368,0.014763504801023997
0.6375000000000001,0.7875000000000001,-0.09342055072539704,-0.022463358218009648,0.014670058628735999
0.6375000000000001,0.8,-0.09263899646972602,-0.021790150268695938,0.014576612456447998
0.6375000000000001,0.8125,-0.09185744221405501,-0.02111694231938222,0.014483166284160003
0.6375000000000001,0.8250000000000001,-0.09107588795838399,-0.02044373437006851,0.014389720111872001
0.6375000000000001,0.8375,-0.090294333702713,-0.0197705264207548,0.014296273939583999
0.6375000000000001,0.8500000000000001,-0.08951277944704195,-0.01909731847144108,0.014202827767295997
0.6375000000000001,0.8625,-0.08873122519137094,-0.01842411052212737,0.014109381595007997
0.6375000000000001,0.875,-0.08794967093569994,-0.017750902572813657,0.014015935422719998
0.6375000000000001,0.8875000000000001,-0.08716811668002891,-0.01707769462349994,0.013922489250432
0.6375000000000001,0.9,-0.08638656242435791,-0.016404486674186227,0.013829043078144001
0.6375000000000001,0.9125000000000001,-0.08560500816868688,-0.01573127872487251,0.013735596905855999
0.6375000000000001,0.925,-0.08482345391301585,-0.015058070775558801,0.013642150733567997
0.6375000000000001,0.9375,-0.08404189965734488,-0.01438486282624509,0.01354870456128
0.6375000000000001,0.9500000000000001,-0.08326034540167385,-0.013711654876931373,0.013455258388991998
0.6375000000000001,0.9625,-0.08247879114600283,-0.013038446927617658,0.013361812216704003
0.6375000000000001,0.9750000000000001,-0.08169723689033181,-0.012365238978303942,0.013268366044416
0.6375000000000001,0.9875,-0.0809156826346608,-0.011692031028990232,0.013174919872127997
0.6375000000000001,1.0,-0.08013412837898977,-0.011018823079676521,0.01308147369984
0.65,0.0,-0.14410140075298078,-0.06614752684878877,0.02071167307776
0.65,0.0125,-0.14330463110662914,-0.06546111874360618,0.020616394627584002
0.65,0.025,-0.14250786146027752,-0.06477471063842356,0.020521116177408
0.65,0.037500000000000006,-0.1417110918139259,-0.06408830253324097,0.020425837727232
0.65,0.05,-0.14091432216757427,-0.06340189442805834,0.020330559277055998
0.65,0.0625,-0.14011755252122265,-0.06271548632287574,0.02023528082688
0.65,0.07500000000000001,-0.139320782874871,-0.06202907821769313,0.020140002376704
0.65,0.08750000000000001,-0.1385240132285194,-0.061342670112510524,0.020044723926528
0.65,0.1,-0.13772724358216779,-0.06065626200732791,0.019949445476352
0.65,0.1125,-0.13693047393581614,-0.05996985390214529,0.019854167026175998
0.65,0.125,-0.1361337042894645,-0.05928344579696269,0.019758888576
0.65,0.1375,-0.1353369346431129,-0.058597037691780075,0.019663610125824
0.65,0.15000000000000002,-0.13454016499676122,-0.05791062958659747,0.019568331675647997
0.65,0.1625,-0.1337433953504096,-0.05722422148141486,0.019473053225472
0.65,0.17500000000000002,-0.132946625704058,-0.05653781337623224,0.019377774775295998
0.65,0.1875,-0.13214985605770635,-0.055851405271049634,0.019282496325119997
0.65,0.2,-0.13135308641135474,-0.05516499716586703,0.019187217874944002
0.65,0.21250000000000002,-0.1305563167650031,-0.0544785890606844,0.019091939424768
0.65,0.225,-0.12975954711865148,-0.053792180955501805,0.018996660974592
0.65,0.23750000000000002,-0.12896277747229987,-0.053105772850319186,0.018901382524416
0.65,0.25,-0.12816600782594822,-0.052419364745136574,0.018806104074239997
0.65,0.2625,-0.1273692381795966,-0.05173295663995398,0.018710825624064
0.65,0.275,-0.126572468533245,-0.05104654853477136,0.018615547173887997
0.65,0.28750000000000003,-0.12577569888689336,-0.05036014042958875,0.018520268723712
0.65,0.30000000000000004,-0.12497892924054171,-0.04967373232440614,0.018424990273536
0.65,0.3125,-0.12418215959419009,-0.048987324219223534,0.01832971182336
0.65,0.325,-0.12338538994783846,-0.04830091611404092,0.018234433373184002
0.65,0.3375,-0.1225886203014868,-0.04761450800885831,0.018139154923008
0.65,0.35000000000000003,-0.12179185065513518,-0.0469280999036757,0.018043876472832
0.65,0.36250000000000004,-0.12099508100878359,-0.04624169179849309,0.017948598022655998
0.65,0.375,-0.12019831136243193,-0.04555528369331048,0.017853319572479997
0.65,0.3875,-0.1194015417160803,-0.04486887558812788,0.017758041122304
0.65,0.4,-0.11860477206972868,-0.04418246748294526,0.017662762672128
0.65,0.41250000000000003,-0.11780800242337706,-0.04349605937776264,0.017567484221952
0.65,0.42500000000000004,-0.11701123277702544,-0.042809651272580046,0.017472205771775995
0.65,0.4375,-0.11621446313067381,-0.042123243167397434,0.0173769273216
0.65,0.45,-0.11541769348432218,-0.04143683506221482,0.017281648871424
0.65,0.4625,-0.11462092383797057,-0.04075042695703222,0.017186370421247998
0.65,0.47500000000000003,-0.11382415419161894,-0.0400640188518496,0.017091091971072
0.65,0.48750000000000004,-0.11302738454526731,-0.039377610746666986,0.016995813520895995
0.65,0.5,-0.11223061489891568,-0.03869120264148439,0.016900535070719997
0.65,0.5125000000000001,-0.11143384525256406,-0.03800479453630177,0.016805256620544
0.65,0.525,-0.11063707560621241,-0.03731838643111917,0.016709978170368
0.65,0.5375,-0.10984030595986079,-0.03663197832593656,0.016614699720192
0.65,0.55,-0.10904353631350916,-0.03594557022075393,0.016519421270016002
0.65,0.5625,-0.10824676666715755,-0.03525916211557134,0.01642414281984
0.65,0.5750000000000001,-0.10744999702080588,-0.034572754010388715,0.016328864369663996
0.65,0.5875,-0.10665322737445426,-0.03388634590520611,0.016233585919488
0.65,0.6000000000000001,-0.10585645772810263,-0.0331999378000235,0.016138307469311997
0.65,0.6125,-0.10505968808175102,-0.03251352969484089,0.016043029019136
0.65,0.625,-0.10426291843539941,-0.03182712158965828,0.01594775056896
0.65,0.6375000000000001,-0.10346614878904778,-0.03114071348447567,0.015852472118784
0.65,0.65,-0.10266937914269615,-0.030454305379293063,0.015757193668608
0.65,0.6625000000000001,-0.1018726094963445,-0.029767897274110448,0.015661915218432
0.65,0.675,-0.10107583984999288,-0.02908148916892784,0.015566636768255999
0.65,0.6875,-0.10027907020364124,-0.028395081063745234,0.015471358318079999
0.65,0.7000000000000001,-0.09948230055728963,-0.02770867295856262,0.015376079867903996
0.65,0.7125,-0.098685530910938,-0.02702226485338001,0.015280801417728
0.65,0.7250000000000001,-0.09788876126458637,-0.0263358567481974,0.015185522967552
0.65,0.7375,-0.09709199161823474,-0.025649448643014792,0.015090244517375997
0.65,0.75,-0.09629522197188313,-0.02496304053783218,0.014994966067200001
0.65,0.7625000000000001,-0.09549845232553147,-0.02427663243264957,0.014899687617024
0.65,0.775,-0.09470168267917986,-0.023590224327466963,0.014804409166848
0.65,0.7875000000000001,-0.09390491303282822,-0.022903816222284344,0.014709130716671997
0.65,0.8,-0.0931081433864766,-0.02221740811710174,0.014613852266495997
0.65,0.8125,-0.09231137374012499,-0.02153100001191913,0.014518573816319998
0.65,0.8250000000000001,-0.09151460409377335,-0.02084459190673652,0.014423295366143998
0.65,0.8375,-0.09071783444742172,-0.02015818380155391,0.014328016915968
0.65,0.8500000000000001,-0.08992106480107011,-0.019471775696371298,0.014232738465792
0.65,0.8625,-0.08912429515471847,-0.01878536759118869,0.014137460015616
0.65,0.875,-0.08832752550836684,-0.018098959486006084,0.014042181565440001
0.65,0.8875000000000001,-0.08753075586201522,-0.01741255138082347,0.013946903115263998
0.65,0.9,-0.08673398621566358,-0.01672614327564086,0.013851624665087998
0.65,0.9125000000000001,-0.08593721656931196,-0.016039735170458248,0.013756346214911999
0.65,0.925,-0.08514044692296033,-0.015353327065275639,0.013661067764735997
0.65,0.9375,-0.0843436772766087,-0.014666918960093032,0.013565789314560001
0.65,0.9500000000000001,-0.08354690763025707,-0.013980510854910418,0.013470510864383998
0.65,0.9625,-0.08275013798390544,-0.01329410274972781,0.013375232414207999
0.65,0.9750000000000001,-0.08195336833755382,-0.012607694644545194,0.013279953964032
0.65,0.9875,-0.08115659869120219,-0.011921286539362589,0.013184675513855998
0.65,1.0,-0.08035982904485056,-0.01123487843417998,0.013089397063679998
0.6625000000000001,0.0,-0.14554433267329056,-0.06741959467280396,0.02086617867264
0.6625000000000001,0.0125,-0.1447323476362583,-0.06671998641175246,0.020769067944576
0.6625000000000001,0.025,-0.14392036259922603,-0.06602037815070094,0.020671957216512
0.6625000000000001,0.037500000000000006,-0.1431083775621938,-0.06532076988964944,0.020574846488448
0.6625000000000001,0.05,-0.14229639252516157,-0.06462116162859793,0.020477735760384003
0.6625000000000001,0.0625,-0.14148440748812935,-0.06392155336754643,0.020380625032320004
0.6625000000000001,0.07500000000000001,-0.1406724224510971,-0.06322194510649493,0.020283514304256
0.6625000000000001,0.08750000000000001,-0.13986043741406484,-0.06252233684544342,0.020186403576192
0.6625000000000001,0.1,-0.13904845237703262,-0.0618227285843919,0.020089292848128
0.6625000000000001,0.1125,-0.1382364673400004,-0.0611231203233404,0.019992182120064
0.6625000000000001,0.125,-0.13742448230296814,-0.060423512062288895,0.019895071392000002
0.6625000000000001,0.1375,-0.1366124972659359,-0.05972390380123739,0.019797960663936
0.6625000000000001,0.15000000000000002,-0.13580051222890366,-0.05902429554018587,0.019700849935871997
0.6625000000000001,0.1625,-0.13498852719187146,-0.05832468727913438,0.019603739207808002
0.6625000000000001,0.17500000000000002,-0.13417654215483918,-0.057625079018082864,0.019506628479744
0.6625000000000001,0.1875,-0.13336455711780695,-0.05692547075703136,0.019409517751680004
0.6625000000000001,0.2,-0.13255257208077473,-0.05622586249597987,0.019312407023616
0.6625000000000001,0.21250000000000002,-0.13174058704374247,-0.05552625423492834,0.019215296295552
0.6625000000000001,0.225,-0.13092860200671025,-0.05482664597387685,0.019118185567488
0.6625000000000001,0.23750000000000002,-0.130116616969678,-0.054127037712825336,0.019021074839423998
0.6625000000000001,0.25,-0.12930463193264574,-0.05342742945177384,0.01892396411136
0.6625000000000001,0.2625,-0.12849264689561352,-0.05272782119072233,0.018826853383296
0.6625000000000001,0.275,-0.12768066185858123,-0.05202821292967082,0.018729742655231998
0.6625000000000001,0.28750000000000003,-0.12686867682154904,-0.05132860466861932,0.018632631927168
0.6625000000000001,0.30000000000000004,-0.12605669178451678,-0.05062899640756781,0.018535521199104003
0.6625000000000001,0.3125,-0.12524470674748456,-0.0499293881465163,0.01843841047104
0.6625000000000001,0.325,-0.1244327217104523,-0.04922977988546479,0.018341299742976002
0.6625000000000001,0.3375,-0.12362073667342005,-0.04853017162441329,0.018244189014912
0.6625000000000001,0.35000000000000003,-0.12280875163638783,-0.04783056336336178,0.018147078286848
0.6625000000000001,0.36250000000000004,-0.12199676659935559,-0.047130955102310274,0.018049967558784002
0.6625000000000001,0.375,-0.12118478156232335,-0.046431346841258776,0.01795285683072
0.6625000000000001,0.3875,-0.12037279652529109,-0.04573173858020726,0.017855746102656
0.6625000000000001,0.4,-0.11956081148825887,-0.04503213031915575,0.017758635374591998
0.6625000000000001,0.41250000000000003,-0.11874882645122663,-0.04433252205810424,0.017661524646528
0.6625000000000001,0.42500000000000004,-0.11793684141419436,-0.04363291379705274,0.017564413918463997
0.6625000000000001,0.4375,-0.11712485637716216,-0.042933305536001234,0.0174673031904
0.6625000000000001,0.45,-0.11631287134012992,-0.04223369727494974,0.017370192462336002
0.6625000000000001,0.4625,-0.11550088630309767,-0.04153408901389822,0.017273081734272
0.6625000000000001,0.47500000000000003,-0.1146889012660654,-0.04083448075284671,0.017175971006207998
0.6625000000000001,0.48750000000000004,-0.11387691622903318,-0.0401348724917952,0.017078860278144
0.6625000000000001,0.5,-0.11306493119200094,-0.039435264230743707,0.016981749550080003
0.6625000000000001,0.5125000000000001,-0.11225294615496871,-0.03873565596969219,0.016884638822016
0.6625000000000001,0.525,-0.11144096111793647,-0.038036047708640684,0.016787528093952
0.6625000000000001,0.5375,-0.11062897608090425,-0.03733643944758919,0.016690417365888
0.6625000000000001,0.55,-0.109816991043872,-0.036636831186537676,0.016593306637824
0.6625000000000001,0.5625,-0.10900500600683975,-0.03593722292548617,0.016496195909759998
0.6625000000000001,0.5750000000000001,-0.10819302096980751,-0.03523761466443466,0.016399085181696
0.6625000000000001,0.5875,-0.10738103593277529,-0.034538006403383156,0.016301974453632
0.6625000000000001,0.6000000000000001,-0.10656905089574303,-0.033838398142331645,0.016204863725567998
0.6625000000000001,0.6125,-0.1057570658587108,-0.03313878988128014,0.016107752997504
0.6625000000000001,0.625,-0.10494508082167855,-0.03243918162022864,0.01601064226944
0.6625000000000001,0.6375000000000001,-0.1041330957846463,-0.031739573359177126,0.015913531541376
0.6625000000000001,0.65,-0.10332111074761408,-0.03103996509812562,0.015816420813312002
0.6625000000000001,0.6625000000000001,-0.10250912571058182,-0.030340356837074114,0.015719310085248
0.6625000000000001,0.675,-0.10169714067354958,-0.02964074857602261,0.015622199357184001
0.6625000000000001,0.6875,-0.10088515563651734,-0.028941140314971105,0.015525088629119999
0.6625000000000001,0.7000000000000001,-0.10007317059948512,-0.028241532053919594,0.015427977901055998
0.6625000000000001,0.7125,-0.09926118556245286,-0.02754192379286809,0.015330867172992
0.6625000000000001,0.7250000000000001,-0.09844920052542062,-0.02684231553181658,0.015233756444927998
0.6625000000000001,0.7375,-0.09763721548838838,-0.026142707270765078,0.015136645716864
0.6625000000000001,0.75,-0.09682523045135615,-0.025443099009713574,0.015039534988799999
0.6625000000000001,0.7625000000000001,-0.0960132454143239,-0.024743490748662063,0.014942424260736002
0.6625000000000001,0.775,-0.09520126037729168,-0.024043882487610562,0.014845313532672003
0.6625000000000001,0.7875000000000001,-0.09438927534025941,-0.023344274226559047,0.014748202804607998
0.6625000000000001,0.8,-0.0935772903032272,-0.022644665965507547,0.014651092076544
0.6625000000000001,0.8125,-0.09276530526619495,-0.02194505770445604,0.014553981348479999
0.6625000000000001,0.8250000000000001,-0.09195332022916271,-0.021245449443404528,0.014456870620416
0.6625000000000001,0.8375,-0.09114133519213047,-0.02054584118235303,0.014359759892352
0.6625000000000001,0.8500000000000001,-0.09032935015509823,-0.01984623292130152,0.014262649164287997
0.6625000000000001,0.8625,-0.08951736511806599,-0.019146624660250015,0.014165538436223998
0.6625000000000001,0.875,-0.08870538008103375,-0.018447016399198508,0.01406842770816
0.6625000000000001,0.8875000000000001,-0.08789339504400151,-0.017747408138147,0.013971316980096
0.6625000000000001,0.9,-0.08708141000696927,-0.017047799877095496,0.013874206252032001
0.6625000000000001,0.9125000000000001,-0.08626942496993703,-0.016348191616043985,0.013777095523968
0.6625000000000001,0.925,-0.08545743993290478,-0.01564858335499248,0.013679984795903998
0.6625000000000001,0.9375,-0.08464545489587255,-0.014948975093940978,0.013582874067840001
0.6625000000000001,0.9500000000000001,-0.08383346985884031,-0.014249366832889469,0.013485763339776
0.6625000000000001,0.9625,-0.08302148482180807,-0.013549758571837963,0.013388652611712001
0.6625000000000001,0.9750000000000001,-0.08220949978477583,-0.012850150310786452,0.013291541883648
0.6625000000000001,0.9875,-0.0813975147477436,-0.012150542049734949,0.013194431155583997
0.6625000000000001,1.0,-0.08058552971071134,-0.011450933788683443,0.01309732042752
0.675,0.0,-0.1469872645936003,-0.06869166249681913,0.02102068426752
0.675,0.0125,-0.14616006416588748,-0.06797885407989872,0.020921741261568
0.675,0.025,-0.14533286373817458,-0.06726604566297832,0.020822798255616
0.675,0.037500000000000006,-0.14450566331046172,-0.06655323724605791,0.020723855249663997
0.675,0.05,-0.14367846288274888,-0.06584042882913752,0.020624912243712
0.675,0.0625,-0.14285126245503604,-0.06512762041221712,0.02052596923776
0.675,0.07500000000000001,-0.14202406202732318,-0.06441481199529671,0.020427026231808
0.675,0.08750000000000001,-0.14119686159961028,-0.0637020035783763,0.020328083225856004
0.675,0.1,-0.1403696611718975,-0.0629891951614559,0.020229140219904
0.675,0.1125,-0.13954246074418464,-0.0622763867445355,0.020130197213952
0.675,0.125,-0.13871526031647174,-0.061563578327615096,0.020031254208
0.675,0.1375,-0.13788805988875896,-0.060850769910694706,0.019932311202048
0.675,0.15000000000000002,-0.13706085946104607,-0.06013796149377428,0.019833368196095998
0.675,0.1625,-0.1362336590333332,-0.059425153076853886,0.019734425190143994
0.675,0.17500000000000002,-0.13540645860562037,-0.05871234465993349,0.019635482184191998
0.675,0.1875,-0.1345792581779075,-0.057999536243013086,0.019536539178239998
0.675,0.2,-0.13375205775019466,-0.05728672782609269,0.019437596172288
0.675,0.21250000000000002,-0.1329248573224818,-0.05657391940917227,0.019338653166336
0.675,0.225,-0.132097656894769,-0.05586111099225186,0.019239710160383998
0.675,0.23750000000000002,-0.1312704564670561,-0.055148302575331466,0.019140767154432
0.675,0.25,-0.13044325603934323,-0.05443549415841107,0.019041824148479998
0.675,0.2625,-0.1296160556116304,-0.05372268574149067,0.018942881142528
0.675,0.275,-0.12878885518391753,-0.053009877324570256,0.018843938136575998
0.675,0.28750000000000003,-0.12796165475620472,-0.05229706890764986,0.018744995130623998
0.675,0.30000000000000004,-0.12713445432849185,-0.051584260490729464,0.018646052124672
0.675,0.3125,-0.126307253900779,-0.05087145207380906,0.018547109118719998
0.675,0.325,-0.12548005347306618,-0.05015864365688865,0.018448166112768
0.675,0.3375,-0.12465285304535327,-0.049445835239968254,0.018349223106816
0.675,0.35000000000000003,-0.12382565261764045,-0.04873302682304784,0.018250280100864002
0.675,0.36250000000000004,-0.12299845218992758,-0.04802021840612744,0.018151337094912002
0.675,0.375,-0.12217125176221472,-0.047307409989207044,0.018052394088960002
0.675,0.3875,-0.1213440513345019,-0.04659460157228664,0.017953451083008002
0.675,0.4,-0.12051685090678901,-0.04588179315536623,0.017854508077056
0.675,0.41250000000000003,-0.11968965047907616,-0.04516898473844583,0.017755565071103995
0.675,0.42500000000000004,-0.11886245005136332,-0.044456176321525424,0.017656622065152
0.675,0.4375,-0.11803524962365046,-0.04374336790460503,0.0175576790592
0.675,0.45,-0.11720804919593764,-0.043030559487684625,0.017458736053248
0.675,0.4625,-0.11638084876822477,-0.042317751070764215,0.017359793047295995
0.675,0.47500000000000003,-0.1155536483405119,-0.04160494265384381,0.017260850041344
0.675,0.48750000000000004,-0.11472644791279904,-0.04089213423692341,0.017161907035392
0.675,0.5,-0.1138992474850862,-0.040179325820003005,0.01706296402944
0.675,0.5125000000000001,-0.11307204705737338,-0.03946651740308261,0.016964021023488002
0.675,0.525,-0.11224484662966051,-0.038753708986162205,0.016865078017536
0.675,0.5375,-0.11141764620194763,-0.03804090056924181,0.016766135011584
0.675,0.55,-0.1105904457742348,-0.0373280921523214,0.016667192005632
0.675,0.5625,-0.10976324534652196,-0.036615283735400996,0.01656824899968
0.675,0.5750000000000001,-0.1089360449188091,-0.03590247531848059,0.016469305993728
0.675,0.5875,-0.10810884449109623,-0.03518966690156019,0.016370362987776
0.675,0.6000000000000001,-0.10728164406338339,-0.034476858484639786,0.016271419981824003
0.675,0.6125,-0.10645444363567055,-0.03376405006771938,0.016172476975872
0.675,0.625,-0.1056272432079577,-0.033051241650798986,0.01607353396992
0.675,0.6375000000000001,-0.10480004278024485,-0.032338433233878576,0.015974590963968003
0.675,0.65,-0.10397284235253199,-0.03162562481695818,0.015875647958016
0.675,0.6625000000000001,-0.10314564192481913,-0.030912816400037773,0.015776704952064
0.675,0.675,-0.10231844149710631,-0.030200007983117373,0.015677761946112
0.675,0.6875,-0.10149124106939343,-0.029487199566196973,0.01557881894016
0.675,0.7000000000000001,-0.10066404064168058,-0.028774391149276567,0.015479875934207998
0.675,0.7125,-0.09983684021396774,-0.028061582732356167,0.015380932928255996
0.675,0.7250000000000001,-0.09900963978625488,-0.02734877431543576,0.015281989922304
0.675,0.7375,-0.09818243935854201,-0.02663596589851536,0.015183046916352
0.675,0.75,-0.09735523893082917,-0.025923157481594957,0.0150841039104
0.675,0.7625000000000001,-0.09652803850311634,-0.025210349064674554,0.014985160904447998
0.675,0.775,-0.09570083807540347,-0.02449754064775415,0.014886217898495998
0.675,0.7875000000000001,-0.09487363764769062,-0.023784732230833747,0.014787274892543998
0.675,0.8,-0.09404643721997775,-0.023071923813913344,0.014688331886591998
0.675,0.8125,-0.0932192367922649,-0.022359115396992944,0.01458938888064
0.675,0.8250000000000001,-0.09239203636455204,-0.021646306980072538,0.014490445874687998
0.675,0.8375,-0.09156483593683921,-0.020933498563152134,0.014391502868735997
0.675,0.8500000000000001,-0.09073763550912638,-0.020220690146231735,0.014292559862784
0.675,0.8625,-0.08991043508141351,-0.019507881729311328,0.014193616856832
0.675,0.875,-0.08908323465370065,-0.018795073312390928,0.01409467385088
0.675,0.8875000000000001,-0.0882560342259878,-0.018082264895470525,0.013995730844928002
0.675,0.9,-0.08742883379827496,-0.017369456478550125,0.013896787838976002
0.675,0.9125000000000001,-0.0866016333705621,-0.016656648061629715,0.013797844833023999
0.675,0.925,-0.08577443294284925,-0.01594383964470932,0.013698901827071999
0.675,0.9375,-0.0849472325151364,-0.015231031227788917,0.01359995882112
0.675,0.9500000000000001,-0.08412003208742357,-0.01451822281086851,0.013501015815168
0.675,0.9625,-0.08329283165971071,-0.013805414393948109,0.013402072809216
0.675,0.9750000000000001,-0.08246563123199782,-0.0130926059770277,0.013303129803263999
0.675,0.9875,-0.08163843080428498,-0.012379797560107306,0.013204186797311999
0.675,1.0,-0.08081123037657215,-0.011666989143186902,0.01310524379136
0.6875,0.0,-0.14843019651391,-0.06996373032083429,0.021175189862400003
0.6875,0.0125,-0.14758778069551656,-0.06923772174804499,0.021074414578559998
0.6875,0.025,-0.14674536487712309,-0.06851171317525569,0.020973639294719997
0.6875,0.037500000000000006,-0.14590294905872966,-0.06778570460246638,0.02087286401088
0.6875,0.05,-0.14506053324033621,-0.0670596960296771,0.02077208872704
0.6875,0.0625,-0.14421811742194274,-0.0663336874568878,0.020671313443199998
0.6875,0.07500000000000001,-0.14337570160354926,-0.06560767888409849,0.020570538159359997
0.6875,0.08750000000000001,-0.1425332857851558,-0.0648816703113092,0.02046976287552
0.6875,0.1,-0.14169086996676236,-0.0641556617385199,0.02036898759168
0.6875,0.1125,-0.14084845414836888,-0.0634296531657306,0.02026821230784
0.6875,0.125,-0.1400060383299754,-0.06270364459294131,0.020167437024
0.6875,0.1375,-0.13916362251158199,-0.061977636020152015,0.020066661740160002
0.6875,0.15000000000000002,-0.13832120669318848,-0.061251627447362705,0.019965886456319998
0.6875,0.1625,-0.137478790874795,-0.0605256188745734,0.01986511117248
0.6875,0.17500000000000002,-0.13663637505640155,-0.0597996103017841,0.01976433588864
0.6875,0.1875,-0.13579395923800813,-0.0590736017289948,0.0196635606048
0.6875,0.2,-0.13495154341961463,-0.0583475931562055,0.01956278532096
0.6875,0.21250000000000002,-0.13410912760122118,-0.057621584583416215,0.01946201003712
0.6875,0.225,-0.13326671178282767,-0.056895576010626905,0.019361234753280002
0.6875,0.23750000000000002,-0.13242429596443422,-0.05616956743783761,0.019260459469439998
0.6875,0.25,-0.13158188014604077,-0.055443558865048315,0.019159684185599997
0.6875,0.2625,-0.1307394643276473,-0.05471755029225901,0.01905890890176
0.6875,0.275,-0.12989704850925385,-0.0539915417194697,0.01895813361792
0.6875,0.28750000000000003,-0.12905463269086037,-0.053265533146680415,0.01885735833408
0.6875,0.30000000000000004,-0.1282122168724669,-0.052539524573891105,0.01875658305024
0.6875,0.3125,-0.12736980105407347,-0.05181351600110182,0.018655807766400002
0.6875,0.325,-0.12652738523567997,-0.051087507428312515,0.01855503248256
0.6875,0.3375,-0.12568496941728655,-0.05036149885552321,0.01845425719872
0.6875,0.35000000000000003,-0.12484255359889307,-0.04963549028273391,0.01835348191488
0.6875,0.36250000000000004,-0.12400013778049956,-0.048909481709944615,0.01825270663104
0.6875,0.375,-0.12315772196210614,-0.04818347313715532,0.0181519313472
0.6875,0.3875,-0.1223153061437127,-0.04745746456436602,0.01805115606336
0.6875,0.4,-0.12147289032531919,-0.04673145599157672,0.017950380779520003
0.6875,0.41250000000000003,-0.12063047450692574,-0.04600544741878741,0.017849605495679995
0.6875,0.42500000000000004,-0.11978805868853226,-0.045279438845998124,0.017748830211839997
0.6875,0.4375,-0.11894564287013881,-0.04455343027320883,0.017648054928
0.6875,0.45,-0.11810322705174535,-0.043827421700419526,0.017547279644160002
0.6875,0.4625,-0.11726081123335189,-0.043101413127630224,0.017446504360319998
0.6875,0.47500000000000003,-0.11641839541495841,-0.04237540455484092,0.01734572907648
0.6875,0.48750000000000004,-0.11557597959656493,-0.04164939598205162,0.017244953792640003
0.6875,0.5,-0.11473356377817148,-0.040923387409262324,0.0171441785088
0.6875,0.5125000000000001,-0.11389114795977802,-0.04019737883647302,0.01704340322496
0.6875,0.525,-0.11304873214138456,-0.03947137026368373,0.01694262794112
0.6875,0.5375,-0.11220631632299109,-0.03874536169089443,0.016841852657280002
0.6875,0.55,-0.11136390050459764,-0.03801935311810513,0.01674107737344
0.6875,0.5625,-0.11052148468620418,-0.03729334454531584,0.0166403020896
0.6875,0.5750000000000001,-0.10967906886781069,-0.036567335972526524,0.016539526805760003
0.6875,0.5875,-0.10883665304941724,-0.03584132739973723,0.016438751521919998
0.6875,0.6000000000000001,-0.10799423723102376,-0.03511531882694793,0.016337976238079997
0.6875,0.6125,-0.1071518214126303,-0.03438931025415863,0.01623720095424
0.6875,0.625,-0.10630940559423685,-0.033663301681369336,0.016136425670400002
0.6875,0.6375000000000001,-0.10546698977584336,-0.03293729310858004,0.016035650386559998
0.6875,0.65,-0.10462457395744991,-0.03221128453579073,0.01593487510272
0.6875,0.6625000000000001,-0.10378215813905645,-0.031485275963001436,0.01583409981888
0.6875,0.675,-0.102939742320663,-0.03075926739021214,0.015733324535040002
0.6875,0.6875,-0.10209732650226953,-0.03003325881742284,0.015632549251200004
0.6875,0.7000000000000001,-0.10125491068387606,-0.029307250244633543,0.01553177396736
0.6875,0.7125,-0.10041249486548258,-0.02858124167184424,0.01543099868352
0.6875,0.7250000000000001,-0.09957007904708913,-0.02785523309905494,0.015330223399680001
0.6875,0.7375,-0.09872766322869567,-0.027129224526265646,0.01522944811584
0.6875,0.75,-0.09788524741030219,-0.026403215953476347,0.015128672832
0.6875,0.7625000000000001,-0.09704283159190874,-0.025677207380687045,0.015027897548159998
0.6875,0.775,-0.09620041577351528,-0.024951198807897746,0.014927122264320001
0.6875,0.7875000000000001,-0.09535799995512181,-0.02422519023510844,0.01482634698048
0.6875,0.8,-0.09451558413672835,-0.023499181662319145,0.01472557169664
0.6875,0.8125,-0.09367316831833489,-0.022773173089529846,0.0146247964128
0.6875,0.8250000000000001,-0.0928307524999414,-0.022047164516740544,0.014524021128959999
0.6875,0.8375,-0.09198833668154796,-0.021321155943951252,0.014423245845119998
0.6875,0.8500000000000001,-0.09114592086315448,-0.020595147371161946,0.01432247056128
0.6875,0.8625,-0.09030350504476102,-0.01986913879837265,0.01422169527744
0.6875,0.875,-0.08946108922636757,-0.019143130225583355,0.014120919993599998
0.6875,0.8875000000000001,-0.08861867340797411,-0.01841712165279405,0.014020144709759999
0.6875,0.9,-0.08777625758958064,-0.017691113080004754,0.013919369425919998
0.6875,0.9125000000000001,-0.08693384177118715,-0.016965104507215452,0.013818594142079997
0.6875,0.925,-0.08609142595279372,-0.016239095934426157,0.013717818858239996
0.6875,0.9375,-0.08524901013440025,-0.015513087361636858,0.013617043574399999
0.6875,0.9500000000000001,-0.08440659431600678,-0.014787078788847557,0.013516268290559998
0.6875,0.9625,-0.08356417849761331,-0.014061070216058258,0.013415493006719998
0.6875,0.9750000000000001,-0.08272176267921985,-0.013335061643268954,0.013314717722880001
0.6875,0.9875,-0.08187934686082637,-0.012609053070479662,0.013213942439039998
0.6875,1.0,-0.08103693104243292,-0.011883044497690365,0.0131131671552
0.7000000000000001,0.0,-0.14987312843421982,-0.07123579814484945,0.02132969545728
0.7000000000000001,0.0125,-0.14901549722514576,-0.07049658941619127,0.021227087895552
0.7000000000000001,0.025,-0.14815786601607167,-0.06975738068753307,0.021124480333824
0.7000000000000001,0.037500000000000006,-0.14730023480699755,-0.06901817195887489,0.021021872772096
0.7000000000000001,0.05,-0.1464426035979235,-0.06827896323021668,0.020919265210368
0.7000000000000001,0.0625,-0.14558497238884943,-0.0675397545015585,0.020816657648639998
0.7000000000000001,0.07500000000000001,-0.14472734117977534,-0.06680054577290029,0.020714050086912
0.7000000000000001,0.08750000000000001,-0.14386970997070125,-0.0660613370442421,0.020611442525183998
0.7000000000000001,0.1,-0.14301207876162722,-0.0653221283155839,0.020508834963456
0.7000000000000001,0.1125,-0.14215444755255316,-0.0645829195869257,0.020406227401727997
0.7000000000000001,0.125,-0.14129681634347904,-0.06384371085826751,0.02030361984
0.7000000000000001,0.1375,-0.14043918513440498,-0.06310450212960933,0.020201012278272
0.7000000000000001,0.15000000000000002,-0.1395815539253309,-0.062365293400951115,0.020098404716543998
0.7000000000000001,0.1625,-0.13872392271625683,-0.06162608467229293,0.019995797154815996
0.7000000000000001,0.17500000000000002,-0.13786629150718274,-0.060886875943634726,0.019893189593088
0.7000000000000001,0.1875,-0.1370086602981087,-0.06014766721497654,0.019790582031360002
0.7000000000000001,0.2,-0.13615102908903462,-0.05940845848631834,0.019687974469632
0.7000000000000001,0.21250000000000002,-0.13529339787996048,-0.058669249757660136,0.019585366907904
0.7000000000000001,0.225,-0.13443576667088641,-0.05793004102900195,0.019482759346176
0.7000000000000001,0.23750000000000002,-0.13357813546181233,-0.057190832300343754,0.019380151784448
0.7000000000000001,0.25,-0.1327205042527383,-0.05645162357168556,0.01927754422272
0.7000000000000001,0.2625,-0.13186287304366423,-0.05571241484302736,0.019174936660991997
0.7000000000000001,0.275,-0.1310052418345901,-0.05497320611436917,0.019072329099264
0.7000000000000001,0.28750000000000003,-0.13014761062551605,-0.05423399738571096,0.018969721537536
0.7000000000000001,0.30000000000000004,-0.129289979416442,-0.05349478865705277,0.018867113975808
0.7000000000000001,0.3125,-0.1284323482073679,-0.05275557992839457,0.01876450641408
0.7000000000000001,0.325,-0.1275747169982938,-0.052016371199736386,0.018661898852352
0.7000000000000001,0.3375,-0.12671708578921975,-0.05127716247107819,0.018559291290624003
0.7000000000000001,0.35000000000000003,-0.12585945458014566,-0.05053795374241998,0.018456683728896
0.7000000000000001,0.36250000000000004,-0.1250018233710716,-0.0497987450137618,0.018354076167168
0.7000000000000001,0.375,-0.12414419216199753,-0.0490595362851036,0.01825146860544
0.7000000000000001,0.3875,-0.12328656095292345,-0.04832032755644541,0.018148861043712
0.7000000000000001,0.4,-0.12242892974384939,-0.04758111882778721,0.018046253481984
0.7000000000000001,0.41250000000000003,-0.12157129853477527,-0.046841910099129004,0.017943645920255998
0.7000000000000001,0.42500000000000004,-0.12071366732570121,-0.04610270137047082,0.017841038358528
0.7000000000000001,0.4375,-0.11985603611662715,-0.04536349264181262,0.017738430796799997
0.7000000000000001,0.45,-0.11899840490755309,-0.04462428391315443,0.017635823235072002
0.7000000000000001,0.4625,-0.11814077369847899,-0.043885075184496226,0.017533215673344
0.7000000000000001,0.47500000000000003,-0.11728314248940493,-0.04314586645583803,0.017430608111615998
0.7000000000000001,0.48750000000000004,-0.11642551128033081,-0.04240665772717984,0.017328000549887996
0.7000000000000001,0.5,-0.11556788007125676,-0.04166744899852164,0.01722539298816
0.7000000000000001,0.5125000000000001,-0.11471024886218267,-0.04092824026986344,0.017122785426432002
0.7000000000000001,0.525,-0.11385261765310861,-0.040189031541205254,0.017020177864704
0.7000000000000001,0.5375,-0.11299498644403455,-0.03944982281254707,0.016917570302976
0.7000000000000001,0.55,-0.11213735523496046,-0.03871061408388886,0.016814962741248
0.7000000000000001,0.5625,-0.11127972402588639,-0.03797140535523067,0.01671235517952
0.7000000000000001,0.5750000000000001,-0.1104220928168123,-0.03723219662657247,0.016609747617792
0.7000000000000001,0.5875,-0.10956446160773824,-0.036492987897914275,0.016507140056063997
0.7000000000000001,0.6000000000000001,-0.10870683039866415,-0.035753779169256074,0.016404532494336
0.7000000000000001,0.6125,-0.10784919918959007,-0.03501457044059788,0.016301924932608
0.7000000000000001,0.625,-0.10699156798051601,-0.03427536171193969,0.01619931737088
0.7000000000000001,0.6375000000000001,-0.10613393677144191,-0.03353615298328149,0.016096709809152
0.7000000000000001,0.65,-0.10527630556236783,-0.032796944254623296,0.015994102247424
0.7000000000000001,0.6625000000000001,-0.10441867435329377,-0.0320577355259651,0.015891494685696003
0.7000000000000001,0.675,-0.10356104314421971,-0.03131852679730691,0.015788887123968
0.7000000000000001,0.6875,-0.10270341193514561,-0.030579318068648713,0.01568627956224
0.7000000000000001,0.7000000000000001,-0.10184578072607155,-0.02984010933999052,0.015583672000512002
0.7000000000000001,0.7125,-0.10098814951699746,-0.029100900611332324,0.015481064438784
0.7000000000000001,0.7250000000000001,-0.1001305183079234,-0.028361691882674123,0.015378456877056
0.7000000000000001,0.7375,-0.0992728870988493,-0.02762248315401593,0.015275849315327997
0.7000000000000001,0.75,-0.09841525588977525,-0.026883274425357737,0.0151732417536
0.7000000000000001,0.7625000000000001,-0.09755762468070117,-0.02614406569669954,0.015070634191871999
0.7000000000000001,0.775,-0.0966999934716271,-0.025404856968041345,0.014968026630143998
0.7000000000000001,0.7875000000000001,-0.095842362262553,-0.024665648239383144,0.014865419068416
0.7000000000000001,0.8,-0.09498473105347893,-0.023926439510724953,0.014762811506687998
0.7000000000000001,0.8125,-0.09412709984440484,-0.023187230782066758,0.014660203944960001
0.7000000000000001,0.8250000000000001,-0.09326946863533078,-0.022448022053408557,0.014557596383231997
0.7000000000000001,0.8375,-0.09241183742625671,-0.021708813324750366,0.014454988821504002
0.7000000000000001,0.8500000000000001,-0.09155420621718263,-0.020969604596092168,0.014352381259776
0.7000000000000001,0.8625,-0.09069657500810854,-0.020230395867433977,0.014249773698048
0.7000000000000001,0.875,-0.08983894379903448,-0.019491187138775783,0.014147166136319998
0.7000000000000001,0.8875000000000001,-0.08898131258996039,-0.01875197841011758,0.014044558574592001
0.7000000000000001,0.9,-0.08812368138088632,-0.01801276968145939,0.013941951012863999
0.7000000000000001,0.9125000000000001,-0.08726605017181223,-0.01727356095280119,0.013839343451135999
0.7000000000000001,0.925,-0.08640841896273818,-0.016534352224142998,0.013736735889408
0.7000000000000001,0.9375,-0.0855507877536641,-0.015795143495484804,0.01363412832768
0.7000000000000001,0.9500000000000001,-0.08469315654459,-0.015055934766826604,0.013531520765951998
0.7000000000000001,0.9625,-0.08383552533551593,-0.014316726038168411,0.013428913204223998
0.7000000000000001,0.9750000000000001,-0.08297789412644185,-0.01357751730951021,0.013326305642496001
0.7000000000000001,0.9875,-0.08212026291736778,-0.012838308580852022,0.013223698080767999
0.7000000000000001,1.0,-0.08126263170829372,-0.012099099852193826,0.013121090519039999
0.7125,0.0,-0.15131606035452957,-0.07250786596886465,0.021484201052160003
0.7125,0.0125,-0.1504432137547749,-0.07175545708433755,0.021379761212543997
0.7125,0.025,-0.1495703671550202,-0.07100304819981046,0.021275321372927997
0.7125,0.037500000000000006,-0.14869752055526553,-0.07025063931528336,0.021170881533312
0.7125,0.05,-0.14782467395551085,-0.06949823043075627,0.021066441693695998
0.7125,0.0625,-0.14695182735575613,-0.06874582154622919,0.02096200185408
0.7125,0.07500000000000001,-0.14607898075600145,-0.06799341266170209,0.020857562014464003
0.7125,0.08750000000000001,-0.14520613415624678,-0.067241003777175,0.020753122174848
0.7125,0.1,-0.14433328755649205,-0.06648859489264791,0.020648682335232003
0.7125,0.1125,-0.14346044095673735,-0.06573618600812081,0.020544242495615997
0.7125,0.125,-0.14258759435698268,-0.06498377712359373,0.020439802656
0.7125,0.1375,-0.141714747757228,-0.06423136823906664,0.020335362816384
0.7125,0.15000000000000002,-0.14084190115747328,-0.06347895935453952,0.020230922976767998
0.7125,0.1625,-0.13996905455771866,-0.06272655047001244,0.020126483137152
0.7125,0.17500000000000002,-0.1390962079579639,-0.061974141585485344,0.020022043297535996
0.7125,0.1875,-0.13822336135820928,-0.06122173270095826,0.01991760345792
0.7125,0.2,-0.13735051475845458,-0.060469323816431164,0.019813163618304
0.7125,0.21250000000000002,-0.13647766815869986,-0.05971691493190408,0.019708723778687997
0.7125,0.225,-0.13560482155894515,-0.05896450604737698,0.019604283939071997
0.7125,0.23750000000000002,-0.13473197495919048,-0.05821209716284988,0.019499844099455998
0.7125,0.25,-0.13385912835943578,-0.0574596882783228,0.019395404259839998
0.7125,0.2625,-0.1329862817596811,-0.056707279393795704,0.019290964420224002
0.7125,0.275,-0.1321134351599264,-0.05595487050926862,0.019186524580608
0.7125,0.28750000000000003,-0.13124058856017173,-0.055202461624741524,0.019082084740992
0.7125,0.30000000000000004,-0.13036774196041703,-0.05445005274021444,0.018977644901376
0.7125,0.3125,-0.12949489536066236,-0.05369764385568733,0.01887320506176
0.7125,0.325,-0.12862204876090766,-0.05294523497116025,0.018768765222143997
0.7125,0.3375,-0.12774920216115299,-0.052192826086633164,0.018664325382527998
0.7125,0.35000000000000003,-0.1268763555613983,-0.051440417202106056,0.018559885542912002
0.7125,0.36250000000000004,-0.1260035089616436,-0.05068800831757897,0.018455445703296
0.7125,0.375,-0.1251306623618889,-0.04993559943305188,0.01835100586368
0.7125,0.3875,-0.12425781576213422,-0.04918319054852479,0.018246566024064
0.7125,0.4,-0.12338496916237957,-0.048430781663997696,0.018142126184447997
0.7125,0.41250000000000003,-0.12251212256262484,-0.04767837277947061,0.018037686344832
0.7125,0.42500000000000004,-0.12163927596287014,-0.04692596389494351,0.017933246505215997
0.7125,0.4375,-0.12076642936311548,-0.04617355501041642,0.017828806665599998
0.7125,0.45,-0.11989358276336079,-0.045421146125889336,0.017724366825984
0.7125,0.4625,-0.11902073616360612,-0.044668737241362236,0.017619926986368002
0.7125,0.47500000000000003,-0.11814788956385143,-0.043916328356835135,0.017515487146752
0.7125,0.48750000000000004,-0.11727504296409673,-0.04316391947230805,0.017411047307136
0.7125,0.5,-0.11640219636434204,-0.04241151058778096,0.01730660746752
0.7125,0.5125000000000001,-0.11552934976458737,-0.04165910170325387,0.017202167627904
0.7125,0.525,-0.11465650316483264,-0.040906692818726775,0.017097727788287997
0.7125,0.5375,-0.11378365656507798,-0.040154283934199696,0.016993287948672
0.7125,0.55,-0.1129108099653233,-0.039401875049672595,0.016888848109056
0.7125,0.5625,-0.1120379633655686,-0.0386494661651455,0.016784408269440002
0.7125,0.5750000000000001,-0.11116511676581387,-0.0378970572806184,0.016679968429824
0.7125,0.5875,-0.11029227016605923,-0.03714464839609132,0.016575528590207996
0.7125,0.6000000000000001,-0.1094194235663045,-0.03639223951156423,0.016471088750592
0.7125,0.6125,-0.10854657696654985,-0.035639830627037135,0.016366648910976
0.7125,0.625,-0.10767373036679515,-0.034887421742510034,0.016262209071359997
0.7125,0.6375000000000001,-0.10680088376704047,-0.03413501285798295,0.016157769231743998
0.7125,0.65,-0.10592803716728577,-0.03338260397345586,0.016053329392128002
0.7125,0.6625000000000001,-0.1050551905675311,-0.03263019508892876,0.015948889552512002
0.7125,0.675,-0.1041823439677764,-0.031877786204401674,0.015844449712896
0.7125,0.6875,-0.10330949736802171,-0.031125377319874584,0.01574000987328
0.7125,0.7000000000000001,-0.10243665076826702,-0.030372968435347487,0.015635570033664
0.7125,0.7125,-0.10156380416851232,-0.0296205595508204,0.015531130194048
0.7125,0.7250000000000001,-0.10069095756875764,-0.028868150666293304,0.015426690354431997
0.7125,0.7375,-0.09981811096900298,-0.028115741781766217,0.015322250514815998
0.7125,0.75,-0.09894526436924828,-0.027363332897239127,0.0152178106752
0.7125,0.7625000000000001,-0.09807241776949356,-0.02661092401271203,0.015113370835583999
0.7125,0.775,-0.09719957116973887,-0.025858515128184944,0.015008930995967997
0.7125,0.7875000000000001,-0.09632672456998419,-0.025106106243657847,0.014904491156351996
0.7125,0.8,-0.0954538779702295,-0.024353697359130757,0.014800051316735997
0.7125,0.8125,-0.09458103137047483,-0.023601288474603667,0.014695611477119999
0.7125,0.8250000000000001,-0.09370818477072013,-0.022848879590076566,0.014591171637503998
0.7125,0.8375,-0.09283533817096544,-0.02209647070554948,0.014486731797888
0.7125,0.8500000000000001,-0.09196249157121075,-0.02134406182102239,0.014382291958272
0.7125,0.8625,-0.09108964497145608,-0.020591652936495296,0.014277852118656002
0.7125,0.875,-0.09021679837170136,-0.019839244051968203,0.014173412279040001
0.7125,0.8875000000000001,-0.08934395177194669,-0.01908683516744111,0.014068972439424
0.7125,0.9,-0.088471105172192,-0.01833442628291402,0.013964532599808
0.7125,0.9125000000000001,-0.08759825857243732,-0.017582017398386926,0.013860092760191999
0.7125,0.925,-0.08672541197268262,-0.016829608513859836,0.013755652920576001
0.7125,0.9375,-0.08585256537292793,-0.016077199629332746,0.01365121308096
0.7125,0.9500000000000001,-0.08497971877317323,-0.015324790744805653,0.013546773241343998
0.7125,0.9625,-0.08410687217341858,-0.014572381860278562,0.013442333401728
0.7125,0.9750000000000001,-0.08323402557366387,-0.013819972975751464,0.013337893562111998
0.7125,0.9875,-0.08236117897390918,-0.013067564091224377,0.013233453722495998
0.7125,1.0,-0.0814883323741545,-0.012315155206697287,0.01312901388288
0.7250000000000001,0.0,-0.15275899227483936,-0.07377993379287981,0.021638706647040002
0.7250000000000001,0.0125,-0.15187093028440402,-0.07301432475248382,0.021532434529536
0.7250000000000001,0.025,-0.15098286829396873,-0.07224871571208784,0.021426162412031997
0.7250000000000001,0.037500000000000006,-0.1500948063035334,-0.07148310667169185,0.021319890294528004
0.7250000000000001,0.05,-0.1492067443130981,-0.07071749763129585,0.021213618177024
0.7250000000000001,0.0625,-0.14831868232266285,-0.06995188859089987,0.021107346059520003
0.7250000000000001,0.07500000000000001,-0.14743062033222754,-0.06918627955050388,0.021001073942016002
0.7250000000000001,0.08750000000000001,-0.14654255834179225,-0.06842067051010789,0.020894801824511998
0.7250000000000001,0.1,-0.14565449635135694,-0.06765506146971191,0.020788529707008
0.7250000000000001,0.1125,-0.14476643436092163,-0.06688945242931592,0.020682257589504
0.7250000000000001,0.125,-0.1438783723704863,-0.06612384338891993,0.020575985472
0.7250000000000001,0.1375,-0.14299031038005106,-0.06535823434852395,0.020469713354496
0.7250000000000001,0.15000000000000002,-0.14210224838961572,-0.06459262530812794,0.020363441236992
0.7250000000000001,0.1625,-0.1412141863991804,-0.06382701626773196,0.020257169119488
0.7250000000000001,0.17500000000000002,-0.14032612440874512,-0.06306140722733598,0.020150897001984
0.7250000000000001,0.1875,-0.1394380624183098,-0.06229579818693999,0.02004462488448
0.7250000000000001,0.2,-0.13855000042787452,-0.061530189146544,0.019938352766976
0.7250000000000001,0.21250000000000002,-0.13766193843743924,-0.060764580106148006,0.019832080649472002
0.7250000000000001,0.225,-0.13677387644700395,-0.05999897106575202,0.019725808531968
0.7250000000000001,0.23750000000000002,-0.13588581445656864,-0.05923336202535604,0.019619536414464
0.7250000000000001,0.25,-0.1349977524661333,-0.058467752984960035,0.019513264296959994
0.7250000000000001,0.2625,-0.134109690475698,-0.057702143944564056,0.019406992179456
0.7250000000000001,0.275,-0.13322162848526273,-0.056936534904168064,0.019300720061952
0.7250000000000001,0.28750000000000003,-0.13233356649482741,-0.05617092586377208,0.019194447944448
0.7250000000000001,0.30000000000000004,-0.13144550450439213,-0.055405316823376106,0.019088175826944002
0.7250000000000001,0.3125,-0.13055744251395682,-0.05463970778298011,0.01898190370944
0.7250000000000001,0.325,-0.12966938052352153,-0.05387409874258412,0.018875631591936
0.7250000000000001,0.3375,-0.12878131853308622,-0.05310848970218812,0.018769359474432
0.7250000000000001,0.35000000000000003,-0.1278932565426509,-0.05234288066179213,0.018663087356928
0.7250000000000001,0.36250000000000004,-0.12700519455221562,-0.05157727162139615,0.018556815239424
0.7250000000000001,0.375,-0.12611713256178034,-0.05081166258100017,0.01845054312192
0.7250000000000001,0.3875,-0.12522907057134502,-0.05004605354060417,0.018344271004415998
0.7250000000000001,0.4,-0.12434100858090971,-0.04928044450020818,0.018237998886911997
0.7250000000000001,0.41250000000000003,-0.1234529465904744,-0.04851483545981219,0.018131726769408
0.7250000000000001,0.42500000000000004,-0.12256488460003913,-0.04774922641941621,0.018025454651904
0.7250000000000001,0.4375,-0.12167682260960383,-0.04698361737902023,0.017919182534400002
0.7250000000000001,0.45,-0.12078876061916849,-0.04621800833862424,0.017812910416895998
0.7250000000000001,0.4625,-0.11990069862873323,-0.045452399298228245,0.017706638299392
0.7250000000000001,0.47500000000000003,-0.11901263663829789,-0.04468679025783225,0.017600366181887997
0.7250000000000001,0.48750000000000004,-0.11812457464786259,-0.04392118121743627,0.017494094064383996
0.7250000000000001,0.5,-0.11723651265742732,-0.04315557217704028,0.01738782194688
0.7250000000000001,0.5125000000000001,-0.11634845066699201,-0.04238996313664429,0.017281549829376
0.7250000000000001,0.525,-0.11546038867655668,-0.0416243540962483,0.017175277711872
0.7250000000000001,0.5375,-0.11457232668612144,-0.040858745055852325,0.017069005594368
0.7250000000000001,0.55,-0.1136842646956861,-0.040093136015456325,0.016962733476864
0.7250000000000001,0.5625,-0.11279620270525081,-0.03932752697506034,0.01685646135936
0.7250000000000001,0.5750000000000001,-0.11190814071481547,-0.03856191793466435,0.016750189241856003
0.7250000000000001,0.5875,-0.1110200787243802,-0.03779630889426836,0.016643917124352
0.7250000000000001,0.6000000000000001,-0.1101320167339449,-0.03703069985387238,0.016537645006847998
0.7250000000000001,0.6125,-0.10924395474350959,-0.03626509081347638,0.016431372889344
0.7250000000000001,0.625,-0.1083558927530743,-0.0354994817730804,0.01632510077184
0.7250000000000001,0.6375000000000001,-0.10746783076263902,-0.03473387273268441,0.016218828654336
0.7250000000000001,0.65,-0.10657976877220371,-0.03396826369228842,0.016112556536832
0.7250000000000001,0.6625000000000001,-0.10569170678176838,-0.03320265465189243,0.016006284419328
0.7250000000000001,0.675,-0.1048036447913331,-0.03243704561149645,0.015900012301824
0.7250000000000001,0.6875,-0.10391558280089781,-0.031671436571100456,0.01579374018432
0.7250000000000001,0.7000000000000001,-0.10302752081046251,-0.030905827530704467,0.015687468066816
0.7250000000000001,0.7125,-0.10213945882002719,-0.030140218490308474,0.015581195949312
0.7250000000000001,0.7250000000000001,-0.10125139682959189,-0.02937460944991249,0.015474923831808
0.7250000000000001,0.7375,-0.1003633348391566,-0.028609000409516503,0.015368651714303998
0.7250000000000001,0.75,-0.09947527284872129,-0.027843391369120517,0.015262379596799998
0.7250000000000001,0.7625000000000001,-0.09858721085828598,-0.027077782328724525,0.015156107479295996
0.7250000000000001,0.775,-0.09769914886785071,-0.02631217328832854,0.015049835361792
0.7250000000000001,0.7875000000000001,-0.09681108687741541,-0.025546564247932547,0.014943563244288001
0.7250000000000001,0.8,-0.0959230248869801,-0.02478095520753656,0.014837291126783999
0.7250000000000001,0.8125,-0.0950349628965448,-0.024015346167140572,0.01473101900928
0.7250000000000001,0.8250000000000001,-0.0941469009061095,-0.02324973712674458,0.014624746891776001
0.7250000000000001,0.8375,-0.09325883891567419,-0.022484128086348597,0.014518474774271999
0.7250000000000001,0.8500000000000001,-0.0923707769252389,-0.021718519045952605,0.014412202656767998
0.7250000000000001,0.8625,-0.09148271493480359,-0.02095291000555662,0.014305930539263996
0.7250000000000001,0.875,-0.0905946529443683,-0.02018730096516063,0.01419965842176
0.7250000000000001,0.8875000000000001,-0.08970659095393299,-0.019421691924764638,0.014093386304255998
0.7250000000000001,0.9,-0.08881852896349768,-0.018656082884368656,0.013987114186752
0.7250000000000001,0.9125000000000001,-0.0879304669730624,-0.017890473843972663,0.013880842069247997
0.7250000000000001,0.925,-0.08704240498262708,-0.017124864803576674,0.013774569951744002
0.7250000000000001,0.9375,-0.0861543429921918,-0.016359255763180695,0.01366829783424
0.7250000000000001,0.9500000000000001,-0.08526628100175648,-0.0155936467227847,0.013562025716735999
0.7250000000000001,0.9625,-0.08437821901132118,-0.014828037682388712,0.013455753599232
0.7250000000000001,0.9750000000000001,-0.08349015702088589,-0.01406242864199272,0.013349481481728001
0.7250000000000001,0.9875,-0.0826020950304506,-0.013296819601596739,0.013243209364223999
0.7250000000000001,1.0,-0.08171403304001529,-0.01253121056120075,0.013136937246719998
0.7375,0.0,-0.15420192419514905,-0.07505200161689497,0.02179321224192
0.7375,0.0125,-0.15329864681403316,-0.07427319242063009,0.021685107846527996
0.7375,0.025,-0.15239536943291726,-0.0734943832243652,0.021577003451136004
0.7375,0.037500000000000006,-0.15149209205180134,-0.07271557402810032,0.021468899055744003
0.7375,0.05,-0.15058881467068544,-0.07193676483183545,0.021360794660352
0.7375,0.0625,-0.14968553728956951,-0.07115795563557055,0.02125269026496
0.7375,0.07500000000000001,-0.1487822599084536,-0.07037914643930568,0.021144585869567998
0.7375,0.08750000000000001,-0.14787898252733772,-0.06960033724304078,0.021036481474176
0.7375,0.1,-0.14697570514622177,-0.0688215280467759,0.020928377078783995
0.7375,0.1125,-0.14607242776510587,-0.06804271885051101,0.020820272683392
0.7375,0.125,-0.14516915038398995,-0.06726390965424613,0.020712168288000002
0.7375,0.1375,-0.14426587300287408,-0.06648510045798126,0.020604063892608
0.7375,0.15000000000000002,-0.1433625956217581,-0.06570629126171636,0.020495959497216
0.7375,0.1625,-0.14245931824064223,-0.06492748206545147,0.020387855101824
0.7375,0.17500000000000002,-0.1415560408595263,-0.06414867286918659,0.020279750706432
0.7375,0.1875,-0.1406527634784104,-0.0633698636729217,0.02017164631104
0.7375,0.2,-0.13974948609729446,-0.06259105447665682,0.020063541915648003
0.7375,0.21250000000000002,-0.13884620871617856,-0.06181224528039193,0.019955437520256
0.7375,0.225,-0.13794293133506266,-0.06103343608412704,0.019847333124864
0.7375,0.23750000000000002,-0.13703965395394674,-0.06025462688786216,0.019739228729471998
0.7375,0.25,-0.13613637657283081,-0.05947581769159727,0.019631124334079996
0.7375,0.2625,-0.1352330991917149,-0.058697008495332395,0.019523019938687998
0.7375,0.275,-0.13432982181059902,-0.05791819929906751,0.019414915543295996
0.7375,0.28750000000000003,-0.13342654442948307,-0.057139390102802626,0.019306811147903998
0.7375,0.30000000000000004,-0.1325232670483672,-0.05636058090653775,0.019198706752512
0.7375,0.3125,-0.13161998966725127,-0.055581771710272856,0.019090602357120002
0.7375,0.325,-0.13071671228613535,-0.054802962514007965,0.018982497961728
0.7375,0.3375,-0.12981343490501943,-0.054024153317743094,0.018874393566336
0.7375,0.35000000000000003,-0.12891015752390356,-0.0532453441214782,0.018766289170944
0.7375,0.36250000000000004,-0.12800688014278763,-0.05246653492521332,0.018658184775552
0.7375,0.375,-0.12710360276167174,-0.05168772572894844,0.01855008038016
0.7375,0.3875,-0.1262003253805558,-0.05090891653268355,0.018441975984768003
0.7375,0.4,-0.1252970479994399,-0.050130107336418664,0.018333871589376
0.7375,0.41250000000000003,-0.12439377061832398,-0.04935129814015377,0.018225767193984
0.7375,0.42500000000000004,-0.12349049323720804,-0.04857248894388889,0.018117662798591998
0.7375,0.4375,-0.12258721585609215,-0.04779367974762402,0.0180095584032
0.7375,0.45,-0.12168393847497622,-0.04701487055135913,0.017901454007808
0.7375,0.4625,-0.12078066109386033,-0.04623606135509424,0.017793349612415996
0.7375,0.47500000000000003,-0.1198773837127444,-0.045457252158829356,0.017685245217023998
0.7375,0.48750000000000004,-0.11897410633162848,-0.044678442962564464,0.017577140821632
0.7375,0.5,-0.11807082895051257,-0.04389963376629959,0.01746903642624
0.7375,0.5125000000000001,-0.11716755156939665,-0.0431208245700347,0.017360932030848
0.7375,0.525,-0.11626427418828078,-0.042342015373769824,0.017252827635456
0.7375,0.5375,-0.11536099680716486,-0.04156320617750494,0.017144723240064
0.7375,0.55,-0.11445771942604893,-0.04078439698124005,0.017036618844672
0.7375,0.5625,-0.11355444204493302,-0.04000558778497517,0.01692851444928
0.7375,0.5750000000000001,-0.11265116466381711,-0.03922677858871028,0.016820410053888
0.7375,0.5875,-0.1117478872827012,-0.0384479693924454,0.016712305658496
0.7375,0.6000000000000001,-0.11084460990158529,-0.03766916019618051,0.016604201263104
0.7375,0.6125,-0.10994133252046935,-0.036890350999915625,0.016496096867711998
0.7375,0.625,-0.10903805513935347,-0.03611154180365075,0.01638799247232
0.7375,0.6375000000000001,-0.10813477775823754,-0.035332732607385856,0.016279888076927998
0.7375,0.65,-0.10723150037712165,-0.03455392341112097,0.016171783681535996
0.7375,0.6625000000000001,-0.1063282229960057,-0.033775114214856086,0.016063679286143998
0.7375,0.675,-0.1054249456148898,-0.0329963050185912,0.015955574890752
0.7375,0.6875,-0.1045216682337739,-0.032217495822326324,0.01584747049536
0.7375,0.7000000000000001,-0.10361839085265798,-0.03143868662606143,0.015739366099968
0.7375,0.7125,-0.10271511347154207,-0.030659877429796548,0.015631261704576
0.7375,0.7250000000000001,-0.10181183609042613,-0.029881068233531663,0.015523157309183999
0.7375,0.7375,-0.10090855870931023,-0.029102259037266782,0.015415052913792
0.7375,0.75,-0.10000528132819433,-0.0283234498410019,0.0153069485184
0.7375,0.7625000000000001,-0.09910200394707841,-0.027544640644737012,0.015198844123008
0.7375,0.775,-0.09819872656596251,-0.02676583144847213,0.015090739727616
0.7375,0.7875000000000001,-0.09729544918484656,-0.02598702225220724,0.014982635332224
0.7375,0.8,-0.09639217180373069,-0.025208213055942355,0.014874530936831998
0.7375,0.8125,-0.09548889442261477,-0.024429403859677477,0.014766426541439998
0.7375,0.8250000000000001,-0.09458561704149884,-0.023650594663412586,0.014658322146048
0.7375,0.8375,-0.09368233966038295,-0.022871785467147708,0.014550217750656
0.7375,0.8500000000000001,-0.092779062279267,-0.02209297627088282,0.014442113355263998
0.7375,0.8625,-0.0918757848981511,-0.021314167074617935,0.014334008959871998
0.7375,0.875,-0.0909725075170352,-0.02053535787835305,0.01422590456448
0.7375,0.8875000000000001,-0.09006923013591925,-0.019756548682088166,0.014117800169087997
0.7375,0.9,-0.08916595275480338,-0.018977739485823285,0.014009695773695999
0.7375,0.9125000000000001,-0.08826267537368745,-0.018198930289558397,0.013901591378303999
0.7375,0.925,-0.08735939799257153,-0.017420121093293515,0.013793486982911999
0.7375,0.9375,-0.08645612061145566,-0.016641311897028634,0.01368538258752
0.7375,0.9500000000000001,-0.08555284323033971,-0.015862502700763743,0.013577278192127997
0.7375,0.9625,-0.08464956584922378,-0.01508369350449886,0.013469173796736
0.7375,0.9750000000000001,-0.08374628846810789,-0.01430488430823397,0.013361069401344
0.7375,0.9875,-0.08284301108699196,-0.013526075111969092,0.013252965005951998
0.7375,1.0,-0.08193973370587607,-0.012747265915704208,0.01314486061056
0.75,0.0,-0.15564485611545884,-0.07632406944091014,0.0219477178368
0.75,0.0125,-0.15472636334366233,-0.07553206008877636,0.021837781163520004
0.75,0.025,-0.1538078705718658,-0.07474005073664258,0.02172784449024
0.75,0.037500000000000006,-0.15288937780006925,-0.0739480413845088,0.02161790781696
0.75,0.05,-0.15197088502827277,-0.07315603203237502,0.021507971143679996
0.75,0.0625,-0.1510523922564762,-0.07236402268024124,0.0213980344704
0.75,0.07500000000000001,-0.15013389948467967,-0.07157201332810745,0.021288097797119997
0.75,0.08750000000000001,-0.14921540671288316,-0.07078000397597367,0.021178161123839998
0.75,0.1,-0.14829691394108666,-0.06998799462383991,0.02106822445056
0.75,0.1125,-0.14737842116929012,-0.06919598527170612,0.02095828777728
0.75,0.125,-0.14645992839749358,-0.06840397591957233,0.020848351104
0.75,0.1375,-0.1455414356256971,-0.06761196656743855,0.02073841443072
0.75,0.15000000000000002,-0.1446229428539006,-0.06681995721530476,0.02062847775744
0.75,0.1625,-0.143704450082104,-0.066027947863171,0.02051854108416
0.75,0.17500000000000002,-0.1427859573103075,-0.06523593851103722,0.02040860441088
0.75,0.1875,-0.14186746453851096,-0.06444392915890343,0.020298667737599998
0.75,0.2,-0.14094897176671445,-0.06365191980676964,0.02018873106432
0.75,0.21250000000000002,-0.14003047899491788,-0.06285991045463585,0.020078794391039996
0.75,0.225,-0.13911198622312138,-0.062067901102502085,0.019968857717760004
0.75,0.23750000000000002,-0.1381934934513249,-0.06127589175036831,0.01985892104448
0.75,0.25,-0.13727500067952833,-0.06048388239823452,0.0197489843712
0.75,0.2625,-0.13635650790773182,-0.05969187304610074,0.01963904769792
0.75,0.275,-0.13543801513593529,-0.05889986369396696,0.019529111024639997
0.75,0.28750000000000003,-0.13451952236413878,-0.05810785434183317,0.019419174351359998
0.75,0.30000000000000004,-0.13360102959234224,-0.05731584498969941,0.019309237678080002
0.75,0.3125,-0.1326825368205457,-0.05652383563756562,0.0191993010048
0.75,0.325,-0.13176404404874922,-0.055731826285431836,0.01908936433152
0.75,0.3375,-0.13084555127695266,-0.05493981693329806,0.018979427658239997
0.75,0.35000000000000003,-0.12992705850515612,-0.054147807581164276,0.018869490984959998
0.75,0.36250000000000004,-0.12900856573335961,-0.05335579822903049,0.01875955431168
0.75,0.375,-0.12809007296156313,-0.05256378887689672,0.0186496176384
0.75,0.3875,-0.12717158018976657,-0.05177177952476294,0.018539680965119997
0.75,0.4,-0.12625308741797006,-0.05097977017262915,0.018429744291839998
0.75,0.41250000000000003,-0.12533459464617352,-0.05018776082049537,0.018319807618559995
0.75,0.42500000000000004,-0.12441610187437699,-0.04939575146836159,0.018209870945279996
0.75,0.4375,-0.12349760910258045,-0.04860374211622781,0.018099934271999997
0.75,0.45,-0.12257911633078396,-0.047811732764094034,0.01798999759872
0.75,0.4625,-0.12166062355898741,-0.04701972341196024,0.017880060925440002
0.75,0.47500000000000003,-0.12074213078719088,-0.046227714059826466,0.01777012425216
0.75,0.48750000000000004,-0.11982363801539436,-0.04543570470769268,0.01766018757888
0.75,0.5,-0.11890514524359783,-0.044643695355558906,0.017550250905599998
0.75,0.5125000000000001,-0.11798665247180133,-0.043851686003425115,0.01744031423232
0.75,0.525,-0.11706815970000478,-0.043059676651291345,0.017330377559040003
0.75,0.5375,-0.11614966692820829,-0.04226766729915757,0.01722044088576
0.75,0.55,-0.11523117415641175,-0.041475657947023785,0.017110504212479997
0.75,0.5625,-0.1143126813846152,-0.04068364859489,0.0170005675392
0.75,0.5750000000000001,-0.1133941886128187,-0.03989163924275621,0.01689063086592
0.75,0.5875,-0.11247569584102218,-0.03909962989062244,0.016780694192640003
0.75,0.6000000000000001,-0.11155720306922565,-0.03830762053848866,0.01667075751936
0.75,0.6125,-0.11063871029742912,-0.03751561118635487,0.016560820846079998
0.75,0.625,-0.1097202175256326,-0.036723601834221097,0.016450884172799995
0.75,0.6375000000000001,-0.1088017247538361,-0.03593159248208731,0.01634094749952
0.75,0.65,-0.10788323198203956,-0.03513958312995353,0.016231010826239997
0.75,0.6625000000000001,-0.10696473921024303,-0.03434757377781975,0.016121074152959998
0.75,0.675,-0.1060462464384465,-0.033555564425685976,0.01601113747968
0.75,0.6875,-0.10512775366664998,-0.03276355507355219,0.015901200806400003
0.75,0.7000000000000001,-0.10420926089485344,-0.03197154572141841,0.01579126413312
0.75,0.7125,-0.10329076812305693,-0.031179536369284628,0.015681327459839998
0.75,0.7250000000000001,-0.1023722753512604,-0.03038752701715084,0.015571390786559997
0.75,0.7375,-0.10145378257946389,-0.029595517665017067,0.015461454113280001
0.75,0.75,-0.10053528980766735,-0.028803508312883284,0.01535151744
0.75,0.7625000000000001,-0.09961679703587083,-0.028011498960749504,0.01524158076672
0.75,0.775,-0.09869830426407429,-0.027219489608615727,0.015131644093439998
0.75,0.7875000000000001,-0.09777981149227775,-0.02642748025648194,0.015021707420159996
0.75,0.8,-0.09686131872048126,-0.02563547090434816,0.01491177074688
0.75,0.8125,-0.09594282594868472,-0.024843461552214383,0.0148018340736
0.75,0.8250000000000001,-0.0950243331768882,-0.024051452200080595,0.01469189740032
0.75,0.8375,-0.09410584040509168,-0.023259442847946822,0.014581960727039997
0.75,0.8500000000000001,-0.09318734763329514,-0.02246743349581304,0.014472024053759998
0.75,0.8625,-0.09226885486149863,-0.021675424143679258,0.014362087380479999
0.75,0.875,-0.09135036208970211,-0.020883414791545478,0.014252150707200002
0.75,0.8875000000000001,-0.09043186931790556,-0.020091405439411694,0.014142214033919999
0.75,0.9,-0.08951337654610905,-0.019299396087277917,0.01403227736064
0.75,0.9125000000000001,-0.08859488377431252,-0.01850738673514413,0.013922340687359997
0.75,0.925,-0.087676391002516,-0.017715377383010354,0.013812404014080001
0.75,0.9375,-0.08675789823071949,-0.016923368030876577,0.013702467340799999
0.75,0.9500000000000001,-0.08583940545892296,-0.01613135867874279,0.013592530667520001
0.75,0.9625,-0.08492091268712644,-0.015339349326609011,0.013482593994239999
0.75,0.9750000000000001,-0.0840024199153299,-0.014547339974475224,0.01337265732096
0.75,0.9875,-0.08308392714353338,-0.013755330622341449,0.01326272064768
0.75,1.0,-0.08216543437173685,-0.012963321270207669,0.013152783974400001
0.7625000000000001,0.0,-0.15708778803576862,-0.07759613726492533,0.02210222343168
0.7625000000000001,0.0125,-0.15615407987329147,-0.07679092775692264,0.021990454480511998
0.7625000000000001,0.025,-0.15522037171081432,-0.07598571824891996,0.021878685529344
0.7625000000000001,0.037500000000000006,-0.1542866635483372,-0.07518050874091729,0.021766916578175997
0.7625000000000001,0.05,-0.15335295538586005,-0.07437529923291461,0.021655147627007997
0.7625000000000001,0.0625,-0.1524192472233829,-0.07357008972491194,0.02154337867584
0.7625000000000001,0.07500000000000001,-0.15148553906090578,-0.07276488021690926,0.021431609724672
0.7625000000000001,0.08750000000000001,-0.15055183089842863,-0.07195967070890658,0.021319840773504
0.7625000000000001,0.1,-0.14961812273595151,-0.0711544612009039,0.021208071822336
0.7625000000000001,0.1125,-0.1486844145734744,-0.07034925169290121,0.021096302871168
0.7625000000000001,0.125,-0.14775070641099722,-0.06954404218489854,0.020984533920000003
0.7625000000000001,0.1375,-0.1468169982485201,-0.06873883267689587,0.020872764968832003
0.7625000000000001,0.15000000000000002,-0.14588329008604298,-0.06793362316889318,0.020760996017664
0.7625000000000001,0.1625,-0.14494958192356583,-0.0671284136608905,0.020649227066496002
0.7625000000000001,0.17500000000000002,-0.14401587376108865,-0.06632320415288784,0.020537458115328
0.7625000000000001,0.1875,-0.14308216559861156,-0.06551799464488516,0.020425689164160002
0.7625000000000001,0.2,-0.1421484574361344,-0.06471278513688249,0.020313920212992
0.7625000000000001,0.21250000000000002,-0.1412147492736573,-0.0639075756288798,0.020202151261824
0.7625000000000001,0.225,-0.14028104111118017,-0.06310236612087712,0.020090382310655998
0.7625000000000001,0.23750000000000002,-0.139347332948703,-0.06229715661287444,0.019978613359487998
0.7625000000000001,0.25,-0.13841362478622585,-0.06149194710487177,0.01986684440832
0.7625000000000001,0.2625,-0.13747991662374873,-0.06068673759686909,0.019755075457151997
0.7625000000000001,0.275,-0.13654620846127158,-0.059881528088866404,0.019643306505983997
0.7625000000000001,0.28750000000000003,-0.13561250029879443,-0.05907631858086373,0.019531537554815997
0.7625000000000001,0.30000000000000004,-0.1346787921363173,-0.05827110907286107,0.019419768603648
0.7625000000000001,0.3125,-0.1337450839738402,-0.05746589956485838,0.01930799965248
0.7625000000000001,0.325,-0.13281137581136304,-0.05666069005685571,0.019196230701312003
0.7625000000000001,0.3375,-0.1318776676488859,-0.05585548054885304,0.019084461750144003
0.7625000000000001,0.35000000000000003,-0.13094395948640877,-0.05505027104085035,0.018972692798976
0.7625000000000001,0.36250000000000004,-0.13001025132393162,-0.054245061532847666,0.018860923847808003
0.7625000000000001,0.375,-0.1290765431614545,-0.053439852024845004,0.018749154896640002
0.7625000000000001,0.3875,-0.12814283499897736,-0.05263464251684233,0.018637385945472
0.7625000000000001,0.4,-0.12720912683650024,-0.05182943300883964,0.018525616994304
0.7625000000000001,0.41250000000000003,-0.12627541867402306,-0.051024223500836956,0.018413848043136
0.7625000000000001,0.42500000000000004,-0.12534171051154594,-0.05021901399283428,0.018302079091968
0.7625000000000001,0.4375,-0.12440800234906879,-0.049413804484831604,0.018190310140799998
0.7625000000000001,0.45,-0.12347429418659167,-0.04860859497682895,0.018078541189632
0.7625000000000001,0.4625,-0.12254058602411451,-0.04780338546882626,0.017966772238463997
0.7625000000000001,0.47500000000000003,-0.12160687786163739,-0.04699817596082358,0.017855003287295997
0.7625000000000001,0.48750000000000004,-0.12067316969916025,-0.0461929664528209,0.017743234336127997
0.7625000000000001,0.5,-0.11973946153668313,-0.045387756944818225,0.01763146538496
0.7625000000000001,0.5125000000000001,-0.118805753374206,-0.04458254743681554,0.017519696433792
0.7625000000000001,0.525,-0.11787204521172885,-0.04377733792881287,0.017407927482624
0.7625000000000001,0.5375,-0.11693833704925172,-0.0429721284208102,0.017296158531456003
0.7625000000000001,0.55,-0.11600462888677457,-0.042166918912807515,0.017184389580288003
0.7625000000000001,0.5625,-0.11507092072429745,-0.04136170940480484,0.01707262062912
0.7625000000000001,0.5750000000000001,-0.11413721256182029,-0.040556499896802156,0.016960851677952
0.7625000000000001,0.5875,-0.11320350439934315,-0.03975129038879948,0.016849082726784
0.7625000000000001,0.6000000000000001,-0.11226979623686603,-0.0389460808807968,0.016737313775616
0.7625000000000001,0.6125,-0.11133608807438887,-0.03814087137279413,0.016625544824448
0.7625000000000001,0.625,-0.11040237991191178,-0.037335661864791446,0.016513775873280002
0.7625000000000001,0.6375000000000001,-0.10946867174943462,-0.03653045235678877,0.016402006922111998
0.7625000000000001,0.65,-0.1085349635869575,-0.0357252428487861,0.016290237970943998
0.7625000000000001,0.6625000000000001,-0.10760125542448032,-0.03492003334078342,0.016178469019776
0.7625000000000001,0.675,-0.1066675472620032,-0.03411482383278074,0.016066700068608
0.7625000000000001,0.6875,-0.10573383909952606,-0.03330961432477807,0.015954931117439997
0.7625000000000001,0.7000000000000001,-0.10480013093704893,-0.03250440481677539,0.015843162166271997
0.7625000000000001,0.7125,-0.10386642277457178,-0.03169919530877271,0.015731393215103997
0.7625000000000001,0.7250000000000001,-0.10293271461209465,-0.030893985800770025,0.015619624263935998
0.7625000000000001,0.7375,-0.10199900644961751,-0.030088776292767357,0.015507855312767998
0.7625000000000001,0.75,-0.10106529828714038,-0.029283566784764677,0.015396086361599998
0.7625000000000001,0.7625000000000001,-0.10013159012466324,-0.028478357276762,0.015284317410432001
0.7625000000000001,0.775,-0.0991978819621861,-0.027673147768759322,0.015172548459263998
0.7625000000000001,0.7875000000000001,-0.09826417379970898,-0.02686793826075664,0.015060779508096
0.7625000000000001,0.8,-0.09733046563723184,-0.026062728752753967,0.014949010556928
0.7625000000000001,0.8125,-0.0963967574747547,-0.025257519244751295,0.014837241605759999
0.7625000000000001,0.8250000000000001,-0.09546304931227755,-0.02445230973674861,0.014725472654591999
0.7625000000000001,0.8375,-0.09452934114980042,-0.02364710022874594,0.014613703703424002
0.7625000000000001,0.8500000000000001,-0.09359563298732329,-0.022841890720743253,0.014501934752256002
0.7625000000000001,0.8625,-0.09266192482484614,-0.02203668121274058,0.014390165801087998
0.7625000000000001,0.875,-0.09172821666236901,-0.021231471704737905,0.014278396849919998
0.7625000000000001,0.8875000000000001,-0.09079450849989186,-0.020426262196735222,0.014166627898752
0.7625000000000001,0.9,-0.08986080033741474,-0.01962105268873255,0.014054858947583999
0.7625000000000001,0.9125000000000001,-0.08892709217493759,-0.018815843180729867,0.013943089996415999
0.7625000000000001,0.925,-0.08799338401246046,-0.01801063367272719,0.013831321045248002
0.7625000000000001,0.9375,-0.08705967584998334,-0.017205424164724523,0.013719552094079998
0.7625000000000001,0.9500000000000001,-0.08612596768750619,-0.01640021465672184,0.013607783142911998
0.7625000000000001,0.9625,-0.08519225952502904,-0.01559500514871916,0.013496014191744002
0.7625000000000001,0.9750000000000001,-0.08425855136255192,-0.01478979564071648,0.013384245240576001
0.7625000000000001,0.9875,-0.08332484320007479,-0.013984586132713809,0.013272476289407998
0.7625000000000001,1.0,-0.08239113503759764,-0.013179376624711133,0.01316070733824
0.775,0.0,-0.15853071995607837,-0.07886820508894048,0.02225672902656
0.775,0.0125,-0.1575817964029206,-0.07804979542506892,0.022143127797504
0.775,0.025,-0.15663287284976285,-0.07723138576119733,0.022029526568447998
0.775,0.037500000000000006,-0.15568394929660506,-0.07641297609732575,0.021915925339391996
0.775,0.05,-0.15473502574344739,-0.07559456643345418,0.021802324110336
0.775,0.0625,-0.15378610219028963,-0.0747761567695826,0.02168872288128
0.775,0.07500000000000001,-0.15283717863713187,-0.07395774710571104,0.021575121652224003
0.775,0.08750000000000001,-0.1518882550839741,-0.07313933744183945,0.021461520423168
0.775,0.1,-0.15093933153081637,-0.07232092777796789,0.021347919194112
0.775,0.1125,-0.14999040797765864,-0.0715025181140963,0.021234317965056
0.775,0.125,-0.14904148442450085,-0.07068410845022474,0.021120716736
0.775,0.1375,-0.14809256087134312,-0.06986569878635318,0.021007115506944
0.775,0.15000000000000002,-0.14714363731818536,-0.06904728912248159,0.020893514277888
0.775,0.1625,-0.14619471376502763,-0.06822887945861003,0.020779913048831998
0.775,0.17500000000000002,-0.14524579021186984,-0.06741046979473844,0.020666311819775997
0.775,0.1875,-0.1442968666587121,-0.06659206013086687,0.02055271059072
0.775,0.2,-0.14334794310555438,-0.0657736504669953,0.020439109361664
0.775,0.21250000000000002,-0.14239901955239664,-0.06495524080312372,0.020325508132608
0.775,0.225,-0.14145009599923888,-0.06413683113925216,0.020211906903552
0.775,0.23750000000000002,-0.14050117244608112,-0.06331842147538057,0.020098305674495998
0.775,0.25,-0.13955224889292334,-0.06250001181150901,0.019984704445439996
0.775,0.2625,-0.13860332533976563,-0.06168160214763744,0.019871103216384
0.775,0.275,-0.13765440178660787,-0.06086319248376586,0.019757501987327997
0.775,0.28750000000000003,-0.1367054782334501,-0.06004478281989428,0.019643900758272
0.775,0.30000000000000004,-0.13575655468029238,-0.05922637315602272,0.019530299529216
0.775,0.3125,-0.13480763112713465,-0.05840796349215113,0.01941669830016
0.775,0.325,-0.1338587075739769,-0.05758955382827956,0.019303097071104
0.775,0.3375,-0.1329097840208191,-0.056771144164408004,0.019189495842047998
0.775,0.35000000000000003,-0.13196086046766137,-0.055952734500536415,0.019075894612991997
0.775,0.36250000000000004,-0.1310119369145036,-0.055134324836664854,0.018962293383936
0.775,0.375,-0.13006301336134587,-0.05431591517279327,0.018848692154879998
0.775,0.3875,-0.12911408980818814,-0.0534975055089217,0.018735090925824
0.775,0.4,-0.12816516625503038,-0.05267909584505012,0.018621489696768
0.775,0.41250000000000003,-0.12721624270187262,-0.05186068618117854,0.018507888467711998
0.775,0.42500000000000004,-0.12626731914871492,-0.051042276517306966,0.018394287238655996
0.775,0.4375,-0.12531839559555716,-0.0502238668534354,0.018280686009599995
0.775,0.45,-0.12436947204239941,-0.04940545718956383,0.018167084780544
0.775,0.4625,-0.12342054848924162,-0.04858704752569225,0.018053483551488003
0.775,0.47500000000000003,-0.12247162493608388,-0.04776863786182068,0.017939882322432
0.775,0.48750000000000004,-0.12152270138292615,-0.0469502281979491,0.017826281093375997
0.775,0.5,-0.12057377782976839,-0.04613181853407753,0.017712679864319996
0.775,0.5125000000000001,-0.11962485427661065,-0.045313408870205955,0.017599078635264002
0.775,0.525,-0.1186759307234529,-0.04449499920633438,0.017485477406208
0.775,0.5375,-0.11772700717029515,-0.04367658954246282,0.017371876177152
0.775,0.55,-0.11677808361713742,-0.04285817987859123,0.017258274948095998
0.775,0.5625,-0.11582916006397966,-0.04203977021471967,0.01714467371904
0.775,0.5750000000000001,-0.11488023651082188,-0.04122136055084809,0.017031072489984
0.775,0.5875,-0.11393131295766415,-0.04040295088697651,0.016917471260928
0.775,0.6000000000000001,-0.11298238940450642,-0.039584541223104945,0.016803870031871997
0.775,0.6125,-0.11203346585134863,-0.03876613155923336,0.016690268802816
0.775,0.625,-0.1110845422981909,-0.037947721895361795,0.01657666757376
0.775,0.6375000000000001,-0.11013561874503315,-0.03712931223149022,0.016463066344704
0.775,0.65,-0.10918669519187539,-0.036310902567618646,0.016349465115648
0.775,0.6625000000000001,-0.10823777163871764,-0.03549249290374707,0.016235863886592
0.775,0.675,-0.10728884808555988,-0.034674083239875496,0.016122262657536
0.775,0.6875,-0.10633992453240215,-0.03385567357600393,0.01600866142848
0.775,0.7000000000000001,-0.10539100097924439,-0.03303726391213235,0.015895060199423997
0.775,0.7125,-0.10444207742608667,-0.032218854248260785,0.015781458970368003
0.775,0.7250000000000001,-0.10349315387292889,-0.0314004445843892,0.015667857741311998
0.775,0.7375,-0.10254423031977117,-0.030582034920517635,0.015554256512255999
0.775,0.75,-0.10159530676661341,-0.029763625256646067,0.0154406552832
0.775,0.7625000000000001,-0.10064638321345568,-0.028945215592774486,0.015327054054143998
0.775,0.775,-0.09969745966029792,-0.028126805928902918,0.015213452825088
0.775,0.7875000000000001,-0.09874853610714014,-0.027308396265031332,0.015099851596032
0.775,0.8,-0.09779961255398241,-0.026489986601159764,0.014986250366976
0.775,0.8125,-0.09685068900082466,-0.025671576937288193,0.01487264913792
0.775,0.8250000000000001,-0.0959017654476669,-0.024853167273416615,0.014759047908863999
0.775,0.8375,-0.09495284189450916,-0.024034757609545047,0.014645446679808
0.775,0.8500000000000001,-0.09400391834135141,-0.02321634794567347,0.014531845450751998
0.775,0.8625,-0.09305499478819368,-0.022397938281801897,0.014418244221696
0.775,0.875,-0.09210607123503592,-0.02157952861793033,0.01430464299264
0.775,0.8875000000000001,-0.09115714768187817,-0.020761118954058747,0.014191041763583998
0.775,0.9,-0.09020822412872043,-0.01994270929018718,0.014077440534527997
0.775,0.9125000000000001,-0.08925930057556267,-0.0191242996263156,0.013963839305472002
0.775,0.925,-0.08831037702240493,-0.01830588996244403,0.013850238076416
0.775,0.9375,-0.08736145346924717,-0.01748748029857246,0.013736636847359998
0.775,0.9500000000000001,-0.08641252991608941,-0.016669070634700883,0.013623035618303999
0.775,0.9625,-0.08546360636293168,-0.01585066097082931,0.013509434389248001
0.775,0.9750000000000001,-0.08451468280977391,-0.01503225130695773,0.013395833160192001
0.775,0.9875,-0.08356575925661619,-0.014213841643086164,0.013282231931136
0.775,1.0,-0.08261683570345843,-0.01339543197921459,0.01316863070208
0.7875000000000001,0.0,-0.15997365187638812,-0.08014027291295567,0.022411234621440006
0.7875000000000001,0.0125,-0.15900951293254975,-0.07930866309321517,0.022295801114496
0.7875000000000001,0.025,-0.15804537398871138,-0.0784770532734747,0.022180367607552
0.7875000000000001,0.037500000000000006,-0.15708123504487306,-0.07764544345373425,0.022064934100608
0.7875000000000001,0.05,-0.15611709610103466,-0.07681383363399377,0.021949500593663997
0.7875000000000001,0.0625,-0.15515295715719632,-0.0759822238142533,0.02183406708672
0.7875000000000001,0.07500000000000001,-0.15418881821335795,-0.07515061399451285,0.021718633579776
0.7875000000000001,0.08750000000000001,-0.1532246792695196,-0.07431900417477237,0.021603200072832
0.7875000000000001,0.1,-0.15226054032568123,-0.0734873943550319,0.021487766565888
0.7875000000000001,0.1125,-0.1512964013818429,-0.07265578453529141,0.021372333058944
0.7875000000000001,0.125,-0.15033226243800452,-0.07182417471555096,0.021256899551999997
0.7875000000000001,0.1375,-0.14936812349416617,-0.07099256489581049,0.021141466045056
0.7875000000000001,0.15000000000000002,-0.14840398455032777,-0.07016095507607001,0.021026032538112
0.7875000000000001,0.1625,-0.14743984560648943,-0.06932934525632954,0.020910599031168
0.7875000000000001,0.17500000000000002,-0.14647570666265108,-0.06849773543658907,0.020795165524224
0.7875000000000001,0.1875,-0.1455115677188127,-0.06766612561684861,0.020679732017280003
0.7875000000000001,0.2,-0.14454742877497437,-0.06683451579710814,0.020564298510336
0.7875000000000001,0.21250000000000002,-0.14358328983113597,-0.06600290597736766,0.020448865003392
0.7875000000000001,0.225,-0.14261915088729762,-0.06517129615762719,0.020333431496448
0.7875000000000001,0.23750000000000002,-0.14165501194345922,-0.06433968633788673,0.020217997989504
0.7875000000000001,0.25,-0.1406908729996209,-0.06350807651814624,0.02010256448256
0.7875000000000001,0.2625,-0.13972673405578254,-0.06267646669840579,0.019987130975616003
0.7875000000000001,0.275,-0.1387625951119442,-0.06184485687866532,0.019871697468672
0.7875000000000001,0.28750000000000003,-0.13779845616810582,-0.061013247058924844,0.019756263961728
0.7875000000000001,0.30000000000000004,-0.13683431722426742,-0.06018163723918438,0.019640830454783997
0.7875000000000001,0.3125,-0.1358701782804291,-0.0593500274194439,0.01952539694784
0.7875000000000001,0.325,-0.1349060393365907,-0.05851841759970343,0.019409963440896
0.7875000000000001,0.3375,-0.1339419003927524,-0.05768680777996296,0.019294529933952
0.7875000000000001,0.35000000000000003,-0.132977761448914,-0.05685519796022249,0.019179096427008005
0.7875000000000001,0.36250000000000004,-0.13201362250507565,-0.05602358814048203,0.019063662920064
0.7875000000000001,0.375,-0.13104948356123727,-0.055191978320741554,0.01894822941312
0.7875000000000001,0.3875,-0.13008534461739893,-0.05436036850100109,0.018832795906176
0.7875000000000001,0.4,-0.12912120567356056,-0.05352875868126061,0.018717362399232
0.7875000000000001,0.41250000000000003,-0.1281570667297222,-0.05269714886152013,0.018601928892288
0.7875000000000001,0.42500000000000004,-0.12719292778588384,-0.05186553904177967,0.018486495385344
0.7875000000000001,0.4375,-0.1262287888420455,-0.05103392922203921,0.0183710618784
0.7875000000000001,0.45,-0.12526464989820713,-0.050202319402298745,0.018255628371456
0.7875000000000001,0.4625,-0.12430051095436873,-0.04937070958255827,0.018140194864512
0.7875000000000001,0.47500000000000003,-0.12333637201053038,-0.04853909976281779,0.018024761357567996
0.7875000000000001,0.48750000000000004,-0.12237223306669201,-0.047707489943077316,0.017909327850623998
0.7875000000000001,0.5,-0.12140809412285367,-0.046875880123336856,0.01779389434368
0.7875000000000001,0.5125000000000001,-0.1204439551790153,-0.046044270303596375,0.017678460836735996
0.7875000000000001,0.525,-0.11947981623517698,-0.045212660483855915,0.017563027329792
0.7875000000000001,0.5375,-0.11851567729133858,-0.044381050664115455,0.017447593822848
0.7875000000000001,0.55,-0.11755153834750026,-0.04354944084437497,0.017332160315904
0.7875000000000001,0.5625,-0.11658739940366186,-0.04271783102463451,0.017216726808959998
0.7875000000000001,0.5750000000000001,-0.11562326045982352,-0.041886221204894034,0.017101293302016003
0.7875000000000001,0.5875,-0.11465912151598515,-0.04105461138515356,0.016985859795072
0.7875000000000001,0.6000000000000001,-0.11369498257214675,-0.04022300156541309,0.016870426288127998
0.7875000000000001,0.6125,-0.1127308436283084,-0.03939139174567262,0.016754992781184
0.7875000000000001,0.625,-0.11176670468447003,-0.03855978192593216,0.01663955927424
0.7875000000000001,0.6375000000000001,-0.11080256574063171,-0.037728172106191685,0.016524125767295998
0.7875000000000001,0.65,-0.10983842679679331,-0.03689656228645121,0.016408692260352
0.7875000000000001,0.6625000000000001,-0.10887428785295497,-0.03606495246671074,0.016293258753408
0.7875000000000001,0.675,-0.10791014890911663,-0.035233342646970284,0.016177825246464002
0.7875000000000001,0.6875,-0.10694600996527825,-0.03440173282722981,0.01606239173952
0.7875000000000001,0.7000000000000001,-0.10598187102143988,-0.033570123007489336,0.015946958232576
0.7875000000000001,0.7125,-0.10501773207760152,-0.03273851318774886,0.015831524725632
0.7875000000000001,0.7250000000000001,-0.10405359313376317,-0.031906903368008395,0.015716091218687996
0.7875000000000001,0.7375,-0.1030894541899248,-0.031075293548267928,0.015600657711744
0.7875000000000001,0.75,-0.10212531524608646,-0.030243683728527457,0.015485224204799999
0.7875000000000001,0.7625000000000001,-0.1011611763022481,-0.029412073908786984,0.015369790697856002
0.7875000000000001,0.775,-0.10019703735840974,-0.028580464089046517,0.015254357190912001
0.7875000000000001,0.7875000000000001,-0.09923289841457136,-0.02774885426930604,0.015138923683967997
0.7875000000000001,0.8,-0.09826875947073299,-0.026917244449565576,0.015023490177023998
0.7875000000000001,0.8125,-0.09730462052689463,-0.026085634629825105,0.014908056670080001
0.7875000000000001,0.8250000000000001,-0.09634048158305626,-0.025254024810084628,0.014792623163135997
0.7875000000000001,0.8375,-0.0953763426392179,-0.024422414990344164,0.014677189656192
0.7875000000000001,0.8500000000000001,-0.09441220369537955,-0.023590805170603694,0.014561756149247998
0.7875000000000001,0.8625,-0.0934480647515412,-0.022759195350863223,0.014446322642303997
0.7875000000000001,0.875,-0.09248392580770283,-0.021927585531122756,0.014330889135359997
0.7875000000000001,0.8875000000000001,-0.09151978686386446,-0.021095975711382282,0.014215455628416
0.7875000000000001,0.9,-0.09055564792002611,-0.020264365891641815,0.014100022121472001
0.7875000000000001,0.9125000000000001,-0.08959150897618773,-0.01943275607190134,0.013984588614527997
0.7875000000000001,0.925,-0.0886273700323494,-0.018601146252160874,0.013869155107584
0.7875000000000001,0.9375,-0.08766323108851103,-0.017769536432420407,0.013753721600640003
0.7875000000000001,0.9500000000000001,-0.08669909214467267,-0.01693792661267993,0.013638288093695999
0.7875000000000001,0.9625,-0.0857349532008343,-0.016106316792939463,0.013522854586751999
0.7875000000000001,0.9750000000000001,-0.08477081425699591,-0.015274706973198987,0.013407421079808
0.7875000000000001,0.9875,-0.08380667531315757,-0.014443097153458524,0.013291987572864
0.7875000000000001,1.0,-0.08284253636931921,-0.013611487333718057,0.013176554065919999
0.8,0.0,-0.16141658379669785,-0.0814123407369708,0.02256574021632
0.8,0.0125,-0.16043722946217892,-0.08056753076136144,0.022448474431488
0.8,0.025,-0.1594578751276599,-0.07972272078575207,0.022331208646655998
0.8,0.037500000000000006,-0.15847852079314095,-0.07887791081014271,0.022213942861824
0.8,0.05,-0.157499166458622,-0.07803310083453335,0.022096677076991998
0.8,0.0625,-0.15651981212410299,-0.077188290858924,0.021979411292160002
0.8,0.07500000000000001,-0.15554045778958406,-0.07634348088331462,0.021862145507328002
0.8,0.08750000000000001,-0.15456110345506507,-0.07549867090770525,0.021744879722496002
0.8,0.1,-0.1535817491205461,-0.07465386093209589,0.021627613937664
0.8,0.1125,-0.1526023947860271,-0.0738090509564865,0.021510348152832
0.8,0.125,-0.15162304045150812,-0.07296424098087714,0.021393082368
0.8,0.1375,-0.15064368611698917,-0.0721194310052678,0.021275816583168
0.8,0.15000000000000002,-0.14966433178247018,-0.07127462102965842,0.021158550798336003
0.8,0.1625,-0.14868497744795123,-0.07042981105404905,0.021041285013504
0.8,0.17500000000000002,-0.14770562311343222,-0.06958500107843968,0.020924019228672
0.8,0.1875,-0.14672626877891326,-0.06874019110283032,0.02080675344384
0.8,0.2,-0.1457469144443943,-0.06789538112722095,0.020689487659008
0.8,0.21250000000000002,-0.14476756010987532,-0.06705057115161159,0.020572221874176
0.8,0.225,-0.14378820577535634,-0.06620576117600223,0.020454956089344
0.8,0.23750000000000002,-0.14280885144083733,-0.06536095120039286,0.020337690304512
0.8,0.25,-0.14182949710631843,-0.06451614122478348,0.020220424519679998
0.8,0.2625,-0.14085014277179947,-0.06367133124917412,0.020103158734847998
0.8,0.275,-0.13987078843728043,-0.06282652127356475,0.019985892950015998
0.8,0.28750000000000003,-0.1388914341027615,-0.061981711297955384,0.019868627165183998
0.8,0.30000000000000004,-0.13791207976824252,-0.061136901322346025,0.019751361380352
0.8,0.3125,-0.13693272543372353,-0.06029209134673665,0.019634095595520002
0.8,0.325,-0.13595337109920455,-0.05944728137112729,0.019516829810688
0.8,0.3375,-0.1349740167646856,-0.058602471395517934,0.019399564025856
0.8,0.35000000000000003,-0.1339946624301666,-0.057757661419908554,0.019282298241024
0.8,0.36250000000000004,-0.13301530809564766,-0.05691285144429919,0.019165032456192
0.8,0.375,-0.13203595376112867,-0.05606804146868982,0.01904776667136
0.8,0.3875,-0.1310565994266097,-0.05522323149308046,0.018930500886528
0.8,0.4,-0.1300772450920907,-0.054378421517471104,0.018813235101696
0.8,0.41250000000000003,-0.12909789075757175,-0.05353361154186172,0.018695969316863997
0.8,0.42500000000000004,-0.12811853642305276,-0.05268880156625236,0.018578703532032
0.8,0.4375,-0.12713918208853378,-0.05184399159064299,0.0184614377472
0.8,0.45,-0.12615982775401485,-0.05099918161503363,0.018344171962368
0.8,0.4625,-0.12518047341949587,-0.05015437163942426,0.018226906177536
0.8,0.47500000000000003,-0.12420111908497689,-0.04930956166381489,0.018109640392703998
0.8,0.48750000000000004,-0.1232217647504579,-0.04846475168820553,0.017992374607871998
0.8,0.5,-0.12224241041593892,-0.04761994171259616,0.017875108823039994
0.8,0.5125000000000001,-0.12126305608141993,-0.04677513173698679,0.017757843038207998
0.8,0.525,-0.12028370174690098,-0.045930321761377436,0.017640577253376
0.8,0.5375,-0.11930434741238204,-0.04508551178576807,0.017523311468544
0.8,0.55,-0.11832499307786302,-0.0442407018101587,0.017406045683712
0.8,0.5625,-0.11734563874334407,-0.04339589183454934,0.01728877989888
0.8,0.5750000000000001,-0.11636628440882513,-0.042551081858939965,0.017171514114048
0.8,0.5875,-0.11538693007430612,-0.041706271883330606,0.017054248329216
0.8,0.6000000000000001,-0.11440757573978713,-0.040861461907721226,0.016936982544384
0.8,0.6125,-0.11342822140526818,-0.04001665193211186,0.016819716759552
0.8,0.625,-0.1124488670707492,-0.039171841956502494,0.01670245097472
0.8,0.6375000000000001,-0.11146951273623022,-0.038327031980893135,0.016585185189887997
0.8,0.65,-0.11049015840171124,-0.03748222200528377,0.016467919405055997
0.8,0.6625000000000001,-0.10951080406719228,-0.0366374120296744,0.016350653620224
0.8,0.675,-0.10853144973267331,-0.03579260205406503,0.016233387835392
0.8,0.6875,-0.10755209539815433,-0.034947792078455664,0.01611612205056
0.8,0.7000000000000001,-0.10657274106363536,-0.034102982102846305,0.015998856265728
0.8,0.7125,-0.10559338672911639,-0.03325817212723693,0.015881590480896
0.8,0.7250000000000001,-0.1046140323945974,-0.032413362151627566,0.015764324696063998
0.8,0.7375,-0.10363467806007844,-0.03156855217601821,0.015647058911232
0.8,0.75,-0.10265532372555947,-0.03072374220040884,0.015529793126400002
0.8,0.7625000000000001,-0.10167596939104047,-0.02987893222479947,0.015412527341567998
0.8,0.775,-0.10069661505652153,-0.02903412224919011,0.015295261556736
0.8,0.7875000000000001,-0.09971726072200254,-0.028189312273580732,0.015177995771903999
0.8,0.8,-0.09873790638748359,-0.027344502297971373,0.015060729987071997
0.8,0.8125,-0.0977585520529646,-0.026499692322362007,0.014943464202239997
0.8,0.8250000000000001,-0.09677919771844562,-0.025654882346752634,0.014826198417408001
0.8,0.8375,-0.09579984338392665,-0.024810072371143275,0.014708932632576
0.8,0.8500000000000001,-0.09482048904940768,-0.023965262395533905,0.014591666847744
0.8,0.8625,-0.09384113471488872,-0.02312045241992454,0.014474401062912002
0.8,0.875,-0.09286178038036974,-0.022275642444315177,0.01435713527808
0.8,0.8875000000000001,-0.09188242604585076,-0.021430832468705807,0.014239869493247995
0.8,0.9,-0.09090307171133179,-0.020586022493096445,0.014122603708416
0.8,0.9125000000000001,-0.0899237173768128,-0.019741212517487075,0.014005337923583999
0.8,0.925,-0.08894436304229383,-0.01889640254187771,0.013888072138751997
0.8,0.9375,-0.08796500870777486,-0.018051592566268346,0.01377080635392
0.8,0.9500000000000001,-0.0869856543732559,-0.017206782590658973,0.013653540569087998
0.8,0.9625,-0.08600630003873691,-0.01636197261504961,0.013536274784255998
0.8,0.9750000000000001,-0.08502694570421795,-0.01551716263944024,0.013419008999424002
0.8,0.9875,-0.08404759136969898,-0.014672352663830879,0.013301743214592002
0.8,1.0,-0.08306823703518,-0.013827542688221514,0.01318447742976
0.8125,0.0,-0.16285951571700763,-0.08268440856098598,0.0227202458112
0.8125,0.0125,-0.16186494599180803,-0.0818263984295077,0.022601147748479995
0.8125,0.025,-0.1608703762666085,-0.08096838829802945,0.02248204968576
0.8125,0.037500000000000006,-0.15987580654140893,-0.08011037816655119,0.022362951623040004
0.8125,0.05,-0.15888123681620928,-0.07925236803507292,0.02224385356032
0.8125,0.0625,-0.1578866670910097,-0.07839435790359466,0.0221247554976
0.8125,0.07500000000000001,-0.1568920973658101,-0.07753634777211639,0.02200565743488
0.8125,0.08750000000000001,-0.15589752764061054,-0.07667833764063814,0.02188655937216
0.8125,0.1,-0.15490295791541095,-0.07582032750915989,0.02176746130944
0.8125,0.1125,-0.15390838819021135,-0.07496231737768161,0.02164836324672
0.8125,0.125,-0.15291381846501179,-0.07410430724620336,0.021529265183999998
0.8125,0.1375,-0.15191924873981222,-0.07324629711472509,0.02141016712128
0.8125,0.15000000000000002,-0.15092467901461262,-0.07238828698324683,0.02129106905856
0.8125,0.1625,-0.14993010928941303,-0.07153027685176856,0.021171970995839996
0.8125,0.17500000000000002,-0.14893553956421346,-0.0706722667202903,0.02105287293312
0.8125,0.1875,-0.14794096983901386,-0.06981425658881203,0.020933774870399997
0.8125,0.2,-0.14694640011381427,-0.06895624645733378,0.02081467680768
0.8125,0.21250000000000002,-0.14595183038861467,-0.06809823632585552,0.02069557874496
0.8125,0.225,-0.14495726066341502,-0.06724022619437725,0.02057648068224
0.8125,0.23750000000000002,-0.1439626909382155,-0.066382216062899,0.02045738261952
0.8125,0.25,-0.14296812121301591,-0.06552420593142072,0.0203382845568
0.8125,0.2625,-0.14197355148781632,-0.06466619579994246,0.020219186494079996
0.8125,0.275,-0.14097898176261675,-0.0638081856684642,0.02010008843136
0.8125,0.28750000000000003,-0.13998441203741716,-0.06295017553698593,0.01998099036864
0.8125,0.30000000000000004,-0.13898984231221756,-0.06209216540550768,0.01986189230592
0.8125,0.3125,-0.13799527258701796,-0.06123415527402942,0.0197427942432
0.8125,0.325,-0.1370007028618184,-0.06037614514255116,0.01962369618048
0.8125,0.3375,-0.13600613313661886,-0.05951813501107289,0.019504598117759998
0.8125,0.35000000000000003,-0.1350115634114192,-0.05866012487959463,0.01938550005504
0.8125,0.36250000000000004,-0.1340169936862196,-0.05780211474811637,0.01926640199232
0.8125,0.375,-0.13302242396102004,-0.05694410461663811,0.019147303929599995
0.8125,0.3875,-0.13202785423582047,-0.056086094485159846,0.01902820586688
0.8125,0.4,-0.13103328451062088,-0.05522808435368157,0.01890910780416
0.8125,0.41250000000000003,-0.13003871478542128,-0.05437007422220331,0.018790009741439996
0.8125,0.42500000000000004,-0.12904414506022172,-0.05351206409072505,0.01867091167872
0.8125,0.4375,-0.12804957533502218,-0.0526540539592468,0.018551813616
0.8125,0.45,-0.12705500560982255,-0.051796043827768534,0.01843271555328
0.8125,0.4625,-0.12606043588462296,-0.05093803369629027,0.01831361749056
0.8125,0.47500000000000003,-0.1250658661594234,-0.05008002356481199,0.01819451942784
0.8125,0.48750000000000004,-0.12407129643422382,-0.04922201343333373,0.01807542136512
0.8125,0.5,-0.1230767267090242,-0.04836400330185547,0.0179563233024
0.8125,0.5125000000000001,-0.1220821569838246,-0.04750599317037721,0.017837225239679996
0.8125,0.525,-0.12108758725862505,-0.04664798303889895,0.017718127176960002
0.8125,0.5375,-0.12009301753342547,-0.04578997290742069,0.017599029114239998
0.8125,0.55,-0.11909844780822584,-0.04493196277594242,0.017479931051519997
0.8125,0.5625,-0.11810387808302629,-0.04407395264446417,0.0173608329888
0.8125,0.5750000000000001,-0.1171093083578267,-0.04321594251298589,0.01724173492608
0.8125,0.5875,-0.11611473863262711,-0.04235793238150764,0.017122636863359998
0.8125,0.6000000000000001,-0.11512016890742752,-0.041499922250029374,0.01700353880064
0.8125,0.6125,-0.11412559918222792,-0.04064191211855111,0.01688444073792
0.8125,0.625,-0.11313102945702834,-0.03978390198707286,0.0167653426752
0.8125,0.6375000000000001,-0.11213645973182879,-0.038925891855594585,0.01664624461248
0.8125,0.65,-0.11114189000662916,-0.03806788172411633,0.01652714654976
0.8125,0.6625000000000001,-0.11014732028142957,-0.03720987159263806,0.01640804848704
0.8125,0.675,-0.10915275055622999,-0.0363518614611598,0.01628895042432
0.8125,0.6875,-0.1081581808310304,-0.035493851329681546,0.0161698523616
0.8125,0.7000000000000001,-0.10716361110583084,-0.03463584119820328,0.01605075429888
0.8125,0.7125,-0.10616904138063125,-0.033777831066725016,0.01593165623616
0.8125,0.7250000000000001,-0.10517447165543166,-0.03291982093524675,0.01581255817344
0.8125,0.7375,-0.10417990193023209,-0.03206181080376849,0.01569346011072
0.8125,0.75,-0.1031853322050325,-0.031203800672290224,0.015574362048
0.8125,0.7625000000000001,-0.1021907624798329,-0.03034579054081196,0.015455263985279999
0.8125,0.775,-0.1011961927546333,-0.0294877804093337,0.01533616592256
0.8125,0.7875000000000001,-0.10020162302943374,-0.028629770277855432,0.015217067859839999
0.8125,0.8,-0.09920705330423414,-0.027771760146377177,0.01509796979712
0.8125,0.8125,-0.09821248357903456,-0.026913750014898912,0.0149788717344
0.8125,0.8250000000000001,-0.09721791385383498,-0.026055739883420644,0.01485977367168
0.8125,0.8375,-0.0962233441286354,-0.025197729751942385,0.014740675608959997
0.8125,0.8500000000000001,-0.0952287744034358,-0.02433971962046412,0.01462157754624
0.8125,0.8625,-0.09423420467823623,-0.02348170948898586,0.01450247948352
0.8125,0.875,-0.09323963495303665,-0.0226236993575076,0.0143833814208
0.8125,0.8875000000000001,-0.09224506522783706,-0.021765689226029332,0.014264283358079997
0.8125,0.9,-0.09125049550263747,-0.020907679094551074,0.014145185295359998
0.8125,0.9125000000000001,-0.09025592577743789,-0.02004966896307281,0.01402608723264
0.8125,0.925,-0.08926135605223828,-0.019191658831594547,0.013906989169919998
0.8125,0.9375,-0.08826678632703872,-0.01833364870011629,0.0137878911072
0.8125,0.9500000000000001,-0.08727221660183912,-0.017475638568638024,0.013668793044479998
0.8125,0.9625,-0.08627764687663955,-0.016617628437159762,0.01354969498176
0.8125,0.9750000000000001,-0.08528307715143996,-0.015759618305681494,0.013430596919039998
0.8125,0.9875,-0.08428850742624037,-0.014901608174203237,0.013311498856319999
0.8125,1.0,-0.08329393770104078,-0.014043598042724975,0.013192400793599998
0.8250000000000001,0.0,-0.16430244763731738,-0.08395647638500116,0.02287475140608
0.8250000000000001,0.0125,-0.1632926625214372,-0.083085266097654,0.022753821065472
0.8250000000000001,0.025,-0.162282877405557,-0.08221405581030683,0.022632890724864005
0.8250000000000001,0.037500000000000006,-0.16127309228967682,-0.08134284552295967,0.022511960384256003
0.8250000000000001,0.05,-0.1602633071737966,-0.08047163523561252,0.022391030043648
0.8250000000000001,0.0625,-0.1592535220579164,-0.07960042494826537,0.02227009970304
0.8250000000000001,0.07500000000000001,-0.15824373694203617,-0.07872921466091821,0.022149169362432
0.8250000000000001,0.08750000000000001,-0.157233951826156,-0.07785800437357104,0.022028239021824002
0.8250000000000001,0.1,-0.15622416671027584,-0.07698679408622389,0.021907308681216
0.8250000000000001,0.1125,-0.15521438159439563,-0.07611558379887672,0.021786378340608
0.8250000000000001,0.125,-0.15420459647851542,-0.07524437351152956,0.021665448
0.8250000000000001,0.1375,-0.1531948113626352,-0.07437316322418241,0.021544517659392
0.8250000000000001,0.15000000000000002,-0.152185026246755,-0.07350195293683526,0.021423587318784
0.8250000000000001,0.1625,-0.1511752411308748,-0.07263074264948809,0.021302656978175998
0.8250000000000001,0.17500000000000002,-0.1501654560149946,-0.07175953236214092,0.021181726637567996
0.8250000000000001,0.1875,-0.14915567089911447,-0.07088832207479377,0.021060796296959998
0.8250000000000001,0.2,-0.14814588578323423,-0.07001711178744661,0.020939865956352
0.8250000000000001,0.21250000000000002,-0.14713610066735403,-0.06914590150009944,0.020818935615743998
0.8250000000000001,0.225,-0.14612631555147382,-0.0682746912127523,0.020698005275136
0.8250000000000001,0.23750000000000002,-0.14511653043559364,-0.06740348092540513,0.020577074934527997
0.8250000000000001,0.25,-0.1441067453197134,-0.06653227063805797,0.020456144593920002
0.8250000000000001,0.2625,-0.14309696020383322,-0.06566106035071081,0.020335214253312
0.8250000000000001,0.275,-0.14208717508795304,-0.06478985006336366,0.020214283912704
0.8250000000000001,0.28750000000000003,-0.14107738997207284,-0.06391863977601649,0.020093353572096
0.8250000000000001,0.30000000000000004,-0.14006760485619268,-0.06304742948866934,0.019972423231488
0.8250000000000001,0.3125,-0.13905781974031245,-0.06217621920132217,0.01985149289088
0.8250000000000001,0.325,-0.13804803462443224,-0.06130500891397503,0.019730562550271998
0.8250000000000001,0.3375,-0.13703824950855203,-0.06043379862662787,0.019609632209663996
0.8250000000000001,0.35000000000000003,-0.13602846439267188,-0.05956258833928069,0.019488701869056
0.8250000000000001,0.36250000000000004,-0.13501867927679168,-0.05869137805193355,0.019367771528448
0.8250000000000001,0.375,-0.13400889416091147,-0.057820167764586386,0.01924684118784
0.8250000000000001,0.3875,-0.13299910904503126,-0.05694895747723923,0.019125910847232
0.8250000000000001,0.4,-0.13198932392915105,-0.05607774718989207,0.019004980506623997
0.8250000000000001,0.41250000000000003,-0.13097953881327085,-0.055206536902544893,0.018884050166015996
0.8250000000000001,0.42500000000000004,-0.12996975369739064,-0.054335326615197736,0.018763119825407997
0.8250000000000001,0.4375,-0.1289599685815105,-0.0534641163278506,0.018642189484800002
0.8250000000000001,0.45,-0.1279501834656303,-0.05259290604050344,0.018521259144192004
0.8250000000000001,0.4625,-0.1269403983497501,-0.05172169575315627,0.018400328803584002
0.8250000000000001,0.47500000000000003,-0.1259306132338699,-0.05085048546580911,0.018279398462976
0.8250000000000001,0.48750000000000004,-0.12492082811798967,-0.04997927517846195,0.018158468122367998
0.8250000000000001,0.5,-0.12391104300210948,-0.04910806489111479,0.01803753778176
0.8250000000000001,0.5125000000000001,-0.12290125788622926,-0.04823685460376763,0.017916607441151998
0.8250000000000001,0.525,-0.12189147277034909,-0.04736564431642048,0.017795677100544
0.8250000000000001,0.5375,-0.12088168765446891,-0.04649443402907333,0.017674746759936
0.8250000000000001,0.55,-0.11987190253858869,-0.04562322374172616,0.017553816419328
0.8250000000000001,0.5625,-0.1188621174227085,-0.04475201345437901,0.01743288607872
0.8250000000000001,0.5750000000000001,-0.11785233230682826,-0.04388080316703183,0.017311955738112
0.8250000000000001,0.5875,-0.11684254719094808,-0.043009592879684685,0.017191025397503997
0.8250000000000001,0.6000000000000001,-0.11583276207506787,-0.042138382592337514,0.017070095056896
0.8250000000000001,0.6125,-0.11482297695918771,-0.041267172304990364,0.016949164716288
0.8250000000000001,0.625,-0.11381319184330752,-0.04039596201764321,0.01682823437568
0.8250000000000001,0.6375000000000001,-0.11280340672742731,-0.03952475173029604,0.016707304035072
0.8250000000000001,0.65,-0.11179362161154711,-0.038653541442948885,0.016586373694464
0.8250000000000001,0.6625000000000001,-0.1107838364956669,-0.03778233115560173,0.016465443353856003
0.8250000000000001,0.675,-0.10977405137978673,-0.03691112086825457,0.016344513013248
0.8250000000000001,0.6875,-0.10876426626390652,-0.036039910580907414,0.01622358267264
0.8250000000000001,0.7000000000000001,-0.10775448114802631,-0.03516870029356026,0.016102652332032
0.8250000000000001,0.7125,-0.10674469603214613,-0.034297490006213086,0.015981721991424
0.8250000000000001,0.7250000000000001,-0.10573491091626593,-0.03342627971886593,0.015860791650816
0.8250000000000001,0.7375,-0.10472512580038573,-0.03255506943151878,0.015739861310208
0.8250000000000001,0.75,-0.10371534068450554,-0.031683859144171614,0.015618930969599997
0.8250000000000001,0.7625000000000001,-0.10270555556862533,-0.030812648856824453,0.015498000628991999
0.8250000000000001,0.775,-0.10169577045274514,-0.0299414385694773,0.015377070288383999
0.8250000000000001,0.7875000000000001,-0.10068598533686493,-0.029070228282130135,0.015256139947776
0.8250000000000001,0.8,-0.09967620022098474,-0.028199017994782975,0.015135209607168002
0.8250000000000001,0.8125,-0.09866641510510454,-0.02732780770743582,0.01501427926656
0.8250000000000001,0.8250000000000001,-0.09765662998922432,-0.026456597420088657,0.014893348925952
0.8250000000000001,0.8375,-0.09664684487334416,-0.025585387132741503,0.014772418585343998
0.8250000000000001,0.8500000000000001,-0.09563705975746395,-0.024714176845394342,0.014651488244735996
0.8250000000000001,0.8625,-0.09462727464158376,-0.02384296655804718,0.014530557904128001
0.8250000000000001,0.875,-0.09361748952570355,-0.022971756270700024,0.014409627563519998
0.8250000000000001,0.8875000000000001,-0.09260770440982334,-0.022100545983352864,0.014288697222912003
0.8250000000000001,0.9,-0.09159791929394316,-0.021229335696005706,0.014167766882304
0.8250000000000001,0.9125000000000001,-0.09058813417806295,-0.020358125408658542,0.014046836541695999
0.8250000000000001,0.925,-0.08957834906218276,-0.019486915121311385,0.013925906201087999
0.8250000000000001,0.9375,-0.08856856394630258,-0.018615704833964235,0.013804975860479997
0.8250000000000001,0.9500000000000001,-0.08755877883042235,-0.01774449454661707,0.013684045519871998
0.8250000000000001,0.9625,-0.08654899371454217,-0.01687328425926991,0.013563115179264
0.8250000000000001,0.9750000000000001,-0.08553920859866196,-0.016002073971922746,0.013442184838655998
0.8250000000000001,0.9875,-0.08452942348278178,-0.015130863684575594,0.013321254498048002
0.8250000000000001,1.0,-0.08351963836690157,-0.014259653397228437,0.01320032415744
0.8375,0.0,-0.16574537955762716,-0.08522854420901632,0.023029257000959997
0.8375,0.0125,-0.16472037905106635,-0.08434413376580027,0.022906494382463997
0.8375,0.025,-0.16369537854450555,-0.08345972332258422,0.022783731763967998
0.8375,0.037500000000000006,-0.1626703780379447,-0.08257531287936815,0.022660969145472
0.8375,0.05,-0.16164537753138392,-0.08169090243615211,0.022538206526976
0.8375,0.0625,-0.1606203770248231,-0.08080649199293605,0.02241544390848
0.8375,0.07500000000000001,-0.15959537651826225,-0.07992208154971998,0.022292681289984
0.8375,0.08750000000000001,-0.15857037601170149,-0.07903767110650393,0.022169918671488
0.8375,0.1,-0.1575453755051407,-0.07815326066328789,0.022047156052992
0.8375,0.1125,-0.15652037499857985,-0.07726885022007184,0.021924393434496
0.8375,0.125,-0.15549537449201906,-0.07638443977685577,0.021801630816
0.8375,0.1375,-0.1544703739854582,-0.07550002933363971,0.021678868197504003
0.8375,0.15000000000000002,-0.15344537347889745,-0.07461561889042366,0.021556105579008
0.8375,0.1625,-0.15242037297233663,-0.07373120844720761,0.021433342960512
0.8375,0.17500000000000002,-0.1513953724657758,-0.07284679800399153,0.021310580342015998
0.8375,0.1875,-0.150370371959215,-0.07196238756077548,0.02118781772352
0.8375,0.2,-0.14934537145265417,-0.07107797711755945,0.021065055105024
0.8375,0.21250000000000002,-0.14832037094609335,-0.07019356667434337,0.020942292486527996
0.8375,0.225,-0.14729537043953259,-0.06930915623112734,0.020819529868032
0.8375,0.23750000000000002,-0.14627036993297177,-0.06842474578791127,0.020696767249535997
0.8375,0.25,-0.14524536942641098,-0.06754033534469521,0.020574004631039998
0.8375,0.2625,-0.14422036891985013,-0.06665592490147916,0.020451242012544
0.8375,0.275,-0.1431953684132893,-0.0657715144582631,0.020328479394048
0.8375,0.28750000000000003,-0.14217036790672855,-0.06488710401504705,0.020205716775552
0.8375,0.30000000000000004,-0.1411453674001677,-0.064002693571831,0.020082954157056
0.8375,0.3125,-0.1401203668936069,-0.06311828312861494,0.01996019153856
0.8375,0.325,-0.1390953663870461,-0.062233872685398886,0.019837428920064
0.8375,0.3375,-0.13807036588048527,-0.06134946224218283,0.019714666301568002
0.8375,0.35000000000000003,-0.1370453653739245,-0.060465051798966774,0.019591903683072
0.8375,0.36250000000000004,-0.13602036486736369,-0.05958064135575072,0.019469141064576
0.8375,0.375,-0.13499536436080284,-0.05869623091253467,0.019346378446080004
0.8375,0.3875,-0.13397036385424207,-0.05781182046931861,0.019223615827584
0.8375,0.4,-0.13294536334768123,-0.05692741002610256,0.019100853209088
0.8375,0.41250000000000003,-0.13192036284112044,-0.05604299958288649,0.018978090590591995
0.8375,0.42500000000000004,-0.1308953623345596,-0.055158589139670436,0.018855327972096
0.8375,0.4375,-0.1298703618279988,-0.05427417869645439,0.0187325653536
0.8375,0.45,-0.128845361321438,-0.053389768253238344,0.018609802735104
0.8375,0.4625,-0.1278203608148772,-0.052505357810022274,0.018487040116608
0.8375,0.47500000000000003,-0.12679536030831637,-0.05162094736680622,0.018364277498111998
0.8375,0.48750000000000004,-0.12577035980175558,-0.050736536923590154,0.018241514879616
0.8375,0.5,-0.12474535929519476,-0.04985212648037411,0.01811875226112
0.8375,0.5125000000000001,-0.12372035878863395,-0.04896771603715804,0.017995989642623996
0.8375,0.525,-0.12269535828207312,-0.048083305593942006,0.017873227024128
0.8375,0.5375,-0.12167035777551231,-0.04719889515072595,0.017750464405631997
0.8375,0.55,-0.12064535726895151,-0.04631448470750989,0.017627701787135998
0.8375,0.5625,-0.1196203567623907,-0.04543007426429384,0.01750493916864
0.8375,0.5750000000000001,-0.1185953562558299,-0.044545663821077774,0.017382176550144
0.8375,0.5875,-0.11757035574926906,-0.04366125337786172,0.017259413931648
0.8375,0.6000000000000001,-0.11654535524270826,-0.04277684293464566,0.017136651313152
0.8375,0.6125,-0.11552035473614748,-0.041892432491429606,0.017013888694655997
0.8375,0.625,-0.11449535422958665,-0.041008022048213556,0.01689112607616
0.8375,0.6375000000000001,-0.11347035372302584,-0.0401236116049975,0.016768363457664002
0.8375,0.65,-0.11244535321646504,-0.039239201161781444,0.016645600839168
0.8375,0.6625000000000001,-0.11142035270990423,-0.038354790718565394,0.016522838220672003
0.8375,0.675,-0.1103953522033434,-0.03747038027534933,0.016400075602176
0.8375,0.6875,-0.1093703516967826,-0.03658596983213328,0.016277312983679997
0.8375,0.7000000000000001,-0.10834535119022179,-0.035701559388917226,0.016154550365184
0.8375,0.7125,-0.107320350683661,-0.03481714894570117,0.016031787746687995
0.8375,0.7250000000000001,-0.10629535017710018,-0.03393273850248511,0.015909025128192
0.8375,0.7375,-0.10527034967053936,-0.03304832805926906,0.015786262509696
0.8375,0.75,-0.10424534916397854,-0.03216391761605301,0.0156634998912
0.8375,0.7625000000000001,-0.10322034865741772,-0.03127950717283695,0.015540737272704
0.8375,0.775,-0.10219534815085693,-0.03039509672962089,0.015417974654208
0.8375,0.7875000000000001,-0.10117034764429614,-0.029510686286404828,0.015295212035712
0.8375,0.8,-0.10014534713773532,-0.028626275843188782,0.015172449417216
0.8375,0.8125,-0.0991203466311745,-0.02774186539997273,0.015049686798719998
0.8375,0.8250000000000001,-0.09809534612461368,-0.026857454956756663,0.014926924180223998
0.8375,0.8375,-0.0970703456180529,-0.025973044513540617,0.014804161561728002
0.8375,0.8500000000000001,-0.09604534511149207,-0.025088634070324557,0.014681398943231996
0.8375,0.8625,-0.09502034460493128,-0.024204223627108504,0.014558636324735997
0.8375,0.875,-0.09399534409837046,-0.023319813183892455,0.01443587370624
0.8375,0.8875000000000001,-0.09297034359180964,-0.02243540274067639,0.014313111087743998
0.8375,0.9,-0.09194534308524883,-0.021550992297460343,0.014190348469248002
0.8375,0.9125000000000001,-0.090920342578688,-0.02066658185424428,0.014067585850751997
0.8375,0.925,-0.08989534207212721,-0.019782171411028227,0.013944823232256
0.8375,0.9375,-0.08887034156556639,-0.018897760967812177,0.013822060613760002
0.8375,0.9500000000000001,-0.0878453410590056,-0.018013350524596114,0.013699297995263995
0.8375,0.9625,-0.08682034055244481,-0.01712894008138006,0.013576535376768
0.8375,0.9750000000000001,-0.08579534004588399,-0.016244529638164,0.013453772758272
0.8375,0.9875,-0.08477033953932317,-0.015360119194947952,0.013331010139775999
0.8375,1.0,-0.08374533903276235,-0.014475708751731898,0.013208247521280001
0.8500000000000001,0.0,-0.16718831147793692,-0.0865006120330315,0.023183762595840002
0.8500000000000001,0.0125,-0.16614809558069552,-0.08560300143394653,0.023059167699456002
0.8500000000000001,0.025,-0.16510787968345408,-0.08470539083486159,0.022934572803072
0.8500000000000001,0.037500000000000006,-0.16406766378621268,-0.08380778023577665,0.022809977906687998
0.8500000000000001,0.05,-0.16302744788897122,-0.08291016963669169,0.022685383010304
0.8500000000000001,0.0625,-0.16198723199172982,-0.08201255903760675,0.02256078811392
0.8500000000000001,0.07500000000000001,-0.1609470160944884,-0.0811149484385218,0.022436193217536
0.8500000000000001,0.08750000000000001,-0.15990680019724696,-0.08021733783943684,0.022311598321152
0.8500000000000001,0.1,-0.15886658430000555,-0.0793197272403519,0.022187003424768002
0.8500000000000001,0.1125,-0.1578263684027641,-0.07842211664126693,0.022062408528384
0.8500000000000001,0.125,-0.1567861525055227,-0.07752450604218197,0.021937813632
0.8500000000000001,0.1375,-0.1557459366082813,-0.07662689544309703,0.021813218735616
0.8500000000000001,0.15000000000000002,-0.15470572071103983,-0.07572928484401206,0.021688623839232
0.8500000000000001,0.1625,-0.15366550481379845,-0.07483167424492712,0.021564028942848
0.8500000000000001,0.17500000000000002,-0.152625288916557,-0.07393406364584215,0.021439434046464
0.8500000000000001,0.1875,-0.1515850730193156,-0.07303645304675722,0.02131483915008
0.8500000000000001,0.2,-0.15054485712207413,-0.07213884244767227,0.021190244253696
0.8500000000000001,0.21250000000000002,-0.14950464122483273,-0.07124123184858731,0.021065649357312
0.8500000000000001,0.225,-0.14846442532759133,-0.07034362124950236,0.020941054460928
0.8500000000000001,0.23750000000000002,-0.1474242094303499,-0.06944601065041742,0.020816459564544
0.8500000000000001,0.25,-0.14638399353310844,-0.06854840005133246,0.02069186466816
0.8500000000000001,0.2625,-0.145343777635867,-0.0676507894522475,0.020567269771776
0.8500000000000001,0.275,-0.14430356173862563,-0.06675317885316255,0.020442674875391996
0.8500000000000001,0.28750000000000003,-0.14326334584138423,-0.0658555682540776,0.020318079979008002
0.8500000000000001,0.30000000000000004,-0.14222312994414277,-0.06495795765499265,0.020193485082624
0.8500000000000001,0.3125,-0.14118291404690136,-0.06406034705590771,0.02006889018624
0.8500000000000001,0.325,-0.14014269814965993,-0.06316273645682274,0.019944295289856
0.8500000000000001,0.3375,-0.13910248225241853,-0.06226512585773781,0.019819700393472
0.8500000000000001,0.35000000000000003,-0.1380622663551771,-0.06136751525865285,0.019695105497088
0.8500000000000001,0.36250000000000004,-0.13702205045793564,-0.060469904659567884,0.019570510600704
0.8500000000000001,0.375,-0.13598183456069426,-0.05957229406048295,0.019445915704320003
0.8500000000000001,0.3875,-0.13494161866345283,-0.05867468346139799,0.019321320807935995
0.8500000000000001,0.4,-0.13390140276621137,-0.05777707286231304,0.019196725911552
0.8500000000000001,0.41250000000000003,-0.13286118686896997,-0.056879462263228084,0.019072131015167998
0.8500000000000001,0.42500000000000004,-0.13182097097172854,-0.05598185166414314,0.018947536118784
0.8500000000000001,0.4375,-0.13078075507448714,-0.055084241065058194,0.0188229412224
0.8500000000000001,0.45,-0.12974053917724573,-0.05418663046597324,0.018698346326016003
0.8500000000000001,0.4625,-0.12870032328000428,-0.053289019866888276,0.018573751429632
0.8500000000000001,0.47500000000000003,-0.12766010738276287,-0.05239140926780332,0.018449156533248003
0.8500000000000001,0.48750000000000004,-0.12661989148552144,-0.051493798668718366,0.018324561636864
0.8500000000000001,0.5,-0.12557967558828004,-0.05059618806963343,0.018199966740479998
0.8500000000000001,0.5125000000000001,-0.12453945969103863,-0.04969857747054847,0.018075371844095998
0.8500000000000001,0.525,-0.12349924379379719,-0.04880096687146352,0.017950776947712
0.8500000000000001,0.5375,-0.12245902789655577,-0.04790335627237858,0.017826182051328004
0.8500000000000001,0.55,-0.1214188119993143,-0.04700574567329362,0.017701587154944
0.8500000000000001,0.5625,-0.12037859610207292,-0.04610813507420867,0.01757699225856
0.8500000000000001,0.5750000000000001,-0.11933838020483148,-0.04521052447512371,0.017452397362176
0.8500000000000001,0.5875,-0.11829816430759006,-0.044312913876038765,0.017327802465792002
0.8500000000000001,0.6000000000000001,-0.11725794841034864,-0.043415303276953816,0.017203207569407998
0.8500000000000001,0.6125,-0.11621773251310721,-0.04251769267786886,0.017078612673023998
0.8500000000000001,0.625,-0.1151775166158658,-0.04162008207878392,0.016954017776639997
0.8500000000000001,0.6375000000000001,-0.11413730071862438,-0.04072247147969896,0.016829422880256
0.8500000000000001,0.65,-0.11309708482138295,-0.03982486088061401,0.016704827983872
0.8500000000000001,0.6625000000000001,-0.11205686892414154,-0.038927250281529054,0.016580233087488003
0.8500000000000001,0.675,-0.11101665302690009,-0.038029639682444105,0.016455638191104
0.8500000000000001,0.6875,-0.1099764371296587,-0.03713202908335915,0.01633104329472
0.8500000000000001,0.7000000000000001,-0.10893622123241725,-0.036234418484274195,0.016206448398336
0.8500000000000001,0.7125,-0.10789600533517586,-0.035336807885189246,0.016081853501951997
0.8500000000000001,0.7250000000000001,-0.10685578943793442,-0.03443919728610429,0.015957258605567997
0.8500000000000001,0.7375,-0.10581557354069301,-0.03354158668701935,0.015832663709183997
0.8500000000000001,0.75,-0.10477535764345158,-0.032643976087934394,0.0157080688128
0.8500000000000001,0.7625000000000001,-0.10373514174621015,-0.03174636548884943,0.015583473916415997
0.8500000000000001,0.775,-0.10269492584896875,-0.030848754889764487,0.015458879020032
0.8500000000000001,0.7875000000000001,-0.1016547099517273,-0.02995114429067953,0.015334284123647998
0.8500000000000001,0.8,-0.10061449405448591,-0.029053533691594587,0.015209689227264
0.8500000000000001,0.8125,-0.09957427815724446,-0.028155923092509635,0.015085094330879999
0.8500000000000001,0.8250000000000001,-0.09853406226000304,-0.027258312493424672,0.014960499434495999
0.8500000000000001,0.8375,-0.09749384636276162,-0.026360701894339734,0.014835904538112
0.8500000000000001,0.8500000000000001,-0.09645363046552022,-0.025463091295254776,0.014711309641728
0.8500000000000001,0.8625,-0.09541341456827877,-0.024565480696169827,0.014586714745344
0.8500000000000001,0.875,-0.09437319867103737,-0.02366787009708488,0.01446211984896
0.8500000000000001,0.8875000000000001,-0.09333298277379593,-0.02277025949799992,0.014337524952576
0.8500000000000001,0.9,-0.09229276687655452,-0.021872648898914975,0.014212930056191998
0.8500000000000001,0.9125000000000001,-0.09125255097931309,-0.020975038299830016,0.014088335159807997
0.8500000000000001,0.925,-0.09021233508207167,-0.020077427700745068,0.013963740263423998
0.8500000000000001,0.9375,-0.08917211918483023,-0.019179817101660123,0.013839145367039998
0.8500000000000001,0.9500000000000001,-0.08813190328758885,-0.01828220650257516,0.013714550470656
0.8500000000000001,0.9625,-0.08709168739034742,-0.017384595903490212,0.013589955574271999
0.8500000000000001,0.9750000000000001,-0.08605147149310599,-0.016486985304405254,0.013465360677887998
0.8500000000000001,0.9875,-0.08501125559586456,-0.015589374705320309,0.013340765781504001
0.8500000000000001,1.0,-0.08397103969862316,-0.014691764106235359,0.01321617088512
0.8625,0.0,-0.16863124339824667,-0.08777267985704666,0.023338268190719998
0.8625,0.0125,-0.1675758121103246,-0.08686186910209281,0.023211841016448
0.8625,0.025,-0.1665203808224026,-0.08595105834713897,0.023085413842175998
0.8625,0.037500000000000006,-0.16546494953448057,-0.08504024759218512,0.022958986667904
0.8625,0.05,-0.16440951824655853,-0.08412943683723126,0.022832559493632
0.8625,0.0625,-0.1633540869586365,-0.08321862608227744,0.02270613231936
0.8625,0.07500000000000001,-0.16229865567071444,-0.08230781532732358,0.022579705145087996
0.8625,0.08750000000000001,-0.16124322438279243,-0.08139700457236973,0.022453277970816
0.8625,0.1,-0.1601877930948704,-0.0804861938174159,0.022326850796544
0.8625,0.1125,-0.15913236180694837,-0.07957538306246202,0.022200423622271998
0.8625,0.125,-0.15807693051902633,-0.07866457230750817,0.022073996448
0.8625,0.1375,-0.15702149923110428,-0.07775376155255434,0.021947569273728
0.8625,0.15000000000000002,-0.15596606794318224,-0.07684295079760049,0.021821142099456
0.8625,0.1625,-0.15491063665526023,-0.07593214004264663,0.021694714925184003
0.8625,0.17500000000000002,-0.15385520536733818,-0.07502132928769278,0.021568287750911998
0.8625,0.1875,-0.15279977407941614,-0.07411051853273895,0.021441860576640003
0.8625,0.2,-0.1517443427914941,-0.07319970777778509,0.021315433402367998
0.8625,0.21250000000000002,-0.1506889115035721,-0.07228889702283124,0.021189006228096
0.8625,0.225,-0.14963348021565004,-0.07137808626787741,0.021062579053824002
0.8625,0.23750000000000002,-0.148578048927728,-0.07046727551292355,0.020936151879552
0.8625,0.25,-0.14752261763980598,-0.0695564647579697,0.020809724705280003
0.8625,0.2625,-0.14646718635188397,-0.06864565400301587,0.020683297531008
0.8625,0.275,-0.14541175506396192,-0.067734843248062,0.020556870356736
0.8625,0.28750000000000003,-0.1443563237760399,-0.06682403249310816,0.020430443182464002
0.8625,0.30000000000000004,-0.14330089248811784,-0.06591322173815431,0.020304016008192
0.8625,0.3125,-0.14224546120019582,-0.06500241098320046,0.020177588833920002
0.8625,0.325,-0.14119002991227378,-0.06409160022824661,0.020051161659647997
0.8625,0.3375,-0.14013459862435174,-0.06318078947329277,0.019924734485376003
0.8625,0.35000000000000003,-0.13907916733642972,-0.06226997871833891,0.019798307311104
0.8625,0.36250000000000004,-0.13802373604850768,-0.06135916796338507,0.019671880136832
0.8625,0.375,-0.13696830476058564,-0.06044835720843121,0.019545452962560002
0.8625,0.3875,-0.13591287347266362,-0.05953754645347738,0.019419025788288
0.8625,0.4,-0.13485744218474155,-0.05862673569852352,0.019292598614016
0.8625,0.41250000000000003,-0.13380201089681953,-0.05771592494356966,0.019166171439744
0.8625,0.42500000000000004,-0.13274657960889752,-0.05680511418861583,0.019039744265471996
0.8625,0.4375,-0.13169114832097548,-0.05589430343366199,0.0189133170912
0.8625,0.45,-0.13063571703305343,-0.05498349267870814,0.018786889916928
0.8625,0.4625,-0.12958028574513142,-0.054072681923754286,0.018660462742656
0.8625,0.47500000000000003,-0.12852485445720935,-0.05316187116880043,0.018534035568383997
0.8625,0.48750000000000004,-0.1274694231692873,-0.052251060413846584,0.018407608394112
0.8625,0.5,-0.1264139918813653,-0.05134024965889274,0.018281181219839997
0.8625,0.5125000000000001,-0.12535856059344327,-0.05042943890393889,0.018154754045568
0.8625,0.525,-0.12430312930552123,-0.04951862814898504,0.018028326871295998
0.8625,0.5375,-0.1232476980175992,-0.048607817394031194,0.017901899697024
0.8625,0.55,-0.12219226672967715,-0.04769700663907735,0.017775472522752
0.8625,0.5625,-0.12113683544175513,-0.046786195884123506,0.01764904534848
0.8625,0.5750000000000001,-0.12008140415383307,-0.045875385129169645,0.017522618174207995
0.8625,0.5875,-0.11902597286591106,-0.044964574374215804,0.017396190999936
0.8625,0.6000000000000001,-0.117970541577989,-0.04405376361926195,0.017269763825664
0.8625,0.6125,-0.11691511029006699,-0.04314295286430811,0.017143336651392
0.8625,0.625,-0.11585967900214497,-0.04223214210935427,0.01701690947712
0.8625,0.6375000000000001,-0.11480424771422294,-0.04132133135440041,0.016890482302848
0.8625,0.65,-0.11374881642630091,-0.04041052059944657,0.016764055128576
0.8625,0.6625000000000001,-0.11269338513837887,-0.03949970984449271,0.016637627954304002
0.8625,0.675,-0.11163795385045686,-0.038588899089538865,0.016511200780031998
0.8625,0.6875,-0.11058252256253477,-0.037678088334585025,0.016384773605760003
0.8625,0.7000000000000001,-0.10952709127461274,-0.036767277579631163,0.016258346431487998
0.8625,0.7125,-0.1084716599866907,-0.03585646682467732,0.016131919257216
0.8625,0.7250000000000001,-0.10741622869876868,-0.03494565606972347,0.016005492082944002
0.8625,0.7375,-0.10636079741084664,-0.03403484531476963,0.015879064908672
0.8625,0.75,-0.1053053661229246,-0.03312403455981579,0.015752637734400003
0.8625,0.7625000000000001,-0.10424993483500258,-0.03221322380486193,0.015626210560128
0.8625,0.775,-0.10319450354708055,-0.031302413049908086,0.015499783385856001
0.8625,0.7875000000000001,-0.10213907225915851,-0.030391602294954235,0.015373356211584
0.8625,0.8,-0.10108364097123648,-0.029480791540000384,0.015246929037311998
0.8625,0.8125,-0.10002820968331445,-0.028569980785046543,0.015120501863040004
0.8625,0.8250000000000001,-0.09897277839539241,-0.02765917003009269,0.014994074688767997
0.8625,0.8375,-0.09791734710747037,-0.02674835927513885,0.014867647514496
0.8625,0.8500000000000001,-0.09686191581954834,-0.02583754852018499,0.014741220340224
0.8625,0.8625,-0.0958064845316263,-0.024926737765231147,0.014614793165952
0.8625,0.875,-0.09475105324370428,-0.024015927010277303,0.01448836599168
0.8625,0.8875000000000001,-0.09369562195578224,-0.02310511625532345,0.014361938817408
0.8625,0.9,-0.0926401906678602,-0.022194305500369604,0.014235511643135999
0.8625,0.9125000000000001,-0.09158475937993817,-0.02128349474541575,0.014109084468864002
0.8625,0.925,-0.09052932809201614,-0.020372683990461903,0.013982657294591999
0.8625,0.9375,-0.08947389680409411,-0.019461873235508065,0.013856230120320001
0.8625,0.9500000000000001,-0.08841846551617208,-0.01855106248055421,0.013729802946047998
0.8625,0.9625,-0.08736303422825004,-0.017640251725600364,0.013603375771776002
0.8625,0.9750000000000001,-0.086307602940328,-0.016729440970646506,0.013476948597503998
0.8625,0.9875,-0.08525217165240596,-0.015818630215692665,0.013350521423232
0.8625,1.0,-0.08419674036448394,-0.01490781946073882,0.01322409424896
0.875,0.0,-0.17007417531855643,-0.08904474768106184,0.0234927737856
0.875,0.0125,-0.1690035286399538,-0.08812073677023909,0.02336451433344
0.875,0.025,-0.16793288196135114,-0.08719672585941635,0.02323625488128
0.875,0.037500000000000006,-0.1668622352827485,-0.08627271494859359,0.02310799542912
0.875,0.05,-0.16579158860414583,-0.08534870403777085,0.022979735976959997
0.875,0.0625,-0.16472094192554315,-0.08442469312694811,0.0228514765248
0.875,0.07500000000000001,-0.16365029524694052,-0.08350068221612536,0.02272321707264
0.875,0.08750000000000001,-0.16257964856833787,-0.08257667130530263,0.022594957620479996
0.875,0.1,-0.16150900188973527,-0.08165266039447988,0.02246669816832
0.875,0.1125,-0.16043835521113262,-0.08072864948365713,0.022338438716159998
0.875,0.125,-0.15936770853253,-0.07980463857283439,0.022210179264000002
0.875,0.1375,-0.15829706185392733,-0.07888062766201163,0.02208191981184
0.875,0.15000000000000002,-0.15722641517532465,-0.07795661675118891,0.02195366035968
0.875,0.1625,-0.15615576849672202,-0.07703260584036617,0.02182540090752
0.875,0.17500000000000002,-0.15508512181811937,-0.07610859492954342,0.02169714145536
0.875,0.1875,-0.15401447513951674,-0.07518458401872066,0.021568882003199997
0.875,0.2,-0.1529438284609141,-0.07426057310789792,0.02144062255104
0.875,0.21250000000000002,-0.1518731817823114,-0.07333656219707517,0.02131236309888
0.875,0.225,-0.15080253510370878,-0.07241255128625243,0.021184103646719996
0.875,0.23750000000000002,-0.14973188842510612,-0.07148854037542968,0.021055844194559997
0.875,0.25,-0.1486612417465035,-0.07056452946460694,0.020927584742399998
0.875,0.2625,-0.14759059506790084,-0.06964051855378421,0.02079932529024
0.875,0.275,-0.14651994838929816,-0.06871650764296146,0.020671065838079997
0.875,0.28750000000000003,-0.14544930171069553,-0.0677924967321387,0.02054280638592
0.875,0.30000000000000004,-0.1443786550320929,-0.06686848582131596,0.02041454693376
0.875,0.3125,-0.14330800835349028,-0.06594447491049323,0.0202862874816
0.875,0.325,-0.14223736167488762,-0.06502046399967047,0.02015802802944
0.875,0.3375,-0.141166714996285,-0.06409645308884773,0.02002976857728
0.875,0.35000000000000003,-0.14009606831768234,-0.06317244217802498,0.01990150912512
0.875,0.36250000000000004,-0.13902542163907966,-0.062248431267202246,0.019773249672959996
0.875,0.375,-0.137954774960477,-0.061324420356379514,0.0196449902208
0.875,0.3875,-0.13688412828187438,-0.06040040944555676,0.01951673076864
0.875,0.4,-0.13581348160327172,-0.059476398534734014,0.01938847131648
0.875,0.41250000000000003,-0.1347428349246691,-0.05855238762391126,0.019260211864319997
0.875,0.42500000000000004,-0.13367218824606644,-0.057628376713088514,0.019131952412159998
0.875,0.4375,-0.13260154156746382,-0.05670436580226578,0.01900369296
0.875,0.45,-0.13153089488886116,-0.05578035489144304,0.01887543350784
0.875,0.4625,-0.1304602482102585,-0.05485634398062028,0.018747174055679997
0.875,0.47500000000000003,-0.12938960153165585,-0.053932333069797535,0.018618914603519998
0.875,0.48750000000000004,-0.1283189548530532,-0.05300832215897479,0.01849065515136
0.875,0.5,-0.12724830817445057,-0.052084311248152056,0.018362395699199997
0.875,0.5125000000000001,-0.12617766149584791,-0.05116030033732931,0.018234136247039998
0.875,0.525,-0.1251070148172453,-0.05023628942650657,0.01810587679488
0.875,0.5375,-0.12403636813864266,-0.04931227851568383,0.01797761734272
0.875,0.55,-0.12296572146004,-0.04838826760486108,0.01784935789056
0.875,0.5625,-0.12189507478143734,-0.04746425669403834,0.0177210984384
0.875,0.5750000000000001,-0.12082442810283471,-0.046540245783215584,0.01759283898624
0.875,0.5875,-0.11975378142423206,-0.045616234872392844,0.017464579534079996
0.875,0.6000000000000001,-0.11868313474562939,-0.0446922239615701,0.017336320081919997
0.875,0.6125,-0.11761248806702673,-0.04376821305074736,0.01720806062976
0.875,0.625,-0.1165418413884241,-0.04284420213992461,0.0170798011776
0.875,0.6375000000000001,-0.11547119470982145,-0.041920191229101865,0.01695154172544
0.875,0.65,-0.11440054803121882,-0.040996180318279125,0.01682328227328
0.875,0.6625000000000001,-0.11332990135261616,-0.04007216940745637,0.01669502282112
0.875,0.675,-0.11225925467401353,-0.03914815849663364,0.01656676336896
0.875,0.6875,-0.1111886079954109,-0.03822414758581089,0.0164385039168
0.875,0.7000000000000001,-0.11011796131680823,-0.037300136674988146,0.01631024446464
0.875,0.7125,-0.10904731463820558,-0.0363761257641654,0.01618198501248
0.875,0.7250000000000001,-0.10797666795960294,-0.03545211485334266,0.01605372556032
0.875,0.7375,-0.1069060212810003,-0.03452810394251992,0.015925466108159998
0.875,0.75,-0.10583537460239764,-0.033604093031697174,0.015797206656
0.875,0.7625000000000001,-0.10476472792379501,-0.03268008212087442,0.01566894720384
0.875,0.775,-0.10369408124519235,-0.03175607121005168,0.015540687751679997
0.875,0.7875000000000001,-0.10262343456658969,-0.03083206029922893,0.015412428299519996
0.875,0.8,-0.10155278788798706,-0.02990804938840619,0.015284168847359999
0.875,0.8125,-0.1004821412093844,-0.02898403847758345,0.015155909395199998
0.875,0.8250000000000001,-0.09941149453078175,-0.0280600275667607,0.01502764994304
0.875,0.8375,-0.09834084785217914,-0.02713601665593796,0.01489939049088
0.875,0.8500000000000001,-0.09727020117357647,-0.02621200574511521,0.01477113103872
0.875,0.8625,-0.09619955449497383,-0.025287994834292466,0.01464287158656
0.875,0.875,-0.09512890781637118,-0.024363983923469727,0.014514612134400001
0.875,0.8875000000000001,-0.09405826113776852,-0.023439973012646977,0.014386352682239999
0.875,0.9,-0.09298761445916588,-0.022515962101824237,0.014258093230080001
0.875,0.9125000000000001,-0.09191696778056324,-0.021591951191001487,0.014129833777919997
0.875,0.925,-0.09084632110196061,-0.020667940280178744,0.01400157432576
0.875,0.9375,-0.08977567442335796,-0.019743929369356008,0.013873314873599996
0.875,0.9500000000000001,-0.0887050277447553,-0.018819918458533258,0.013745055421439998
0.875,0.9625,-0.08763438106615265,-0.01789590754771052,0.013616795969279998
0.875,0.9750000000000001,-0.08656373438755,-0.01697189663688776,0.01348853651712
0.875,0.9875,-0.08549308770894735,-0.016047885726065025,0.01336027706496
0.875,1.0,-0.08442244103034473,-0.015123874815242284,0.013232017612799999
0.8875000000000001,0.0,-0.17151710723886618,-0.090316815505077,0.02364727938048
0.8875000000000001,0.0125,-0.17043124516958294,-0.08937960443838537,0.023517187650432
0.8875000000000001,0.025,-0.16934538310029967,-0.08844239337169373,0.023387095920384
0.8875000000000001,0.037500000000000006,-0.16825952103101643,-0.08750518230500208,0.023257004190336
0.8875000000000001,0.05,-0.16717365896173317,-0.08656797123831045,0.023126912460288
0.8875000000000001,0.0625,-0.1660877968924499,-0.0856307601716188,0.022996820730239998
0.8875000000000001,0.07500000000000001,-0.1650019348231666,-0.08469354910492716,0.022866729000192
0.8875000000000001,0.08750000000000001,-0.16391607275388337,-0.08375633803823551,0.022736637270143998
0.8875000000000001,0.1,-0.16283021068460013,-0.08281912697154388,0.022606545540095998
0.8875000000000001,0.1125,-0.16174434861531684,-0.08188191590485223,0.022476453810047998
0.8875000000000001,0.125,-0.1606584865460336,-0.0809447048381606,0.02234636208
0.8875000000000001,0.1375,-0.15957262447675033,-0.08000749377146896,0.022216270349952
0.8875000000000001,0.15000000000000002,-0.1584867624074671,-0.07907028270477731,0.022086178619903998
0.8875000000000001,0.1625,-0.15740090033818385,-0.0781330716380857,0.021956086889856
0.8875000000000001,0.17500000000000002,-0.15631503826890056,-0.07719586057139403,0.021825995159807998
0.8875000000000001,0.1875,-0.1552291761996173,-0.0762586495047024,0.021695903429759997
0.8875000000000001,0.2,-0.15414331413033405,-0.07532143843801076,0.021565811699712
0.8875000000000001,0.21250000000000002,-0.15305745206105079,-0.0743842273713191,0.021435719969664
0.8875000000000001,0.225,-0.15197158999176752,-0.07344701630462747,0.021305628239616
0.8875000000000001,0.23750000000000002,-0.15088572792248425,-0.07250980523793582,0.021175536509567997
0.8875000000000001,0.25,-0.14979986585320104,-0.07157259417124417,0.02104544477952
0.8875000000000001,0.2625,-0.14871400378391778,-0.07063538310455256,0.020915353049472
0.8875000000000001,0.275,-0.14762814171463448,-0.0696981720378609,0.020785261319423997
0.8875000000000001,0.28750000000000003,-0.14654227964535121,-0.06876096097116927,0.020655169589375997
0.8875000000000001,0.30000000000000004,-0.145456417576068,-0.06782374990447762,0.020525077859328
0.8875000000000001,0.3125,-0.1443705555067847,-0.06688653883778597,0.02039498612928
0.8875000000000001,0.325,-0.14328469343750144,-0.06594932777109434,0.020264894399231997
0.8875000000000001,0.3375,-0.1421988313682182,-0.0650121167044027,0.020134802669184
0.8875000000000001,0.35000000000000003,-0.14111296929893496,-0.06407490563771107,0.020004710939136
0.8875000000000001,0.36250000000000004,-0.1400271072296517,-0.06313769457101942,0.019874619209087997
0.8875000000000001,0.375,-0.1389412451603685,-0.06220048350432779,0.01974452747904
0.8875000000000001,0.3875,-0.13785538309108517,-0.06126327243763614,0.019614435748992003
0.8875000000000001,0.4,-0.1367695210218019,-0.0603260613709445,0.019484344018944
0.8875000000000001,0.41250000000000003,-0.13568365895251863,-0.05938885030425285,0.019354252288895996
0.8875000000000001,0.42500000000000004,-0.1345977968832354,-0.05845163923756122,0.019224160558848
0.8875000000000001,0.4375,-0.13351193481395213,-0.05751442817086959,0.0190940688288
0.8875000000000001,0.45,-0.13242607274466886,-0.05657721710417794,0.018963977098752
0.8875000000000001,0.4625,-0.13134021067538562,-0.05564000603748629,0.018833885368704
0.8875000000000001,0.47500000000000003,-0.13025434860610235,-0.054702794970794645,0.018703793638656
0.8875000000000001,0.48750000000000004,-0.12916848653681906,-0.053765583904103,0.018573701908608
0.8875000000000001,0.5,-0.12808262446753585,-0.05282837283741137,0.01844361017856
0.8875000000000001,0.5125000000000001,-0.12699676239825258,-0.05189116177071972,0.018313518448512
0.8875000000000001,0.525,-0.12591090032896932,-0.05095395070402809,0.018183426718464
0.8875000000000001,0.5375,-0.12482503825968605,-0.05001673963733645,0.018053334988416003
0.8875000000000001,0.55,-0.12373917619040281,-0.04907952857064481,0.017923243258368
0.8875000000000001,0.5625,-0.12265331412111956,-0.04814231750395317,0.017793151528320002
0.8875000000000001,0.5750000000000001,-0.12156745205183628,-0.04720510643726152,0.017663059798272
0.8875000000000001,0.5875,-0.12048158998255305,-0.04626789537056989,0.017532968068224
0.8875000000000001,0.6000000000000001,-0.11939572791326977,-0.045330684303878245,0.017402876338176
0.8875000000000001,0.6125,-0.1183098658439865,-0.044393473237186606,0.017272784608128
0.8875000000000001,0.625,-0.11722400377470325,-0.04345626217049496,0.017142692878080002
0.8875000000000001,0.6375000000000001,-0.11613814170542,-0.04251905110380333,0.017012601148032
0.8875000000000001,0.65,-0.11505227963613675,-0.041581840037111684,0.016882509417984
0.8875000000000001,0.6625000000000001,-0.11396641756685347,-0.04064462897042004,0.016752417687936
0.8875000000000001,0.675,-0.11288055549757024,-0.0397074179037284,0.016622325957888
0.8875000000000001,0.6875,-0.11179469342828696,-0.03877020683703676,0.01649223422784
0.8875000000000001,0.7000000000000001,-0.11070883135900371,-0.037832995770345115,0.016362142497791998
0.8875000000000001,0.7125,-0.10962296928972047,-0.03689578470365348,0.016232050767744
0.8875000000000001,0.7250000000000001,-0.1085371072204372,-0.03595857363696184,0.016101959037695998
0.8875000000000001,0.7375,-0.10745124515115394,-0.035021362570270206,0.015971867307647998
0.8875000000000001,0.75,-0.10636538308187068,-0.03408415150357856,0.015841775577599998
0.8875000000000001,0.7625000000000001,-0.10527952101258742,-0.033146940436886915,0.015711683847552
0.8875000000000001,0.775,-0.10419365894330417,-0.03220972937019528,0.015581592117504
0.8875000000000001,0.7875000000000001,-0.10310779687402091,-0.031272518303503624,0.015451500387456
0.8875000000000001,0.8,-0.10202193480473765,-0.030335307236811996,0.015321408657408001
0.8875000000000001,0.8125,-0.1009360727354544,-0.029398096170120354,0.015191316927359998
0.8875000000000001,0.8250000000000001,-0.09985021066617113,-0.028460885103428705,0.015061225197312
0.8875000000000001,0.8375,-0.09876434859688787,-0.027523674036737073,0.014931133467263998
0.8875000000000001,0.8500000000000001,-0.09767848652760462,-0.026586462970045424,0.014801041737216001
0.8875000000000001,0.8625,-0.09659262445832137,-0.025649251903353786,0.014670950007168
0.8875000000000001,0.875,-0.0955067623890381,-0.024712040836662147,0.014540858277119999
0.8875000000000001,0.8875000000000001,-0.09442090031975482,-0.023774829769970505,0.014410766547072
0.8875000000000001,0.9,-0.09333503825047157,-0.02283761870327887,0.014280674817023999
0.8875000000000001,0.9125000000000001,-0.09224917618118832,-0.021900407636587224,0.014150583086975999
0.8875000000000001,0.925,-0.09116331411190505,-0.020963196569895585,0.014020491356928
0.8875000000000001,0.9375,-0.09007745204262181,-0.020025985503203954,0.01389039962688
0.8875000000000001,0.9500000000000001,-0.08899158997333853,-0.019088774436512305,0.013760307896831999
0.8875000000000001,0.9625,-0.08790572790405529,-0.018151563369820663,0.013630216166783999
0.8875000000000001,0.9750000000000001,-0.086819865834772,-0.017214352303129017,0.013500124436736
0.8875000000000001,0.9875,-0.08573400376548877,-0.016277141236437382,0.013370032706687998
0.8875000000000001,1.0,-0.0846481416962055,-0.015339930169745743,0.01323994097664
0.9,0.0,-0.17296003915917593,-0.09158888332909217,0.023801784975359997
0.9,0.0125,-0.17185896169921205,-0.09063847210653163,0.023669860967424
0.9,0.025,-0.17075788423924818,-0.08968806088397109,0.023537936959488002
0.9,0.037500000000000006,-0.16965680677928432,-0.08873764966141057,0.023406012951552
0.9,0.05,-0.1685557293193205,-0.08778723843885003,0.023274088943616003
0.9,0.0625,-0.1674546518593566,-0.08683682721628949,0.02314216493568
0.9,0.07500000000000001,-0.16635357439939275,-0.08588641599372894,0.023010240927743997
0.9,0.08750000000000001,-0.16525249693942884,-0.08493600477116842,0.022878316919807996
0.9,0.1,-0.164151419479465,-0.08398559354860789,0.022746392911872
0.9,0.1125,-0.16305034201950108,-0.08303518232604734,0.022614468903935998
0.9,0.125,-0.1619492645595372,-0.0820847711034868,0.022482544895999997
0.9,0.1375,-0.16084818709957338,-0.08113435988092627,0.022350620888064002
0.9,0.15000000000000002,-0.15974710963960947,-0.08018394865836573,0.022218696880128
0.9,0.1625,-0.15864603217964562,-0.07923353743580519,0.022086772872192
0.9,0.17500000000000002,-0.15754495471968177,-0.07828312621324465,0.021954848864255996
0.9,0.1875,-0.1564438772597179,-0.07733271499068411,0.021822924856319998
0.9,0.2,-0.15534279979975402,-0.07638230376812359,0.021691000848384
0.9,0.21250000000000002,-0.15424172233979014,-0.07543189254556304,0.021559076840448
0.9,0.225,-0.15314064487982626,-0.0744814813230025,0.021427152832511998
0.9,0.23750000000000002,-0.15203956741986235,-0.07353107010044198,0.021295228824576
0.9,0.25,-0.15093848995989853,-0.07258065887788143,0.021163304816640003
0.9,0.2625,-0.14983741249993465,-0.07163024765532089,0.021031380808704
0.9,0.275,-0.14873633503997077,-0.07067983643276035,0.020899456800767997
0.9,0.28750000000000003,-0.1476352575800069,-0.06972942521019981,0.020767532792831996
0.9,0.30000000000000004,-0.14653418012004307,-0.06877901398763929,0.020635608784896
0.9,0.3125,-0.14543310266007914,-0.06782860276507874,0.020503684776959998
0.9,0.325,-0.1443320252001153,-0.0668781915425182,0.020371760769023996
0.9,0.3375,-0.1432309477401515,-0.06592778031995768,0.020239836761088
0.9,0.35000000000000003,-0.14212987028018756,-0.06497736909739714,0.020107912753152
0.9,0.36250000000000004,-0.1410287928202237,-0.0640269578748366,0.019975988745216
0.9,0.375,-0.13992771536025983,-0.06307654665227606,0.019844064737280002
0.9,0.3875,-0.13882663790029595,-0.062126135429715526,0.019712140729344
0.9,0.4,-0.13772556044033207,-0.06117572420715499,0.019580216721408
0.9,0.41250000000000003,-0.13662448298036822,-0.06022531298459444,0.019448292713471996
0.9,0.42500000000000004,-0.13552340552040432,-0.059274901762033906,0.019316368705535998
0.9,0.4375,-0.1344223280604405,-0.05832449053947337,0.0191844446976
0.9,0.45,-0.13332125060047662,-0.05737407931691284,0.019052520689664
0.9,0.4625,-0.13222017314051274,-0.0564236680943523,0.018920596681728
0.9,0.47500000000000003,-0.13111909568054886,-0.055473256871791755,0.018788672673791997
0.9,0.48750000000000004,-0.130018018220585,-0.05452284564923122,0.018656748665855996
0.9,0.5,-0.1289169407606211,-0.05357243442667069,0.01852482465792
0.9,0.5125000000000001,-0.12781586330065722,-0.05262202320411015,0.018392900649983997
0.9,0.525,-0.12671478584069334,-0.05167161198154961,0.018260976642048
0.9,0.5375,-0.12561370838072952,-0.05072120075898909,0.018129052634112002
0.9,0.55,-0.12451263092076564,-0.049770789536428536,0.017997128626176
0.9,0.5625,-0.12341155346080177,-0.04882037831386801,0.01786520461824
0.9,0.5750000000000001,-0.12231047600083786,-0.04786996709130746,0.017733280610304
0.9,0.5875,-0.12120939854087401,-0.04691955586874693,0.017601356602368
0.9,0.6000000000000001,-0.12010832108091016,-0.045969144646186386,0.017469432594432
0.9,0.6125,-0.11900724362094627,-0.045018733423625855,0.017337508586496
0.9,0.625,-0.11790616616098241,-0.04406832220106531,0.01720558457856
0.9,0.6375000000000001,-0.11680508870101855,-0.04311791097850477,0.017073660570624
0.9,0.65,-0.11570401124105467,-0.04216749975594424,0.016941736562688
0.9,0.6625000000000001,-0.1146029337810908,-0.0412170885333837,0.016809812554751998
0.9,0.675,-0.11350185632112691,-0.04026667731082317,0.016677888546815997
0.9,0.6875,-0.11240077886116304,-0.039316266088262636,0.01654596453888
0.9,0.7000000000000001,-0.1112997014011992,-0.03836585486570209,0.016414040530944
0.9,0.7125,-0.11019862394123532,-0.03741544364314156,0.016282116523008
0.9,0.7250000000000001,-0.10909754648127147,-0.036465032420581016,0.016150192515072
0.9,0.7375,-0.10799646902130759,-0.035514621198020485,0.016018268507136
0.9,0.75,-0.10689539156134371,-0.03456420997545995,0.015886344499199997
0.9,0.7625000000000001,-0.10579431410137982,-0.0336137987528994,0.015754420491263996
0.9,0.775,-0.10469323664141597,-0.03266338753033887,0.015622496483327999
0.9,0.7875000000000001,-0.10359215918145209,-0.031712976307778334,0.015490572475392001
0.9,0.8,-0.10249108172148823,-0.030762565085217797,0.015358648467456
0.9,0.8125,-0.10139000426152435,-0.029812153862657263,0.01522672445952
0.9,0.8250000000000001,-0.10028892680156049,-0.02886174264009672,0.015094800451584
0.9,0.8375,-0.0991878493415966,-0.027911331417536187,0.014962876443647999
0.9,0.8500000000000001,-0.09808677188163273,-0.026960920194975646,0.014830952435712001
0.9,0.8625,-0.09698569442166886,-0.02601050897241511,0.014699028427776
0.9,0.875,-0.095884616961705,-0.025060097749854578,0.014567104419839997
0.9,0.8875000000000001,-0.09478353950174113,-0.024109686527294033,0.014435180411904
0.9,0.9,-0.09368246204177726,-0.0231592753047335,0.014303256403967998
0.9,0.9125000000000001,-0.09258138458181336,-0.022208864082172958,0.014171332396031999
0.9,0.925,-0.09148030712184951,-0.021258452859612424,0.014039408388095998
0.9,0.9375,-0.09037922966188565,-0.02030804163705189,0.01390748438016
0.9,0.9500000000000001,-0.08927815220192177,-0.019357630414491348,0.013775560372223999
0.9,0.9625,-0.08817707474195789,-0.018407219191930814,0.013643636364288
0.9,0.9750000000000001,-0.08707599728199401,-0.01745680796937027,0.013511712356351999
0.9,0.9875,-0.08597491982203016,-0.016506396746809742,0.013379788348415998
0.9,1.0,-0.0848738423620663,-0.015555985524249206,0.01324786434048
0.9125000000000001,0.0,-0.1744029710794857,-0.09286095115310734,0.02395629057024
0.9125000000000001,0.0125,-0.1732866782288412,-0.0918973397746779,0.023822534284415997
0.9125000000000001,0.025,-0.1721703853781968,-0.09093372839624847,0.023688777998592002
0.9125000000000001,0.037500000000000006,-0.17105409252755227,-0.08997011701781904,0.023555021712768
0.9125000000000001,0.05,-0.16993779967690778,-0.08900650563938961,0.023421265426944
0.9125000000000001,0.0625,-0.16882150682626326,-0.08804289426096018,0.023287509141120002
0.9125000000000001,0.07500000000000001,-0.16770521397561877,-0.08707928288253074,0.023153752855296
0.9125000000000001,0.08750000000000001,-0.16658892112497434,-0.08611567150410132,0.023019996569472
0.9125000000000001,0.1,-0.16547262827432982,-0.08515206012567188,0.022886240283648003
0.9125000000000001,0.1125,-0.16435633542368536,-0.08418844874724245,0.022752483997824
0.9125000000000001,0.125,-0.16324004257304087,-0.083224837368813,0.022618727712
0.9125000000000001,0.1375,-0.1621237497223964,-0.08226122599038357,0.022484971426176004
0.9125000000000001,0.15000000000000002,-0.1610074568717519,-0.08129761461195414,0.022351215140351998
0.9125000000000001,0.1625,-0.15989116402110742,-0.0803340032335247,0.022217458854528003
0.9125000000000001,0.17500000000000002,-0.158774871170463,-0.07937039185509527,0.022083702568704
0.9125000000000001,0.1875,-0.15765857831981844,-0.07840678047666583,0.02194994628288
0.9125000000000001,0.2,-0.156542285469174,-0.07744316909823641,0.021816189997056003
0.9125000000000001,0.21250000000000002,-0.15542599261852946,-0.07647955771980697,0.021682433711231994
0.9125000000000001,0.225,-0.15430969976788503,-0.07551594634137754,0.021548677425408003
0.9125000000000001,0.23750000000000002,-0.1531934069172405,-0.0745523349629481,0.021414921139584
0.9125000000000001,0.25,-0.15207711406659605,-0.07358872358451868,0.02128116485376
0.9125000000000001,0.2625,-0.15096082121595153,-0.07262511220608923,0.021147408567935996
0.9125000000000001,0.275,-0.14984452836530707,-0.0716615008276598,0.021013652282111998
0.9125000000000001,0.28750000000000003,-0.1487282355146626,-0.07069788944923036,0.020879895996287996
0.9125000000000001,0.30000000000000004,-0.1476119426640181,-0.06973427807080095,0.020746139710464
0.9125000000000001,0.3125,-0.14649564981337362,-0.0687706666923715,0.02061238342464
0.9125000000000001,0.325,-0.14537935696272916,-0.06780705531394207,0.020478627138816
0.9125000000000001,0.3375,-0.14426306411208467,-0.06684344393551264,0.020344870852992
0.9125000000000001,0.35000000000000003,-0.14314677126144018,-0.0658798325570832,0.020211114567168
0.9125000000000001,0.36250000000000004,-0.1420304784107957,-0.06491622117865377,0.020077358281344
0.9125000000000001,0.375,-0.14091418556015126,-0.06395260980022434,0.01994360199552
0.9125000000000001,0.3875,-0.1397978927095067,-0.06298899842179491,0.019809845709696
0.9125000000000001,0.4,-0.13868159985886225,-0.06202538704336548,0.019676089423871997
0.9125000000000001,0.41250000000000003,-0.13756530700821779,-0.06106177566493602,0.019542333138048
0.9125000000000001,0.42500000000000004,-0.1364490141575733,-0.0600981642865066,0.019408576852223997
0.9125000000000001,0.4375,-0.13533272130692878,-0.059134552908077176,0.0192748205664
0.9125000000000001,0.45,-0.13421642845628431,-0.05817094152964775,0.019141064280576003
0.9125000000000001,0.4625,-0.13310013560563982,-0.05720733015121829,0.019007307994751997
0.9125000000000001,0.47500000000000003,-0.13198384275499536,-0.05624371877278886,0.018873551708928
0.9125000000000001,0.48750000000000004,-0.13086754990435084,-0.05528010739435942,0.018739795423104
0.9125000000000001,0.5,-0.1297512570537064,-0.05431649601593,0.01860603913728
0.9125000000000001,0.5125000000000001,-0.12863496420306192,-0.05335288463750056,0.018472282851456
0.9125000000000001,0.525,-0.12751867135241743,-0.05238927325907114,0.018338526565632
0.9125000000000001,0.5375,-0.12640237850177294,-0.05142566188064171,0.018204770279808
0.9125000000000001,0.55,-0.12528608565112845,-0.050462050502212266,0.018071013993984
0.9125000000000001,0.5625,-0.12416979280048397,-0.049498439123782836,0.01793725770816
0.9125000000000001,0.5750000000000001,-0.12305349994983952,-0.04853482774535339,0.017803501422336
0.9125000000000001,0.5875,-0.12193720709919498,-0.04757121636692397,0.017669745136512
0.9125000000000001,0.6000000000000001,-0.12082091424855053,-0.04660760498849453,0.017535988850687995
0.9125000000000001,0.6125,-0.11970462139790604,-0.045643993610065096,0.017402232564864
0.9125000000000001,0.625,-0.11858832854726156,-0.044680382231635674,0.01726847627904
0.9125000000000001,0.6375000000000001,-0.11747203569661704,-0.04371677085320623,0.017134719993216
0.9125000000000001,0.65,-0.11635574284597257,-0.0427531594747768,0.017000963707391997
0.9125000000000001,0.6625000000000001,-0.1152394499953281,-0.04178954809634736,0.016867207421567998
0.9125000000000001,0.675,-0.11412315714468366,-0.04082593671791793,0.016733451135744
0.9125000000000001,0.6875,-0.11300686429403914,-0.039862325339488504,0.01659969484992
0.9125000000000001,0.7000000000000001,-0.11189057144339466,-0.03889871396105907,0.016465938564096002
0.9125000000000001,0.7125,-0.11077427859275019,-0.03793510258262963,0.016332182278272
0.9125000000000001,0.7250000000000001,-0.1096579857421057,-0.036971491204200194,0.016198425992448
0.9125000000000001,0.7375,-0.1085416928914612,-0.03600787982577078,0.016064669706624
0.9125000000000001,0.75,-0.10742540004081673,-0.035044268447341334,0.0159309134208
0.9125000000000001,0.7625000000000001,-0.10630910719017225,-0.0340806570689119,0.015797157134976002
0.9125000000000001,0.775,-0.10519281433952779,-0.033117045690482474,0.015663400849152
0.9125000000000001,0.7875000000000001,-0.10407652148888327,-0.03215343431205303,0.015529644563327998
0.9125000000000001,0.8,-0.10296022863823881,-0.0311898229336236,0.015395888277504
0.9125000000000001,0.8125,-0.10184393578759432,-0.030226211555194168,0.015262131991679997
0.9125000000000001,0.8250000000000001,-0.10072764293694983,-0.029262600176764724,0.015128375705855998
0.9125000000000001,0.8375,-0.09961135008630537,-0.028298988798335298,0.014994619420032003
0.9125000000000001,0.8500000000000001,-0.09849505723566086,-0.027335377419905865,0.014860863134207997
0.9125000000000001,0.8625,-0.0973787643850164,-0.02637176604147643,0.014727106848384002
0.9125000000000001,0.875,-0.09626247153437192,-0.025408154663047,0.01459335056256
0.9125000000000001,0.8875000000000001,-0.09514617868372742,-0.02444454328461756,0.014459594276735998
0.9125000000000001,0.9,-0.09402988583308294,-0.023480931906188135,0.014325837990912
0.9125000000000001,0.9125000000000001,-0.09291359298243847,-0.022517320527758695,0.014192081705088
0.9125000000000001,0.925,-0.09179730013179398,-0.021553709149329265,0.014058325419263997
0.9125000000000001,0.9375,-0.0906810072811495,-0.020590097770899835,0.01392456913344
0.9125000000000001,0.9500000000000001,-0.08956471443050501,-0.0196264863924704,0.013790812847616
0.9125000000000001,0.9625,-0.08844842157986053,-0.018662875014040965,0.013657056561792
0.9125000000000001,0.9750000000000001,-0.08733212872921604,-0.017699263635611525,0.013523300275968
0.9125000000000001,0.9875,-0.08621583587857155,-0.0167356522571821,0.013389543990143997
0.9125000000000001,1.0,-0.08509954302792708,-0.01577204087875267,0.013255787704320001
0.925,0.0,-0.17584590299979547,-0.0941330189771225,0.02411079616512
0.925,0.0125,-0.17471439475847036,-0.09315620744282417,0.023975207601407998
0.925,0.025,-0.17358288651714526,-0.09217939590852584,0.023839619037696
0.925,0.037500000000000006,-0.17245137827582016,-0.09120258437422751,0.023704030473984
0.925,0.05,-0.17131987003449511,-0.09022577283992918,0.023568441910272
0.925,0.0625,-0.17018836179316998,-0.08924896130563086,0.023432853346560003
0.925,0.07500000000000001,-0.16905685355184488,-0.08827214977133252,0.023297264782848
0.925,0.08750000000000001,-0.16792534531051984,-0.08729533823703421,0.023161676219135997
0.925,0.1,-0.1667938370691947,-0.08631852670273588,0.023026087655424
0.925,0.1125,-0.16566232882786963,-0.08534171516843753,0.022890499091712
0.925,0.125,-0.16453082058654453,-0.0843649036341392,0.022754910527999998
0.925,0.1375,-0.1633993123452194,-0.0833880920998409,0.022619321964288
0.925,0.15000000000000002,-0.1622678041038943,-0.08241128056554255,0.022483733400575998
0.925,0.1625,-0.16113629586256922,-0.08143446903124421,0.022348144836864
0.925,0.17500000000000002,-0.1600047876212441,-0.08045765749694588,0.022212556273152
0.925,0.1875,-0.15887327937991905,-0.07948084596264755,0.02207696770944
0.925,0.2,-0.1577417711385939,-0.07850403442834923,0.021941379145727996
0.925,0.21250000000000002,-0.15661026289726881,-0.0775272228940509,0.021805790582015996
0.925,0.225,-0.15547875465594374,-0.07655041135975257,0.021670202018304
0.925,0.23750000000000002,-0.15434724641461864,-0.07557359982545424,0.021534613454592
0.925,0.25,-0.15321573817329354,-0.07459678829115592,0.02139902489088
0.925,0.2625,-0.15208422993196846,-0.07361997675685758,0.021263436327168
0.925,0.275,-0.15095272169064333,-0.07264316522255923,0.021127847763455998
0.925,0.28750000000000003,-0.14982121344931823,-0.07166635368826092,0.020992259199744
0.925,0.30000000000000004,-0.14868970520799316,-0.07068954215396259,0.020856670636032002
0.925,0.3125,-0.1475581969666681,-0.06971273061966426,0.020721082072320002
0.925,0.325,-0.14642668872534298,-0.06873591908536593,0.020585493508608
0.925,0.3375,-0.1452951804840179,-0.06775910755106761,0.020449904944896
0.925,0.35000000000000003,-0.14416367224269278,-0.06678229601676927,0.020314316381184
0.925,0.36250000000000004,-0.14303216400136767,-0.06580548448247094,0.020178727817472
0.925,0.375,-0.14190065576004263,-0.06482867294817261,0.02004313925376
0.925,0.3875,-0.1407691475187175,-0.06385186141387429,0.019907550690048
0.925,0.4,-0.1396376392773924,-0.06287504987957596,0.019771962126335998
0.925,0.41250000000000003,-0.13850613103606732,-0.06189823834527761,0.019636373562623998
0.925,0.42500000000000004,-0.13737462279474225,-0.060921426810979284,0.019500784998912002
0.925,0.4375,-0.13624311455341714,-0.059944615276680976,0.0193651964352
0.925,0.45,-0.13511160631209204,-0.058967803742382655,0.019229607871488
0.925,0.4625,-0.1339800980707669,-0.057990992208084305,0.019094019307775996
0.925,0.47500000000000003,-0.13284858982944187,-0.05701418067378597,0.018958430744064
0.925,0.48750000000000004,-0.13171708158811674,-0.05603736913948763,0.018822842180351997
0.925,0.5,-0.13058557334679166,-0.05506055760518931,0.01868725361664
0.925,0.5125000000000001,-0.12945406510546656,-0.054083746070890976,0.018551665052927994
0.925,0.525,-0.12832255686414146,-0.053106934536592654,0.018416076489215998
0.925,0.5375,-0.12719104862281636,-0.05213012300229433,0.018280487925504
0.925,0.55,-0.12605954038149128,-0.051153311467995996,0.018144899361791998
0.925,0.5625,-0.12492803214016618,-0.05017649993369767,0.01800931079808
0.925,0.5750000000000001,-0.12379652389884106,-0.04919968839939933,0.017873722234368
0.925,0.5875,-0.122665015657516,-0.048222876865101016,0.017738133670656
0.925,0.6000000000000001,-0.12153350741619089,-0.047246065330802674,0.017602545106944
0.925,0.6125,-0.12040199917486583,-0.046269253796504345,0.017466956543232
0.925,0.625,-0.1192704909335407,-0.04529244226220602,0.017331367979520004
0.925,0.6375000000000001,-0.11813898269221561,-0.04431563072790768,0.017195779415807997
0.925,0.65,-0.11700747445089052,-0.043338819193609365,0.017060190852096
0.925,0.6625000000000001,-0.11587596620956542,-0.04236200765931102,0.016924602288384
0.925,0.675,-0.11474445796824034,-0.041385196125012694,0.016789013724672
0.925,0.6875,-0.11361294972691524,-0.04040838459071437,0.016653425160960002
0.925,0.7000000000000001,-0.11248144148559015,-0.039431573056416036,0.016517836597248002
0.925,0.7125,-0.11134993324426504,-0.03845476152211771,0.016382248033535995
0.925,0.7250000000000001,-0.11021842500293996,-0.03747794998781938,0.016246659469824
0.925,0.7375,-0.10908691676161485,-0.03650113845352105,0.016111070906112
0.925,0.75,-0.10795540852028976,-0.03552432691922273,0.0159754823424
0.925,0.7625000000000001,-0.10682390027896467,-0.034547515384924385,0.015839893778687997
0.925,0.775,-0.10569239203763958,-0.03357070385062606,0.015704305214976
0.925,0.7875000000000001,-0.10456088379631445,-0.03259389231632773,0.015568716651263996
0.925,0.8,-0.10342937555498938,-0.0316170807820294,0.015433128087552
0.925,0.8125,-0.10229786731366429,-0.030640269247731073,0.015297539523840002
0.925,0.8250000000000001,-0.10116635907233919,-0.029663457713432737,0.015161950960127997
0.925,0.8375,-0.1000348508310141,-0.028686646179134412,0.015026362396415997
0.925,0.8500000000000001,-0.098903342589689,-0.027709834644836076,0.014890773832703997
0.925,0.8625,-0.09777183434836391,-0.02673302311053775,0.014755185268992
0.925,0.875,-0.09664032610703881,-0.025756211576239422,0.01461959670528
0.925,0.8875000000000001,-0.09550881786571372,-0.02477940004194109,0.014484008141567998
0.925,0.9,-0.09437730962438862,-0.023802588507642764,0.014348419577856002
0.925,0.9125000000000001,-0.09324580138306353,-0.022825776973344432,0.014212831014143995
0.925,0.925,-0.09211429314173843,-0.0218489654390461,0.014077242450431997
0.925,0.9375,-0.09098278490041334,-0.020872153904747778,0.013941653886720001
0.925,0.9500000000000001,-0.08985127665908824,-0.019895342370449445,0.013806065323007998
0.925,0.9625,-0.08871976841776315,-0.018918530836151113,0.013670476759296
0.925,0.9750000000000001,-0.08758826017643805,-0.01794171930185278,0.013534888195584
0.925,0.9875,-0.08645675193511296,-0.01696490776755446,0.013399299631871999
0.925,1.0,-0.08532524369378788,-0.015988096233256126,0.01326371106816
0.9375,0.0,-0.1772888349201052,-0.09540508680113767,0.02426530176
0.9375,0.0125,-0.17614211128809953,-0.09441507511097044,0.0241278809184
0.9375,0.025,-0.17499538765609382,-0.09342506342080321,0.023990460076800002
0.9375,0.037500000000000006,-0.17384866402408805,-0.09243505173063599,0.023853039235199998
0.9375,0.05,-0.1727019403920824,-0.09144504004046876,0.0237156183936
0.9375,0.0625,-0.17155521676007668,-0.09045502835030154,0.023578197552
0.9375,0.07500000000000001,-0.170408493128071,-0.08946501666013432,0.0234407767104
0.9375,0.08750000000000001,-0.16926176949606528,-0.08847500496996709,0.023303355868800002
0.9375,0.1,-0.16811504586405954,-0.08748499327979986,0.023165935027199998
0.9375,0.1125,-0.16696832223205385,-0.08649498158963263,0.0230285141856
0.9375,0.125,-0.1658215986000481,-0.08550496989946542,0.022891093344
0.9375,0.1375,-0.16467487496804248,-0.08451495820929819,0.0227536725024
0.9375,0.15000000000000002,-0.16352815133603674,-0.08352494651913095,0.0226162516608
0.9375,0.1625,-0.16238142770403102,-0.08253493482896374,0.0224788308192
0.9375,0.17500000000000002,-0.1612347040720253,-0.0815449231387965,0.022341409977599997
0.9375,0.1875,-0.16008798044001962,-0.08055491144862928,0.022203989136
0.9375,0.2,-0.15894125680801388,-0.07956489975846207,0.0220665682944
0.9375,0.21250000000000002,-0.1577945331760082,-0.07857488806829484,0.0219291474528
0.9375,0.225,-0.15664780954400248,-0.07758487637812761,0.021791726611199998
0.9375,0.23750000000000002,-0.1555010859119968,-0.07659486468796037,0.021654305769599997
0.9375,0.25,-0.15435436227999105,-0.07560485299779315,0.021516884928
0.9375,0.2625,-0.1532076386479854,-0.07461484130762593,0.021379464086400003
0.9375,0.275,-0.15206091501597965,-0.07362482961745868,0.021242043244799995
0.9375,0.28750000000000003,-0.1509141913839739,-0.07263481792729146,0.021104622403199998
0.9375,0.30000000000000004,-0.14976746775196823,-0.07164480623712424,0.020967201561599997
0.9375,0.3125,-0.14862074411996257,-0.07065479454695701,0.02082978072
0.9375,0.325,-0.14747402048795683,-0.0696647828567898,0.0206923598784
0.9375,0.3375,-0.14632729685595114,-0.06867477116662257,0.020554939036800002
0.9375,0.35000000000000003,-0.14518057322394537,-0.06768475947645533,0.0204175181952
0.9375,0.36250000000000004,-0.14403384959193968,-0.0666947477862881,0.020280097353599997
0.9375,0.375,-0.142887125959934,-0.06570473609612089,0.020142676512
0.9375,0.3875,-0.1417404023279283,-0.06471472440595367,0.020005255670400002
0.9375,0.4,-0.14059367869592257,-0.06372471271578643,0.0198678348288
0.9375,0.41250000000000003,-0.13944695506391686,-0.0627347010256192,0.019730413987199998
0.9375,0.42500000000000004,-0.1383002314319112,-0.061744689335451984,0.0195929931456
0.9375,0.4375,-0.13715350779990548,-0.06075467764528476,0.019455572304
0.9375,0.45,-0.1360067841678997,-0.059764665955117535,0.0193181514624
0.9375,0.4625,-0.13486006053589406,-0.058774654264950314,0.019180730620799998
0.9375,0.47500000000000003,-0.13371333690388829,-0.05778464257478308,0.019043309779199998
0.9375,0.48750000000000004,-0.13256661327188266,-0.05679463088461585,0.0189058889376
0.9375,0.5,-0.1314198896398769,-0.05580461919444863,0.018768468096
0.9375,0.5125000000000001,-0.1302731660078712,-0.0548146075042814,0.018631047254399995
0.9375,0.525,-0.12912644237586549,-0.05382459581411418,0.0184936264128
0.9375,0.5375,-0.1279797187438598,-0.052834584123946954,0.018356205571199997
0.9375,0.55,-0.12683299511185409,-0.05184457243377972,0.018218784729599997
0.9375,0.5625,-0.1256862714798484,-0.0508545607436125,0.018081363888
0.9375,0.5750000000000001,-0.12453954784784267,-0.04986454905344527,0.0179439430464
0.9375,0.5875,-0.12339282421583697,-0.04887453736327805,0.017806522204799998
0.9375,0.6000000000000001,-0.12224610058383127,-0.04788452567311082,0.017669101363199997
0.9375,0.6125,-0.12109937695182557,-0.04689451398294359,0.017531680521599997
0.9375,0.625,-0.11995265331981987,-0.04590450229277636,0.01739425968
0.9375,0.6375000000000001,-0.11880592968781414,-0.04491449060260914,0.017256838838400002
0.9375,0.65,-0.11765920605580842,-0.04392447891244191,0.017119417996799998
0.9375,0.6625000000000001,-0.11651248242380274,-0.04293446722227469,0.0169819971552
0.9375,0.675,-0.11536575879179704,-0.04194445553210746,0.016844576313599997
0.9375,0.6875,-0.11421903515979134,-0.04095444384194024,0.016707155472
0.9375,0.7000000000000001,-0.11307231152778562,-0.039964432151773005,0.016569734630400002
0.9375,0.7125,-0.11192558789577989,-0.03897442046160578,0.016432313788799998
0.9375,0.7250000000000001,-0.11077886426377419,-0.037984408771438556,0.016294892947199997
0.9375,0.7375,-0.10963214063176852,-0.036994397081271335,0.0161574721056
0.9375,0.75,-0.10848541699976279,-0.03600438539110411,0.016020051264
0.9375,0.7625000000000001,-0.10733869336775707,-0.03501437370093688,0.015882630422400002
0.9375,0.775,-0.10619196973575139,-0.03402436201076966,0.015745209580799998
0.9375,0.7875000000000001,-0.10504524610374566,-0.033034350320602424,0.015607788739199999
0.9375,0.8,-0.10389852247173995,-0.0320443386304352,0.015470367897599998
0.9375,0.8125,-0.10275179883973423,-0.031054326940267978,0.015332947056
0.9375,0.8250000000000001,-0.10160507520772855,-0.030064315250100743,0.015195526214399997
0.9375,0.8375,-0.10045835157572285,-0.029074303559933526,0.0150581053728
0.9375,0.8500000000000001,-0.09931162794371712,-0.028084291869766295,0.014920684531199995
0.9375,0.8625,-0.09816490431171143,-0.02709428017959907,0.014783263689599998
0.9375,0.875,-0.0970181806797057,-0.02610426848943185,0.014645842848
0.9375,0.8875000000000001,-0.0958714570477,-0.025114256799264614,0.014508422006399999
0.9375,0.9,-0.0947247334156943,-0.024124245109097393,0.014371001164799996
0.9375,0.9125000000000001,-0.09357800978368858,-0.023134233418930162,0.014233580323199997
0.9375,0.925,-0.09243128615168289,-0.022144221728762938,0.014096159481600002
0.9375,0.9375,-0.09128456251967718,-0.02115421003859572,0.013958738639999997
0.9375,0.9500000000000001,-0.09013783888767149,-0.020164198348428485,0.013821317798399999
0.9375,0.9625,-0.08899111525566578,-0.019174186658261264,0.0136838969568
0.9375,0.9750000000000001,-0.08784439162366006,-0.01818417496809403,0.0135464761152
0.9375,0.9875,-0.08669766799165435,-0.017194163277926812,0.013409055273599998
0.9375,1.0,-0.08555094435964866,-0.016204151587759587,0.013271634432000001
0.9500000000000001,0.0,-0.17873176684041497,-0.09667715462515283,0.024419807354880002
0.9500000000000001,0.0125,-0.17756982781772865,-0.09567394277911673,0.024280554235391997
0.9500000000000001,0.025,-0.17640788879504232,-0.09467073093308061,0.024141301115904
0.9500000000000001,0.037500000000000006,-0.17524594977235602,-0.09366751908704449,0.024002047996416
0.9500000000000001,0.05,-0.17408401074966967,-0.09266430724100835,0.023862794876928002
0.9500000000000001,0.0625,-0.17292207172698335,-0.09166109539497223,0.02372354175744
0.9500000000000001,0.07500000000000001,-0.1717601327042971,-0.09065788354893613,0.023584288637952002
0.9500000000000001,0.08750000000000001,-0.17059819368161072,-0.0896546717029,0.023445035518464
0.9500000000000001,0.1,-0.16943625465892445,-0.08865145985686387,0.023305782398976002
0.9500000000000001,0.1125,-0.1682743156362381,-0.08764824801082773,0.023166529279487997
0.9500000000000001,0.125,-0.16711237661355174,-0.08664503616479163,0.02302727616
0.9500000000000001,0.1375,-0.16595043759086545,-0.08564182431875551,0.022888023040512
0.9500000000000001,0.15000000000000002,-0.16478849856817912,-0.08463861247271937,0.022748769921024
0.9500000000000001,0.1625,-0.16362655954549282,-0.08363540062668325,0.022609516801536
0.9500000000000001,0.17500000000000002,-0.1624646205228065,-0.08263218878064713,0.022470263682047995
0.9500000000000001,0.1875,-0.16130268150012023,-0.081628976934611,0.02233101056256
0.9500000000000001,0.2,-0.16014074247743387,-0.08062576508857489,0.022191757443072002
0.9500000000000001,0.21250000000000002,-0.15897880345474755,-0.07962255324253875,0.022052504323584
0.9500000000000001,0.225,-0.1578168644320612,-0.07861934139650265,0.021913251204096
0.9500000000000001,0.23750000000000002,-0.1566549254093749,-0.07761612955046653,0.021773998084608
0.9500000000000001,0.25,-0.1554929863866886,-0.07661291770443039,0.02163474496512
0.9500000000000001,0.2625,-0.15433104736400227,-0.07560970585839427,0.021495491845632
0.9500000000000001,0.275,-0.15316910834131595,-0.07460649401235815,0.021356238726143995
0.9500000000000001,0.28750000000000003,-0.15200716931862965,-0.07360328216632203,0.021216985606655997
0.9500000000000001,0.30000000000000004,-0.15084523029594332,-0.07260007032028591,0.021077732487168
0.9500000000000001,0.3125,-0.149683291273257,-0.07159685847424978,0.02093847936768
0.9500000000000001,0.325,-0.14852135225057067,-0.07059364662821366,0.020799226248192
0.9500000000000001,0.3375,-0.14735941322788434,-0.06959043478217757,0.020659973128704
0.9500000000000001,0.35000000000000003,-0.14619747420519805,-0.06858722293614142,0.020520720009216
0.9500000000000001,0.36250000000000004,-0.1450355351825117,-0.0675840110901053,0.020381466889728
0.9500000000000001,0.375,-0.1438735961598254,-0.06658079924406919,0.02024221377024
0.9500000000000001,0.3875,-0.14271165713713913,-0.06557758739803306,0.020102960650751997
0.9500000000000001,0.4,-0.14154971811445274,-0.06457437555199694,0.019963707531264
0.9500000000000001,0.41250000000000003,-0.14038777909176645,-0.06357116370596079,0.019824454411775997
0.9500000000000001,0.42500000000000004,-0.13922584006908012,-0.06256795185992468,0.019685201292288
0.9500000000000001,0.4375,-0.1380639010463938,-0.06156474001388857,0.0195459481728
0.9500000000000001,0.45,-0.1369019620237075,-0.060561528167852444,0.019406695053312002
0.9500000000000001,0.4625,-0.13574002300102117,-0.05955831632181631,0.019267441933824
0.9500000000000001,0.47500000000000003,-0.13457808397833484,-0.058555104475780204,0.019128188814336
0.9500000000000001,0.48750000000000004,-0.13341614495564852,-0.05755189262974407,0.018988935694847997
0.9500000000000001,0.5,-0.13225420593296222,-0.05654868078370795,0.01884968257536
0.9500000000000001,0.5125000000000001,-0.1310922669102759,-0.055545468937671816,0.018710429455871997
0.9500000000000001,0.525,-0.1299303278875896,-0.05454225709163572,0.018571176336384
0.9500000000000001,0.5375,-0.12876838886490324,-0.05353904524559959,0.018431923216895997
0.9500000000000001,0.55,-0.12760644984221692,-0.052535833399563456,0.018292670097408
0.9500000000000001,0.5625,-0.12644451081953065,-0.05153262155352735,0.01815341697792
0.9500000000000001,0.5750000000000001,-0.12528257179684427,-0.05052940970749121,0.018014163858431995
0.9500000000000001,0.5875,-0.124120632774158,-0.049526197861455096,0.017874910738944
0.9500000000000001,0.6000000000000001,-0.12295869375147166,-0.04852298601541897,0.017735657619456
0.9500000000000001,0.6125,-0.12179675472878534,-0.04751977416938284,0.017596404499968
0.9500000000000001,0.625,-0.12063481570609902,-0.04651656232334672,0.017457151380479995
0.9500000000000001,0.6375000000000001,-0.11947287668341271,-0.04551335047731061,0.017317898260991997
0.9500000000000001,0.65,-0.11831093766072637,-0.044510138631274475,0.017178645141504
0.9500000000000001,0.6625000000000001,-0.11714899863804003,-0.043506926785238355,0.017039392022016
0.9500000000000001,0.675,-0.11598705961535376,-0.042503714939202235,0.016900138902527995
0.9500000000000001,0.6875,-0.11482512059266742,-0.04150050309316612,0.01676088578304
0.9500000000000001,0.7000000000000001,-0.1136631815699811,-0.04049729124712999,0.016621632663552
0.9500000000000001,0.7125,-0.11250124254729477,-0.03949407940109387,0.016482379544064
0.9500000000000001,0.7250000000000001,-0.11133930352460847,-0.038490867555057734,0.016343126424576
0.9500000000000001,0.7375,-0.11017736450192216,-0.03748765570902163,0.016203873305087997
0.9500000000000001,0.75,-0.10901542547923582,-0.0364844438629855,0.0160646201856
0.9500000000000001,0.7625000000000001,-0.10785348645654949,-0.03548123201694938,0.015925367066111997
0.9500000000000001,0.775,-0.1066915474338632,-0.034478020170913254,0.015786113946624
0.9500000000000001,0.7875000000000001,-0.10552960841117687,-0.03347480832487713,0.015646860827135997
0.9500000000000001,0.8,-0.10436766938849057,-0.032471596478841014,0.015507607707647997
0.9500000000000001,0.8125,-0.10320573036580424,-0.03146838463280489,0.01536835458816
0.9500000000000001,0.8250000000000001,-0.10204379134311789,-0.03046517278676876,0.015229101468671997
0.9500000000000001,0.8375,-0.10088185232043158,-0.029461960940732643,0.015089848349184
0.9500000000000001,0.8500000000000001,-0.09971991329774527,-0.028458749094696516,0.014950595229696
0.9500000000000001,0.8625,-0.09855797427505895,-0.027455537248660396,0.014811342110208
0.9500000000000001,0.875,-0.09739603525237263,-0.026452325402624273,0.014672088990719999
0.9500000000000001,0.8875000000000001,-0.09623409622968632,-0.025449113556588146,0.014532835871231999
0.9500000000000001,0.9,-0.09507215720700002,-0.02444590171055203,0.014393582751744
0.9500000000000001,0.9125000000000001,-0.09391021818431369,-0.023442689864515903,0.014254329632256002
0.9500000000000001,0.925,-0.09274827916162734,-0.022439478018479786,0.014115076512767999
0.9500000000000001,0.9375,-0.09158634013894103,-0.021436266172443666,0.013975823393280002
0.9500000000000001,0.9500000000000001,-0.09042440111625472,-0.02043305432640754,0.013836570273792002
0.9500000000000001,0.9625,-0.08926246209356839,-0.019429842480371416,0.013697317154304002
0.9500000000000001,0.9750000000000001,-0.08810052307088206,-0.018426630634335285,0.013558064034815999
0.9500000000000001,0.9875,-0.08693858404819577,-0.017423418788299172,0.013418810915327999
0.9500000000000001,1.0,-0.08577664502550945,-0.016420206942263052,0.013279557795840002
0.9625,0.0,-0.18017469876072476,-0.09794922244916802,0.02457431294976
0.9625,0.0125,-0.17899754434735776,-0.096932810447263,0.024433227552383998
0.9625,0.025,-0.17782038993399085,-0.09591639844535797,0.024292142155008
0.9625,0.037500000000000006,-0.17664323552062391,-0.09489998644345296,0.024151056757631996
0.9625,0.05,-0.17546608110725698,-0.09388357444154793,0.024009971360256
0.9625,0.0625,-0.1742889266938901,-0.09286716243964291,0.02386888596288
0.9625,0.07500000000000001,-0.17311177228052316,-0.09185075043773791,0.023727800565504
0.9625,0.08750000000000001,-0.17193461786715616,-0.09083433843583288,0.023586715168128
0.9625,0.1,-0.17075746345378928,-0.08981792643392786,0.023445629770752
0.9625,0.1125,-0.16958030904042234,-0.08880151443202283,0.023304544373375997
0.9625,0.125,-0.1684031546270554,-0.08778510243011783,0.023163458976
0.9625,0.1375,-0.16722600021368844,-0.0867686904282128,0.023022373578623998
0.9625,0.15000000000000002,-0.16604884580032153,-0.08575227842630778,0.022881288181248
0.9625,0.1625,-0.16487169138695462,-0.08473586642440277,0.022740202783871996
0.9625,0.17500000000000002,-0.16369453697358768,-0.08371945442249774,0.022599117386496
0.9625,0.1875,-0.16251738256022075,-0.08270304242059273,0.022458031989119998
0.9625,0.2,-0.1613402281468538,-0.0816866304186877,0.022316946591743998
0.9625,0.21250000000000002,-0.16016307373348687,-0.0806702184167827,0.022175861194368
0.9625,0.225,-0.15898591932012,-0.07965380641487768,0.022034775796992
0.9625,0.23750000000000002,-0.157808764906753,-0.07863739441297266,0.021893690399615997
0.9625,0.25,-0.1566316104933861,-0.07762098241106763,0.02175260500224
0.9625,0.2625,-0.15545445608001918,-0.07660457040916262,0.021611519604864
0.9625,0.275,-0.15427730166665224,-0.0755881584072576,0.021470434207488
0.9625,0.28750000000000003,-0.1531001472532853,-0.07457174640535258,0.021329348810111996
0.9625,0.30000000000000004,-0.15192299283991836,-0.07355533440344754,0.021188263412736004
0.9625,0.3125,-0.15074583842655143,-0.07253892240154254,0.021047178015359998
0.9625,0.325,-0.14956868401318452,-0.07152251039963751,0.020906092617984
0.9625,0.3375,-0.1483915295998176,-0.0705060983977325,0.020765007220608
0.9625,0.35000000000000003,-0.1472143751864506,-0.06948968639582746,0.020623921823232
0.9625,0.36250000000000004,-0.1460372207730837,-0.06847327439392246,0.020482836425856
0.9625,0.375,-0.1448600663597168,-0.06745686239201745,0.020341751028479998
0.9625,0.3875,-0.14368291194634986,-0.06644045039011243,0.020200665631104002
0.9625,0.4,-0.14250575753298292,-0.06542403838820741,0.020059580233728
0.9625,0.41250000000000003,-0.14132860311961598,-0.06440762638630239,0.019918494836351996
0.9625,0.42500000000000004,-0.14015144870624904,-0.06339121438439738,0.019777409438976004
0.9625,0.4375,-0.1389742942928821,-0.06237480238249235,0.019636324041599998
0.9625,0.45,-0.1377971398795152,-0.06135839038058734,0.019495238644224002
0.9625,0.4625,-0.13661998546614823,-0.060341978378682326,0.019354153246848
0.9625,0.47500000000000003,-0.13544283105278132,-0.0593255663767773,0.019213067849471997
0.9625,0.48750000000000004,-0.13426567663941438,-0.05830915437487227,0.019071982452095997
0.9625,0.5,-0.1330885222260475,-0.057292742372967255,0.018930897054719998
0.9625,0.5125000000000001,-0.1319113678126805,-0.05627633037106223,0.018789811657344
0.9625,0.525,-0.1307342133993136,-0.05525991836915722,0.018648726259968
0.9625,0.5375,-0.1295570589859467,-0.054243506367252205,0.018507640862592
0.9625,0.55,-0.12837990457257975,-0.05322709436534719,0.018366555465216
0.9625,0.5625,-0.1272027501592128,-0.05221068236344217,0.018225470067839998
0.9625,0.5750000000000001,-0.12602559574584588,-0.051194270361537134,0.018084384670464
0.9625,0.5875,-0.12484844133247894,-0.05017785835963212,0.017943299273088
0.9625,0.6000000000000001,-0.12367128691911201,-0.04916144635772711,0.017802213875712
0.9625,0.6125,-0.12249413250574509,-0.04814503435582208,0.017661128478335997
0.9625,0.625,-0.12131697809237815,-0.04712862235391707,0.017520043080959998
0.9625,0.6375000000000001,-0.12013982367901124,-0.046112210352012045,0.017378957683584
0.9625,0.65,-0.11896266926564429,-0.04509579835010703,0.017237872286208
0.9625,0.6625000000000001,-0.11778551485227734,-0.04407938634820201,0.017096786888832
0.9625,0.675,-0.11660836043891043,-0.043062974346296995,0.016955701491456
0.9625,0.6875,-0.11543120602554352,-0.04204656234439198,0.016814616094079998
0.9625,0.7000000000000001,-0.11425405161217657,-0.041030150342486964,0.016673530696704002
0.9625,0.7125,-0.11307689719880966,-0.040013738340581945,0.016532445299328
0.9625,0.7250000000000001,-0.11189974278544271,-0.03899732633867691,0.016391359901952
0.9625,0.7375,-0.11072258837207577,-0.0379809143367719,0.016250274504575998
0.9625,0.75,-0.10954543395870885,-0.03696450233486689,0.016109189107200002
0.9625,0.7625000000000001,-0.10836827954534194,-0.03594809033296186,0.015968103709824
0.9625,0.775,-0.10719112513197498,-0.03493167833105685,0.015827018312448
0.9625,0.7875000000000001,-0.10601397071860805,-0.03391526632915182,0.015685932915072
0.9625,0.8,-0.10483681630524111,-0.03289885432724681,0.015544847517696
0.9625,0.8125,-0.1036596618918742,-0.03188244232534179,0.015403762120319998
0.9625,0.8250000000000001,-0.10248250747850723,-0.030866030323436763,0.015262676722943999
0.9625,0.8375,-0.10130535306514031,-0.029849618321531757,0.015121591325567998
0.9625,0.8500000000000001,-0.10012819865177339,-0.028833206319626728,0.014980505928191999
0.9625,0.8625,-0.09895104423840646,-0.027816794317721716,0.014839420530815998
0.9625,0.875,-0.09777388982503954,-0.026800382315816697,0.01469833513344
0.9625,0.8875000000000001,-0.0965967354116726,-0.02578397031391167,0.014557249736064001
0.9625,0.9,-0.09541958099830569,-0.02476755831200666,0.014416164338688
0.9625,0.9125000000000001,-0.09424242658493873,-0.023751146310101636,0.014275078941311997
0.9625,0.925,-0.09306527217157182,-0.02273473430819662,0.014133993543936
0.9625,0.9375,-0.09188811775820488,-0.021718322306291605,0.013992908146559999
0.9625,0.9500000000000001,-0.09071096334483796,-0.020701910304386582,0.013851822749184001
0.9625,0.9625,-0.08953380893147102,-0.019685498302481567,0.013710737351808002
0.9625,0.9750000000000001,-0.08835665451810408,-0.018669086300576537,0.013569651954431999
0.9625,0.9875,-0.08717950010473714,-0.017652674298671525,0.013428566557055998
0.9625,1.0,-0.08600234569137023,-0.01663626229676651,0.01328748115968
0.9750000000000001,0.0,-0.1816176306810345,-0.09922129027318319,0.02472881854464
0.9750000000000001,0.0125,-0.18042526087698696,-0.09819167811540927,0.024585900869376003
0.9750000000000001,0.025,-0.17923289107293944,-0.09716206595763537,0.024442983194112
0.9750000000000001,0.037500000000000006,-0.17804052126889186,-0.09613245379986146,0.024300065518848
0.9750000000000001,0.05,-0.17684815146484428,-0.09510284164208753,0.024157147843584
0.9750000000000001,0.0625,-0.17565578166079676,-0.09407322948431361,0.024014230168320005
0.9750000000000001,0.07500000000000001,-0.17446341185674924,-0.09304361732653971,0.023871312493056
0.9750000000000001,0.08750000000000001,-0.17327104205270166,-0.09201400516876578,0.023728394817792
0.9750000000000001,0.1,-0.17207867224865414,-0.09098439301099188,0.023585477142528
0.9750000000000001,0.1125,-0.1708863024446066,-0.08995478085321794,0.023442559467263997
0.9750000000000001,0.125,-0.16969393264055907,-0.08892516869544405,0.023299641792
0.9750000000000001,0.1375,-0.16850156283651152,-0.08789555653767013,0.023156724116736003
0.9750000000000001,0.15000000000000002,-0.16730919303246394,-0.08686594437989621,0.023013806441472003
0.9750000000000001,0.1625,-0.16611682322841642,-0.08583633222212231,0.022870888766208002
0.9750000000000001,0.17500000000000002,-0.16492445342436884,-0.08480672006434836,0.022727971090944
0.9750000000000001,0.1875,-0.16373208362032132,-0.08377710790657446,0.022585053415679998
0.9750000000000001,0.2,-0.16253971381627383,-0.08274749574880055,0.022442135740416
0.9750000000000001,0.21250000000000002,-0.16134734401222625,-0.08171788359102661,0.022299218065152
0.9750000000000001,0.225,-0.16015497420817873,-0.08068827143325272,0.022156300389888004
0.9750000000000001,0.23750000000000002,-0.15896260440413115,-0.0796586592754788,0.022013382714624004
0.9750000000000001,0.25,-0.1577702346000836,-0.07862904711770488,0.02187046503936
0.9750000000000001,0.2625,-0.15657786479603608,-0.07759943495993096,0.021727547364096
0.9750000000000001,0.275,-0.1553854949919885,-0.07656982280215704,0.021584629688832
0.9750000000000001,0.28750000000000003,-0.15419312518794098,-0.07554021064438314,0.021441712013568
0.9750000000000001,0.30000000000000004,-0.15300075538389346,-0.07451059848660922,0.021298794338304002
0.9750000000000001,0.3125,-0.15180838557984588,-0.07348098632883532,0.021155876663040002
0.9750000000000001,0.325,-0.1506160157757984,-0.0724513741710614,0.021012958987776
0.9750000000000001,0.3375,-0.14942364597175084,-0.07142176201328748,0.020870041312511998
0.9750000000000001,0.35000000000000003,-0.14823127616770326,-0.07039214985551355,0.020727123637247998
0.9750000000000001,0.36250000000000004,-0.1470389063636557,-0.06936253769773965,0.020584205961983997
0.9750000000000001,0.375,-0.1458465365596082,-0.06833292553996574,0.02044128828672
0.9750000000000001,0.3875,-0.14465416675556064,-0.06730331338219182,0.020298370611455997
0.9750000000000001,0.4,-0.1434617969515131,-0.0662737012244179,0.020155452936192
0.9750000000000001,0.41250000000000003,-0.14226942714746552,-0.06524408906664397,0.020012535260927996
0.9750000000000001,0.42500000000000004,-0.141077057343418,-0.06421447690887007,0.019869617585664
0.9750000000000001,0.4375,-0.13988468753937047,-0.06318486475109616,0.0197266999104
0.9750000000000001,0.45,-0.13869231773532298,-0.06215525259332225,0.019583782235136002
0.9750000000000001,0.4625,-0.13749994793127537,-0.06112564043554833,0.019440864559871995
0.9750000000000001,0.47500000000000003,-0.13630757812722785,-0.06009602827777441,0.019297946884607998
0.9750000000000001,0.48750000000000004,-0.1351152083231803,-0.059066416120000485,0.019155029209343997
0.9750000000000001,0.5,-0.13392283851913273,-0.05803680396222658,0.01901211153408
0.9750000000000001,0.5125000000000001,-0.13273046871508518,-0.05700719180445267,0.018869193858816
0.9750000000000001,0.525,-0.13153809891103765,-0.05597757964667876,0.018726276183552
0.9750000000000001,0.5375,-0.1303457291069901,-0.05494796748890485,0.018583358508287996
0.9750000000000001,0.55,-0.12915335930294256,-0.05391835533113092,0.018440440833023996
0.9750000000000001,0.5625,-0.12796098949889506,-0.052888743173357004,0.01829752315776
0.9750000000000001,0.5750000000000001,-0.12676861969484748,-0.05185913101558308,0.018154605482496
0.9750000000000001,0.5875,-0.12557624989079996,-0.050829518857809175,0.018011687807232002
0.9750000000000001,0.6000000000000001,-0.12438388008675243,-0.04979990670003526,0.017868770131967998
0.9750000000000001,0.6125,-0.12319151028270485,-0.04877029454226134,0.017725852456704
0.9750000000000001,0.625,-0.1219991404786573,-0.04774068238448743,0.017582934781439997
0.9750000000000001,0.6375000000000001,-0.12080677067460974,-0.046711070226713516,0.017440017106175997
0.9750000000000001,0.65,-0.11961440087056224,-0.04568145806893959,0.017297099430912
0.9750000000000001,0.6625000000000001,-0.1184220310665147,-0.04465184591116569,0.017154181755648
0.9750000000000001,0.675,-0.11722966126246714,-0.04362223375339176,0.017011264080384
0.9750000000000001,0.6875,-0.11603729145841962,-0.04259262159561786,0.01686834640512
0.9750000000000001,0.7000000000000001,-0.11484492165437206,-0.04156300943784394,0.016725428729856
0.9750000000000001,0.7125,-0.11365255185032454,-0.040533397280070015,0.016582511054592
0.9750000000000001,0.7250000000000001,-0.11246018204627696,-0.0395037851222961,0.016439593379328
0.9750000000000001,0.7375,-0.11126781224222941,-0.0384741729645222,0.016296675704064
0.9750000000000001,0.75,-0.11007544243818188,-0.03744456080674828,0.016153758028799998
0.9750000000000001,0.7625000000000001,-0.10888307263413433,-0.036414948648974356,0.016010840353535997
0.9750000000000001,0.775,-0.10769070283008679,-0.03538533649120045,0.015867922678272
0.9750000000000001,0.7875000000000001,-0.10649833302603923,-0.03435572433342652,0.015725005003008
0.9750000000000001,0.8,-0.10530596322199172,-0.033326112175652615,0.015582087327744002
0.9750000000000001,0.8125,-0.10411359341794418,-0.032296500017878704,0.01543916965248
0.9750000000000001,0.8250000000000001,-0.10292122361389663,-0.03126688786010478,0.015296251977216
0.9750000000000001,0.8375,-0.10172885380984907,-0.03023727570233087,0.015153334301951999
0.9750000000000001,0.8500000000000001,-0.10053648400580154,-0.02920766354455695,0.015010416626687999
0.9750000000000001,0.8625,-0.09934411420175399,-0.028178051386783035,0.014867498951424
0.9750000000000001,0.875,-0.09815174439770645,-0.027148439229009124,0.014724581276160003
0.9750000000000001,0.8875000000000001,-0.09695937459365889,-0.026118827071235202,0.014581663600896
0.9750000000000001,0.9,-0.09576700478961137,-0.025089214913461295,0.014438745925632
0.9750000000000001,0.9125000000000001,-0.09457463498556382,-0.024059602755687377,0.014295828250368
0.9750000000000001,0.925,-0.09338226518151627,-0.023029990597913462,0.014152910575104
0.9750000000000001,0.9375,-0.09218989537746876,-0.02200037844013955,0.014009992899840002
0.9750000000000001,0.9500000000000001,-0.0909975255734212,-0.02097076628236563,0.013867075224576001
0.9750000000000001,0.9625,-0.08980515576937365,-0.019941154124591715,0.013724157549311998
0.9750000000000001,0.9750000000000001,-0.0886127859653261,-0.018911541966817793,0.013581239874047997
0.9750000000000001,0.9875,-0.08742041616127856,-0.017881929809043885,0.013438322198784
0.9750000000000001,1.0,-0.08622804635723101,-0.016852317651269974,0.013295404523520002
0.9875,0.0,-0.18306056260134423,-0.10049335809719834,0.02488332413952
0.9875,0.0125,-0.18185297740661607,-0.09945054578355553,0.024738574186368
0.9875,0.025,-0.1806453922118879,-0.09840773346991273,0.024593824233216002
0.9875,0.037500000000000006,-0.17943780701715975,-0.0973649211562699,0.024449074280064
0.9875,0.05,-0.1782302218224316,-0.0963221088426271,0.024304324326912
0.9875,0.0625,-0.17702263662770346,-0.09527929652898429,0.02415957437376
0.9875,0.07500000000000001,-0.17581505143297532,-0.09423648421534148,0.024014824420608
0.9875,0.08750000000000001,-0.17460746623824716,-0.09319367190169867,0.023870074467456
0.9875,0.1,-0.173399881043519,-0.09215085958805586,0.023725324514304
0.9875,0.1125,-0.1721922958487908,-0.09110804727441303,0.023580574561152
0.9875,0.125,-0.1709847106540627,-0.09006523496077024,0.023435824608000002
0.9875,0.1375,-0.16977712545933454,-0.08902242264712741,0.023291074654847997
0.9875,0.15000000000000002,-0.16856954026460635,-0.0879796103334846,0.023146324701696
0.9875,0.1625,-0.1673619550698782,-0.0869367980198418,0.023001574748543998
0.9875,0.17500000000000002,-0.16615436987515006,-0.08589398570619897,0.022856824795392
0.9875,0.1875,-0.1649467846804219,-0.08485117339255618,0.02271207484224
0.9875,0.2,-0.16373919948569376,-0.08380836107891337,0.022567324889087997
0.9875,0.21250000000000002,-0.16253161429096558,-0.08276554876527055,0.022422574935936
0.9875,0.225,-0.16132402909623741,-0.08172273645162775,0.022277824982783995
0.9875,0.23750000000000002,-0.16011644390150925,-0.08067992413798493,0.022133075029631997
0.9875,0.25,-0.15890885870678112,-0.0796371118243421,0.021988325076479995
0.9875,0.2625,-0.15770127351205296,-0.07859429951069931,0.021843575123327998
0.9875,0.275,-0.15649368831732482,-0.0775514871970565,0.021698825170175996
0.9875,0.28750000000000003,-0.15528610312259664,-0.07650867488341367,0.021554075217024
0.9875,0.30000000000000004,-0.15407851792786847,-0.07546586256977086,0.021409325263871997
0.9875,0.3125,-0.15287093273314034,-0.07442305025612805,0.021264575310719996
0.9875,0.325,-0.15166334753841218,-0.07338023794248524,0.021119825357567998
0.9875,0.3375,-0.15045576234368405,-0.07233742562884245,0.020975075404416
0.9875,0.35000000000000003,-0.14924817714895586,-0.07129461331519962,0.020830325451264
0.9875,0.36250000000000004,-0.14804059195422772,-0.0702518010015568,0.020685575498111997
0.9875,0.375,-0.1468330067594996,-0.06920898868791402,0.02054082554496
0.9875,0.3875,-0.14562542156477143,-0.0681661763742712,0.020396075591808
0.9875,0.4,-0.14441783637004324,-0.06712336406062837,0.020251325638656
0.9875,0.41250000000000003,-0.1432102511753151,-0.06608055174698556,0.020106575685503995
0.9875,0.42500000000000004,-0.14200266598058692,-0.06503773943334275,0.019961825732351998
0.9875,0.4375,-0.14079508078585884,-0.06399492711969995,0.0198170757792
0.9875,0.45,-0.13958749559113062,-0.06295211480605714,0.019672325826048002
0.9875,0.4625,-0.13837991039640252,-0.06190930249241432,0.019527575872895997
0.9875,0.47500000000000003,-0.13717232520167433,-0.0608664901787715,0.019382825919744
0.9875,0.48750000000000004,-0.13596474000694614,-0.0598236778651287,0.019238075966591998
0.9875,0.5,-0.134757154812218,-0.058780865551485886,0.01909332601344
0.9875,0.5125000000000001,-0.13354956961748987,-0.05773805323784307,0.018948576060288
0.9875,0.525,-0.13234198442276168,-0.05669524092420027,0.018803826107136
0.9875,0.5375,-0.13113439922803355,-0.055652428610557456,0.018659076153984
0.9875,0.55,-0.12992681403330536,-0.05460961629691464,0.018514326200832
0.9875,0.5625,-0.12871922883857728,-0.05356680398327183,0.01836957624768
0.9875,0.5750000000000001,-0.1275116436438491,-0.05252399166962901,0.018224826294528002
0.9875,0.5875,-0.1263040584491209,-0.05148117935598621,0.018080076341375997
0.9875,0.6000000000000001,-0.12509647325439277,-0.0504383670423434,0.017935326388224
0.9875,0.6125,-0.1238888880596646,-0.04939555472870058,0.017790576435071998
0.9875,0.625,-0.12268130286493645,-0.04835274241505777,0.017645826481919997
0.9875,0.6375000000000001,-0.1214737176702083,-0.04730993010141495,0.017501076528768
0.9875,0.65,-0.12026613247548015,-0.04626711778777215,0.017356326575615998
0.9875,0.6625000000000001,-0.11905854728075198,-0.04522430547412933,0.017211576622464
0.9875,0.675,-0.11785096208602386,-0.04418149316048652,0.017066826669312
0.9875,0.6875,-0.11664337689129568,-0.04313868084684372,0.01692207671616
0.9875,0.7000000000000001,-0.11543579169656754,-0.04209586853320091,0.016777326763007996
0.9875,0.7125,-0.11422820650183937,-0.04105305621955809,0.016632576809856
0.9875,0.7250000000000001,-0.11302062130711124,-0.04001024390591528,0.016487826856704
0.9875,0.7375,-0.11181303611238308,-0.03896743159227247,0.016343076903552002
0.9875,0.75,-0.11060545091765492,-0.03792461927862966,0.0161983269504
0.9875,0.7625000000000001,-0.10939786572292676,-0.03688180696498684,0.016053576997248
0.9875,0.775,-0.1081902805281986,-0.03583899465134404,0.015908827044095998
0.9875,0.7875000000000001,-0.10698269533347043,-0.03479618233770122,0.015764077090943997
0.9875,0.8,-0.1057751101387423,-0.03375337002405841,0.015619327137792
0.9875,0.8125,-0.10456752494401414,-0.0327105577104156,0.015474577184640003
0.9875,0.8250000000000001,-0.10335993974928596,-0.03166774539677278,0.015329827231488001
0.9875,0.8375,-0.1021523545545578,-0.030624933083129982,0.015185077278336
0.9875,0.8500000000000001,-0.10094476935982966,-0.029582120769487165,0.015040327325184002
0.9875,0.8625,-0.09973718416510151,-0.028539308455844355,0.014895577372031997
0.9875,0.875,-0.09852959897037333,-0.027496496142201548,0.01475082741888
0.9875,0.8875000000000001,-0.09732201377564519,-0.026453683828558727,0.014606077465727998
0.9875,0.9,-0.09611442858091704,-0.025410871514915924,0.014461327512576
0.9875,0.9125000000000001,-0.09490684338618889,-0.024368059201273103,0.014316577559423999
0.9875,0.925,-0.09369925819146074,-0.023325246887630297,0.014171827606272001
0.9875,0.9375,-0.09249167299673258,-0.02228243457398749,0.01402707765312
0.9875,0.9500000000000001,-0.09128408780200442,-0.021239622260344673,0.013882327699967998
0.9875,0.9625,-0.09007650260727625,-0.020196809946701862,0.013737577746815999
0.9875,0.9750000000000001,-0.08886891741254808,-0.019153997633059045,0.013592827793664
0.9875,0.9875,-0.08766133221781995,-0.018111185319416242,0.013448077840512
0.9875,1.0,-0.08645374702309179,-0.01706837300577343,0.01330332788736
1.0,0.0,-0.18450349452165402,-0.10176542592121351,0.0250378297344
1.0,0.0125,-0.18328069393624521,-0.10070941345170181,0.024891247503359998
1.0,0.025,-0.18205789335083644,-0.0996534009821901,0.02474466527232
1.0,0.037500000000000006,-0.1808350927654277,-0.09859738851267838,0.024598083041280003
1.0,0.05,-0.17961229218001895,-0.09754137604316668,0.02445150081024
1.0,0.0625,-0.17838949159461015,-0.09648536357365496,0.0243049185792
1.0,0.07500000000000001,-0.17716669100920138,-0.09542935110414326,0.02415833634816
1.0,0.08750000000000001,-0.17594389042379263,-0.09437333863463156,0.024011754117119997
1.0,0.1,-0.17472108983838386,-0.09331732616511985,0.023865171886080002
1.0,0.1125,-0.17349828925297506,-0.09226131369560812,0.02371858965504
1.0,0.125,-0.17227548866756628,-0.09120530122609644,0.023572007424
1.0,0.1375,-0.17105268808215757,-0.09014928875658473,0.023425425192960002
1.0,0.15000000000000002,-0.1698298874967488,-0.089093276287073,0.023278842961919996
1.0,0.1625,-0.16860708691134002,-0.0880372638175613,0.02313226073088
1.0,0.17500000000000002,-0.16738428632593122,-0.08698125134804958,0.022985678499839998
1.0,0.1875,-0.16616148574052247,-0.0859252388785379,0.0228390962688
1.0,0.2,-0.1649386851551137,-0.08486922640902618,0.022692514037759997
1.0,0.21250000000000002,-0.16371588456970493,-0.08381321393951449,0.022545931806719998
1.0,0.225,-0.16249308398429618,-0.08275720147000278,0.02239934957568
1.0,0.23750000000000002,-0.16127028339888738,-0.08170118900049106,0.02225276734464
1.0,0.25,-0.16004748281347864,-0.08064517653097934,0.022106185113599998
1.0,0.2625,-0.15882468222806986,-0.07958916406146765,0.02195960288256
1.0,0.275,-0.15760188164266112,-0.07853315159195594,0.02181302065152
1.0,0.28750000000000003,-0.15637908105725232,-0.07747713912244422,0.021666438420479998
1.0,0.30000000000000004,-0.15515628047184354,-0.07642112665293253,0.021519856189440002
1.0,0.3125,-0.1539334798864348,-0.07536511418342082,0.0213732739584
1.0,0.325,-0.15271067930102605,-0.07430910171390911,0.021226691727359998
1.0,0.3375,-0.15148787871561725,-0.0732530892443974,0.02108010949632
1.0,0.35000000000000003,-0.1502650781302085,-0.07219707677488568,0.02093352726528
1.0,0.36250000000000004,-0.1490422775447997,-0.071141064305374,0.02078694503424
1.0,0.375,-0.14781947695939096,-0.07008505183586226,0.020640362803200002
1.0,0.3875,-0.14659667637398222,-0.06902903936635058,0.020493780572160003
1.0,0.4,-0.14537387578857341,-0.06797302689683887,0.02034719834112
1.0,0.41250000000000003,-0.14415107520316464,-0.06691701442732714,0.02020061611008
1.0,0.42500000000000004,-0.14292827461775592,-0.06586100195781544,0.02005403387904
1.0,0.4375,-0.14170547403234715,-0.06480498948830374,0.019907451647999997
1.0,0.45,-0.14048267344693838,-0.06374897701879204,0.019760869416959998
1.0,0.4625,-0.13925987286152955,-0.0626929645492803,0.019614287185919996
1.0,0.47500000000000003,-0.1380370722761208,-0.06163695207976862,0.019467704954879997
1.0,0.48750000000000004,-0.13681427169071209,-0.0605809396102569,0.019321122723839998
1.0,0.5,-0.1355914711053033,-0.05952492714074519,0.0191745404928
1.0,0.5125000000000001,-0.1343686705198945,-0.05846891467123348,0.01902795826176
1.0,0.525,-0.13314586993448574,-0.05741290220172179,0.018881376030719998
1.0,0.5375,-0.131923069349077,-0.056356889732210085,0.01873479379968
1.0,0.55,-0.1307002687636682,-0.05530087726269836,0.01858821156864
1.0,0.5625,-0.12947746817825942,-0.05424486479318666,0.018441629337599998
1.0,0.5750000000000001,-0.12825466759285065,-0.05318885232367495,0.01829504710656
1.0,0.5875,-0.1270318670074419,-0.052132839854163254,0.01814846487552
1.0,0.6000000000000001,-0.12580906642203316,-0.05107682738465153,0.018001882644479997
1.0,0.6125,-0.12458626583662438,-0.05002081491513982,0.01785530041344
1.0,0.625,-0.12336346525121561,-0.04896480244562812,0.017708718182400003
1.0,0.6375000000000001,-0.12214066466580684,-0.04790878997611641,0.01756213595136
1.0,0.65,-0.12091786408039806,-0.046852777506604715,0.017415553720320002
1.0,0.6625000000000001,-0.11969506349498929,-0.04579676503709299,0.01726897148928
1.0,0.675,-0.11847226290958056,-0.044740752567581296,0.01712238925824
1.0,0.6875,-0.11724946232417176,-0.04368474009806958,0.0169758070272
1.0,0.7000000000000001,-0.116026661738763,-0.04262872762855787,0.01682922479616
1.0,0.7125,-0.11480386115335423,-0.04157271515904616,0.01668264256512
1.0,0.7250000000000001,-0.11358106056794548,-0.04051670268953445,0.016536060334079995
1.0,0.7375,-0.1123582599825367,-0.03946069022002276,0.016389478103039996
1.0,0.75,-0.1111354593971279,-0.03840467775051105,0.016242895872
1.0,0.7625000000000001,-0.10991265881171917,-0.03734866528099934,0.016096313640959998
1.0,0.775,-0.10868985822631037,-0.03629265281148763,0.01594973140992
1.0,0.7875000000000001,-0.10746705764090164,-0.03523664034197591,0.01580314917888
1.0,0.8,-0.10624425705549284,-0.03418062787246421,0.015656566947839998
1.0,0.8125,-0.1050214564700841,-0.0331246154029525,0.015509984716799997
1.0,0.8250000000000001,-0.10379865588467531,-0.03206860293344079,0.015363402485759998
1.0,0.8375,-0.10257585529926655,-0.031012590463929093,0.015216820254719998
1.0,0.8500000000000001,-0.10135305471385778,-0.02995657799441738,0.015070238023679999
1.0,0.8625,-0.10013025412844902,-0.02890056552490567,0.01492365579264
1.0,0.875,-0.09890745354304029,-0.02784455305539397,0.014777073561599999
1.0,0.8875000000000001,-0.09768465295763148,-0.026788540585882255,0.01463049133056
1.0,0.9,-0.09646185237222273,-0.025732528116370553,0.014483909099520001
1.0,0.9125000000000001,-0.09523905178681394,-0.024676515646858837,0.01433732686848
1.0,0.925,-0.0940162512014052,-0.02362050317734713,0.014190744637439998
1.0,0.9375,-0.09279345061599642,-0.02256449070783543,0.014044162406400001
1.0,0.9500000000000001,-0.09157065003058763,-0.02150847823832372,0.013897580175359999
1.0,0.9625,-0.09034784944517889,-0.02045246576881201,0.01375099794432
1.0,0.9750000000000001,-0.0891250488597701,-0.019396453299300297,0.01360441571328
1.0,0.9875,-0.08790224827436136,-0.0183404408297886,0.01345783348224
1.0,1.0,-0.08667944768895258,-0.017284428360276893,0.013311251251200001
