t,name,C,q,a,F,H,work_lawfulness,work_record_intensity,work_fidelity,kingdom_lawfulness,kingdom_record_intensity,kingdom_fidelity,kingdom_overlap,ai_consolidation,ai_governance,ai_fidelity,ai_opacity,digital_work_record,digital_kingdom_record,ai_consolidated_record,P_ref,P,K,O,work_benefit,work_cost,kingdom_benefit,kingdom_cost,kingdom_presence_lift,grace_coherence,grace_relief,work_to_kingdom_bleed,kingdom_to_work_bleed,ai_audit,ai_scale,ai_false,ai_context_loss,ai_net,future_tension,benefit,cost,net,dF,dq,dC,dH
0,Oppressive work recording with weak Kingdom channel,0.5475801680210655,0.2576840407658396,0.82,0.9840744696891451,0.3632207307628282,0.12,0.9,0.8,0.88,0.28,0.92,0.25,0.72,0.24,0.82,0.74,0.7200000000000001,0.25760000000000005,0.57717504,0.24615384615384617,0.24615384615384617,0.4954999939062502,0.3566999999999999,0.00257427907861645,0.0569530712622628,0.006754145552932938,0.0062809967054538365,0.010016484016015443,7.572461916107675e-05,0.0003505769405605405,0.016836121209600003,0.00019872704287774638,0.0002245782067555087,0.028362896245184812,0.013501676599311629,0.005429163801600001,-0.04706915843934093,0.0008687600857007378,0.010242537597967399,0.12823268590911382,-0.11799014831114643,-0.06592553031085487,0.007684040765839633,-0.03241983197893446,0.0632207307628282
1,Oppressive work recording with weak Kingdom channel,0.5128689176807212,0.2657502938865888,0.82,0.9172570114817149,0.4267606264325642,0.12,0.9,0.8,0.88,0.28,0.92,0.25,0.72,0.24,0.82,0.74,1.4328000000000003,0.5126240000000001,1.1485783295999998,0.24615384615384617,0.24105611429898913,0.47912561229930845,0.33331154809937114,0.0024447871115439185,0.05813098292270621,0.006414396999324859,0.006369467923152248,0.009050410698805064,7.37025351784873e-05,0.00031871159875137916,0.01839382111401079,0.00017956014826429244,0.0002029180101409526,0.028735111749828124,0.013807032786126468,0.0056265518576148555,-0.04796577838342849,0.0009442869448798744,0.009687079617808673,0.13200725529831858,-0.1223201756805099,-0.06681745820743024,0.008066253120749167,-0.034711250340344287,0.06353989566973597
2,Oppressive work recording with weak Kingdom channel,0.47569076947950184,0.27422992198836293,0.82,0.849514424219316,0.490634263282835,0.12,0.9,0.8,0.88,0.28,0.92,0.25,0.72,0.24,0.82,0.74,2.138472,0.7650977600000001,1.7142675863039998,0.24615384615384617,0.23682871849706075,0.4623840421878534,0.3087905587070537,0.002311960490963091,0.05938062095675263,0.006065899302956495,0.006461845406183494,0.008091618340125943,7.095021839532138e-05,0.0002867751121769107,0.020096440147413408,0.0001605377078680987,0.00018142105889351308,0.02912300321429738,0.014119236454835394,0.0058334980226827675,-0.04889431663292203,0.0010266743808352006,0.009119876329619872,0.13604131858300028,-0.12692144225338042,-0.06774258726239885,0.008479628101774168,-0.03717814820121934,0.06387363685027084
3,Oppressive work recording with weak Kingdom channel,0.4358544420107098,0.28315747685467363,0.82,0.7808082878513914,0.5548580356296684,0.12,0.9,0.8,0.88,0.28,0.92,0.25,0.72,0.24,0.82,0.74,2.8370872800000004,1.0150467824000002,2.27429995044096,0.24615384615384617,0.2334195518828097,0.44517432247082067,0.283098544037134,0.002175476740251081,0.060712440473403045,0.005707806380718022,0.006558810082898699,0.007142270294018577,6.740564835647326e-05,0.00025482504654787864,0.021958808464032052,0.00014170264263332856,0.0001601358572757851,0.0295287986016034,0.01444017036947663,0.006050327116474317,-0.04985916023027857,0.0011167414923956669,0.008539938451542358,0.1403660966002838,-0.13182615814874143,-0.06870613636792457,0.008927554866310678,-0.039836327468792065,0.06422377234683344
4,Oppressive work recording with weak Kingdom channel,0.3931514188687515,0.2925712182903986,0.82,0.711094877860808,0.6194502326716549,0.12,0.9,0.8,0.88,0.28,0.92,0.25,0.72,0.24,0.82,0.74,3.5287164072000006,1.2624963145760002,2.82873199093655,0.24615384615384617,0.23079478047623467,0.4274002491292626,0.2561999783067455,0.0020350661934208716,0.06213765881304486,0.00533941070896054,0.006661064033955836,0.00620558029111313,6.301531000759245e-05,0.00022295662896538684,0.023997375639708954,0.00012311871297568448,0.00013913445989902388,0.029954809992802173,0.014771628582069195,0.006277338960681349,-0.05086464307565369,0.0012154077254961726,0.00794656482829709,0.14501528374775852,-0.13706871891946143,-0.06971340999058337,0.009413741435724963,-0.04270302314195828,0.0645921970419865
5,Oppressive work recording with weak Kingdom channel,0.34735440969091963,0.30251346871524676,0.82,0.640325013595922,0.6844311393444777,0.12,0.9,0.8,0.88,0.28,0.92,0.25,0.72,0.24,0.82,0.74,4.213429243128001,1.5074713514302402,3.377619711027185,0.24615384615384617,0.2289378888441962,0.40896921237834144,0.22806383600773208,0.001890513223008471,0.0636684192396094,0.0049601465451081525,0.006769340170906805,0.0052858590642297565,5.7738889317376375e-05,0.00019130578013015848,0.026230363605701437,0.00010487144383431836,0.00011851351710929939,0.03040346209469209,0.015115338117879663,0.006514795396693272,-0.05191508209215572,0.001323706904574035,0.007339352536089617,0.1500254255300567,-0.1426860729939671,-0.07076986426488605,0.009942250424848125,-0.045797009177831846,0.06498090667282282
6,Oppressive work recording with weak Kingdom channel,0.2982157163522782,0.3130310021764626,0.82,0.568443854563765,0.7498231589398129,0.12,0.9,0.8,0.88,0.28,0.92,0.25,0.72,0.24,0.82,0.74,4.891294950696721,1.749996637915938,3.9210185539169133,0.24615384615384617,0.22784969970034274,0.3897915813272915,0.19866551832026172,0.001741660378728794,0.06531794805625263,0.004569600786264732,0.0068844103484897185,0.004388574640786334,5.155530996692623e-05,0.00016005297218641852,0.02867792129857608,8.706932087320087e-05,9.839562679525532e-05,0.03087731638142786,0.015472970450535686,0.006762904027529199,-0.05301479523269749,0.0014428023857193696,0.00671821912981941,0.15543627294853052,-0.14871805381871112,-0.07188115903215701,0.01051753346121585,-0.0491386933386414,0.06539201959533511
7,Oppressive work recording with weak Kingdom channel,0.2454655236255278,0.32417546503439665,0.82,0.4953906600151882,0.8156509551281514,0.12,0.9,0.8,0.88,0.28,0.92,0.25,0.72,0.24,0.82,0.74,5.562382001189754,1.9900966715367787,4.458983408377744,0.24615384615384617,0.2275494210825782,0.3697806730181965,0.16798926047415735,0.0015884155039780866,0.06710070201862586,0.004167531640807691,0.007007091691320806,0.003520418270854161,4.447033585833129e-05,0.00012942771324727913,0.03136227447653844,6.984509849374656e-05,7.893081255195379e-05,0.03137909026590778,0.01584614207940356,0.007021797900786804,-0.05416809943354619,0.0015740031108912589,0.006083436624870717,0.1612911015434745,-0.1552076649186038,-0.07305319454857678,0.011144462857934,-0.05275019272675044,0.06582779618833855
8,Oppressive work recording with weak Kingdom channel,0.1888101453397111,0.33600382323173805,0.82,0.4210985312161074,0.8819416102250757,0.12,0.9,0.8,0.88,0.28,0.92,0.25,0.72,0.24,0.82,0.74,6.226758181177856,2.227795704821411,4.991568614293967,0.24615384615384617,0.22807689364583955,0.3488534184295297,0.1360311311505347,0.0014307620912142544,0.06903249783413423,0.0037538957978376954,0.007138250521904514,0.0026893655161002628,3.652594202646493e-05,9.971337132202701e-05,0.03430786095207344,5.3357011839429215e-05,6.029789334762605e-05,0.031911669616245655,0.016236402109680952,0.0072915101950362425,-0.05537928402761522,0.0017187800399671531,0.005435677282786436,0.1676369712690422,-0.16220129398625577,-0.07429212879908079,0.011828358197341422,-0.05665537828581668,0.06629065509692424
9,Oppressive work recording with weak Kingdom channel,0.12793027326308656,0.34857882747586644,0.82,0.3454941637268233,0.9487247947482794,0.12,0.9,0.8,0.88,0.28,0.92,0.25,0.72,0.24,0.82,0.74,6.884490599366077,2.4631177477731967,5.518827968151028,0.24615384615384617,0.22949636763799058,0.32693193840898527,0.102802756005315,0.001268773358141327,0.0711306078670275,0.0033288853589159857,0.007278802715539126,0.0019047178273837746,2.7811579996157498e-05,7.125188838774644e-05,0.037541437103675614,3.778960169529409e-05,4.2705415729226996e-05,0.032478111406715984,0.016645202863754822,0.0075719427949498316,-0.056652551649691414,0.0018787819346475533,0.004776071672452953,0.17452488668631042,-0.16974881501385747,-0.07560436748928415,0.012575004244128392,-0.06087987207662454,0.06678318452320375
10,Oppressive work recording with weak Kingdom channel,0.06247929789483625,0.36196948235794346,0.82,0.26849765078808274,1.0160329399602956,0.12,0.9,0.8,0.88,0.28,0.92,0.25,0.72,0.24,0.82,0.74,7.535645693372416,2.696086570295465,6.040814728469518,0.24615384615384617,0.23190236948227402,0.3039463894354322,0.06833592066050559,0.001102630818858299,0.07341379396685285,0.0028929765632563667,0.007429708444549138,0.001177103302465939,1.8477290795806617e-05,4.444766456080961e-05,0.04109213559303612,2.335372952092423e-05,2.6391670810946587e-05,0.0330816309643773,0.017073846812264874,0.007862827444117787,-0.05799191354994901,0.002055848625152632,0.0041062798932418685,0.1820097918503507,-0.17790351195710885,-0.07699651293874055,0.013390654882077038,-0.06545097536825031,0.0673081452120163
11,Oppressive work recording with weak Kingdom channel,0.0,0.3762514976903124,0.82,0.19002240206683407,1.0839013991495623,0.12,0.9,0.8,0.88,0.28,0.92,0.25,0.72,0.24,0.82,0.74,8.180289236438693,2.9267257045925104,6.557581621184823,0.24615384615384617,0.2354285809453584,0.2798396693590479,0.03268823299775879,0.0009326485617515541,0.07590223121908793,0.002446993485721485,0.007591957879395868,0.0005184050976043875,8.748279199457302e-06,1.976945382820707e-05,0.044991446289798495,1.0285157136471048e-05,1.1623089200437888e-05,0.033725564533684055,0.01752339881953071,0.008163677957827298,-0.05940101822184162,0.0022520184601493793,0.003428577419004616,0.19015029515947374,-0.1867217177404691,-0.07847524872124868,0.014282015332368963,-0.0703974982606319,0.06786845918926661
12,Oppressive work recording with weak Kingdom channel,0.0,0.3914007798053128,0.82,0.11007671944896572,1.1523246023988183,0.12,0.9,0.8,0.88,0.28,0.92,0.25,0.72,0.24,0.82,0.74,8.818486344074307,3.1550584475465855,7.0691808449729745,0.24615384615384617,0.24026125679242968,0.2573463229874351,0.0,0.0007782152807140039,0.07834511390181806,0.0020418063142881495,0.007748481355354983,0.0,0.0,0.0,0.04878720000000001,0.0,0.0,0.03437664630192258,0.017942863971963048,0.008439552,-0.060759062273885625,0.00244768009829474,0.0028200215950021533,0.1980875376293534,-0.19526751603435125,-0.07994568261786836,0.015149282115000383,-0.07514662401965896,0.06842320324925605
13,Oppressive work recording with weak Kingdom channel,0.0,0.40658081022838727,0.82,0.02944307292112261,1.2209628816435203,0.12,0.9,0.8,0.88,0.28,0.92,0.25,0.72,0.24,0.82,0.74,9.450301480633565,3.3811078630711195,7.575664076523245,0.24615384615384617,0.24666120299817862,0.2574589695193771,0.0,0.0007785559238265965,0.07865241439123076,0.0020427000608842995,0.007761253492927509,0.0,0.0,0.0,0.04878720000000001,0.0,0.0,0.03475354617481727,0.01794076329321515,0.008439552,-0.061133861468032416,0.002474306157293251,0.002821255984710896,0.19880903550948392,-0.19598777952477303,-0.0806336465278431,0.015180030423074456,-0.07515194923145867,0.06863827924470191
14,Oppressive work recording with weak Kingdom channel,0.0,0.42178757615068413,0.82,0.0,1.289805499253579,0.12,0.9,0.8,0.88,0.28,0.92,0.25,0.72,0.24,0.82,0.74,10.07579846582723,3.6048967844404083,8.077082475758013,0.24615384615384617,0.2549796544992663,0.25873301809115334,0.0,0.0007824086467076479,0.0788948284464667,0.002052808464176658,0.007768542201103538,0.0,0.0,0.0,0.04878720000000001,0.0,0.0,0.035115485790466895,0.017917004312690988,0.008439552,-0.06147204210315789,0.0024976747148252056,0.002835217110884306,0.19942028746555332,-0.19658507035466902,-0.08128056646728338,0.015206765922296852,-0.07515662294296505,0.06884261761005867
15,Oppressive work recording with weak Kingdom channel,0.0,0.4370456366860327,0.82,0.0,1.3589202215210834,0.12,0.9,0.8,0.88,0.28,0.92,0.25,0.72,0.24,0.82,0.74,10.695040481168958,3.826447816596004,8.573486691000433,0.24615384615384617,0.25187237851381594,0.2530378303838686,0.0,0.0007651863990808189,0.07953153540514482,0.0020076223892920445,0.007808944453969974,0.0,0.0,0.0,0.04878720000000001,0.0,0.0,0.03557292293848164,0.018023210509861446,0.008439552,-0.06203568544834309,0.0025410607982636235,0.0027728087883728634,0.2007044261057215,-0.19793161731734865,-0.08218443298583081,0.015258060535348533,-0.07516530015965274,0.06911472226750445
16,Oppressive work recording with weak Kingdom channel,0.0,0.45237011092186846,0.82,0.0,1.428350155258728,0.12,0.9,0.8,0.88,0.28,0.92,0.25,0.72,0.24,0.82,0.74,11.308090076357269,4.045783338430044,9.06492686409043,0.24615384615384617,0.2418967529158554,0.24314441864822944,0.0,0.000735268721992246,0.08040959259531995,0.0019291272691085446,0.007869456610836977,0.0,0.0,0.0,0.04878720000000001,0.0,0.0,0.03609127501645429,0.01820770691129521,0.008439552,-0.0627385339277495,0.00259709622941749,0.002664395991100791,0.2024018793633239,-0.1997374833722231,-0.08325030099347205,0.015324474235835765,-0.07517650724588351,0.06942993373764465
17,Oppressive work recording with weak Kingdom channel,0.0,0.4677602325599799,0.82,0.0,1.4980949796605965,0.12,0.9,0.8,0.88,0.28,0.92,0.25,0.72,0.24,0.82,0.74,11.915009175593697,4.262925505045744,9.551452635449525,0.24615384615384617,0.23250122194662515,0.23358789863749024,0.0,0.0007063698054797707,0.08127345246357792,0.0018533050748217388,0.007928574362153851,0.0,0.0,0.0,0.04878720000000001,0.0,0.0,0.03660950103407465,0.018385920817612252,0.008439552,-0.06343497385168691,0.002652873884831092,0.0025596748803015093,0.20407707456224977,-0.20151739968194826,-0.0843131012522268,0.015390121638111435,-0.07518766277696623,0.06974482440186844
18,Oppressive work recording with weak Kingdom channel,0.0,0.4832153190325469,0.82,0.0,1.5681545467779217,0.12,0.9,0.8,0.88,0.28,0.92,0.25,0.72,0.24,0.82,0.74,12.51585908383776,4.477896249995286,10.03311314909503,0.24615384615384617,0.2236401572868298,0.22434065717026286,0.0,0.000678406147282875,0.08212451442809277,0.0017799367212414394,0.007986422000886895,0.0,0.0,0.0,0.04878720000000001,0.0,0.0,0.0371278404961373,0.018558367170749126,0.008439552,-0.06412575966688643,0.0027084468692565363,0.0024583428685243146,0.2057323429651226,-0.2032740000965983,-0.08537355012204625,0.015455086472566998,-0.07519877737385132,0.0700595671173252
19,Oppressive work recording with weak Kingdom channel,0.0,0.49873476334085104,0.82,0.0,1.6385288654876426,0.12,0.9,0.8,0.88,0.28,0.92,0.25,0.72,0.24,0.82,0.74,13.110700492999383,4.690717287495334,10.50995705760408,0.24615384615384617,0.21527247047977544,0.21537782661122165,0.0,0.0006513025476723344,0.08296404074419371,0.0017088249065595619,0.008043111545684664,0.0,0.0,0.0,0.04878720000000001,0.0,0.0,0.03764651075686643,0.018725509712572877,0.008439552,-0.0648115724694393,0.0027638633312878336,0.002360127454231896,0.2073697880906055,-0.2050096606363736,-0.08643229637881944,0.015519444308304164,-0.07520986066625758,0.07037431870972106
20,Oppressive work recording with weak Kingdom channel,0.0,0.5143180268799091,0.82,0.0,1.709218087425322,0.12,0.9,0.8,0.88,0.28,0.92,0.25,0.72,0.24,0.82,0.74,13.69959348806939,4.90141011462038,10.98203252702804,0.24615384615384617,0.20736106834522827,0.20667695505425948,0.0,0.0006249911120840808,0.08379317304068953,0.0016397914955568994,0.008098744217879572,0.0,0.0,0.0,0.04878720000000001,0.0,0.0,0.03816570974434478,0.018887767135440884,0.008439552,-0.06549302887978567,0.002819167065506942,0.00226478260764098,0.2089913132038617,-0.2067265305962207,-0.08748992945586634,0.015583263539058076,-0.0752209214131014,0.07068922193767935
21,Oppressive work recording with weak Kingdom channel,0.0,0.5299646331107762,0.82,0.0,1.7802224946050167,0.12,0.9,0.8,0.88,0.28,0.92,0.25,0.72,0.24,0.82,0.74,14.282597553188696,5.109996013474176,11.449387241757758,0.24615384615384617,0.19987238447877892,0.19821772262376616,0.0,0.000599410393214269,0.08461294653981552,0.0015726752687147709,0.008153411711786657,0.0,0.0,0.0,0.04878720000000001,0.0,0.0,0.038685618299383176,0.019045518372731017,0.008439552,-0.06617068867211419,0.0028743980300031096,0.00217208566192904,0.21059864495371947,-0.20842655929179044,-0.08854698652431217,0.015646606230867152,-0.07523196760600064,0.07100440717969471
22,Oppressive work recording with weak Kingdom channel,0.0,0.5456741619642687,0.82,0.0,1.851542488493128,0.12,0.9,0.8,0.88,0.28,0.92,0.25,0.72,0.24,0.82,0.74,14.85977157765681,5.316496053339434,11.912068409340181,0.24615384615384617,0.19277597476643682,0.1899816965732686,0.0,0.0005745046504375644,0.08542430232911498,0.0015073299791480393,0.008207197291137397,0.0,0.0,0.0,0.04878720000000001,0.0,0.0,0.03920640219067951,0.019199107165862688,0.008439552,-0.0668450613565422,0.002929592792771432,0.0020818346295856036,0.212193353769566,-0.21011151913998038,-0.08960395859791458,0.015709528853492426,-0.0752430065585543,0.0713199938881112
23,Oppressive work recording with weak Kingdom channel,0.0,0.5614462448779594,0.82,0.0,1.9231785803397687,0.12,0.9,0.8,0.88,0.28,0.92,0.25,0.72,0.24,0.82,0.74,15.431173861880243,5.520931092806039,12.37012276524678,0.24615384615384617,0.18604416697723597,0.18195211915500292,0.0,0.000550223208324729,0.08622809798835848,0.0014436226695453257,0.00826017673867667,0.0,0.0,0.0,0.04878720000000001,0.0,0.0,0.03972821385708685,0.019348846020192104,0.008439552,-0.06751661187727896,0.002984784918097424,0.0019938458778700546,0.2137768715224115,-0.21178302564454146,-0.09066129581492258,0.01577208291369073,-0.0752540449836195,0.07163609184664085
24,Oppressive work recording with weak Kingdom channel,0.0,0.5772805603832647,0.82,0.0,1.9951313826013402,0.12,0.9,0.8,0.88,0.28,0.92,0.25,0.72,0.24,0.82,0.74,15.99686212326144,5.723321781877979,12.823596577594312,0.24615384615384617,0.17965175621593837,0.17411372327716418,0.0,0.0005265198991901446,0.08702511682206161,0.001381432209578883,0.008312419181269322,0.0,0.0,0.0,0.04878720000000001,0.0,0.0,0.04025119391893743,0.019495019642711525,0.008439552,-0.06818576556164896,0.003040005302102732,0.0019079521087690277,0.21535050686708263,-0.21344255475831359,-0.0917194120229827,0.015834315505305376,-0.07526508906042055,0.07195280226157146
25,Oppressive work recording with weak Kingdom channel,0.0,0.5931768301718603,0.82,0.0,2.0674016013130014,0.12,0.9,0.8,0.88,0.28,0.92,0.25,0.72,0.24,0.82,0.74,16.556893502028824,5.923688564059199,13.27253565181837,0.24615384615384617,0.1735757394105345,0.16645257181046186,0.0,0.0005033525771548367,0.08781607590562153,0.0013206480209499495,0.008363987809071504,0.0,0.0,0.0,0.04878720000000001,0.0,0.0,0.040775472493194236,0.019637887938726523,0.008439552,-0.06885291243192077,0.0030952824650641447,0.0018240005981047863,0.21691545861167794,-0.21509145801357316,-0.09277868877162054,0.01589626978859558,-0.07527614449301284,0.07227021871166127
26,Oppressive work recording with weak Kingdom channel,0.0,0.6091348155810179,0.82,0.0,2.139990029290536,0.12,0.9,0.8,0.88,0.28,0.92,0.25,0.72,0.24,0.82,0.74,17.111324567008534,6.1220516784186065,13.716985335300185,0.24615384615384617,0.16779508314255123,0.15895591709311574,0.0,0.0004806826932895821,0.08860163311848343,0.0012611689626901479,0.008414940504237243,0.0,0.0,0.0,0.04878720000000001,0.0,0.0,0.04130117034137415,0.019777688631864503,0.008439552,-0.06951841097323866,0.003150642806847472,0.00174185165597973,0.21847282740280677,-0.21673097574682704,-0.0938394787993587,0.015957985409157594,-0.07528721656136951,0.07258842797753455
27,Oppressive work recording with weak Kingdom channel,0.0,0.6251543144461189,0.82,0.0,2.212897540058511,0.12,0.9,0.8,0.88,0.28,0.92,0.25,0.72,0.24,0.82,0.74,17.660211321338448,6.318431161634421,14.156990521947183,0.24615384615384617,0.16229052005461814,0.15161207774538732,0.0,0.00045847492310205134,0.08938239330946934,0.0012029023537981228,0.008465330392109727,0.0,0.0,0.0,0.04878720000000001,0.0,0.0,0.041828399874430176,0.019914639561287847,0.008439552,-0.07018259143571802,0.003206110830760239,0.0016613772769001741,0.22002362596805733,-0.21836224869115717,-0.09490210908827158,0.016019498865101008,-0.07529831016615206,0.07290751076797533
28,Oppressive work recording with weak Kingdom channel,0.0,0.6412351582758758,0.82,0.0,2.2861250824162287,0.12,0.9,0.8,0.88,0.28,0.92,0.25,0.72,0.24,0.82,0.74,18.203609208125062,6.512846850018077,14.592595656727712,0.24615384615384617,0.15704436983034256,0.14441033036606704,0.0,0.0004366968390269868,0.09015891371619053,0.0011457631139508053,0.008515206325777404,0.0,0.0,0.0,0.04878720000000001,0.0,0.0,0.04235726603488265,0.020048940701382245,0.008439552,-0.07084575873626489,0.0032617093402761274,0.0015824599529777922,0.22156878811850894,-0.21998632816553115,-0.09596688354708277,0.01608084382975695,-0.07530942986805524,0.07322754235771746
29,Oppressive work recording with weak Kingdom channel,0.0,0.6573772097119284,0.82,0.0,2.3596736755652525,0.12,0.9,0.8,0.88,0.28,0.92,0.25,0.72,0.24,0.82,0.74,18.74157311604381,6.7053183815178965,15.023844740160435,0.24615384615384617,0.15204038136857037,0.13734081406361345,0.0,0.00041531862172836716,0.09093170874133884,0.0010896730060458344,0.008564613313169545,0.0,0.0,0.0,0.04878720000000001,0.0,0.0,0.04288786707328123,0.020180775942099206,0.008439552,-0.07150819501538044,0.0033174596123832375,0.0015049916277742016,0.22310917668227206,-0.22160418505449786,-0.09703408537428077,0.016142051436052556,-0.07532057992247666,0.07354859314902386
30,Oppressive work recording with weak Kingdom channel,0.0,0.6735803602396693,0.82,0.0,2.4335444047326957,0.12,0.9,0.8,0.88,0.28,0.92,0.25,0.72,0.24,0.82,0.74,19.27415738488337,6.895865197702718,15.450781332758831,0.24615384615384617,0.14726359329307845,0.1303944460893509,0.0,0.00039431280497419723,0.09170125417282725,0.0010345599668285974,0.008613592894454486,0.0,0.0,0.0,0.04878720000000001,0.0,0.0,0.043420295233429336,0.0203103146622628,0.008439552,-0.07217016189569214,0.003373381550728736,0.0014288727718027947,0.22464559051370261,-0.22321671774189983,-0.09810397914476887,0.016203150527740882,-0.07533176431014575,0.07387072916744342
31,Oppressive work recording with weak Kingdom channel,0.0,0.6898445281215599,0.82,0.0,2.507738417233249,0.12,0.9,0.8,0.88,0.28,0.92,0.25,0.72,0.24,0.82,0.74,19.801415811034534,7.084506545725691,15.873448559431242,0.24615384615384617,0.14270021036990563,0.12356284710157772,0.0,0.0003736540496351711,0.09246799092160651,0.000980357513931686,0.008662183476331612,0.0,0.0,0.0,0.04878720000000001,0.0,0.0,0.04395463735860408,0.020437713123275223,0.008439552,-0.0728319024818793,0.0034294938212514363,0.001354011563566857,0.22617877070106884,-0.224824759137502,-0.09917681265695762,0.016264167881890616,-0.0753429867642503,0.07419401250055349
32,Oppressive work recording with weak Kingdom channel,0.0,0.7061696565279458,0.82,0.0,2.5822569189204296,0.12,0.9,0.8,0.88,0.28,0.92,0.25,0.72,0.24,0.82,0.74,20.323401652924186,7.271261480268434,16.29188911383693,0.24615384615384617,0.13833749376406426,0.11683827480742326,0.0,0.000353318943017648,0.09323232834002934,0.0009270042193840809,0.008710420628830758,0.0,0.0,0.0,0.04878720000000001,0.0,0.0,0.04449097542917487,0.020563115706590685,0.008439552,-0.07349364313576556,0.003485813972593141,0.0012803231624017289,0.22770940607721882,-0.2264290829148171,-0.10025281857170618,0.01632512840638585,-0.07535425079451864,0.07451850168718058
33,Oppressive work recording with weak Kingdom channel,0.0,0.7225557118435848,0.82,0.0,2.6571011709839216,0.12,0.9,0.8,0.88,0.28,0.92,0.25,0.72,0.24,0.82,0.74,20.840167636394945,7.4561488654657495,16.706145262698563,0.24615384615384617,0.1341636633682262,0.11021356491168971,0.0,0.00033328582029294973,0.09399464717446906,0.0008744432410945392,0.008758337349415026,0.0,0.0,0.0,0.04878720000000001,0.0,0.0,0.04502938704049494,0.02068665601492564,0.008439552,-0.07415559505542058,0.0035423585432445884,0.001207729061387489,0.22923813812254926,-0.22803040906116176,-0.10133221586991914,0.016386055315638928,-0.07536555970864893,0.07484425206349206
34,Oppressive work recording with weak Kingdom channel,0.0,0.7390026821308452,0.82,0.0,2.7322724870553516,0.12,0.9,0.8,0.88,0.28,0.92,0.25,0.72,0.24,0.82,0.74,21.351765960030995,7.639187376811092,17.116258850071578,0.24615384615384617,0.13016781068858818,0.10368207845504634,0.0,0.0003135346052480602,0.09475530219820735,0.0008226219050286143,0.008805964298496737,0.0,0.0,0.0,0.04878720000000001,0.0,0.0,0.045569945828658774,0.020808457854317723,0.008439552,-0.0748179556829765,0.0035991431571008024,0.0011361565102766744,0.2307655653367814,-0.2296294088265047,-0.10241521115174805,0.016446970287260436,-0.07537691663142017,0.0751713160714302
35,Oppressive work recording with weak Kingdom channel,0.0,0.7555105757328887,0.82,0.0,2.807772230589536,0.12,0.9,0.8,0.88,0.28,0.92,0.25,0.72,0.24,0.82,0.74,21.858248300430684,7.820395503042981,17.52227130157086,0.24615384615384617,0.12633982098591348,0.09723765475292898,0.0,0.00029404666797285727,0.09551462456412754,0.0007714913318221188,0.008853330009898032,0.0,0.0,0.0,0.04878720000000001,0.0,0.0,0.0461127218506402,0.02092863611174049,0.008439552,-0.07548090996238069,0.0036561826088641228,0.001065537999794976,0.2322922471452704,-0.2312267091454754,-0.10350199979710024,0.016507893602043563,-0.07538832452177284,0.07549974353418423
36,Oppressive work recording with weak Kingdom channel,0.0,0.7720794200021824,0.82,0.0,2.883601812492278,0.12,0.9,0.8,0.88,0.28,0.92,0.25,0.72,0.24,0.82,0.74,22.359665817426375,7.999791548012551,17.92422362855515,0.24615384615384617,0.1226703035495629,0.09087456925548407,0.0,0.00027480469742858387,0.09627292391127897,0.0007210061024385512,0.00890046107929935,0.0,0.0,0.0,0.04878720000000001,0.0,0.0,0.04665778192441708,0.02104729754094847,0.008439552,-0.07614463146536556,0.00371349094053352,0.000995810799867135,0.2338187073964774,-0.23282289659661026,-0.10459276700441839,0.016568844269293677,-0.07539978618810672,0.07582958190274208
37,Oppressive work recording with weak Kingdom channel,0.0,0.7887092601414397,0.82,0.0,2.959762688969287,0.12,0.9,0.8,0.88,0.28,0.92,0.25,0.72,0.24,0.82,0.74,22.85606915925211,8.177393632532425,18.322156432269598,0.24615384615384617,0.1191505291347423,0.08458749574126437,0.0,0.0002557925871215835,0.09703049025474013,0.0006711239582108509,0.008947382333305085,0.0,0.0,0.0,0.04878720000000001,0.0,0.0,0.04720518993391894,0.021164541467504624,0.008439552,-0.07680928340142357,0.0037710815100496778,0.0009269165453324344,0.23534543749951845,-0.234418520954186,-0.10568768872237369,0.01662984013925728,-0.07541130430200994,0.07616087647700916
38,Oppressive work recording with weak Kingdom channel,0.0,0.8054001581456091,0.82,0.0,3.036256359573799,0.12,0.9,0.8,0.88,0.28,0.92,0.25,0.72,0.24,0.82,0.74,23.34750846765959,8.3532196962071,18.7161099079469,0.24615384615384617,0.11577237372275417,0.07837147233589889,0.0,0.0002369953323437583,0.09778759568426891,0.0006218055312308088,0.008994116981403932,0.0,0.0,0.0,0.04878720000000001,0.0,0.0,0.04775500710298037,0.021280460422478137,0.008439552,-0.0774750195254585,0.003828967053021683,0.0008588008635745672,0.23687289924415303,-0.23601409838057846,-0.10678693248714502,0.01669089800416934,-0.07542288141060435,0.07649367060451188
39,Oppressive work recording with weak Kingdom channel,0.0,0.8221521918348469,0.82,0.0,3.113084365433102,0.12,0.9,0.8,0.88,0.28,0.92,0.25,0.72,0.24,0.82,0.74,23.834033382982994,8.527287499245029,19.106123848867433,0.24615384615384617,0.11252826787449305,0.07222187091388307,0.0,0.00021839893764358245,0.09854449589387049,0.0005730141015804215,0.009040686752801725,0.0,0.0,0.0,0.04878720000000001,0.0,0.0,0.04830729224192818,0.021395140713052395,0.008439552,-0.07814198495498058,0.0038871597383388517,0.000791413039224004,0.23840152733999165,-0.23761011430076764,-0.10789065817628052,0.016752033689237864,-0.07543451994766778,0.07682800585930295
40,Oppressive work recording with weak Kingdom channel,0.0,0.8389654539695601,0.82,0.0,3.190248287636446,0.12,0.9,0.8,0.88,0.28,0.92,0.25,0.72,0.24,0.82,0.74,24.315693049153165,8.699614624252579,19.492237650378758,0.24615384615384617,0.1094111510418384,0.0661343694988416,0.0,0.00019999033336449705,0.09930143156154331,0.0005247153783533693,0.009087112019848204,0.0,0.0,0.0,0.04878720000000001,0.0,0.0,0.04886210196995475,0.021508662937216202,0.008439552,-0.07881031690717095,0.0039456712183666915,0.0007247057117178664,0.23993173170692916,-0.2392070259952113,-0.10899901868870304,0.01681326213471326,-0.07544622224367335,0.07716392220334409
41,Oppressive work recording with weak Kingdom channel,0.0,0.8558400514396037,0.82,0.0,3.2677497457687954,0.12,0.9,0.8,0.88,0.28,0.92,0.25,0.72,0.24,0.82,0.74,24.79253611866163,8.870218478010052,19.874490313874972,0.24615384615384617,0.10641443028251887,0.0601049273266393,0.0,0.0001817573002357573,0.10005862959600587,0.00047687730180374243,0.009133411909559708,0.0,0.0,0.0,0.04878720000000001,0.0,0.0,0.04941949091602497,0.02162110244879713,0.008439552,-0.0794801453648221,0.004004512674336539,0.0006586346020394997,0.24146389954472422,-0.24080526494268473,-0.11011216055919641,0.016874597470043554,-0.07545799053486732,0.07750145813234903
42,Oppressive work recording with weak Kingdom channel,0.0,0.8727761045205943,0.82,0.0,3.3455903965766147,0.12,0.9,0.8,0.88,0.28,0.92,0.25,0.72,0.24,0.82,0.74,25.264610757475012,9.039116293229952,20.252920450736223,0.24615384615384617,0.1035319428935536,0.05412976227783614,0.0,0.00016368840112817651,0.10081630426509454,0.00042946986429333425,0.009179604404551088,0.0,0.0,0.0,0.04878720000000001,0.0,0.0,0.04997951190071523,0.021732529778310347,0.008439552,-0.08015159367902558,0.004063694857461558,0.0005931582654215108,0.24299839720613275,-0.24240523894071125,-0.11123022451465521,0.016936053080990523,-0.07546982697149232,0.07784065080781918
43,Oppressive work recording with weak Kingdom channel,0.0,0.8897737461910676,0.82,0.0,3.4237719327534024,0.12,0.9,0.8,0.88,0.28,0.92,0.25,0.72,0.24,0.82,0.74,25.73196464990026,9.206325130297653,20.62756628622886,0.24615384615384617,0.10075792253826994,0.0482053304222608,0.0,0.0001457729191969167,0.10157465821870447,0.000382464947996651,0.009225706434527694,0.0,0.0,0.0,0.04878720000000001,0.0,0.0,0.05054221610108393,0.0218430110144198,0.008439552,-0.08082477911550373,0.004123228126245695,0.0005282378671935677,0.24453557189498157,-0.24400733402778801,-0.11235334597847543,0.016997641670473376,-0.07548173362524915,0.07818153617678768
44,Oppressive work recording with weak Kingdom channel,0.0,0.9068331215048808,0.82,0.0,3.5022960818340048,0.12,0.9,0.8,0.88,0.28,0.92,0.25,0.72,0.24,0.82,0.74,26.194645003401256,9.371861878994677,20.99846566336657,0.24615384615384617,0.09808696849361201,0.04232830744980079,0.0,0.0001280008017281976,0.10233388341757595,0.0003358361775713155,0.009271733959348088,0.0,0.0,0.0,0.04878720000000001,0.0,0.0,0.05110765320041424,0.021952608150224477,0.008439552,-0.08149981335063872,0.004183122480395077,0.00046383697929951314,0.24607575320795783,-0.2456119162286583,-0.11348165552868181,0.01705937531381313,-0.07549371249607903,0.0785241490806022
45,Oppressive work recording with weak Kingdom channel,0.0,0.9239543870138506,0.82,0.0,3.5811646051879205,0.12,0.9,0.8,0.88,0.28,0.92,0.25,0.72,0.24,0.82,0.74,26.65269855336724,9.53574326020473,21.365656046732905,0.24615384615384617,0.09551401768921074,0.03649557178861107,0.0,0.0001103626090887599,0.10309416197786977,0.00028955878621658335,0.009317702044546745,0.0,0.0,0.0,0.04878720000000001,0.0,0.0,0.051675871524447005,0.022061379398076963,0.008439552,-0.08217680292252397,0.004243387591692075,0.0003999213953053433,0.24761925453663253,-0.24721933314132719,-0.1146152793147115,0.017121265508969717,-0.07550576551833843,0.07886852335391559
46,Oppressive work recording with weak Kingdom channel,0.0,0.9411377102361443,0.82,0.0,3.6603792971028337,0.12,0.9,0.8,0.88,0.28,0.92,0.25,0.72,0.24,0.82,0.74,27.106171567833567,9.697985827602684,21.729174526265577,0.24615384615384617,0.09303431924850851,0.03070418923545279,0.0,9.284946824800926e-05,0.10385566694029869,0.00024360949372922132,0.009363624930100786,0.0,0.0,0.0,0.04878720000000001,0.0,0.0,0.052246918165528095,0.02216937947620319,0.008439552,-0.08285584964173129,0.004304032832149381,0.0003364589619772306,0.24916637434428016,-0.24882991538230292,-0.11575433943718867,0.017183323222293812,-0.07551789456642989,0.07921469191491344
47,Oppressive work recording with weak Kingdom channel,0.0,0.9583832691663987,0.82,0.0,3.739941983950522,0.12,0.9,0.8,0.88,0.28,0.92,0.25,0.72,0.24,0.82,0.74,27.55510985215523,9.858605969326657,22.08905782100292,0.24615384615384617,0.09064341127597693,0.024951398943306863,0.0,7.545303040455997e-05,0.10461856297155736,0.00019796639532811215,0.009409516093133341,0.0,0.0,0.0,0.04878720000000001,0.0,0.0,0.052820839095927316,0.022276659870011185,0.008439552,-0.08353705096593851,0.004365067299724451,0.0002734194257326721,0.25071739733035364,-0.250443977904621,-0.11689895429451631,0.017245558930254357,-0.0755301014599449,0.07956268684768812
48,Oppressive work recording with weak Kingdom channel,0.0,0.9756912518239482,0.82,0.0,3.819854523428084,0.12,0.9,0.8,0.88,0.28,0.92,0.25,0.72,0.24,0.82,0.74,27.999558753633675,10.01761990963339,22.445342282792893,0.24615384615384617,0.08833709966386559,0.019234600629207677,0.0,5.8165432302724024e-05,0.10538300700490301,0.00015260886016018406,0.009455388305166443,0.0,0.0,0.0,0.04878720000000001,0.0,0.0,0.05339767927143922,0.022383269070644616,0.008439552,-0.08422050034208384,0.004426499841842159,0.00021077429246290808,0.25227259549399544,-0.25206182120153253,-0.11804923889966822,0.01730798265754953,-0.07554238796836844,0.07991253947756177
49,Oppressive work recording with weak Kingdom channel,0.0,0.993061855835911,0.82,0.0,3.9001188038681542,0.12,0.9,0.8,0.88,0.28,0.92,0.25,0.72,0.24,0.82,0.74,28.439563166097336,10.175043710537057,22.798063899964966,0.24615384615384617,0.08611143871757884,0.013551342880774975,0.0,4.097926087146353e-05,0.10614914882596035,0.00010751743852349912,0.009501253684466877,0.0,0.0,0.0,0.04878720000000001,0.0,0.0,0.05397748272624972,0.0224892527930474,0.008439552,-0.08490628751929712,0.004488339076945458,0.00014849669939496265,0.2538322291066698,-0.2536837324072748,-0.11920530517017905,0.0173706040119628,-0.0755547558153891,0.08026428044007033
50,Oppressive work recording with weak Kingdom channel,0.0,1.0,0.82,0.0,3.9807367436123937,0.12,0.9,0.8,0.88,0.28,0.92,0.25,0.72,0.24,0.82,0.74,28.87516753443636,10.330893273431686,23.147258300965316,0.24615384615384617,0.08396271342122326,0.00789931245351111,0.0,2.3887520859417598e-05,0.1069171316091451,6.267377695115343e-05,0.009547123743967581,0.0,0.0,0.0,0.04878720000000001,0.0,0.0,0.05456029265994094,0.022594654175552068,0.008439552,-0.08559449883549301,0.004550593414269069,8.656129781057102e-05,0.2553965476028747,-0.25530998630506413,-0.12036726219399282,0.017433432216284888,-0.07556720668285383,0.08061793974423954
51,Oppressive work recording with weak Kingdom channel,0.0,1.0,0.82,0.0,4.061502867304414,0.12,0.9,0.8,0.88,0.28,0.92,0.25,0.72,0.24,0.82,0.74,29.306415859091995,10.48518434069737,23.49296075795566,0.24615384615384617,0.08231713923162261,0.00516200468143857,0.0,1.560990215667024e-05,0.10725496371904698,4.095575810290814e-05,0.009567891933515064,0.0,0.0,0.0,0.04878720000000001,0.0,0.0,0.05480282443773565,0.02264570061403646,0.008439552,-0.08588807705177211,0.004577511473152128,5.656566025957837e-05,0.2560756441774863,-0.2560190785172267,-0.12085617197207063,0.017460537800146825,-0.07557259029463044,0.08076612369201996
52,Oppressive work recording with weak Kingdom channel,0.0,1.0,0.82,0.0,4.142279920455882,0.12,0.9,0.8,0.88,0.28,0.92,0.25,0.72,0.24,0.82,0.74,29.733351700501075,10.637932497290395,23.835206190376105,0.24615384615384617,0.08100360915499237,0.004361572323509588,0.0,1.3189394706292998e-05,0.10730573674437514,3.460506374051096e-05,0.009571927905567507,0.0,0.0,0.0,0.04878720000000001,0.0,0.0,0.05481820531027833,0.022660627405074286,0.008439552,-0.08591838471535262,0.004580750496328265,4.779445844680396e-05,0.2561639998616236,-0.25611620540317676,-0.12089558323275928,0.0174638039859816,-0.07557323809926567,0.08077705315146744
53,Oppressive work recording with weak Kingdom channel,0.0,1.0,0.82,0.0,4.223067561153653,0.12,0.9,0.8,0.88,0.28,0.92,0.25,0.72,0.24,0.82,0.74,30.156018183496062,10.78915317231749,24.174029168472345,0.24615384615384617,0.07973117106461447,0.003586180393685856,0.0,1.0844609510506031e-05,0.10735492140526773,2.8453042137935082e-05,0.009575837617771742,0.0,0.0,0.0,0.04878720000000001,0.0,0.0,0.05483310501332644,0.02267508723193441,0.008439552,-0.08594774424526085,0.0045838881911083535,3.929765164844111e-05,0.2562495914594086,-0.25621029380776017,-0.12093376156623051,0.017466967993673817,-0.07557386563822169,0.08078764069777158
54,Oppressive work recording with weak Kingdom channel,0.0,1.0,0.82,0.0,4.3038654632388775,0.12,0.9,0.8,0.88,0.28,0.92,0.25,0.72,0.24,0.82,0.74,30.5744580016611,10.938861640594316,24.50946391678762,0.24615384615384617,0.07849793156982265,0.002834675107076967,0.0,8.572057523800751e-06,0.1074025908886079,2.2490539073557226e-05,0.009579626887788094,0.0,0.0,0.0,0.04878720000000001,0.0,0.0,0.054847545717670754,0.022689101610870885,0.008439552,-0.08597619932854164,0.004586929226389103,3.106259659735798e-05,0.25633254633132674,-0.2563014837347294,-0.12097076378192811,0.017470034531273854,-0.07557447384527784,0.08079790208522449
55,Oppressive work recording with weak Kingdom channel,0.0,1.0,0.82,0.0,4.384673315355698,0.12,0.9,0.8,0.88,0.28,0.92,0.25,0.72,0.24,0.82,0.74,30.988713421644487,11.087073024188372,24.841544317619743,0.24615384615384617,0.07730211160929937,0.0021059723482366732,0.0,6.368460381067701e-06,0.10744881396200665,1.6708953088697628e-05,0.009583301181986829,0.0,0.0,0.0,0.04878720000000001,0.0,0.0,0.05486154825535454,0.02270269075891337,0.008439552,-0.08600379101426792,0.004589877989143404,2.307741346976533e-05,0.2564129841474048,-0.2563899067339351,-0.12100664325894915,0.01747300802254405,-0.07557506359782869,0.08080785211682068
56,Oppressive work recording with weak Kingdom channel,0.0,1.0,0.82,0.0,4.465490820070576,0.12,0.9,0.8,0.88,0.28,0.92,0.25,0.72,0.24,0.82,0.74,31.39882628742804,11.23380229394649,25.170303914443544,0.24615384615384617,0.0761420379637119,0.001399052499175435,0.0,4.230734757506516e-06,0.1074936553018723,1.1100194452657837e-05,0.00958686564152656,0.0,0.0,0.0,0.04878720000000001,0.0,0.0,0.0548751322190569,0.022715873690316503,0.008439552,-0.0860305579093734,0.004592738605349257,1.5330929210164353e-05,0.25649101745812153,-0.25647568652891134,-0.12104145020069926,0.01747589262806312,-0.07557563572106986,0.08081750471487771
57,Oppressive work recording with weak Kingdom channel,0.0,1.0,0.82,0.0,4.546317693056042,0.12,0.9,0.8,0.88,0.28,0.92,0.25,0.72,0.24,0.82,0.74,31.80483802455376,11.379064271007024,25.49577591529911,0.24615384615384617,0.07501613551236477,0.000712955720758468,0.0,2.155978099573608e-06,0.10753717579272085,5.6566477249553465e-06,0.009590325106146564,0.0,0.0,0.0,0.04878720000000001,0.0,0.0,0.05488831605276406,0.022728668304554302,0.008439552,-0.08605653635731837,0.004595514959084024,7.812625824528954e-06,0.2565667522152698,-0.25655893958944526,-0.12107523186722483,0.017478692264480553,-0.07557619099181681,0.08082687298546606
58,Oppressive work recording with weak Kingdom channel,0.0,1.0,0.82,0.0,4.627153662333313,0.12,0.9,0.8,0.88,0.28,0.92,0.25,0.72,0.24,0.82,0.74,32.20678964430822,11.522873628296955,25.81799319614612,0.24615384615384617,0.07392292015895836,4.67776418399124e-05,0.0,1.4145558892389513e-07,0.1075794328006228,3.711375525692122e-07,0.00959368413590321,0.0,0.0,0.0,0.04878720000000001,0.0,0.0,0.054901117134605736,0.022741091466710973,0.008439552,-0.08608176060131671,0.0045982107099687515,5.125931414931074e-07,0.2566402882478115,-0.25663977565467,-0.12110803278746904,0.01748141062210721,-0.07557673014199376,0.08083596927727163
59,Oppressive work recording with weak Kingdom channel,0.0,1.0,0.82,0.0,4.707990270333314,0.12,0.9,0.8,0.88,0.28,0.92,0.25,0.72,0.24,0.82,0.74,32.60472174786514,11.665244892013986,26.13698830418466,0.24615384615384617,0.07286099236003313,0.0,0.0,0.0,0.1075824,0.0,0.009593920000000002,0.0,0.0,0.0,0.04878720000000001,0.0,0.0,0.054902016,0.02274196379536944,0.008439552,-0.08608353179536944,0.0045984,0.0,0.25664545179536946,-0.25664545179536946,-0.121110336,0.017481601499536946,-0.07557676800000002,0.080836608
60,Oppressive work recording with weak Kingdom channel,0.0,1.0,0.82,0.0,4.788826878333314,0.12,0.9,0.8,0.88,0.28,0.92,0.25,0.72,0.24,0.82,0.74,32.99867453038649,11.806192443093845,26.45279346114281,0.24615384615384617,0.07182913435065444,0.0,0.0,0.0,0.1075824,0.0,0.009593920000000002,0.0,0.0,0.0,0.04878720000000001,0.0,0.0,0.054902016,0.02274196379536944,0.008439552,-0.08608353179536944,0.0045984,0.0,0.25664545179536946,-0.25664545179536946,-0.121110336,0.017481601499536946,-0.07557676800000002,0.080836608
61,Oppressive work recording with weak Kingdom channel,0.0,1.0,0.82,0.0,4.869663486333314,0.12,0.9,0.8,0.88,0.28,0.92,0.25,0.72,0.24,0.82,0.74,33.388687785082624,11.945730518662907,26.76544056653138,0.24615384615384617,0.0708260945813679,0.0,0.0,0.0,0.1075824,0.0,0.009593920000000002,0.0,0.0,0.0,0.04878720000000001,0.0,0.0,0.054902016,0.02274196379536944,0.008439552,-0.08608353179536944,0.0045984,0.0,0.25664545179536946,-0.25664545179536946,-0.121110336,0.017481601499536946,-0.07557676800000002,0.080836608
62,Oppressive work recording with weak Kingdom channel,0.0,1.0,0.82,0.0,4.950500094333314,0.12,0.9,0.8,0.88,0.28,0.92,0.25,0.72,0.24,0.82,0.74,33.77480090723179,12.083873213476279,27.074961200866067,0.24615384615384617,0.06985068240362115,0.0,0.0,0.0,0.1075824,0.0,0.009593920000000002,0.0,0.0,0.0,0.04878720000000001,0.0,0.0,0.054902016,0.02274196379536944,0.008439552,-0.08608353179536944,0.0045984,0.0,0.25664545179536946,-0.25664545179536946,-0.121110336,0.017481601499536946,-0.07557676800000002,0.080836608
63,Oppressive work recording with weak Kingdom channel,0.0,1.0,0.82,0.0,5.031336702333315,0.12,0.9,0.8,0.88,0.28,0.92,0.25,0.72,0.24,0.82,0.74,34.15705289815947,12.220634481341516,27.381386628857406,0.24615384615384617,0.06890177186795521,0.0,0.0,0.0,0.1075824,0.0,0.009593920000000002,0.0,0.0,0.0,0.04878720000000001,0.0,0.0,0.054902016,0.02274196379536944,0.008439552,-0.08608353179536944,0.0045984,0.0,0.25664545179536946,-0.25664545179536946,-0.121110336,0.017481601499536946,-0.07557676800000002,0.080836608
64,Oppressive work recording with weak Kingdom channel,0.0,1.0,0.82,0.0,5.112173310333315,0.12,0.9,0.8,0.88,0.28,0.92,0.25,0.72,0.24,0.82,0.74,34.53548236917788,12.356028136528101,27.684747802568832,0.24615384615384617,0.0679782973882697,0.0,0.0,0.0,0.1075824,0.0,0.009593920000000002,0.0,0.0,0.0,0.04878720000000001,0.0,0.0,0.054902016,0.02274196379536944,0.008439552,-0.08608353179536944,0.0045984,0.0,0.25664545179536946,-0.25664545179536946,-0.121110336,0.017481601499536946,-0.07557676800000002,0.080836608
65,Oppressive work recording with weak Kingdom channel,0.0,1.0,0.82,0.0,5.193009918333315,0.12,0.9,0.8,0.88,0.28,0.92,0.25,0.72,0.24,0.82,0.74,34.9101275454861,12.49006785516282,27.985075364543142,0.24615384615384617,0.06707924975014189,0.0,0.0,0.0,0.1075824,0.0,0.009593920000000002,0.0,0.0,0.0,0.04878720000000001,0.0,0.0,0.054902016,0.02274196379536944,0.008439552,-0.08608353179536944,0.0045984,0.0,0.25664545179536946,-0.25664545179536946,-0.121110336,0.017481601499536946,-0.07557676800000002,0.080836608
66,Oppressive work recording with weak Kingdom channel,0.0,1.0,0.82,0.0,5.273846526333315,0.12,0.9,0.8,0.88,0.28,0.92,0.25,0.72,0.24,0.82,0.74,35.281026270031234,12.622767176611193,28.282399650897712,0.24615384615384617,0.0662036724317633,0.0,0.0,0.0,0.1075824,0.0,0.009593920000000002,0.0,0.0,0.0,0.04878720000000001,0.0,0.0,0.054902016,0.02274196379536944,0.008439552,-0.08608353179536944,0.0045984,0.0,0.25664545179536946,-0.25664545179536946,-0.121110336,0.017481601499536946,-0.07557676800000002,0.080836608
67,Oppressive work recording with weak Kingdom channel,0.0,1.0,0.82,0.0,5.354683134333316,0.12,0.9,0.8,0.88,0.28,0.92,0.25,0.72,0.24,0.82,0.74,35.64821600733092,12.754139504845082,28.576750694388735,0.24615384615384617,0.06535065820929799,0.0,0.0,0.0,0.1075824,0.0,0.009593920000000002,0.0,0.0,0.0,0.04878720000000001,0.0,0.0,0.054902016,0.02274196379536944,0.008439552,-0.08608353179536944,0.0045984,0.0,0.25664545179536946,-0.25664545179536946,-0.121110336,0.017481601499536946,-0.07557676800000002,0.080836608
68,Oppressive work recording with weak Kingdom channel,0.0,1.0,0.82,0.0,5.435519742333316,0.12,0.9,0.8,0.88,0.28,0.92,0.25,0.72,0.24,0.82,0.74,36.01173384725761,12.88419810979663,28.868158227444848,0.24615384615384617,0.06451934602133613,0.0,0.0,0.0,0.1075824,0.0,0.009593920000000002,0.0,0.0,0.0,0.04878720000000001,0.0,0.0,0.054902016,0.02274196379536944,0.008439552,-0.08608353179536944,0.0045984,0.0,0.25664545179536946,-0.25664545179536946,-0.121110336,0.017481601499536946,-0.07557676800000002,0.080836608
69,Oppressive work recording with weak Kingdom channel,0.0,1.0,0.82,0.0,5.516356350333316,0.12,0.9,0.8,0.88,0.28,0.92,0.25,0.72,0.24,0.82,0.74,36.37161650878503,13.012956128698663,29.1566516851704,0.24615384615384617,0.06370891806966114,0.0,0.0,0.0,0.1075824,0.0,0.009593920000000002,0.0,0.0,0.0,0.04878720000000001,0.0,0.0,0.054902016,0.02274196379536944,0.008439552,-0.08608353179536944,0.0045984,0.0,0.25664545179536946,-0.25664545179536946,-0.121110336,0.017481601499536946,-0.07557676800000002,0.080836608
70,Oppressive work recording with weak Kingdom channel,0.0,1.0,0.82,0.0,5.597192958333316,0.12,0.9,0.8,0.88,0.28,0.92,0.25,0.72,0.24,0.82,0.74,36.72790034369718,13.140426567411676,29.442260208318693,0.24615384615384617,0.06291859713581013,0.0,0.0,0.0,0.1075824,0.0,0.009593920000000002,0.0,0.0,0.0,0.04878720000000001,0.0,0.0,0.054902016,0.02274196379536944,0.008439552,-0.08608353179536944,0.0045984,0.0,0.25664545179536946,-0.25664545179536946,-0.121110336,0.017481601499536946,-0.07557676800000002,0.080836608
71,Oppressive work recording with weak Kingdom channel,0.0,1.0,0.82,0.0,5.678029566333317,0.12,0.9,0.8,0.88,0.28,0.92,0.25,0.72,0.24,0.82,0.74,37.08062134026021,13.26662230173756,29.725012646235506,0.24615384615384617,0.062147644094918277,0.0,0.0,0.0,0.1075824,0.0,0.009593920000000002,0.0,0.0,0.0,0.04878720000000001,0.0,0.0,0.054902016,0.02274196379536944,0.008439552,-0.08608353179536944,0.0045984,0.0,0.25664545179536946,-0.25664545179536946,-0.121110336,0.017481601499536946,-0.07557676800000002,0.080836608
72,Oppressive work recording with weak Kingdom channel,0.0,1.0,0.82,0.0,5.758866174333317,0.12,0.9,0.8,0.88,0.28,0.92,0.25,0.72,0.24,0.82,0.74,37.429815126857605,13.391556078720184,30.00493755977315,0.24615384615384617,0.06139535561013056,0.0,0.0,0.0,0.1075824,0.0,0.009593920000000002,0.0,0.0,0.0,0.04878720000000001,0.0,0.0,0.054902016,0.02274196379536944,0.008439552,-0.08608353179536944,0.0045984,0.0,0.25664545179536946,-0.25664545179536946,-0.121110336,0.017481601499536946,-0.07557676800000002,0.080836608
73,Oppressive work recording with weak Kingdom channel,0.0,1.0,0.82,0.0,5.839702782333317,0.12,0.9,0.8,0.88,0.28,0.92,0.25,0.72,0.24,0.82,0.74,37.77551697558903,13.515240517932982,30.28206322417542,0.24615384615384617,0.0606610619924638,0.0,0.0,0.0,0.1075824,0.0,0.009593920000000002,0.0,0.0,0.0,0.04878720000000001,0.0,0.0,0.054902016,0.02274196379536944,0.008439552,-0.08608353179536944,0.0045984,0.0,0.25664545179536946,-0.25664545179536946,-0.121110336,0.017481601499536946,-0.07557676800000002,0.080836608
74,Oppressive work recording with weak Kingdom channel,0.0,1.0,0.82,0.0,5.920539390333317,0.12,0.9,0.8,0.88,0.28,0.92,0.25,0.72,0.24,0.82,0.74,38.11776180583313,13.637688112753652,30.556417631933666,0.24615384615384617,0.059944125212430845,0.0,0.0,0.0,0.1075824,0.0,0.009593920000000002,0.0,0.0,0.0,0.04878720000000001,0.0,0.0,0.054902016,0.02274196379536944,0.008439552,-0.08608353179536944,0.0045984,0.0,0.25664545179536946,-0.25664545179536946,-0.121110336,0.017481601499536946,-0.07557676800000002,0.080836608
75,Oppressive work recording with weak Kingdom channel,0.0,1.0,0.82,0.0,6.001375998333318,0.12,0.9,0.8,0.88,0.28,0.92,0.25,0.72,0.24,0.82,0.74,38.4565841877748,13.758911231626115,30.82802849561433,0.24615384615384617,0.05924393705101835,0.0,0.0,0.0,0.1075824,0.0,0.009593920000000002,0.0,0.0,0.0,0.04878720000000001,0.0,0.0,0.054902016,0.02274196379536944,0.008439552,-0.08608353179536944,0.0045984,0.0,0.25664545179536946,-0.25664545179536946,-0.121110336,0.017481601499536946,-0.07557676800000002,0.080836608
76,Oppressive work recording with weak Kingdom channel,0.0,1.0,0.82,0.0,6.082212606333318,0.12,0.9,0.8,0.88,0.28,0.92,0.25,0.72,0.24,0.82,0.74,38.79201834589705,13.878922119309854,31.096923250658186,0.24615384615384617,0.05855991737875537,0.0,0.0,0.0,0.1075824,0.0,0.009593920000000002,0.0,0.0,0.0,0.04878720000000001,0.0,0.0,0.054902016,0.02274196379536944,0.008439552,-0.08608353179536944,0.0045984,0.0,0.25664545179536946,-0.25664545179536946,-0.121110336,0.017481601499536946,-0.07557676800000002,0.080836608
77,Oppressive work recording with weak Kingdom channel,0.0,1.0,0.82,0.0,6.163049214333318,0.12,0.9,0.8,0.88,0.28,0.92,0.25,0.72,0.24,0.82,0.74,39.124098162438074,13.997732898116755,31.363129058151603,0.24615384615384617,0.05789151255263851,0.0,0.0,0.0,0.1075824,0.0,0.009593920000000002,0.0,0.0,0.0,0.04878720000000001,0.0,0.0,0.054902016,0.02274196379536944,0.008439552,-0.08608353179536944,0.0045984,0.0,0.25664545179536946,-0.25664545179536946,-0.121110336,0.017481601499536946,-0.07557676800000002,0.080836608
78,Oppressive work recording with weak Kingdom channel,0.0,1.0,0.82,0.0,6.2438858223333185,0.12,0.9,0.8,0.88,0.28,0.92,0.25,0.72,0.24,0.82,0.74,39.452857180813695,14.115355569135588,31.62667280757009,0.24615384615384617,0.057238193921603495,0.0,0.0,0.0,0.1075824,0.0,0.009593920000000002,0.0,0.0,0.0,0.04878720000000001,0.0,0.0,0.054902016,0.02274196379536944,0.008439552,-0.08608353179536944,0.0045984,0.0,0.25664545179536946,-0.25664545179536946,-0.121110336,0.017481601499536946,-0.07557676800000002,0.080836608
79,Oppressive work recording with weak Kingdom channel,0.0,1.0,0.82,0.0,6.324722430333319,0.12,0.9,0.8,0.88,0.28,0.92,0.25,0.72,0.24,0.82,0.74,39.778328609005555,14.231802013444232,31.88758111949439,0.24615384615384617,0.05659945643206389,0.0,0.0,0.0,0.1075824,0.0,0.009593920000000002,0.0,0.0,0.0,0.04878720000000001,0.0,0.0,0.054902016,0.02274196379536944,0.008439552,-0.08608353179536944,0.0045984,0.0,0.25664545179536946,-0.25664545179536946,-0.121110336,0.017481601499536946,-0.07557676800000002,0.080836608
80,Oppressive work recording with weak Kingdom channel,0.0,1.0,0.82,0.0,6.405559038333319,0.12,0.9,0.8,0.88,0.28,0.92,0.25,0.72,0.24,0.82,0.74,40.1005453229155,14.34708399330979,32.14588034829944,0.24615384615384617,0.05597481732578671,0.0,0.0,0.0,0.1075824,0.0,0.009593920000000002,0.0,0.0,0.0,0.04878720000000001,0.0,0.0,0.054902016,0.02274196379536944,0.008439552,-0.08608353179536944,0.0045984,0.0,0.25664545179536946,-0.25664545179536946,-0.121110336,0.017481601499536946,-0.07557676800000002,0.080836608
81,Oppressive work recording with weak Kingdom channel,0.0,1.0,0.82,0.0,6.486395646333319,0.12,0.9,0.8,0.88,0.28,0.92,0.25,0.72,0.24,0.82,0.74,40.419539869686346,14.461213153376692,32.401596584816446,0.24615384615384617,0.05536381492304918,0.0,0.0,0.0,0.1075824,0.0,0.009593920000000002,0.0,0.0,0.0,0.04878720000000001,0.0,0.0,0.054902016,0.02274196379536944,0.008439552,-0.08608353179536944,0.0045984,0.0,0.25664545179536946,-0.25664545179536946,-0.121110336,0.017481601499536946,-0.07557676800000002,0.080836608
82,Oppressive work recording with weak Kingdom channel,0.0,1.0,0.82,0.0,6.5672322543333195,0.12,0.9,0.8,0.88,0.28,0.92,0.25,0.72,0.24,0.82,0.74,40.73534447098948,14.574201021842924,32.654755658968284,0.24615384615384617,0.05476600748463107,0.0,0.0,0.0,0.1075824,0.0,0.009593920000000002,0.0,0.0,0.0,0.04878720000000001,0.0,0.0,0.054902016,0.02274196379536944,0.008439552,-0.08608353179536944,0.0045984,0.0,0.25664545179536946,-0.25664545179536946,-0.121110336,0.017481601499536946,-0.07557676800000002,0.080836608
83,Oppressive work recording with weak Kingdom channel,0.0,1.0,0.82,0.0,6.64806886233332,0.12,0.9,0.8,0.88,0.28,0.92,0.25,0.72,0.24,0.82,0.74,41.04799102627958,14.686059011624495,32.905383142378604,0.24615384615384617,0.054180972146747115,0.0,0.0,0.0,0.1075824,0.0,0.009593920000000002,0.0,0.0,0.0,0.04878720000000001,0.0,0.0,0.054902016,0.02274196379536944,0.008439552,-0.08608353179536944,0.0045984,0.0,0.25664545179536946,-0.25664545179536946,-0.121110336,0.017481601499536946,-0.07557676800000002,0.080836608
84,Oppressive work recording with weak Kingdom channel,0.0,1.0,0.82,0.0,6.72890547033332,0.12,0.9,0.8,0.88,0.28,0.92,0.25,0.72,0.24,0.82,0.74,41.35751111601679,14.79679842150825,33.15350435095482,0.24615384615384617,0.053608303923523344,0.0,0.0,0.0,0.1075824,0.0,0.009593920000000002,0.0,0.0,0.0,0.04878720000000001,0.0,0.0,0.054902016,0.02274196379536944,0.008439552,-0.08608353179536944,0.0045984,0.0,0.25664545179536946,-0.25664545179536946,-0.121110336,0.017481601499536946,-0.07557676800000002,0.080836608
85,Oppressive work recording with weak Kingdom channel,0.0,1.0,0.82,0.0,6.80974207833332,0.12,0.9,0.8,0.88,0.28,0.92,0.25,0.72,0.24,0.82,0.74,41.663936004856616,14.906430437293167,33.39914434744527,0.24615384615384617,0.05304761477207175,0.0,0.0,0.0,0.1075824,0.0,0.009593920000000002,0.0,0.0,0.0,0.04878720000000001,0.0,0.0,0.054902016,0.02274196379536944,0.008439552,-0.08608353179536944,0.0045984,0.0,0.25664545179536946,-0.25664545179536946,-0.121110336,0.017481601499536946,-0.07557676800000002,0.080836608
86,Oppressive work recording with weak Kingdom channel,0.0,1.0,0.82,0.0,6.8905786863333205,0.12,0.9,0.8,0.88,0.28,0.92,0.25,0.72,0.24,0.82,0.74,41.96729664480805,15.014966132920236,33.64232794397082,0.24615384615384617,0.052498532715628196,0.0,0.0,0.0,0.1075824,0.0,0.009593920000000002,0.0,0.0,0.0,0.04878720000000001,0.0,0.0,0.054902016,0.02274196379536944,0.008439552,-0.08608353179536944,0.0045984,0.0,0.25664545179536946,-0.25664545179536946,-0.121110336,0.017481601499536946,-0.07557676800000002,0.080836608
87,Oppressive work recording with weak Kingdom channel,0.0,1.0,0.82,0.0,6.971415294333321,0.12,0.9,0.8,0.88,0.28,0.92,0.25,0.72,0.24,0.82,0.74,42.26762367835997,15.122416471591034,33.88307970453111,0.24615384615384617,0.051960701020589306,0.0,0.0,0.0,0.1075824,0.0,0.009593920000000002,0.0,0.0,0.0,0.04878720000000001,0.0,0.0,0.054902016,0.02274196379536944,0.008439552,-0.08608353179536944,0.0045984,0.0,0.25664545179536946,-0.25664545179536946,-0.121110336,0.017481601499536946,-0.07557676800000002,0.080836608
88,Oppressive work recording with weak Kingdom channel,0.0,1.0,0.82,0.0,7.052251902333321,0.12,0.9,0.8,0.88,0.28,0.92,0.25,0.72,0.24,0.82,0.74,42.564947441576365,15.228792306875123,34.1214239474858,0.24615384615384617,0.05143377742362247,0.0,0.0,0.0,0.1075824,0.0,0.009593920000000002,0.0,0.0,0.0,0.04878720000000001,0.0,0.0,0.054902016,0.02274196379536944,0.008439552,-0.08608353179536944,0.0045984,0.0,0.25664545179536946,-0.25664545179536946,-0.121110336,0.017481601499536946,-0.07557676800000002,0.080836608
89,Oppressive work recording with weak Kingdom channel,0.0,1.0,0.82,0.0,7.133088510333321,0.12,0.9,0.8,0.88,0.28,0.92,0.25,0.72,0.24,0.82,0.74,42.8592979671606,15.334104383806372,34.357384748010944,0.24615384615384617,0.05091743340533016,0.0,0.0,0.0,0.1075824,0.0,0.009593920000000002,0.0,0.0,0.0,0.04878720000000001,0.0,0.0,0.054902016,0.02274196379536944,0.008439552,-0.08608353179536944,0.0045984,0.0,0.25664545179536946,-0.25664545179536946,-0.121110336,0.017481601499536946,-0.07557676800000002,0.080836608
90,Oppressive work recording with weak Kingdom channel,0.0,1.0,0.82,0.0,7.2139251183333215,0.12,0.9,0.8,0.88,0.28,0.92,0.25,0.72,0.24,0.82,0.74,43.15070498748899,15.438363339968308,34.590985940530835,0.24615384615384617,0.05041135350722954,0.0,0.0,0.0,0.1075824,0.0,0.009593920000000002,0.0,0.0,0.0,0.04878720000000001,0.0,0.0,0.054902016,0.02274196379536944,0.008439552,-0.08608353179536944,0.0045984,0.0,0.25664545179536946,-0.25664545179536946,-0.121110336,0.017481601499536946,-0.07557676800000002,0.080836608
91,Oppressive work recording with weak Kingdom channel,0.0,1.0,0.82,0.0,7.294761726333322,0.12,0.9,0.8,0.88,0.28,0.92,0.25,0.72,0.24,0.82,0.74,43.439197937614104,15.541579706568625,34.822251121125525,0.24615384615384617,0.04991523468906332,0.0,0.0,0.0,0.1075824,0.0,0.009593920000000002,0.0,0.0,0.0,0.04878720000000001,0.0,0.0,0.054902016,0.02274196379536944,0.008439552,-0.08608353179536944,0.0045984,0.0,0.25664545179536946,-0.25664545179536946,-0.121110336,0.017481601499536946,-0.07557676800000002,0.080836608
92,Oppressive work recording with weak Kingdom channel,0.0,1.0,0.82,0.0,7.375598334333322,0.12,0.9,0.8,0.88,0.28,0.92,0.25,0.72,0.24,0.82,0.74,43.72480595823796,15.643763909502939,35.05120364991427,0.24615384615384617,0.04942878572369063,0.0,0.0,0.0,0.1075824,0.0,0.009593920000000002,0.0,0.0,0.0,0.04878720000000001,0.0,0.0,0.054902016,0.02274196379536944,0.008439552,-0.08608353179536944,0.0045984,0.0,0.25664545179536946,-0.25664545179536946,-0.121110336,0.017481601499536946,-0.07557676800000002,0.080836608
93,Oppressive work recording with weak Kingdom channel,0.0,1.0,0.82,0.0,7.456434942333322,0.12,0.9,0.8,0.88,0.28,0.92,0.25,0.72,0.24,0.82,0.74,44.00755789865558,15.744926270407909,35.27786665341513,0.24615384615384617,0.04895172662701894,0.0,0.0,0.0,0.1075824,0.0,0.009593920000000002,0.0,0.0,0.0,0.04878720000000001,0.0,0.0,0.054902016,0.02274196379536944,0.008439552,-0.08608353179536944,0.0045984,0.0,0.25664545179536946,-0.25664545179536946,-0.121110336,0.017481601499536946,-0.07557676800000002,0.080836608
94,Oppressive work recording with weak Kingdom channel,0.0,1.0,0.82,0.0,7.5372715503333225,0.12,0.9,0.8,0.88,0.28,0.92,0.25,0.72,0.24,0.82,0.74,44.28748231966902,15.84507700770383,35.50226302688098,0.24615384615384617,0.04848378812063227,0.0,0.0,0.0,0.1075824,0.0,0.009593920000000002,0.0,0.0,0.0,0.04878720000000001,0.0,0.0,0.054902016,0.02274196379536944,0.008439552,-0.08608353179536944,0.0045984,0.0,0.25664545179536946,-0.25664545179536946,-0.121110336,0.017481601499536946,-0.07557676800000002,0.080836608
95,Oppressive work recording with weak Kingdom channel,0.0,1.0,0.82,0.0,7.618108158333323,0.12,0.9,0.8,0.88,0.28,0.92,0.25,0.72,0.24,0.82,0.74,44.56460749647233,15.944226237626792,35.72441543661217,0.24615384615384617,0.048024711124948605,0.0,0.0,0.0,0.1075824,0.0,0.009593920000000002,0.0,0.0,0.0,0.04878720000000001,0.0,0.0,0.054902016,0.02274196379536944,0.008439552,-0.08608353179536944,0.0045984,0.0,0.25664545179536946,-0.25664545179536946,-0.121110336,0.017481601499536946,-0.07557676800000002,0.080836608
96,Oppressive work recording with weak Kingdom channel,0.0,1.0,0.82,0.0,7.698944766333323,0.12,0.9,0.8,0.88,0.28,0.92,0.25,0.72,0.24,0.82,0.74,44.838961421507605,16.042383975250523,35.94434632224605,0.24615384615384617,0.04757424628090197,0.0,0.0,0.0,0.1075824,0.0,0.009593920000000002,0.0,0.0,0.0,0.04878720000000001,0.0,0.0,0.054902016,0.02274196379536944,0.008439552,-0.08608353179536944,0.0045984,0.0,0.25664545179536946,-0.25664545179536946,-0.121110336,0.017481601499536946,-0.07557676800000002,0.080836608
97,Oppressive work recording with weak Kingdom channel,0.0,1.0,0.82,0.0,7.779781374333323,0.12,0.9,0.8,0.88,0.28,0.92,0.25,0.72,0.24,0.82,0.74,45.11057180729253,16.139560135498016,36.162077899023586,0.24615384615384617,0.047132153498293604,0.0,0.0,0.0,0.1075824,0.0,0.009593920000000002,0.0,0.0,0.0,0.04878720000000001,0.0,0.0,0.054902016,0.02274196379536944,0.008439552,-0.08608353179536944,0.0045984,0.0,0.25664545179536946,-0.25664545179536946,-0.121110336,0.017481601499536946,-0.07557676800000002,0.080836608
98,Oppressive work recording with weak Kingdom channel,0.0,1.0,0.82,0.0,7.8606179823333235,0.12,0.9,0.8,0.88,0.28,0.92,0.25,0.72,0.24,0.82,0.74,45.379466089219605,16.235764534143037,36.37763216003335,0.24615384615384617,0.04669820152909361,0.0,0.0,0.0,0.1075824,0.0,0.009593920000000002,0.0,0.0,0.0,0.04878720000000001,0.0,0.0,0.054902016,0.02274196379536944,0.008439552,-0.08608353179536944,0.0045984,0.0,0.25664545179536946,-0.25664545179536946,-0.121110336,0.017481601499536946,-0.07557676800000002,0.080836608
99,Oppressive work recording with weak Kingdom channel,0.0,1.0,0.82,0.0,7.941454590333324,0.12,0.9,0.8,0.88,0.28,0.92,0.25,0.72,0.24,0.82,0.74,45.645671428327404,16.331006888801607,36.59103087843302,0.24615384615384617,0.04627216756409941,0.0,0.0,0.0,0.1075824,0.0,0.009593920000000002,0.0,0.0,0.0,0.04878720000000001,0.0,0.0,0.054902016,0.02274196379536944,0.008439552,-0.08608353179536944,0.0045984,0.0,0.25664545179536946,-0.25664545179536946,-0.121110336,0.017481601499536946,-0.07557676800000002,0.080836608
100,Oppressive work recording with weak Kingdom channel,0.0,1.0,0.82,0.0,8.022291198333324,0.12,0.9,0.8,0.88,0.28,0.92,0.25,0.72,0.24,0.82,0.74,45.909214714044126,16.42529681991359,36.80229560964869,0.24615384615384617,0.04585383685147316,0.0,0.0,0.0,0.1075824,0.0,0.009593920000000002,0.0,0.0,0.0,0.04878720000000001,0.0,0.0,0.054902016,0.02274196379536944,0.008439552,-0.08608353179536944,0.0045984,0.0,0.25664545179536946,-0.25664545179536946,-0.121110336,0.017481601499536946,-0.07557676800000002,0.080836608
101,Oppressive work recording with weak Kingdom channel,0.0,1.0,0.82,0.0,8.103127806333324,0.12,0.9,0.8,0.88,0.28,0.92,0.25,0.72,0.24,0.82,0.74,46.170122566903686,16.518643851714454,37.0114476935522,0.24615384615384617,0.0454430023357857,0.0,0.0,0.0,0.1075824,0.0,0.009593920000000002,0.0,0.0,0.0,0.04878720000000001,0.0,0.0,0.054902016,0.02274196379536944,0.008439552,-0.08608353179536944,0.0045984,0.0,0.25664545179536946,-0.25664545179536946,-0.121110336,0.017481601499536946,-0.07557676800000002,0.080836608
102,Oppressive work recording with weak Kingdom channel,0.0,1.0,0.82,0.0,8.183964414333325,0.12,0.9,0.8,0.88,0.28,0.92,0.25,0.72,0.24,0.82,0.74,46.428421341234646,16.611057413197308,37.21850825661668,0.24615384615384617,0.04503946431629252,0.0,0.0,0.0,0.1075824,0.0,0.009593920000000002,0.0,0.0,0.0,0.04878720000000001,0.0,0.0,0.054902016,0.02274196379536944,0.008439552,-0.08608353179536944,0.0045984,0.0,0.25664545179536946,-0.25664545179536946,-0.121110336,0.017481601499536946,-0.07557676800000002,0.080836608
103,Oppressive work recording with weak Kingdom channel,0.0,1.0,0.82,0.0,8.264801022333325,0.12,0.9,0.8,0.88,0.28,0.92,0.25,0.72,0.24,0.82,0.74,46.6841371278223,16.702546839065334,37.42349821405051,0.24615384615384617,0.044643030123256676,0.0,0.0,0.0,0.1075824,0.0,0.009593920000000002,0.0,0.0,0.0,0.04878720000000001,0.0,0.0,0.054902016,0.02274196379536944,0.008439552,-0.08608353179536944,0.0045984,0.0,0.25664545179536946,-0.25664545179536946,-0.121110336,0.017481601499536946,-0.07557676800000002,0.080836608
104,Oppressive work recording with weak Kingdom channel,0.0,1.0,0.82,0.0,8.345637630333325,0.12,0.9,0.8,0.88,0.28,0.92,0.25,0.72,0.24,0.82,0.74,46.937295756544074,16.79312137067468,37.626438271910004,0.24615384615384617,0.044253513811216436,0.0,0.0,0.0,0.1075824,0.0,0.009593920000000002,0.0,0.0,0.0,0.04878720000000001,0.0,0.0,0.054902016,0.02274196379536944,0.008439552,-0.08608353179536944,0.0045984,0.0,0.25664545179536946,-0.25664545179536946,-0.121110336,0.017481601499536946,-0.07557676800000002,0.080836608
105,Oppressive work recording with weak Kingdom channel,0.0,1.0,0.82,0.0,8.426474238333325,0.12,0.9,0.8,0.88,0.28,0.92,0.25,0.72,0.24,0.82,0.74,47.18792279897863,16.882790156967932,37.827348929190904,0.24615384615384617,0.043870735868171765,0.0,0.0,0.0,0.1075824,0.0,0.009593920000000002,0.0,0.0,0.0,0.04878720000000001,0.0,0.0,0.054902016,0.02274196379536944,0.008439552,-0.08608353179536944,0.0045984,0.0,0.25664545179536946,-0.25664545179536946,-0.121110336,0.017481601499536946,-0.07557676800000002,0.080836608
106,Oppressive work recording with weak Kingdom channel,0.0,1.0,0.82,0.0,8.507310846333326,0.12,0.9,0.8,0.88,0.28,0.92,0.25,0.72,0.24,0.82,0.74,47.43604357098884,16.971562255398254,38.026250479899,0.24615384615384617,0.04349452293973395,0.0,0.0,0.0,0.1075824,0.0,0.009593920000000002,0.0,0.0,0.0,0.04878720000000001,0.0,0.0,0.054902016,0.02274196379536944,0.008439552,-0.08608353179536944,0.0045984,0.0,0.25664545179536946,-0.25664545179536946,-0.121110336,0.017481601499536946,-0.07557676800000002,0.080836608
107,Oppressive work recording with weak Kingdom channel,0.0,1.0,0.82,0.0,8.588147454333326,0.12,0.9,0.8,0.88,0.28,0.92,0.25,0.72,0.24,0.82,0.74,47.68168313527895,17.05944663284427,38.223163015100006,0.24615384615384617,0.043124707567347945,0.0,0.0,0.0,0.1075824,0.0,0.009593920000000002,0.0,0.0,0.0,0.04878720000000001,0.0,0.0,0.054902016,0.02274196379536944,0.008439552,-0.08608353179536944,0.0045984,0.0,0.25664545179536946,-0.25664545179536946,-0.121110336,0.017481601499536946,-0.07557676800000002,0.080836608
108,Oppressive work recording with weak Kingdom channel,0.0,1.0,0.82,0.0,8.668984062333326,0.12,0.9,0.8,0.88,0.28,0.92,0.25,0.72,0.24,0.82,0.74,47.92486630392616,17.14645216651583,38.41810642494901,0.24615384615384617,0.04276112793975671,0.0,0.0,0.0,0.1075824,0.0,0.009593920000000002,0.0,0.0,0.0,0.04878720000000001,0.0,0.0,0.054902016,0.02274196379536944,0.008439552,-0.08608353179536944,0.0045984,0.0,0.25664545179536946,-0.25664545179536946,-0.121110336,0.017481601499536946,-0.07557676800000002,0.080836608
109,Oppressive work recording with weak Kingdom channel,0.0,1.0,0.82,0.0,8.749820670333326,0.12,0.9,0.8,0.88,0.28,0.92,0.25,0.72,0.24,0.82,0.74,48.16561764088689,17.23258764485067,38.61110040069952,0.24615384615384617,0.042403627656932806,0.0,0.0,0.0,0.1075824,0.0,0.009593920000000002,0.0,0.0,0.0,0.04878720000000001,0.0,0.0,0.054902016,0.02274196379536944,0.008439552,-0.08608353179536944,0.0045984,0.0,0.25664545179536946,-0.25664545179536946,-0.121110336,0.017481601499536946,-0.07557676800000002,0.080836608
110,Oppressive work recording with weak Kingdom channel,0.0,1.0,0.82,0.0,8.830657278333327,0.12,0.9,0.8,0.88,0.28,0.92,0.25,0.72,0.24,0.82,0.74,48.40396146447802,17.317861768402164,38.80216443669252,0.24615384615384617,0.04205205550575351,0.0,0.0,0.0,0.1075824,0.0,0.009593920000000002,0.0,0.0,0.0,0.04878720000000001,0.0,0.0,0.054902016,0.02274196379536944,0.008439552,-0.08608353179536944,0.0045984,0.0,0.25664545179536946,-0.25664545179536946,-0.121110336,0.017481601499536946,-0.07557676800000002,0.080836608
111,Oppressive work recording with weak Kingdom channel,0.0,1.0,0.82,0.0,8.911493886333327,0.12,0.9,0.8,0.88,0.28,0.92,0.25,0.72,0.24,0.82,0.74,48.63992184983324,17.40228315071814,38.9913178323256,0.24615384615384617,0.041706265246743576,0.0,0.0,0.0,0.1075824,0.0,0.009593920000000002,0.0,0.0,0.0,0.04878720000000001,0.0,0.0,0.054902016,0.02274196379536944,0.008439552,-0.08608353179536944,0.0045984,0.0,0.25664545179536946,-0.25664545179536946,-0.121110336,0.017481601499536946,-0.07557676800000002,0.080836608
112,Oppressive work recording with weak Kingdom channel,0.0,1.0,0.82,0.0,8.992330494333327,0.12,0.9,0.8,0.88,0.28,0.92,0.25,0.72,0.24,0.82,0.74,48.87352263133491,17.48586031921096,39.178579694002345,0.24615384615384617,0.04136611541125371,0.0,0.0,0.0,0.1075824,0.0,0.009593920000000002,0.0,0.0,0.0,0.04878720000000001,0.0,0.0,0.054902016,0.02274196379536944,0.008439552,-0.08608353179536944,0.0045984,0.0,0.25664545179536946,-0.25664545179536946,-0.121110336,0.017481601499536946,-0.07557676800000002,0.080836608
113,Oppressive work recording with weak Kingdom channel,0.0,1.0,0.82,0.0,9.073167102333327,0.12,0.9,0.8,0.88,0.28,0.92,0.25,0.72,0.24,0.82,0.74,49.104787405021554,17.56860171601885,39.363968937062324,0.24615384615384617,0.041031469108483945,0.0,0.0,0.0,0.1075824,0.0,0.009593920000000002,0.0,0.0,0.0,0.04878720000000001,0.0,0.0,0.054902016,0.02274196379536944,0.008439552,-0.08608353179536944,0.0045984,0.0,0.25664545179536946,-0.25664545179536946,-0.121110336,0.017481601499536946,-0.07557676800000002,0.080836608
114,Oppressive work recording with weak Kingdom channel,0.0,1.0,0.82,0.0,9.154003710333328,0.12,0.9,0.8,0.88,0.28,0.92,0.25,0.72,0.24,0.82,0.74,49.333739530971336,17.650515698858662,39.5475042876917,0.24615384615384617,0.040702193841798615,0.0,0.0,0.0,0.1075824,0.0,0.009593920000000002,0.0,0.0,0.0,0.04878720000000001,0.0,0.0,0.054902016,0.02274196379536944,0.008439552,-0.08608353179536944,0.0045984,0.0,0.25664545179536946,-0.25664545179536946,-0.121110336,0.017481601499536946,-0.07557676800000002,0.080836608
115,Oppressive work recording with weak Kingdom channel,0.0,1.0,0.82,0.0,9.234840318333328,0.12,0.9,0.8,0.88,0.28,0.92,0.25,0.72,0.24,0.82,0.74,49.56040213566162,17.731610541870076,39.729204284814784,0.24615384615384617,0.04037816133381547,0.0,0.0,0.0,0.1075824,0.0,0.009593920000000002,0.0,0.0,0.0,0.04878720000000001,0.0,0.0,0.054902016,0.02274196379536944,0.008439552,-0.08608353179536944,0.0045984,0.0,0.25664545179536946,-0.25664545179536946,-0.121110336,0.017481601499536946,-0.07557676800000002,0.080836608
116,Oppressive work recording with weak Kingdom channel,0.0,1.0,0.82,0.0,9.315676926333328,0.12,0.9,0.8,0.88,0.28,0.92,0.25,0.72,0.24,0.82,0.74,49.784798114305,17.811894436451375,39.909087281966634,0.24615384615384617,0.04005924735978349,0.0,0.0,0.0,0.1075824,0.0,0.009593920000000002,0.0,0.0,0.0,0.04878720000000001,0.0,0.0,0.054902016,0.02274196379536944,0.008439552,-0.08608353179536944,0.0045984,0.0,0.25664545179536946,-0.25664545179536946,-0.121110336,0.017481601499536946,-0.07557676800000002,0.080836608
117,Oppressive work recording with weak Kingdom channel,0.0,1.0,0.82,0.0,9.396513534333328,0.12,0.9,0.8,0.88,0.28,0.92,0.25,0.72,0.24,0.82,0.74,50.00695013316194,17.891375492086862,40.087171449146965,0.24615384615384617,0.03974533158879502,0.0,0.0,0.0,0.1075824,0.0,0.009593920000000002,0.0,0.0,0.0,0.04878720000000001,0.0,0.0,0.054902016,0.02274196379536944,0.008439552,-0.08608353179536944,0.0045984,0.0,0.25664545179536946,-0.25664545179536946,-0.121110336,0.017481601499536946,-0.07557676800000002,0.080836608
118,Oppressive work recording with weak Kingdom channel,0.0,1.0,0.82,0.0,9.477350142333329,0.12,0.9,0.8,0.88,0.28,0.92,0.25,0.72,0.24,0.82,0.74,50.22688063183032,17.97006173716599,40.26347477465549,0.24615384615384617,0.03943629743240565,0.0,0.0,0.0,0.1075824,0.0,0.009593920000000002,0.0,0.0,0.0,0.04878720000000001,0.0,0.0,0.054902016,0.02274196379536944,0.008439552,-0.08608353179536944,0.0045984,0.0,0.25664545179536946,-0.25664545179536946,-0.121110336,0.017481601499536946,-0.07557676800000002,0.080836608
119,Oppressive work recording with weak Kingdom channel,0.0,1.0,0.82,0.0,9.558186750333329,0.12,0.9,0.8,0.88,0.28,0.92,0.25,0.72,0.24,0.82,0.74,50.44461182551201,18.04796111979433,40.43801506690894,0.24615384615384617,0.039132031900261766,0.0,0.0,0.0,0.1075824,0.0,0.009593920000000002,0.0,0.0,0.0,0.04878720000000001,0.0,0.0,0.054902016,0.02274196379536944,0.008439552,-0.08608353179536944,0.0045984,0.0,0.25664545179536946,-0.25664545179536946,-0.121110336,0.017481601499536946,-0.07557676800000002,0.080836608
120,Oppressive work recording with weak Kingdom channel,0.0,1.0,0.82,0.0,9.63902335833333,0.12,0.9,0.8,0.88,0.28,0.92,0.25,0.72,0.24,0.82,0.74,50.660165707256894,18.125081508596388,40.61080995623985,0.24615384615384617,0.038832425462360376,0.0,0.0,0.0,0.1075824,0.0,0.009593920000000002,0.0,0.0,0.0,0.04878720000000001,0.0,0.0,0.054902016,0.02274196379536944,0.008439552,-0.08608353179536944,0.0045984,0.0,0.25664545179536946,-0.25664545179536946,-0.121110336,0.017481601499536946,-0.07557676800000002,0.080836608
121,Oppressive work recording with weak Kingdom channel,0.0,1.0,0.82,0.0,9.71985996633333,0.12,0.9,0.8,0.88,0.28,0.92,0.25,0.72,0.24,0.82,0.74,50.87356405018432,18.201430693510424,40.78187689667745,0.24615384615384617,0.03853737191758822,0.0,0.0,0.0,0.1075824,0.0,0.009593920000000002,0.0,0.0,0.0,0.04878720000000001,0.0,0.0,0.054902016,0.02274196379536944,0.008439552,-0.08608353179536944,0.0045984,0.0,0.25664545179536946,-0.25664545179536946,-0.121110336,0.017481601499536946,-0.07557676800000002,0.080836608
122,Oppressive work recording with weak Kingdom channel,0.0,1.0,0.82,0.0,9.80069657433333,0.12,0.9,0.8,0.88,0.28,0.92,0.25,0.72,0.24,0.82,0.74,51.08482840968247,18.27701638657532,40.951233167710676,0.24615384615384617,0.03824676826820885,0.0,0.0,0.0,0.1075824,0.0,0.009593920000000002,0.0,0.0,0.0,0.04878720000000001,0.0,0.0,0.054902016,0.02274196379536944,0.008439552,-0.08608353179536944,0.0045984,0.0,0.25664545179536946,-0.25664545179536946,-0.121110336,0.017481601499536946,-0.07557676800000002,0.080836608
123,Oppressive work recording with weak Kingdom channel,0.0,1.0,0.82,0.0,9.88153318233333,0.12,0.9,0.8,0.88,0.28,0.92,0.25,0.72,0.24,0.82,0.74,51.29398012558565,18.351846222709565,41.11889587603357,0.24615384615384617,0.03796051459998608,0.0,0.0,0.0,0.1075824,0.0,0.009593920000000002,0.0,0.0,0.0,0.04878720000000001,0.0,0.0,0.054902016,0.02274196379536944,0.008439552,-0.08608353179536944,0.0045984,0.0,0.25664545179536946,-0.25664545179536946,-0.121110336,0.017481601499536946,-0.07557676800000002,0.080836608
124,Oppressive work recording with weak Kingdom channel,0.0,1.0,0.82,0.0,9.96236979033333,0.12,0.9,0.8,0.88,0.28,0.92,0.25,0.72,0.24,0.82,0.74,51.50104032432979,18.42592776048247,41.284881957273235,0.24615384615384617,0.03767851396765061,0.0,0.0,0.0,0.1075824,0.0,0.009593920000000002,0.0,0.0,0.0,0.04878720000000001,0.0,0.0,0.054902016,0.02274196379536944,0.008439552,-0.08608353179536944,0.0045984,0.0,0.25664545179536946,-0.25664545179536946,-0.121110336,0.017481601499536946,-0.07557676800000002,0.080836608
125,Oppressive work recording with weak Kingdom channel,0.0,1.0,0.82,0.0,10.04320639833333,0.12,0.9,0.8,0.88,0.28,0.92,0.25,0.72,0.24,0.82,0.74,51.7060299210865,18.499268482877646,41.449208177700505,0.24615384615384617,0.03740067228543412,0.0,0.0,0.0,0.1075824,0.0,0.009593920000000002,0.0,0.0,0.0,0.04878720000000001,0.0,0.0,0.054902016,0.02274196379536944,0.008439552,-0.08608353179536944,0.0045984,0.0,0.25664545179536946,-0.25664545179536946,-0.121110336,0.017481601499536946,-0.07557676800000002,0.080836608
126,Oppressive work recording with weak Kingdom channel,0.0,1.0,0.82,0.0,10.12404300633333,0.12,0.9,0.8,0.88,0.28,0.92,0.25,0.72,0.24,0.82,0.74,51.90896962187563,18.57187579804887,41.6118911359235,0.24615384615384617,0.03712689822241104,0.0,0.0,0.0,0.1075824,0.0,0.009593920000000002,0.0,0.0,0.0,0.04878720000000001,0.0,0.0,0.054902016,0.02274196379536944,0.008439552,-0.08608353179536944,0.0045984,0.0,0.25664545179536946,-0.25664545179536946,-0.121110336,0.017481601499536946,-0.07557676800000002,0.080836608
127,Oppressive work recording with weak Kingdom channel,0.0,1.0,0.82,0.0,10.204879614333331,0.12,0.9,0.8,0.88,0.28,0.92,0.25,0.72,0.24,0.82,0.74,52.10987992565687,18.64375704006838,41.772947264564266,0.24615384615384617,0.036857103102403664,0.0,0.0,0.0,0.1075824,0.0,0.009593920000000002,0.0,0.0,0.0,0.04878720000000001,0.0,0.0,0.054902016,0.02274196379536944,0.008439552,-0.08608353179536944,0.0045984,0.0,0.25664545179536946,-0.25664545179536946,-0.121110336,0.017481601499536946,-0.07557676800000002,0.080836608
128,Oppressive work recording with weak Kingdom channel,0.0,1.0,0.82,0.0,10.285716222333331,0.12,0.9,0.8,0.88,0.28,0.92,0.25,0.72,0.24,0.82,0.74,52.3087811264003,18.714919469667695,41.93239283191863,0.24615384615384617,0.036591200808219856,0.0,0.0,0.0,0.1075824,0.0,0.009593920000000002,0.0,0.0,0.0,0.04878720000000001,0.0,0.0,0.054902016,0.02274196379536944,0.008439552,-0.08608353179536944,0.0045984,0.0,0.25664545179536946,-0.25664545179536946,-0.121110336,0.017481601499536946,-0.07557676800000002,0.080836608
129,Oppressive work recording with weak Kingdom channel,0.0,1.0,0.82,0.0,10.366552830333331,0.12,0.9,0.8,0.88,0.28,0.92,0.25,0.72,0.24,0.82,0.74,52.50569331513629,18.78537027497102,42.09024394359944,0.24615384615384617,0.03632910769000641,0.0,0.0,0.0,0.1075824,0.0,0.009593920000000002,0.0,0.0,0.0,0.04878720000000001,0.0,0.0,0.054902016,0.02274196379536944,0.008439552,-0.08608353179536944,0.0045984,0.0,0.25664545179536946,-0.25664545179536946,-0.121110336,0.017481601499536946,-0.07557676800000002,0.080836608
130,Oppressive work recording with weak Kingdom channel,0.0,1.0,0.82,0.0,10.447389438333332,0.12,0.9,0.8,0.88,0.28,0.92,0.25,0.72,0.24,0.82,0.74,52.70063638198493,18.85511657222131,42.24651654416345,0.24615384615384617,0.03607074247751299,0.0,0.0,0.0,0.1075824,0.0,0.009593920000000002,0.0,0.0,0.0,0.04878720000000001,0.0,0.0,0.054902016,0.02274196379536944,0.008439552,-0.08608353179536944,0.0045984,0.0,0.25664545179536946,-0.25664545179536946,-0.121110336,0.017481601499536946,-0.07557676800000002,0.080836608
131,Oppressive work recording with weak Kingdom channel,0.0,1.0,0.82,0.0,10.528226046333332,0.12,0.9,0.8,0.88,0.28,0.92,0.25,0.72,0.24,0.82,0.74,52.89363001816508,18.924165406499096,42.40122641872181,0.24615384615384617,0.035816026196073346,0.0,0.0,0.0,0.1075824,0.0,0.009593920000000002,0.0,0.0,0.0,0.04878720000000001,0.0,0.0,0.054902016,0.02274196379536944,0.008439552,-0.08608353179536944,0.0045984,0.0,0.25664545179536946,-0.25664545179536946,-0.121110336,0.017481601499536946,-0.07557676800000002,0.080836608
132,Oppressive work recording with weak Kingdom channel,0.0,1.0,0.82,0.0,10.609062654333332,0.12,0.9,0.8,0.88,0.28,0.92,0.25,0.72,0.24,0.82,0.74,53.08469371798343,18.992523752434106,42.55438919453459,0.24615384615384617,0.03556488208612153,0.0,0.0,0.0,0.1075824,0.0,0.009593920000000002,0.0,0.0,0.0,0.04878720000000001,0.0,0.0,0.054902016,0.02274196379536944,0.008439552,-0.08608353179536944,0.0045984,0.0,0.25664545179536946,-0.25664545179536946,-0.121110336,0.017481601499536946,-0.07557676800000002,0.080836608
133,Oppressive work recording with weak Kingdom channel,0.0,1.0,0.82,0.0,10.689899262333332,0.12,0.9,0.8,0.88,0.28,0.92,0.25,0.72,0.24,0.82,0.74,53.27384678080359,19.060198514909764,42.70602034258925,0.24615384615384617,0.035317235526070544,0.0,0.0,0.0,0.1075824,0.0,0.009593920000000002,0.0,0.0,0.0,0.04878720000000001,0.0,0.0,0.054902016,0.02274196379536944,0.008439552,-0.08608353179536944,0.0045984,0.0,0.25664545179536946,-0.25664545179536946,-0.121110336,0.017481601499536946,-0.07557676800000002,0.080836608
134,Oppressive work recording with weak Kingdom channel,0.0,1.0,0.82,0.0,10.770735870333333,0.12,0.9,0.8,0.88,0.28,0.92,0.25,0.72,0.24,0.82,0.74,53.46110831299555,19.127196529760667,42.85613517916335,0.24615384615384617,0.03507301395839086,0.0,0.0,0.0,0.1075824,0.0,0.009593920000000002,0.0,0.0,0.0,0.04878720000000001,0.0,0.0,0.054902016,0.02274196379536944,0.008439552,-0.08608353179536944,0.0045984,0.0,0.25664545179536946,-0.25664545179536946,-0.121110336,0.017481601499536946,-0.07557676800000002,0.080836608
135,Oppressive work recording with weak Kingdom channel,0.0,1.0,0.82,0.0,10.851572478333333,0.12,0.9,0.8,0.88,0.28,0.92,0.25,0.72,0.24,0.82,0.74,53.646497229865595,19.19352456446306,43.00474886737172,0.24615384615384617,0.0348321468187349,0.0,0.0,0.0,0.1075824,0.0,0.009593920000000002,0.0,0.0,0.0,0.04878720000000001,0.0,0.0,0.054902016,0.02274196379536944,0.008439552,-0.08608353179536944,0.0045984,0.0,0.25664545179536946,-0.25664545179536946,-0.121110336,0.017481601499536946,-0.07557676800000002,0.080836608
136,Oppressive work recording with weak Kingdom channel,0.0,1.0,0.82,0.0,10.932409086333333,0.12,0.9,0.8,0.88,0.28,0.92,0.25,0.72,0.24,0.82,0.74,53.830032257566934,19.259189318818432,43.151876418698,0.24615384615384617,0.03459456546796207,0.0,0.0,0.0,0.1075824,0.0,0.009593920000000002,0.0,0.0,0.0,0.04878720000000001,0.0,0.0,0.054902016,0.02274196379536944,0.008439552,-0.08608353179536944,0.0045984,0.0,0.25664545179536946,-0.25664545179536946,-0.121110336,0.017481601499536946,-0.07557676800000002,0.080836608
137,Oppressive work recording with weak Kingdom channel,0.0,1.0,0.82,0.0,11.013245694333333,0.12,0.9,0.8,0.88,0.28,0.92,0.25,0.72,0.24,0.82,0.74,54.01173193499126,19.32419742563025,43.29753269451102,0.24615384615384617,0.03436020312692677,0.0,0.0,0.0,0.1075824,0.0,0.009593920000000002,0.0,0.0,0.0,0.04878720000000001,0.0,0.0,0.054902016,0.02274196379536944,0.008439552,-0.08608353179536944,0.0045984,0.0,0.25664545179536946,-0.25664545179536946,-0.121110336,0.017481601499536946,-0.07557676800000002,0.080836608
138,Oppressive work recording with weak Kingdom channel,0.0,1.0,0.82,0.0,11.094082302333334,0.12,0.9,0.8,0.88,0.28,0.92,0.25,0.72,0.24,0.82,0.74,54.19161461564135,19.388555451373946,43.44173240756591,0.24615384615384617,0.03412899481389926,0.0,0.0,0.0,0.1075824,0.0,0.009593920000000002,0.0,0.0,0.0,0.04878720000000001,0.0,0.0,0.054902016,0.02274196379536944,0.008439552,-0.08608353179536944,0.0045984,0.0,0.25664545179536946,-0.25664545179536946,-0.121110336,0.017481601499536946,-0.07557676800000002,0.080836608
139,Oppressive work recording with weak Kingdom channel,0.0,1.0,0.82,0.0,11.174918910333334,0.12,0.9,0.8,0.88,0.28,0.92,0.25,0.72,0.24,0.82,0.74,54.36969846948493,19.45226989686021,43.58449012349025,0.24615384615384617,0.03390087728449623,0.0,0.0,0.0,0.1075824,0.0,0.009593920000000002,0.0,0.0,0.0,0.04878720000000001,0.0,0.0,0.054902016,0.02274196379536944,0.008439552,-0.08608353179536944,0.0045984,0.0,0.25664545179536946,-0.25664545179536946,-0.121110336,0.017481601499536946,-0.07557676800000002,0.080836608
140,Oppressive work recording with weak Kingdom channel,0.0,1.0,0.82,0.0,11.255755518333334,0.12,0.9,0.8,0.88,0.28,0.92,0.25,0.72,0.24,0.82,0.74,54.54600148479008,19.515347197891607,43.72582026225535,0.24615384615384617,0.03367578897400432,0.0,0.0,0.0,0.1075824,0.0,0.009593920000000002,0.0,0.0,0.0,0.04878720000000001,0.0,0.0,0.054902016,0.02274196379536944,0.008439552,-0.08608353179536944,0.0045984,0.0,0.25664545179536946,-0.25664545179536946,-0.121110336,0.017481601499536946,-0.07557676800000002,0.080836608
141,Oppressive work recording with weak Kingdom channel,0.0,1.0,0.82,0.0,11.336592126333334,0.12,0.9,0.8,0.88,0.28,0.92,0.25,0.72,0.24,0.82,0.74,54.72054146994218,19.57779372591269,43.865737099632796,0.24615384615384617,0.033453669941986244,0.0,0.0,0.0,0.1075824,0.0,0.009593920000000002,0.0,0.0,0.0,0.04878720000000001,0.0,0.0,0.054902016,0.02274196379536944,0.008439552,-0.08608353179536944,0.0045984,0.0,0.25664545179536946,-0.25664545179536946,-0.121110336,0.017481601499536946,-0.07557676800000002,0.080836608
142,Oppressive work recording with weak Kingdom channel,0.0,1.0,0.82,0.0,11.417428734333335,0.12,0.9,0.8,0.88,0.28,0.92,0.25,0.72,0.24,0.82,0.74,54.893336055242756,19.639615788653565,44.004254768636464,0.24615384615384617,0.033234461819064746,0.0,0.0,0.0,0.1075824,0.0,0.009593920000000002,0.0,0.0,0.0,0.04878720000000001,0.0,0.0,0.054902016,0.02274196379536944,0.008439552,-0.08608353179536944,0.0045984,0.0,0.25664545179536946,-0.25664545179536946,-0.121110336,0.017481601499536946,-0.07557676800000002,0.080836608
143,Oppressive work recording with weak Kingdom channel,0.0,1.0,0.82,0.0,11.498265342333335,0.12,0.9,0.8,0.88,0.28,0.92,0.25,0.72,0.24,0.82,0.74,55.06440269469033,19.70081963076703,44.1413872609501,0.24615384615384617,0.03301810775578508,0.0,0.0,0.0,0.1075824,0.0,0.009593920000000002,0.0,0.0,0.0,0.04878720000000001,0.0,0.0,0.054902016,0.02274196379536944,0.008439552,-0.08608353179536944,0.0045984,0.0,0.25664545179536946,-0.25664545179536946,-0.121110336,0.017481601499536946,-0.07557676800000002,0.080836608
144,Oppressive work recording with weak Kingdom channel,0.0,1.0,0.82,0.0,11.579101950333335,0.12,0.9,0.8,0.88,0.28,0.92,0.25,0.72,0.24,0.82,0.74,55.23375866774342,19.761411434459358,44.277148428340595,0.24615384615384617,0.03280455237346209,0.0,0.0,0.0,0.1075824,0.0,0.009593920000000002,0.0,0.0,0.0,0.04878720000000001,0.0,0.0,0.054902016,0.02274196379536944,0.008439552,-0.08608353179536944,0.0045984,0.0,0.25664545179536946,-0.25664545179536946,-0.121110336,0.017481601499536946,-0.07557676800000002,0.080836608
145,Oppressive work recording with weak Kingdom channel,0.0,1.0,0.82,0.0,11.659938558333335,0.12,0.9,0.8,0.88,0.28,0.92,0.25,0.72,0.24,0.82,0.74,55.40142108106599,19.821397320114766,44.41155198405719,0.24615384615384617,0.032593741716922434,0.0,0.0,0.0,0.1075824,0.0,0.009593920000000002,0.0,0.0,0.0,0.04878720000000001,0.0,0.0,0.054902016,0.02274196379536944,0.008439552,-0.08608353179536944,0.0045984,0.0,0.25664545179536946,-0.25664545179536946,-0.121110336,0.017481601499536946,-0.07557676800000002,0.080836608
146,Oppressive work recording with weak Kingdom channel,0.0,1.0,0.82,0.0,11.740775166333336,0.12,0.9,0.8,0.88,0.28,0.92,0.25,0.72,0.24,0.82,0.74,55.567406870255326,19.880783346913617,44.54461150421662,0.24615384615384617,0.032385623209057336,0.0,0.0,0.0,0.1075824,0.0,0.009593920000000002,0.0,0.0,0.0,0.04878720000000001,0.0,0.0,0.054902016,0.02274196379536944,0.008439552,-0.08608353179536944,0.0045984,0.0,0.25664545179536946,-0.25664545179536946,-0.121110336,0.017481601499536946,-0.07557676800000002,0.080836608
147,Oppressive work recording with weak Kingdom channel,0.0,1.0,0.82,0.0,11.821611774333336,0.12,0.9,0.8,0.88,0.28,0.92,0.25,0.72,0.24,0.82,0.74,55.73173280155277,19.93957551344448,44.67634042917445,0.24615384615384617,0.032180145607105456,0.0,0.0,0.0,0.1075824,0.0,0.009593920000000002,0.0,0.0,0.0,0.04878720000000001,0.0,0.0,0.054902016,0.02274196379536944,0.008439552,-0.08608353179536944,0.0045984,0.0,0.25664545179536946,-0.25664545179536946,-0.121110336,0.017481601499536946,-0.07557676800000002,0.080836608
148,Oppressive work recording with weak Kingdom channel,0.0,1.0,0.82,0.0,11.902448382333336,0.12,0.9,0.8,0.88,0.28,0.92,0.25,0.72,0.24,0.82,0.74,55.894415473537244,19.997779758310035,44.80675206488271,0.24615384615384617,0.031977258960589464,0.0,0.0,0.0,0.1075824,0.0,0.009593920000000002,0.0,0.0,0.0,0.04878720000000001,0.0,0.0,0.054902016,0.02274196379536944,0.008439552,-0.08608353179536944,0.0045984,0.0,0.25664545179536946,-0.25664545179536946,-0.121110336,0.017481601499536946,-0.07557676800000002,0.080836608
149,Oppressive work recording with weak Kingdom channel,0.0,1.0,0.82,0.0,11.983284990333336,0.12,0.9,0.8,0.88,0.28,0.92,0.25,0.72,0.24,0.82,0.74,56.05547131880187,20.055401960726936,44.93585958423388,0.24615384615384617,0.03177691457083386,0.0,0.0,0.0,0.1075824,0.0,0.009593920000000002,0.0,0.0,0.0,0.04878720000000001,0.0,0.0,0.054902016,0.02274196379536944,0.008439552,-0.08608353179536944,0.0045984,0.0,0.25664545179536946,-0.25664545179536946,-0.121110336,0.017481601499536946,-0.07557676800000002,0.080836608
150,Oppressive work recording with weak Kingdom channel,0.0,1.0,0.82,0.0,12.064121598333337,0.12,0.9,0.8,0.88,0.28,0.92,0.25,0.72,0.24,0.82,0.74,56.21491660561385,20.112447941119665,45.06367602839154,0.24615384615384617,0.03157906495199513,0.0,0.0,0.0,0.1075824,0.0,0.009593920000000002,0.0,0.0,0.0,0.04878720000000001,0.0,0.0,0.054902016,0.02274196379536944,0.008439552,-0.08608353179536944,0.0045984,0.0,0.25664545179536946,-0.25664545179536946,-0.121110336,0.017481601499536946,-0.07557676800000002,0.080836608
151,Oppressive work recording with weak Kingdom channel,0.0,1.0,0.82,0.0,12.144958206333337,0.12,0.9,0.8,0.88,0.28,0.92,0.25,0.72,0.24,0.82,0.74,56.37276743955771,20.16892346170847,45.19021430810763,0.24615384615384617,0.03138366379353864,0.0,0.0,0.0,0.1075824,0.0,0.009593920000000002,0.0,0.0,0.0,0.04878720000000001,0.0,0.0,0.054902016,0.02274196379536944,0.008439552,-0.08608353179536944,0.0045984,0.0,0.25664545179536946,-0.25664545179536946,-0.121110336,0.017481601499536946,-0.07557676800000002,0.080836608
152,Oppressive work recording with weak Kingdom channel,0.0,1.0,0.82,0.0,12.225794814333337,0.12,0.9,0.8,0.88,0.28,0.92,0.25,0.72,0.24,0.82,0.74,56.52903976516213,20.224834227091385,45.31548720502655,0.24615384615384617,0.03119066592410001,0.0,0.0,0.0,0.1075824,0.0,0.009593920000000002,0.0,0.0,0.0,0.04878720000000001,0.0,0.0,0.054902016,0.02274196379536944,0.008439552,-0.08608353179536944,0.0045984,0.0,0.25664545179536946,-0.25664545179536946,-0.121110336,0.017481601499536946,-0.07557676800000002,0.080836608
153,Oppressive work recording with weak Kingdom channel,0.0,1.0,0.82,0.0,12.306631422333338,0.12,0.9,0.8,0.88,0.28,0.92,0.25,0.72,0.24,0.82,0.74,56.68374936751051,20.280185884820472,45.43950737297629,0.24615384615384617,0.031000027276671956,0.0,0.0,0.0,0.1075824,0.0,0.009593920000000002,0.0,0.0,0.0,0.04878720000000001,0.0,0.0,0.054902016,0.02274196379536944,0.008439552,-0.08608353179536944,0.0045984,0.0,0.25664545179536946,-0.25664545179536946,-0.121110336,0.017481601499536946,-0.07557676800000002,0.080836608
154,Oppressive work recording with weak Kingdom channel,0.0,1.0,0.82,0.0,12.387468030333338,0.12,0.9,0.8,0.88,0.28,0.92,0.25,0.72,0.24,0.82,0.74,56.836911873835405,20.33498402597227,45.562287339246524,0.24615384615384617,0.030811704855059845,0.0,0.0,0.0,0.1075824,0.0,0.009593920000000002,0.0,0.0,0.0,0.04878720000000001,0.0,0.0,0.054902016,0.02274196379536944,0.008439552,-0.08608353179536944,0.0045984,0.0,0.25664545179536946,-0.25664545179536946,-0.121110336,0.017481601499536946,-0.07557676800000002,0.080836608
155,Oppressive work recording with weak Kingdom channel,0.0,1.0,0.82,0.0,12.468304638333338,0.12,0.9,0.8,0.88,0.28,0.92,0.25,0.72,0.24,0.82,0.74,56.98854275509705,20.389234185712546,45.68383950585406,0.24615384615384617,0.030625656701552647,0.0,0.0,0.0,0.1075824,0.0,0.009593920000000002,0.0,0.0,0.0,0.04878720000000001,0.0,0.0,0.054902016,0.02274196379536944,0.008439552,-0.08608353179536944,0.0045984,0.0,0.25664545179536946,-0.25664545179536946,-0.121110336,0.017481601499536946,-0.07557676800000002,0.080836608
156,Oppressive work recording with weak Kingdom channel,0.0,1.0,0.82,0.0,12.549141246333338,0.12,0.9,0.8,0.88,0.28,0.92,0.25,0.72,0.24,0.82,0.74,57.13865732754608,20.44294184385542,45.80417615079552,0.24615384615384617,0.030441841865758115,0.0,0.0,0.0,0.1075824,0.0,0.009593920000000002,0.0,0.0,0.0,0.04878720000000001,0.0,0.0,0.054902016,0.02274196379536944,0.008439552,-0.08608353179536944,0.0045984,0.0,0.25664545179536946,-0.25664545179536946,-0.121110336,0.017481601499536946,-0.07557676800000002,0.080836608
157,Oppressive work recording with weak Kingdom channel,0.0,1.0,0.82,0.0,12.629977854333339,0.12,0.9,0.8,0.88,0.28,0.92,0.25,0.72,0.24,0.82,0.74,57.287270754270615,20.496112425416865,45.92330942928756,0.24615384615384617,0.03026022037455355,0.0,0.0,0.0,0.1075824,0.0,0.009593920000000002,0.0,0.0,0.0,0.04878720000000001,0.0,0.0,0.054902016,0.02274196379536944,0.008439552,-0.08608353179536944,0.0045984,0.0,0.25664545179536946,-0.25664545179536946,-0.121110336,0.017481601499536946,-0.07557676800000002,0.080836608
158,Oppressive work recording with weak Kingdom channel,0.0,1.0,0.82,0.0,12.710814462333339,0.12,0.9,0.8,0.88,0.28,0.92,0.25,0.72,0.24,0.82,0.74,57.43439804672791,20.548751301162696,46.04125137499469,0.24615384615384617,0.030080753203105895,0.0,0.0,0.0,0.1075824,0.0,0.009593920000000002,0.0,0.0,0.0,0.04878720000000001,0.0,0.0,0.054902016,0.02274196379536944,0.008439552,-0.08608353179536944,0.0045984,0.0,0.25664545179536946,-0.25664545179536946,-0.121110336,0.017481601499536946,-0.07557676800000002,0.080836608
159,Oppressive work recording with weak Kingdom channel,0.0,1.0,0.82,0.0,12.791651070333339,0.12,0.9,0.8,0.88,0.28,0.92,0.25,0.72,0.24,0.82,0.74,57.58005406626063,20.60086378815107,46.15801390124474,0.24615384615384617,0.029903402246916934,0.0,0.0,0.0,0.1075824,0.0,0.009593920000000002,0.0,0.0,0.0,0.04878720000000001,0.0,0.0,0.054902016,0.02274196379536944,0.008439552,-0.08608353179536944,0.0045984,0.0,0.25664545179536946,-0.25664545179536946,-0.121110336,0.017481601499536946,-0.07557676800000002,0.080836608
0,Oppressive work recording with Kingdom counter-witness,0.5551146731470828,0.25520593463974667,0.82,1.0069907359646573,0.3356129454757076,0.12,0.9,0.8,0.94,0.58,0.95,0.58,0.6,0.86,0.9,0.18,0.7200000000000001,0.5509999999999999,0.68634,0.24615384615384617,0.24615384615384617,0.4954999939062502,0.3566999999999999,0.00257427907861645,0.0569530712622628,0.015431968819196803,0.011118760993808575,0.053095071360247055,0.00040139873948346775,0.001858327497608647,0.011982070679040004,0.0015801093236809524,0.001092780134675404,0.006555599404915419,0.00874103622348249,0.0011005061760000002,-0.015304361669722506,0.0013801366349421112,0.023280795852821716,0.0978311813744514,-0.07455038552162968,-0.04300926403534268,0.005205934639746671,-0.024885326852917077,0.035612945475707605
1,Oppressive work recording with Kingdom counter-witness,0.5287492322793548,0.26062423757990694,0.82,0.963387077048347,0.37160925417465007,0.12,0.9,0.8,0.94,0.58,0.95,0.58,0.6,0.86,0.9,0.18,1.4328000000000003,1.0964899999999997,1.3658166,0.24615384615384617,0.2437097368740108,0.4839992668158989,0.3390258136065622,0.0024794540279768434,0.05779604766811112,0.014863523370952847,0.011216732136519698,0.04929296212213393,0.0003947348801745723,0.001732438920566893,0.01282852416405323,0.0014669585527547057,0.001014526742433301,0.006614959234138444,0.008904334561156425,0.0011307417601469818,-0.01563550881300855,0.0014713045779248736,0.022247003084394465,0.09996264410205076,-0.0777156410176563,-0.04360365891631024,0.00541830294016025,-0.026365440867728046,0.03599630869894251
2,Oppressive work recording with Kingdom counter-witness,0.5008149613918368,0.2662693174536201,0.82,0.9191693882543988,0.40800015225773556,0.12,0.9,0.8,0.94,0.58,0.95,0.58,0.6,0.86,0.9,0.18,2.138472,1.6365250999999996,2.038498434,0.24615384615384617,0.24154155880141082,0.4720955533178386,0.32057438073138117,0.002381576141729691,0.05868889653789426,0.014276777162586525,0.011319029681712476,0.045463845568178,0.00038564769829566123,0.0016047591183913806,0.013739741947030528,0.001353004044108977,0.0009357174971244666,0.006676837729928687,0.009073354885794058,0.0011623069953952115,-0.01597678211399349,0.0015696776297588362,0.021188327801895532,0.10222984540751405,-0.08104151760561852,-0.044217688793948225,0.0056450798737131816,-0.027934270887518018,0.036390898083085495
3,Oppressive work recording with Kingdom counter-witness,0.47121724121306197,0.27215676030140784,0.82,0.8743166965284908,0.44479713316856945,0.12,0.9,0.8,0.94,0.58,0.95,0.58,0.6,0.86,0.9,0.18,2.8370872800000004,2.1711598489999995,2.70445344966,0.24615384615384617,0.23964686887878364,0.4597527119140826,0.30131990883020643,0.0022805276148733723,0.059636295143862414,0.013671023991290675,0.011426050624865439,0.04161592699936806,0.0003739328662660928,0.001475515201347305,0.014721053416110975,0.001238489987501193,0.0008565212767575343,0.006741444618550981,0.009248610368997146,0.0011952460055659891,-0.016328779716356583,0.0016759401734341207,0.020104701049761232,0.10464464035138707,-0.08453993930162584,-0.044852691725907966,0.0058874428477877685,-0.029597720178774812,0.03679698091083387
4,Oppressive work recording with Kingdom counter-witness,0.4398551823122208,0.27830342532746405,0.82,0.8288066662925035,0.4820119050086632,0.12,0.9,0.8,0.94,0.58,0.95,0.58,0.6,0.86,0.9,0.18,3.5287164072000006,2.700448250509999,3.3637489151634,0.24615384615384617,0.23802544025374614,0.44693359111132214,0.28123727242600527,0.0021761995837196652,0.060643322814255066,0.013045611254534292,0.011538214978545566,0.03775924660035763,0.0003593958945669615,0.0013449990631429214,0.01577825406555974,0.001123715178826643,0.0007771447241348731,0.006809003438146072,0.009430628523248314,0.0012296017733153843,-0.016692089010574895,0.0017908477802307426,0.0189962992567634,0.10721987337330088,-0.08822357411653749,-0.04551003023598724,0.006146665026056205,-0.03136205890084114,0.03721477184009375
5,Oppressive work recording with Kingdom counter-witness,0.40662124715310344,0.2847275480254604,0.82,0.7826155730110291,0.5196563313420787,0.12,0.9,0.8,0.94,0.58,0.95,0.58,0.6,0.86,0.9,0.18,4.213429243128001,3.2244437680048987,4.016451426011766,0.24615384615384617,0.23667937363428596,0.43359994492660325,0.2603024223098887,0.002068493842057097,0.061715504318351176,0.012399950237905702,0.011655968126375076,0.03390586854874296,0.0003418595380220658,0.0012135756613277041,0.016917641300828828,0.0010090386480105904,0.0006978361390191655,0.006879752871213445,0.009619952401642377,0.0012654154401060273,-0.017067284573942684,0.0019152350488527976,0.017863576688002657,0.10996946950736973,-0.09210589281936707,-0.04619109328147441,0.006424122697996352,-0.0332339351591174,0.037644426333415484
6,Oppressive work recording with Kingdom counter-witness,0.3714008648687019,0.29144885074347243,0.82,0.7357182754372897,0.557742364785773,0.12,0.9,0.8,0.94,0.58,0.95,0.58,0.6,0.86,0.9,0.18,4.891294950696721,3.74319933032485,4.662626911751648,0.24615384615384617,0.2356132639950446,0.4197123764113928,0.23849288071043936,0.0019573249075110675,0.06285885635490356,0.011733528502271783,0.011779783164916638,0.030070083993292612,0.0003211730808829451,0.0010816922277734288,0.01814605093607591,0.000894885699640388,0.0006188896557448399,0.006953948115923236,0.009817141399785751,0.0013027254591110372,-0.017454925319075186,0.002050024209870005,0.016707302168847603,0.11290852964058612,-0.09620122747173851,-0.046897297573739394,0.00672130271801203,-0.03522038228440155,0.038086033443694364
7,Oppressive work recording with Kingdom counter-witness,0.3340720438543361,0.29848866059380313,0.82,0.688088187258967,0.5962819728664064,0.12,0.9,0.8,0.94,0.58,0.95,0.58,0.6,0.86,0.9,0.18,5.562382001189754,4.256767337021602,5.302340642634132,0.24615384615384617,0.2348344321271085,0.40523031628210626,0.21578833790282131,0.001842622477558093,0.06407993707465967,0.011045924606787482,0.011910163192879127,0.026268625224749802,0.0002972238317525866,0.0009498884039991954,0.019470893631920547,0.0007817542866885541,0.000540649651190265,0.007031862283670577,0.010022771559220671,0.0013415665745828854,-0.017855550766283868,0.0021962345248429664,0.015528600179370085,0.11605342884177644,-0.10052482866240636,-0.04763008817832275,0.0070398098503307,-0.037328821014365784,0.038539608080633427
8,Oppressive work recording with Kingdom counter-witness,0.2945049889095604,0.30587003438636223,0.82,0.6396972489727273,0.6352870558179181,0.12,0.9,0.8,0.94,0.58,0.95,0.58,0.6,0.86,0.9,0.18,6.226758181177856,4.765199663651385,5.93565723620779,0.24615384615384617,0.23435323403043676,0.39011204638624875,0.19217136809278526,0.001724334319218998,0.06538589837590117,0.010336825431669994,0.012047643484627505,0.022520886880823317,0.0002699511870804186,0.000818807254755415,0.020900190231276233,0.0006702215935733019,0.0004635152975246162,0.007113787801540323,0.010237435234230456,0.0013819685971763105,-0.01826967633542247,0.0023549924883276667,0.01432899631307385,0.11942191621307965,-0.1050929199000058,-0.048390938286239804,0.007381373792559084,-0.03956705494477567,0.039005082951511734
9,Oppressive work recording with Kingdom counter-witness,0.25256173165143475,0.31361788995623313,0.82,0.5905159009707948,0.6747693562818156,0.12,0.9,0.8,0.94,0.58,0.95,0.58,0.6,0.86,0.9,0.18,6.884490599366077,5.268547667014872,6.562640663845713,0.24615384615384617,0.23418346575656437,0.37431478116974926,0.1676282850163671,0.0016024296409481353,0.06678454043433993,0.009606046391581911,0.01219279345457647,0.01884914802293113,0.0002393636380826964,0.0006892070521520438,0.02244260458137564,0.0005609506451624304,0.0003879451328967845,0.0072000377863236245,0.010461739935088272,0.0014239549402568004,-0.018697787528771912,0.002527542807919137,0.013110466935062341,0.12303321393987987,-0.10992274700481752,-0.04918134800193257,0.007747855569870921,-0.04194325725812564,0.039482300463897446
10,Oppressive work recording with Kingdom counter-witness,0.2080957853275756,0.32175914284524565,0.82,0.5405130590422115,0.714740361285602,0.12,0.9,0.8,0.94,0.58,0.95,0.58,0.6,0.86,0.9,0.18,7.535645693372416,5.766862190344723,7.183354257207256,0.24615384615384617,0.23434288748233822,0.3577948248471344,0.14215016051551987,0.0014769029996533917,0.06828436752971151,0.00885355485694997,0.012346218277483879,0.015278786246883471,0.00020555909162709219,0.0005619736346202547,0.024107471962929117,0.0004546966787072521,0.0003144614681702226,0.007290947340105243,0.010696306096404479,0.0014675408774028897,-0.01914033284574239,0.002715260087512375,0.011875492645557461,0.1269081121715495,-0.11503261952599203,-0.05000284192858333,0.008141252889012521,-0.044465946323859126,0.03997100500378643
11,Oppressive work recording with Kingdom counter-witness,0.16095183802860497,0.33032284675676776,0.82,0.48965609380422137,0.7552111974538535,0.12,0.9,0.8,0.94,0.58,0.95,0.58,0.6,0.86,0.9,0.18,8.180289236438693,6.2601935684412755,7.797860714635183,0.24615384615384617,0.23485389900363599,0.34050782804467083,0.11573403232491064,0.0013477788002225425,0.06989464366034466,0.008079497127167401,0.01250855997241649,0.01183847145432192,0.00016874883791922086,0.00043813302069774853,0.02590482066253214,0.00035231291048062034,0.0002436543750441366,0.007386874694351687,0.010941763433061502,0.001512731476221129,-0.01959771522859018,0.002919661064767169,0.010627114833972955,0.1310690549636948,-0.12044194012972186,-0.05085696523799012,0.008563703911522133,-0.047143947298970645,0.04047083616825141
12,Oppressive work recording with Kingdom counter-witness,0.11096550168008597,0.3393403354994465,0.82,0.4379108160305312,0.7961925212002054,0.12,0.9,0.8,0.94,0.58,0.95,0.58,0.6,0.86,0.9,0.18,8.818486344074307,6.748591632756863,8.406222107488832,0.24615384615384617,0.23574441046896435,0.3224091759142897,0.0883843303342148,0.0012151164497032501,0.07162544562087757,0.007284229328232654,0.012680497678710984,0.008560322278459237,0.00012928540812523213,0.00031886378447378765,0.027845383499612856,0.0002547551910069468,0.0001761849055414099,0.0074882020971768866,0.011198745429400636,0.001559519158410652,-0.020070281779446763,0.0031424171449066967,0.009368994170856479,0.1355402106290963,-0.1261712164582398,-0.051745277773690125,0.009017488742678692,-0.049986336348519,0.040981323746351994
13,Oppressive work recording with Kingdom counter-witness,0.057963138109696694,0.34884536322898085,0.82,0.38524147050356805,0.8376944067162787,0.12,0.9,0.8,0.94,0.58,0.95,0.58,0.6,0.86,0.9,0.18,9.450301480633565,7.232105716429294,9.008499886413944,0.24615384615384617,0.23704896850488155,0.30345455102748,0.060114553511102994,0.0010790162341048476,0.07348771005061606,0.0064683526422715815,0.012862746741017988,0.005480002126298324,8.769439694062245e-05,0.00020550846081847414,0.029940595230747578,0.0001630848632786381,0.0001127870687086297,0.007595336293093999,0.011467881346715449,0.0016078808310174858,-0.020558311402118303,0.003385366814235953,0.008105469298950348,0.14034751730744452,-0.13224204800849418,-0.05266934552696319,0.009505027729534404,-0.053002363570389274,0.041501885516073256
14,Oppressive work recording with Kingdom counter-witness,0.0017617879286908542,0.3588742386384784,0.82,0.3316107419983899,0.8797262359852647,0.12,0.9,0.8,0.94,0.58,0.95,0.58,0.6,0.86,0.9,0.18,10.07579846582723,7.710784659265001,9.604754887549804,0.24615384615384617,0.23881022116778372,0.28360073014331477,0.030949232236380932,0.0009396259941413775,0.0754932692828688,0.00563275332645353,0.013056056063194162,0.002636723989396909,4.471004146756222e-05,9.958292196195396e-05,0.032202570678834426,7.8468905924452e-05,5.4267929629195916e-05,0.007708708380197017,0.011749784909976264,0.0016577745294285785,-0.021061999889972663,0.003650527285662598,0.006841613213962065,0.14551869113016186,-0.1386770779161998,-0.053630728505178124,0.010028875409497527,-0.05620135018100584,0.04203182926898595
15,Oppressive work recording with Kingdom counter-witness,0.0,0.3694659472788606,0.82,0.2769797784827547,0.9222965968827159,0.12,0.9,0.8,0.94,0.58,0.95,0.58,0.6,0.86,0.9,0.18,10.695040481168958,8.18467681267235,10.195047338674305,0.24615384615384617,0.24108083887211912,0.2628066963349567,0.0009262126542543587,0.000797148689976162,0.07765486840066423,0.004778648061183487,0.013261202965633387,7.312309804298952e-05,1.3138968717278802e-06,2.782222637041518e-06,0.034644057152496854,2.1761433977593676e-06,1.5049884458226489e-06,0.007828772737432882,0.012045038516792938,0.0017091355094881139,-0.02158144177526811,0.0039401043913033585,0.0055832838290128745,0.15108317967381177,-0.1454998958447989,-0.05463096351563521,0.01059170864038225,-0.05959255505567782,0.042570360897451254
16,Oppressive work recording with Kingdom counter-witness,0.0,0.3800901330467164,0.82,0.22201861372262227,0.9649486697931791,0.12,0.9,0.8,0.94,0.58,0.95,0.58,0.6,0.86,0.9,0.18,11.308090076357269,8.653830044545627,10.779436865287561,0.24615384615384617,0.2439260580850884,0.26127594878728666,0.0,0.000790098469132755,0.07798480631233537,0.004736384272021054,0.01328381019368095,0.0,0.0,0.0,0.03472128000000001,0.0,0.0,0.007894449145309956,0.012066773536498142,0.00171072,-0.021671942681808096,0.003983568337808158,0.0055264827411538086,0.1516454075256326,-0.1461189247844788,-0.054961164760132394,0.010624185767855773,-0.05970567366756164,0.04265207291046314
17,Oppressive work recording with Kingdom counter-witness,0.0,0.3907284044719173,0.82,0.1667605942472629,1.007665615659418,0.12,0.9,0.8,0.94,0.58,0.95,0.58,0.6,0.86,0.9,0.18,11.915009175593697,9.118291744100171,11.357982496634685,0.24615384615384617,0.2474442524150713,0.2607638019280601,0.0,0.0007885497370304539,0.07823297471595161,0.00472710012497168,0.013297427935614456,0.0,0.0,0.0,0.03472128000000001,0.0,0.0,0.007957263130461842,0.01207404548809734,0.00171072,-0.02174202861855918,0.004017034301008014,0.005515649862002134,0.1520107455711333,-0.14649509570913116,-0.05525801947535938,0.010638271425200909,-0.059712366860201614,0.04271694586623894
18,Oppressive work recording with Kingdom counter-witness,0.0,0.4013795007386209,0.82,0.11121949866552025,1.050444595991248,0.12,0.9,0.8,0.94,0.58,0.95,0.58,0.6,0.86,0.9,0.18,12.51585908383776,9.57810882665917,11.930742671668337,0.24615384615384617,0.2517087966658069,0.2607029406189794,0.0,0.0007883656924317939,0.07845620405239634,0.004725996837246797,0.01330755894279598,0.0,0.0,0.0,0.03472128000000001,0.0,0.0,0.008018788771783636,0.012074909655251596,0.00171072,-0.021804418427035233,0.004048305945938345,0.005514362529678591,0.1523377673681659,-0.1468234048384873,-0.055541095581742646,0.010651096266703582,-0.05971862118918768,0.04277898033183017
19,Oppressive work recording with Kingdom counter-witness,0.0,0.4120419942671105,0.82,0.05541108474525015,1.0932823337064659,0.12,0.9,0.8,0.94,0.58,0.95,0.58,0.6,0.86,0.9,0.18,13.110700492999383,10.033327738392579,12.497775244951653,0.24615384615384617,0.2568089763102899,0.261148088396901,0.0,0.0007897118193122289,0.07865121515115822,0.004734066431650181,0.01331376920317241,0.0,0.0,0.0,0.03472128000000001,0.0,0.0,0.008078816521065676,0.012068589020774944,0.00171072,-0.02185812554184062,0.00407704945468489,0.00552377825096241,0.15262143935085615,-0.14709766109989375,-0.0558084139202701,0.01066249352848965,-0.05972436989093699,0.04283773771521773
20,Oppressive work recording with Kingdom counter-witness,0.0,0.42271425186441414,0.82,0.0,1.136175014105673,0.12,0.9,0.8,0.94,0.58,0.95,0.58,0.6,0.86,0.9,0.18,13.69959348806939,10.483994461008653,13.059137492502135,0.24615384615384617,0.2628553253754572,0.2621669588266824,0.0,0.0007927928834918878,0.07881396401938826,0.004752536412914216,0.013315522277219945,0.0,0.0,0.0,0.03472128000000001,0.0,0.0,0.008137089877792554,0.012054122122623086,0.00171072,-0.02190193200041564,0.004102855460310865,0.0055453292964061035,0.15285555375733467,-0.14731022446092856,-0.0560575418898066,0.010672257597303607,-0.05972953109206218,0.04289268039920714
21,Oppressive work recording with Kingdom counter-witness,0.0,0.4333946902589993,0.82,0.0,1.1791188752800024,0.12,0.9,0.8,0.94,0.58,0.95,0.58,0.6,0.86,0.9,0.18,14.282597553188696,10.930154516398566,13.614886117577113,0.24615384615384617,0.26981080602982105,0.2637373902789205,0.0,0.0007975418682034558,0.0789454523036289,0.004781005037237243,0.013312979589799056,0.0,0.0,0.0,0.03472128000000001,0.0,0.0,0.008193628622530019,0.012031823632834861,0.00171072,-0.02193617225536488,0.004125766863064315,0.005578546905440699,0.15304165101185718,-0.14746310410641647,-0.056288889584481,0.010680438394585132,-0.059734113372612876,0.042943861174329336
22,Oppressive work recording with Kingdom counter-witness,0.0,0.44410824311696107,0.82,0.0,1.2221727269760985,0.12,0.9,0.8,0.94,0.58,0.95,0.58,0.6,0.86,0.9,0.18,14.85977157765681,11.371852971234581,14.165077256401341,0.24615384615384617,0.2625228669796538,0.2566261930019978,0.0,0.0007760376076380415,0.0795689656373049,0.004652093964120915,0.013378051769556037,0.0,0.0,0.0,0.03472128000000001,0.0,0.0,0.008277774742004375,0.012132795222289161,0.00171072,-0.022121289964293536,0.004193684325093987,0.005428131571758957,0.15398327169624845,-0.1485551401244895,-0.05680038523850797,0.010713552857961776,-0.05974769686501881,0.043053851696096185
23,Oppressive work recording with Kingdom counter-witness,0.0,0.45485455819605053,0.82,0.0,1.265336322910285,0.12,0.9,0.8,0.94,0.58,0.95,0.58,0.6,0.86,0.9,0.18,15.431173861880243,11.809134441522236,14.709766483837328,0.24615384615384617,0.2555267035054171,0.2496845178435904,0.0,0.0007550459819590174,0.08018533859625632,0.0045262559710168215,0.013441912071226789,0.0,0.0,0.0,0.03472128000000001,0.0,0.0,0.008361906301111454,0.012231359774350517,0.00171072,-0.022303986075461968,0.004261362783630872,0.005281301952975839,0.15491387952657595,-0.1496325775736001,-0.057309402258986786,0.010746315079089458,-0.05976123255672618,0.04316359593418661
24,Oppressive work recording with Kingdom counter-witness,0.0,0.4656333075189689,0.82,0.0,1.308609458307949,0.12,0.9,0.8,0.94,0.58,0.95,0.58,0.6,0.86,0.9,0.18,15.99686212326144,12.242043097107013,15.249008818998954,0.24615384615384617,0.24880642134237244,0.242902767297079,0.0,0.000734537968306367,0.08079505392390543,0.004403317075284718,0.01350463255420378,0.0,0.0,0.0,0.03472128000000001,0.0,0.0,0.008446041694260257,0.012327653563609608,0.00171072,-0.022484415257869865,0.004328834550533884,0.005137855043591085,0.15583421628651298,-0.1506963612429219,-0.05781617703460907,0.01077874932291837,-0.05977472691010679,0.043273135397664024
25,Oppressive work recording with Kingdom counter-witness,0.0,0.4764441857134387,0.82,0.0,1.3519919671876768,0.12,0.9,0.8,0.94,0.58,0.95,0.58,0.6,0.86,0.9,0.18,16.556893502028824,12.670622666135943,15.782858730808965,0.24615384615384617,0.24234722750964505,0.23627200888443406,0.0,0.0007144865548665288,0.08139856131502475,0.004283115349856132,0.013566280302396186,0.0,0.0,0.0,0.03472128000000001,0.0,0.0,0.008530198116060515,0.012421803421944285,0.00171072,-0.022662721538004797,0.004396129821697392,0.0049976019047226605,0.15674497297712314,-0.1517473710724005,-0.05832093005056416,0.010810878194469816,-0.05978818596433949,0.04338250887972765
26,Oppressive work recording with Kingdom counter-witness,0.0,0.4872869084926501,0.82,0.0,1.3954837198777446,0.12,0.9,0.8,0.94,0.58,0.95,0.58,0.6,0.86,0.9,0.18,17.111324567008534,13.094916439474583,16.311370143500874,0.24615384615384617,0.2361353377745235,0.2297839191822576,0.0,0.0006948665716071472,0.08199628020916133,0.004165499908544047,0.013626917843523339,0.0,0.0,0.0,0.03472128000000001,0.0,0.0,0.008614391665239569,0.012513927533291442,0.00171072,-0.02283903919853101,0.004463276857447892,0.0048603664801511945,0.15764679410866358,-0.15278642762851238,-0.05882386724182732,0.010842722779211375,-0.05980161537148959,0.043491752690067685
27,Oppressive work recording with Kingdom counter-witness,0.0,0.4981612112622088,0.82,0.0,1.4390846207418473,0.12,0.9,0.8,0.94,0.58,0.95,0.58,0.6,0.86,0.9,0.18,17.660211321338448,13.514967275079837,16.834596442065866,0.24615384615384617,0.23015789322701583,0.22343073336429398,0.0,0.0006756545376936251,0.0825886023080681,0.0040503299913545844,0.013686603527054721,0.0,0.0,0.0,0.03472128000000001,0.0,0.0,0.008698637438144747,0.012604136150090763,0.00171072,-0.02301349358823551,0.004530302145030287,0.00472598452904821,0.15854028156838862,-0.1538142970393404,-0.059325181212213564,0.01087430276955869,-0.05981502042900607,0.04360090086410267
28,Oppressive work recording with Kingdom counter-witness,0.0,0.509066847841278,0.82,0.0,1.4827946060935717,0.12,0.9,0.8,0.94,0.58,0.95,0.58,0.6,0.86,0.9,0.18,18.203609208125062,13.930817602329038,17.352590477645208,0.24615384615384617,0.22440288494018268,0.2172051996395856,0.0,0.000656828523710107,0.08317589384827268,0.003937474138546443,0.013745391865453593,0.0,0.0,0.0,0.03472128000000001,0.0,0.0,0.008782949613020124,0.012692532240215429,0.00171072,-0.02318620185323555,0.004597230545214398,0.004594302662256551,0.15942599811217623,-0.15483169544991968,-0.0598250523343907,0.010905636579069126,-0.059828406109042886,0.04370998535172446
29,Oppressive work recording with Kingdom counter-witness,0.0,0.5200035892869728,0.82,0.0,1.5266136422814138,0.12,0.9,0.8,0.94,0.58,0.95,0.58,0.6,0.86,0.9,0.18,18.74157311604381,14.342509426305748,17.86540457286876,0.24615384615384617,0.2188590858208404,0.21110053804371057,0.0,0.0006383680270441809,0.08375849765598281,0.0038268094436025805,0.0138033338427938,0.0,0.0,0.0,0.03472128000000001,0.0,0.0,0.008867341526094901,0.012779212072093595,0.00171072,-0.023357273598188497,0.004664085424794568,0.004465177470646761,0.16030447052175967,-0.1558392930511129,-0.06032364974412109,0.01093674144569481,-0.05984177708495892,0.043819036187842025
30,Oppressive work recording with Kingdom counter-witness,0.0,0.530971222812265,0.82,0.0,1.5705417239281427,0.12,0.9,0.8,0.94,0.58,0.95,0.58,0.6,0.86,0.9,0.18,19.27415738488337,14.75008433204269,18.37309052714007,0.24615384615384617,0.2135159888663545,0.20511040310792,0.0,0.0006202538589983502,0.08433673500814232,0.0037182208765000626,0.013860477194313714,0.0,0.0,0.0,0.03472128000000001,0.0,0.0,0.008951825740390242,0.012864265744767716,0.00171072,-0.023526811485157957,0.004730888776533659,0.004338474735498412,0.16117619246414766,-0.15683771772864924,-0.060821132240345174,0.010967633525292307,-0.05985513775530674,0.04392808164672879
31,Oppressive work recording with Kingdom counter-witness,0.0,0.5419695507887046,0.82,0.0,1.614578872310074,0.12,0.9,0.8,0.94,0.58,0.95,0.58,0.6,0.86,0.9,0.18,19.801415811034534,15.153583488722262,18.875699621868673,0.24615384615384617,0.20836375113914263,0.19922884998912524,0.0,0.0006024680423671148,0.08491090732053333,0.003611600669717863,0.013916866660034992,0.0,0.0,0.0,0.03472128000000001,0.0,0.0,0.009036414108039247,0.012947777668813451,0.00171072,-0.0236949117768527,0.004797661327911724,0.004214068712084978,0.1620416270853328,-0.1578275583732478,-0.0613176491012926,0.010998327976439515,-0.05986849226558236,0.04403714838193136
32,Oppressive work recording with Kingdom counter-witness,0.0,0.5529983898261879,0.82,0.0,1.6587251338633573,0.12,0.9,0.8,0.94,0.58,0.95,0.58,0.6,0.86,0.9,0.18,20.323401652924186,15.553047653835039,19.37328262564999,0.24615384615384617,0.20339314285345575,0.1934503036939766,0.0,0.0005849937183705854,0.08548129768129535,0.003506847760334038,0.013972544215196399,0.0,0.0,0.0,0.03472128000000001,0.0,0.0,0.009121117826817675,0.013029827003325641,0.00171072,-0.023861664830143313,0.0048644226398744765,0.004091841478704623,0.16290120936650954,-0.15880936788780492,-0.0618133408255721,0.01102883903748331,-0.0598818445279749,0.04414626155328333
33,Oppressive work recording with Kingdom counter-witness,0.0,0.5640575699228194,0.82,0.0,1.7029805788057406,0.12,0.9,0.8,0.94,0.58,0.95,0.58,0.6,0.86,0.9,0.18,20.840167636394945,15.948517177296688,19.86588979939349,0.24615384615384617,0.1985955010409126,0.18776953107385702,0.0,0.0005678150619673437,0.08604817224604468,0.0034038672823537724,0.014027549279926086,0.0,0.0,0.0,0.03472128000000001,0.0,0.0,0.009205947491499155,0.01311048805356023,0.00171072,-0.02402715554505938,0.004931191196633794,0.003971682344321116,0.16375534826766394,-0.15978366592334284,-0.062308339806122395,0.011059180096631533,-0.05989519823932677,0.04425544494238338
34,Oppressive work recording with Kingdom counter-witness,0.0,0.5751469336786268,0.82,0.0,1.7473452998634769,0.12,0.9,0.8,0.94,0.58,0.95,0.58,0.6,0.86,0.9,0.18,21.351765960030995,16.34003200552372,20.353570901399557,0.24615384615384617,0.19396268732373548,0.1821816153054836,0.0,0.0005509172046837826,0.08661178150887766,0.0033025701040962758,0.014081918910291376,0.0,0.0,0.0,0.03472128000000001,0.0,0.0,0.009290913140575814,0.013189830633283115,0.00171072,-0.024191463773858928,0.004997984487448329,0.0038534873087800584,0.1646044286804763,-0.16075094137169627,-0.0628027709439783,0.011089363755807338,-0.059908556897489675,0.04436472105773624
35,Oppressive work recording with Kingdom counter-witness,0.0,0.5862663355675276,0.82,0.0,1.7918194110940924,0.12,0.9,0.8,0.94,0.58,0.95,0.58,0.6,0.86,0.9,0.18,21.858248300430684,16.72763168546848,20.836375192385564,0.24615384615384617,0.1894870493790162,0.17668193260476672,0.0,0.0005342861641968147,0.08717236146188759,0.0032028724060659507,0.014135687972618063,0.0,0.0,0.0,0.03472128000000001,0.0,0.0,0.009376024298822038,0.01326792039540908,0.00171072,-0.024354664694231115,0.005064819081204438,0.0037371585702627654,0.1654488132099412,-0.16171165463967843,-0.06329675220799863,0.01111940188890085,-0.059921923816240896,0.04447411123061546
36,Oppressive work recording with Kingdom counter-witness,0.0,0.5974156412625081,0.82,0.0,1.8364030467966779,0.12,0.9,0.8,0.94,0.58,0.95,0.58,0.6,0.86,0.9,0.18,22.359665817426375,17.111355368613793,21.31435144046171,0.24615384615384617,0.1851613857247888,0.1712661309503322,0.0,0.0005179087799938047,0.08773013465438388,0.0031046952952545268,0.014188889302755428,0.0,0.0,0.0,0.03472128000000001,0.0,0.0,0.00946129001612387,0.013344819134105597,0.00171072,-0.024516829150229465,0.005131710694523513,0.0036226040752483316,0.1662888438018923,-0.16266623972664396,-0.06379039514599884,0.011149305694980509,-0.05993530213890471,0.04458363570258545
37,Oppressive work recording with Kingdom counter-witness,0.0,0.6085947270094713,0.82,0.0,1.881096360502192,0.12,0.9,0.8,0.94,0.58,0.95,0.58,0.6,0.86,0.9,0.18,22.85606915925211,17.491241814927655,21.787547926057094,0.24615384615384617,0.18097891350015172,0.16593011061823956,0.0,0.0005017726545095565,0.08828531116174143,0.003007964452276385,0.01424155385177464,0.0,0.0,0.0,0.03472128000000001,0.0,0.0,0.00954671890294861,0.013420585061179553,0.00171072,-0.02467802396412816,0.005198674254039712,0.0035097371067859414,0.16712484323168394,-0.163615106124898,-0.0642838053521163,0.01117908574696319,-0.059948694850807956,0.04469331370551403
38,Oppressive work recording with Kingdom counter-witness,0.0,0.6198034790456579,0.82,0.0,1.9258995240370056,0.12,0.9,0.8,0.94,0.58,0.95,0.58,0.6,0.86,0.9,0.18,23.34750846765959,17.867329396778377,22.256012446796525,0.24615384615384617,0.17693323894800136,0.16067000635143627,0.0,0.0004858660992067434,0.08883808947270554,0.0029126098081382014,0.014293710819423284,0.0,0.0,0.0,0.03472128000000001,0.0,0.0,0.009632319162786987,0.013495273059252405,0.00171072,-0.02483831222203939,0.005265723953420191,0.0033984759073449446,0.1679571164675884,-0.16455864056024347,-0.06477708289469816,0.01120875203618666,-0.05996210479068405,0.04480316353481369
39,Oppressive work recording with Kingdom counter-witness,0.0,0.6310417930589373,0.82,0.0,1.9708127266535742,0.12,0.9,0.8,0.94,0.58,0.95,0.58,0.6,0.86,0.9,0.18,23.834033382982994,18.239656102810592,22.719792322328562,0.24615384615384617,0.17301833034080275,0.1554821710067949,0.0,0.0004701780851245479,0.08938865730300989,0.0028185652477940772,0.014345387776513854,0.0,0.0,0.0,0.03472128000000001,0.0,0.0,0.009718098621863533,0.013568934913955204,0.00171072,-0.024997753535818734,0.005332873305636892,0.003288743332918625,0.16878595192097937,-0.16549720858806075,-0.06527032270853006,0.011238314013279375,-0.059975534661127386,0.044913202616568663
40,Oppressive work recording with Kingdom counter-witness,0.0,0.642309573684617,0.82,0.0,2.015836174222707,0.12,0.9,0.8,0.94,0.58,0.95,0.58,0.6,0.86,0.9,0.18,24.315693049153165,18.608259541782484,23.178934399105277,0.24615384615384617,0.16922849311783364,0.15036316053954893,0.0,0.00045469819747159606,0.08993719234231533,0.002725768337944889,0.01439661077729676,0.0,0.0,0.0,0.03472128000000001,0.0,0.0,0.009804064756378425,0.01364161952713397,0.00171072,-0.025156404283512394,0.005400135190943715,0.0031804665354164853,0.16961162259406817,-0.1664311560586517,-0.06576361495480931,0.011267780625679819,-0.05998898703818875,0.04502344756913293
41,Oppressive work recording with Kingdom counter-witness,0.0,0.653606734036737,0.82,0.0,2.060970088482429,0.12,0.9,0.8,0.94,0.58,0.95,0.58,0.6,0.86,0.9,0.18,24.79253611866163,18.973176946364656,23.633485055114225,0.24615384615384617,0.16555834702700187,0.145309720199886,0.0,0.0004394165938844554,0.0904838629407282,0.0026341600768115133,0.014447404462756507,0.0,0.0,0.0,0.03472128000000001,0.0,0.0,0.009890224717515638,0.013713373112843668,0.00171072,-0.025314317830359305,0.005467521900964093,0.0030735766706959686,0.1704343871348081,-0.16736081046411214,-0.06625704535190173,0.011297160352119947,-0.06000246438019283,0.045133914259721915
42,Oppressive work recording with Kingdom counter-witness,0.0,0.6649331952710912,0.82,0.0,2.106214706338894,0.12,0.9,0.8,0.94,0.58,0.95,0.58,0.6,0.86,0.9,0.18,25.264610757475012,19.334445176901006,24.083490204563084,0.24615384615384617,0.1620028050860912,0.14031877182963406,0.0,0.0004243239660128135,0.09102882874049777,0.002543684663850423,0.014497792155670708,0.0,0.0,0.0,0.03472128000000001,0.0,0.0,0.009976585354427223,0.01378423937772203,0.00171072,-0.02547154473214925,0.005535045179251182,0.0029680086298632365,0.17125449080756894,-0.1682864821777057,-0.06675069547959982,0.011326461234354195,-0.06001596903585025,0.0452446178564648
43,Oppressive work recording with Kingdom counter-witness,0.0,0.6762888861774773,0.82,0.0,2.1515702792152296,0.12,0.9,0.8,0.94,0.58,0.95,0.58,0.6,0.86,0.9,0.18,25.73196464990026,19.692100725131993,24.528995302517455,0.24615384615384617,0.1585570541975141,0.13538740215862136,0.0,0.0004094115041276711,0.09157224125790848,0.002454289287591272,0.014547795948184374,0.0,0.0,0.0,0.03472128000000001,0.0,0.0,0.010063153235381438,0.01385425968716904,0.00171072,-0.02562813292255048,0.00560271625864497,0.0028637007917189433,0.1720721663872883,-0.16920846559556937,-0.06724464305931592,0.011355690906386122,-0.060029503251729004,0.045355572876335695
44,Oppressive work recording with Kingdom counter-witness,0.0,0.6876737427988961,0.82,0.0,2.197037072444568,0.12,0.9,0.8,0.94,0.58,0.95,0.58,0.6,0.86,0.9,0.18,26.194645003401256,20.046179717880673,24.97004534949228,0.24615384615384617,0.15521653726766174,0.13051285201059346,0.0,0.0003946708644800347,0.09211424441986785,0.002365923929962837,0.014597436782574726,0.0,0.0,0.0,0.03472128000000001,0.0,0.0,0.010149934667242946,0.013923473218611676,0.00171072,-0.025784127885854623,0.005670545895717081,0.0027605947944428716,0.17288763498401427,-0.1701270401895714,-0.06773896221239341,0.011384856621418873,-0.06004306917914343,0.04546679322933856
45,Oppressive work recording with Kingdom counter-witness,0.0,0.6990877080756288,0.82,0.0,2.2426153647038505,0.12,0.9,0.8,0.94,0.58,0.95,0.58,0.6,0.86,0.9,0.18,26.65269855336724,20.396717920701864,25.40668489599736,0.24615384615384617,0.15197693669702114,0.12569250633770368,0.0,0.000380094139165216,0.0926549750592332,0.0022785411856392586,0.014646734525813169,0.0,0.0,0.0,0.03472128000000001,0.0,0.0,0.010236935713436018,0.013991917103003734,0.00171072,-0.02593957281643975,0.005738544402564473,0.0026586353248044745,0.17370110680405057,-0.1710424714792461,-0.06823372369849603,0.011413965276732697,-0.060056668880512906,0.04557829225928249
46,Oppressive work recording with Kingdom counter-witness,0.0,0.7105307315123012,0.82,0.0,2.2883054474853006,0.12,0.9,0.8,0.94,0.58,0.95,0.58,0.6,0.86,0.9,0.18,27.106171567833567,20.743750741494843,25.838958047037387,0.24615384615384617,0.14883415912061812,0.12092388501070206,0.0,0.0003656738282723631,0.09319456337251529,0.0021920960950855056,0.014695708038470428,0.0,0.0,0.0,0.03472128000000001,0.0,0.0,0.01032416221052634,0.014059626555595575,0.00171072,-0.026094508766121915,0.005806721676186805,0.0025577699233578686,0.17451278185329447,-0.1719550119299366,-0.06872899513583886,0.01144302343667231,-0.06007030433523737,0.04569008278144998
47,Oppressive work recording with Kingdom counter-witness,0.0,0.72200276886621,0.82,0.0,2.3341076246027312,0.12,0.9,0.8,0.94,0.58,0.95,0.58,0.6,0.86,0.9,0.18,27.55510985215523,21.087313234079893,26.266908466567013,0.24615384615384617,0.14578432129024668,0.11620463429915276,0.0,0.00035140281412063805,0.09373313334323564,0.0021065459901116112,0.014744375238456741,0.0,0.0,0.0,0.03472128000000001,0.0,0.0,0.010411619783543515,0.014126634996906133,0.00171072,-0.026248974780449647,0.005875087225658991,0.002457948804232249,0.17532285058780106,-0.1728649017835688,-0.06922484120484815,0.011472037353908782,-0.06008397744513181,0.04580217711743076
48,Oppressive work recording with Kingdom counter-witness,0.0,0.7335037818553345,0.82,0.0,2.3800222117300978,0.12,0.9,0.8,0.94,0.58,0.95,0.58,0.6,0.86,0.9,0.18,27.999558753633675,21.42744010173909,26.690579381901344,0.24615384615384617,0.14282373700054796,0.11153251898243219,0.0,0.000337274337402875,0.09427080313389441,0.0020218503508616322,0.014792753160040896,0.0,0.0,0.0,0.03472128000000001,0.0,0.0,0.01049931386015413,0.014192974164738527,0.00171072,-0.026403008024892656,0.005943650197289532,0.0023591246882645072,0.17613149451611748,-0.17377236982785296,-0.06972132383668272,0.011501012989124575,-0.06009769003945792,0.0459145871273666
49,Oppressive work recording with Kingdom counter-witness,0.0,0.7450337378845903,0.82,0.0,2.426049535969927,0.12,0.9,0.8,0.94,0.58,0.95,0.58,0.6,0.86,0.9,0.18,28.439563166097336,21.764165700721698,27.11001358808233,0.24615384615384617,0.1399489049704514,0.1069054150379799,0.0,0.0003232819750748513,0.0948076854492185,0.0019379706732669958,0.01484085800854905,0.0,0.0,0.0,0.03472128000000001,0.0,0.0,0.010587249683784621,0.014258674217999288,0.00171072,-0.02655664390178391,0.00601241939793682,0.0022612526483418473,0.17693888675748828,-0.17467763410914644,-0.07021850238790879,0.011529956029255826,-0.060111443879587376,0.04602732423982914
50,Oppressive work recording with Kingdom counter-witness,0.0,0.7565926097890036,0.82,0.0,2.4721899354494576,0.12,0.9,0.8,0.94,0.58,0.95,0.58,0.6,0.86,0.9,0.18,28.87516753443636,22.09752404371448,27.52525345220151,0.24615384615384617,0.1371564975999338,0.10232130285838528,0.0,0.00030941961984375717,0.09534388787310477,0.0018548703460865225,0.01488870521110593,0.0,0.0,0.0,0.03472128000000001,0.0,0.0,0.010675432325783489,0.014323763833008644,0.00171072,-0.026709916158792132,0.006081403316638935,0.0021642899659302796,0.17774519255964177,-0.1755809025937115,-0.0707164338024974,0.01155887190441325,-0.0601252406633278,0.04614039947953069
51,Oppressive work recording with Kingdom counter-witness,0.0,0.7681803755925951,0.82,0.0,2.5184437589425075,0.12,0.9,0.8,0.94,0.58,0.95,0.58,0.6,0.86,0.9,0.18,29.306415859091995,22.427548803277332,27.936340917679498,0.24615384615384617,0.1344433505295985,0.09777826095346262,0.0,0.000295681461123271,0.09587951318144515,0.001772514536738275,0.014936309463746808,0.0,0.0,0.0,0.03472128000000001,0.0,0.0,0.010763866696703891,0.014388270292924495,0.00171072,-0.026862856989628384,0.006150610144697795,0.002068195997861546,0.17855056977951814,-0.1764823737816566,-0.07121517276220249,0.011587765803591565,-0.06013908202893957,0.046253823493049746
52,Oppressive work recording with Kingdom counter-witness,0.0,0.7797970182818621,0.82,0.0,2.5648113655152427,0.12,0.9,0.8,0.94,0.58,0.95,0.58,0.6,0.86,0.9,0.18,29.733351700501075,22.754273315244557,28.343317508502704,0.24615384615384617,0.13180645293733645,0.09327446009755874,0.0,0.0002820619673350177,0.09641465963281434,0.001690870085202535,0.014983684775197945,0.0,0.0,0.0,0.03472128000000001,0.0,0.0,0.010852557556779942,0.014452219570844546,0.00171072,-0.027015497127624487,0.006220047794345218,0.0019729320525375526,0.17935516932998197,-0.17738223727744443,-0.07171477182627747,0.011616642689266944,-0.060152969558869056,0.0463676065727352
53,Oppressive work recording with Kingdom counter-witness,0.0,0.791442525592835,0.82,0.0,2.611293124194181,0.12,0.9,0.8,0.94,0.58,0.95,0.58,0.6,0.86,0.9,0.18,30.156018183496062,23.07773058209211,28.74622433341768,0.24615384615384617,0.1292429385123903,0.08880815788600244,0.0,0.0002685558694472714,0.09694942123882076,0.0016099054053416635,0.015030844507595738,0.0,0.0,0.0,0.03472128000000001,0.0,0.0,0.010941509525663234,0.014515636407099053,0.00171072,-0.027167865932762283,0.006289723916106663,0.0018784612747889348,0.18015913559528546,-0.17828067432049652,-0.07221528156140095,0.011645507310972948,-0.06016690478322134,0.04648175867893829
54,Oppressive work recording with Kingdom counter-witness,0.0,0.803116889810772,0.82,0.0,2.6578894136548885,0.12,0.9,0.8,0.94,0.58,0.95,0.58,0.6,0.86,0.9,0.18,30.5744580016611,23.397953276271185,29.145102090083505,0.24615384615384617,0.1267500770525826,0.08437769366790177,0.0,0.000255158145651735,0.09748388801575306,0.0015295903930423564,0.01507780141439017,0.0,0.0,0.0,0.03472128000000001,0.0,0.0,0.011030727091479887,0.014578544381199808,0.00171072,-0.027319991472679696,0.006359645914967753,0.0017847485386940914,0.18096260681779067,-0.17917785827909657,-0.07271675066260073,0.011674364217937017,-0.06018088918299356,0.0465962894607077
55,Oppressive work recording with Kingdom counter-witness,0.0,0.8148201075816242,0.82,0.0,2.704600621929959,0.12,0.9,0.8,0.94,0.58,0.95,0.58,0.6,0.86,0.9,0.18,30.988713421644487,23.71497374350847,29.53999106918267,0.24615384615384617,0.12432526663535969,0.07998148382545059,0.0,0.00024186400708816263,0.09801814621901003,0.0014498963406393856,0.015124567675655915,0.0,0.0,0.0,0.03472128000000001,0.0,0.0,0.011120214619262984,0.014640965978869085,0.00171072,-0.02747190059813207,0.00642982096543916,0.0016917603477275482,0.18176571545823716,-0.1800739551105096,-0.07321922606589484,0.011703217770852177,-0.06019492419308784,0.046711208275070665
56,Oppressive work recording with Kingdom counter-witness,0.0,0.8265521797344763,0.82,0.0,2.7514271461349713,0.12,0.9,0.8,0.94,0.58,0.95,0.58,0.6,0.86,0.9,0.18,31.39882628742804,24.028824006073382,29.930931158490843,0.24615384615384617,0.12196602631770312,0.07561801737257062,0.0,0.00022866888453465363,0.09855227856166718,0.001370795857128223,0.015171154931014563,0.0,0.0,0.0,0.03472128000000001,0.0,0.0,0.011209976358810202,0.014702922654534321,0.00171072,-0.027623619013344522,0.006500256025606874,0.0015994647416628766,0.18256858853163316,-0.1809691237899703,-0.07372275305330321,0.011732072152852078,-0.060209011205121385,0.04682652420501198
57,Oppressive work recording with Kingdom counter-witness,0.0,0.8383131111142275,0.82,0.0,2.7983693922112245,0.12,0.9,0.8,0.94,0.58,0.95,0.58,0.6,0.86,0.9,0.18,31.80483802455376,24.339535766012645,30.317961846905934,0.24615384615384617,0.11966998932392546,0.07128585184811467,0.0,0.00021556841598869883,0.0990863644184132,0.0012922627937174379,0.015217574310353444,0.0,0.0,0.0,0.03472128000000001,0.0,0.0,0.011300016452012052,0.014764434889640353,0.00171072,-0.027775171341652402,0.006570957850247049,0.0015078312097061366,0.18337134792066614,-0.18186351671096002,-0.07422737535082587,0.011760931379751201,-0.06022315157004942,0.04694224607625308
58,Oppressive work recording with Kingdom counter-witness,0.0,0.8501029104238343,0.82,0.0,2.8454277746841483,0.12,0.9,0.8,0.94,0.58,0.95,0.58,0.6,0.86,0.9,0.18,32.20678964430822,24.647140408352517,30.701122228436876,0.24615384615384617,0.11743489668394486,0.06698360948102033,0.0,0.00020255843507060553,0.09962048001598309,0.0012142721743109884,0.015263836462510286,0.0,0.0,0.0,0.03472128000000001,0.0,0.0,0.011390338939692138,0.014825522247100239,0.00171072,-0.027926581186792376,0.0066419330030778245,0.0014168306093815938,0.18417411066836356,-0.18275728005898198,-0.07473313521993105,0.011789799309606924,-0.060237346600615575,0.047058382472923904
59,Oppressive work recording with Kingdom counter-witness,0.0,0.8619215900754894,0.82,0.0,2.892602716436361,0.12,0.9,0.8,0.94,0.58,0.95,0.58,0.6,0.86,0.9,0.18,32.60472174786514,24.95166900426899,31.080451006152508,0.24615384615384617,0.11525859128786299,0.06270997360675754,0.0,0.00018963496018683482,0.10015469861111534,0.0011368001305459398,0.015309951582078337,0.0,0.0,0.0,0.03472128000000001,0.0,0.0,0.01148094776799709,0.014886203422177969,0.00171072,-0.028077871190175057,0.006713187868214056,0.0013264350907327745,0.1849769892515828,-0.18365055416085002,-0.07524007354304955,0.011818679651655029,-0.060251597573642825,0.04717494175221261
60,Oppressive work recording with Kingdom counter-witness,0.0,0.8737691660501553,0.82,0.0,2.9398946484944317,0.12,0.9,0.8,0.94,0.58,0.95,0.58,0.6,0.86,0.9,0.18,32.99867453038649,25.2531523142263,31.455986496090983,0.24615384615384617,0.11313901232559125,0.05846368531618143,0.0,0.00017679418439613267,0.10068909065697423,0.0010598238410432052,0.015355929434473364,0.0,0.0,0.0,0.03472128000000001,0.0,0.0,0.01157184679437074,0.014946496290071262,0.00171072,-0.028229063084442,0.006784728660885318,0.0012366180254393378,0.1857800918367749,-0.18454347381133557,-0.07574822990352889,0.011847575974665929,-0.06026590573217708,0.04729193205807069
61,Oppressive work recording with Kingdom counter-witness,0.0,0.8856456577649201,0.82,0.0,2.987304009828476,0.12,0.9,0.8,0.94,0.58,0.95,0.58,0.6,0.86,0.9,0.18,33.388687785082624,25.551620791084034,31.827766631130075,0.24615384615384617,0.11107419008291411,0.054243540319500044,0.0,0.00016403246592616816,0.1012237239588965,0.0009833214745578647,0.015401779379391883,0.0,0.0,0.0,0.03472128000000001,0.0,0.0,0.011663039793143974,0.015006417950439952,0.00171072,-0.028380177743583923,0.006856561437472386,0.001147353940484033,0.18658352251934468,-0.18543616857886064,-0.07625764266046198,0.011876491714764785,-0.06028027228749449,0.047409361334044386
62,Oppressive work recording with Kingdom counter-witness,0.0,0.8975510879476752,0.82,0.0,3.0348312471637735,0.12,0.9,0.8,0.94,0.58,0.95,0.58,0.6,0.86,0.9,0.18,33.77480090723179,25.84710458317319,32.19582896481877,0.24615384615384617,0.1090622410677739,0.05004838600951528,0.0,0.00015134631929277422,0.10175866382025203,0.000907272136741892,0.015447510392779234,0.0,0.0,0.0,0.03472128000000001,0.0,0.0,0.011754530460769167,0.015065984769104913,0.00171072,-0.02853123522987408,0.006928692104912724,0.0010586184560346663,0.18738738154781812,-0.18632876309178345,-0.07676834901877087,0.011905430182755182,-0.060294698420982555,0.04752723733529732
63,Oppressive work recording with Kingdom counter-witness,0.0,0.9094854825186578,0.82,0.0,3.0824768148036576,0.12,0.9,0.8,0.94,0.58,0.95,0.58,0.6,0.86,0.9,0.18,34.15705289815947,26.139633537341457,32.56021067517059,0.24615384615384617,0.10710136344273352,0.045877118709610726,0.0,0.00013873240697786287,0.10229397317913949,0.0008316558202559522,0.015493131087416175,0.0,0.0,0.0,0.03472128000000001,0.0,0.0,0.01184632242072551,0.015125212417123751,0.00171072,-0.02868225483784926,0.007001126429521302,0.0009703882272338151,0.18819176553392622,-0.18722137730669242,-0.07728038509489335,0.011934394570982578,-0.060309185285904274,0.04764556763988406
64,Oppressive work recording with Kingdom counter-witness,0.0,0.9214488704784287,0.82,0.0,3.1302411744629866,0.12,0.9,0.8,0.94,0.58,0.95,0.58,0.6,0.86,0.9,0.18,34.53548236917788,26.42923720196804,32.92094856841888,0.24615384615384617,0.10518983274154617,0.041728681093150644,0.0,0.00012618753162568758,0.10282971273658181,0.0007564533579885255,0.015538649732223835,0.0,0.0,0.0,0.03472128000000001,0.0,0.0,0.011938419228119538,0.015184115907432662,0.00171072,-0.028833255135552197,0.007073870045269271,0.0008826408896142131,0.18899676764962714,-0.18811412676001293,-0.07779378597839214,0.011963387959770913,-0.060323734009053866,0.04776435965932905
65,Oppressive work recording with Kingdom counter-witness,0.0,0.9334412838018916,0.82,0.0,3.1781247951115477,0.12,0.9,0.8,0.94,0.58,0.95,0.58,0.6,0.86,0.9,0.18,34.9101275454861,26.715944829948356,33.27807908273469,0.24615384615384617,0.1033259978495547,0.03760205976204145,0.0,0.00011370862872041337,0.10336594107682939,0.0006816463791603112,0.015584074270378612,0.0,0.0,0.0,0.03472128000000001,0.0,0.0,0.012030824374003027,0.01524270962922833,0.00171072,-0.028984254003231354,0.0071469284615594915,0.0007953550078807245,0.18980247781199885,-0.18900712280411813,-0.0783085857897803,0.011992413323462948,-0.06033834569231191,0.04788362064856101
66,Oppressive work recording with Kingdom counter-witness,0.0,0.945462757337984,0.82,0.0,3.2261281528267967,0.12,0.9,0.8,0.94,0.58,0.95,0.58,0.6,0.86,0.9,0.18,35.281026270031234,26.99978538164887,33.63163829190734,0.24615384615384617,0.10150827722927351,0.0334962829731911,0.0,0.00010129275971092991,0.1039027147803317,0.0006072172681097109,0.01562941233632141,0.0,0.0,0.0,0.03472128000000001,0.0,0.0,0.012123541289428623,0.015301007380249827,0.00171072,-0.02913526866967845,0.007220307070534808,0.0007085100278206408,0.19060898285686637,-0.18990047282904574,-0.07882481773483237,0.01202147353609244,-0.06035302141410697,0.04800335771524913
67,Oppressive work recording with Kingdom counter-witness,0.0,0.9575133287146981,0.82,0.0,3.2742517306553798,0.12,0.9,0.8,0.94,0.58,0.95,0.58,0.6,0.86,0.9,0.18,35.64821600733092,27.28078752783238,33.98166190898827,0.24615384615384617,0.09973515537399193,0.02941041850250095,0.0,8.89371055515629e-05,0.10444008852989212,0.0005331491255714869,0.01567467127173864,0.0,0.0,0.0,0.03472128000000001,0.0,0.0,0.012216573349262017,0.015359022397107713,0.00171072,-0.02928631574636973,0.007294011153952038,0.0006220862311230498,0.19141636670195253,-0.19079428047082947,-0.07934251415562933,0.012050571376714093,-0.06036776223079042,0.04812357782858305
68,Oppressive work recording with Kingdom counter-witness,0.0,0.9695930382491131,0.82,0.0,3.3224960184829158,0.12,0.9,0.8,0.94,0.58,0.95,0.58,0.6,0.86,0.9,0.18,36.01173384725761,27.558979652554054,34.32818528989839,0.24615384615384617,0.0980051794735909,0.02534357163684256,0.0,7.663896062981192e-05,0.10497811521048131,0.00045942573227551823,0.015719858140586553,0.0,0.0,0.0,0.03472128000000001,0.0,0.0,0.01230992387576787,0.015416767383795871,0.00171072,-0.029437411259563742,0.007368045889652077,0.0005360646929053302,0.19222471050028367,-0.19168864580737835,-0.07986170657856581,0.01207970953441505,-0.060382569177930424,0.04824428782753602
69,Oppressive work recording with Kingdom counter-witness,0.0,0.9817019288621431,0.82,0.0,3.3708615129115627,0.12,0.9,0.8,0.94,0.58,0.95,0.58,0.6,0.86,0.9,0.18,36.37161650878503,27.834389856028512,34.67124343699941,0.24615384615384617,0.09631695627800174,0.021294883285220056,0.0,6.439572705450546e-05,0.10551684600314519,0.0003860315147061406,0.01576497974322462,0.0,0.0,0.0,0.03472128000000001,0.0,0.0,0.012403596141985369,0.015474254538511024,0.00171072,-0.02958857068049639,0.007442416357654084,0.0004504272417606461,0.19303409278452027,-0.19258366554275963,-0.08038242575953002,0.012108890613029956,-0.06039744327153083,0.04836549442864678
70,Oppressive work recording with Kingdom counter-witness,0.0,0.9938400459977229,0.82,0.0,3.419348717144916,0.12,0.9,0.8,0.94,0.58,0.95,0.58,0.6,0.86,0.9,0.18,36.72790034369718,28.107045957468223,35.010871002629415,0.24615384615384617,0.0946691491448615,0.017263528200998135,0.0,5.2204909279818374e-05,0.10605633047341212,0.0003129515128748741,0.0158100426297188,0.0,0.0,0.0,0.03472128000000001,0.0,0.0,0.012497593374908082,0.015531495578895252,0.00171072,-0.029739808953803334,0.007517127545899558,0.00036515642215469244,0.1938445896028338,-0.1934794331806791,-0.08090470172645035,0.012138117135579793,-0.06041238550917992,0.048487204233353606
71,Oppressive work recording with Kingdom counter-witness,0.0,1.0,0.82,0.0,3.4679581408798272,0.12,0.9,0.8,0.94,0.58,0.95,0.58,0.6,0.86,0.9,0.18,37.08062134026021,28.37697549789354,35.34710229260312,0.24615384615384617,0.09306047525895256,0.013248713307701526,0.0,4.006410904248942e-05,0.10659661665457082,0.0002401713499706825,0.015855053112370697,0.0,0.0,0.0,0.03472128000000001,0.0,0.0,0.01259191875848153,0.015588501765807897,0.00171072,-0.029891140524289428,0.007592184355670125,0.0002802354590131719,0.19465627464690108,-0.1943760391878879,-0.08142856381938796,0.01216739154845325,-0.060427396871134034,0.0486094237349109
72,Oppressive work recording with Kingdom counter-witness,0.0,1.0,0.82,0.0,3.5166325335729547,0.12,0.9,0.8,0.94,0.58,0.95,0.58,0.6,0.86,0.9,0.18,37.429815126857605,28.644205742914604,35.67997126967709,0.24615384615384617,0.09176451235043645,0.010918997441837941,0.0,3.301904826411794e-05,0.10688978615426935,0.000197938493725894,0.015880277721883253,0.0,0.0,0.0,0.03472128000000001,0.0,0.0,0.012641168556936174,0.015621581302880584,0.00171072,-0.029973469859816755,0.007632528414659264,0.00023095754199001196,0.1950973421506286,-0.1948663846086386,-0.0817067174394381,0.012183216415062776,-0.060435465682931865,0.04867439269312736
73,Oppressive work recording with Kingdom counter-witness,0.0,1.0,0.82,0.0,3.565312632900125,0.12,0.9,0.8,0.94,0.58,0.95,0.58,0.6,0.86,0.9,0.18,37.77551697558903,28.908763685485457,36.00951155698032,0.24615384615384617,0.09077559375317676,0.010316375196114336,0.0,3.119671859304976e-05,0.10692801168856007,0.00018701421791764107,0.01588515004326438,0.0,0.0,0.0,0.03472128000000001,0.0,0.0,0.01264384503277218,0.015630137910667107,0.00171072,-0.029984702943439287,0.007636896810783972,0.00021821093651069081,0.19515604148604773,-0.19493783054953703,-0.0817309959943921,0.012185164610814356,-0.0604363393621568,0.048680099327170066
74,Oppressive work recording with Kingdom counter-witness,0.0,1.0,0.82,0.0,3.6139983178231505,0.12,0.9,0.8,0.94,0.58,0.95,0.58,0.6,0.86,0.9,0.18,38.11776180583313,29.1706760486306,36.33575644141052,0.24615384615384617,0.08980765020237981,0.009726534618809735,0.0,2.9413040687280643e-05,0.10696542645605966,0.00017632164691632098,0.0158899190223,0.0,0.0,0.0,0.03472128000000001,0.0,0.0,0.012646464740331027,0.015638513032084196,0.00171072,-0.029995697772415224,0.007641172552860169,0.0002057346876036016,0.19521349580363506,-0.19500776111603146,-0.08175475959915748,0.012187071485170509,-0.06043719451057204,0.04868568492302569
75,Oppressive work recording with Kingdom counter-witness,0.0,1.0,0.82,0.0,3.662689471100717,0.12,0.9,0.8,0.94,0.58,0.95,0.58,0.6,0.86,0.9,0.18,38.4565841877748,29.429969288144292,36.65873887699641,0.24615384615384617,0.08886002372741107,0.00914907475908494,0.0,2.7666802071472867e-05,0.10700205588988172,0.0001658535123252159,0.01589458790075785,0.0,0.0,0.0,0.03472128000000001,0.0,0.0,0.012649029460388714,0.015646712360215857,0.00171072,-0.03000646182060457,0.007645358547372149,0.00019352031439668878,0.1952697441586163,-0.19507622384421963,-0.08177802440731476,0.012188938334350752,-0.06043803170947444,0.04869115327756651
76,Oppressive work recording with Kingdom counter-witness,0.0,1.0,0.82,0.0,3.71138597913164,0.12,0.9,0.8,0.94,0.58,0.95,0.58,0.6,0.86,0.9,0.18,38.79201834589705,29.68666959526285,36.978491488226446,0.24615384615384617,0.08793208351985998,0.008583611218080434,0.0,2.5956840323475236e-05,0.10703792437321473,0.00015560284580024028,0.015899159786579575,0.0,0.0,0.0,0.03472128000000001,0.0,0.0,0.012651540900207573,0.015654741353125248,0.00171072,-0.03001700225333282,0.007649457580819249,0.00018155968612371552,0.1953248239939464,-0.1951432643078227,-0.08180080590559528,0.012190766401064316,-0.06043885151616386,0.04869650803092304
77,Oppressive work recording with Kingdom counter-witness,0.0,1.0,0.82,0.0,3.7600877318061126,0.12,0.9,0.8,0.94,0.58,0.95,0.58,0.6,0.86,0.9,0.18,39.124098162438074,29.940802899310217,37.29504657334418,0.24615384615384617,0.08702322454921588,0.008029775305343767,0.0,2.4282040523359556e-05,0.10707305529283143,0.00014556296375774127,0.015903637660701235,0.0,0.0,0.0,0.03472128000000001,0.0,0.0,0.01265400069728289,0.01566260524583251,0.00171072,-0.0300273259431154,0.00765347232583089,0.00016984500428110082,0.19537877122247896,-0.19520892621819785,-0.08182311894786728,0.012192556877237281,-0.060439654465166186,0.04870175267447235
78,Oppressive work recording with Kingdom counter-witness,0.0,1.0,0.82,0.0,3.808794622364456,0.12,0.9,0.8,0.94,0.58,0.95,0.58,0.6,0.86,0.9,0.18,39.452857180813695,30.192394870317113,37.60843610761074,0.24615384615384617,0.08613286626220107,0.007487213246235747,0.0,2.2641332856616902e-05,0.10710747108936478,0.00013572745300643698,0.015908024383461537,0.0,0.0,0.0,0.03472128000000001,0.0,0.0,0.01265641042286312,0.015670309061568785,0.00171072,-0.030037439484431903,0.007657405346912074,0.00015836878586305387,0.19543162030417027,-0.1952732515183072,-0.08184497778706795,0.012194310906574938,-0.06044044106938243,0.04870689055834364
79,Oppressive work recording with Kingdom counter-witness,0.0,1.0,0.82,0.0,3.857506547262931,0.12,0.9,0.8,0.94,0.58,0.95,0.58,0.6,0.86,0.9,0.18,39.778328609005555,30.44147092161394,37.918691746534634,0.24615384615384617,0.08526045135993048,0.006955585436761946,0.0,2.103369036076813e-05,0.10714119330457532,0.00012609015723907688,0.015912322700626695,0.0,0.0,0.0,0.03472128000000001,0.0,0.0,0.012658771585259469,0.01567785762235684,0.00171072,-0.030047349207616307,0.007661259105845091,0.000147123847599845,0.1954834043186634,-0.19533628047106355,-0.08186639610522495,0.01219602958697081,-0.06044121182116903,0.04871192489847483
80,Oppressive work recording with Kingdom counter-witness,0.0,1.0,0.82,0.0,3.906223406046182,0.12,0.9,0.8,0.94,0.58,0.95,0.58,0.6,0.86,0.9,0.18,40.1005453229155,30.6880562123978,38.22584482906929,0.24615384615384617,0.08440544464752672,0.006434565742557352,0.0,1.9458126805493435e-05,0.10717424262581811,0.00011664516432450541,0.015916535249058276,0.0,0.0,0.0,0.03472128000000001,0.0,0.0,0.012661085632959361,0.01568525555896472,0.00171072,-0.03005706119192408,0.00766503596677117,0.00013610329112999885,0.19553415503357166,-0.19539805174244165,-0.08188738704169907,0.012197713972772932,-0.06044196719335424,0.04871685878325086
81,Oppressive work recording with Kingdom counter-witness,0.0,1.0,0.82,0.0,3.9549451012259342,0.12,0.9,0.8,0.94,0.58,0.95,0.58,0.6,0.86,0.9,0.18,40.419539869686346,30.93217565027382,38.5299263807786,0.24615384615384617,0.08356733195123904,0.005923840839005212,0.0,1.7913694697151766e-05,0.10720663892790022,0.00010738679434540258,0.015920664562048478,0.0,0.0,0.0,0.03472128000000001,0.0,0.0,0.012663353957557239,0.015692507320275422,0.00171072,-0.03006658127783266,0.007668738200973942,0.00012530048904255435,0.1955839029687553,-0.19545860247971275,-0.08190796321976959,0.012199365076917176,-0.0604427076401948,0.04872169517975257
82,Oppressive work recording with Kingdom counter-witness,0.0,1.0,0.82,0.0,4.003671538165577,0.12,0.9,0.8,0.94,0.58,0.95,0.58,0.6,0.86,0.9,0.18,40.73534447098948,31.173853893771078,38.83096711697081,0.24615384615384617,0.08274561909849602,0.0054231095897071535,0.0,1.6399483399274436e-05,0.1072384013125057,9.83095883312523e-05,0.0159247130743453,0.0,0.0,0.0,0.03472128000000001,0.0,0.0,0.012665577896515002,0.01569961718211193,0.00171072,-0.03007591507862693,0.007672367991384893,0.00011470907173052674,0.19563267745686283,-0.1955179683851323,-0.0819281367716747,0.012200983872936557,-0.06044343359827699,0.0487264369396424
83,Oppressive work recording with Kingdom counter-witness,0.0,1.0,0.82,0.0,4.052402624970288,0.12,0.9,0.8,0.94,0.58,0.95,0.58,0.6,0.86,0.9,0.18,41.04799102627958,31.413115354833366,39.128997445801105,0.24615384615384617,0.08193983095667233,0.004932082460731346,0.0,1.4914617361251594e-05,0.10726954814535089,8.940829763989177e-05,0.0159286831268885,0.0,0.0,0.0,0.03472128000000001,0.0,0.0,0.012667758735763557,0.015706589255554296,0.00171072,-0.030085067991317854,0.007675927436829475,0.00010432291500114337,0.19568050670038672,-0.19557618378538558,-0.08194791936221021,0.012202571296854892,-0.0604441454873659,0.04873108680471126
84,Oppressive work recording with Kingdom counter-witness,0.0,1.0,0.82,0.0,4.101138272382397,0.12,0.9,0.8,0.94,0.58,0.95,0.58,0.6,0.86,0.9,0.18,41.35751111601679,31.64998420128503,39.424047471343094,0.24615384615384617,0.0811495105266697,0.004450480968263559,0.0,1.3458254448029006e-05,0.10730009709122111,8.067787394458497e-05,0.015932576971275397,0.0,0.0,0.0,0.03472128000000001,0.0,0.0,0.012669897712156018,0.01571342749478243,0.00171072,-0.030094045206938445,0.007679418556031062,9.413612839261397e-05,0.19572741782546604,-0.19563328169707342,-0.08196732221098287,0.012204128248972474,-0.060444843711206224,0.048735647412109076
85,Oppressive work recording with Kingdom counter-witness,0.0,1.0,0.82,0.0,4.149878393681677,0.12,0.9,0.8,0.94,0.58,0.95,0.58,0.6,0.86,0.9,0.18,41.663936004856616,31.88448435927218,39.71614699662966,0.24615384615384617,0.0803742180877047,0.003978037157462255,0.0,1.2029584364165863e-05,0.10733006514702786,7.211345978676001e-05,0.015936396773974487,0.0,0.0,0.0,0.03472128000000001,0.0,0.0,0.012671996015782299,0.01572013570447579,0.00171072,-0.03010285172025809,0.00768284329138873,8.414304415092587e-05,0.1957734369326492,-0.1956892938884983,-0.08198635611340617,0.012205655595550858,-0.06044552865827776,0.04874012129927988
86,Oppressive work recording with Kingdom counter-witness,0.0,1.0,0.82,0.0,4.198622904590297,0.12,0.9,0.8,0.94,0.58,0.95,0.58,0.6,0.86,0.9,0.18,41.96729664480805,32.11663951567946,40.00532552666336,0.24615384615384617,0.07961353038996494,0.003514493110483574,0.0,1.062782716610233e-05,0.10735946867301582,6.371037965753519e-05,0.01594014462030312,0.0,0.0,0.0,0.03472128000000001,0.0,0.0,0.012674054792154174,0.01572671754679894,0.00171072,-0.030111492338953112,0.007686203512543561,7.433820682363751e-05,0.19581858914481565,-0.195744250937992,-0.0820050314605213,0.012207154170403354,-0.06044620070250872,0.048744510908620656
87,Oppressive work recording with Kingdom counter-witness,0.0,1.0,0.82,0.0,4.247371723182179,0.12,0.9,0.8,0.94,0.58,0.95,0.58,0.6,0.86,0.9,0.18,42.26762367835997,32.34647312052267,40.29161227139673,0.24615384615384617,0.0788670398920408,0.0030596004817911027,0.0,9.252231856936296e-06,0.10738832342223903,5.546413157386093e-05,0.015943822518184624,0.0,0.0,0.0,0.03472128000000001,0.0,0.0,0.01267607514426914,0.015733176547999647,0.00171072,-0.030119971692268786,0.007689501019747188,6.471636343079722e-05,0.19586289865243967,-0.19579818228900886,-0.08202335825771848,0.012208624776397298,-0.060446860203949446,0.048748818591881765
88,Oppressive work recording with Kingdom counter-witness,0.0,1.0,0.82,0.0,4.296124769796505,0.12,0.9,0.8,0.94,0.58,0.95,0.58,0.6,0.86,0.9,0.18,42.564947441576365,32.57400838931744,40.57503614868276,0.24615384615384617,0.07813435404026656,0.0026131200590044368,0.0,7.902075058429419e-06,0.10741664456841724,4.737037911762653e-05,0.01594743240169894,0.0,0.0,0.0,0.03472128000000001,0.0,0.0,0.012678058134560848,0.015739516104644392,0.00171072,-0.03012829423920524,0.007692737547045175,5.5272454176055944e-05,0.1959063887563666,-0.19585111630219054,-0.08204134614242972,0.01221006818687378,-0.06044750750940905,0.04875304661432561
89,Oppressive work recording with Kingdom counter-witness,0.0,1.0,0.82,0.0,4.344881966955163,0.12,0.9,0.8,0.94,0.58,0.95,0.58,0.6,0.86,0.9,0.18,42.8592979671606,32.79926830542427,40.85562578719593,0.24615384615384617,0.07741509458731155,0.002174821347665834,0.0,6.576659755341484e-06,0.10744444673227486,3.942494390835147e-05,0.015950976134439854,0.0,0.0,0.0,0.03472128000000001,0.0,0.0,0.01268000478674333,0.01574573948951423,0.00171072,-0.03013646427625756,0.007695914765287055,4.6001603663692956e-05,0.19594908190825935,-0.19590308030459566,-0.08205900440085782,0.012211485146990027,-0.06044814295305742,0.04875719715865873
90,Oppressive work recording with Kingdom counter-witness,0.0,1.0,0.82,0.0,4.393643239283914,0.12,0.9,0.8,0.94,0.58,0.95,0.58,0.6,0.86,0.9,0.18,43.15070498748899,33.02227562237003,41.13340952932398,0.24615384615384617,0.07670889694755338,0.0017444821784207143,0.0,5.275314107544241e-06,0.10747174400645841,3.1623798482192867e-05,0.015954455512691035,0.0,0.0,0.0,0.03472128000000001,0.0,0.0,0.012681916087555646,0.01575184985718243,0.00171072,-0.030144485944738078,0.007699034284973858,3.689911258973711e-05,0.19599099974886142,-0.19595410063627167,-0.08207634198380223,0.012212876374989346,-0.06044876685699478,0.04876127232875169
91,Oppressive work recording with Kingdom counter-witness,0.0,1.0,0.82,0.0,4.4424085134370745,0.12,0.9,0.8,0.94,0.58,0.95,0.58,0.6,0.86,0.9,0.18,43.439197937614104,33.243052866146336,41.408415434030736,0.24615384615384617,0.07601540958694063,0.0013218883352152377,0.0,3.9973903256908795e-06,0.10749854997912062,2.3963059551948307e-05,0.015957872268432118,0.0,0.0,0.0,0.03472128000000001,0.0,0.0,0.012683792988413206,0.015757850249293694,0.00171072,-0.030152363237706897,0.007702097658953303,2.7960449877639187e-05,0.19603216314421296,-0.19600420269433533,-0.08209336752163841,0.0122142425634031,-0.06044937953179067,0.04876527415315991
92,Oppressive work recording with Kingdom counter-witness,0.0,1.0,0.82,0.0,4.491177718025533,0.12,0.9,0.8,0.94,0.58,0.95,0.58,0.6,0.86,0.9,0.18,43.72480595823796,33.461622337484876,41.68067127969043,0.24615384615384617,0.0753342934452141,0.0009068332032122206,0.0,2.742263606513756e-06,0.10752487775625384,1.6438981624510813e-05,0.01596122807218539,0.0,0.0,0.0,0.03472128000000001,0.0,0.0,0.012685636406971516,0.015763743599563344,0.00171072,-0.030160100006534858,0.007705106384972045,1.918124523102457e-05,0.19607259221994613,-0.1960534109747151,-0.0821100893385026,0.012215584380188953,-0.06044998127699442,0.04876920458845781
93,Oppressive work recording with Kingdom counter-witness,0.0,1.0,0.82,0.0,4.539950783547931,0.12,0.9,0.8,0.94,0.58,0.95,0.58,0.6,0.86,0.9,0.18,44.00755789865558,33.678006114110026,41.950204566893525,0.24615384615384617,0.07466522138850462,0.0004991174352183547,0.0,1.509331124100305e-06,0.10755073998284924,9.047950953894812e-06,0.015964524535712774,0.0,0.0,0.0,0.03472128000000001,0.0,0.0,0.012687447228607688,0.01576953273851376,0.00171072,-0.030167699967121445,0.007708061908093746,1.0557282077995118e-05,0.1961123063937772,-0.1961017491116992,-0.0821265154657309,0.012216902469809268,-0.06045057238161876,0.0487730655223976
94,Oppressive work recording with Kingdom counter-witness,0.0,1.0,0.82,0.0,4.588727642324834,0.12,0.9,0.8,0.94,0.58,0.95,0.58,0.6,0.86,0.9,0.18,44.28748231966902,33.89222605296893,42.21704252122459,0.24615384615384617,0.074007877690463,9.854863549735304e-05,0.0,2.9801107374399566e-07,0.10757614886295314,1.7864798094324661e-06,0.01596776321457228,0.0,0.0,0.0,0.03472128000000001,0.0,0.0,0.012689226307824755,0.01577522039796386,0.00171072,-0.03017516670578861,0.007710965622991092,2.0844908831764617e-06,0.19615132440630514,-0.19614923991542196,-0.0821426536545978,0.01221819745425329,-0.06045115312459823,0.04877685877690347
95,Oppressive work recording with Kingdom counter-witness,0.0,1.0,0.82,0.0,4.637505434324834,0.12,0.9,0.8,0.94,0.58,0.95,0.58,0.6,0.86,0.9,0.18,44.56460749647233,34.10430379243924,42.48121209601235,0.24615384615384617,0.07336195754020419,0.0,0.0,0.0,0.1075824,0.0,0.01596856,0.0,0.0,0.0,0.03472128000000001,0.0,0.0,0.012689663999999998,0.015776619685872385,0.00171072,-0.03017700368587238,0.007711680000000001,0.0,0.19616092368587235,-0.19616092368587235,-0.082146624,0.01221851604858724,-0.06045129600000001,0.04877779200000001
96,Oppressive work recording with Kingdom counter-witness,0.0,1.0,0.82,0.0,4.686283226324834,0.12,0.9,0.8,0.94,0.58,0.95,0.58,0.6,0.86,0.9,0.18,44.838961421507605,34.31426075451485,42.742739975052224,0.24615384615384617,0.07272720262115419,0.0,0.0,0.0,0.1075824,0.0,0.01596856,0.0,0.0,0.0,0.03472128000000001,0.0,0.0,0.012689663999999998,0.015776619685872385,0.00171072,-0.03017700368587238,0.007711680000000001,0.0,0.19616092368587235,-0.19616092368587235,-0.082146624,0.01221851604858724,-0.06045129600000001,0.04877779200000001
97,Oppressive work recording with Kingdom counter-witness,0.0,1.0,0.82,0.0,4.735061018324834,0.12,0.9,0.8,0.94,0.58,0.95,0.58,0.6,0.86,0.9,0.18,45.11057180729253,34.5221181469697,43.001652575301705,0.24615384615384617,0.07210333774826613,0.0,0.0,0.0,0.1075824,0.0,0.01596856,0.0,0.0,0.0,0.03472128000000001,0.0,0.0,0.012689663999999998,0.015776619685872385,0.00171072,-0.03017700368587238,0.007711680000000001,0.0,0.19616092368587235,-0.19616092368587235,-0.082146624,0.01221851604858724,-0.06045129600000001,0.04877779200000001
98,Oppressive work recording with Kingdom counter-witness,0.0,1.0,0.82,0.0,4.783838810324834,0.12,0.9,0.8,0.94,0.58,0.95,0.58,0.6,0.86,0.9,0.18,45.379466089219605,34.72789696550001,43.25797604954869,0.24615384615384617,0.07149008505575721,0.0,0.0,0.0,0.1075824,0.0,0.01596856,0.0,0.0,0.0,0.03472128000000001,0.0,0.0,0.012689663999999998,0.015776619685872385,0.00171072,-0.03017700368587238,0.007711680000000001,0.0,0.19616092368587235,-0.19616092368587235,-0.082146624,0.01221851604858724,-0.06045129600000001,0.04877779200000001
99,Oppressive work recording with Kingdom counter-witness,0.0,1.0,0.82,0.0,4.832616602324834,0.12,0.9,0.8,0.94,0.58,0.95,0.58,0.6,0.86,0.9,0.18,45.645671428327404,34.93161799584501,43.511736289053204,0.24615384615384617,0.070887176051328,0.0,0.0,0.0,0.1075824,0.0,0.01596856,0.0,0.0,0.0,0.03472128000000001,0.0,0.0,0.012689663999999998,0.015776619685872385,0.00171072,-0.03017700368587238,0.007711680000000001,0.0,0.19616092368587235,-0.19616092368587235,-0.082146624,0.01221851604858724,-0.06045129600000001,0.04877779200000001
100,Oppressive work recording with Kingdom counter-witness,0.0,1.0,0.82,0.0,4.881394394324834,0.12,0.9,0.8,0.94,0.58,0.95,0.58,0.6,0.86,0.9,0.18,45.909214714044126,35.13330181588656,43.762958926162675,0.24615384615384617,0.07029435122421338,0.0,0.0,0.0,0.1075824,0.0,0.01596856,0.0,0.0,0.0,0.03472128000000001,0.0,0.0,0.012689663999999998,0.015776619685872385,0.00171072,-0.03017700368587238,0.007711680000000001,0.0,0.19616092368587235,-0.19616092368587235,-0.082146624,0.01221851604858724,-0.06045129600000001,0.04877779200000001
101,Oppressive work recording with Kingdom counter-witness,0.0,1.0,0.82,0.0,4.9301721863248344,0.12,0.9,0.8,0.94,0.58,0.95,0.58,0.6,0.86,0.9,0.18,46.170122566903686,35.332968797727695,44.01166933690105,0.24615384615384617,0.06971135967273738,0.0,0.0,0.0,0.1075824,0.0,0.01596856,0.0,0.0,0.0,0.03472128000000001,0.0,0.0,0.012689663999999998,0.015776619685872385,0.00171072,-0.03017700368587238,0.007711680000000001,0.0,0.19616092368587235,-0.19616092368587235,-0.082146624,0.01221851604858724,-0.06045129600000001,0.04877779200000001
102,Oppressive work recording with Kingdom counter-witness,0.0,1.0,0.82,0.0,4.9789499783248345,0.12,0.9,0.8,0.94,0.58,0.95,0.58,0.6,0.86,0.9,0.18,46.428421341234646,35.53063910975042,44.25789264353204,0.24615384615384617,0.06913795875024893,0.0,0.0,0.0,0.1075824,0.0,0.01596856,0.0,0.0,0.0,0.03472128000000001,0.0,0.0,0.012689663999999998,0.015776619685872385,0.00171072,-0.03017700368587238,0.007711680000000001,0.0,0.19616092368587235,-0.19616092368587235,-0.082146624,0.01221851604858724,-0.06045129600000001,0.04877779200000001
103,Oppressive work recording with Kingdom counter-witness,0.0,1.0,0.82,0.0,5.027727770324835,0.12,0.9,0.8,0.94,0.58,0.95,0.58,0.6,0.86,0.9,0.18,46.6841371278223,35.72633271865291,44.501653717096715,0.24615384615384617,0.06857391372838892,0.0,0.0,0.0,0.1075824,0.0,0.01596856,0.0,0.0,0.0,0.03472128000000001,0.0,0.0,0.012689663999999998,0.015776619685872385,0.00171072,-0.03017700368587238,0.007711680000000001,0.0,0.19616092368587235,-0.19616092368587235,-0.082146624,0.01221851604858724,-0.06045129600000001,0.04877779200000001
104,Oppressive work recording with Kingdom counter-witness,0.0,1.0,0.82,0.0,5.076505562324835,0.12,0.9,0.8,0.94,0.58,0.95,0.58,0.6,0.86,0.9,0.18,46.937295756544074,35.920069391466384,44.74297717992575,0.24615384615384617,0.06801899747670673,0.0,0.0,0.0,0.1075824,0.0,0.01596856,0.0,0.0,0.0,0.03472128000000001,0.0,0.0,0.012689663999999998,0.015776619685872385,0.00171072,-0.03017700368587238,0.007711680000000001,0.0,0.19616092368587235,-0.19616092368587235,-0.082146624,0.01221851604858724,-0.06045129600000001,0.04877779200000001
105,Oppressive work recording with Kingdom counter-witness,0.0,1.0,0.82,0.0,5.125283354324835,0.12,0.9,0.8,0.94,0.58,0.95,0.58,0.6,0.86,0.9,0.18,47.18792279897863,36.11186869755172,44.9818874081265,0.24615384615384617,0.06747299015770775,0.0,0.0,0.0,0.1075824,0.0,0.01596856,0.0,0.0,0.0,0.03472128000000001,0.0,0.0,0.012689663999999998,0.015776619685872385,0.00171072,-0.03017700368587238,0.007711680000000001,0.0,0.19616092368587235,-0.19616092368587235,-0.082146624,0.01221851604858724,-0.06045129600000001,0.04877779200000001
106,Oppressive work recording with Kingdom counter-witness,0.0,1.0,0.82,0.0,5.174061146324835,0.12,0.9,0.8,0.94,0.58,0.95,0.58,0.6,0.86,0.9,0.18,47.43604357098884,36.30175001057621,45.21840853404523,0.24615384615384617,0.06693567893647144,0.0,0.0,0.0,0.1075824,0.0,0.01596856,0.0,0.0,0.0,0.03472128000000001,0.0,0.0,0.012689663999999998,0.015776619685872385,0.00171072,-0.03017700368587238,0.007711680000000001,0.0,0.19616092368587235,-0.19616092368587235,-0.082146624,0.01221851604858724,-0.06045129600000001,0.04877779200000001
107,Oppressive work recording with Kingdom counter-witness,0.0,1.0,0.82,0.0,5.222838938324835,0.12,0.9,0.8,0.94,0.58,0.95,0.58,0.6,0.86,0.9,0.18,47.68168313527895,36.489732510470446,45.45256444870478,0.24615384615384617,0.06640685770403426,0.0,0.0,0.0,0.1075824,0.0,0.01596856,0.0,0.0,0.0,0.03472128000000001,0.0,0.0,0.012689663999999998,0.015776619685872385,0.00171072,-0.03017700368587238,0.007711680000000001,0.0,0.19616092368587235,-0.19616092368587235,-0.082146624,0.01221851604858724,-0.06045129600000001,0.04877779200000001
108,Oppressive work recording with Kingdom counter-witness,0.0,1.0,0.82,0.0,5.271616730324835,0.12,0.9,0.8,0.94,0.58,0.95,0.58,0.6,0.86,0.9,0.18,47.92486630392616,36.67583518536574,45.68437880421773,0.24615384615384617,0.06588632681378227,0.0,0.0,0.0,0.1075824,0.0,0.01596856,0.0,0.0,0.0,0.03472128000000001,0.0,0.0,0.012689663999999998,0.015776619685872385,0.00171072,-0.03017700368587238,0.007711680000000001,0.0,0.19616092368587235,-0.19616092368587235,-0.082146624,0.01221851604858724,-0.06045129600000001,0.04877779200000001
109,Oppressive work recording with Kingdom counter-witness,0.0,1.0,0.82,0.0,5.320394522324835,0.12,0.9,0.8,0.94,0.58,0.95,0.58,0.6,0.86,0.9,0.18,48.16561764088689,36.86007683351209,45.91387501617555,0.24615384615384617,0.06537389283014497,0.0,0.0,0.0,0.1075824,0.0,0.01596856,0.0,0.0,0.0,0.03472128000000001,0.0,0.0,0.012689663999999998,0.015776619685872385,0.00171072,-0.03017700368587238,0.007711680000000001,0.0,0.19616092368587235,-0.19616092368587235,-0.082146624,0.01221851604858724,-0.06045129600000001,0.04877779200000001
110,Oppressive work recording with Kingdom counter-witness,0.0,1.0,0.82,0.0,5.369172314324835,0.12,0.9,0.8,0.94,0.58,0.95,0.58,0.6,0.86,0.9,0.18,48.40396146447802,37.04247606517697,46.1410762660138,0.24615384615384617,0.06486936828892596,0.0,0.0,0.0,0.1075824,0.0,0.01596856,0.0,0.0,0.0,0.03472128000000001,0.0,0.0,0.012689663999999998,0.015776619685872385,0.00171072,-0.03017700368587238,0.007711680000000001,0.0,0.19616092368587235,-0.19616092368587235,-0.082146624,0.01221851604858724,-0.06045129600000001,0.04877779200000001
111,Oppressive work recording with Kingdom counter-witness,0.0,1.0,0.82,0.0,5.417950106324835,0.12,0.9,0.8,0.94,0.58,0.95,0.58,0.6,0.86,0.9,0.18,48.63992184983324,37.2230513045252,46.36600550335366,0.24615384615384617,0.06437257146864649,0.0,0.0,0.0,0.1075824,0.0,0.01596856,0.0,0.0,0.0,0.03472128000000001,0.0,0.0,0.012689663999999998,0.015776619685872385,0.00171072,-0.03017700368587238,0.007711680000000001,0.0,0.19616092368587235,-0.19616092368587235,-0.082146624,0.01221851604858724,-0.06045129600000001,0.04877779200000001
112,Oppressive work recording with Kingdom counter-witness,0.0,1.0,0.82,0.0,5.4667278983248355,0.12,0.9,0.8,0.94,0.58,0.95,0.58,0.6,0.86,0.9,0.18,48.87352263133491,37.40182079147995,46.58868544832013,0.24615384615384617,0.06388332617231605,0.0,0.0,0.0,0.1075824,0.0,0.01596856,0.0,0.0,0.0,0.03472128000000001,0.0,0.0,0.012689663999999998,0.015776619685872385,0.00171072,-0.03017700368587238,0.007711680000000001,0.0,0.19616092368587235,-0.19616092368587235,-0.082146624,0.01221851604858724,-0.06045129600000001,0.04877779200000001
113,Oppressive work recording with Kingdom counter-witness,0.0,1.0,0.82,0.0,5.515505690324836,0.12,0.9,0.8,0.94,0.58,0.95,0.58,0.6,0.86,0.9,0.18,49.104787405021554,37.57880258356515,46.80913859383693,0.24615384615384617,0.06340146151907951,0.0,0.0,0.0,0.1075824,0.0,0.01596856,0.0,0.0,0.0,0.03472128000000001,0.0,0.0,0.012689663999999998,0.015776619685872385,0.00171072,-0.03017700368587238,0.007711680000000001,0.0,0.19616092368587235,-0.19616092368587235,-0.082146624,0.01221851604858724,-0.06045129600000001,0.04877779200000001
114,Oppressive work recording with Kingdom counter-witness,0.0,1.0,0.82,0.0,5.564283482324836,0.12,0.9,0.8,0.94,0.58,0.95,0.58,0.6,0.86,0.9,0.18,49.333739530971336,37.7540145577295,47.027387207898556,0.24615384615384617,0.06292681174522298,0.0,0.0,0.0,0.1075824,0.0,0.01596856,0.0,0.0,0.0,0.03472128000000001,0.0,0.0,0.012689663999999998,0.015776619685872385,0.00171072,-0.03017700368587238,0.007711680000000001,0.0,0.19616092368587235,-0.19616092368587235,-0.082146624,0.01221851604858724,-0.06045129600000001,0.04877779200000001
115,Oppressive work recording with Kingdom counter-witness,0.0,1.0,0.82,0.0,5.613061274324836,0.12,0.9,0.8,0.94,0.58,0.95,0.58,0.6,0.86,0.9,0.18,49.56040213566162,37.92747441215221,47.243453335819574,0.24615384615384617,0.06245921601405193,0.0,0.0,0.0,0.1075824,0.0,0.01596856,0.0,0.0,0.0,0.03472128000000001,0.0,0.0,0.012689663999999998,0.015776619685872385,0.00171072,-0.03017700368587238,0.007711680000000001,0.0,0.19616092368587235,-0.19616092368587235,-0.082146624,0.01221851604858724,-0.06045129600000001,0.04877779200000001
116,Oppressive work recording with Kingdom counter-witness,0.0,1.0,0.82,0.0,5.661839066324836,0.12,0.9,0.8,0.94,0.58,0.95,0.58,0.6,0.86,0.9,0.18,49.784798114305,38.099199668030685,47.45735880246138,0.24615384615384617,0.06199851823418333,0.0,0.0,0.0,0.1075824,0.0,0.01596856,0.0,0.0,0.0,0.03472128000000001,0.0,0.0,0.012689663999999998,0.015776619685872385,0.00171072,-0.03017700368587238,0.007711680000000001,0.0,0.19616092368587235,-0.19616092368587235,-0.082146624,0.01221851604858724,-0.06045129600000001,0.04877779200000001
117,Oppressive work recording with Kingdom counter-witness,0.0,1.0,0.82,0.0,5.710616858324836,0.12,0.9,0.8,0.94,0.58,0.95,0.58,0.6,0.86,0.9,0.18,50.00695013316194,38.26920767135038,47.66912521443677,0.24615384615384617,0.06154456688582037,0.0,0.0,0.0,0.1075824,0.0,0.01596856,0.0,0.0,0.0,0.03472128000000001,0.0,0.0,0.012689663999999998,0.015776619685872385,0.00171072,-0.03017700368587238,0.007711680000000001,0.0,0.19616092368587235,-0.19616092368587235,-0.082146624,0.01221851604858724,-0.06045129600000001,0.04877779200000001
118,Oppressive work recording with Kingdom counter-witness,0.0,1.0,0.82,0.0,5.759394650324836,0.12,0.9,0.8,0.94,0.58,0.95,0.58,0.6,0.86,0.9,0.18,50.22688063183032,38.43751559463688,47.8787739622924,0.24615384615384617,0.061097214854603975,0.0,0.0,0.0,0.1075824,0.0,0.01596856,0.0,0.0,0.0,0.03472128000000001,0.0,0.0,0.012689663999999998,0.015776619685872385,0.00171072,-0.03017700368587238,0.007711680000000001,0.0,0.19616092368587235,-0.19616092368587235,-0.082146624,0.01221851604858724,-0.06045129600000001,0.04877779200000001
119,Oppressive work recording with Kingdom counter-witness,0.0,1.0,0.82,0.0,5.808172442324836,0.12,0.9,0.8,0.94,0.58,0.95,0.58,0.6,0.86,0.9,0.18,50.44461182551201,38.60414043869051,48.08632622266948,0.24615384615384617,0.060656319272658035,0.0,0.0,0.0,0.1075824,0.0,0.01596856,0.0,0.0,0.0,0.03472128000000001,0.0,0.0,0.012689663999999998,0.015776619685872385,0.00171072,-0.03017700368587238,0.007711680000000001,0.0,0.19616092368587235,-0.19616092368587235,-0.082146624,0.01221851604858724,-0.06045129600000001,0.04877779200000001
120,Oppressive work recording with Kingdom counter-witness,0.0,1.0,0.82,0.0,5.856950234324836,0.12,0.9,0.8,0.94,0.58,0.95,0.58,0.6,0.86,0.9,0.18,50.660165707256894,38.7690990343036,48.29180296044278,0.24615384615384617,0.060221741366467844,0.0,0.0,0.0,0.1075824,0.0,0.01596856,0.0,0.0,0.0,0.03472128000000001,0.0,0.0,0.012689663999999998,0.015776619685872385,0.00171072,-0.03017700368587238,0.007711680000000001,0.0,0.19616092368587235,-0.19616092368587235,-0.082146624,0.01221851604858724,-0.06045129600000001,0.04877779200000001
121,Oppressive work recording with Kingdom counter-witness,0.0,1.0,0.82,0.0,5.905728026324836,0.12,0.9,0.8,0.94,0.58,0.95,0.58,0.6,0.86,0.9,0.18,50.87356405018432,38.932408043960564,48.495224930838354,0.24615384615384617,0.059793346311251196,0.0,0.0,0.0,0.1075824,0.0,0.01596856,0.0,0.0,0.0,0.03472128000000001,0.0,0.0,0.012689663999999998,0.015776619685872385,0.00171072,-0.03017700368587238,0.007711680000000001,0.0,0.19616092368587235,-0.19616092368587235,-0.082146624,0.01221851604858724,-0.06045129600000001,0.04877779200000001
122,Oppressive work recording with Kingdom counter-witness,0.0,1.0,0.82,0.0,5.9545058183248365,0.12,0.9,0.8,0.94,0.58,0.95,0.58,0.6,0.86,0.9,0.18,51.08482840968247,39.09408396352096,48.69661268152997,0.24615384615384617,0.05937100309150143,0.0,0.0,0.0,0.1075824,0.0,0.01596856,0.0,0.0,0.0,0.03472128000000001,0.0,0.0,0.012689663999999998,0.015776619685872385,0.00171072,-0.03017700368587238,0.007711680000000001,0.0,0.19616092368587235,-0.19616092368587235,-0.082146624,0.01221851604858724,-0.06045129600000001,0.04877779200000001
123,Oppressive work recording with Kingdom counter-witness,0.0,1.0,0.82,0.0,6.003283610324837,0.12,0.9,0.8,0.94,0.58,0.95,0.58,0.6,0.86,0.9,0.18,51.29398012558565,39.25414312388575,48.895986554714675,0.24615384615384617,0.05895458436739917,0.0,0.0,0.0,0.1075824,0.0,0.01596856,0.0,0.0,0.0,0.03472128000000001,0.0,0.0,0.012689663999999998,0.015776619685872385,0.00171072,-0.03017700368587238,0.007711680000000001,0.0,0.19616092368587235,-0.19616092368587235,-0.082146624,0.01221851604858724,-0.06045129600000001,0.04877779200000001
124,Oppressive work recording with Kingdom counter-witness,0.0,1.0,0.82,0.0,6.052061402324837,0.12,0.9,0.8,0.94,0.58,0.95,0.58,0.6,0.86,0.9,0.18,51.50104032432979,39.41260169264689,49.09336668916753,0.24615384615384617,0.05854396634680667,0.0,0.0,0.0,0.1075824,0.0,0.01596856,0.0,0.0,0.0,0.03472128000000001,0.0,0.0,0.012689663999999998,0.015776619685872385,0.00171072,-0.03017700368587238,0.007711680000000001,0.0,0.19616092368587235,-0.19616092368587235,-0.082146624,0.01221851604858724,-0.06045129600000001,0.04877779200000001
125,Oppressive work recording with Kingdom counter-witness,0.0,1.0,0.82,0.0,6.100839194324837,0.12,0.9,0.8,0.94,0.58,0.95,0.58,0.6,0.86,0.9,0.18,51.7060299210865,39.56947567572042,49.288773022275855,0.24615384615384617,0.05813902866257464,0.0,0.0,0.0,0.1075824,0.0,0.01596856,0.0,0.0,0.0,0.03472128000000001,0.0,0.0,0.012689663999999998,0.015776619685872385,0.00171072,-0.03017700368587238,0.007711680000000001,0.0,0.19616092368587235,-0.19616092368587235,-0.082146624,0.01221851604858724,-0.06045129600000001,0.04877779200000001
126,Oppressive work recording with Kingdom counter-witness,0.0,1.0,0.82,0.0,6.149616986324837,0.12,0.9,0.8,0.94,0.58,0.95,0.58,0.6,0.86,0.9,0.18,51.90896962187563,39.72478091896322,49.482225292053094,0.24615384615384617,0.0577396542549058,0.0,0.0,0.0,0.1075824,0.0,0.01596856,0.0,0.0,0.0,0.03472128000000001,0.0,0.0,0.012689663999999998,0.015776619685872385,0.00171072,-0.03017700368587238,0.007711680000000001,0.0,0.19616092368587235,-0.19616092368587235,-0.082146624,0.01221851604858724,-0.06045129600000001,0.04877779200000001
127,Oppressive work recording with Kingdom counter-witness,0.0,1.0,0.82,0.0,6.198394778324837,0.12,0.9,0.8,0.94,0.58,0.95,0.58,0.6,0.86,0.9,0.18,52.10987992565687,39.87853310977359,49.67374303913257,0.24615384615384617,0.05734572925853401,0.0,0.0,0.0,0.1075824,0.0,0.01596856,0.0,0.0,0.0,0.03472128000000001,0.0,0.0,0.012689663999999998,0.015776619685872385,0.00171072,-0.03017700368587238,0.007711680000000001,0.0,0.19616092368587235,-0.19616092368587235,-0.082146624,0.01221851604858724,-0.06045129600000001,0.04877779200000001
128,Oppressive work recording with Kingdom counter-witness,0.0,1.0,0.82,0.0,6.247172570324837,0.12,0.9,0.8,0.94,0.58,0.95,0.58,0.6,0.86,0.9,0.18,52.3087811264003,40.03074777867586,49.86334560874124,0.24615384615384617,0.05695714289449022,0.0,0.0,0.0,0.1075824,0.0,0.01596856,0.0,0.0,0.0,0.03472128000000001,0.0,0.0,0.012689663999999998,0.015776619685872385,0.00171072,-0.03017700368587238,0.007711680000000001,0.0,0.19616092368587235,-0.19616092368587235,-0.082146624,0.01221851604858724,-0.06045129600000001,0.04877779200000001
129,Oppressive work recording with Kingdom counter-witness,0.0,1.0,0.82,0.0,6.295950362324837,0.12,0.9,0.8,0.94,0.58,0.95,0.58,0.6,0.86,0.9,0.18,52.50569331513629,40.1814403008891,50.05105215265383,0.24615384615384617,0.0565737873662394,0.0,0.0,0.0,0.1075824,0.0,0.01596856,0.0,0.0,0.0,0.03472128000000001,0.0,0.0,0.012689663999999998,0.015776619685872385,0.00171072,-0.03017700368587238,0.007711680000000001,0.0,0.19616092368587235,-0.19616092368587235,-0.082146624,0.01221851604858724,-0.06045129600000001,0.04877779200000001
130,Oppressive work recording with Kingdom counter-witness,0.0,1.0,0.82,0.0,6.344728154324837,0.12,0.9,0.8,0.94,0.58,0.95,0.58,0.6,0.86,0.9,0.18,52.70063638198493,40.33062589788021,50.2368816311273,0.24615384615384617,0.056195557759983784,0.0,0.0,0.0,0.1075824,0.0,0.01596856,0.0,0.0,0.0,0.03472128000000001,0.0,0.0,0.012689663999999998,0.015776619685872385,0.00171072,-0.03017700368587238,0.007711680000000001,0.0,0.19616092368587235,-0.19616092368587235,-0.082146624,0.01221851604858724,-0.06045129600000001,0.04877779200000001
131,Oppressive work recording with Kingdom counter-witness,0.0,1.0,0.82,0.0,6.393505946324837,0.12,0.9,0.8,0.94,0.58,0.95,0.58,0.6,0.86,0.9,0.18,52.89363001816508,40.47831963890141,50.42085281481602,0.24615384615384617,0.05582235194893869,0.0,0.0,0.0,0.1075824,0.0,0.01596856,0.0,0.0,0.0,0.03472128000000001,0.0,0.0,0.012689663999999998,0.015776619685872385,0.00171072,-0.03017700368587238,0.007711680000000001,0.0,0.19616092368587235,-0.19616092368587235,-0.082146624,0.01221851604858724,-0.06045129600000001,0.04877779200000001
132,Oppressive work recording with Kingdom counter-witness,0.0,1.0,0.82,0.0,6.4422837383248375,0.12,0.9,0.8,0.94,0.58,0.95,0.58,0.6,0.86,0.9,0.18,53.08469371798343,40.6245364425124,50.60298428666786,0.24615384615384617,0.05545407050139761,0.0,0.0,0.0,0.1075824,0.0,0.01596856,0.0,0.0,0.0,0.03472128000000001,0.0,0.0,0.012689663999999998,0.015776619685872385,0.00171072,-0.03017700368587238,0.007711680000000001,0.0,0.19616092368587235,-0.19616092368587235,-0.082146624,0.01221851604858724,-0.06045129600000001,0.04877779200000001
133,Oppressive work recording with Kingdom counter-witness,0.0,1.0,0.82,0.0,6.491061530324838,0.12,0.9,0.8,0.94,0.58,0.95,0.58,0.6,0.86,0.9,0.18,53.27384678080359,40.76929107808728,50.78329444380118,0.24615384615384617,0.055090616592412496,0.0,0.0,0.0,0.1075824,0.0,0.01596856,0.0,0.0,0.0,0.03472128000000001,0.0,0.0,0.012689663999999998,0.015776619685872385,0.00171072,-0.03017700368587238,0.007711680000000001,0.0,0.19616092368587235,-0.19616092368587235,-0.082146624,0.01221851604858724,-0.06045129600000001,0.04877779200000001
134,Oppressive work recording with Kingdom counter-witness,0.0,1.0,0.82,0.0,6.539839322324838,0.12,0.9,0.8,0.94,0.58,0.95,0.58,0.6,0.86,0.9,0.18,53.46110831299555,40.912598167306406,50.96180149936317,0.24615384615384617,0.054731895918924724,0.0,0.0,0.0,0.1075824,0.0,0.01596856,0.0,0.0,0.0,0.03472128000000001,0.0,0.0,0.012689663999999998,0.015776619685872385,0.00171072,-0.03017700368587238,0.007711680000000001,0.0,0.19616092368587235,-0.19616092368587235,-0.082146624,0.01221851604858724,-0.06045129600000001,0.04877779200000001
135,Oppressive work recording with Kingdom counter-witness,0.0,1.0,0.82,0.0,6.588617114324838,0.12,0.9,0.8,0.94,0.58,0.95,0.58,0.6,0.86,0.9,0.18,53.646497229865595,41.054472185633344,51.138523484369536,0.24615384615384617,0.05437781661819026,0.0,0.0,0.0,0.1075824,0.0,0.01596856,0.0,0.0,0.0,0.03472128000000001,0.0,0.0,0.012689663999999998,0.015776619685872385,0.00171072,-0.03017700368587238,0.007711680000000001,0.0,0.19616092368587235,-0.19616092368587235,-0.082146624,0.01221851604858724,-0.06045129600000001,0.04877779200000001
136,Oppressive work recording with Kingdom counter-witness,0.0,1.0,0.82,0.0,6.637394906324838,0.12,0.9,0.8,0.94,0.58,0.95,0.58,0.6,0.86,0.9,0.18,53.830032257566934,41.19492746377701,51.31347824952584,0.24615384615384617,0.05402828918935091,0.0,0.0,0.0,0.1075824,0.0,0.01596856,0.0,0.0,0.0,0.03472128000000001,0.0,0.0,0.012689663999999998,0.015776619685872385,0.00171072,-0.03017700368587238,0.007711680000000001,0.0,0.19616092368587235,-0.19616092368587235,-0.082146624,0.01221851604858724,-0.06045129600000001,0.04877779200000001
137,Oppressive work recording with Kingdom counter-witness,0.0,1.0,0.82,0.0,6.686172698324838,0.12,0.9,0.8,0.94,0.58,0.95,0.58,0.6,0.86,0.9,0.18,54.01173193499126,41.333978189139245,51.48668346703059,0.24615384615384617,0.05368322641801097,0.0,0.0,0.0,0.1075824,0.0,0.01596856,0.0,0.0,0.0,0.03472128000000001,0.0,0.0,0.012689663999999998,0.015776619685872385,0.00171072,-0.03017700368587238,0.007711680000000001,0.0,0.19616092368587235,-0.19616092368587235,-0.082146624,0.01221851604858724,-0.06045129600000001,0.04877779200000001
138,Oppressive work recording with Kingdom counter-witness,0.0,1.0,0.82,0.0,6.734950490324838,0.12,0.9,0.8,0.94,0.58,0.95,0.58,0.6,0.86,0.9,0.18,54.19161461564135,41.47163840724785,51.65815663236028,0.24615384615384617,0.05334254330368577,0.0,0.0,0.0,0.1075824,0.0,0.01596856,0.0,0.0,0.0,0.03472128000000001,0.0,0.0,0.012689663999999998,0.015776619685872385,0.00171072,-0.03017700368587238,0.007711680000000001,0.0,0.19616092368587235,-0.19616092368587235,-0.082146624,0.01221851604858724,-0.06045129600000001,0.04877779200000001
139,Oppressive work recording with Kingdom counter-witness,0.0,1.0,0.82,0.0,6.783728282324838,0.12,0.9,0.8,0.94,0.58,0.95,0.58,0.6,0.86,0.9,0.18,54.36969846948493,41.60792202317538,51.82791506603668,0.24615384615384617,0.05300615698999537,0.0,0.0,0.0,0.1075824,0.0,0.01596856,0.0,0.0,0.0,0.03472128000000001,0.0,0.0,0.012689663999999998,0.015776619685872385,0.00171072,-0.03017700368587238,0.007711680000000001,0.0,0.19616092368587235,-0.19616092368587235,-0.082146624,0.01221851604858724,-0.06045129600000001,0.04877779200000001
140,Oppressive work recording with Kingdom counter-witness,0.0,1.0,0.82,0.0,6.832506074324838,0.12,0.9,0.8,0.94,0.58,0.95,0.58,0.6,0.86,0.9,0.18,54.54600148479008,41.74284280294363,51.99597591537631,0.24615384615384617,0.0526739866974829,0.0,0.0,0.0,0.1075824,0.0,0.01596856,0.0,0.0,0.0,0.03472128000000001,0.0,0.0,0.012689663999999998,0.015776619685872385,0.00171072,-0.03017700368587238,0.007711680000000001,0.0,0.19616092368587235,-0.19616092368587235,-0.082146624,0.01221851604858724,-0.06045129600000001,0.04877779200000001
141,Oppressive work recording with Kingdom counter-witness,0.0,1.0,0.82,0.0,6.881283866324838,0.12,0.9,0.8,0.94,0.58,0.95,0.58,0.6,0.86,0.9,0.18,54.72054146994218,41.87641437491419,52.16235615622255,0.24615384615384617,0.05234595365894332,0.0,0.0,0.0,0.1075824,0.0,0.01596856,0.0,0.0,0.0,0.03472128000000001,0.0,0.0,0.012689663999999998,0.015776619685872385,0.00171072,-0.03017700368587238,0.007711680000000001,0.0,0.19616092368587235,-0.19616092368587235,-0.082146624,0.01221851604858724,-0.06045129600000001,0.04877779200000001
142,Oppressive work recording with Kingdom counter-witness,0.0,1.0,0.82,0.0,6.9300616583248384,0.12,0.9,0.8,0.94,0.58,0.95,0.58,0.6,0.86,0.9,0.18,54.893336055242756,42.00865023116505,52.32707259466033,0.24615384615384617,0.05202198105715347,0.0,0.0,0.0,0.1075824,0.0,0.01596856,0.0,0.0,0.0,0.03472128000000001,0.0,0.0,0.012689663999999998,0.015776619685872385,0.00171072,-0.03017700368587238,0.007711680000000001,0.0,0.19616092368587235,-0.19616092368587235,-0.082146624,0.01221851604858724,-0.06045129600000001,0.04877779200000001
143,Oppressive work recording with Kingdom counter-witness,0.0,1.0,0.82,0.0,6.9788394503248385,0.12,0.9,0.8,0.94,0.58,0.95,0.58,0.6,0.86,0.9,0.18,55.06440269469033,42.1395637288534,52.49014186871373,0.24615384615384617,0.05170199396490054,0.0,0.0,0.0,0.1075824,0.0,0.01596856,0.0,0.0,0.0,0.03472128000000001,0.0,0.0,0.012689663999999998,0.015776619685872385,0.00171072,-0.03017700368587238,0.007711680000000001,0.0,0.19616092368587235,-0.19616092368587235,-0.082146624,0.01221851604858724,-0.06045129600000001,0.04877779200000001
144,Oppressive work recording with Kingdom counter-witness,0.0,1.0,0.82,0.0,7.027617242324839,0.12,0.9,0.8,0.94,0.58,0.95,0.58,0.6,0.86,0.9,0.18,55.23375866774342,42.26916809156487,52.65158045002659,0.24615384615384617,0.0513859192872101,0.0,0.0,0.0,0.1075824,0.0,0.01596856,0.0,0.0,0.0,0.03472128000000001,0.0,0.0,0.012689663999999998,0.015776619685872385,0.00171072,-0.03017700368587238,0.007711680000000001,0.0,0.19616092368587235,-0.19616092368587235,-0.082146624,0.01221851604858724,-0.06045129600000001,0.04877779200000001
145,Oppressive work recording with Kingdom counter-witness,0.0,1.0,0.82,0.0,7.076395034324839,0.12,0.9,0.8,0.94,0.58,0.95,0.58,0.6,0.86,0.9,0.18,55.40142108106599,42.397476410649226,52.81140464552633,0.24615384615384617,0.051073685705680445,0.0,0.0,0.0,0.1075824,0.0,0.01596856,0.0,0.0,0.0,0.03472128000000001,0.0,0.0,0.012689663999999998,0.015776619685872385,0.00171072,-0.03017700368587238,0.007711680000000001,0.0,0.19616092368587235,-0.19616092368587235,-0.082146624,0.01221851604858724,-0.06045129600000001,0.04877779200000001
146,Oppressive work recording with Kingdom counter-witness,0.0,1.0,0.82,0.0,7.125172826324839,0.12,0.9,0.8,0.94,0.58,0.95,0.58,0.6,0.86,0.9,0.18,55.567406870255326,42.52450164654274,52.96963059907107,0.24615384615384617,0.05076522362483407,0.0,0.0,0.0,0.1075824,0.0,0.01596856,0.0,0.0,0.0,0.03472128000000001,0.0,0.0,0.012689663999999998,0.015776619685872385,0.00171072,-0.03017700368587238,0.007711680000000001,0.0,0.19616092368587235,-0.19616092368587235,-0.082146624,0.01221851604858724,-0.06045129600000001,0.04877779200000001
147,Oppressive work recording with Kingdom counter-witness,0.0,1.0,0.82,0.0,7.173950618324839,0.12,0.9,0.8,0.94,0.58,0.95,0.58,0.6,0.86,0.9,0.18,55.73173280155277,42.650256630077315,53.12627429308036,0.24615384615384617,0.050460465120401664,0.0,0.0,0.0,0.1075824,0.0,0.01596856,0.0,0.0,0.0,0.03472128000000001,0.0,0.0,0.012689663999999998,0.015776619685872385,0.00171072,-0.03017700368587238,0.007711680000000001,0.0,0.19616092368587235,-0.19616092368587235,-0.082146624,0.01221851604858724,-0.06045129600000001,0.04877779200000001
148,Oppressive work recording with Kingdom counter-witness,0.0,1.0,0.82,0.0,7.222728410324839,0.12,0.9,0.8,0.94,0.58,0.95,0.58,0.6,0.86,0.9,0.18,55.894415473537244,42.77475406377654,53.28135155014955,0.24615384615384617,0.05015934388945758,0.0,0.0,0.0,0.1075824,0.0,0.01596856,0.0,0.0,0.0,0.03472128000000001,0.0,0.0,0.012689663999999998,0.015776619685872385,0.00171072,-0.03017700368587238,0.007711680000000001,0.0,0.19616092368587235,-0.19616092368587235,-0.082146624,0.01221851604858724,-0.06045129600000001,0.04877779200000001
149,Oppressive work recording with Kingdom counter-witness,0.0,1.0,0.82,0.0,7.271506202324839,0.12,0.9,0.8,0.94,0.58,0.95,0.58,0.6,0.86,0.9,0.18,56.05547131880187,42.898006523138775,53.43487803464806,0.24615384615384617,0.049861795202330285,0.0,0.0,0.0,0.1075824,0.0,0.01596856,0.0,0.0,0.0,0.03472128000000001,0.0,0.0,0.012689663999999998,0.015776619685872385,0.00171072,-0.03017700368587238,0.007711680000000001,0.0,0.19616092368587235,-0.19616092368587235,-0.082146624,0.01221851604858724,-0.06045129600000001,0.04877779200000001
150,Oppressive work recording with Kingdom counter-witness,0.0,1.0,0.82,0.0,7.320283994324839,0.12,0.9,0.8,0.94,0.58,0.95,0.58,0.6,0.86,0.9,0.18,56.21491660561385,43.02002645790739,53.586869254301575,0.24615384615384617,0.0495677558562143,0.0,0.0,0.0,0.1075824,0.0,0.01596856,0.0,0.0,0.0,0.03472128000000001,0.0,0.0,0.012689663999999998,0.015776619685872385,0.00171072,-0.03017700368587238,0.007711680000000001,0.0,0.19616092368587235,-0.19616092368587235,-0.082146624,0.01221851604858724,-0.06045129600000001,0.04877779200000001
151,Oppressive work recording with Kingdom counter-witness,0.0,1.0,0.82,0.0,7.369061786324839,0.12,0.9,0.8,0.94,0.58,0.95,0.58,0.6,0.86,0.9,0.18,56.37276743955771,43.14082619332832,53.73734056175856,0.24615384615384617,0.049277164130413796,0.0,0.0,0.0,0.1075824,0.0,0.01596856,0.0,0.0,0.0,0.03472128000000001,0.0,0.0,0.012689663999999998,0.015776619685872385,0.00171072,-0.03017700368587238,0.007711680000000001,0.0,0.19616092368587235,-0.19616092368587235,-0.082146624,0.01221851604858724,-0.06045129600000001,0.04877779200000001
152,Oppressive work recording with Kingdom counter-witness,0.0,1.0,0.82,0.0,7.417839578324839,0.12,0.9,0.8,0.94,0.58,0.95,0.58,0.6,0.86,0.9,0.18,56.52903976516213,43.26041793139504,53.88630715614097,0.24615384615384617,0.048989959743151325,0.0,0.0,0.0,0.1075824,0.0,0.01596856,0.0,0.0,0.0,0.03472128000000001,0.0,0.0,0.012689663999999998,0.015776619685872385,0.00171072,-0.03017700368587238,0.007711680000000001,0.0,0.19616092368587235,-0.19616092368587235,-0.082146624,0.01221851604858724,-0.06045129600000001,0.04877779200000001
153,Oppressive work recording with Kingdom counter-witness,0.0,1.0,0.82,0.0,7.4666173703248395,0.12,0.9,0.8,0.94,0.58,0.95,0.58,0.6,0.86,0.9,0.18,56.68374936751051,43.37881375208109,54.033784084579565,0.24615384615384617,0.048706083809878266,0.0,0.0,0.0,0.1075824,0.0,0.01596856,0.0,0.0,0.0,0.03472128000000001,0.0,0.0,0.012689663999999998,0.015776619685872385,0.00171072,-0.03017700368587238,0.007711680000000001,0.0,0.19616092368587235,-0.19616092368587235,-0.082146624,0.01221851604858724,-0.06045129600000001,0.04877779200000001
154,Oppressive work recording with Kingdom counter-witness,0.0,1.0,0.82,0.0,7.51539516232484,0.12,0.9,0.8,0.94,0.58,0.95,0.58,0.6,0.86,0.9,0.18,56.836911873835405,43.49602561456028,54.17978624373377,0.24615384615384617,0.04842547880302632,0.0,0.0,0.0,0.1075824,0.0,0.01596856,0.0,0.0,0.0,0.03472128000000001,0.0,0.0,0.012689663999999998,0.015776619685872385,0.00171072,-0.03017700368587238,0.007711680000000001,0.0,0.19616092368587235,-0.19616092368587235,-0.082146624,0.01221851604858724,-0.06045129600000001,0.04877779200000001
155,Oppressive work recording with Kingdom counter-witness,0.0,1.0,0.82,0.0,7.56417295432484,0.12,0.9,0.8,0.94,0.58,0.95,0.58,0.6,0.86,0.9,0.18,56.98854275509705,43.61206535841468,54.32432838129644,0.24615384615384617,0.048148088513142284,0.0,0.0,0.0,0.1075824,0.0,0.01596856,0.0,0.0,0.0,0.03472128000000001,0.0,0.0,0.012689663999999998,0.015776619685872385,0.00171072,-0.03017700368587238,0.007711680000000001,0.0,0.19616092368587235,-0.19616092368587235,-0.082146624,0.01221851604858724,-0.06045129600000001,0.04877779200000001
156,Oppressive work recording with Kingdom counter-witness,0.0,1.0,0.82,0.0,7.61295074632484,0.12,0.9,0.8,0.94,0.58,0.95,0.58,0.6,0.86,0.9,0.18,57.13865732754608,43.72694470483054,54.46742509748348,0.24615384615384617,0.04787385801135103,0.0,0.0,0.0,0.1075824,0.0,0.01596856,0.0,0.0,0.0,0.03472128000000001,0.0,0.0,0.012689663999999998,0.015776619685872385,0.00171072,-0.03017700368587238,0.007711680000000001,0.0,0.19616092368587235,-0.19616092368587235,-0.082146624,0.01221851604858724,-0.06045129600000001,0.04877779200000001
157,Oppressive work recording with Kingdom counter-witness,0.0,1.0,0.82,0.0,7.66172853832484,0.12,0.9,0.8,0.94,0.58,0.95,0.58,0.6,0.86,0.9,0.18,57.287270754270615,43.84067525778223,54.60909084650864,0.24615384615384617,0.04760273361309394,0.0,0.0,0.0,0.1075824,0.0,0.01596856,0.0,0.0,0.0,0.03472128000000001,0.0,0.0,0.012689663999999998,0.015776619685872385,0.00171072,-0.03017700368587238,0.007711680000000001,0.0,0.19616092368587235,-0.19616092368587235,-0.082146624,0.01221851604858724,-0.06045129600000001,0.04877779200000001
158,Oppressive work recording with Kingdom counter-witness,0.0,1.0,0.82,0.0,7.71050633032484,0.12,0.9,0.8,0.94,0.58,0.95,0.58,0.6,0.86,0.9,0.18,57.43439804672791,43.95326850520441,54.749339938043555,0.24615384615384617,0.04733466284309264,0.0,0.0,0.0,0.1075824,0.0,0.01596856,0.0,0.0,0.0,0.03472128000000001,0.0,0.0,0.012689663999999998,0.015776619685872385,0.00171072,-0.03017700368587238,0.007711680000000001,0.0,0.19616092368587235,-0.19616092368587235,-0.082146624,0.01221851604858724,-0.06045129600000001,0.04877779200000001
159,Oppressive work recording with Kingdom counter-witness,0.0,1.0,0.82,0.0,7.75928412232484,0.12,0.9,0.8,0.94,0.58,0.95,0.58,0.6,0.86,0.9,0.18,57.58005406626063,44.06473582015237,54.88818653866312,0.24615384615384617,0.04706959440148985,0.0,0.0,0.0,0.1075824,0.0,0.01596856,0.0,0.0,0.0,0.03472128000000001,0.0,0.0,0.012689663999999998,0.015776619685872385,0.00171072,-0.03017700368587238,0.007711680000000001,0.0,0.19616092368587235,-0.19616092368587235,-0.082146624,0.01221851604858724,-0.06045129600000001,0.04877779200000001
0,Transparent work regime absorbing Kingdom bleed-over,0.7018781592212221,0.1809565561307534,0.84,1.1909031248873407,0.22453874443112756,0.78,0.55,0.86,0.92,0.52,0.94,0.5,0.5,0.76,0.88,0.22,0.47300000000000003,0.4888,0.423192,0.2652251888150749,0.2652251888150749,0.5599999943444287,0.48216000000000003,0.013670773503329,0.014400276055766194,0.016663121812091494,0.00996985603799639,0.060711117927664184,0.0003278400368093866,0.0020058953363300243,0.0012286763016000001,0.0017096250808430239,0.002151837952577228,0.00545662381151422,0.0030146149036374558,0.000137849008,-0.006457249770574448,0.0007749043283166761,0.037051209336158075,0.03498280044683094,0.0020684088893271335,-0.009096875112659315,0.0009565561307534147,0.0018781592212221971,0.00453874443112757
1,Transparent work regime absorbing Kingdom bleed-over,0.7037768188699219,0.18191094776290115,0.84,1.1818133551824457,0.22906620636460995,0.78,0.55,0.86,0.92,0.52,0.94,0.5,0.5,0.76,0.88,0.22,0.94127,0.972712,0.84215208,0.2652251888150749,0.265124375772571,0.5603611955050366,0.482889711952332,0.013686470431837563,0.014396716118040248,0.01668225458696705,0.0099674299114598,0.060842217580750015,0.0003264910902402501,0.0020118564407625742,0.0012203971393804673,0.0017133168470739207,0.002156484633757039,0.005460188482050921,0.003012725675513758,0.00013765475867828924,-0.006454084282485929,0.0007728863704205452,0.03710217398652864,0.034967998455544026,0.0021341755309846125,-0.009089769704895006,0.0009543916321477447,0.0018986596486997875,0.004527461933482399
2,Transparent work regime absorbing Kingdom bleed-over,0.7056963595895864,0.1828631298094087,0.84,1.1727311504576614,0.23358207897734062,0.78,0.55,0.86,0.92,0.52,0.94,0.5,0.5,0.76,0.88,0.22,1.4048573,1.45178488,1.2569225592,0.2652251888150749,0.26503404022399923,0.5607360385612221,0.4836317730180172,0.013702561085241998,0.014392991728824064,0.01670186726781857,0.009964901840841447,0.06097647617379649,0.0003251276234334793,0.0020179254128827855,0.00121203162208125,0.0017170975690541093,0.0021612432800452073,0.005463709298102438,0.003010765094760011,0.00013745722202260384,-0.006450688334839846,0.0007708139296299178,0.03715436528147583,0.03495267073626173,0.0022016945452141,-0.00908220472478433,0.0009521820465075458,0.001919540719664493,0.004515872612730681
3,Transparent work regime absorbing Kingdom bleed-over,0.7076371683980762,0.18381305655320973,0.84,1.1636569763211724,0.23808605028327193,0.78,0.55,0.86,0.92,0.52,0.94,0.5,0.5,0.76,0.88,0.22,1.863808727,1.9260670312000001,1.667545333608,0.2652251888150749,0.2649541637129429,0.5611246575718067,0.4843864322471401,0.01371905132862741,0.014389101183084545,0.016721967003519352,0.009962270793749676,0.06111394968061786,0.000323749041675564,0.0020241042582384502,0.0012035783081979637,0.001720968823006199,0.0021661158753712327,0.005467185658333294,0.0030087324601943727,0.00013725633173581134,-0.006447058574892245,0.0007686863206206662,0.037207802584291294,0.03493681105591633,0.002270991528374962,-0.009074174136488944,0.0009499267438010325,0.0019408088084898242,0.004503971305931293
4,Transparent work regime absorbing Kingdom bleed-over,0.7095996388001323,0.1847606816366152,0.84,1.1545913045441496,0.24257780303020263,0.78,0.55,0.86,0.92,0.52,0.94,0.5,0.5,0.76,0.88,0.22,2.31817063973,2.3956063608880003,2.0740618802719197,0.2652251888150749,0.26488472867389934,0.5615271894880128,0.4851539427371006,0.01373594714233383,0.014385042746820304,0.01674256108342536,0.009959535718206486,0.06125469531144331,0.00032235473106299964,0.0020303950263765077,0.0011950357394437943,0.0017249322199702434,0.002171104447487965,0.005470616951080937,0.0030066270555065733,0.00013705202044338383,-0.006443191579542928,0.0007665028519833609,0.037262505653954114,0.03492041308348484,0.002342092570469273,-0.009065671777022886,0.0009476250834054461,0.0019624704020560755,0.004491752746930688
5,Transparent work regime absorbing Kingdom bleed-over,0.7115841709017711,0.18570595805060777,0.84,1.1455346131898518,0.24705701459454998,0.78,0.55,0.86,0.92,0.52,0.94,0.5,0.5,0.76,0.88,0.22,2.7679889333327,2.86045029727912,2.4765132614692007,0.2652251888150749,0.26482571839728036,0.5619437741756956,0.4859345617109121,0.013753254623895598,0.014380814657031296,0.016763656939739125,0.009956695542563085,0.06139877154125979,0.00032094405779058,0.0020367998118404652,0.0011864024406750742,0.0017289894066018759,0.002176211068976187,0.005474002554247442,0.0030044481491416338,0.00013684421967255522,-0.006439083854085443,0.0007642628263588327,0.03731849465263089,0.03490347038968992,0.0024150242629409693,-0.009056691354297697,0.0009452764139925747,0.0019845321016387298,0.004479211564347356
6,Transparent work regime absorbing Kingdom bleed-over,0.7135911715265999,0.18664883812402133,0.84,1.1364873867447287,0.25152335687405863,0.78,0.55,0.86,0.92,0.52,0.94,0.5,0.5,0.76,0.88,0.22,3.213309043999373,3.320645794306329,2.874940128854509,0.2652251888150749,0.26477711699372153,0.5623745544378719,0.48672855059708064,0.01377097999002462,0.01437641512169496,0.016785262149927115,0.009953749175416707,0.061546238138930814,0.0003195163674129018,0.002043320755194091,0.0011776769198240569,0.0017331420659922917,0.0021814378582766907,0.005477341835190457,0.003002194994182032,0.00013663285983105713,-0.006434731830926855,0.0007619655405827861,0.03737579015335984,0.03488597644672206,0.0024898137066377765,-0.009047226445123136,0.0009428800734135557,0.00200700062482888,0.004466342279508626
7,Transparent work regime absorbing Kingdom bleed-over,0.7156210543340858,0.18758927351260435,0.84,1.127450116251566,0.25597649617839724,0.78,0.55,0.86,0.92,0.52,0.94,0.5,0.5,0.76,0.88,0.22,3.654175953559379,3.7762393363632656,3.269382727565964,0.2652251888150749,0.2647389093576565,0.562819676037535,0.48753617511110464,0.013789129578638471,0.014371842319749363,0.01680738443919175,0.009950695505528885,0.06169715619711329,0.00031807098407800067,0.002049960044072101,0.0011688576678392996,0.0017373919185107104,0.0021867869807506543,0.005480634150613513,0.0029998668282283742,0.00013641787018542394,-0.006430131868276656,0.0007596102858398474,0.03743441314792328,0.0348679246279847,0.002566488519938577,-0.009037270493162646,0.0009404353885830166,0.002029882807486005,0.004453139304338596
8,Transparent work regime absorbing Kingdom bleed-over,0.7176742399398093,0.18852721518796695,0.84,1.1184232994447232,0.26041609311759323,0.78,0.55,0.86,0.92,0.52,0.94,0.5,0.5,0.76,0.88,0.22,4.090634194023785,4.227276942999633,3.6598809002903048,0.2652251888150749,0.2647110811301159,0.563279287720744,0.48835770533863376,0.013807709850934276,0.014367094401083767,0.016830031682999236,0.009947533401745354,0.061851588162995345,0.00031660720973198915,0.0020567199142585884,0.0011599431586341007,0.0017417407226699494,0.002192260649769104,0.00548387884645568,0.0029974628732786245,0.0001361991788388557,-0.006425280248804057,0.0007571963478274403,0.037494385054913086,0.034849308207863826,0.0026450768470492603,-0.009026816806842721,0.0009379416753626051,0.00205318560572342,0.004439596939196011
9,Transparent work regime absorbing Kingdom bleed-over,0.719751156037736,0.18946261342641094,0.84,1.1094074408875079,0.26484180248825406,0.78,0.55,0.86,0.92,0.52,0.94,0.5,0.5,0.76,0.88,0.22,4.522727852083547,4.6738041735696365,4.0464740912874015,0.2652251888150749,0.2646936186607061,0.5637535412399722,0.4891934158203257,0.013826727393509295,0.014362169486537197,0.016853211909664316,0.009944261712917839,0.06200959786987801,0.00031512432329352163,0.0020636026507939303,0.0011509318490434508,0.001746190276015765,0.0021978611278322957,0.005487075257780662,0.002994982335605986,0.0001359767127086293,-0.006420173178262982,0.0007547230069298976,0.0375557277279939,0.034830120361523664,0.002725607366470234,-0.009015858557215402,0.0009353982384439818,0.002076916097926657,0.004425709370660845
10,Transparent work regime absorbing Kingdom bleed-over,0.7218522375245411,0.19039541779764227,0.84,1.100403052111735,0.2692532731575224,0.78,0.55,0.86,0.92,0.52,0.94,0.5,0.5,0.76,0.88,0.22,4.950500573562712,5.115866131833941,4.429201350374528,0.2652251888150749,0.26468650896872425,0.5642425913777035,0.4900435856384427,0.013846188920529233,0.014357065667905485,0.016876933302993204,0.00994087926782795,0.062171250569625115,0.0003136215797968623,0.002070610589110967,0.0011418221787899765,0.0017507424160406434,0.0022035907277198623,0.005490222708665375,0.0029924244056354805,0.00013575039750304658,-0.006414806784084039,0.000752189538403229,0.037618463464368666,0.03481035416473055,0.002808109299638116,-0.009004388775772974,0.0009328043712313271,0.002101081486805098,0.004411470669268347
11,Transparent work regime absorbing Kingdom bleed-over,0.7239779266260182,0.1913255771533657,0.84,1.091410651759521,0.2736501479447116,0.78,0.55,0.86,0.92,0.52,0.94,0.5,0.5,0.76,0.88,0.22,5.373995567827085,5.553507470515601,4.808101336870783,0.2652251888150749,0.2646897397033655,0.5647465959702616,0.49090849850523033,0.013866101275945342,0.014351781007957346,0.016901204204985948,0.009937384875113399,0.06233661296600626,0.0003120982095022798,0.0020777461162012506,0.0011326125704593827,0.0017553990211227363,0.00220945181367262,0.0054933205120880416,0.002989788257819313,0.0001355201576979077,-0.006409177113932642,0.000749595212570977,0.03768261501345198,0.034790002593706376,0.002892612419745602,-0.008992400352213988,0.0009301593557234373,0.002125689101477104,0.004396874787189225
12,Transparent work regime absorbing Kingdom bleed-over,0.7261286730256071,0.19225303961576118,0.84,1.0824307657273613,0.2780320635005662,0.78,0.55,0.86,0.92,0.52,0.94,0.5,0.5,0.76,0.88,0.22,5.793255612148814,5.986772395810446,5.183212323502075,0.2652251888150749,0.26470329910297613,0.5652657159318613,0.4917884428531185,0.013886471435761298,0.014346313540460003,0.01692603311859953,0.009933777323196741,0.06250575324895832,0.00031055341697243947,0.002085011671812192,0.0011233014294859127,0.0017601620114906663,0.002215446802606929,0.005496367969815892,0.0029870730505110743,0.00013528591651249986,-0.006403280134232537,0.0007469392950316073,0.03774820558575603,0.034769058525013725,0.0029791470607423015,-0.008979886032159634,0.0009274624623954735,0.0021507463995889256,0.004381915555854616
13,Transparent work regime absorbing Kingdom bleed-over,0.7283049339950747,0.19317775256584163,0.84,1.0734639273125417,0.2823986501840907,0.78,0.55,0.86,0.92,0.52,0.94,0.5,0.5,0.76,0.88,0.22,6.208323056027325,6.415704671852342,5.554572200267055,0.2652251888150749,0.26472717595330775,0.5658001152788632,0.49268371192679106,0.01390730651035096,0.014340661270215,0.016951428710572945,0.009930055380216976,0.0626787411297916,0.00030898638011340866,0.002092409749675937,0.001113887144148386,0.0017650333502149318,0.0022215781653625367,0.0054993643722925055,0.002984277925838875,0.00013504759588508822,-0.006397111728653932,0.0007442210468779009,0.03781525886199439,0.03474751473547474,0.003067744126519653,-0.008966838414819595,0.0009247129500804465,0.0021762609694675862,0.004366586683524523
14,Transparent work regime absorbing Kingdom bleed-over,0.7305071745273827,0.19409966263169215,0.84,1.0645106773619355,0.28674953193688896,0.78,0.55,0.86,0.92,0.52,0.94,0.5,0.5,0.76,0.88,0.22,6.6192398254670515,6.840347625133819,5.9222184782643845,0.2652251888150749,0.264761359544725,0.5663499611542225,0.49359460387716575,0.013928613746828161,0.014334822173104693,0.016977399814315702,0.009926217793964142,0.06285564787736828,0.0003073962491788305,0.0020999428987708694,0.001104368085577376,0.0017700150442266913,0.00222784842798488,0.0055023089985248635,0.002981402009577477,0.0001348051164478985,-0.006390667696565358,0.0007414397249288168,0.037883799002409464,0.034725363902125266,0.0031584351002841987,-0.008953249950606288,0.0009219100658505059,0.002202240532307993,0.004350881752798224
15,Transparent work regime absorbing Kingdom bleed-over,0.7327358674717771,0.19501871567659027,0.84,1.0555715644232389,0.2910843261549542,0.78,0.55,0.86,0.92,0.52,0.94,0.5,0.5,0.76,0.88,0.22,7.026047427212381,7.260744148882481,6.286188293481741,0.2652251888150749,0.2648058396283202,0.5669154238521112,0.4945214218573331,0.013950400531469618,0.014328794196150072,0.01700395543286106,0.009922263291817262,0.06303654635528033,0.00030578214573576205,0.0021076137246166036,0.0010947426077741371,0.0017751091453646942,0.0022342601730428184,0.00550520111597018,0.0029784444110194995,0.00013455839750157794,-0.006383943751448439,0.0007385945819743259,0.037953850656328725,0.034702598602207056,0.0032512520541216686,-0.008939112938696587,0.0009190530448981238,0.0022286929443944463,0.004334794218065272
16,Transparent work regime absorbing Kingdom bleed-over,0.7349914936711338,0.1959348567870075,0.84,1.0466471448986991,0.29540264355784973,0.78,0.55,0.86,0.92,0.52,0.94,0.5,0.5,0.76,0.88,0.22,7.428786952940257,7.676936707393657,6.646518410546924,0.2652251888150749,0.26486060637088654,0.5674966768427064,0.49546447412049743,0.0139726743921922,0.014322575257580569,0.017031104741885565,0.009918190580685816,0.06322151106005666,0.0003041431615906109,0.0021154248906034233,0.0010850090476419035,0.0017803177514511958,0.0022408160409828413,0.005508039980422551,0.002975404222845774,0.0001343073569891236,-0.006376935519274607,0.0007356848670337094,0.03802543897195602,0.03467921131319945,0.0033462276587565704,-0.008924419524539803,0.0009161411104172493,0.002255626199356759,0.004318317402895512
17,Transparent work regime absorbing Kingdom bleed-over,0.7372745421015949,0.19684803026049205,0.84,1.037737983201388,0.29970408805521637,0.78,0.55,0.86,0.92,0.52,0.94,0.5,0.5,0.76,0.88,0.22,7.827499083410855,8.088967340319721,7.003245226441455,0.2652251888150749,0.26492565030870213,0.5680938967971211,0.49642407411996964,0.013995443001085697,0.014316163246916373,0.01705885709279621,0.00991399834695508,0.06341061816042813,0.00030247835767353246,0.0021233791193570823,0.0010751657250302157,0.0017856430073976564,0.002247518731520776,0.005510824835899538,0.002972280520994941,0.00013405191146926407,-0.006369638536842968,0.0007327098256278633,0.03809858960640341,0.03465519441289327,0.0034433951935101403,-0.00890916169731108,0.0009131734734845358,0.0022830484304610685,0.00430144449736666
18,Transparent work regime absorbing Kingdom bleed-over,0.7395855100145305,0.19775817959343278,0.84,1.0288446519140793,0.3039882566105441,0.78,0.55,0.86,0.92,0.52,0.94,0.5,0.5,0.76,0.88,0.22,8.222224092576747,8.496877666916523,7.35640477417704,0.2652251888150749,0.2650009623000757,0.5687072636124695,0.4974005406112594,0.014018714177002461,0.014309556025064042,0.017087222015886857,0.009909685256435563,0.06360394553768198,0.00030078676287958886,0.002131479194139968,0.0010652109427929577,0.0017910871063411247,0.0022543710050720997,0.005513554914528701,0.002969072364532351,0.00013379197608928277,-0.006362048250078235,0.0007296687000661274,0.038173328735970055,0.03463054017950902,0.003542788556461035,-0.008893331287308792,0.0009101493329407224,0.0023109679129355684,0.004284168555327756
19,Transparent work regime absorbing Kingdom bleed-over,0.7419249030808617,0.19866524746870506,0.84,1.0199677319507843,0.3082547391021411,0.78,0.55,0.86,0.92,0.52,0.94,0.5,0.5,0.76,0.88,0.22,8.61300185165098,8.900708890247358,7.70603272643527,0.2652251888150749,0.26508653347660455,0.5693369604370457,0.49839419775631616,0.014042495888205036,0.01430275142442595,0.017116209223565482,0.009905249954316834,0.0638015728271364,0.00029906737286489117,0.0021397279602896045,0.0010551429868608227,0.0017966522908121614,0.0022613756842219663,0.005516229436434184,0.0029657787955183683,0.00013352746455726864,-0.006354160012287855,0.0007265607297482125,0.03824968306667416,0.03460524079186164,0.0036444422748125177,-0.008876919963295014,0.000907067875272277,0.0023393930663311567,0.004266482491596949
20,Transparent work regime absorbing Kingdom bleed-over,0.7442932355377788,0.19956917574319846,0.84,1.0111078127210065,0.31250311818123294,0.78,0.55,0.86,0.92,0.52,0.94,0.5,0.5,0.76,0.88,0.22,8.99987183313447,9.300501801344884,8.052164399170916,0.2652251888150749,0.26518235519309585,0.5699831736956027,0.49940537522997014,0.014066796255073257,0.014295747249024377,0.01714582861365377,0.009900691065126041,0.06400358146076829,0.0002973191487958753,0.002148128326695547,0.0010449601263289507,0.0018023408539352352,0.0022685356552360936,0.005518847609623419,0.0029623988388761536,0.00013325828911378196,-0.006345969082377261,0.0007233851514817852,0.038327679845044656,0.034579288329574506,0.0037483915154701494,-0.008859919229777729,0.0009039282744934033,0.0023683324569171295,0.004248379079091884
21,Transparent work regime absorbing Kingdom bleed-over,0.7466910303378907,0.20046990543522697,0.84,1.0022654922967729,0.3167329691271239,0.78,0.55,0.86,0.92,0.52,0.94,0.5,0.5,0.76,0.88,0.22,9.382873114803127,9.696296783331436,8.394834755179208,0.2652251888150749,0.2652884189761003,0.5706460931147154,0.5004344083286235,0.014091623552872128,0.01428854127464085,0.017176090272760836,0.009896007192691405,0.06421005471102734,0.000295541016049782,0.002156683267315717,0.001034660613560516,0.0018081551406625301,0.0022758538696137105,0.0055214086298740256,0.0029589315022590028,0.00013298436050292043,-0.0063374706230222375,0.0007201411998163094,0.03840734686917931,0.03455267477334503,0.0038546720958342745,-0.008842320424233545,0.000900729692028513,0.0023977948001119628,0.004229850945890963
22,Transparent work regime absorbing Kingdom bleed-over,0.7491188193008399,0.20136737671182225,0.84,0.9934413775825032,0.32094385969934763,0.78,0.55,0.86,0.92,0.52,0.94,0.5,0.5,0.76,0.88,0.22,9.762044383655097,10.08813381549812,8.734078407627415,0.2652251888150749,0.265404716471008,0.571325911748209,0.5014816380812461,0.014116986214581843,0.01428113124897153,0.017207004479732734,0.009891196920111001,0.06442107773587104,0.0002937318628643305,0.0021653958227332622,0.0010242426843070848,0.0018140975490421286,0.0022833333456837666,0.005523911680620984,0.0029553757759173465,0.0001327055879427723,-0.006328659698797336,0.0007168281073937497,0.038488712500075926,0.03452539200526447,0.003963320494811455,-0.008824114714269702,0.0008974712765952882,0.0024277889629491173,0.004210890572223722
23,Transparent work regime absorbing Kingdom bleed-over,0.7515771432674179,0.2022615288759107,0.84,0.9846360844877793,0.3251353499867361,0.78,0.55,0.86,0.92,0.52,0.94,0.5,0.5,0.76,0.88,0.22,10.137423939818547,10.476052477343138,9.069929623551142,0.2652251888150749,0.2655312393876575,0.5720228260026405,0.5025474113627285,0.014142892833791472,0.014273514891799344,0.01723858170917951,0.009886258809727138,0.06463673762505628,0.00029189053893448704,0.002174269101755078,0.001013704557846584,0.0018201705315215855,0.0022909771702456913,0.005526355932844147,0.0029517306325654753,0.00013242187909524167,-0.006319531274259172,0.0007134451053167607,0.03857180567324412,0.03449743180919469,0.004074373864049428,-0.00880529309472388,0.0008941521640884391,0.00245832396657794,0.004191490287388462
24,Transparent work regime absorbing Kingdom bleed-over,0.7540665522562173,0.20315230035337498,0.84,0.9758502381030787,0.3293069922533314,0.78,0.55,0.86,0.92,0.52,0.94,0.5,0.5,0.76,0.88,0.22,10.509049700420363,10.860091952569707,9.40242232731563,0.2652251888150749,0.2656679794444058,0.5727370356628138,0.5036320810096468,0.014169352167657794,0.014265689895183647,0.017270832635081685,0.009881191403106617,0.06485712344772422,0.000290015853954145,0.0021833062830531286,0.0010030444371397762,0.0018263765962879144,0.0022987885002559846,0.005528740544956191,0.0029479950272480802,0.00013213314003523202,-0.006310080211983519,0.0007099914235350134,0.038656655910604645,0.034468785871204555,0.004187870039400091,-0.008785846384700565,0.0008907714774642886,0.002489408988799489,0.00417164226659527
25,Transparent work regime absorbing Kingdom bleed-over,0.7565876056228545,0.20403962868000128,0.84,0.9670844728785362,0.33345833078106385,0.78,0.55,0.86,0.92,0.52,0.94,0.5,0.5,0.76,0.88,0.22,10.87695920341616,11.24029103304401,9.731590104042475,0.2652251888150749,0.2658149283106094,0.5734687439173102,0.5047360059384958,0.014196373139930725,0.014257653923668205,0.01730376813447792,0.009875993221027288,0.0650823263013156,0.0002881065761004314,0.002192510616849751,0.0009922605090061593,0.0018327183086450471,0.0023067705645619654,0.005531064662691089,0.00294416789720672,0.00013183927521917243,-0.006300301270555015,0.0007064662912503199,0.03874329333268382,0.03443944578006895,0.00430384755261487,-0.008765765224542489,0.0008873283266263159,0.002521053366637211,0.004151338527732477
26,Transparent work regime absorbing Kingdom bleed-over,0.7591408722217969,0.20492345048831306,0.84,0.9583394328058006,0.33758890170911837,0.78,0.55,0.86,0.92,0.52,0.94,0.5,0.5,0.76,0.88,0.22,11.241189611382,11.616688122713569,10.05746620300205,0.2652251888150749,0.2659720775474672,0.5742181573840252,0.5058595512664479,0.014223964844047128,0.014249404614508245,0.017337399291236014,0.009870662763471098,0.06531243936185681,0.0002861614304582704,0.002201885426648185,0.000981350944320261,0.0018391982924298876,0.002314926665684107,0.005533327418993169,0.002940248161746255,0.0001315401874528716,-0.006290189102508188,0.0007028689373412421,0.03883174867111131,0.034409403027833144,0.004422345643278168,-0.008745040072735567,0.0008838218083117782,0.002553266598942357,0.0041305709280545205
27,Transparent work regime absorbing Kingdom bleed-over,0.7617269305708307,0.20580370149429264,0.84,0.9496157716030547,0.3416982328699076,0.78,0.55,0.86,0.92,0.52,0.94,0.5,0.5,0.76,0.88,0.22,11.601777715268181,11.989321241486433,10.38008354097203,0.2652251888150749,0.2661394185471727,0.5749854861356849,0.5070030884346949,0.01425213654629443,0.014240939577917479,0.01737173739990898,0.009865198509624092,0.06554755793565532,0.00028417909738271714,0.0022114341110095474,0.0009703138982293382,0.0018458192314680542,0.002323260181648321,0.005535527933906877,0.0029362347221013824,0.00013123577785868423,-0.006279738252218623,0.0006991985908078884,0.038922053281428504,0.034378649010445746,0.004543404270982758,-0.008723661202745918,0.0008802510059795722,0.0025860583490338344,0.004109331160789229
28,Transparent work regime absorbing Kingdom bleed-over,0.7643463690182031,0.2066803164839921,0.84,0.9409141529032674,0.34578584362156983,0.78,0.55,0.86,0.92,0.52,0.94,0.5,0.5,0.76,0.88,0.22,11.9587599381155,12.358228029071569,10.699474705562311,0.2652251888150749,0.26631694247032883,0.5757709437253354,0.5081669953344329,0.014280897689045918,0.014232256397335857,0.017406793969678515,0.009859598917883627,0.06578777951244727,0.0002821582107964841,0.0022211601453775804,0.0009591475103935275,0.001852583871070515,0.0023317745678697174,0.00553766531446729,0.002932126461303321,0.00013092594584197397,-0.006268943153742867,0.0006954544812376263,0.039014239156216504,0.03434717502846322,0.004667064127753286,-0.008701618699787195,0.0008766149896994614,0.0026194384473723375,0.00408761075166226
29,Transparent work regime absorbing Kingdom bleed-over,0.7669997859124714,0.20755322930003495,0.84,0.9322352504457507,0.34985124467690654,0.78,0.55,0.86,0.92,0.52,0.94,0.5,0.5,0.76,0.88,0.22,12.312172338734346,12.723445748780852,11.015671958506688,0.2652251888150749,0.2665046401815735,0.5765747472117808,0.5093516564355497,0.014310257894069308,0.014223352629718949,0.017442580728387783,0.00985386242587321,0.06603320382003872,0.00028009735641995733,0.002231067083952456,0.0009478499052495498,0.001859495019572291,0.0023404733590893013,0.005539738654591521,0.0029279222440467554,0.00013061058905685668,-0.006257798128605833,0.0006916358392924559,0.03910833893855169,0.0343149722878293,0.004793366650722386,-0.008678902457516726,0.0008729128160428382,0.0026534168942683777,0.004065401055336679
30,Transparent work regime absorbing Kingdom bleed-over,0.7696877897750953,0.2084223728280101,0.84,0.9235797482710922,0.3538939379286718,0.78,0.55,0.86,0.92,0.52,0.94,0.5,0.5,0.76,0.88,0.22,12.662050615347002,13.085011291293043,11.328707238921622,0.2652251888150749,0.26670250218336977,0.5773971171849609,0.5105574629180781,0.014340226965910589,0.014214225805849807,0.017479109626665924,0.009847987450465225,0.06628393288048591,0.00027799506993089865,0.0022411585616150505,0.0009364191922991117,0.0018665555499144833,0.0023493601713652193,0.005541747034971063,0.002923620916557104,0.0001302896033712076,-0.0062462973835341554,0.0006877418972188119,0.03920438593579807,0.034282031900732333,0.004922354035065739,-0.00865550217465852,0.0008691435279751661,0.002688003862623914,0.004042693251765244
31,Transparent work regime absorbing Kingdom bleed-over,0.7724109994758024,0.20928767898276038,0.84,0.9149483409195407,0.357913416271125,0.78,0.55,0.86,0.92,0.52,0.94,0.5,0.5,0.76,0.88,0.22,13.008430109193533,13.442961178380111,11.638612166532406,0.2652251888150749,0.2669105185479109,0.5782382777912471,0.5117848128064756,0.014370814895354779,0.014204873430674274,0.017516392842146313,0.009841972387812037,0.06654007106785871,0.0002758498350508939,0.0022514382959030552,0.0009248534664231994,0.0018737684012709015,0.0023584387041201233,0.0055436895229651895,0.0029192213064582096,0.00012996288283091621,-0.006234435008134192,0.0006837718893805895,0.03930241413374519,0.03424834488654442,0.005054069247200768,-0.008631407351551518,0.0008653061547502791,0.00272320970070708,0.004019478342453191
32,Transparent work regime absorbing Kingdom bleed-over,0.775170044410762,0.2101490786945671,0.84,0.9063417336329197,0.36190916341775403,0.78,0.55,0.86,0.92,0.52,0.94,0.5,0.5,0.76,0.88,0.22,13.351345808101598,13.79733156659631,11.945418044867083,0.2652251888150749,0.2671286788470961,0.579098456758647,0.5130341111067963,0.01440203186296576,0.014195292983660499,0.017554442783781234,0.009835815613385698,0.06680172516763527,0.00027366008155549647,0.0022619100890403894,0.0009131508082235105,0.0018811365807206095,0.002367712742246344,0.0055455651724954855,0.00291472222264051,0.00012963031962337084,-0.006222204972513023,0.0006797250528161998,0.03940245821110123,0.03421390217284527,0.005188556038255958,-0.008606607286620997,0.0008613997118066979,0.0027590449349596253,0.00399574714662904
33,Transparent work regime absorbing Kingdom bleed-over,0.7779655646835985,0.21100650189523323,0.84,0.8977606425601484,0.365880653715075,0.78,0.55,0.86,0.92,0.52,0.94,0.5,0.5,0.76,0.88,0.22,13.690832350020584,14.148158250930345,12.249155864418412,0.2652251888150749,0.26735697208052955,0.5799778854218974,0.5143057699468195,0.014433888242707011,0.014185481919183748,0.017593272096255136,0.009829515482026728,0.06706900443777546,0.0002714241832048703,0.0022725778300214023,0.0009013092843923227,0.0018886631649677567,0.0023771861582705727,0.005547373023941632,0.002910122455129789,0.00012929180404015666,-0.006209601124841005,0.0006756006278204988,0.03950455355435074,0.03417869459653487,0.005325858957815864,-0.008581091072771314,0.0008574232006661527,0.0027955202728364202,0.003971490297320983
34,Transparent work regime absorbing Kingdom bleed-over,0.7807982112892748,0.21185987750406773,0.84,0.8892057949664506,0.3698273519524113,0.78,0.55,0.86,0.92,0.52,0.94,0.5,0.5,0.76,0.88,0.22,14.026924026520378,14.495476668421041,12.54985630577423,0.2652251888150749,0.2675953866015004,0.5808767987474357,0.5156002087192005,0.014466394605645376,0.014175437666937392,0.01763289366449911,0.009823070328002293,0.06734202067152326,0.00026914045559160786,0.00228344549675138,0.0008893269481121554,0.0018963513021100949,0.002386862914579824,0.00554911210403851,0.00290542077495657,0.00012894722443894881,-0.006196617188854205,0.0006713978585524451,0.03960873627298711,0.034142712905038314,0.005466023367948797,-0.008554847593697871,0.0008533756088344923,0.0028326466056764433,0.003946698237336278
35,Transparent work regime absorbing Kingdom bleed-over,0.7836686463008794,0.2127091334137729,0.84,0.8806779294463345,0.37374871316755226,0.78,0.55,0.86,0.92,0.52,0.94,0.5,0.5,0.76,0.88,0.22,14.359654786255176,14.839321901736831,12.847549742716486,0.2652251888150749,0.2678439100409024,0.5817954353582357,0.5169178542277124,0.014499561723740062,0.014165157632370988,0.017673320618309233,0.009816478465074165,0.06762088826199002,0.0002668071539022532,0.0022945171582449612,0.0008772018394866408,0.001904204213457639,0.0023967470657105133,0.005550781425774722,0.002900615934026211,0.00012859646720458296,-0.0061832467612950035,0.0006671159936693716,0.039715043215130266,0.03410594775760668,0.005609095457523583,-0.00852786552011605,0.0008492559097051716,0.0028704350116045907,0.003921361215140978
36,Transparent work regime absorbing Kingdom bleed-over,0.7865775430593428,0.2135541964762384,0.84,0.8721777961404295,0.3776441824481896,0.78,0.55,0.86,0.92,0.52,0.94,0.5,0.5,0.76,0.88,0.22,14.689058238392624,15.179728682719462,13.142266245289322,0.2652251888150749,0.2681025292290509,0.5827340375584936,0.5182591408366468,0.014533400573718974,0.014154639197156524,0.017714566337071407,0.009809738186576843,0.06790572426857093,0.00026442247058890513,0.0023057969768840517,0.0008649319860040667,0.001912225195402958,0.0024068427607025185,0.0055523799882926635,0.00289570666498979,0.00012823941670928464,-0.00616948330928922,0.0006627542869887831,0.0398235119835399,0.034068389726717954,0.005755122256821947,-0.008500133305905088,0.0008450630624655212,0.002908896758463451,0.0038954692806373492
37,Transparent work regime absorbing Kingdom bleed-over,0.789525586366117,0.21439499248824442,0.84,0.8637061569562652,0.3815131947290256,0.78,0.55,0.86,0.92,0.52,0.94,0.5,0.5,0.76,0.88,0.22,15.015167656008698,15.516731395892267,13.43403558283643,0.2652251888150749,0.2683712301153627,0.5836928513581554,0.5196245106234428,0.014567922341044775,0.014143879719683759,0.017756644454595513,0.009802847765506228,0.0681966484852506,0.00026198453294712956,0.0023172892107369415,0.0008525154030351421,0.001920417621344657,0.0024171542455201918,0.005553906776790175,0.0028906916811158117,0.00012787595527203954,-0.006155320167657834,0.0006583119981786076,0.03993418095203559,0.03403002929958177,0.0059041516524538165,-0.008471639184164268,0.0008407960120060017,0.002948043306774263,0.0038690122808360383
38,Transparent work regime absorbing Kingdom bleed-over,0.7925134726788431,0.2152314461770771,0.84,0.8552637857930859,0.3853551745844458,0.78,0.55,0.86,0.92,0.52,0.94,0.5,0.5,0.76,0.88,0.22,15.338015979448612,15.850364081933343,13.722887227008066,0.2652251888150749,0.2686499976858612,0.5846721264972728,0.5210144135346163,0.014603138423973016,0.014132876535585693,0.01779956886406182,0.009795805454619196,0.06849378351085332,0.0002594914005962335,0.0023289982159403165,0.0008399500943665752,0.0019287849436656298,0.002427685865542307,0.005555360762423932,0.002885569676162822,0.00012750596311708514,-0.006140750536161532,0.000653788393476868,0.04004708928233503,0.033990856879752174,0.006056232402582858,-0.008442371163179252,0.0008364536888326635,0.002987886312726057,0.0038419798554201958
39,Transparent work regime absorbing Kingdom bleed-over,0.7955419103100351,0.2160634811860601,0.84,0.8468514687707902,0.3891695360166442,0.78,0.55,0.86,0.92,0.52,0.94,0.5,0.5,0.76,0.88,0.22,15.657635819654127,16.18066044111401,14.008850354737985,0.2652251888150749,0.2689388158784773,0.5856721164701812,0.5224293075450608,0.014639060437704805,0.014121626958295198,0.017843353723082607,0.009788609486544515,0.06879725482129767,0.0002569410628577959,0.002340928449145957,0.0008272340527721363,0.0019373306957677426,0.002438442068123036,0.005556740902214626,0.002880339324252947,0.00012712931833150484,-0.006125767476676041,0.000649182746441756,0.040162276941322315,0.03395086278885268,0.006211414152469633,-0.008412317022295723,0.0008320350089830294,0.003028437631191977,0.003814361432198457
40,Transparent work regime absorbing Kingdom bleed-over,0.7986116196288067,0.21689102006000574,0.84,0.8384700044630924,0.39295568223908794,0.78,0.55,0.86,0.92,0.52,0.94,0.5,0.5,0.76,0.88,0.22,15.974059461457585,16.507653836702872,14.291953851190605,0.2652251888150749,0.26923766749611505,0.5866930785494896,0.523869658820794,0.014675700218636577,0.014110128279633819,0.017888013458882183,0.009781258073905418,0.06910719084391492,0.0002543314360281602,0.0023530844700339368,0.0008143652606229463,0.0019460584941646442,0.0024494274052260898,0.005558046138954046,0.002874999279746411,0.00012674589682190466,-0.006110363910296271,0.0006444943387331232,0.04027978471875824,0.03391003726841767,0.006369747450340572,-0.008381464307697829,0.0008275388739456326,0.0030697093187716314,0.003786146222443739
41,Transparent work regime absorbing Kingdom bleed-over,0.8017233332656649,0.21771398423058919,0.84,0.8301202041350039,0.3967130054552025,0.78,0.55,0.86,0.92,0.52,0.94,0.5,0.5,0.76,0.88,0.22,16.28731886684301,16.831377298335845,14.5722263126787,0.2652251888150749,0.2695465341174596,0.5877352738098786,0.5253359418852228,0.014713069828709647,0.014098377770433846,0.017933562773598446,0.009773749409454266,0.06942372303389423,0.00025166036054041676,0.0023654709438942086,0.0008013416905388008,0.0019549720406344616,0.0024606465361342272,0.0055592754011141495,0.002869548177117068,0.0001263555722701537,-0.0060945326143671446,0.0006397224609264279,0.040399654245445504,0.033868370481854725,0.00653128376359078,-0.00834980032808852,0.0008229641705834504,0.0031117136368582453,0.003757323216114562
42,Transparent work regime absorbing Kingdom bleed-over,0.8048777963203941,0.21853229400165067,0.84,0.8218028919847351,0.40044088663215816,0.78,0.55,0.86,0.92,0.52,0.94,0.5,0.5,0.76,0.88,0.22,16.597445678174576,17.151863525352486,14.849696049551913,0.2652251888150749,0.26986539600550463,0.5887989671517025,0.5268286397890055,0.014751181559862273,0.014086372681194666,0.0179800166497095,0.00976608166621964,0.06974698595291913,0.0002489255980112033,0.0023780926442785147,0.0007881613060824178,0.001964075124434203,0.0024721042302364425,0.005560427602758202,0.0028639846308289494,0.00012595821608816674,-0.006078266219438876,0.0006348664133602092,0.0405219280118618,0.03382585251653225,0.006696075495329551,-0.008317312150268808,0.0008183097710614748,0.003154463054729267,0.003727881176955658
43,Transparent work regime absorbing Kingdom bleed-over,0.8080757665730531,0.21934586853442936,0.84,0.8135189053901223,0.4041386952696325,0.78,0.55,0.86,0.92,0.52,0.94,0.5,0.5,0.76,0.88,0.22,16.90447122139283,17.469144890098963,15.124391089056394,0.2652251888150749,0.27019423201378523,0.5898844273243922,0.5283482442835843,0.014790047938587157,0.014074110242774503,0.018027390355588677,0.009758252997666281,0.07007711735006172,0.0002461248281674509,0.0023909544557246206,0.0007748220624985782,0.0019733716245777383,0.002483805369895165,0.005561501643454083,0.002858307235213863,0.00012555369737170987,-0.006061557206144491,0.0006299255070181813,0.04064664938727422,0.0337824733859972,0.00686417600127702,-0.008283986594612875,0.0008135745327786813,0.0031979702526589945,0.0036978086374743133
44,Transparent work regime absorbing Kingdom bleed-over,0.8113180146981047,0.220154625832734,0.84,0.8052690951596865,0.4078057891634215,0.78,0.55,0.86,0.92,0.52,0.94,0.5,0.5,0.76,0.88,0.22,17.2084265091789,17.783253441197974,15.39633917816583,0.2652251888150749,0.2705330194903019,0.5909919269496585,0.529895255998468,0.014829681730597257,0.014061587667118632,0.01807569945119169,0.009750261537868213,0.07041425824500343,0.0002432556456479884,0.0024040613765549165,0.0007613219075002076,0.0019828655121792967,0.0024957549533959297,0.005562496408189843,0.002852514564350024,0.00012514188285320783,-0.006044397901997145,0.0006248990644470801,0.04077386263934914,0.03373822303232721,0.007035639607021929,-0.008249810230435799,0.0008087572983046549,0.0032422481250516015,0.0036670938937890087
45,Transparent work regime absorbing Kingdom bleed-over,0.8146053244816976,0.22095848272805516,0.84,0.7970543257884362,0.411441514163768,0.78,0.55,0.86,0.92,0.52,0.94,0.5,0.5,0.76,0.88,0.22,17.509342244087108,18.094220906785996,15.665567786384171,0.2652251888150749,0.2708817341791357,0.5921217425445038,0.531470184622345,0.01487009594560319,0.014048802148025102,0.01812495979387968,0.009742105401695407,0.0707585530136542,0.00024031555667470222,0.002417418521751546,0.0007476587821035317,0.0019925608528645025,0.0025079580979820546,0.005563410767291563,0.0028466051719416995,0.0001247226368535318,-0.00602678047810474,0.0006197864207114112,0.04090361295427214,0.03369309132862225,0.0072105216256498905,-0.00821476937125033,0.0008038568953211412,0.0032873097835929748,0.0036357250003465286
46,Transparent work regime absorbing Kingdom bleed-over,0.8179384930421171,0.22175735486462397,0.84,0.7888754757185268,0.4150452039282719,0.78,0.55,0.86,0.92,0.52,0.94,0.5,0.5,0.76,0.88,0.22,17.807248821646237,18.402078697718135,15.93210410852033,0.2652251888150749,0.2712403501197483,0.5932741545440398,0.5330735490881023,0.01491130384220523,0.014035750861949145,0.01817518754438207,0.0097337826850144,0.07111014947624275,0.00023730197558770804,0.0024310311259101995,0.0007338306215145313,0.002002461809250996,0.0025204200429768966,0.0055642435763436325,0.002840577591199859,0.00012429582123274716,-0.0060086969457993425,0.0006145869243862939,0.04103594645739279,0.03364706808164061,0.007388878375752174,-0.008178850069909326,0.0007988721365688118,0.003333168560419384,0.003603689764503845
47,Transparent work regime absorbing Kingdom bleed-over,0.8213183310534183,0.2225511566844235,0.84,0.7807334376048969,0.4186161796692426,0.78,0.55,0.86,0.92,0.52,0.94,0.5,0.5,0.76,0.88,0.22,18.102176333429775,18.706857910740954,16.195975067435125,0.2652251888150749,0.27160883954398,0.5944494473241284,0.534705877761838,0.014953318932903512,0.014022430968847302,0.01822639917290339,0.009725291464903137,0.0714691989879552,0.00023421222123875862,0.0024449045462748933,0.0007198353560690087,0.002012572643500819,0.002533146152996444,0.005564993676111482,0.0028344303347237567,0.00012386129533979874,-0.005990139153178593,0.0006092999385896118,0.04117091023441043,0.03360014303458409,0.007570767199826335,-0.008142038113629856,0.0007938018197995209,0.003379838011301222,0.0035709757409707055
48,Transparent work regime absorbing Kingdom bleed-over,0.8247456629722578,0.22333980141215784,0.84,0.7726291185860018,0.4221537498953515,0.78,0.55,0.86,0.92,0.52,0.94,0.5,0.5,0.76,0.88,0.22,18.394154570095477,19.008589331633544,16.457207316760773,0.2652251888150749,0.2719871727707579,0.595647909223851,0.5363677086359422,0.014996154989229711,0.014008839613062402,0.018278611465378222,0.009716629799880461,0.07183585653219993,0.00023104351323685227,0.002459044265856005,0.0007056709122286796,0.0020228977199467503,0.00254614192125498,0.005565659892466841,0.002828161894383404,0.0001234189159611122,-0.005971098781556377,0.0006039248420547267,0.041308552353116465,0.03355230587003762,0.007756246483078842,-0.008104319018895113,0.0007886447277343564,0.0034273319188395336,0.0035375702261088975
49,Transparent work regime absorbing Kingdom bleed-over,0.8282213272679311,0.22412320104018563,0.84,0.7645634405597719,0.42565721014743535,0.78,0.55,0.86,0.92,0.52,0.94,0.5,0.5,0.76,0.88,0.22,18.683213024394522,19.30730343831721,16.715827243593164,0.2652251888150749,0.27237531809853566,0.5968698325678259,0.538059589526336,0.015039826047003987,0.013994973924250498,0.01833184152987885,0.009707795730150494,0.07221028081658086,0.00022779296803974539,0.002473455896634021,0.0006913352136357938,0.002033441507794917,0.002559412972966751,0.005566241036315596,0.0028217707412028464,0.00012296853726808936,-0.005951567341819781,0.0005984610302450355,0.041448921885710664,0.03350354621306835,0.007945375672642314,-0.008065678026229935,0.0007833996280277905,0.003475664295673231,0.0035034602520838684
50,Transparent work regime absorbing Kingdom bleed-over,0.8317461766556256,0.22490126631342386,0.84,0.7565373404649265,0.4291258427282997,0.78,0.55,0.86,0.92,0.52,0.94,0.5,0.5,0.76,0.88,0.22,18.969380894150575,19.60303040393404,16.971860971157234,0.2652251888150749,0.27277324169549944,0.5981155136883937,0.5397820782739485,0.015084346411720987,0.013980831018350818,0.018386106803180133,0.009698787277862279,0.07259263437166354,0.00022445759488479709,0.002488145182851456,0.0006768261822289001,0.0020442085839060455,0.00257296506884662,0.005566735903528267,0.002815255325244117,0.0001225100107634749,-0.005931536170689238,0.0005929079165116842,0.04159206893170853,0.03345385363448953,0.008138215297219004,-0.008026100094845418,0.0007780652732382355,0.0035248493876945393,0.0034686325808643294
51,Transparent work regime absorbing Kingdom bleed-over,0.8353210783328957,0.22567390671422918,0.84,0.7485517705677784,0.4325589164263649,0.78,0.55,0.86,0.92,0.52,0.94,0.5,0.5,0.76,0.88,0.22,19.252687085209068,19.8958000998947,17.22533436144566,0.2652251888150749,0.27318090748757756,0.5993852529476925,0.5415357429505183,0.01512973066406881,0.013966407998599894,0.018441425057486544,0.009689602447384961,0.07298308365262111,0.00022103429155228465,0.0025031180043955164,0.0006621417394224756,0.0020552036356578105,0.0025868041087127947,0.005567143274873168,0.0028086140754917804,0.00012204318522657203,-0.005910996426878726,0.0005872649332957952,0.04173804464145817,0.03340321765429464,0.008334826987163535,-0.007985569897148085,0.0007726404008053371,0.003574901677270128,0.003433073698065213
52,Transparent work regime absorbing Kingdom bleed-over,0.838946914219361,0.22644103044726352,0.84,0.7406076987546698,0.4359556862329942,0.78,0.55,0.86,0.92,0.52,0.94,0.5,0.5,0.76,0.88,0.22,19.533160214356975,20.185642098895755,17.476273017831204,0.2652251888150749,0.2735982770443055,0.6006793547596545,0.5433211620688055,0.015175993665585122,0.013951701956590921,0.0184978144073263,0.009680239225598783,0.07338179914385114,0.00021751983995402593,0.0025183803802741613,0.0006472798073532412,0.0020664314638908477,0.002600936135194855,0.005567461915952279,0.00280184539973788,0.00012156790665728397,-0.005889939087152588,0.000581531533376591,0.0418869012402852,0.03335162774526698,0.008535273495018217,-0.007944071813108678,0.0007671237330343268,0.0036258358864652146,0.0033967698066292634
53,Transparent work regime absorbing Kingdom bleed-over,0.8426245811996287,0.22720254442435128,0.84,0.7327061088301845,0.43931539305333644,0.78,0.55,0.86,0.92,0.52,0.94,0.5,0.5,0.76,0.88,0.22,19.810828612213406,20.4725856779068,17.724702287652892,0.2652251888150749,0.2740253094626104,0.6019981276119567,0.5451389247973005,0.015223150564454734,0.013936709973379419,0.01855529331661797,0.009670695582202155,0.0737889554666568,0.00021391090153983418,0.0025339384721883066,0.0006322383101961152,0.0020778969859410563,0.0026153673375503934,0.005567690577139829,0.0027949476844671274,0.0001210840182189586,-0.005868354942275522,0.0005757071911668354,0.042038692053285656,0.033299073336770436,0.00873961871651522,-0.007901589924485319,0.0007615139770877752,0.0036776669802677437,0.0033597068203422686
54,Transparent work regime absorbing Kingdom bleed-over,0.8463549913694383,0.22795835424933636,0.84,0.7248480008212888,0.44263726341051324,0.78,0.55,0.86,0.92,0.52,0.94,0.5,0.5,0.76,0.88,0.22,20.08572032609127,20.756659821127734,17.970647264776364,0.2652251888150749,0.2744619612485841,0.6033418840879663,0.5469896311795185,0.015271216801453161,0.013921429120636292,0.018613880605914998,0.009660969470035034,0.07420473149009013,0.00021020401251399664,0.0025497985882030026,0.0006170151755528597,0.0020896052387609386,0.0026301040555937252,0.005567827993523636,0.0027879192947421164,0.00012059136018001218,-0.005846234592852039,0.0005697914040570544,0.04219347153078708,0.033245543818727005,0.008947927712060072,-0.007858108008895696,0.0007558098249850899,0.0037304101698095856,0.003321870357176812
55,Transparent work regime absorbing Kingdom bleed-over,0.8501390722850197,0.2287083642029465,0.84,0.7170343912875563,0.4459205091429725,0.78,0.55,0.86,0.92,0.52,0.94,0.5,0.5,0.76,0.88,0.22,20.357863122830356,21.03789322291646,18.214132792128602,0.2652251888150749,0.27490818619733554,0.6047109408887257,0.5488738923579658,0.01532020811604085,0.013905856461849355,0.018673595459833856,0.009651058825418835,0.07462931044505729,0.00020639557885362655,0.00256596718652051,0.0006016083359166077,0.0021015613821328133,0.0026451527837402316,0.005567872884849167,0.0027807585740883345,0.00012008976985430951,-0.005823568445051578,0.0005637836938100331,0.04235129527449906,0.03319102854578665,0.00916026672871241,-0.007813609533732495,0.0007500099536101174,0.003784080915581468,0.003283245732459225
56,Transparent work regime absorbing Kingdom bleed-over,0.853977767215658,0.2294524772276737,0.84,0.7092663136376404,0.44916432709482657,0.78,0.55,0.86,0.92,0.52,0.94,0.5,0.5,0.76,0.88,0.22,20.62728449160205,21.316314290687295,18.455183464207316,0.2652251888150749,0.2753639352710209,0.6061056188550317,0.5507923308028699,0.015370140552613052,0.013889989053574307,0.01873445743467197,0.009640961568513037,0.07506288004179142,0.0002024818711203805,0.002582450879358323,0.0005860157302155867,0.0021137707019768465,0.0026605201751700464,0.005567823955466325,0.0027734638443786827,0.00011957908154027604,-0.005800346706215238,0.0005576836080071254,0.04251222006437532,0.033135516841695335,0.009376703222679986,-0.007768077649915931,0.0007441130247272025,0.0038386949306382263,0.003243817951854105
57,Transparent work regime absorbing Kingdom bleed-over,0.8578720353994487,0.2301905949126798,0.84,0.7015448184521633,0.45236789879898726,0.78,0.55,0.86,0.92,0.52,0.94,0.5,0.5,0.76,0.88,0.22,20.894011646686028,21.591951147780424,18.693823629565244,0.2652251888150749,0.275829156475165,0.6075262429896654,0.5527455805457608,0.015421030466910459,0.013873823946736264,0.01879648646622151,0.009630675603688653,0.07550563259080074,0.0001984590190566523,0.0025992564369352713,0.0005702353054394789,0.0021262386137569493,0.0026762130461149324,0.005567679894278911,0.002766033405717198,0.00011905912645871847,-0.0057765593803398955,0.0005514907215479559,0.04267630388621034,0.03307899800386718,0.009597305882343157,-0.0077214951854770635,0.0007381176850060835,0.0038942681837906626,0.0032035717041607095
58,Transparent work regime absorbing Kingdom bleed-over,0.8618228523022289,0.2309226174787358,0.84,0.6938709738131982,0.4555303901529024,0.78,0.55,0.86,0.92,0.52,0.94,0.5,0.5,0.76,0.88,0.22,21.158071530219168,21.864831636302622,18.930077393269592,0.2652251888150749,0.27630379473340755,0.6089731424798418,0.5547342874179944,0.015472894532595982,0.013857358187982772,0.018859702877785767,0.009620198819918685,0.07595776512740463,0.0001943230059569656,0.0026163907915689464,0.0005542650183520022,0.0021389706659877146,0.0026922383802723176,0.005567439374696742,0.0027584655363216363,0.0001185297326893299,-0.005752196263435391,0.000545204638205133,0.04284360595999439,0.0330214613081663,0.00982214465182809,-0.007673844638965117,0.0007320225660559943,0.003950816902780196,0.003162491353915149
59,Transparent work regime absorbing Kingdom bleed-over,0.8658312098796611,0.23164844376320515,0.84,0.6862458656405266,0.45865095108669446,0.78,0.55,0.86,0.92,0.52,0.94,0.5,0.5,0.76,0.88,0.22,21.419490814916976,22.134983319939597,19.163968619336895,0.2652251888150749,0.27678779176082013,0.6104466507199552,0.5567591092943109,0.015525749748003406,0.0138405888210893,0.01892412738840499,0.009609529091185625,0.07641947953997492,0.00019006966280487442,0.0026338610418878416,0.0005381028372934359,0.0021519725438456944,0.0027086033333506726,0.005567101054590313,0.002750758492404508,0.00011799072510585444,-0.005727246938750003,0.0005388249922356344,0.04301418676905225,0.03296289601390467,0.01005129075514758,-0.007625108172671542,0.0007258262844693574,0.004008357577432233,0.0031205609337920525
60,Transparent work regime absorbing Kingdom bleed-over,0.869898116842445,0.23236797120508063,0.84,0.6786705980348631,0.46172871522349385,0.78,0.55,0.86,0.92,0.52,0.94,0.5,0.5,0.76,0.88,0.22,21.678295906767804,22.4024334867402,19.395520933143526,0.2652251888150749,0.2772810859359583,0.6119471053346994,0.5588207163415166,0.015579613443063661,0.013823512888418196,0.018989781121298725,0.009598664276906095,0.07689098270200274,0.00018569466216524904,0.002651674457161666,0.0005217467440769601,0.0021652500728883976,0.0027253152377504646,0.005566663576247973,0.002742910508052141,0.00011744192530988828,-0.005701700771859538,0.0005323514500505785,0.04318810808999095,0.03290329136906184,0.01028481672092911,-0.007575267605663516,0.0007195274418754644,0.004066906962783855,0.003077764136799362
61,Transparent work regime absorbing Kingdom bleed-over,0.8740245989246264,0.23308109583008516,0.84,0.6711462936282445,0.46476279953175303,0.78,0.55,0.86,0.92,0.52,0.94,0.5,0.5,0.76,0.88,0.22,21.934512947700124,22.6672091518728,19.624757723812092,0.2652251888150749,0.27778361217183734,0.6134748482026637,0.5609197912723826,0.015634503286415084,0.01380612743243193,0.019056685612532428,0.009587602222372565,0.07737248660811802,0.00018119351182137945,0.002669838481753483,0.0005051947359828326,0.0021788092228846034,0.002742381607385224,0.005566125566335468,0.0027349197951012753,0.00011688315156329177,-0.005675546905614811,0.0005257837119451292,0.04336543302348448,0.032842636615732494,0.010522796407751986,-0.007524304406618592,0.0007131246250045306,0.0041264820821814005,0.0030340843082592083
62,Transparent work regime absorbing Kingdom bleed-over,0.8782116991549694,0.23378771223584768,0.84,0.6636740939417921,0.467752303969321,0.78,0.55,0.86,0.92,0.52,0.94,0.5,0.5,0.76,0.88,0.22,22.18816781822312,22.929337060354072,19.85170214657397,0.2652251888150749,0.27829530178603396,0.6150302254804998,0.5630570296048519,0.015690437292703995,0.013788429497261598,0.01912486281991601,0.009576340759212173,0.07786420851419164,0.00017656154814585265,0.0026883607396974065,0.0004884448278545817,0.0021926561117596366,0.0027598101426473086,0.0055654856358577295,0.0027267845430126517,0.00011631421871918843,-0.005648774254942261,0.0005191215138903423,0.04354622602592304,0.03278092099580827,0.010765305030114775,-0.00747219968645238,0.0007066164057625386,0.004187100230343086,0.0029895044375679715
63,Transparent work regime absorbing Kingdom bleed-over,0.8824604781313511,0.23448771357716494,0.84,0.656255159751062,0.47069631111904897,0.78,0.55,0.86,0.92,0.52,0.94,0.5,0.5,0.76,0.88,0.22,22.43928614004089,23.188843689750534,20.07637712510823,0.2652251888150749,0.2788160823701431,0.6166135876277785,0.5652331399266489,0.01574743383008247,0.013770416130331444,0.019194335132142797,0.009564877705862508,0.07836637108165721,0.0001717939291936711,0.0027072490394057735,0.0004714950543015564,0.002206797009659467,0.0027776087355232213,0.005564742380122777,0.0027185029187410032,0.00011573493815152607,-0.005621371501492086,0.0005123646293888062,0.04373055294195693,0.03271813375689963,0.011012419185057298,-0.007418934190730139,0.0007000013413172679,0.004248778976381642,0.0029440071497279876
64,Transparent work regime absorbing Kingdom bleed-over,0.8867720142981328,0.23518099155136088,0.84,0.648890671459209,0.4735938858156923,0.78,0.55,0.86,0.92,0.52,0.94,0.5,0.5,0.76,0.88,0.22,22.687893278640477,23.44575525285303,20.298805353857148,0.2652251888150749,0.27934587765883917,0.6182252894326596,0.5674488441653798,0.01580551162791036,0.013752084384040242,0.01926512537817741,0.00955321086806422,0.07887920252619307,0.000166885627505563,0.002726511378509806,0.00045434347201234475,0.0022212383431375973,0.002795785474863487,0.005563894378707529,0.0027100730666007947,0.00011514511768317592,-0.005593327088128012,0.0005055128713959802,0.04391848103796536,0.03265426415850428,0.01126421687946108,-0.007364488291852991,0.000693277974195933,0.004311536166781665,0.002897574696643293
65,Transparent work regime absorbing Kingdom bleed-over,0.891147404226459,0.23586743638375574,0.84,0.6415818294782002,0.4764440747638635,0.78,0.55,0.86,0.92,0.52,0.94,0.5,0.5,0.76,0.88,0.22,22.93401434585407,23.7000977003245,20.519009300318576,0.2652251888150749,0.2798846073988193,0.6198656900385121,0.5697048778642203,0.01586468978466907,0.013733431317500237,0.01933725683690177,0.009541338039370292,0.0794029367709127,0.00016183142260889704,0.0027461559488380074,0.00043698816218374356,0.0022359866994689018,0.00281434865181231,0.005562940195425322,0.0027014931081269854,0.00011454456151254456,-0.005564629213252542,0.0004985660943091926,0.044110079036482834,0.03258930147842832,0.011520777558054515,-0.00730884198100878,0.0006864448323948423,0.00437538992832616,0.0028501889481712507
66,Transparent work regime absorbing Kingdom bleed-over,0.8955877628974254,0.23654693681325725,0.84,0.634329854618323,0.47924590614678525,0.78,0.55,0.86,0.92,0.52,0.94,0.5,0.5,0.76,0.88,0.22,23.17767420239553,23.951896723321255,20.73701120731539,0.2652251888150749,0.2804321872179281,0.6215351529716324,0.5720019904632815,0.015924987776094836,0.013714453998334404,0.019410753247028623,0.009529257001671657,0.07993781360421595,0.00015662589320304695,0.0027661911415366165,0.0004194272330701425,0.0022510488310947215,0.002833306765402436,0.005561878378294934,0.0026927611419300486,0.00011393307013867447,-0.00553526582496122,0.000491524196026318,0.044305417151616254,0.032523235019466176,0.011782182132150078,-0.007251974859877132,0.0006795004295015042,0.004440358670966365,0.0028018313829217155
67,Transparent work regime absorbing Kingdom bleed-over,0.9000942239880542,0.23721938007808685,0.84,0.6271359884862455,0.48199838922558014,0.78,0.55,0.86,0.92,0.52,0.94,0.5,0.5,0.76,0.88,0.22,23.41889746037157,24.201177756088043,20.952833095242237,0.2652251888150749,0.2809885284947937,0.6232340461702297,0.5743409455867454,0.015986425463539792,0.0136951495045326,0.01948563881729275,0.009516965525738892,0.08048407884246152,0.00015126340901546522,0.00278662555233671,0.0004016588226583699,0.002266431660203716,0.0028526685283209023,0.005560707459510777,0.002683875243544375,0.00011331044028480838,-0.005505224615019059,0.0004843871200762076,0.04450456712548834,0.032456054116346035,0.012048513009142302,-0.007193866132077495,0.0006724432648295988,0.004506461090628811,0.0027524830787948986
68,Transparent work regime absorbing Kingdom bleed-over,0.9046679401600073,0.23788465190165412,0.84,0.6200014938918968,0.48470051392882896,0.78,0.55,0.86,0.92,0.52,0.94,0.5,0.5,0.76,0.88,0.22,23.657708485767856,24.447965978527165,21.166496764289814,0.2652251888150749,0.28155353822933493,0.6249627420148479,0.5767225213358627,0.01604902310256932,0.013675514926367196,0.01956193823693015,0.009504461371779552,0.08104198449762592,0.00014573812231410122,0.0028074679869726188,0.0003836811014732424,0.002282142283453146,0.002872442872851514,0.00555942595541403,0.0026748334652691437,0.00011267646482039337,-0.0054744930126520526,0.000477154857823017,0.0447076022657435,0.03238774814294657,0.01231985412279693,-0.007134494594348631,0.0006652718235672512,0.00457371617195312,0.002702124703248811
69,Transparent work regime absorbing Kingdom bleed-over,0.9093100833509612,0.23854263647859314,0.84,0.6129276552644498,0.4873512504321156,0.78,0.55,0.86,0.92,0.52,0.94,0.5,0.5,0.76,0.88,0.22,23.894131400910176,24.692286318741893,21.378023796646914,0.2652251888150749,0.2821271189145269,0.626721617360424,0.5791475105879043,0.016112801351804776,0.013655547368368777,0.01963967668645633,0.009491742290010713,0.08161178895012286,0.0001400439590611554,0.0028287274667566347,0.00036549227551925306,0.00229818797683546,0.002892638957000241,0.005558032366464322,0.002665633836000653,0.0001120309326814999,-0.005443058178146234,0.00046982745074663655,0.04491459748415516,0.03231830651979185,0.012596290964363308,-0.00707383862744701,0.0006579845769390314,0.004642143190953891,0.0026507365032866306
70,Transparent work regime absorbing Kingdom bleed-over,0.9140218450685608,0.23919321646097524,0.84,0.6059157790776987,0.48994954872726953,0.78,0.55,0.86,0.92,0.52,0.94,0.5,0.5,0.76,0.88,0.22,24.12819008690107,24.934163455554476,21.587435558680447,0.2652251888150749,0.28270916840985005,0.6285110535701881,0.5816167213011569,0.016177781282021002,0.013635243951362258,0.019718879848755123,0.00947880602124617,0.08219375712696303,0.00013417460969248108,0.0028504132343150786,0.00034709058936404215,0.002314576200695279,0.002913266170809892,0.005556525177211611,0.0026562743610550007,0.00011137362878963204,-0.005410906996246352,0.0004624049928015016,0.04512562933637385,0.032247718721830215,0.012877910614543638,-0.007011876186751099,0.0006505799823821079,0.004711761717599568,0.002598298295153981
71,Transparent work regime absorbing Kingdom bleed-over,0.9188044366868617,0.23983627294471224,0.84,0.5989671942851409,0.49249433818100524,0.78,0.55,0.86,0.92,0.52,0.94,0.5,0.5,0.76,0.88,0.22,24.359908186032058,25.17362182099893,21.79475320309364,0.2652251888150749,0.28329957981687587,0.6303314365516306,0.5841309768260539,0.01624398438550856,0.013614601814563906,0.0197995739204902,0.009465650297497677,0.08278816068544254,0.00012812351950623356,0.002872534759491084,0.0003284743293694996,0.0023313146049020617,0.002934334142870744,0.005554902856267857,0.00264675302197997,0.00011070433396890447,-0.0053780260693459874,0.00045488763285613345,0.04534077606285884,0.03217597428650395,0.013164801776354894,-0.006948584792557801,0.000643056483736998,0.00478259161830097,0.0025447894537356935
72,Transparent work regime absorbing Kingdom bleed-over,0.9236590897451635,0.24047168545616557,0.84,0.5920832527650846,0.49498452708264623,0.78,0.55,0.86,0.92,0.52,0.94,0.5,0.5,0.76,0.88,0.22,24.589309104171736,25.410685602788945,21.999997671062705,0.2652251888150749,0.2838982413574845,0.632183156794781,0.586691116222528,0.016311432585711064,0.013593618117739483,0.0198817856238519,0.00945227284258951,0.08339527820255621,0.00012188387864362377,0.0028951017454196515,0.00030964182707656965,0.0023484110341839832,0.002955852747034091,0.005553163856277983,0.002637067776354809,0.00011002282486156306,-0.005344401710460265,0.0004472755772158382,0.04556011763103648,0.03210306282211576,0.013457054808920718,-0.006883941520056324,0.0006354125114533295,0.004854653058301762,0.0024901889016409667
73,Transparent work regime absorbing Kingdom bleed-over,0.9285870562491264,0.24109933193897662,0.84,0.5852653297761203,0.4974190021806118,0.78,0.55,0.86,0.92,0.52,0.94,0.5,0.5,0.76,0.88,0.22,24.816416013130016,25.645378746761057,22.203189694352076,0.2652251888150749,0.28450503625524365,0.6340666094130611,0.5892979945836785,0.016380148247148618,0.013572290043423802,0.019965542218652745,0.009438671372785593,0.08401539537034099,0.00011544861164385248,0.0029181241347807645,0.000290591462750048,0.0023658735336288023,0.002977832109335966,0.005551306613889674,0.0026272165575765556,0.0001093288738418248,-0.005310019935972088,0.00043956909223107483,0.04578373577873167,0.032028974016498575,0.013754761762233093,-0.006817922988964173,0.000627646482811053,0.004927966503962867,0.0024344750979655547
74,Transparent work regime absorbing Kingdom bleed-over,0.9335896089740587,0.24171908874113415,0.84,0.5785148244233113,0.4997966282073307,0.78,0.55,0.86,0.92,0.52,0.94,0.5,0.5,0.76,0.88,0.22,25.041251852998716,25.87772495929345,22.404349797408557,0.2652251888150749,0.2851198426205189,0.635982194186991,0.5919524833658362,0.01645015418563869,0.01355061479920188,0.020050871514785528,0.009424843597428276,0.08464880519736236,0.00010881036655448209,0.002941612116236612,0.0002713216690898958,0.0023837103543577244,0.0030002826151386093,0.005549329549721435,0.0026171972746314364,0.00010862224892801442,-0.005274866458142276,0.0004317685069940898,0.04601171405892024,0.031953697645995024,0.014058016412925214,-0.006750505352809039,0.0006197568021575296,0.005002552724932375,0.0023776260267188874
75,Transparent work regime absorbing Kingdom bleed-over,0.938668041770251,0.24233083060229507,0.84,0.5718331601354719,0.5021162473922343,0.78,0.55,0.86,0.92,0.52,0.94,0.5,0.5,0.76,0.88,0.22,25.263839334468727,26.107747709700515,22.60349829943447,0.2652251888150749,0.28574253333992755,0.6379303156110523,0.5946554707251124,0.016521473678826476,0.013528589620051684,0.020137801885058676,0.009410787219587805,0.08529580821656754,0.000101961503577647,0.0029655761310592144,0.00025183093511582807,0.0024019299593785425,0.003023214916497589,0.005547231068328303,0.002607007811849752,0.00010790271369297509,-0.005238926677373441,0.0004238742161265122,0.04624413788585245,0.03187722358475285,0.014366914301099598,-0.006681664287839361,0.0006117418611609121,0.0050784327961922076,0.00231961918490363
76,Transparent work regime absorbing Kingdom bleed-over,0.9438236698702235,0.24293443064137532,0.84,0.5652217851539264,0.5043766789624687,0.78,0.55,0.86,0.92,0.52,0.94,0.5,0.5,0.76,0.88,0.22,25.48420094112404,26.335470232603512,22.800655316440125,0.2652251888150749,0.28637297597079175,0.6399113829440329,0.5974078618605184,0.01659413047703746,0.013506211770748521,0.02022636227842423,0.00939649993672139,0.08595671269973865,9.489408323160432e-05,0.002990026879955057,0.00023211781023218102,0.0024205410296246404,0.0030466399397628577,0.005545009558164578,0.002596646028642556,0.00010717002717273,-0.005202185674217007,0.00041588668266069145,0.046481094582600586,0.03179954181434264,0.014681552768257944,-0.006611374981545508,0.0006036000390802396,0.005155628099972454,0.002260431570234425
77,Transparent work regime absorbing Kingdom bleed-over,0.9490578301977473,0.24352976034442797,0.84,0.5586821730331538,0.5065767186309509,0.78,0.55,0.86,0.92,0.52,0.94,0.5,0.5,0.76,0.88,0.22,25.702358931712798,26.560915530277477,22.995840763275723,0.2652251888150749,0.28701103264129063,0.6419258102631957,0.6002105793637358,0.016668148814465225,0.013483478548330992,0.02031658223361455,0.00938197944134071,0.08663183487878891,8.75998540061844e-05,0.003014975330093584,0.00021218090848031484,0.0024395524701866953,0.0030705688934223488,0.005542663391542861,0.00258610975921833,0.00010642394377337355,-0.005164628201112216,0.000407806441017681,0.046722673430085446,0.03172064243370427,0.015002030996381178,-0.006539612120772545,0.0005953297030526605,0.005234160327523767,0.002200039668482127
78,Transparent work regime absorbing Kingdom bleed-over,0.9543718816784853,0.24411668955282614,0.84,0.5522158231537494,0.5087151380713799,0.78,0.55,0.86,0.92,0.52,0.94,0.5,0.5,0.76,0.88,0.22,25.918335342395668,26.7841063749747,23.189074355642965,0.2652251888150749,0.2876565599570613,0.6439740165226444,0.6030645635756171,0.01674355342070849,0.013460387284628283,0.02040849189320465,0.009367223421686529,0.08732149917415712,8.007023948970932e-05,0.0030404327223467614,0.00019201891298606166,0.0024589734167442642,0.0030950132761971643,0.005540190924588605,0.002575396812277704,0.00010566421317617074,-0.0051262386738453155,0.00039963410008486705,0.04696896571763953,0.031640515669428215,0.015328450048211317,-0.0064663498794043685,0.0005869292083981793,0.005314051480738001,0.0021384194404289935
79,Transparent work regime absorbing Kingdom bleed-over,0.959767205552092,0.2446950864517685,0.84,0.5458242612481513,0.5107906843797997,0.78,0.55,0.86,0.92,0.52,0.94,0.5,0.5,0.76,0.88,0.22,26.13215198897171,27.005065311224957,23.380375612086535,0.2652251888150749,0.28830940891504425,0.6460564256162762,0.6059707729494989,0.016820369532671877,0.013436935348848591,0.020502122018117876,0.009352229562409076,0.08802603843056606,7.229632494391322e-05,0.0030664105787472,0.00017163058061000046,0.00247881324220474,0.003119984885397766,0.005537590497189414,0.0025645049706841927,0.00010489058024084342,-0.005087001162716684,0.0003913703463963726,0.04722006479516739,0.03155915188637849,0.015660912908788897,-0.006391561905598135,0.0005783968989423354,0.005395323873606694,0.0020755463084198085
80,Transparent work regime absorbing Kingdom bleed-over,0.9652452056855987,0.2452648175591257,0.84,0.5395090399396048,0.5128020795222927,0.78,0.55,0.86,0.92,0.52,0.94,0.5,0.5,0.76,0.88,0.22,26.343830469081993,27.22381465811271,23.569763855965668,0.2652251888150749,0.28896942482542426,0.6481734664457437,0.6089301844213985,0.01689862290684566,0.01341312015022827,0.02059750400259355,0.009336995545252628,0.08874579416042348,6.426884330230802e-05,0.0030929207101726966,0.00015101474680861046,0.002499081563557525,0.0031454958255510584,0.005534860432938141,0.002553431991108724,0.00010410278490702374,-0.00504689938340283,0.00038301594741948656,0.04747606612696642,0.03147654159866288,0.01599952452830354,-0.0063152213085465436,0.0005697311073571889,0.005478000133506687,0.002011395142493019
81,Transparent work regime absorbing Kingdom bleed-over,0.9708073088879003,0.2458257477146467,0.84,0.5332717392948603,0.514748019768368,0.78,0.55,0.86,0.92,0.52,0.94,0.5,0.5,0.76,0.88,0.22,26.553392164391173,27.440376511531582,23.75725821740601,0.2652251888150749,0.2896364472425654,0.6503255729938684,0.6119437937871716,0.01697833983198047,0.01338893914074133,0.020694669889635947,0.00932151904974268,0.08948111679515704,5.5978160566294864e-05,0.0031199752242654253,0.0001301703307146343,0.002519788248951622,0.003171558517308671,0.005531999039068885,0.002542175603645657,0.00010330056209385493,-0.005005916687499726,0.00037457175495051007,0.047737067347274335,0.03139267548095756,0.016344391866316775,-0.006237300644744509,0.0005609301555209955,0.005562103202301681,0.0019459402460753048
82,Transparent work regime absorbing Kingdom bleed-over,0.9764549652251485,0.2463777400695436,0.84,0.5271139673911248,0.5166271751095902,0.78,0.55,0.86,0.92,0.52,0.94,0.5,0.5,0.76,0.88,0.22,26.76085824274726,27.654772746416267,23.94287763523195,0.2652251888150749,0.2903103099059024,0.6525131844039795,0.6150126160866981,0.017059547142173715,0.013364389817868716,0.02079365238696522,0.009305797753873971,0.0902323659447877,4.7414260572122294e-05,0.003147586533594349,0.00010909634044526954,0.0025409434250052224,0.003198185706647248,0.005529004606384833,0.0025307335113978107,0.00010248364159772097,-0.004964036052733115,0.0003660387086235532,0.048003168317612775,0.03130754438019187,0.016695623937420905,-0.006157771903735435,0.0005519923548969296,0.005647656337248145,0.0018791553412222234
83,Transparent work regime absorbing Kingdom bleed-over,0.9821896483368419,0.24692065607647481,0.84,0.5210373608978137,0.5184381886629769,0.78,0.55,0.86,0.92,0.52,0.94,0.5,0.5,0.76,0.88,0.22,26.966249660319786,27.867025018952106,24.126640858879632,0.2652251888150749,0.2909908406917958,0.654736745065677,0.6181376859951649,0.01714227223038522,0.013339469727426787,0.020894484883491382,0.00928982933479746,0.09099991066606068,3.856672910053398e-05,0.0031757673640698623,8.779187864710814e-05,0.0025625574843562687,0.003225390474372056,0.005525875409176887,0.0025191033900278863,0.0001016517479880871,-0.004921240072820804,0.00035741783953597363,0.048274471185999646,0.031221139327600185,0.01705333185839946,-0.006076606493311076,0.0005429160069312087,0.005734683111693385,0.0018110135533866694
84,Transparent work regime absorbing Kingdom bleed-over,0.9880128557523952,0.24745435547994576,0.84,0.5150435856736763,0.5201796760586729,0.78,0.55,0.86,0.92,0.52,0.94,0.5,0.5,0.76,0.88,0.22,27.169587163716585,28.077154768762586,24.308566450290837,0.2652251888150749,0.29167786157743014,0.6569967047075496,0.6213200582215089,0.017226543062400554,0.013314176466454308,0.020997201466334027,0.009273611469504282,0.09178412973946802,2.9424737299623422e-05,0.0032045307636200805,6.625614828703693e-05,0.0025846410934634197,0.0032531862459357344,0.005522609705131908,0.0025072828872735133,0.00010080460050143432,-0.004877510946971121,0.00034871027399431613,0.04855108044810637,0.031133451551146798,0.01741762889695957,-0.005993775224137483,0.0005336994034709455,0.005823207415553364,0.0017414873956960487
85,Transparent work regime absorbing Kingdom bleed-over,0.9939261092079522,0.2479786963071478,0.84,0.5091343373798979,0.5218502248113911,0.78,0.55,0.86,0.92,0.52,0.94,0.5,0.5,0.76,0.88,0.22,27.370891292079417,28.285183221074963,24.488672785787927,0.2652251888150749,0.29237118861788475,0.6592935184974064,0.6245608079140799,0.017312388191261196,0.013288507686157205,0.0211018369384111,0.009257141835504544,0.0925854119555128,1.9977024390023677e-05,0.0032338901111386657,4.4488458698627135e-05,0.0026072052006672407,0.0032815868015846138,0.005519205735229346,0.0024952696224230025,9.994191293327195e-05,-0.004832830469001006,0.0003399172373847854,0.04883310301044,0.031044472488330782,0.017788630522109217,-0.005909248293778341,0.000524340827202051,0.005913253455557069,0.0016705487527181677
86,Transparent work regime absorbing Kingdom bleed-over,0.9999309549631962,0.2484935348592553,0.84,0.5033113421098127,0.523448393675086,0.78,0.55,0.86,0.92,0.52,0.94,0.5,0.5,0.76,0.88,0.22,27.57018237915862,28.491131388864215,24.66697805793005,0.2652251888150749,0.2930706319375756,0.6616276471506108,0.6278610310735799,0.017399836772181775,0.013262461094910239,0.021208426836621278,0.009240418111498738,0.09340415641058061,1.0211879620101903e-05,0.003263859125714469,2.248823189386183e-05,0.00263026104452195,0.0033106062868455545,0.005515661723624956,0.002483061185748707,9.906339352821302e-05,-0.0047871800160563215,0.0003310400581724862,0.049120648255633156,0.0309541937993772,0.018166454456255955,-0.005822995270085277,0.0005148385521074805,0.006004845755243983,0.0015981688636948778
87,Transparent work regime absorbing Kingdom bleed-over,1.0,0.2489987257032014,0.84,0.4975763570358892,0.5249727119803075,0.78,0.55,0.86,0.92,0.52,0.94,0.5,0.5,0.76,0.88,0.22,27.767480555367033,28.695020074975574,24.84350027735075,0.2652251888150749,0.29377599573732754,0.6639995570471411,0.6312218449733286,0.01748891857797545,0.013236034461314715,0.021317007450645763,0.009223437978039359,0.09424077281280308,1.1712343729106052e-07,0.0032944518761538867,2.550091503684944e-07,0.002653820162408535,0.003340259223366932,0.005511975877520206,0.0024706551378947603,9.816874486809994e-05,-0.004740540536916134,0.00032208017203385643,0.049413828109929815,0.030862607380821364,0.01855122072910845,-0.005734985073923438,0.0005051908439461044,0.006098009154700492,0.001524318305221459
88,Transparent work regime absorbing Kingdom bleed-over,1.0,0.24950361030925813,0.84,0.49184355663747176,0.5264978257940333,0.78,0.55,0.86,0.92,0.52,0.94,0.5,0.5,0.76,0.88,0.22,27.962805749813363,28.896869874225818,25.01825727457724,0.2652251888150749,0.294487078318404,0.664299582916762,0.6308410704093108,0.017488811670716545,0.01323446561656498,0.021316877142826866,0.009221900007062842,0.09422648023701163,0.0,0.0032952851048187117,0.0,0.0026534176834742485,0.0033397526389376234,0.005513451892158509,0.0024690858812794966,9.827010705704147e-05,-0.004741055241557424,0.00032241644762077526,0.04941331496409216,0.030859589951743645,0.018553725012348515,-0.005732800398417425,0.0005048846060567338,0.006095530873196816,0.001525113813725782
89,Transparent work regime absorbing Kingdom bleed-over,1.0,0.2500082912296515,0.84,0.48611203669056363,0.5280245641160294,0.78,0.55,0.86,0.92,0.52,0.94,0.5,0.5,0.76,0.88,0.22,28.15617769231523,29.09670117548356,25.19126670183147,0.2652251888150749,0.2952040407405968,0.6645788449689909,0.6304169673402231,0.01748772624775482,0.013233154172554917,0.02131555413538881,0.009220519640722858,0.09420271831029882,0.0,0.003295785825630604,0.0,0.002652748547618015,0.003338910423912232,0.00551497817235755,0.00246762522782516,9.838300329403262e-05,-0.00474207597956451,0.0003228567362396168,0.04940956323664866,0.030857516952994136,0.018552046283654526,-0.005731519946908145,0.0005046809203933826,0.006091977544982219,0.0015267383219961024
90,Transparent work regime absorbing Kingdom bleed-over,1.0,0.25051276231142544,0.84,0.48038189430348993,0.529552885802092,0.78,0.55,0.86,0.92,0.52,0.94,0.5,0.5,0.76,0.88,0.22,28.347615915392076,29.294534163728724,25.362546034813157,0.2652251888150749,0.29592694093367156,0.6648615160912439,0.6299930353670927,0.017486701362797105,0.013231810768908022,0.021314304916908992,0.009219116939932617,0.09417941160480284,0.0,0.0032963012703357414,0.0,0.0026520922307912476,0.0033380843436958277,0.005516494407665478,0.00246614674355612,9.849585398527992e-05,-0.00474305266151105,0.00032329328646566553,0.04940599588699615,0.030855358000513183,0.01855063788648297,-0.005730142387073679,0.0005044710817739275,0.006088461949437119,0.0015283216860626674
91,Transparent work regime absorbing Kingdom bleed-over,1.0,0.2510170173396169,0.84,0.47465322757533884,0.5310827492596875,0.78,0.55,0.86,0.92,0.52,0.94,0.5,0.5,0.76,0.88,0.22,28.537139756238155,29.490388822091436,25.532112574465025,0.2652251888150749,0.296655835075698,0.6651476295936675,0.6295692796584027,0.017485737642832285,0.013230435079177132,0.02131313025161572,0.009217691681590279,0.09415656466656783,0.0,0.0032968316015864344,0.0,0.0026514488610105496,0.003337274559417883,0.0055180004770362156,0.0024646502542468424,9.86086577549332e-05,-0.0047439848296201076,0.000323726049499639,0.04940261482179482,0.030853112199305043,0.018549502622489774,-0.005728666728151069,0.0005042550281914824,0.006084984478459627,0.001529863457595397
92,Transparent work regime absorbing Kingdom bleed-over,1.0,0.25152105003673714,0.84,0.4689261356042699,0.5326141124441601,0.78,0.55,0.86,0.92,0.52,0.94,0.5,0.5,0.76,0.88,0.22,28.72476835867577,29.684284933870522,25.699983448720374,0.2652251888150749,0.2973907798076231,0.6654372190636935,0.6291457054347218,0.017484835720106756,0.013229026774145187,0.021312030910145618,0.0092162436407188,0.09413418207809929,0.0,0.0032973769834053496,0.0,0.0026508185673192763,0.0033364812335002006,0.005519496258339286,0.002463135584221477,9.872141321327706e-05,-0.00474487202227384,0.0003241549760777012,0.04939942196357059,0.03085077864671573,0.018548643316854862,-0.005727091971068993,0.0005040326971202523,0.006081545527145002,0.001531363184472658
93,Transparent work regime absorbing Kingdom bleed-over,1.0,0.25202485406225167,0.84,0.4632007184958394,0.5341469328549322,0.78,0.55,0.86,0.92,0.52,0.94,0.5,0.5,0.76,0.88,0.22,28.91052067508901,29.876242084531818,25.86617561423317,0.2652251888150749,0.2981318322338153,0.665730318366476,0.6287223179691408,0.017483996232136256,0.013227585521819418,0.02131100766955804,0.009214772590462479,0.09411226845842993,0.0,0.0032979375811881388,0.0,0.002650201479789387,0.003335704529659249,0.00552098162835577,0.0024616025563515753,9.883411895661472e-05,-0.0047457137740047105,0.0003245800164694624,0.04939641925074909,0.03084835643241532,0.018548062818333773,-0.00572541710843049,0.0005038040255145296,0.006078145493792895,0.0015328204107720462
94,Transparent work regime absorbing Kingdom bleed-over,1.0,0.2525284230120595,0.84,0.45747707737134125,0.5356811675316945,0.78,0.55,0.86,0.92,0.52,0.94,0.5,0.5,0.76,0.88,0.22,29.09441546833812,30.0662796636865,26.03070585809084,0.2652251888150749,0.2988790499224465,0.6660269616452386,0.6282991225877086,0.017483219821716172,0.013226110987426366,0.021310061313347624,0.009213278302084084,0.09409082846317424,0.0,0.0032985135617056584,0.0,0.002649597729522987,0.0033349446129080982,0.005522456462774501,0.0024600509920542704,9.894677356715198e-05,-0.004746509615487825,0.00032500112047607313,0.04939360863768497,0.03084584463838244,0.01854776399930253,-0.005723641124498144,0.0005035689498078435,0.006074784779913732,0.0015342346767622489
95,Transparent work regime absorbing Kingdom bleed-over,1.0,0.2530317504179718,0.84,0.45175531437615934,0.5372167730505905,0.78,0.55,0.86,0.92,0.52,0.94,0.5,0.5,0.76,0.88,0.22,29.27647131365474,30.25441686704964,26.19359079950993,0.2652251888150749,0.2996324909057098,0.6663271833215264,0.62787612466987,0.01748250713693023,0.013224602833407756,0.021309192631454907,0.009211760544962604,0.09406986678457159,0.0,0.0032991050931057515,0.0,0.0026490074486535363,0.003334201649557949,0.005523920636188516,0.002458480711290963,9.905937561288062e-05,-0.0047472590735344105,0.0003254182374284141,0.049390992094686365,0.030843242338891134,0.01854774975579523,-0.005721762995181877,0.0005033274059122808,0.006071463790234114,0.0015356055188960002
96,Transparent work regime absorbing Kingdom bleed-over,1.0,0.2535348297471898,0.84,0.4460355326881299,0.5387537055203947,0.78,0.55,0.86,0.92,0.52,0.94,0.5,0.5,0.76,0.88,0.22,29.45670660051819,30.440672698379142,26.354846891514832,0.2652251888150749,0.30039221367986096,0.6666310180953606,0.6274533296489037,0.017481858831157562,0.013223060719417312,0.021308402420274916,0.009210219086591634,0.09404938815151725,0.0,0.003299712344914578,0.0,0.0026484307703467263,0.0033334758072192236,0.005525374022091759,0.0024568915325665123,9.917192364746185e-05,-0.00474796167108651,0.0003258313161853902,0.04938857160803425,0.03084054860050007,0.01854802300753418,-0.005719781688029451,0.0005030793292179765,0.006068182932701263,0.0015369324698041988
97,Transparent work regime absorbing Kingdom bleed-over,1.0,0.2540376544017826,0.84,0.4403178365259101,0.5402919205786859,0.78,0.55,0.86,0.92,0.52,0.94,0.5,0.5,0.76,0.88,0.22,29.635139534513005,30.62506597139535,26.514490422599685,0.2652251888150749,0.30115827720507754,0.6669385009452894,0.6270307430123606,0.017481275563078,0.01322148430231849,0.021307691482663635,0.009208653692578422,0.09402939732958056,0.0,0.0033003354880374656,0.0,0.0026478678288009887,0.0033327672548022205,0.005526816492876073,0.0024552832729289667,9.928441621010961e-05,-0.004748616927212929,0.0003262403051323313,0.04938634917999644,0.03083776248204439,0.018548586697952046,-0.005717696162219809,0.0005028246545927881,0.006064942618486405,0.0015382150582912467
98,Transparent work regime absorbing Kingdom bleed-over,1.0,0.25454021771816476,0.84,0.43460233115735075,0.5418313733880176,0.78,0.55,0.86,0.92,0.52,0.94,0.5,0.5,0.76,0.88,0.22,29.811788139167874,30.8076153116814,26.672537518373687,0.2652251888150749,0.3019307409051293,0.6672496671283317,0.6266083703025026,0.01748075799667555,0.013219873236183219,0.021307060627942225,0.009207064126643641,0.09400989912100992,0.0,0.0033009746947592657,0.0,0.0026473187592476392,0.003332076162517286,0.0055282479198284756,0.0024536557479698613,9.939685182547381e-05,-0.004749224357106525,0.0003266451521795066,0.04938432682883611,0.030834883034630178,0.018549443794205932,-0.00571550536855938,0.0005025633163821582,0.006061743261987101,0.0015394528093316533
99,Transparent work regime absorbing Kingdom bleed-over,1.0,0.25504251296657393,0.84,0.42888912290786924,0.5433720186320855,0.78,0.55,0.86,0.92,0.52,0.94,0.5,0.5,0.76,0.88,0.22,29.986670257776193,30.988339158564585,26.82900414318995,0.2652251888150749,0.3027096646668491,0.6675645521798084,0.6261862171167415,0.017480306801239992,0.013218227172291683,0.021306510671899,0.009205450150621849,0.09399089836472399,0.0,0.0033016301387441887,0.0,0.0026467836979506276,0.0033314027018745015,0.005529668173128735,0.0024520087718250985,9.950922900352342e-05,-0.004749783472082856,0.00032704580476075926,0.04938250658881444,0.030831909301631648,0.018550597287182793,-0.005713208249481497,0.0005022952484091772,0.0060585852808284334,0.00154064524406796
100,Transparent work regime absorbing Kingdom bleed-over,1.0,0.2555445333505488,0.84,0.4231783191688202,0.5449138105118956,0.78,0.55,0.86,0.92,0.52,0.94,0.5,0.5,0.76,0.88,0.22,30.15980355519843,31.16725576697894,26.983906101758052,0.2652251888150749,0.30349510883939607,0.667883191913057,0.6257642891080779,0.017479922651366466,0.013216545759133188,0.021306042436788887,0.009203811524462757,0.09397239993628854,0.0,0.0033023019950351056,0.0,0.002646262782205885,0.003330747045682865,0.005531077121847274,0.002450342157176442,9.962154623942967e-05,-0.0047502937795802815,0.0003274422098322637,0.04938089051018724,0.030828840318691358,0.018552050191495886,-0.005710803739049025,0.0005020203839748503,0.006055469095863019,0.0015417918798100504
101,Transparent work regime absorbing Kingdom bleed-over,1.0,0.25604627200640734,0.84,0.4174700284058598,0.5464567027419315,0.78,0.55,0.86,0.92,0.52,0.94,0.5,0.5,0.76,0.88,0.22,30.331205519646446,31.34438320930915,27.13725904074047,0.2652251888150749,0.30428713423330367,0.6682056224190231,0.625342591985539,0.017479606226952972,0.013214828642408156,0.02130565675133041,0.009202148006233271,0.0939544087478778,0.0,0.0033029904400522668,0.0,0.002645756150340239,0.003330109368048921,0.005532474633943398,0.002448655715253652,9.973380201344952e-05,-0.004750754783161578,0.00032783431387141594,0.0493794806591951,0.030825675113723344,0.018553805545471754,-0.0057082907629604045,0.0005017386558585834,0.00605239513116978,0.0015428922300359318
102,Transparent work regime absorbing Kingdom bleed-over,1.0,0.25654772200272624,0.84,0.4117643601673006,0.5480006485463255,0.78,0.55,0.86,0.92,0.52,0.94,0.5,0.5,0.76,0.88,0.22,30.50089346444998,31.51973937721606,27.289078450333065,0.2652251888150749,0.3050858021193031,0.6685318800657256,0.6249211315146178,0.017479358213195757,0.0132130754650313,0.02130535445070005,0.009200459352120358,0.09393692974822078,0.0,0.003303695651591454,0.0,0.0026452639417098977,0.0033294898443748575,0.005533860576263872,0.0024469492558372857,9.984599479080875e-05,-0.00475116598251711,0.00032822206287585993,0.04937827911804711,0.030822412706919485,0.018555866411127626,-0.005705668238559182,0.0005014499963188917,0.006049363814051459,0.0015439458043939867
103,Transparent work regime absorbing Kingdom bleed-over,1.0,0.2570488763398206,0.84,0.40606142509245335,0.5495456006550323,0.78,0.55,0.86,0.92,0.52,0.94,0.5,0.5,0.76,0.88,0.22,30.668884529805478,31.6933419834439,27.439379665829733,0.2652251888150749,0.3058911742269103,0.6688620014975875,0.62449991351771,0.017479179300582372,0.01321128586713603,0.02130513637652379,0.009198745316434793,0.09391996792253055,0.0,0.003304417808821497,0.0,0.00264478629669846,0.003328888651355998,0.005535234814541872,0.0024452225872621924,9.995812302158562e-05,-0.004751526873469652,0.0003286054023626584,0.04937728798489755,0.030819052110759134,0.018558235874138417,-0.005702935074847261,0.000501154337094346,0.0060463755750307675,0.0015449521087068374
104,Transparent work regime absorbing Kingdom bleed-over,1.0,0.25754972794922537,0.84,0.40036133491995146,0.5510915113000091,0.78,0.55,0.86,0.92,0.52,0.94,0.5,0.5,0.76,0.88,0.22,30.835195684507422,31.865208563609464,27.588177869171435,0.2652251888150749,0.3067033127427718,0.669196023634631,0.6240789438745507,0.017479070184882466,0.013209459486080155,0.021305003376865896,0.00919700565161579,0.09390352829241704,0.0,0.003305157092281167,0.0,0.0026443233567144636,0.0033283059669777146,0.0055365972133963,0.0024434755164217266,0.00010007018514059462,-0.004751836947980906,0.00032898427736761243,0.04937650937381554,0.030815592330022176,0.018560917043793364,-0.005700090172501901,0.0005008516094047583,0.006043430847845163,0.0015459106449768182
105,Transparent work regime absorbing Kingdom bleed-over,1.0,0.258050269693178,0.84,0.39466420249605466,0.5526383322114023,0.78,0.55,0.86,0.92,0.52,0.94,0.5,0.5,0.76,0.88,0.22,30.999843727662345,32.035356477973366,27.73548809047972,0.2652251888150749,0.30752228030875306,0.6695339836715255,0.6236582285226506,0.017479031567136035,0.013207595956452912,0.021304956306214567,0.009195240108236604,0.09388761591578157,0.0,0.003305913683875389,0.0,0.00264387526418841,0.0033277419705116857,0.005537947636331511,0.0024417078487727287,0.0001001821795672704,-0.004752095694159824,0.00032935863244474076,0.04937594541474703,0.03081203236180577,0.018563913052941264,-0.005697132423896826,0.00050054174395263,0.006040530069440143,0.0015468209113931905
106,Transparent work regime absorbing Kingdom bleed-over,1.0,0.2585504943641029,0.84,0.38897014178292727,0.5541860146137435,0.78,0.55,0.86,0.92,0.52,0.94,0.5,0.5,0.76,0.88,0.22,31.16284529038572,32.203802913193634,27.88132520957492,0.2652251888150749,0.3083481400197653,0.6698759190764879,0.6232377734577305,0.01747906415363918,0.013205694910083379,0.021304996025464637,0.009193448435011065,0.09387223588669344,0.0,0.0033066877668707765,0.0,0.0026434421625692876,0.0033271968425115225,0.00553928594573745,0.002439919388341273,0.00010029410470555216,-0.0047523025962727524,0.00032972841166592086,0.04937559825346911,0.03080837119554464,0.018567227057924473,-0.005694060713127376,0.0005002246709248591,0.0060376736799610696,0.0015476824023411247
107,Transparent work regime absorbing Kingdom bleed-over,1.0,0.25905039468409763,0.84,0.3832792678668872,0.5557345092221561,0.78,0.55,0.86,0.92,0.52,0.94,0.5,0.5,0.76,0.88,0.22,31.324216837481863,32.3705648840617,28.025703957479173,0.2652251888150749,0.3091809554213156,0.6702218675900261,0.6228175847341536,0.01747916865592719,0.013203755976050363,0.02130512340189687,0.009191630378801172,0.09385739333524673,0.0,0.003307479525890423,0.0,0.0026430241963205483,0.0033266707648076962,0.005540612002890222,0.002438109937729243,0.00010040595894376832,-0.004752457134755537,0.00033009355862070346,0.04937547005153618,0.03080460781303547,0.018570862238500713,-0.005690873916040047,0.0004999003199947264,0.006034862122743373,0.0015484946084125342
108,Transparent work regime absorbing Kingdom bleed-over,1.0,0.2595499633044218,0.84,0.3775916969666207,0.5572837662385749,0.78,0.55,0.86,0.92,0.52,0.94,0.5,0.5,0.76,0.88,0.22,31.48397466910704,32.53565923522108,28.16863891790438,0.2652251888150749,0.31002079050677156,0.6705718672235208,0.6223976684653579,0.017479345790754847,0.013201778780693764,0.021305339309154035,0.009189785684625714,0.09384309342739756,0.0,0.003308289146907963,0.0,0.0026426215109155156,0.0033261639205017677,0.005541925667953108,0.0024362792981217477,0.00010051774065452172,-0.0047525587862276095,0.00033045401641630483,0.049375562986217696,0.030800741188465163,0.018574821797752532,-0.005687570900266497,0.0004995686203241672,0.0060320958443011545,0.0015492570164188503
109,Transparent work regime absorbing Kingdom bleed-over,1.0,0.26004919280498817,0.84,0.3719075464413584,0.5588337353479806,0.78,0.55,0.86,0.92,0.52,0.94,0.5,0.5,0.76,0.88,0.22,31.64213492241597,32.699102642868866,28.31014452872534,0.2652251888150749,0.310867709714329,0.6709259562576373,0.6219780308242856,0.017479596280073874,0.013199762947627543,0.021305644627213367,0.009187914095670017,0.09382934136478036,0.0,0.0033091168172408405,0.0,0.002642234252832215,0.003325676493959875,0.005543226799978061,0.002434427269295428,0.00010062944819457518,-0.004752607023508189,0.00033080972767778787,0.04937587925042709,0.030796770288443416,0.018579108961983677,-0.00568415052526228,0.0004992295005663453,0.006029375294314054,0.0015499691094058002
110,Transparent work regime absorbing Kingdom bleed-over,1.0,0.2605480756938567,0.84,0.3662269347990081,0.5603843657146509,0.78,0.55,0.86,0.92,0.52,0.94,0.5,0.5,0.76,0.88,0.22,31.798713573191808,32.86091161644018,28.450235083438084,0.2652251888150749,0.3117217779236701,0.6712841732405639,0.6215586780438099,0.01747992085100738,0.013197708097754293,0.021306040242355426,0.009186015353296818,0.09381614238450249,0.0,0.0033099627255427657,0.0,0.00264186256954759,0.0033252086708054555,0.005544515256907685,0.0024325536496276725,0.0001007410799047378,-0.0047526013156346395,0.0003311606345484365,0.04937642105264165,0.03079269407203964,0.01858372698060201,-0.0056806116423503685,0.0004988828888685339,0.006026700925612374,0.0015506303666702867
111,Transparent work regime absorbing Kingdom bleed-over,1.0,0.261046604406732,0.84,0.36054998170423824,0.5619356059784303,0.78,0.55,0.86,0.92,0.52,0.94,0.5,0.5,0.76,0.88,0.22,31.95372643745989,33.021102500275774,28.588924732603704,0.2652251888150749,0.31258306045230216,0.6716465569860671,0.6211396164171603,0.017480320235821172,0.013195613849281527,0.02130652704712917,0.009184089197058334,0.09380350175891655,0.0,0.003310827061795332,0.0,0.00264150660953109,0.0033247606379111757,0.0055457908955777275,0.002430658236106787,0.00010085263410975193,-0.004752541127883091,0.00033150667869033437,0.049377190616812776,0.030788511490824465,0.01858867912598831,-0.005676953094769826,0.0004985287128753209,0.006024073194160327,0.0015512402637794232
112,Transparent work regime absorbing Kingdom bleed-over,1.0,0.26154477130646414,0.84,0.3548768079865086,0.5634874042510222,0.78,0.55,0.86,0.92,0.52,0.94,0.5,0.5,0.76,0.88,0.22,32.10718917308529,33.17969147527301,28.72622748527767,0.2652251888150749,0.3134516230515628,0.6720131465713577,0.6207208522983451,0.017480795171891897,0.01319347981773971,0.02130710594031305,0.009182135364709569,0.09379142479536931,0.0,0.003311710017298756,0.0,0.0026411665222376,0.003324332583390028,0.005547053571720108,0.002428740824343159,0.00010096410911818055,-0.0047524259217914195,0.00033184780128515517,0.0493781901822665,0.030784221488915884,0.01859396869335062,-0.0056731737177296475,0.0004981668997321501,0.006021492559037413,0.0015517982725918456
113,Transparent work regime absorbing Kingdom bleed-over,1.0,0.2620425686825533,0.84,0.3492075356480405,0.5650397081123035,0.78,0.55,0.86,0.92,0.52,0.94,0.5,0.5,0.76,0.88,0.22,32.259117281354435,33.33669456052028,28.862157210424893,0.2652251888150749,0.31432753190227847,0.6723839813347611,0.6203023921025701,0.017481346401671764,0.01319130561600213,0.02130777782687207,0.009180153592222897,0.09377991683592642,0.0,0.003312611784661705,0.0,0.002640842458099688,0.0033239246965855803,0.005548303139966481,0.0024268012085814387,0.00010107550322229584,-0.004752255155184636,0.000332183943035174,0.04937942200359377,0.030779823003030417,0.018599599000563353,-0.005669272338468115,0.0004977973760892091,0.006018959482417768,0.0015523038612813465
114,Transparent work regime absorbing Kingdom bleed-over,1.0,0.262539988750659,0.84,0.34354228787172275,0.5665924646066665,0.78,0.55,0.86,0.92,0.52,0.94,0.5,0.5,0.76,0.88,0.22,32.40952610854089,33.49212761491507,28.996727638320646,0.2652251888150749,0.31521085361006707,0.6727591008731838,0.6198842423066552,0.017481974672649815,0.013189090854306676,0.021308543617910576,0.009178143613803976,0.09376898325707209,0.0,0.0033135325577901844,0.0,0.00264053456851915,0.0033235371680613275,0.005549539453852401,0.0024248391817137944,0.0001011868146979684,-0.004752028282202836,0.00033251504416450736,0.04938088835053006,0.030775314962539324,0.018605573387990737,-0.005665247776317775,0.0004974200681056793,0.006016474429547477,0.0015527564943629752
115,Transparent work regime absorbing Kingdom bleed-over,1.0,0.26303702365211334,0.84,0.3378811890289464,0.5681456202393881,0.78,0.55,0.86,0.92,0.52,0.94,0.5,0.5,0.76,0.88,0.22,32.558430847455476,33.646006338765915,29.12995236193744,0.2652251888150749,0.3161016552002664,0.673138545039368,0.6194664094494464,0.017482680737309565,0.013186835140279574,0.021309404230620586,0.00917610516190906,0.09375862946938265,0.0,0.0033144725318754445,0.0,0.0026402430058578156,0.003323170189589121,0.005550762365822063,0.002422854535294271,0.00010129804180455737,-0.004751744753331771,0.0003328410444205941,0.04938259150782389,0.030770696289530112,0.01861189521829378,-0.005661098842776337,0.0004970349014543623,0.006014037868719731,0.00155315563272163
116,Transparent work regime absorbing Kingdom bleed-over,1.0,0.26353366545344004,0.84,0.33222436468736277,0.5696991209730314,0.78,0.55,0.86,0.92,0.52,0.94,0.5,0.5,0.76,0.88,0.22,32.70584653898092,33.79834627537825,29.261844838318066,0.2652251888150749,0.3170000041124786,0.6735223539389278,0.6190489001322248,0.017483465353082914,0.013184538078961175,0.02131036058822565,0.009174037967263717,0.09374886091717317,0.0,0.003315431903380865,0.0,0.0026399679234275965,0.0033228239541366437,0.005551971727233674,0.002420847059554288,0.00010140918278480177,-0.004751404015436119,0.00033316188307592364,0.049384533775094094,0.030765965898873576,0.01861856787622052,-0.005656824341583643,0.0004966418013266927,0.006011650271247773,0.0015535007336433056
117,Transparent work regime absorbing Kingdom bleed-over,1.0,0.2640299061458782,0.84,0.32657194161855785,0.5712529122238805,0.78,0.55,0.86,0.92,0.52,0.94,0.5,0.5,0.76,0.88,0.22,32.85178807359111,33.949162812624465,29.392418389934885,0.2652251888150749,0.3179059681947141,0.673910567927158,0.6186317210191103,0.017484329282300135,0.013182199272833858,0.021311413619919877,0.009171941758883048,0.093739683078116,0.0,0.0033164108700278008,0.0,0.002639709475479747,0.0033224986558538913,0.005553167388365466,0.0024188165434193367,0.00010152023586471283,-0.004751005511795625,0.0003334774989300227,0.04938671746667508,0.03076112269829645,0.018625594768378627,-0.005652423068804924,0.0004962406924381552,0.0060093121114355354,0.0015537912508490409
118,Transparent work regime absorbing Kingdom bleed-over,1.0,0.26452573764491233,0.84,0.32092404780563716,0.5728069388584123,0.78,0.55,0.86,0.92,0.52,0.94,0.5,0.5,0.76,0.88,0.22,32.9962701928552,34.098471184498216,29.521686206035536,0.2652251888150749,0.31881961569712275,0.674303227605607,0.6182148788374623,0.017485273292135853,0.013179818321852145,0.021312564260802087,0.00916981626409345,0.09373110146283038,0.0,0.003317409630780316,0.0,0.002639467817193304,0.003322194490058624,0.005554349198422383,0.0024167627745269008,0.00010163119925346754,-0.004750548682144127,0.00033378783031171174,0.049389144911449814,0.030756165588460057,0.018632979322989757,-0.005647893812920713,0.0004958314990341221,0.0060070238665458926,0.0015540266345316967
119,Transparent work regime absorbing Kingdom bleed-over,1.0,0.26502115178980845,0.84,0.3152808124507137,0.574361145189808,0.78,0.55,0.86,0.92,0.52,0.94,0.5,0.5,0.76,0.88,0.22,33.13930749092665,34.24628647265323,29.64966134397518,0.2652251888150749,0.31974101526529425,0.6747003738184058,0.6177983803782736,0.017486298154550804,0.013177394823475096,0.021313813451804837,0.009167661208555966,0.09372312161444184,0.0,0.003318428385828805,0.0,0.0026392431046626825,0.003321911653220753,0.005555517005543464,0.0024146855392456613,0.00010174207114330357,-0.0047500329627116755,0.0003340928150816407,0.049391818452670065,0.030751093463045134,0.01864072498962493,-0.005643235354923457,0.0004954141448961217,0.0060047860167664275,0.0015542063313956592
120,Transparent work regime absorbing Kingdom bleed-over,1.0,0.265516140343157,0.84,0.3096423659822925,0.5759154749745076,0.78,0.55,0.86,0.92,0.52,0.94,0.5,0.5,0.76,0.88,0.22,33.28091441601738,34.392623607926694,29.776356730535426,0.2652251888150749,0.3206702359331177,0.6751020476483454,0.6173822324965609,0.017487404646229342,0.013174928372701036,0.021315162139618225,0.009165476316291289,0.0937157491081107,0.0,0.0033194673365724335,0.0,0.002639035494884398,0.0033216503429456257,0.005556670656809934,0.002412584622696007,0.0001018528497094155,-0.00474945778626973,0.00033439239063511256,0.04939474044776357,0.030745905208842794,0.018648835238920775,-0.005638446468421187,0.0004949885533485541,0.006002599045172656,0.0015543297846995607
121,Transparent work regime absorbing Kingdom bleed-over,1.0,0.2660106949904229,0.84,0.304008840062544,0.5774698714088097,0.78,0.55,0.86,0.92,0.52,0.94,0.5,0.5,0.76,0.88,0.22,33.42110527185721,34.53749737184742,29.90178516323007,0.2652251888150749,0.32160734711517797,0.6755082904126911,0.6169664421117481,0.017488593548512347,0.013172418562104774,0.021316611276608135,0.009163261309706476,0.09370898955052816,0.0,0.003320526685600366,0.0,0.002638845145742873,0.0033214107579561665,0.0055578099982540674,0.002410459808771934,0.00010196353310985266,-0.004748822582179687,0.0003346864939052108,0.04939791326812728,0.030740599705852314,0.018657313562274964,-0.0056335259197485225,0.0004945546472658769,0.006000463437688581,0.0015543964343021554
122,Transparent work regime absorbing Kingdom bleed-over,1.0,0.26650480733950316,0.84,0.2983803675944588,0.5790242771255211,0.78,0.55,0.86,0.92,0.52,0.94,0.5,0.5,0.76,0.88,0.22,33.559894219138634,34.68092239812894,30.02595931159777,0.2652251888150749,0.32255241859867856,0.6759191436587265,0.6165510162080448,0.017489865647325572,0.013169864981877317,0.021318161820728893,0.00916101590962345,0.09370284857937894,0.0,0.003321606636671733,0.0,0.0026386722159953114,0.0033211930980738317,0.005558934874868801,0.002408310880164351,0.00010207411948541849,-0.004748126776444739,0.00033497506136623777,0.04940133929890665,0.030735175827385573,0.01866616347152108,-0.005628472468085193,0.0004941123490802688,0.005998379683044484,0.001554405716711444
123,Transparent work regime absorbing Kingdom bleed-over,1.0,0.26699846892029294,0.84,0.29275708272887646,0.5805786341906582,0.78,0.55,0.86,0.92,0.52,0.94,0.5,0.5,0.76,0.88,0.22,33.697295276947244,34.82291317414765,30.148891718481792,0.2652251888150749,0.32350552053487336,0.6763346491590188,0.6161359618348173,0.017491221733103163,0.013167267219868222,0.021319814735430036,0.009158739835309303,0.09369733186276986,0.0,0.003322707394694319,0.0,0.0026385168652556,0.0033209975641983534,0.005560045130618176,0.002406137618385839,0.00010218460695957163,-0.004747369791765234,0.0003352580290374759,0.049405020938760244,0.030729632440178584,0.01867538849858166,-0.005623284865582322,0.0004936615807897884,0.005996348272731923,0.0015543570651371378
124,Transparent work regime absorbing Kingdom bleed-over,1.0,0.26749167118426,0.84,0.28713912087137955,0.5821328841002049,0.78,0.55,0.86,0.92,0.52,0.94,0.5,0.5,0.76,0.88,0.22,33.83332232417777,34.96348404240617,30.270594801296973,0.2652251888150749,0.32446672342998684,0.6767548489063914,0.615721286106954,0.01749266260070617,0.01316462486163066,0.021321570989557004,0.009156432804508535,0.09369244509862208,0.0,0.003323829165701878,0.0,0.0026383792539771984,0.0033208243582862006,0.005561140608448586,0.002403939803796951,0.00010229499363832886,-0.004746551047597665,0.0003355353324872874,0.049408960599609156,0.03072396840451035,0.018684992195098806,-0.005617961857496898,0.0004932022639670556,0.005994369700955724,0.0015542499095466435
125,Transparent work regime absorbing Kingdom bleed-over,1.0,0.26798440550402847,0.84,0.28152661868904505,0.5836869677769295,0.78,0.55,0.86,0.92,0.52,0.94,0.5,0.5,0.76,0.88,0.22,33.967989100935995,35.10264920198211,30.391080853284002,0.2652251888150749,0.32543609813561053,0.6771797851085996,0.6153069962052216,0.017494189049335935,0.013161937490469282,0.021323431557245545,0.009154094533477222,0.09368819401402688,0.0,0.0033249721568300752,0.0,0.002638259543434997,0.003320673683327744,0.00556222115030092,0.0024017172156340616,0.00010240527761017003,-0.004745669960217407,0.0003358069068375606,0.04941316070637067,0.030718182574329216,0.01869497813204145,-0.005612502182334502,0.0004927343197684588,0.005992444464582962,0.0015540836767246248
126,Transparent work regime absorbing Kingdom bleed-over,1.0,0.26847666317297236,0.84,0.2759197141170443,0.5852408255672658,0.78,0.55,0.86,0.92,0.52,0.94,0.5,0.5,0.76,0.88,0.22,34.10130920992663,35.24042270996229,30.51036204475116,0.2652251888150749,0.32641371583855516,0.677609500182695,0.6148930993766161,0.017495801882442166,0.013159204687490988,0.021325397417809696,0.009151724737019237,0.09368458436456321,0.0,0.0033261365762909953,0.0,0.0026381578957061004,0.00332054574332307,0.005563286597123572,0.002399469632038838,0.0001025154569459448,-0.004744725942785285,0.00033607268676851703,0.04941762369667592,0.0307122737973871,0.01870534989928882,-0.005606904572000765,0.0004922576689439182,0.005990573063088803,0.0015538577903362848
127,Transparent work regime absorbing Kingdom bleed-over,1.0,0.2689684354048196,0.84,0.2703185463650826,0.5867943972382603,0.78,0.55,0.86,0.92,0.52,0.94,0.5,0.5,0.76,0.88,0.22,34.233296117827365,35.37681848286266,30.62845042430365,0.2652251888150749,0.3273996480501409,0.6780440367490705,0.6144796029347032,0.017497501907625477,0.013156426031658694,0.021327469555622983,0.009149323128524548,0.09368162193357572,0.0,0.003327322633346154,0.0,0.0026380744736494923,0.003320440743256388,0.005564336788886385,0.0023971968300893916,0.00010262552969878203,-0.0047437184054181705,0.0003363326065238919,0.049422352020570555,0.03070624091538169,0.018716111105188865,-0.005601167751961656,0.0004917722318472136,0.0059887559984990665,0.0015535716709945222
128,Transparent work regime absorbing Kingdom bleed-over,1.0,0.26945971333326646,0.84,0.2647232559236695,0.5883476219745913,0.78,0.55,0.86,0.92,0.52,0.94,0.5,0.5,0.76,0.88,0.22,34.36396315664909,35.511850298034034,30.745357920060613,0.2652251888150749,0.32839396659490755,0.6784834376251744,0.6140665142599515,0.01749928993653428,0.013153601099848197,0.021329648959992727,0.009146889420009695,0.09367931253141214,0.0,0.003328530538277985,0.0,0.0026380094408845656,0.0033203588890689997,0.005565371564595553,0.0023948985858331558,0.00010273549390400092,-0.00474264675526371,0.0003365865999165036,0.049427348140198335,0.030700082764107108,0.018727265376091227,-0.005595290441413121,0.000491277928446906,0.005986993775329448,0.0015532247363310302
129,Transparent work regime absorbing Kingdom bleed-over,1.0,0.2699504880116043,0.84,0.25913398457020936,0.5899004383756629,0.78,0.55,0.86,0.92,0.52,0.94,0.5,0.5,0.76,0.88,0.22,34.4933235250826,35.64553179505369,30.861096340860005,0.2652251888150749,0.32939674359872645,0.6789277458188824,0.6136538408000561,0.017501166784755766,0.013150729466908236,0.02133193662502717,0.009144423322160495,0.09367766199461852,0.0,0.003329760502359734,0.0,0.0026379629617684576,0.003320300387630781,0.005566390762309518,0.002392574674321548,0.00010284534757902506,-0.00474151039657931,0.0003368346003342209,0.04943261452946657,0.030693798173613045,0.018738816355853522,-0.005589271353460152,0.0004907746783378616,0.005985286900521255,0.001552816401071554
130,Transparent work regime absorbing Kingdom bleed-over,1.0,0.2704407504123577,0.84,0.2535508753749036,0.5914527844527782,0.78,0.55,0.86,0.92,0.52,0.94,0.5,0.5,0.76,0.88,0.22,34.62139028983177,35.777876477103156,30.975677377451404,0.2652251888150749,0.33040805147629276,0.6793770045215185,0.6132415900702523,0.017503133271700846,0.013147810705723881,0.02133433354949526,0.009141924544377069,0.0936766761850912,0.0,0.0033310127378237252,0.0,0.0026379352013721686,0.0033202654467101183,0.005567394219155868,0.002390224869646481,0.00010295508872329886,-0.004740308730815529,0.00033707654074634615,0.0494381536736934,0.030687385968372942,0.018750767705320456,-0.005583109195305762,0.0004902624007534074,0.005983635883373566,0.0015523460771153495
131,Transparent work regime absorbing Kingdom bleed-over,1.0,0.27093049142693587,0.84,0.2479740727064535,0.5930045976263972,0.78,0.55,0.86,0.92,0.52,0.94,0.5,0.5,0.76,0.88,0.22,34.74817638693345,35.90889771233212,31.08911260367689,0.2652251888150749,0.331427962917981,0.6798312571005104,0.6128297696536195,0.01750519022048282,0.013144844387283307,0.021336840736678696,0.009139392794821243,0.09367636098918397,0.0,0.0033322874578279385,0.0,0.0026379263254554205,0.003320254274942263,0.005568381771349327,0.0023878489449787703,0.00010306471531820651,-0.004739041156704041,0.0003373123537104268,0.04944396806923571,0.030680844967461287,0.018763123101774425,-0.00557680266845012,0.0004897410145781325,0.005982041235471691,0.0015518131736190512
132,Transparent work regime absorbing Kingdom bleed-over,1.0,0.27141970186529724,0.84,0.24240372223755335,0.5945558147234823,0.78,0.55,0.86,0.92,0.52,0.94,0.5,0.5,0.76,0.88,0.22,34.87369462306412,36.0386087352088,31.201413477640124,0.2652251888150749,0.33245655087604176,0.6802905470916707,0.6124183872013738,0.017507338457789567,0.013141830080748096,0.021339459194216225,0.009136827780466407,0.09367672231676868,0.0,0.0033335848764208323,0.0,0.002637936500440206,0.0033202670817960435,0.005569353254210804,0.002385446672608514,0.00010317422532699431,-0.004737707070350269,0.0003375419713795096,0.049450060223097635,0.030674173984740323,0.01877588623835731,-0.005570350468900141,0.0004892104383613578,0.005980503470611796,0.0015512170970850604
133,Transparent work regime absorbing Kingdom bleed-over,1.0,0.27190837245562854,0.84,0.2368399709501634,0.5961063719749369,0.78,0.55,0.86,0.92,0.52,0.94,0.5,0.5,0.76,0.88,0.22,34.99795767683347,36.167022647856705,31.312591342863723,0.2652251888150749,0.3334938885501199,0.6807549181910902,0.6120074504331503,0.017509578813749118,0.013138767353527196,0.02134218993393972,0.009134229207149928,0.09367776610024883,0.0,0.003334905208504392,0.0,0.0026379658933830073,0.0033203040775388907,0.00557030850218759,0.002383017823987486,0.0001032836166946954,-0.00473630586533088,0.0003377653255098531,0.04945643265251861,0.03066737182905675,0.01878906082346186,-0.005563751287389937,0.0004886705903312958,0.005979023104721618,0.0015505572514545821
134,Transparent work regime absorbing Kingdom bleed-over,1.0,0.27239649384403847,0.84,0.23128296714055102,0.5976562050131424,0.78,0.55,0.86,0.92,0.52,0.94,0.5,0.5,0.76,0.88,0.22,35.12097810006514,36.294152421378136,31.422657429435084,0.2652251888150749,0.33454004937207343,0.6812244142466326,0.611596967137272,0.017511912121788258,0.013135655771354593,0.021345033971701878,0.00913159677962816,0.0936794982935233,0.0,0.003336248669795302,0.0,0.0026380146719456165,0.0033203654732001215,0.005571247348874712,0.002380562169773632,0.0001033928873480582,-0.00473483693279628,0.0003379823474691129,0.049463087884540506,0.030660437304448267,0.01880265058009224,-0.005557003809612392,0.00048812138840992087,0.0059776006557770815,0.0015498330382055132
135,Transparent work regime absorbing Kingdom bleed-over,1.0,0.27288405659426707,0.84,0.22573286042408874,0.5992052488695977,0.78,0.55,0.86,0.92,0.52,0.94,0.5,0.5,0.76,0.88,0.22,35.24276831906448,36.42001089716435,31.531622855140732,0.2652251888150749,0.3355951069900712,0.6816990792490168,0.6111869451710077,0.01751433921848416,0.013132494898370872,0.021347992327195343,0.009128930201634165,0.09368192487090009,0.0,0.0033376154767842292,0.0,0.0026380830043645468,0.0033204514805324267,0.0055721696270374975,0.0023780794798777018,0.00010350203519547776,-0.00473329966157825,0.0003381929682450162,0.049470028455553317,0.03065336921036073,0.018816659245192588,-0.005550106716462283,0.0004875627502285729,0.005976236643714764,0.001549043856455261
136,Transparent work regime absorbing Kingdom bleed-over,1.0,0.2733710511874114,0.84,0.22018980173979755,0.6007534379726663,0.78,0.55,0.86,0.92,0.52,0.94,0.5,0.5,0.76,0.88,0.22,35.36334063587383,36.544610788192706,31.639498626589326,0.2652251888150749,0.3366591352519473,0.6821789573224767,0.6107773924608156,0.0175168609434086,0.013129284297208752,0.02135106602376286,0.00912622917593821,0.09368505182595735,0.0,0.0033390058466931244,0.0,0.002638171059418959,0.0033205623119715085,0.005573075168635368,0.0023755695235121114,0.00010361105812693089,-0.004731693438302902,0.00033839711845453995,0.04947725691081846,0.03064616634187591,0.01883109056894255,-0.0055430586842911975,0.00048699459314431506,0.005974931590340006,0.0015481891030686892
137,Transparent work regime absorbing Kingdom bleed-over,1.0,0.2738574680216685,0.84,0.2146539433546228,0.6023007061454376,0.78,0.55,0.86,0.92,0.52,0.94,0.5,0.5,0.76,0.88,0.22,35.48270722951509,36.667964680310774,31.74629564032343,0.2652251888150749,0.3377322081877916,0.6826640927149822,0.6103683170025743,0.0175194781389647,0.01312602352908271,0.02135425608819826,0.009123493404411136,0.09368888517035097,0.0,0.003340419997430502,0.0,0.0026382790063970833,0.003320698180593815,0.005573963804846924,0.002373032069242086,0.00010371995401391473,-0.00473001764750911,0.0003385947283536106,0.04948477580396928,0.030638827489950383,0.0188459483140189,-0.005535858385174748,0.0004864168342570723,0.005973686019230611,0.0015472681727713429
138,Transparent work regime absorbing Kingdom bleed-over,1.0,0.27434329741209607,0.84,0.2091254388674305,0.6038469866037057,0.78,0.55,0.86,0.92,0.52,0.94,0.5,0.5,0.76,0.88,0.22,35.60088015721994,36.790085033507665,31.8520246839202,0.2652251888150749,0.3388143999917524,0.683154529788013,0.6099597268617984,0.017522191650215922,0.013122712153882868,0.021357563550538017,0.00912072258809065,0.09369343093256692,0.0,0.0033418581475446376,0.0,0.002638407015061085,0.0033208593000723153,0.005574835366096332,0.002370466885039148,0.00010382872070938926,-0.004728271671772554,0.0003387857278473401,0.04949258769648792,0.030631351441665726,0.018861236254822195,-0.005528504487192263,0.00048582939042756665,0.005972500455635948,0.0015462804582680888
139,Transparent work regime absorbing Kingdom bleed-over,1.0,0.27482852959039217,0.84,0.20360444321271098,0.6053922119540731,0.78,0.55,0.86,0.92,0.52,0.94,0.5,0.5,0.76,0.88,0.22,35.71787135564774,36.91098418317259,31.956696437080996,0.2652251888150749,0.339905785003028,0.683650313005868,0.6095516301738393,0.017525002324707047,0.013119349730273174,0.021360989443843056,0.009117916427250693,0.09369869515661626,0.0,0.0033433205161746086,0.0,0.0026385552556103145,0.00332104588463025,0.005575689682081097,0.0023678737383370373,0.00010393735604772398,-0.0047264548918356086,0.00033897004650081656,0.04950069515715791,0.030623736980490545,0.018876958176667364,-0.005520995654719524,0.00048523217829608226,0.005971375426371337,0.001545225350367367
140,Transparent work regime absorbing Kingdom bleed-over,1.0,0.27531315470469425,0.84,0.1980911126639762,0.6069363141921843,0.78,0.55,0.86,0.92,0.52,0.94,0.5,0.5,0.76,0.88,0.22,35.83369264209126,37.030674341340855,32.060321472710186,0.2652251888150749,0.34100643768602545,0.6841514869244981,0.6091440351440706,0.01752791101227695,0.013115935815794117,0.021364534803970547,0.009115074621473896,0.093704683900672,0.0,0.003344807322999134,0.0,0.0026387238986429243,0.003321258148992813,0.005576526581801211,0.002365252396090112,0.00010404585784464842,-0.004724566686743158,0.00033914761355046606,0.04950910076149178,0.03061598288655445,0.01889311787493733,-0.00551333054873478,0.0004846251143020763,0.005970311459707593,0.0015441022381111691
141,Transparent work regime absorbing Kingdom bleed-over,1.0,0.2757971628193989,0.84,0.19258560483683773,0.6084792247010953,0.78,0.55,0.86,0.92,0.52,0.94,0.5,0.5,0.76,0.88,0.22,35.948355715670345,37.149167597927445,32.16291025798308,0.2652251888150749,0.3421164326096613,0.684658096179851,0.6087369500480567,0.01753091856486293,0.013112469966970016,0.021368200669335383,0.00911219686972727,0.09371140323564538,0.0,0.003346318788183129,0.0,0.0026389131151157742,0.003321496308336692,0.005577345893589758,0.0023626026248343176,0.00010415422389720731,-0.004722606433984591,0.0003393183579160024,0.049517807091132945,0.030608087936934574,0.01890971915419837,-0.0055055078271384755,0.00048400811470466316,0.005969309085255579,0.0015429105089109704
142,Transparent work regime absorbing Kingdom bleed-over,1.0,0.2762805439150029,0.84,0.18708807869175062,0.610020874249785,0.78,0.55,0.86,0.92,0.52,0.94,0.5,0.5,0.76,0.88,0.22,36.061872158513644,37.26647592194817,32.264473155403245,0.2652251888150749,0.34323584442578137,0.6851701854757102,0.6083303832317049,0.017534025836296322,0.013108951739421051,0.021371988080661108,0.009109282870441205,0.09371885924370042,0.0,0.003347855132321941,0.0,0.002639123076302604,0.0033217605782374154,0.005578147445144999,0.0023599241907507904,0.00010426245198372017,-0.004720573509642095,0.0003394822082129838,0.0495268167332312,0.030600050905954745,0.018926765827276454,-0.005497526145087113,0.0004833810956039992,0.005968368833845622,0.0015416495486897132
143,Transparent work regime absorbing Kingdom bleed-over,1.0,0.2767632878879665,0.84,0.18159869453640906,0.6115611929918151,0.78,0.55,0.86,0.92,0.52,0.94,0.5,0.5,0.76,0.88,0.22,36.17425343692851,37.382611162728686,32.36502042384921,0.2652251888150749,0.3443647478466743,0.6856877995710187,0.6079243431113975,0.017537233682089214,0.013105380687980166,0.02137589808071987,0.009106332321591836,0.0937270580167047,0.0,0.0033494165763831613,0.0,0.0026393539537504043,0.0033220511746144443,0.0055789310635639905,0.002357216859732159,0.00010437053986374598,-0.004718467288545451,0.0003396390927659934,0.049536132279790965,0.030591870565497892,0.018944261714293073,-0.005489384155341557,0.00048274397296358594,0.005967491237401656,0.0015403187420300899
144,Transparent work regime absorbing Kingdom bleed-over,1.0,0.27724538455060005,0.84,0.17611761402777876,0.6131001104641444,0.78,0.55,0.86,0.92,0.52,0.94,0.5,0.5,0.76,0.88,0.22,36.285510902559224,37.497585051101396,32.46456221961072,0.2652251888150749,0.34550321762165387,0.6862109832666681,0.6075188381741081,0.017540542959211904,0.013101756366814989,0.02137993171406124,0.009103344920786953,0.09373600565461462,0.0,0.003351003341645982,0.0,0.002639605919233948,0.0033223683136739397,0.005579696575377765,0.0023544803974516458,0.00010447848527805243,-0.004716287144433524,0.0003397889396224638,0.04954575632699162,0.030583545685331868,0.01896221064165975,-0.005481080508630295,0.00048209666263352786,0.005966676828809936,0.0015389174723292338
145,Transparent work regime absorbing Kingdom bleed-over,1.0,0.2777268236309748,0.84,0.17064500017375078,0.6146375555861044,0.78,0.55,0.86,0.92,0.52,0.94,0.5,0.5,0.76,0.88,0.22,36.39565579353363,37.61140920059038,32.56310859741461,0.2652251888150749,0.34665132851268715,0.6867397813917437,0.607113876977496,0.017543954525860994,0.013098078329554879,0.02138409002672951,0.009100320365355439,0.09374570826379379,0.0,0.003352615649638014,0.0,0.0026398791447084335,0.0033227122118491574,0.005580443806588146,0.002351714569435007,0.00010458628594859058,-0.004714032450122586,0.0003399316765671609,0.04955569147447921,0.030575075033449226,0.018980616441029986,-0.005472613854027965,0.0004814390803747591,0.005965926141782201,0.0015374451219600386
146,Transparent work regime absorbing Kingdom bleed-over,1.0,0.27820759477285906,0.84,0.16518101733440116,0.6161734566585437,0.78,0.55,0.86,0.92,0.52,0.94,0.5,0.5,0.76,0.88,0.22,36.50469923559829,37.72409510858447,32.66066951144047,0.2652251888150749,0.3478091552690405,0.6872742387892077,0.6067094681499812,0.017547469241217747,0.013094346129423258,0.021388374065969138,0.009097258352440431,0.09375617195526215,0.0,0.0033542537220695046,0.0,0.0026401738022601823,0.0033230830857383926,0.005581172582706206,0.0023489191411354185,0.00010469393957847502,-0.004711702577681707,0.00034006723113735003,0.04956594032462863,0.030566457376421136,0.018999482948207497,-0.005463982839349615,0.0004807711418842746,0.005965239710713105,0.0015359010724392474
147,Transparent work regime absorbing Kingdom bleed-over,1.0,0.27868768753568046,0.84,0.15972583122284006,0.6177077413631463,0.78,0.55,0.86,0.92,0.52,0.94,0.5,0.5,0.76,0.88,0.22,36.6126522432423,37.835654157498624,32.75725481632606,0.2652251888150749,0.3489767726009197,0.6878144003010068,0.6063056203907984,0.017551087965196492,0.013090559319375382,0.02139278487991814,0.00909415857909625,0.09376740284287444,0.0,0.003355917780764872,0.0,0.0026404900640553445,0.003323481152040418,0.005581882728792446,0.0023460938780113672,0.00010480144385196948,-0.004709296898615365,0.00034019553063866084,0.04957650548177551,0.030557691479766072,0.019018814002009436,-0.005455186111561082,0.00048009276282138543,0.005964618070531776,0.0015342847046025422
148,Transparent work regime absorbing Kingdom bleed-over,1.0,0.2791670913945155,0.84,0.1542796089056341,0.619240336761933,0.78,0.55,0.86,0.92,0.52,0.94,0.5,0.5,0.76,0.88,0.22,36.71952572080988,37.946097615923634,32.8528742681628,0.2652251888150749,0.35015425515207677,0.6883603107525897,0.6059023424700284,0.01755481155818285,0.01308671745224164,0.02139732351728897,0.0090910207423892,0.09377940704142619,0.0,0.00335760804759152,0.0,0.0026408281022865616,0.0033239066274873487,0.0055825740694987296,0.00234323854560763,0.00010490879643447845,-0.004706814784053489,0.0003403165021616702,0.04958738955141721,0.03054877610833335,0.019038613443083864,-0.00544622231720595,0.00047940385883503075,0.005964061756547365,0.0015325953987867485
149,Transparent work regime absorbing Kingdom bleed-over,1.0,0.27964579574010767,0.84,0.14884251880278468,0.6207711692969524,0.78,0.55,0.86,0.92,0.52,0.94,0.5,0.5,0.76,0.88,0.22,36.82533046360177,38.055436639764395,32.947537525481174,0.2652251888150749,0.35134167747135986,0.6889120149368193,0.6054996432286069,0.01755864088076147,0.013082820080876587,0.021401991027036667,0.009087844539502352,0.09379219066468504,0.0,0.00335932474438582,0.0,0.0026411880891175315,0.0033243597287748697,0.005583246429112002,0.002340352909639423,0.00010501599497254483,-0.0047042556049490996,0.0003404300725992253,0.04959859513938195,0.030539710026702135,0.019058885112679818,-0.005437090102849427,0.0004787043455921665,0.005963571304288405,0.001530832535019415
150,Transparent work regime absorbing Kingdom bleed-over,1.0,0.28012378987891495,0.84,0.14341473068724497,0.6223001647901683,0.78,0.55,0.86,0.92,0.52,0.94,0.5,0.5,0.76,0.88,0.22,36.93007715896575,38.163682273366746,33.041254150226365,0.2652251888150749,0.3525391139831763,0.6894695575972634,0.6050975315783095,0.017562576793433003,0.013078866758313825,0.02140678845801389,0.009084629667844403,0.09380575982334607,0.0,0.0033610680928762315,0.0,0.0026415701966254258,0.0033248406724897613,0.005583899631599884,0.0023374367360797935,0.00010512303709385402,-0.004701618732283771,0.00034053616866452414,0.04961012485096516,0.030530491999596284,0.019079632851368874,-0.0054277881155397134,0.00047799413880726644,0.005963147249335855,0.00152899549321588
151,Transparent work regime absorbing Kingdom bleed-over,1.0,0.2806010630331879,0.84,0.13799641568395787,0.6238272484435523,0.78,0.55,0.86,0.92,0.52,0.94,0.5,0.5,0.76,0.88,0.22,37.03377638737609,38.270845450633075,33.1340336087241,0.2652251888150749,0.3537466389568467,0.6900329834108504,0.6046960165017115,0.017566620156320118,0.013074857037926862,0.021411716858612588,0.009081375825162712,0.09382012062290875,0.0,0.0033628383146034565,0.0,0.0026419745967411106,0.0033253496750346506,0.005584533500658142,0.0023344897912503395,0.00010522992040724442,-0.0046989035372810755,0.00034063471690997494,0.04962198129003265,0.030521120792315275,0.01910086049771738,-0.005418315003287114,0.00047727315427295407,0.005962790127149642,0.0015270836533840843
152,Transparent work regime absorbing Kingdom bleed-over,1.0,0.2810776043410797,0.84,0.1325877462683964,0.6253523448393895,0.78,0.55,0.86,0.92,0.52,0.94,0.5,0.5,0.76,0.88,0.22,37.13643862350233,38.376936996126744,33.22588527263686,0.2652251888150749,0.35496432647481896,0.6906023369698737,0.6042951070521222,0.017570771828862214,0.013070790473596132,0.02141677727639188,0.009078082709660618,0.09383527916147377,0.0,0.003364635630837579,0.0,0.0026424014611871015,0.0033258869525499275,0.005585147859760109,0.002331511841915337,0.00010533664250272508,-0.004696109391628243,0.0003407256437468544,0.04963416705808933,0.030511595171181776,0.019122571886907556,-0.00540866941556149,0.00047654130789180074,0.005962500472888558,0.0015250963958372494
153,Transparent work regime absorbing Kingdom bleed-over,1.0,0.28155340285678904,0.84,0.12718889626458804,0.6268753779408042,0.78,0.55,0.86,0.92,0.52,0.94,0.5,0.5,0.76,0.88,0.22,37.238074237267305,38.48196762616548,33.31681841991049,0.2652251888150749,0.3561922503997197,0.6911776627633298,0.6038948123534931,0.017575032669498617,0.013066666619882279,0.021421970757691894,0.009074750020119132,0.09385124152745855,0.0,0.003366460262492114,0.0,0.0026428509614132333,0.0033264527208327634,0.005585742532208104,0.002328502655379344,0.00010544320095150015,-0.004693235667706186,0.0003408088754657852,0.04964668475331304,0.030501913904006143,0.019144770849306898,-0.0053988500038083635,0.0004757985157093108,0.005962278821223368,0.0015230331014146608
154,Transparent work regime absorbing Kingdom bleed-over,1.0,0.28202844755073714,0.84,0.12180004084260383,0.628396271092515,0.78,0.55,0.86,0.92,0.52,0.94,0.5,0.5,0.76,0.88,0.22,37.33869349489463,38.58594794990382,33.40684223571139,0.2652251888150749,0.3574304843402132,0.691759005157573,0.6034951416002973,0.017579403535339922,0.013062485032205908,0.021427298347233205,0.009071377456023115,0.09386801379722816,0.0,0.003368312430034881,0.0,0.002643323268529945,0.0033270471952531505,0.005586317341186886,0.0023254619995883886,0.00010554959330600087,-0.0046902817388281256,0.0003408843382580535,0.049659536969552304,0.030492075760568352,0.019167461208983952,-0.00538885542198421,0.00047504469394812833,0.005962125706142931,0.0015208931517107255
155,Transparent work regime absorbing Kingdom bleed-over,1.0,0.2825027273097806,0.84,0.11642135651549253,0.6299149470218275,0.78,0.55,0.86,0.92,0.52,0.94,0.5,0.5,0.76,0.88,0.22,37.43830655994568,38.68888847040478,33.495965813354275,0.2652251888150749,0.35867910161564176,0.6923464083762743,0.6030961040573808,0.01758388528182729,0.013058245267033893,0.02143276108770153,0.009067964717692046,0.09388560203264097,0.0,0.0033701923533956454,0.0,0.0026438185532391702,0.0033276705906669073,0.005586872109819208,0.00232238964323479,0.00010565581709992524,-0.004687246979487017,0.0003409519582377873,0.049672726295287524,0.03048207951311765,0.019190646782169873,-0.0053786843271113015,0.00047427975904348755,0.005962041660753229,0.0015186759293125032
156,Transparent work regime absorbing Kingdom bleed-over,1.0,0.28297623093746055,0.84,0.11105302113563997,0.6314313278398733,0.78,0.55,0.86,0.92,0.52,0.94,0.5,0.5,0.76,0.88,0.22,37.53692349434622,38.790799585700725,33.58419815522073,0.2652251888150749,0.3599381752194234,0.692939916479667,0.6026977090597843,0.0175884787623794,0.013053946882072419,0.02143836001931741,0.009064511506415457,0.09390401227850693,0.0,0.0033721002518704558,0.0,0.002644336985762756,0.0033283231213255896,0.0055874066612234975,0.0023192853558657092,0.00010576186984828543,-0.004684130765611903,0.0003410116614650154,0.04968625531255471,0.030471923936890383,0.019214331375664327,-0.005368335379852561,0.00047350362767993614,0.005962027217069093,0.0015163808180458755
157,Transparent work regime absorbing Kingdom bleed-over,1.0,0.2834489471542899,0.84,0.10569521389053305,0.6329453350431039,0.78,0.55,0.86,0.92,0.52,0.94,0.5,0.5,0.76,0.88,0.22,37.634554259402755,38.89169158984372,33.671548173668526,0.2652251888150749,0.3612077777811745,0.6935395733430626,0.6022999660125331,0.017593184828026697,0.013049589436466927,0.021444096179390394,0.009061017524593196,0.09392325055995566,0.0,0.0033740363440225864,0.0,0.0026448787357683514,0.003329005000783205,0.005587920818573751,0.0023161489079955282,0.0001058677490474637,-0.004680932474833538,0.00034106337396963077,0.049700126595830604,0.030461607810646496,0.01923851878518411,-0.005357807245106929,0.0004727162168293646,0.005962082905798481,0.0015140072032306055
158,Transparent work regime absorbing Kingdom bleed-over,1.0,0.2839208645980803,0.84,0.10034811529790748,0.6344568895150483,0.78,0.55,0.86,0.92,0.52,0.94,0.5,0.5,0.76,0.88,0.22,37.73120871680872,38.99157467394528,33.758024691931844,0.2652251888150749,0.36248798152753664,0.6941454226346241,0.6019028843903964,0.01759800432703284,0.013045172491009055,0.021449970601857642,0.009057482475880542,0.09394332287971381,0.0,0.003376000847580038,0.0,0.002645443972292741,0.0033297164417997135,0.005588414405161637,0.002312980071222097,0.00010597345217527648,-0.0046776514867592975,0.00034110702177627485,0.04971434271087896,0.03045112991722488,0.01926321279365408,-0.005347098592625572,0.00047191744379036045,0.005962209256119182,0.0015115544719444005
159,Transparent work regime absorbing Kingdom bleed-over,1.0,0.2843919718243092,0.84,0.09501190720025807,0.6359659115283445,0.78,0.55,0.86,0.92,0.52,0.94,0.5,0.5,0.76,0.88,0.22,37.826896629640636,39.09045892720582,33.84363644501253,0.2652251888150749,0.3637788582416774,0.6947575077923805,0.6015064737376126,0.017602938104502926,0.013040695608350767,0.021455984316806377,0.009053906065338324,0.09396423521528904,0.0,0.0033779939793295165,0.0,0.00264603286366254,0.003330457656241217,0.005588887244460922,0.0023097786183469585,0.00010607897669104755,-0.004674287183257711,0.0003411425309301673,0.04972890621355662,0.030440489044118182,0.019288417169438438,-0.005336208097649418,0.00047110722622891967,0.005962406795447758,0.0015090220132962062
0,AI panopticon consolidation across dual regimes,0.3962699348149684,0.3631184220821234,0.78,0.8594039056226375,0.5136457276142266,0.1,0.96,0.72,0.86,0.42,0.9,0.45,0.95,0.1,0.76,0.9,0.6911999999999999,0.378,0.7719623999999999,0.20759477499920154,0.20759477499920154,0.41499999277438493,0.22815000000000002,0.0015290999226408727,0.07011801635210133,0.0071915480736703535,0.010687656049405865,0.013850687382344008,0.00013712180508520567,0.0005235559830526036,0.031237573751999998,0.00024377209792925456,7.057021766581064e-05,0.05485311403499496,0.023440830847421257,0.011403620639999999,-0.0896269953047504,0.0028988697430106683,0.009752455918311712,0.2046396814189341,-0.19488722550062237,-0.10059609437736244,0.013118422082123438,-0.053730065185031574,0.09364572761422654
1,AI panopticon consolidation across dual regimes,0.33772361739641527,0.37712683940105673,0.78,0.7567407861381538,0.6083089916687046,0.1,0.96,0.72,0.86,0.42,0.9,0.45,0.95,0.1,0.76,0.9,1.3754879999999998,0.75222,1.5362051759999997,0.20759477499920154,0.20331201155677137,0.3898203044463312,0.1968540766657695,0.0013892993437279932,0.0723269226791838,0.006534048475970718,0.010926649129581453,0.01122565353701719,0.00012199076174966342,0.00042845306381414545,0.03489484955592366,0.00019757150225150255,5.719548724766708e-05,0.0559571991494061,0.024096070309467976,0.011865999129709256,-0.09186207310133566,0.0032190476920148964,0.008763727022530268,0.21328673764528713,-0.20452301062275685,-0.10266311948448373,0.014008417318933299,-0.058546317418553144,0.094663264054478
2,AI panopticon consolidation across dual regimes,0.27389214252808664,0.39211717037137583,0.78,0.6518955382824362,0.7040558735236548,0.1,0.96,0.72,0.86,0.42,0.9,0.45,0.95,0.1,0.76,0.9,2.0529331199999996,1.1226978,2.29280552424,0.20759477499920154,0.20046727446267598,0.363771491507891,0.1640800020417585,0.0012460784114447158,0.07473256170831477,0.00586046252882593,0.01118209139419896,0.008731464213466683,0.00010408756561429262,0.0003366813440377746,0.038974510783067524,0.00015367377015701366,4.448741878840248e-05,0.05712909745263087,0.024773926601983035,0.012350216417834242,-0.09420875305365974,0.0035772344684661473,0.007763623972242371,0.22271963882649554,-0.21495601485425317,-0.10484524785571757,0.014990330970319099,-0.06383147486832864,0.09574688185495027
3,AI panopticon consolidation across dual regimes,0.2042576379433328,0.40819281230919874,0.78,0.5447348909522063,0.8009616591681205,0.1,0.96,0.72,0.86,0.42,0.9,0.45,0.95,0.1,0.76,0.9,2.7236037887999993,1.489470822,3.0418398689976,0.20759477499920154,0.19904551757182046,0.3366555857645075,0.1298655778781554,0.0010992834012120872,0.07736694096740548,0.0051700672463255975,0.011456858234796473,0.006395619851964321,8.359037690246367e-05,0.00024929666191045194,0.043527288359638414,0.00011256290939457208,3.2586128948101325e-05,0.05837901343716376,0.025479551360348632,0.01285571400619698,-0.09668169267476126,0.003979114335873216,0.006753335025718311,0.23304448070142297,-0.22629114567570466,-0.10716064733022995,0.016075641937822897,-0.06963450458475386,0.09690578564446563
4,AI panopticon consolidation across dual regimes,0.1282497023148585,0.4254695962008659,0.78,0.4351074807636128,0.8991112660386613,0.1,0.96,0.72,0.86,0.42,0.9,0.45,0.95,0.1,0.76,0.9,3.387567750911999,1.85257611378,3.783383870307624,0.20759477499920154,0.19910128187982326,0.30830489181762877,0.09428728785497556,0.0009489649341286319,0.08026460846842808,0.004463100705823723,0.011753891337975109,0.004252421684333681,6.090897735994815e-05,0.00016767043022202104,0.0486090979434604,7.48426216442728e-05,2.166638489384884e-05,0.05971738796434304,0.026217308444883597,0.01338136189431545,-0.09929439191864824,0.0044311258557037615,0.005735778980293169,0.24437478190910944,-0.23863900292881626,-0.10962741018859351,0.01727678389166715,-0.07600793562847429,0.09814960687054083
5,AI panopticon consolidation across dual regimes,0.04524240637793213,0.44407667698691944,0.78,0.32284417075598176,0.9985996712489029,0.1,0.96,0.72,0.86,0.42,0.9,0.45,0.95,0.1,0.76,0.9,4.044892073402879,2.2120503526422,4.517512431604548,0.20759477499920154,0.20077138067445646,0.2785896674710488,0.057473015541298036,0.000795411637570944,0.083462586396968,0.003740920357950846,0.012076167127743424,0.002342241947128889,3.675330206388421e-05,9.348625111219932e-05,0.054280872139972194,4.1223458269468456e-05,1.1933885985007679e-05,0.061154793752003285,0.026990574077157426,0.013925270679186646,-0.10205870462236234,0.004940498209417207,0.00471576697814827,0.25683076238244823,-0.25211499540429994,-0.11226331000763101,0.018607080786053574,-0.08300729593692636,0.09948840521024166
6,AI panopticon consolidation across dual regimes,0.0,0.46415722712725715,0.78,0.20775911240712955,1.099532178091921,0.1,0.96,0.72,0.86,0.42,0.9,0.45,0.95,0.1,0.76,0.9,4.6956431526688505,2.567929849115778,5.244299707288501,0.20759477499920154,0.20430069748286087,0.24743549215656743,0.01961802093788801,0.0006392063215119844,0.08699964711352964,0.003006267230861052,0.012426586334294134,0.0007101007208964565,1.2203532999223137e-05,2.871231690202878e-05,0.06060797013848254,1.2497772687777635e-05,3.6180126700564763e-06,0.062701584794012,0.02780128486942829,0.014484555511455267,-0.1049838071622255,0.0055152099394029245,0.0037002430647254496,0.2705368387006048,-0.26683659563587936,-0.11508505834885221,0.02008055014033769,-0.09069005345459973,0.10093250684301809
7,AI panopticon consolidation across dual regimes,0.0,0.48508012646879983,0.78,0.09047855176999581,1.2015086951253575,0.1,0.96,0.72,0.86,0.42,0.9,0.45,0.95,0.1,0.76,0.9,5.339886721142162,2.9202505506246204,5.963819110215616,0.20759477499920154,0.21008934600203252,0.23076316696735089,0.0,0.0005582622535274153,0.08919033157206094,0.0026255771611211256,0.012634382507408684,0.0,0.0,0.0,0.0641088,0.0,0.0,0.0639796234387293,0.02823514112871641,0.0147744,-0.1069891645674457,0.0058779053140719,0.003183839414648541,0.2788005839609872,-0.27561674454633867,-0.11728056063713374,0.02092289934154266,-0.09489798106281437,0.10197651703343655
8,AI panopticon consolidation across dual regimes,0.0,0.5060605816342343,0.78,0.0,1.3040066810662985,0.1,0.96,0.72,0.86,0.42,0.9,0.45,0.95,0.1,0.76,0.9,5.977687853930741,3.269048045118374,6.67614331911346,0.20759477499920154,0.21877978098366316,0.23181181589970995,0.0,0.0005607991450245783,0.0896069502879229,0.0026375084789437204,0.012659043139058978,0.0,0.0,0.0,0.0641088,0.0,0.0,0.06486798576290158,0.02820785261928918,0.0147744,-0.10785023838219077,0.005955193059490197,0.003198307623968299,0.28018022486866284,-0.27698191724469456,-0.11862022007790154,0.020980455165434488,-0.09491343861189803,0.10249798594094099
9,AI panopticon consolidation across dual regimes,0.0,0.5271084052517252,0.78,0.0,1.4070642299045923,0.1,0.96,0.72,0.86,0.42,0.9,0.45,0.95,0.1,0.76,0.9,6.609110975391434,3.6143575646671904,7.381344285922324,0.20759477499920154,0.22478556912348632,0.23090625341729654,0.0,0.0005586084082671238,0.09014249380604147,0.002627205170131317,0.012698678589766785,0.0,0.0,0.0,0.0641088,0.0,0.0,0.06580709879849782,0.028231417655762057,0.0147744,-0.10881291645425986,0.006045199439044896,0.003185813578398441,0.2818080882891131,-0.27862227471071466,-0.12006493004254792,0.021047823617490864,-0.09493143988780897,0.10305754883829381
10,AI panopticon consolidation across dual regimes,0.0,0.5482909947056878,0.78,0.0,1.5109429633562543,0.1,0.96,0.72,0.86,0.42,0.9,0.45,0.95,0.1,0.76,0.9,7.234219865637519,3.9562139890205184,8.079493243063101,0.20759477499920154,0.2121959330998849,0.21654751117723875,0.0,0.000523871739039976,0.0914972875534384,0.0024638342726723875,0.012841440982784148,0.0,0.0,0.0,0.0641088,0.0,0.0,0.06709160382831868,0.028605068608802672,0.0147744,-0.11047107243712134,0.006224131537502555,0.0029877060117123634,0.2851427325108465,-0.2821550264991341,-0.12222939095738389,0.021182589453962543,-0.09496722630750051,0.10387873345166189
11,AI panopticon consolidation across dual regimes,0.0,0.5696060051197929,0.78,0.0,1.6156401850856108,0.1,0.96,0.72,0.86,0.42,0.9,0.45,0.95,0.1,0.76,0.9,7.853077666981144,4.294651849130313,8.77066071063247,0.20759477499920154,0.20063429356997198,0.20289786817029487,0.0,0.0004908505226775774,0.09281978599882812,0.0023085313644679814,0.012979508564133995,0.0,0.0,0.0,0.0641088,0.0,0.0,0.06837385186614418,0.028960266998253548,0.0147744,-0.11210851886439774,0.006401495796284332,0.0027993818871455585,0.2884181092236442,-0.2856187273364986,-0.12438274920621668,0.021315010414105107,-0.09500269915925687,0.10469722172935643
12,AI panopticon consolidation across dual regimes,0.0,0.5910514400444384,0.78,0.0,1.7211542405281273,0.1,0.96,0.72,0.86,0.42,0.9,0.45,0.95,0.1,0.76,0.9,8.465746890311332,4.62970533063901,9.454916503526144,0.20759477499920154,0.18998790338952573,0.18987644386948543,0.0,0.00045934909300905923,0.09411437928444442,0.0021603762030582316,0.013113464910367061,0.0,0.0,0.0,0.0641088,0.0,0.0,0.06965519312413097,0.029299117540912505,0.0147744,-0.11372871066504348,0.006577658880450917,0.0026197252960672907,0.2916430137403059,-0.2890232884442386,-0.12652807045676173,0.02144543492464553,-0.09503793177609018,0.10551405544251641
13,AI panopticon consolidation across dual regimes,0.0,0.6126256044144129,0.78,0.0,1.827484381702644,0.1,0.96,0.72,0.86,0.42,0.9,0.45,0.95,0.1,0.76,0.9,9.072289421408218,4.96140827733262,10.132329738490883,0.20759477499920154,0.1801595226799948,0.17741347559434967,0.0,0.00042919868015785077,0.09538486221472435,0.002018575042617392,0.01324381393293898,0.0,0.0,0.0,0.0641088,0.0,0.0,0.07093680302560669,0.02962343563896485,0.0147744,-0.11533463866457153,0.006752939661713352,0.0024477737227752427,0.29482505447394824,-0.292377280751173,-0.12866801791284596,0.02157416436997455,-0.09507298793234267,0.10633014117451668
14,AI panopticon consolidation across dual regimes,0.0,0.634327065285532,0.78,0.0,1.9346306546330292,0.1,0.96,0.72,0.86,0.42,0.9,0.45,0.95,0.1,0.76,0.9,9.672766527194137,5.289794194559294,10.802968841105974,0.20759477499920154,0.17106487209527585,0.1654484901001429,0.0,0.0004002529872502657,0.09663453251359672,0.0018824398306614063,0.013370993003511057,0.0,0.0,0.0,0.0641088,0.0,0.0,0.07221971154554796,0.029934794959877734,0.0147744,-0.1169289065054257,0.006927617157611102,0.0022826928179116718,0.29797084918014455,-0.2956881563622329,-0.13080491944736036,0.021701460871118988,-0.09510792343152222,0.10714627293038508
15,AI panopticon consolidation across dual regimes,0.0,0.656154618871774,0.78,0.0,2.042593805059248,0.1,0.96,0.72,0.86,0.42,0.9,0.45,0.95,0.1,0.76,0.9,10.267238861922195,5.6148962526137005,11.466901552694914,0.20759477499920154,0.16263056844371873,0.15392882175360956,0.0,0.0003723846055863323,0.09786627042546045,0.001751371348148219,0.013495383589157065,0.0,0.0,0.0,0.0641088,0.0,0.0,0.07350482693331697,0.030234565997231257,0.0147744,-0.11851379293054823,0.007101936959560123,0.002123755953734551,0.3010861839047259,-0.29896242795099137,-0.1329408219226406,0.02182755358624195,-0.09514278739191202,0.10796315042621861
16,AI panopticon consolidation across dual regimes,0.0,0.6781072627203069,0.78,0.0,2.151375199045148,0.1,0.96,0.72,0.86,0.42,0.9,0.45,0.95,0.1,0.76,0.9,10.855766473302973,5.936747290087563,12.124194937167964,0.20759477499920154,0.15479243991715003,0.1428084034230489,0.0,0.00034548208956103994,0.09908260364235169,0.001624845452466766,0.01361731992863231,0.0,0.0,0.0,0.0641088,0.0,0.0,0.07479295502536178,0.03052394753483086,0.0147744,-0.12009130256019263,0.007276116473219647,0.001970327542027806,0.30417614260439624,-0.30220581506236843,-0.13507753544555234,0.02195264384853294,-0.09517762329464392,0.10878139398590052
17,AI panopticon consolidation across dual regimes,0.0,0.7001841721032108,0.78,0.0,2.2609767557981684,0.1,0.96,0.72,0.86,0.42,0.9,0.45,0.95,0.1,0.76,0.9,11.438408808569942,6.255379817186688,12.774915387796284,0.20759477499920154,0.14749414233850217,0.1320467735883648,0.0,0.0003194475546649722,0.10028576060176654,0.0015024017805336974,0.013737096155830096,0.0,0.0,0.0,0.0641088,0.0,0.0,0.0760848150695164,0.03080399248422636,0.0147744,-0.12166320755374277,0.007450349218261882,0.0018218493351986696,0.30724521352960127,-0.3054233641944026,-0.13721666965514073,0.02207690938290397,-0.09521246984365238,0.10960155675302008
18,AI panopticon consolidation across dual regimes,0.0,0.7223846798907593,0.78,0.0,2.3714008905610973,0.1,0.96,0.72,0.86,0.42,0.9,0.45,0.95,0.1,0.76,0.9,12.015224720484243,6.570826019014821,13.419128633918321,0.20759477499920154,0.14068601581747753,0.12160825610653239,0.0,0.0002941946931729232,0.10147771450193771,0.0013836344163289044,0.013854972183541283,0.0,0.0,0.0,0.0641088,0.0,0.0,0.07738105277011231,0.03107562922929841,0.0147744,-0.12323108199941071,0.0076248083778729155,0.0016778291095018276,0.3102973770627626,-0.3086195479532608,-0.1393596636581906,0.02220050778754842,-0.09524736167557458,0.11042413476292906
19,AI panopticon consolidation across dual regimes,0.0,0.744708259315641,0.78,0.0,2.4826504658588218,0.1,0.96,0.72,0.86,0.42,0.9,0.45,0.95,0.1,0.76,0.9,12.5862724732794,6.883117758824673,14.056899747579138,0.20759477499920154,0.1343241347017811,0.11146127877461212,0.0,0.00026964712561154165,0.10266021985779149,0.001268184137641782,0.013971178590820674,0.0,0.0,0.0,0.0641088,0.0,0.0,0.07868225110394875,0.03133967935898012,0.0147744,-0.12479633046292887,0.007799649745750025,0.0015378312632533236,0.3133361786572911,-0.3117983473940378,-0.14150781086630515,0.022323579424881744,-0.09528232994915001,0.11124957529772439
20,AI panopticon consolidation across dual regimes,0.0,0.7671545091505928,0.78,0.0,2.5947287497134406,0.1,0.96,0.72,0.86,0.42,0.9,0.45,0.95,0.1,0.76,0.9,13.151609748546607,7.192286581236426,14.688293150103346,0.20759477499920154,0.12836951393215607,0.10157780418139498,0.0,0.00024573702387563074,0.10383484302455541,0.001155731940415076,0.014085920704418827,0.0,0.0,0.0,0.0641088,0.0,0.0,0.07998893933689914,0.031596872477943266,0.0147744,-0.12636021181484242,0.007975014186169211,0.0014014689642907066,0.31636478972998583,-0.3149633207656951,-0.14366227971461162,0.022446249834951852,-0.09531740283723383,0.11207828385461878
21,AI panopticon consolidation across dual regimes,0.0,0.7897231409110245,0.78,0.0,2.7076393797012517,0.1,0.96,0.72,0.86,0.42,0.9,0.45,0.95,0.1,0.76,0.9,13.71129365106114,7.498363715424062,15.313372618602312,0.20759477499920154,0.12278744271062564,0.09193285194731762,0.0,0.0002224039554309508,0.10500298781367692,0.0010459936028861907,0.014199382024414627,0.0,0.0,0.0,0.0641088,0.0,0.0,0.0813016005793149,0.03184785863912946,0.0147744,-0.12792385921844435,0.008151029698153608,0.0012683975583171415,0.3193860587546895,-0.31811766119637236,-0.14582413103374883,0.022568631760431643,-0.09535260593963071,0.11291062998781105
22,AI panopticon consolidation across dual regimes,0.0,0.8124139677649042,0.78,0.0,2.8213863319312074,0.1,0.96,0.72,0.86,0.42,0.9,0.45,0.95,0.1,0.76,0.9,14.26538071455053,7.801380078269821,15.932201292416288,0.20759477499920154,0.1175469223909525,0.08250409576509102,0.0,0.0001995939084749082,0.10616591709332554,0.0009387151007960527,0.01431172711318229,0.0,0.0,0.0,0.0641088,0.0,0.0,0.0826206781480726,0.0320932188297768,0.0147744,-0.1294882969778494,0.008327813155919168,0.0011383090092709608,0.32240255434027637,-0.3212642453310054,-0.14799433268671142,0.022690826853879697,-0.09538796263118383,0.11374695222995547
23,AI panopticon consolidation across dual regimes,0.0,0.8352268948885947,0.78,0.0,2.9359738941887676,0.1,0.96,0.72,0.86,0.42,0.9,0.45,0.95,0.1,0.76,0.9,14.813926907405024,8.101366277487122,16.544841679492126,0.20759477499920154,0.1126201901476067,0.07327152199376266,0.0,0.00017725846600731064,0.10732477108582703,0.000833668722940633,0.014423104042819254,0.0,0.0,0.0,0.0641088,0.0,0.0,0.08394658094875049,0.0323334738556697,0.0147744,-0.13105445480442018,0.008505471783185127,0.0010109271889479437,0.3254166017162516,-0.3244056745273036,-0.15017377195830245,0.022812927123690582,-0.09542349435663702,0.11458756225756037
24,AI panopticon consolidation across dual regimes,0.0,0.8581619110526338,0.78,0.0,3.0514066426208943,0.1,0.96,0.72,0.86,0.42,0.9,0.45,0.95,0.1,0.76,0.9,15.356987638330974,8.39835261471225,17.151355662697206,0.20759477499920154,0.10798231360384775,0.0642171391636144,0.0,0.000155354103064616,0.1084805829341213,0.0007306497659757722,0.014533646477444758,0.0,0.0,0.0,0.0641088,0.0,0.0,0.08527968804911008,0.03256909190055954,0.0147744,-0.13262317994966963,0.008684104407571471,0.0008860038690403882,0.3284303137688071,-0.32754430989976674,-0.15236326608851647,0.022935016164039194,-0.09545922088151429,0.1154327484321265
25,AI panopticon consolidation across dual regimes,0.0,0.881219081258036,0.78,0.0,3.167689421444244,0.1,0.96,0.72,0.86,0.42,0.9,0.45,0.95,0.1,0.76,0.9,15.894617761947664,8.692369088565128,17.751804506070233,0.20759477499920154,0.10361084444436404,0.05532472979354572,0.0,0.00013384158631654582,0.10963429199929557,0.0006294737106450046,0.014643475452091308,0.0,0.0,0.0,0.0641088,0.0,0.0,0.08662035258191232,0.032800494984506816,0.0147744,-0.13419524756641912,0.0088638025323938,0.0007633152969615505,0.33144561755019986,-0.3306823022532383,-0.15456357126558853,0.02305717020540217,-0.09549516050647876,0.11628277882334995
26,AI panopticon consolidation across dual regimes,0.0,0.9043985402733925,0.78,0.0,3.2848273252448643,0.1,0.96,0.72,0.86,0.42,0.9,0.45,0.95,0.1,0.76,0.9,16.426871584328186,8.983445397679477,18.34624886100953,0.20759477499920154,0.09948552128466007,0.0465796375368559,0.0,0.00011268545912916181,0.11078675526437479,0.0005299737999668392,0.01475270089831528,0.0,0.0,0.0,0.0641088,0.0,0.0,0.08796890508897051,0.033028064502888754,0.0147744,-0.13577136959185926,0.009044651256135046,0.000642659259096001,0.3344642770106844,-0.33382161775158836,-0.15677539033483412,0.02317945901535641,-0.09553133025122701,0.1171379038006203
27,AI panopticon consolidation across dual regimes,0.0,0.9277004869472825,0.78,0.0,3.402825683507971,0.1,0.96,0.72,0.86,0.42,0.9,0.45,0.95,0.1,0.76,0.9,16.953802868484903,9.271610943702681,18.934748772399434,0.20759477499920154,0.09558801385417663,0.03796858395353936,0.0,9.185359830040243e-05,0.11193875715057516,0.00043199895450658017,0.014861422957443558,0.0,0.0,0.0,0.0641088,0.0,0.0,0.0893256563976266,0.0332521459944496,0.0147744,-0.1373522023920762,0.009226730064293686,0.0005238525528069826,0.33748791256438865,-0.3369640600115817,-0.15899937943211173,0.02330194667388999,-0.09556774601285874,0.11799835826310698
28,AI panopticon consolidation across dual regimes,0.0,0.9511251791903803,0.78,0.0,3.5216900470739865,0.1,0.96,0.72,0.86,0.42,0.9,0.45,0.95,0.1,0.76,0.9,17.475464839800054,9.556894834265654,19.517363684675438,0.20759477499920154,0.09190170197586858,0.029479510231334605,0.0,7.131683115164468e-05,0.11309101799714984,0.0003354119715100789,0.014969733115018636,0.0,0.0,0.0,0.0641088,0.0,0.0,0.09069090010432049,0.033473053260121156,0.0147744,-0.13893835336444163,0.00941011351385532,0.00040672880266172357,0.34051801799046544,-0.3401112891878037,-0.16123615371301647,0.023424692243097855,-0.09560442270277106,0.11886436356601555
29,AI panopticon consolidation across dual regimes,0.0,0.9746729295380139,0.78,0.0,3.64142617626439,0.1,0.96,0.72,0.86,0.42,0.9,0.45,0.95,0.1,0.76,0.9,17.991910191402052,9.839325885922998,20.094152447828684,0.20759477499920154,0.08841148396994421,0.02110144000011499,0.0,5.104860364827819e-05,0.11424420141174381,0.0002400879640333084,0.01507771518410007,0.0,0.0,0.0,0.0641088,0.0,0.0,0.09206491472668296,0.03369107193294078,0.0147744,-0.14053038665962372,0.009594871827061913,0.0002911365676815866,0.3435559750825296,-0.343264838514848,-0.16348629231865458,0.023547750347633532,-0.09564137436541238,0.11973612919040338
30,AI panopticon consolidation across dual regimes,0.0,0.998344101217477,0.78,0.0,3.76204003046012,0.1,0.96,0.72,0.86,0.42,0.9,0.45,0.95,0.1,0.76,0.9,18.50319108948803,10.118932627063767,20.665173323350395,0.20759477499920154,0.08510361003365159,0.012824360047897165,0.0,3.102469182787283e-05,0.11539892066250475,0.0001459130037529644,0.015185446160315447,0.0,0.0,0.0,0.0641088,0.0,0.0,0.09344796557491616,0.03390646258212393,0.0147744,-0.1421288281570401,0.009781071408272116,0.00017693769558083724,0.34660306638813243,-0.34642612869255157,-0.16575034269446087,0.023671171679463133,-0.09567861428165442,0.12061385419573019
31,AI panopticon consolidation across dual regimes,0.0,1.0,0.78,0.0,3.883537758947787,0.1,0.96,0.72,0.86,0.42,0.9,0.45,0.95,0.1,0.76,0.9,19.009359178593147,10.39574330079313,21.23048399011689,0.20759477499920154,0.08196553689858115,0.004639116284974931,0.0,1.1222950116611355e-05,0.11655574425427691,5.278293726718778e-05,0.015292996967690778,0.0,0.0,0.0,0.0641088,0.0,0.0,0.09484030638459037,0.03411946342034173,0.0147744,-0.1437341698049321,0.009968775295371738,6.400588738379914e-05,0.3496604863222715,-0.34959648043488767,-0.1680288243587649,0.023795003438178596,-0.09571615505907434,0.12149772848766692
32,AI panopticon consolidation across dual regimes,0.0,1.0,0.78,0.0,4.0051319118444875,0.1,0.96,0.72,0.86,0.42,0.9,0.45,0.95,0.1,0.76,0.9,19.510465586807214,10.6697858677852,21.790141550215722,0.20759477499920154,0.07986013813150693,0.0027038614904132396,0.0,6.54118171760771e-06,0.11672798304823469,3.0763995265623764e-05,0.01531153334850479,0.0,0.0,0.0,0.0641088,0.0,0.0,0.09498329127194585,0.03416982366682259,0.0147744,-0.14392751493876843,0.009993707260727456,3.730517698323147e-05,0.35006953859623535,-0.3500322334192521,-0.16828004993812393,0.023811344613897837,-0.09572114145214548,0.12159415289670038
33,AI panopticon consolidation across dual regimes,0.0,1.0,0.78,0.0,4.126761464916177,0.1,0.96,0.72,0.86,0.42,0.9,0.45,0.95,0.1,0.76,0.9,20.00656093093914,10.941088009107347,22.344202534713563,0.20759477499920154,0.07792002426091454,0.0013020098948157144,0.0,3.1498223375381767e-06,0.11682172991109803,1.4814008181234238e-05,0.01532284965532509,0.0,0.0,0.0,0.0641088,0.0,0.0,0.09502993878433882,0.03420630340689726,0.0147744,-0.14401064219123608,0.010005783679519922,1.7963830518772414e-05,0.35026980543717917,-0.3502518416066604,-0.16837408564185447,0.023819224194573177,-0.09572355673590398,0.12162955307168932
34,AI panopticon consolidation across dual regimes,0.0,1.0,0.78,0.0,4.248423896916177,0.1,0.96,0.72,0.86,0.42,0.9,0.45,0.95,0.1,0.76,0.9,20.49769532162975,11.209677129016272,22.892722909366427,0.20759477499920154,0.07607141519434367,0.0,0.0,0.0,0.1169088,0.0,0.01533336,0.0,0.0,0.0,0.0641088,0.0,0.0,0.09507326399999998,0.03424018501225883,0.0147744,-0.1440878490122588,0.010017,0.0,0.35045580901225887,-0.35045580901225887,-0.16846142399999997,0.023826542581225883,-0.0957258,0.12166243199999999
35,AI panopticon consolidation across dual regimes,0.0,1.0,0.78,0.0,4.370086328916177,0.1,0.96,0.72,0.86,0.42,0.9,0.45,0.95,0.1,0.76,0.9,20.98391836841345,11.475580357726109,23.435758080272763,0.20759477499920154,0.07430802230535397,0.0,0.0,0.0,0.1169088,0.0,0.01533336,0.0,0.0,0.0,0.0641088,0.0,0.0,0.09507326399999998,0.03424018501225883,0.0147744,-0.1440878490122588,0.010017,0.0,0.35045580901225887,-0.35045580901225887,-0.16846142399999997,0.023826542581225883,-0.0957258,0.12166243199999999
36,AI panopticon consolidation across dual regimes,0.0,1.0,0.78,0.0,4.491748760916177,0.1,0.96,0.72,0.86,0.42,0.9,0.45,0.95,0.1,0.76,0.9,21.46527918472931,11.738824554148849,23.973362899470036,0.20759477499920154,0.0726245308012976,0.0,0.0,0.0,0.1169088,0.0,0.01533336,0.0,0.0,0.0,0.0641088,0.0,0.0,0.09507326399999998,0.03424018501225883,0.0147744,-0.1440878490122588,0.010017,0.0,0.35045580901225887,-0.35045580901225887,-0.16846142399999997,0.023826542581225883,-0.0957258,0.12166243199999999
37,AI panopticon consolidation across dual regimes,0.0,1.0,0.78,0.0,4.6134111929161765,0.1,0.96,0.72,0.86,0.42,0.9,0.45,0.95,0.1,0.76,0.9,21.941826392882017,11.99943630860736,24.505591670475336,0.20759477499920154,0.07101563035358835,0.0,0.0,0.0,0.1169088,0.0,0.01533336,0.0,0.0,0.0,0.0641088,0.0,0.0,0.09507326399999998,0.03424018501225883,0.0147744,-0.1440878490122588,0.010017,0.0,0.35045580901225887,-0.35045580901225887,-0.16846142399999997,0.023826542581225883,-0.0957258,0.12166243199999999
38,AI panopticon consolidation across dual regimes,0.0,1.0,0.78,0.0,4.7350736249161764,0.1,0.96,0.72,0.86,0.42,0.9,0.45,0.95,0.1,0.76,0.9,22.413608128953197,12.257441945521286,25.032498153770582,0.20759477499920154,0.06947647100788894,0.0,0.0,0.0,0.1169088,0.0,0.01533336,0.0,0.0,0.0,0.0641088,0.0,0.0,0.09507326399999998,0.03424018501225883,0.0147744,-0.1440878490122588,0.010017,0.0,0.35045580901225887,-0.35045580901225887,-0.16846142399999997,0.023826542581225883,-0.0957258,0.12166243199999999
39,AI panopticon consolidation across dual regimes,0.0,1.0,0.78,0.0,4.856736056916176,0.1,0.96,0.72,0.86,0.42,0.9,0.45,0.95,0.1,0.76,0.9,22.880672047663662,12.512867526066072,25.554135572232877,0.20759477499920154,0.0680026143527844,0.0,0.0,0.0,0.1169088,0.0,0.01533336,0.0,0.0,0.0,0.0641088,0.0,0.0,0.09507326399999998,0.03424018501225883,0.0147744,-0.1440878490122588,0.010017,0.0,0.35045580901225887,-0.35045580901225887,-0.16846142399999997,0.023826542581225883,-0.0957258,0.12166243199999999
40,AI panopticon consolidation across dual regimes,0.0,1.0,0.78,0.0,4.978398488916176,0.1,0.96,0.72,0.86,0.42,0.9,0.45,0.95,0.1,0.76,0.9,23.343065327187023,12.765738850805413,26.070556616510547,0.20759477499920154,0.0665899907747169,0.0,0.0,0.0,0.1169088,0.0,0.01533336,0.0,0.0,0.0,0.0641088,0.0,0.0,0.09507326399999998,0.03424018501225883,0.0147744,-0.1440878490122588,0.010017,0.0,0.35045580901225887,-0.35045580901225887,-0.16846142399999997,0.023826542581225883,-0.0957258,0.12166243199999999
41,AI panopticon consolidation across dual regimes,0.0,1.0,0.78,0.0,5.100060920916176,0.1,0.96,0.72,0.86,0.42,0.9,0.45,0.95,0.1,0.76,0.9,23.80083467391515,13.01608146229736,26.58181345034544,0.20759477499920154,0.06523486193217995,0.0,0.0,0.0,0.1169088,0.0,0.01533336,0.0,0.0,0.0,0.0641088,0.0,0.0,0.09507326399999998,0.03424018501225883,0.0147744,-0.1440878490122588,0.010017,0.0,0.35045580901225887,-0.35045580901225887,-0.16846142399999997,0.023826542581225883,-0.0957258,0.12166243199999999
42,AI panopticon consolidation across dual regimes,0.0,1.0,0.78,0.0,5.221723352916176,0.1,0.96,0.72,0.86,0.42,0.9,0.45,0.95,0.1,0.76,0.9,24.254026327176,13.263920647674386,27.087957715841984,0.20759477499920154,0.06393378772050451,0.0,0.0,0.0,0.1169088,0.0,0.01533336,0.0,0.0,0.0,0.0641088,0.0,0.0,0.09507326399999998,0.03424018501225883,0.0147744,-0.1440878490122588,0.010017,0.0,0.35045580901225887,-0.35045580901225887,-0.16846142399999997,0.023826542581225883,-0.0957258,0.12166243199999999
43,AI panopticon consolidation across dual regimes,0.0,1.0,0.78,0.0,5.343385784916176,0.1,0.96,0.72,0.86,0.42,0.9,0.45,0.95,0.1,0.76,0.9,24.70268606390424,13.509281441197642,27.589040538683562,0.20759477499920154,0.06268359711255943,0.0,0.0,0.0,0.1169088,0.0,0.01533336,0.0,0.0,0.0,0.0641088,0.0,0.0,0.09507326399999998,0.03424018501225883,0.0147744,-0.1440878490122588,0.010017,0.0,0.35045580901225887,-0.35045580901225887,-0.16846142399999997,0.023826542581225883,-0.0957258,0.12166243199999999
44,AI panopticon consolidation across dual regimes,0.0,1.0,0.78,0.0,5.465048216916176,0.1,0.96,0.72,0.86,0.42,0.9,0.45,0.95,0.1,0.76,0.9,25.146859203265194,13.752188626785665,28.085112533296726,0.20759477499920154,0.06148136235500197,0.0,0.0,0.0,0.1169088,0.0,0.01533336,0.0,0.0,0.0,0.0641088,0.0,0.0,0.09507326399999998,0.03424018501225883,0.0147744,-0.1440878490122588,0.010017,0.0,0.35045580901225887,-0.35045580901225887,-0.16846142399999997,0.023826542581225883,-0.0957258,0.12166243199999999
45,AI panopticon consolidation across dual regimes,0.0,1.0,0.78,0.0,5.586710648916176,0.1,0.96,0.72,0.86,0.42,0.9,0.45,0.95,0.1,0.76,0.9,25.58659061123254,13.992666740517809,28.576223807963757,0.20759477499920154,0.06032437607805341,0.0,0.0,0.0,0.1169088,0.0,0.01533336,0.0,0.0,0.0,0.0641088,0.0,0.0,0.09507326399999998,0.03424018501225883,0.0147744,-0.1440878490122588,0.010017,0.0,0.35045580901225887,-0.35045580901225887,-0.16846142399999997,0.023826542581225883,-0.0957258,0.12166243199999999
46,AI panopticon consolidation across dual regimes,0.0,1.0,0.78,0.0,5.708373080916176,0.1,0.96,0.72,0.86,0.42,0.9,0.45,0.95,0.1,0.76,0.9,26.021924705120213,14.230740073112631,29.06242396988412,0.20759477499920154,0.05921013094209222,0.0,0.0,0.0,0.1169088,0.0,0.01533336,0.0,0.0,0.0,0.0641088,0.0,0.0,0.09507326399999998,0.03424018501225883,0.0147744,-0.1440878490122588,0.010017,0.0,0.35045580901225887,-0.35045580901225887,-0.16846142399999997,0.023826542581225883,-0.0957258,0.12166243199999999
47,AI panopticon consolidation across dual regimes,0.0,1.0,0.78,0.0,5.830035512916176,0.1,0.96,0.72,0.86,0.42,0.9,0.45,0.95,0.1,0.76,0.9,26.452905458069008,14.466432672381504,29.543762130185275,0.20759477499920154,0.05813630149901217,0.0,0.0,0.0,0.1169088,0.0,0.01533336,0.0,0.0,0.0,0.0641088,0.0,0.0,0.09507326399999998,0.03424018501225883,0.0147744,-0.1440878490122588,0.010017,0.0,0.35045580901225887,-0.35045580901225887,-0.16846142399999997,0.023826542581225883,-0.0957258,0.12166243199999999
48,AI panopticon consolidation across dual regimes,0.0,1.0,0.78,0.0,5.951697944916176,0.1,0.96,0.72,0.86,0.42,0.9,0.45,0.95,0.1,0.76,0.9,26.879576403488315,14.69976834565769,30.02028690888342,0.20759477499920154,0.05710072799218642,0.0,0.0,0.0,0.1169088,0.0,0.01533336,0.0,0.0,0.0,0.0641088,0.0,0.0,0.09507326399999998,0.03424018501225883,0.0147744,-0.1440878490122588,0.010017,0.0,0.35045580901225887,-0.35045580901225887,-0.16846142399999997,0.023826542581225883,-0.0957258,0.12166243199999999
49,AI panopticon consolidation across dual regimes,0.0,1.0,0.78,0.0,6.073360376916176,0.1,0.96,0.72,0.86,0.42,0.9,0.45,0.95,0.1,0.76,0.9,27.30198063945343,14.930770662201112,30.492046439794585,0.20759477499920154,0.05610140185754326,0.0,0.0,0.0,0.1169088,0.0,0.01533336,0.0,0.0,0.0,0.0641088,0.0,0.0,0.09507326399999998,0.03424018501225883,0.0147744,-0.1440878490122588,0.010017,0.0,0.35045580901225887,-0.35045580901225887,-0.16846142399999997,0.023826542581225883,-0.0957258,0.12166243199999999
50,AI panopticon consolidation across dual regimes,0.0,1.0,0.78,0.0,6.195022808916176,0.1,0.96,0.72,0.86,0.42,0.9,0.45,0.95,0.1,0.76,0.9,27.720160833058895,15.159462955579102,30.95908837539664,0.20759477499920154,0.05513645272093873,0.0,0.0,0.0,0.1169088,0.0,0.01533336,0.0,0.0,0.0,0.0641088,0.0,0.0,0.09507326399999998,0.03424018501225883,0.0147744,-0.1440878490122588,0.010017,0.0,0.35045580901225887,-0.35045580901225887,-0.16846142399999997,0.023826542581225883,-0.0957258,0.12166243199999999
51,AI panopticon consolidation across dual regimes,0.0,1.0,0.78,0.0,6.316685240916176,0.1,0.96,0.72,0.86,0.42,0.9,0.45,0.95,0.1,0.76,0.9,28.134159224728304,15.38586832602331,31.421459891642673,0.20759477499920154,0.05420413671471706,0.0,0.0,0.0,0.1169088,0.0,0.01533336,0.0,0.0,0.0,0.0641088,0.0,0.0,0.09507326399999998,0.03424018501225883,0.0147744,-0.1440878490122588,0.010017,0.0,0.35045580901225887,-0.35045580901225887,-0.16846142399999997,0.023826542581225883,-0.0957258,0.12166243199999999
52,AI panopticon consolidation across dual regimes,0.0,1.0,0.78,0.0,6.4383476729161755,0.1,0.96,0.72,0.86,0.42,0.9,0.45,0.95,0.1,0.76,0.9,28.54401763248102,15.610009642763076,31.879207692726247,0.20759477499920154,0.0533028259599104,0.0,0.0,0.0,0.1169088,0.0,0.01533336,0.0,0.0,0.0,0.0641088,0.0,0.0,0.09507326399999998,0.03424018501225883,0.0147744,-0.1440878490122588,0.010017,0.0,0.35045580901225887,-0.35045580901225887,-0.16846142399999997,0.023826542581225883,-0.0957258,0.12166243199999999
53,AI panopticon consolidation across dual regimes,0.0,1.0,0.78,0.0,6.560010104916175,0.1,0.96,0.72,0.86,0.42,0.9,0.45,0.95,0.1,0.76,0.9,28.949777456156205,15.831909546335446,32.33237801579899,0.20759477499920154,0.05243099908062001,0.0,0.0,0.0,0.1169088,0.0,0.01533336,0.0,0.0,0.0,0.0641088,0.0,0.0,0.09507326399999998,0.03424018501225883,0.0147744,-0.1440878490122588,0.010017,0.0,0.35045580901225887,-0.35045580901225887,-0.16846142399999997,0.023826542581225883,-0.0957258,0.12166243199999999
54,AI panopticon consolidation across dual regimes,0.0,1.0,0.78,0.0,6.681672536916175,0.1,0.96,0.72,0.86,0.42,0.9,0.45,0.95,0.1,0.76,0.9,29.351479681594643,16.05159045087209,32.781016635640995,0.20759477499920154,0.05158723263430404,0.0,0.0,0.0,0.1169088,0.0,0.01533336,0.0,0.0,0.0,0.0641088,0.0,0.0,0.09507326399999998,0.03424018501225883,0.0147744,-0.1440878490122588,0.010017,0.0,0.35045580901225887,-0.35045580901225887,-0.16846142399999997,0.023826542581225883,-0.0957258,0.12166243199999999
55,AI panopticon consolidation across dual regimes,0.0,1.0,0.78,0.0,6.803334968916175,0.1,0.96,0.72,0.86,0.42,0.9,0.45,0.95,0.1,0.76,0.9,29.749164884778693,16.26907454636337,33.22516886928459,0.20759477499920154,0.05077019335642839,0.0,0.0,0.0,0.1169088,0.0,0.01533336,0.0,0.0,0.0,0.0641088,0.0,0.0,0.09507326399999998,0.03424018501225883,0.0147744,-0.1440878490122588,0.010017,0.0,0.35045580901225887,-0.35045580901225887,-0.16846142399999997,0.023826542581225883,-0.0957258,0.12166243199999999
56,AI panopticon consolidation across dual regimes,0.0,1.0,0.78,0.0,6.924997400916175,0.1,0.96,0.72,0.86,0.42,0.9,0.45,0.95,0.1,0.76,0.9,30.142873235930903,16.484383800899735,33.66487958059174,0.20759477499920154,0.04997863113060339,0.0,0.0,0.0,0.1169088,0.0,0.01533336,0.0,0.0,0.0,0.0641088,0.0,0.0,0.09507326399999998,0.03424018501225883,0.0147744,-0.1440878490122588,0.010017,0.0,0.35045580901225887,-0.35045580901225887,-0.16846142399999997,0.023826542581225883,-0.0957258,0.12166243199999999
57,AI panopticon consolidation across dual regimes,0.0,1.0,0.78,0.0,7.046659832916175,0.1,0.96,0.72,0.86,0.42,0.9,0.45,0.95,0.1,0.76,0.9,30.532644503571593,16.697539962890737,34.100193184785816,0.20759477499920154,0.04921137260624385,0.0,0.0,0.0,0.1169088,0.0,0.01533336,0.0,0.0,0.0,0.0641088,0.0,0.0,0.09507326399999998,0.03424018501225883,0.0147744,-0.1440878490122588,0.010017,0.0,0.35045580901225887,-0.35045580901225887,-0.16846142399999997,0.023826542581225883,-0.0957258,0.12166243199999999
58,AI panopticon consolidation across dual regimes,0.0,1.0,0.78,0.0,7.168322264916175,0.1,0.96,0.72,0.86,0.42,0.9,0.45,0.95,0.1,0.76,0.9,30.918518058535874,16.90856456326183,34.53115365293796,0.20759477499920154,0.04846731539522043,0.0,0.0,0.0,0.1169088,0.0,0.01533336,0.0,0.0,0.0,0.0641088,0.0,0.0,0.09507326399999998,0.03424018501225883,0.0147744,-0.1440878490122588,0.010017,0.0,0.35045580901225887,-0.35045580901225887,-0.16846142399999997,0.023826542581225883,-0.0957258,0.12166243199999999
59,AI panopticon consolidation across dual regimes,0.0,1.0,0.78,0.0,7.289984696916175,0.1,0.96,0.72,0.86,0.42,0.9,0.45,0.95,0.1,0.76,0.9,31.300532877950513,17.11747891762921,34.95780451640858,0.20759477499920154,0.047745422787136116,0.0,0.0,0.0,0.1169088,0.0,0.01533336,0.0,0.0,0.0,0.0641088,0.0,0.0,0.09507326399999998,0.03424018501225883,0.0147744,-0.1440878490122588,0.010017,0.0,0.35045580901225887,-0.35045580901225887,-0.16846142399999997,0.023826542581225883,-0.0957258,0.12166243199999999
60,AI panopticon consolidation across dual regimes,0.0,1.0,0.78,0.0,7.411647128916175,0.1,0.96,0.72,0.86,0.42,0.9,0.45,0.95,0.1,0.76,0.9,31.678727549171004,17.32430412845292,35.38018887124449,0.20759477499920154,0.04704471892994901,0.0,0.0,0.0,0.1169088,0.0,0.01533336,0.0,0.0,0.0,0.0641088,0.0,0.0,0.09507326399999998,0.03424018501225883,0.0147744,-0.1440878490122588,0.010017,0.0,0.35045580901225887,-0.35045580901225887,-0.16846142399999997,0.023826542581225883,-0.0957258,0.12166243199999999
61,AI panopticon consolidation across dual regimes,0.0,1.0,0.78,0.0,7.533309560916175,0.1,0.96,0.72,0.86,0.42,0.9,0.45,0.95,0.1,0.76,0.9,32.0531402736793,17.52906108716839,35.798349382532045,0.20759477499920154,0.04636428442882752,0.0,0.0,0.0,0.1169088,0.0,0.01533336,0.0,0.0,0.0,0.0641088,0.0,0.0,0.09507326399999998,0.03424018501225883,0.0147744,-0.1440878490122588,0.010017,0.0,0.35045580901225887,-0.35045580901225887,-0.16846142399999997,0.023826542581225883,-0.0957258,0.12166243199999999
62,AI panopticon consolidation across dual regimes,0.0,1.0,0.78,0.0,7.654971992916175,0.1,0.96,0.72,0.86,0.42,0.9,0.45,0.95,0.1,0.76,0.9,32.4238088709425,17.731770476296706,36.21232828870672,0.20759477499920154,0.04570325232149762,0.0,0.0,0.0,0.1169088,0.0,0.01533336,0.0,0.0,0.0,0.0641088,0.0,0.0,0.09507326399999998,0.03424018501225883,0.0147744,-0.1440878490122588,0.010017,0.0,0.35045580901225887,-0.35045580901225887,-0.16846142399999997,0.023826542581225883,-0.0957258,0.12166243199999999
63,AI panopticon consolidation across dual regimes,0.0,1.0,0.78,0.0,7.776634424916175,0.1,0.96,0.72,0.86,0.42,0.9,0.45,0.95,0.1,0.76,0.9,32.790770782233075,17.93245277153374,36.62216740581965,0.20759477499920154,0.045060804393035926,0.0,0.0,0.0,0.1169088,0.0,0.01533336,0.0,0.0,0.0,0.0641088,0.0,0.0,0.09507326399999998,0.03424018501225883,0.0147744,-0.1440878490122588,0.010017,0.0,0.35045580901225887,-0.35045580901225887,-0.16846142399999997,0.023826542581225883,-0.0957258,0.12166243199999999
64,AI panopticon consolidation across dual regimes,0.0,1.0,0.78,0.0,7.898296856916175,0.1,0.96,0.72,0.86,0.42,0.9,0.45,0.95,0.1,0.76,0.9,33.15406307441074,18.131128243818402,37.02790813176146,0.20759477499920154,0.04443616779717071,0.0,0.0,0.0,0.1169088,0.0,0.01533336,0.0,0.0,0.0,0.0641088,0.0,0.0,0.09507326399999998,0.03424018501225883,0.0147744,-0.1440878490122588,0.010017,0.0,0.35045580901225887,-0.35045580901225887,-0.16846142399999997,0.023826542581225883,-0.0957258,0.12166243199999999
65,AI panopticon consolidation across dual regimes,0.0,1.0,0.78,0.0,8.019959288916175,0.1,0.96,0.72,0.86,0.42,0.9,0.45,0.95,0.1,0.76,0.9,33.51372244366664,18.32781696138022,37.429591450443844,0.20759477499920154,0.04382861195475555,0.0,0.0,0.0,0.1169088,0.0,0.01533336,0.0,0.0,0.0,0.0641088,0.0,0.0,0.09507326399999998,0.03424018501225883,0.0147744,-0.1440878490122588,0.010017,0.0,0.35045580901225887,-0.35045580901225887,-0.16846142399999997,0.023826542581225883,-0.0957258,0.12166243199999999
66,AI panopticon consolidation across dual regimes,0.0,1.0,0.78,0.0,8.141621720916175,0.1,0.96,0.72,0.86,0.42,0.9,0.45,0.95,0.1,0.76,0.9,33.869785219229975,18.522538791766415,37.82725793593941,0.20759477499920154,0.043237445703245725,0.0,0.0,0.0,0.1169088,0.0,0.01533336,0.0,0.0,0.0,0.0641088,0.0,0.0,0.09507326399999998,0.03424018501225883,0.0147744,-0.1440878490122588,0.010017,0.0,0.35045580901225887,-0.35045580901225887,-0.16846142399999997,0.023826542581225883,-0.0957258,0.12166243199999999
67,AI panopticon consolidation across dual regimes,0.0,1.0,0.78,0.0,8.263284152916176,0.1,0.96,0.72,0.86,0.42,0.9,0.45,0.95,0.1,0.76,0.9,34.22228736703768,18.71531340384875,38.22094775658001,0.20759477499920154,0.04266201467379402,0.0,0.0,0.0,0.1169088,0.0,0.01533336,0.0,0.0,0.0,0.0641088,0.0,0.0,0.09507326399999998,0.03424018501225883,0.0147744,-0.1440878490122588,0.010017,0.0,0.35045580901225887,-0.35045580901225887,-0.16846142399999997,0.023826542581225883,-0.0957258,0.12166243199999999
68,AI panopticon consolidation across dual regimes,0.0,1.0,0.78,0.0,8.384946584916177,0.1,0.96,0.72,0.86,0.42,0.9,0.45,0.95,0.1,0.76,0.9,34.5712644933673,18.90616026981026,38.61070067901421,0.20759477499920154,0.04210169887503926,0.0,0.0,0.0,0.1169088,0.0,0.01533336,0.0,0.0,0.0,0.0641088,0.0,0.0,0.09507326399999998,0.03424018501225883,0.0147744,-0.1440878490122588,0.010017,0.0,0.35045580901225887,-0.35045580901225887,-0.16846142399999997,0.023826542581225883,-0.0957258,0.12166243199999999
69,AI panopticon consolidation across dual regimes,0.0,1.0,0.78,0.0,8.506609016916178,0.1,0.96,0.72,0.86,0.42,0.9,0.45,0.95,0.1,0.76,0.9,34.916751848433634,19.095098667112158,38.99655607222407,0.20759477499920154,0.0415559104648312,0.0,0.0,0.0,0.1169088,0.0,0.01533336,0.0,0.0,0.0,0.0641088,0.0,0.0,0.09507326399999998,0.03424018501225883,0.0147744,-0.1440878490122588,0.010017,0.0,0.35045580901225887,-0.35045580901225887,-0.16846142399999997,0.023826542581225883,-0.0957258,0.12166243199999999
70,AI panopticon consolidation across dual regimes,0.0,1.0,0.78,0.0,8.628271448916179,0.1,0.96,0.72,0.86,0.42,0.9,0.45,0.95,0.1,0.76,0.9,35.2587843299493,19.282147680441035,39.37855291150183,0.20759477499920154,0.041024091693055764,0.0,0.0,0.0,0.1169088,0.0,0.01533336,0.0,0.0,0.0,0.0641088,0.0,0.0,0.09507326399999998,0.03424018501225883,0.0147744,-0.1440878490122588,0.010017,0.0,0.35045580901225887,-0.35045580901225887,-0.16846142399999997,0.023826542581225883,-0.0957258,0.12166243199999999
71,AI panopticon consolidation across dual regimes,0.0,1.0,0.78,0.0,8.74993388091618,0.1,0.96,0.72,0.86,0.42,0.9,0.45,0.95,0.1,0.76,0.9,35.59739648664981,19.467326203636624,39.756729782386806,0.20759477499920154,0.04050571300042657,0.0,0.0,0.0,0.1169088,0.0,0.01533336,0.0,0.0,0.0,0.0641088,0.0,0.0,0.09507326399999998,0.03424018501225883,0.0147744,-0.1440878490122588,0.010017,0.0,0.35045580901225887,-0.35045580901225887,-0.16846142399999997,0.023826542581225883,-0.0957258,0.12166243199999999
72,AI panopticon consolidation across dual regimes,0.0,1.0,0.78,0.0,8.87159631291618,0.1,0.96,0.72,0.86,0.42,0.9,0.45,0.95,0.1,0.76,0.9,35.93262252178331,19.650652941600256,40.13112488456294,0.20759477499920154,0.04000027125961931,0.0,0.0,0.0,0.1169088,0.0,0.01533336,0.0,0.0,0.0,0.0641088,0.0,0.0,0.09507326399999998,0.03424018501225883,0.0147744,-0.1440878490122588,0.010017,0.0,0.35045580901225887,-0.35045580901225887,-0.16846142399999997,0.023826542581225883,-0.0957258,0.12166243199999999
73,AI panopticon consolidation across dual regimes,0.0,1.0,0.78,0.0,8.993258744916181,0.1,0.96,0.72,0.86,0.42,0.9,0.45,0.95,0.1,0.76,0.9,36.264496296565476,19.832146412184255,40.501776035717306,0.20759477499920154,0.03950728814646896,0.0,0.0,0.0,0.1169088,0.0,0.01533336,0.0,0.0,0.0,0.0641088,0.0,0.0,0.09507326399999998,0.03424018501225883,0.0147744,-0.1440878490122588,0.010017,0.0,0.35045580901225887,-0.35045580901225887,-0.16846142399999997,0.023826542581225883,-0.0957258,0.12166243199999999
74,AI panopticon consolidation across dual regimes,0.0,1.0,0.78,0.0,9.114921176916182,0.1,0.96,0.72,0.86,0.42,0.9,0.45,0.95,0.1,0.76,0.9,36.593051333599824,20.01182494806241,40.86872067536013,0.20759477499920154,0.03902630863014557,0.0,0.0,0.0,0.1169088,0.0,0.01533336,0.0,0.0,0.0,0.0641088,0.0,0.0,0.09507326399999998,0.03424018501225883,0.0147744,-0.1440878490122588,0.010017,0.0,0.35045580901225887,-0.35045580901225887,-0.16846142399999997,0.023826542581225883,-0.0957258,0.12166243199999999
75,AI panopticon consolidation across dual regimes,0.0,1.0,0.78,0.0,9.236583608916183,0.1,0.96,0.72,0.86,0.42,0.9,0.45,0.95,0.1,0.76,0.9,36.91832082026383,20.189706698581787,41.231995868606525,0.20759477499920154,0.038556899572291324,0.0,0.0,0.0,0.1169088,0.0,0.01533336,0.0,0.0,0.0,0.0641088,0.0,0.0,0.09507326399999998,0.03424018501225883,0.0147744,-0.1440878490122588,0.010017,0.0,0.35045580901225887,-0.35045580901225887,-0.16846142399999997,0.023826542581225883,-0.0957258,0.12166243199999999
76,AI panopticon consolidation across dual regimes,0.0,1.0,0.78,0.0,9.358246040916184,0.1,0.96,0.72,0.86,0.42,0.9,0.45,0.95,0.1,0.76,0.9,37.2403376120612,20.36580963159597,41.59163830992046,0.20759477499920154,0.03809864842605354,0.0,0.0,0.0,0.1169088,0.0,0.01533336,0.0,0.0,0.0,0.0641088,0.0,0.0,0.09507326399999998,0.03424018501225883,0.0147744,-0.1440878490122588,0.010017,0.0,0.35045580901225887,-0.35045580901225887,-0.16846142399999997,0.023826542581225883,-0.0957258,0.12166243199999999
77,AI panopticon consolidation across dual regimes,0.0,1.0,0.78,0.0,9.479908472916184,0.1,0.96,0.72,0.86,0.42,0.9,0.45,0.95,0.1,0.76,0.9,37.55913423594058,20.54015153528001,41.94768432682125,0.20759477499920154,0.0376511620268005,0.0,0.0,0.0,0.1169088,0.0,0.01533336,0.0,0.0,0.0,0.0641088,0.0,0.0,0.09507326399999998,0.03424018501225883,0.0147744,-0.1440878490122588,0.010017,0.0,0.35045580901225887,-0.35045580901225887,-0.16846142399999997,0.023826542581225883,-0.0957258,0.12166243199999999
78,AI panopticon consolidation across dual regimes,0.0,1.0,0.78,0.0,9.601570904916185,0.1,0.96,0.72,0.86,0.42,0.9,0.45,0.95,0.1,0.76,0.9,37.87474289358118,20.71275001992721,42.30016988355304,0.20759477499920154,0.037214065467069575,0.0,0.0,0.0,0.1169088,0.0,0.01533336,0.0,0.0,0.0,0.0641088,0.0,0.0,0.09507326399999998,0.03424018501225883,0.0147744,-0.1440878490122588,0.010017,0.0,0.35045580901225887,-0.35045580901225887,-0.16846142399999997,0.023826542581225883,-0.0957258,0.12166243199999999
79,AI panopticon consolidation across dual regimes,0.0,1.0,0.78,0.0,9.723233336916186,0.1,0.96,0.72,0.86,0.42,0.9,0.45,0.95,0.1,0.76,0.9,38.18719546464537,20.883622519727936,42.64913058471751,0.20759477499920154,0.03678700104898117,0.0,0.0,0.0,0.1169088,0.0,0.01533336,0.0,0.0,0.0,0.0641088,0.0,0.0,0.09507326399999998,0.03424018501225883,0.0147744,-0.1440878490122588,0.010017,0.0,0.35045580901225887,-0.35045580901225887,-0.16846142399999997,0.023826542581225883,-0.0957258,0.12166243199999999
80,AI panopticon consolidation across dual regimes,0.0,1.0,0.78,0.0,9.844895768916187,0.1,0.96,0.72,0.86,0.42,0.9,0.45,0.95,0.1,0.76,0.9,38.496523509998916,21.052786294530655,42.99460167887034,0.20759477499920154,0.03636962730796616,0.0,0.0,0.0,0.1169088,0.0,0.01533336,0.0,0.0,0.0,0.0641088,0.0,0.0,0.09507326399999998,0.03424018501225883,0.0147744,-0.1440878490122588,0.010017,0.0,0.35045580901225887,-0.35045580901225887,-0.16846142399999997,0.023826542581225883,-0.0957258,0.12166243199999999
81,AI panopticon consolidation across dual regimes,0.0,1.0,0.78,0.0,9.966558200916188,0.1,0.96,0.72,0.86,0.42,0.9,0.45,0.95,0.1,0.76,0.9,38.80275827489893,21.22025843158535,43.336618062081634,0.20759477499920154,0.03596161810220659,0.0,0.0,0.0,0.1169088,0.0,0.01533336,0.0,0.0,0.0,0.0641088,0.0,0.0,0.09507326399999998,0.03424018501225883,0.0147744,-0.1440878490122588,0.010017,0.0,0.35045580901225887,-0.35045580901225887,-0.16846142399999997,0.023826542581225883,-0.0957258,0.12166243199999999
82,AI panopticon consolidation across dual regimes,0.0,1.0,0.78,0.0,10.088220632916189,0.1,0.96,0.72,0.86,0.42,0.9,0.45,0.95,0.1,0.76,0.9,39.10593069214994,21.386055847269496,43.67521428146082,0.20759477499920154,0.035562661762686666,0.0,0.0,0.0,0.1169088,0.0,0.01533336,0.0,0.0,0.0,0.0641088,0.0,0.0,0.09507326399999998,0.03424018501225883,0.0147744,-0.1440878490122588,0.010017,0.0,0.35045580901225887,-0.35045580901225887,-0.16846142399999997,0.023826542581225883,-0.0957258,0.12166243199999999
83,AI panopticon consolidation across dual regimes,0.0,1.0,0.78,0.0,10.20988306491619,0.1,0.96,0.72,0.86,0.42,0.9,0.45,0.95,0.1,0.76,0.9,39.406071385228444,21.5501952887968,44.010424538646205,0.20759477499920154,0.035172460299198655,0.0,0.0,0.0,0.1169088,0.0,0.01533336,0.0,0.0,0.0,0.0641088,0.0,0.0,0.09507326399999998,0.03424018501225883,0.0147744,-0.1440878490122588,0.010017,0.0,0.35045580901225887,-0.35045580901225887,-0.16846142399999997,0.023826542581225883,-0.0957258,0.12166243199999999
84,AI panopticon consolidation across dual regimes,0.0,1.0,0.78,0.0,10.33154549691619,0.1,0.96,0.72,0.86,0.42,0.9,0.45,0.95,0.1,0.76,0.9,39.70321067137616,21.71269333590883,44.34228269325974,0.20759477499920154,0.034790728658052765,0.0,0.0,0.0,0.1169088,0.0,0.01533336,0.0,0.0,0.0,0.0641088,0.0,0.0,0.09507326399999998,0.03424018501225883,0.0147744,-0.1440878490122588,0.010017,0.0,0.35045580901225887,-0.35045580901225887,-0.16846142399999997,0.023826542581225883,-0.0957258,0.12166243199999999
85,AI panopticon consolidation across dual regimes,0.0,1.0,0.78,0.0,10.453207928916191,0.1,0.96,0.72,0.86,0.42,0.9,0.45,0.95,0.1,0.76,0.9,39.997378564662405,21.87356640254974,44.67082226632714,0.20759477499920154,0.03441719402760516,0.0,0.0,0.0,0.1169088,0.0,0.01533336,0.0,0.0,0.0,0.0641088,0.0,0.0,0.09507326399999998,0.03424018501225883,0.0147744,-0.1440878490122588,0.010017,0.0,0.35045580901225887,-0.35045580901225887,-0.16846142399999997,0.023826542581225883,-0.0957258,0.12166243199999999
86,AI panopticon consolidation across dual regimes,0.0,1.0,0.78,0.0,10.574870360916192,0.1,0.96,0.72,0.86,0.42,0.9,0.45,0.95,0.1,0.76,0.9,40.288604779015785,22.032830738524243,44.996076443663874,0.20759477499920154,0.034051595188048366,0.0,0.0,0.0,0.1169088,0.0,0.01533336,0.0,0.0,0.0,0.0641088,0.0,0.0,0.09507326399999998,0.03424018501225883,0.0147744,-0.1440878490122588,0.010017,0.0,0.35045580901225887,-0.35045580901225887,-0.16846142399999997,0.023826542581225883,-0.0957258,0.12166243199999999
87,AI panopticon consolidation across dual regimes,0.0,1.0,0.78,0.0,10.696532792916193,0.1,0.96,0.72,0.86,0.42,0.9,0.45,0.95,0.1,0.76,0.9,40.576918731225625,22.190502431139002,45.318078079227234,0.20759477499920154,0.03369368190220751,0.0,0.0,0.0,0.1169088,0.0,0.01533336,0.0,0.0,0.0,0.0641088,0.0,0.0,0.09507326399999998,0.03424018501225883,0.0147744,-0.1440878490122588,0.010017,0.0,0.35045580901225887,-0.35045580901225887,-0.16846142399999997,0.023826542581225883,-0.0957258,0.12166243199999999
88,AI panopticon consolidation across dual regimes,0.0,1.0,0.78,0.0,10.818195224916193,0.1,0.96,0.72,0.86,0.42,0.9,0.45,0.95,0.1,0.76,0.9,40.86234954391337,22.346597406827613,45.63685969843496,0.20759477499920154,0.03334321434435655,0.0,0.0,0.0,0.1169088,0.0,0.01533336,0.0,0.0,0.0,0.0641088,0.0,0.0,0.09507326399999998,0.03424018501225883,0.0147744,-0.1440878490122588,0.010017,0.0,0.35045580901225887,-0.35045580901225887,-0.16846142399999997,0.023826542581225883,-0.0957258,0.12166243199999999
89,AI panopticon consolidation across dual regimes,0.0,1.0,0.78,0.0,10.939857656916194,0.1,0.96,0.72,0.86,0.42,0.9,0.45,0.95,0.1,0.76,0.9,41.14492604847423,22.501131432759337,45.95245350145061,0.20759477499920154,0.03299996256431494,0.0,0.0,0.0,0.1169088,0.0,0.01533336,0.0,0.0,0.0,0.0641088,0.0,0.0,0.09507326399999998,0.03424018501225883,0.0147744,-0.1440878490122588,0.010017,0.0,0.35045580901225887,-0.35045580901225887,-0.16846142399999997,0.023826542581225883,-0.0957258,0.12166243199999999
90,AI panopticon consolidation across dual regimes,0.0,1.0,0.78,0.0,11.061520088916195,0.1,0.96,0.72,0.86,0.42,0.9,0.45,0.95,0.1,0.76,0.9,41.42467678798949,22.654120118431745,46.2648913664361,0.20759477499920154,0.03266370598430807,0.0,0.0,0.0,0.1169088,0.0,0.01533336,0.0,0.0,0.0,0.0641088,0.0,0.0,0.09507326399999998,0.03424018501225883,0.0147744,-0.1440878490122588,0.010017,0.0,0.35045580901225887,-0.35045580901225887,-0.16846142399999997,0.023826542581225883,-0.0957258,0.12166243199999999
91,AI panopticon consolidation across dual regimes,0.0,1.0,0.78,0.0,11.183182520916196,0.1,0.96,0.72,0.86,0.42,0.9,0.45,0.95,0.1,0.76,0.9,41.7016300201096,22.805578917247427,46.57420485277174,0.20759477499920154,0.032334232926278204,0.0,0.0,0.0,0.1169088,0.0,0.01533336,0.0,0.0,0.0,0.0641088,0.0,0.0,0.09507326399999998,0.03424018501225883,0.0147744,-0.1440878490122588,0.010017,0.0,0.35045580901225887,-0.35045580901225887,-0.16846142399999997,0.023826542581225883,-0.0957258,0.12166243199999999
92,AI panopticon consolidation across dual regimes,0.0,1.0,0.78,0.0,11.304844952916197,0.1,0.96,0.72,0.86,0.42,0.9,0.45,0.95,0.1,0.76,0.9,41.9758137199085,22.95552312807495,46.88042520424403,0.20759477499920154,0.03201134016751736,0.0,0.0,0.0,0.1169088,0.0,0.01533336,0.0,0.0,0.0,0.0641088,0.0,0.0,0.09507326399999998,0.03424018501225883,0.0147744,-0.1440878490122588,0.010017,0.0,0.35045580901225887,-0.35045580901225887,-0.16846142399999997,0.023826542581225883,-0.0957258,0.12166243199999999
93,AI panopticon consolidation across dual regimes,0.0,1.0,0.78,0.0,11.426507384916198,0.1,0.96,0.72,0.86,0.42,0.9,0.45,0.95,0.1,0.76,0.9,42.24725558270942,23.103967896794202,47.18358335220159,0.20759477499920154,0.03169483252266187,0.0,0.0,0.0,0.1169088,0.0,0.01533336,0.0,0.0,0.0,0.0641088,0.0,0.0,0.09507326399999998,0.03424018501225883,0.0147744,-0.1440878490122588,0.010017,0.0,0.35045580901225887,-0.35045580901225887,-0.16846142399999997,0.023826542581225883,-0.0957258,0.12166243199999999
94,AI panopticon consolidation across dual regimes,0.0,1.0,0.78,0.0,11.548169816916198,0.1,0.96,0.72,0.86,0.42,0.9,0.45,0.95,0.1,0.76,0.9,42.51598302688233,23.25092821782626,47.48370991867957,0.20759477499920154,0.03138452245024197,0.0,0.0,0.0,0.1169088,0.0,0.01533336,0.0,0.0,0.0,0.0641088,0.0,0.0,0.09507326399999998,0.03424018501225883,0.0147744,-0.1440878490122588,0.010017,0.0,0.35045580901225887,-0.35045580901225887,-0.16846142399999997,0.023826542581225883,-0.0957258,0.12166243199999999
95,AI panopticon consolidation across dual regimes,0.0,1.0,0.78,0.0,11.6698322489162,0.1,0.96,0.72,0.86,0.42,0.9,0.45,0.95,0.1,0.76,0.9,42.78202319661351,23.396418935647997,47.78083521949278,0.20759477499920154,0.03108022968211991,0.0,0.0,0.0,0.1169088,0.0,0.01533336,0.0,0.0,0.0,0.0641088,0.0,0.0,0.09507326399999998,0.03424018501225883,0.0147744,-0.1440878490122588,0.010017,0.0,0.35045580901225887,-0.35045580901225887,-0.16846142399999997,0.023826542581225883,-0.0957258,0.12166243199999999
96,AI panopticon consolidation across dual regimes,0.0,1.0,0.78,0.0,11.7914946809162,0.1,0.96,0.72,0.86,0.42,0.9,0.45,0.95,0.1,0.76,0.9,43.04540296464737,23.540454746291516,48.07498926729785,0.20759477499920154,0.03078178087427806,0.0,0.0,0.0,0.1169088,0.0,0.01533336,0.0,0.0,0.0,0.0641088,0.0,0.0,0.09507326399999998,0.03424018501225883,0.0147744,-0.1440878490122588,0.010017,0.0,0.35045580901225887,-0.35045580901225887,-0.16846142399999997,0.023826542581225883,-0.0957258,0.12166243199999999
97,AI panopticon consolidation across dual regimes,0.0,1.0,0.78,0.0,11.9131571129162,0.1,0.96,0.72,0.86,0.42,0.9,0.45,0.95,0.1,0.76,0.9,43.3061489350009,23.6830501988286,48.36620177462487,0.20759477499920154,0.0304890092775355,0.0,0.0,0.0,0.1169088,0.0,0.01533336,0.0,0.0,0.0,0.0641088,0.0,0.0,0.09507326399999998,0.03424018501225883,0.0147744,-0.1440878490122588,0.010017,0.0,0.35045580901225887,-0.35045580901225887,-0.16846142399999997,0.023826542581225883,-0.0957258,0.12166243199999999
98,AI panopticon consolidation across dual regimes,0.0,1.0,0.78,0.0,12.034819544916202,0.1,0.96,0.72,0.86,0.42,0.9,0.45,0.95,0.1,0.76,0.9,43.56428744565089,23.824219696840313,48.65450215687862,0.20759477499920154,0.03020175442687893,0.0,0.0,0.0,0.1169088,0.0,0.01533336,0.0,0.0,0.0,0.0641088,0.0,0.0,0.09507326399999998,0.03424018501225883,0.0147744,-0.1440878490122588,0.010017,0.0,0.35045580901225887,-0.35045580901225887,-0.16846142399999997,0.023826542581225883,-0.0957258,0.12166243199999999
99,AI panopticon consolidation across dual regimes,0.0,1.0,0.78,0.0,12.156481976916202,0.1,0.96,0.72,0.86,0.42,0.9,0.45,0.95,0.1,0.76,0.9,43.81984457119438,23.96397749987191,48.93991953530983,0.20759477499920154,0.029919861848191568,0.0,0.0,0.0,0.1169088,0.0,0.01533336,0.0,0.0,0.0,0.0641088,0.0,0.0,0.09507326399999998,0.03424018501225883,0.0147744,-0.1440878490122588,0.010017,0.0,0.35045580901225887,-0.35045580901225887,-0.16846142399999997,0.023826542581225883,-0.0957258,0.12166243199999999
100,AI panopticon consolidation across dual regimes,0.0,1.0,0.78,0.0,12.278144408916203,0.1,0.96,0.72,0.86,0.42,0.9,0.45,0.95,0.1,0.76,0.9,44.072846125482435,24.10233772487319,49.22248273995673,0.20759477499920154,0.029643182781253927,0.0,0.0,0.0,0.1169088,0.0,0.01533336,0.0,0.0,0.0,0.0641088,0.0,0.0,0.09507326399999998,0.03424018501225883,0.0147744,-0.1440878490122588,0.010017,0.0,0.35045580901225887,-0.35045580901225887,-0.16846142399999997,0.023826542581225883,-0.0957258,0.12166243199999999
101,AI panopticon consolidation across dual regimes,0.0,1.0,0.78,0.0,12.399806840916204,0.1,0.96,0.72,0.86,0.42,0.9,0.45,0.95,0.1,0.76,0.9,44.32331766422761,24.239314347624457,49.502220312557164,0.20759477499920154,0.029371573917972835,0.0,0.0,0.0,0.1169088,0.0,0.01533336,0.0,0.0,0.0,0.0641088,0.0,0.0,0.09507326399999998,0.03424018501225883,0.0147744,-0.1440878490122588,0.010017,0.0,0.35045580901225887,-0.35045580901225887,-0.16846142399999997,0.023826542581225883,-0.0957258,0.12166243199999999
102,AI panopticon consolidation across dual regimes,0.0,1.0,0.78,0.0,12.521469272916205,0.1,0.96,0.72,0.86,0.42,0.9,0.45,0.95,0.1,0.76,0.9,44.57128448758534,24.37492120414821,49.77916050943159,0.20759477499920154,0.029104897154870777,0.0,0.0,0.0,0.1169088,0.0,0.01533336,0.0,0.0,0.0,0.0641088,0.0,0.0,0.09507326399999998,0.03424018501225883,0.0147744,-0.1440878490122588,0.010017,0.0,0.35045580901225887,-0.35045580901225887,-0.16846142399999997,0.023826542581225883,-0.0957258,0.12166243199999999
103,AI panopticon consolidation across dual regimes,0.0,1.0,0.78,0.0,12.643131704916206,0.1,0.96,0.72,0.86,0.42,0.9,0.45,0.95,0.1,0.76,0.9,44.81677164270948,24.50917199210673,50.05333130433728,0.20759477499920154,0.028843019358937454,0.0,0.0,0.0,0.1169088,0.0,0.01533336,0.0,0.0,0.0,0.0641088,0.0,0.0,0.09507326399999998,0.03424018501225883,0.0147744,-0.1440878490122588,0.010017,0.0,0.35045580901225887,-0.35045580901225887,-0.16846142399999997,0.023826542581225883,-0.0957258,0.12166243199999999
104,AI panopticon consolidation across dual regimes,0.0,1.0,0.78,0.0,12.764794136916207,0.1,0.96,0.72,0.86,0.42,0.9,0.45,0.95,0.1,0.76,0.9,45.05980392628239,24.642080272185662,50.32476039129391,0.20759477499920154,0.028585812146009432,0.0,0.0,0.0,0.1169088,0.0,0.01533336,0.0,0.0,0.0,0.0641088,0.0,0.0,0.09507326399999998,0.03424018501225883,0.0147744,-0.1440878490122588,0.010017,0.0,0.35045580901225887,-0.35045580901225887,-0.16846142399999997,0.023826542581225883,-0.0957258,0.12166243199999999
105,AI panopticon consolidation across dual regimes,0.0,1.0,0.78,0.0,12.886456568916207,0.1,0.96,0.72,0.86,0.42,0.9,0.45,0.95,0.1,0.76,0.9,45.30040588701957,24.773659469463805,50.59347518738097,0.20759477499920154,0.028333151670902768,0.0,0.0,0.0,0.1169088,0.0,0.01533336,0.0,0.0,0.0,0.0641088,0.0,0.0,0.09507326399999998,0.03424018501225883,0.0147744,-0.1440878490122588,0.010017,0.0,0.35045580901225887,-0.35045580901225887,-0.16846142399999997,0.023826542581225883,-0.0957258,0.12166243199999999
106,AI panopticon consolidation across dual regimes,0.0,1.0,0.78,0.0,13.008119000916208,0.1,0.96,0.72,0.86,0.42,0.9,0.45,0.95,0.1,0.76,0.9,45.538601828149375,24.903922874769165,50.85950283550716,0.20759477499920154,0.0280849184285778,0.0,0.0,0.0,0.1169088,0.0,0.01533336,0.0,0.0,0.0,0.0641088,0.0,0.0,0.09507326399999998,0.03424018501225883,0.0147744,-0.1440878490122588,0.010017,0.0,0.35045580901225887,-0.35045580901225887,-0.16846142399999997,0.023826542581225883,-0.0957258,0.12166243199999999
107,AI panopticon consolidation across dual regimes,0.0,1.0,0.78,0.0,13.129781432916209,0.1,0.96,0.72,0.86,0.42,0.9,0.45,0.95,0.1,0.76,0.9,45.77441580986788,25.032883646021475,51.12287020715208,0.20759477499920154,0.02784099706566541,0.0,0.0,0.0,0.1169088,0.0,0.01533336,0.0,0.0,0.0,0.0641088,0.0,0.0,0.09507326399999998,0.03424018501225883,0.0147744,-0.1440878490122588,0.010017,0.0,0.35045580901225887,-0.35045580901225887,-0.16846142399999997,0.023826542581225883,-0.0957258,0.12166243199999999
108,AI panopticon consolidation across dual regimes,0.0,1.0,0.78,0.0,13.25144386491621,0.1,0.96,0.72,0.86,0.42,0.9,0.45,0.95,0.1,0.76,0.9,46.00787165176921,25.16055480956126,51.38360390508056,0.20759477499920154,0.027601276201730245,0.0,0.0,0.0,0.1169088,0.0,0.01533336,0.0,0.0,0.0,0.0641088,0.0,0.0,0.09507326399999998,0.03424018501225883,0.0147744,-0.1440878490122588,0.010017,0.0,0.35045580901225887,-0.35045580901225887,-0.16846142399999997,0.023826542581225883,-0.0957258,0.12166243199999999
109,AI panopticon consolidation across dual regimes,0.0,1.0,0.78,0.0,13.37310629691621,0.1,0.96,0.72,0.86,0.42,0.9,0.45,0.95,0.1,0.76,0.9,46.23899293525152,25.286949261465647,51.641730266029754,0.20759477499920154,0.02736564825968902,0.0,0.0,0.0,0.1169088,0.0,0.01533336,0.0,0.0,0.0,0.0641088,0.0,0.0,0.09507326399999998,0.03424018501225883,0.0147744,-0.1440878490122588,0.010017,0.0,0.35045580901225887,-0.35045580901225887,-0.16846142399999997,0.023826542581225883,-0.0957258,0.12166243199999999
110,AI panopticon consolidation across dual regimes,0.0,1.0,0.78,0.0,13.494768728916211,0.1,0.96,0.72,0.86,0.42,0.9,0.45,0.95,0.1,0.76,0.9,46.467803005899,25.41207976885099,51.89727536336945,0.20759477499920154,0.02713400930484147,0.0,0.0,0.0,0.1169088,0.0,0.01533336,0.0,0.0,0.0,0.0641088,0.0,0.0,0.09507326399999998,0.03424018501225883,0.0147744,-0.1440878490122588,0.010017,0.0,0.35045580901225887,-0.35045580901225887,-0.16846142399999997,0.023826542581225883,-0.0957258,0.12166243199999999
111,AI panopticon consolidation across dual regimes,0.0,1.0,0.78,0.0,13.616431160916212,0.1,0.96,0.72,0.86,0.42,0.9,0.45,0.95,0.1,0.76,0.9,46.69432497584001,25.53595897116248,52.150265009735755,0.20759477499920154,0.02690625889200791,0.0,0.0,0.0,0.1169088,0.0,0.01533336,0.0,0.0,0.0,0.0641088,0.0,0.0,0.09507326399999998,0.03424018501225883,0.0147744,-0.1440878490122588,0.010017,0.0,0.35045580901225887,-0.35045580901225887,-0.16846142399999997,0.023826542581225883,-0.0957258,0.12166243199999999
112,AI panopticon consolidation across dual regimes,0.0,1.0,0.78,0.0,13.738093592916213,0.1,0.96,0.72,0.86,0.42,0.9,0.45,0.95,0.1,0.76,0.9,46.91858172608161,25.658599381450856,52.40072475963839,0.20759477499920154,0.02668229992030102,0.0,0.0,0.0,0.1169088,0.0,0.01533336,0.0,0.0,0.0,0.0641088,0.0,0.0,0.09507326399999998,0.03424018501225883,0.0147744,-0.1440878490122588,0.010017,0.0,0.35045580901225887,-0.35045580901225887,-0.16846142399999997,0.023826542581225883,-0.0957258,0.12166243199999999
113,AI panopticon consolidation across dual regimes,0.0,1.0,0.78,0.0,13.859756024916214,0.1,0.96,0.72,0.86,0.42,0.9,0.45,0.95,0.1,0.76,0.9,47.1405959088208,25.780013387636348,52.648679912042006,0.20759477499920154,0.02646203849509081,0.0,0.0,0.0,0.1169088,0.0,0.01533336,0.0,0.0,0.0,0.0641088,0.0,0.0,0.09507326399999998,0.03424018501225883,0.0147744,-0.1440878490122588,0.010017,0.0,0.35045580901225887,-0.35045580901225887,-0.16846142399999997,0.023826542581225883,-0.0957258,0.12166243199999999
114,AI panopticon consolidation across dual regimes,0.0,1.0,0.78,0.0,13.981418456916215,0.1,0.96,0.72,0.86,0.42,0.9,0.45,0.95,0.1,0.76,0.9,47.36038994973259,25.900213253759986,52.894155512921586,0.20759477499920154,0.026245383796750392,0.0,0.0,0.0,0.1169088,0.0,0.01533336,0.0,0.0,0.0,0.0641088,0.0,0.0,0.09507326399999998,0.03424018501225883,0.0147744,-0.1440878490122588,0.010017,0.0,0.35045580901225887,-0.35045580901225887,-0.16846142399999997,0.023826542581225883,-0.0957258,0.12166243199999999
115,AI panopticon consolidation across dual regimes,0.0,1.0,0.78,0.0,14.103080888916216,0.1,0.96,0.72,0.86,0.42,0.9,0.45,0.95,0.1,0.76,0.9,47.57798605023527,26.019211121222387,53.13717635779237,0.20759477499920154,0.026032247955797228,0.0,0.0,0.0,0.1169088,0.0,0.01533336,0.0,0.0,0.0,0.0641088,0.0,0.0,0.09507326399999998,0.03424018501225883,0.0147744,-0.1440878490122588,0.010017,0.0,0.35045580901225887,-0.35045580901225887,-0.16846142399999997,0.023826542581225883,-0.0957258,0.12166243199999999
116,AI panopticon consolidation across dual regimes,0.0,1.0,0.78,0.0,14.224743320916216,0.1,0.96,0.72,0.86,0.42,0.9,0.45,0.95,0.1,0.76,0.9,47.79340618973292,26.137019010010164,53.37776699421445,0.20759477499920154,0.025822545934069092,0.0,0.0,0.0,0.1169088,0.0,0.01533336,0.0,0.0,0.0,0.0641088,0.0,0.0,0.09507326399999998,0.03424018501225883,0.0147744,-0.1440878490122588,0.010017,0.0,0.35045580901225887,-0.35045580901225887,-0.16846142399999997,0.023826542581225883,-0.0957258,0.12166243199999999
117,AI panopticon consolidation across dual regimes,0.0,1.0,0.78,0.0,14.346405752916217,0.1,0.96,0.72,0.86,0.42,0.9,0.45,0.95,0.1,0.76,0.9,48.00667212783559,26.25364881991006,53.6159517242723,0.20759477499920154,0.025616195411597258,0.0,0.0,0.0,0.1169088,0.0,0.01533336,0.0,0.0,0.0,0.0641088,0.0,0.0,0.09507326399999998,0.03424018501225883,0.0147744,-0.1440878490122588,0.010017,0.0,0.35045580901225887,-0.35045580901225887,-0.16846142399999997,0.023826542581225883,-0.0957258,0.12166243199999999
118,AI panopticon consolidation across dual regimes,0.0,1.0,0.78,0.0,14.468068184916218,0.1,0.96,0.72,0.86,0.42,0.9,0.45,0.95,0.1,0.76,0.9,48.21780540655724,26.369112331710962,53.85175460702958,0.20759477499920154,0.025413116678860773,0.0,0.0,0.0,0.1169088,0.0,0.01533336,0.0,0.0,0.0,0.0641088,0.0,0.0,0.09507326399999998,0.03424018501225883,0.0147744,-0.1440878490122588,0.010017,0.0,0.35045580901225887,-0.35045580901225887,-0.16846142399999997,0.023826542581225883,-0.0957258,0.12166243199999999
119,AI panopticon consolidation across dual regimes,0.0,1.0,0.78,0.0,14.589730616916219,0.1,0.96,0.72,0.86,0.42,0.9,0.45,0.95,0.1,0.76,0.9,48.42682735249167,26.483421208393853,54.08519946095928,0.20759477499920154,0.02521323253412543,0.0,0.0,0.0,0.1169088,0.0,0.01533336,0.0,0.0,0.0,0.0641088,0.0,0.0,0.09507326399999998,0.03424018501225883,0.0147744,-0.1440878490122588,0.010017,0.0,0.35045580901225887,-0.35045580901225887,-0.16846142399999997,0.023826542581225883,-0.0957258,0.12166243199999999
120,AI panopticon consolidation across dual regimes,0.0,1.0,0.78,0.0,14.71139304891622,0.1,0.96,0.72,0.86,0.42,0.9,0.45,0.95,0.1,0.76,0.9,48.633759078966754,26.596586996309913,54.316309866349684,0.20759477499920154,0.02501646818558981,0.0,0.0,0.0,0.1169088,0.0,0.01533336,0.0,0.0,0.0,0.0641088,0.0,0.0,0.09507326399999998,0.03424018501225883,0.0147744,-0.1440878490122588,0.010017,0.0,0.35045580901225887,-0.35045580901225887,-0.16846142399999997,0.023826542581225883,-0.0957258,0.12166243199999999
121,AI panopticon consolidation across dual regimes,0.0,1.0,0.78,0.0,14.83305548091622,0.1,0.96,0.72,0.86,0.42,0.9,0.45,0.95,0.1,0.76,0.9,48.83862148817709,26.708621126346813,54.545109167686185,0.20759477499920154,0.02482275115807776,0.0,0.0,0.0,0.1169088,0.0,0.01533336,0.0,0.0,0.0,0.0641088,0.0,0.0,0.09507326399999998,0.03424018501225883,0.0147744,-0.1440878490122588,0.010017,0.0,0.35045580901225887,-0.35045580901225887,-0.16846142399999997,0.023826542581225883,-0.0957258,0.12166243199999999
122,AI panopticon consolidation across dual regimes,0.0,1.0,0.78,0.0,14.954717912916221,0.1,0.96,0.72,0.86,0.42,0.9,0.45,0.95,0.1,0.76,0.9,49.04143527329532,26.819534915083345,54.771620476009325,0.20759477499920154,0.02463201120403272,0.0,0.0,0.0,0.1169088,0.0,0.01533336,0.0,0.0,0.0,0.0641088,0.0,0.0,0.09507326399999998,0.03424018501225883,0.0147744,-0.1440878490122588,0.010017,0.0,0.35045580901225887,-0.35045580901225887,-0.16846142399999997,0.023826542581225883,-0.0957258,0.12166243199999999
123,AI panopticon consolidation across dual regimes,0.0,1.0,0.78,0.0,15.076380344916222,0.1,0.96,0.72,0.86,0.42,0.9,0.45,0.95,0.1,0.76,0.9,49.24222092056237,26.929339565932512,54.99586667124923,0.20759477499920154,0.024444180218584344,0.0,0.0,0.0,0.1169088,0.0,0.01533336,0.0,0.0,0.0,0.0641088,0.0,0.0,0.09507326399999998,0.03424018501225883,0.0147744,-0.1440878490122588,0.010017,0.0,0.35045580901225887,-0.35045580901225887,-0.16846142399999997,0.023826542581225883,-0.0957258,0.12166243199999999
124,AI panopticon consolidation across dual regimes,0.0,1.0,0.78,0.0,15.198042776916223,0.1,0.96,0.72,0.86,0.42,0.9,0.45,0.95,0.1,0.76,0.9,49.44099871135675,27.038046170273187,55.21787040453674,0.20759477499920154,0.02425919215847169,0.0,0.0,0.0,0.1169088,0.0,0.01533336,0.0,0.0,0.0,0.0641088,0.0,0.0,0.09507326399999998,0.03424018501225883,0.0147744,-0.1440878490122588,0.010017,0.0,0.35045580901225887,-0.35045580901225887,-0.16846142399999997,0.023826542581225883,-0.0957258,0.12166243199999999
125,AI panopticon consolidation across dual regimes,0.0,1.0,0.78,0.0,15.319705208916224,0.1,0.96,0.72,0.86,0.42,0.9,0.45,0.95,0.1,0.76,0.9,49.63778872424318,27.145665708570455,55.43765410049137,0.20759477499920154,0.024076982964620124,0.0,0.0,0.0,0.1169088,0.0,0.01533336,0.0,0.0,0.0,0.0641088,0.0,0.0,0.09507326399999998,0.03424018501225883,0.0147744,-0.1440878490122588,0.010017,0.0,0.35045580901225887,-0.35045580901225887,-0.16846142399999997,0.023826542581225883,-0.0957258,0.12166243199999999
126,AI panopticon consolidation across dual regimes,0.0,1.0,0.78,0.0,15.441367640916225,0.1,0.96,0.72,0.86,0.42,0.9,0.45,0.95,0.1,0.76,0.9,49.83261083700075,27.25220905148475,55.65523995948646,0.20759477499920154,0.023897490488181405,0.0,0.0,0.0,0.1169088,0.0,0.01533336,0.0,0.0,0.0,0.0641088,0.0,0.0,0.09507326399999998,0.03424018501225883,0.0147744,-0.1440878490122588,0.010017,0.0,0.35045580901225887,-0.35045580901225887,-0.16846142399999997,0.023826542581225883,-0.0957258,0.12166243199999999
127,AI panopticon consolidation across dual regimes,0.0,1.0,0.78,0.0,15.563030072916225,0.1,0.96,0.72,0.86,0.42,0.9,0.45,0.95,0.1,0.76,0.9,50.025484728630744,27.357686960969904,55.870649959891594,0.20759477499920154,0.023720654419857407,0.0,0.0,0.0,0.1169088,0.0,0.01533336,0.0,0.0,0.0,0.0641088,0.0,0.0,0.09507326399999998,0.03424018501225883,0.0147744,-0.1440878490122588,0.010017,0.0,0.35045580901225887,-0.35045580901225887,-0.16846142399999997,0.023826542581225883,-0.0957258,0.12166243199999999
128,AI panopticon consolidation across dual regimes,0.0,1.0,0.78,0.0,15.684692504916226,0.1,0.96,0.72,0.86,0.42,0.9,0.45,0.95,0.1,0.76,0.9,50.21642988134444,27.462110091360206,56.083905860292674,0.20759477499920154,0.023546416222338797,0.0,0.0,0.0,0.1169088,0.0,0.01533336,0.0,0.0,0.0,0.0641088,0.0,0.0,0.09507326399999998,0.03424018501225883,0.0147744,-0.1440878490122588,0.010017,0.0,0.35045580901225887,-0.35045580901225887,-0.16846142399999997,0.023826542581225883,-0.0957258,0.12166243199999999
129,AI panopticon consolidation across dual regimes,0.0,1.0,0.78,0.0,15.806354936916227,0.1,0.96,0.72,0.86,0.42,0.9,0.45,0.95,0.1,0.76,0.9,50.405465582530994,27.565488990446603,56.295029201689744,0.20759477499920154,0.023374719065699566,0.0,0.0,0.0,0.1169088,0.0,0.01533336,0.0,0.0,0.0,0.0641088,0.0,0.0,0.09507326399999998,0.03424018501225883,0.0147744,-0.1440878490122588,0.010017,0.0,0.35045580901225887,-0.35045580901225887,-0.16846142399999997,0.023826542581225883,-0.0957258,0.12166243199999999
130,AI panopticon consolidation across dual regimes,0.0,1.0,0.78,0.0,15.928017368916228,0.1,0.96,0.72,0.86,0.42,0.9,0.45,0.95,0.1,0.76,0.9,50.59261092670569,27.667834100542137,56.50404130967284,0.20759477499920154,0.023205507765597655,0.0,0.0,0.0,0.1169088,0.0,0.01533336,0.0,0.0,0.0,0.0641088,0.0,0.0,0.09507326399999998,0.03424018501225883,0.0147744,-0.1440878490122588,0.010017,0.0,0.35045580901225887,-0.35045580901225887,-0.16846142399999997,0.023826542581225883,-0.0957258,0.12166243199999999
131,AI panopticon consolidation across dual regimes,0.0,1.0,0.78,0.0,16.049679800916227,0.1,0.96,0.72,0.86,0.42,0.9,0.45,0.95,0.1,0.76,0.9,50.77788481743863,27.769155759536716,56.71096329657611,0.20759477499920154,0.023038728724140523,0.0,0.0,0.0,0.1169088,0.0,0.01533336,0.0,0.0,0.0,0.0641088,0.0,0.0,0.09507326399999998,0.03424018501225883,0.0147744,-0.1440878490122588,0.010017,0.0,0.35045580901225887,-0.35045580901225887,-0.16846142399999997,0.023826542581225883,-0.0957258,0.12166243199999999
132,AI panopticon consolidation across dual regimes,0.0,1.0,0.78,0.0,16.171342232916228,0.1,0.96,0.72,0.86,0.42,0.9,0.45,0.95,0.1,0.76,0.9,50.961305969264245,27.869464201941348,56.91581606361035,0.20759477499920154,0.022874329873282542,0.0,0.0,0.0,0.1169088,0.0,0.01533336,0.0,0.0,0.0,0.0641088,0.0,0.0,0.09507326399999998,0.03424018501225883,0.0147744,-0.1440878490122588,0.010017,0.0,0.35045580901225887,-0.35045580901225887,-0.16846142399999997,0.023826542581225883,-0.0957258,0.12166243199999999
133,AI panopticon consolidation across dual regimes,0.0,1.0,0.78,0.0,16.29300466491623,0.1,0.96,0.72,0.86,0.42,0.9,0.45,0.95,0.1,0.76,0.9,51.14289290957161,27.968769559921935,57.11862030297424,0.20759477499920154,0.022712260620628602,0.0,0.0,0.0,0.1169088,0.0,0.01533336,0.0,0.0,0.0,0.0641088,0.0,0.0,0.09507326399999998,0.03424018501225883,0.0147744,-0.1440878490122588,0.010017,0.0,0.35045580901225887,-0.35045580901225887,-0.16846142399999997,0.023826542581225883,-0.0957258,0.12166243199999999
134,AI panopticon consolidation across dual regimes,0.0,1.0,0.78,0.0,16.41466709691623,0.1,0.96,0.72,0.86,0.42,0.9,0.45,0.95,0.1,0.76,0.9,51.322663980475895,28.067081864322716,57.3193964999445,0.20759477499920154,0.02255247179752549,0.0,0.0,0.0,0.1169088,0.0,0.01533336,0.0,0.0,0.0,0.0641088,0.0,0.0,0.09507326399999998,0.03424018501225883,0.0147744,-0.1440878490122588,0.010017,0.0,0.35045580901225887,-0.35045580901225887,-0.16846142399999997,0.023826542581225883,-0.0957258,0.12166243199999999
135,AI panopticon consolidation across dual regimes,0.0,1.0,0.78,0.0,16.53632952891623,0.1,0.96,0.72,0.86,0.42,0.9,0.45,0.95,0.1,0.76,0.9,51.50063734067114,28.16441104567949,57.518164934945055,0.20759477499920154,0.02239491560932915,0.0,0.0,0.0,0.1169088,0.0,0.01533336,0.0,0.0,0.0,0.0641088,0.0,0.0,0.09507326399999998,0.03424018501225883,0.0147744,-0.1440878490122588,0.010017,0.0,0.35045580901225887,-0.35045580901225887,-0.16846142399999997,0.023826542581225883,-0.0957258,0.12166243199999999
136,AI panopticon consolidation across dual regimes,0.0,1.0,0.78,0.0,16.65799196091623,0.1,0.96,0.72,0.86,0.42,0.9,0.45,0.95,0.1,0.76,0.9,51.67683096726443,28.260766935222694,57.7149456855956,0.20759477499920154,0.022239545587742077,0.0,0.0,0.0,0.1169088,0.0,0.01533336,0.0,0.0,0.0,0.0641088,0.0,0.0,0.09507326399999998,0.03424018501225883,0.0147744,-0.1440878490122588,0.010017,0.0,0.35045580901225887,-0.35045580901225887,-0.16846142399999997,0.023826542581225883,-0.0957258,0.12166243199999999
137,AI panopticon consolidation across dual regimes,0.0,1.0,0.78,0.0,16.779654392916232,0.1,0.96,0.72,0.86,0.42,0.9,0.45,0.95,0.1,0.76,0.9,51.85126265759179,28.356159265870467,57.909758628739645,0.20759477499920154,0.022086316545121127,0.0,0.0,0.0,0.1169088,0.0,0.01533336,0.0,0.0,0.0,0.0641088,0.0,0.0,0.09507326399999998,0.03424018501225883,0.0147744,-0.1440878490122588,0.010017,0.0,0.35045580901225887,-0.35045580901225887,-0.16846142399999997,0.023826542581225883,-0.0957258,0.12166243199999999
138,AI panopticon consolidation across dual regimes,0.0,1.0,0.78,0.0,16.901316824916233,0.1,0.96,0.72,0.86,0.42,0.9,0.45,0.95,0.1,0.76,0.9,52.02395003101587,28.450597673211764,58.10262344245225,0.20759477499920154,0.021935184530661282,0.0,0.0,0.0,0.1169088,0.0,0.01533336,0.0,0.0,0.0,0.0641088,0.0,0.0,0.09507326399999998,0.03424018501225883,0.0147744,-0.1440878490122588,0.010017,0.0,0.35045580901225887,-0.35045580901225887,-0.16846142399999997,0.023826542581225883,-0.0957258,0.12166243199999999
139,AI panopticon consolidation across dual regimes,0.0,1.0,0.78,0.0,17.022979256916233,0.1,0.96,0.72,0.86,0.42,0.9,0.45,0.95,0.1,0.76,0.9,52.19491053070571,28.544091696479647,58.29355960802773,0.20759477499920154,0.02178610678836611,0.0,0.0,0.0,0.1169088,0.0,0.01533336,0.0,0.0,0.0,0.0641088,0.0,0.0,0.09507326399999998,0.03424018501225883,0.0147744,-0.1440878490122588,0.010017,0.0,0.35045580901225887,-0.35045580901225887,-0.16846142399999997,0.023826542581225883,-0.0957258,0.12166243199999999
140,AI panopticon consolidation across dual regimes,0.0,1.0,0.78,0.0,17.144641688916234,0.1,0.96,0.72,0.86,0.42,0.9,0.45,0.95,0.1,0.76,0.9,52.364161425398656,28.636650779514852,58.48258641194745,0.20759477499920154,0.02163904171672058,0.0,0.0,0.0,0.1169088,0.0,0.01533336,0.0,0.0,0.0,0.0641088,0.0,0.0,0.09507326399999998,0.03424018501225883,0.0147744,-0.1440878490122588,0.010017,0.0,0.35045580901225887,-0.35045580901225887,-0.16846142399999997,0.023826542581225883,-0.0957258,0.12166243199999999
141,AI panopticon consolidation across dual regimes,0.0,1.0,0.78,0.0,17.266304120916235,0.1,0.96,0.72,0.86,0.42,0.9,0.45,0.95,0.1,0.76,0.9,52.53171981114467,28.728284271719705,58.66972294782798,0.20759477499920154,0.021493948829986204,0.0,0.0,0.0,0.1169088,0.0,0.01533336,0.0,0.0,0.0,0.0641088,0.0,0.0,0.09507326399999998,0.03424018501225883,0.0147744,-0.1440878490122588,0.010017,0.0,0.35045580901225887,-0.35045580901225887,-0.16846142399999997,0.023826542581225883,-0.0957258,0.12166243199999999
142,AI panopticon consolidation across dual regimes,0.0,1.0,0.78,0.0,17.387966552916236,0.1,0.96,0.72,0.86,0.42,0.9,0.45,0.95,0.1,0.76,0.9,52.697602613033226,28.81900142900251,58.854988118349695,0.20759477499920154,0.02135078872104302,0.0,0.0,0.0,0.1169088,0.0,0.01533336,0.0,0.0,0.0,0.0641088,0.0,0.0,0.09507326399999998,0.03424018501225883,0.0147744,-0.1440878490122588,0.010017,0.0,0.35045580901225887,-0.35045580901225887,-0.16846142399999997,0.023826542581225883,-0.0957258,0.12166243199999999
143,AI panopticon consolidation across dual regimes,0.0,1.0,0.78,0.0,17.509628984916237,0.1,0.96,0.72,0.86,0.42,0.9,0.45,0.95,0.1,0.76,0.9,52.86182658690289,28.90881141471248,59.0384006371662,0.20759477499920154,0.021209523025706615,0.0,0.0,0.0,0.1169088,0.0,0.01533336,0.0,0.0,0.0,0.0641088,0.0,0.0,0.09507326399999998,0.03424018501225883,0.0147744,-0.1440878490122588,0.010017,0.0,0.35045580901225887,-0.35045580901225887,-0.16846142399999997,0.023826542581225883,-0.0957258,0.12166243199999999
144,AI panopticon consolidation across dual regimes,0.0,1.0,0.78,0.0,17.631291416916238,0.1,0.96,0.72,0.86,0.42,0.9,0.45,0.95,0.1,0.76,0.9,53.02440832103387,28.997723300565358,59.21997903079453,0.20759477499920154,0.021070114388452445,0.0,0.0,0.0,0.1169088,0.0,0.01533336,0.0,0.0,0.0,0.0641088,0.0,0.0,0.09507326399999998,0.03424018501225883,0.0147744,-0.1440878490122588,0.010017,0.0,0.35045580901225887,-0.35045580901225887,-0.16846142399999997,0.023826542581225883,-0.0957258,0.12166243199999999
145,AI panopticon consolidation across dual regimes,0.0,1.0,0.78,0.0,17.75295384891624,0.1,0.96,0.72,0.86,0.42,0.9,0.45,0.95,0.1,0.76,0.9,53.18536423782353,29.085746067559704,59.39974164048659,0.20759477499920154,0.02093252642948306,0.0,0.0,0.0,0.1169088,0.0,0.01533336,0.0,0.0,0.0,0.0641088,0.0,0.0,0.09507326399999998,0.03424018501225883,0.0147744,-0.1440878490122588,0.010017,0.0,0.35045580901225887,-0.35045580901225887,-0.16846142399999997,0.023826542581225883,-0.0957258,0.12166243199999999
146,AI panopticon consolidation across dual regimes,0.0,1.0,0.78,0.0,17.87461628091624,0.1,0.96,0.72,0.86,0.42,0.9,0.45,0.95,0.1,0.76,0.9,53.34471059544529,29.172888606884108,59.57770662408172,0.20759477499920154,0.02079672371307727,0.0,0.0,0.0,0.1169088,0.0,0.01533336,0.0,0.0,0.0,0.0641088,0.0,0.0,0.09507326399999998,0.03424018501225883,0.0147744,-0.1440878490122588,0.010017,0.0,0.35045580901225887,-0.35045580901225887,-0.16846142399999997,0.023826542581225883,-0.0957258,0.12166243199999999
147,AI panopticon consolidation across dual regimes,0.0,1.0,0.78,0.0,17.99627871291624,0.1,0.96,0.72,0.86,0.42,0.9,0.45,0.95,0.1,0.76,0.9,53.50246348949084,29.259159720815266,59.7538919578409,0.20759477499920154,0.020662671717163412,0.0,0.0,0.0,0.1169088,0.0,0.01533336,0.0,0.0,0.0,0.0641088,0.0,0.0,0.09507326399999998,0.03424018501225883,0.0147744,-0.1440878490122588,0.010017,0.0,0.35045580901225887,-0.35045580901225887,-0.16846142399999997,0.023826542581225883,-0.0957258,0.12166243199999999
148,AI panopticon consolidation across dual regimes,0.0,1.0,0.78,0.0,18.11794114491624,0.1,0.96,0.72,0.86,0.42,0.9,0.45,0.95,0.1,0.76,0.9,53.658638854595935,29.344568123607115,59.92831543826249,0.20759477499920154,0.020530336804061803,0.0,0.0,0.0,0.1169088,0.0,0.01533336,0.0,0.0,0.0,0.0641088,0.0,0.0,0.09507326399999998,0.03424018501225883,0.0147744,-0.1440878490122588,0.010017,0.0,0.35045580901225887,-0.35045580901225887,-0.16846142399999997,0.023826542581225883,-0.0957258,0.12166243199999999
149,AI panopticon consolidation across dual regimes,0.0,1.0,0.78,0.0,18.23960357691624,0.1,0.96,0.72,0.86,0.42,0.9,0.45,0.95,0.1,0.76,0.9,53.813252466049974,29.429122442371042,60.10099468387986,0.20759477499920154,0.020399686192344363,0.0,0.0,0.0,0.1169088,0.0,0.01533336,0.0,0.0,0.0,0.0641088,0.0,0.0,0.09507326399999998,0.03424018501225883,0.0147744,-0.1440878490122588,0.010017,0.0,0.35045580901225887,-0.35045580901225887,-0.16846142399999997,0.023826542581225883,-0.0957258,0.12166243199999999
150,AI panopticon consolidation across dual regimes,0.0,1.0,0.78,0.0,18.361266008916242,0.1,0.96,0.72,0.86,0.42,0.9,0.45,0.95,0.1,0.76,0.9,53.96631994138948,29.512831217947333,60.27194713704106,0.20759477499920154,0.020270687929761902,0.0,0.0,0.0,0.1169088,0.0,0.01533336,0.0,0.0,0.0,0.0641088,0.0,0.0,0.09507326399999998,0.03424018501225883,0.0147744,-0.1440878490122588,0.010017,0.0,0.35045580901225887,-0.35045580901225887,-0.16846142399999997,0.023826542581225883,-0.0957258,0.12166243199999999
151,AI panopticon consolidation across dual regimes,0.0,1.0,0.78,0.0,18.482928440916243,0.1,0.96,0.72,0.86,0.42,0.9,0.45,0.95,0.1,0.76,0.9,54.11785674197559,29.59570290576786,60.44119006567065,0.20759477499920154,0.02014331086719212,0.0,0.0,0.0,0.1169088,0.0,0.01533336,0.0,0.0,0.0,0.0641088,0.0,0.0,0.09507326399999998,0.03424018501225883,0.0147744,-0.1440878490122588,0.010017,0.0,0.35045580901225887,-0.35045580901225887,-0.16846142399999997,0.023826542581225883,-0.0957258,0.12166243199999999
152,AI panopticon consolidation across dual regimes,0.0,1.0,0.78,0.0,18.604590872916244,0.1,0.96,0.72,0.86,0.42,0.9,0.45,0.95,0.1,0.76,0.9,54.26787817455583,29.67774587671018,60.60874056501394,0.20759477499920154,0.020017524633563714,0.0,0.0,0.0,0.1169088,0.0,0.01533336,0.0,0.0,0.0,0.0641088,0.0,0.0,0.09507326399999998,0.03424018501225883,0.0147744,-0.1440878490122588,0.010017,0.0,0.35045580901225887,-0.35045580901225887,-0.16846142399999997,0.023826542581225883,-0.0957258,0.12166243199999999
153,AI panopticon consolidation across dual regimes,0.0,1.0,0.78,0.0,18.726253304916245,0.1,0.96,0.72,0.86,0.42,0.9,0.45,0.95,0.1,0.76,0.9,54.41639939281028,29.758968417943077,60.774615559363795,0.20759477499920154,0.019893299611714176,0.0,0.0,0.0,0.1169088,0.0,0.01533336,0.0,0.0,0.0,0.0641088,0.0,0.0,0.09507326399999998,0.03424018501225883,0.0147744,-0.1440878490122588,0.010017,0.0,0.35045580901225887,-0.35045580901225887,-0.16846142399999997,0.023826542581225883,-0.0957258,0.12166243199999999
154,AI panopticon consolidation across dual regimes,0.0,1.0,0.78,0.0,18.847915736916246,0.1,0.96,0.72,0.86,0.42,0.9,0.45,0.95,0.1,0.76,0.9,54.56343539888218,29.839378733763645,60.93883180377016,0.20759477499920154,0.019770606915140994,0.0,0.0,0.0,0.1169088,0.0,0.01533336,0.0,0.0,0.0,0.0641088,0.0,0.0,0.09507326399999998,0.03424018501225883,0.0147744,-0.1440878490122588,0.010017,0.0,0.35045580901225887,-0.35045580901225887,-0.16846142399999997,0.023826542581225883,-0.0957258,0.12166243199999999
155,AI panopticon consolidation across dual regimes,0.0,1.0,0.78,0.0,18.969578168916247,0.1,0.96,0.72,0.86,0.42,0.9,0.45,0.95,0.1,0.76,0.9,54.709001044893355,29.918984946426008,61.101405885732454,0.20759477499920154,0.019649418365607893,0.0,0.0,0.0,0.1169088,0.0,0.01533336,0.0,0.0,0.0,0.0641088,0.0,0.0,0.09507326399999998,0.03424018501225883,0.0147744,-0.1440878490122588,0.010017,0.0,0.35045580901225887,-0.35045580901225887,-0.16846142399999997,0.023826542581225883,-0.0957258,0.12166243199999999
156,AI panopticon consolidation across dual regimes,0.0,1.0,0.78,0.0,19.091240600916247,0.1,0.96,0.72,0.86,0.42,0.9,0.45,0.95,0.1,0.76,0.9,54.853111034444424,29.99779509696175,61.26235422687513,0.20759477499920154,0.01952970647156967,0.0,0.0,0.0,0.1169088,0.0,0.01533336,0.0,0.0,0.0,0.0641088,0.0,0.0,0.09507326399999998,0.03424018501225883,0.0147744,-0.1440878490122588,0.010017,0.0,0.35045580901225887,-0.35045580901225887,-0.16846142399999997,0.023826542581225883,-0.0957258,0.12166243199999999
157,AI panopticon consolidation across dual regimes,0.0,1.0,0.78,0.0,19.21290303291625,0.1,0.96,0.72,0.86,0.42,0.9,0.45,0.95,0.1,0.76,0.9,54.995779924099985,30.075817145992133,61.42169308460638,0.20759477499920154,0.01941144440738091,0.0,0.0,0.0,0.1169088,0.0,0.01533336,0.0,0.0,0.0,0.0641088,0.0,0.0,0.09507326399999998,0.03424018501225883,0.0147744,-0.1440878490122588,0.010017,0.0,0.35045580901225887,-0.35045580901225887,-0.16846142399999997,0.023826542581225883,-0.0957258,0.12166243199999999
158,AI panopticon consolidation across dual regimes,0.0,1.0,0.78,0.0,19.33456546491625,0.1,0.96,0.72,0.86,0.42,0.9,0.45,0.95,0.1,0.76,0.9,55.13702212485899,30.15305897453221,61.57943855376032,0.20759477499920154,0.019294605993255595,0.0,0.0,0.0,0.1169088,0.0,0.01533336,0.0,0.0,0.0,0.0641088,0.0,0.0,0.09507326399999998,0.03424018501225883,0.0147744,-0.1440878490122588,0.010017,0.0,0.35045580901225887,-0.35045580901225887,-0.16846142399999997,0.023826542581225883,-0.0957258,0.12166243199999999
159,AI panopticon consolidation across dual regimes,0.0,1.0,0.78,0.0,19.45622789691625,0.1,0.96,0.72,0.86,0.42,0.9,0.45,0.95,0.1,0.76,0.9,55.2768519036104,30.22952838478689,61.735606568222714,0.20759477499920154,0.019179165675946068,0.0,0.0,0.0,0.1169088,0.0,0.01533336,0.0,0.0,0.0,0.0641088,0.0,0.0,0.09507326399999998,0.03424018501225883,0.0147744,-0.1440878490122588,0.010017,0.0,0.35045580901225887,-0.35045580901225887,-0.16846142399999997,0.023826542581225883,-0.0957258,0.12166243199999999
