work_lawfulness,ai_governance,net,work_to_kingdom_bleed,kingdom_to_work_bleed,ai_net
0.0,0.0,-0.14007933665019037,0.019877356800000006,0.0005282459518472142,-0.0609137635347909
0.0,0.0125,-0.13962620872024578,0.019819122356250003,0.0005348490262453043,-0.06052547312299443
0.0,0.025,-0.13917308079030122,0.019760887912500004,0.0005414521006433945,-0.06013718271119796
0.0,0.037500000000000006,-0.13871995286035665,0.019702653468750005,0.0005480551750414848,-0.05974889229940149
0.0,0.05,-0.13826682493041212,0.019644419025000002,0.000554658249439575,-0.059360601887605016
0.0,0.0625,-0.13781369700046756,0.019586184581250003,0.0005612613238376651,-0.05897231147580856
0.0,0.07500000000000001,-0.137360569070523,0.019527950137500003,0.0005678643982357553,-0.05858402106401209
0.0,0.08750000000000001,-0.13690744114057846,0.019469715693750004,0.0005744674726338454,-0.058195730652215616
0.0,0.1,-0.13645431321063387,0.019411481250000005,0.0005810705470319356,-0.05780744024041913
0.0,0.1125,-0.1360011852806893,0.019353246806250002,0.0005876736214300259,-0.05741914982862266
0.0,0.125,-0.1355480573507448,0.019295012362500006,0.000594276695828116,-0.0570308594168262
0.0,0.1375,-0.1350949294208002,0.019236777918750003,0.0006008797702262062,-0.05664256900502973
0.0,0.15000000000000002,-0.13464180149085564,0.019178543475000004,0.0006074828446242963,-0.05625427859323326
0.0,0.1625,-0.13418867356091108,0.01912030903125,0.0006140859190223866,-0.05586598818143679
0.0,0.17500000000000002,-0.13373554563096654,0.019062074587500002,0.0006206889934204767,-0.05547769776964033
0.0,0.1875,-0.13328241770102198,0.019003840143750002,0.0006272920678185668,-0.055089407357843845
0.0,0.2,-0.13282928977107744,0.018945605700000003,0.0006338951422166571,-0.05470111694604739
0.0,0.21250000000000002,-0.13237616184113288,0.018887371256250004,0.0006404982166147472,-0.054312826534250916
0.0,0.225,-0.1319230339111883,0.018829136812500005,0.0006471012910128375,-0.053924536122454444
0.0,0.23750000000000002,-0.13146990598124372,0.018770902368750002,0.0006537043654109276,-0.05353624571065797
0.0,0.25,-0.1310167780512992,0.018712667925000006,0.0006603074398090177,-0.053147955298861516
0.0,0.2625,-0.1305636501213546,0.01865443348125,0.0006669105142071079,-0.05275966488706503
0.0,0.275,-0.13011052219141003,0.018596199037500004,0.000673513588605198,-0.05237137447526856
0.0,0.28750000000000003,-0.1296573942614655,0.018537964593750005,0.0006801166630032884,-0.0519830840634721
0.0,0.30000000000000004,-0.12920426633152093,0.018479730150000002,0.0006867197374013785,-0.05159479365167563
0.0,0.3125,-0.12875113840157637,0.018421495706250006,0.0006933228117994687,-0.05120650323987916
0.0,0.325,-0.1282980104716318,0.018363261262500003,0.0006999258861975588,-0.05081821282808269
0.0,0.3375,-0.12784488254168724,0.018305026818750004,0.0007065289605956489,-0.050429922416286216
0.0,0.35000000000000003,-0.12739175461174268,0.018246792375000005,0.0007131320349937392,-0.05004163200448976
0.0,0.36250000000000004,-0.12693862668179814,0.018188557931250002,0.0007197351093918294,-0.04965334159269329
0.0,0.375,-0.12648549875185358,0.018130323487500006,0.0007263381837899196,-0.049265051180896816
0.0,0.3875,-0.12603237082190902,0.018072089043750003,0.0007329412581880097,-0.048876760769100344
0.0,0.4,-0.12557924289196445,0.0180138546,0.0007395443325860999,-0.04848847035730387
0.0,0.41250000000000003,-0.1251261149620199,0.017955620156250005,0.0007461474069841901,-0.0481001799455074
0.0,0.42500000000000004,-0.12467298703207531,0.017897385712500002,0.0007527504813822802,-0.04771188953371093
0.0,0.4375,-0.12421985910213078,0.017839151268750002,0.0007593535557803704,-0.04732359912191447
0.0,0.45,-0.12376673117218621,0.017780916825000003,0.0007659566301784606,-0.046935308710118
0.0,0.4625,-0.12331360324224164,0.017722682381250004,0.0007725597045765508,-0.04654701829832153
0.0,0.47500000000000003,-0.1228604753122971,0.017664447937500004,0.000779162778974641,-0.04615872788652506
0.0,0.48750000000000004,-0.12240734738235254,0.01760621349375,0.0007857658533727312,-0.04577043747472859
0.0,0.5,-0.12195421945240797,0.017547979050000002,0.0007923689277708213,-0.04538214706293213
0.0,0.5125000000000001,-0.12150109152246343,0.017489744606250003,0.0007989720021689115,-0.044993856651135644
0.0,0.525,-0.12104796359251886,0.0174315101625,0.0008055750765670017,-0.04460556623933917
0.0,0.5375,-0.12059483566257431,0.01737327571875,0.0008121781509650919,-0.044217275827542715
0.0,0.55,-0.12014170773262975,0.017315041275,0.0008187812253631821,-0.04382898541574623
0.0,0.5625,-0.11968857980268519,0.017256806831250006,0.0008253842997612722,-0.04344069500394977
0.0,0.5750000000000001,-0.11923545187274062,0.017198572387500003,0.0008319873741593625,-0.0430524045921533
0.0,0.5875,-0.11878232394279607,0.017140337943750004,0.0008385904485574525,-0.04266411418035683
0.0,0.6000000000000001,-0.11832919601285148,0.0170821035,0.0008451935229555427,-0.04227582376856036
0.0,0.6125,-0.11787606808290695,0.017023869056250005,0.000851796597353633,-0.0418875333567639
0.0,0.625,-0.1174229401529624,0.016965634612500006,0.0008583996717517231,-0.04149924294496743
0.0,0.6375000000000001,-0.1169698122230178,0.016907400168750003,0.0008650027461498134,-0.041110952533170944
0.0,0.65,-0.11651668429307324,0.016849165725000004,0.0008716058205479034,-0.04072266212137449
0.0,0.6625000000000001,-0.11606355636312868,0.01679093128125,0.0008782088949459937,-0.040334371709578015
0.0,0.675,-0.11561042843318413,0.016732696837500005,0.0008848119693440838,-0.039946081297781544
0.0,0.6875,-0.11515730050323959,0.016674462393750006,0.000891415043742174,-0.03955779088598507
0.0,0.7000000000000001,-0.114704172573295,0.016616227950000003,0.0008980181181402643,-0.0391695004741886
0.0,0.7125,-0.11425104464335045,0.016557993506250004,0.0009046211925383543,-0.038781210062392144
0.0,0.7250000000000001,-0.11379791671340589,0.016499759062500004,0.0009112242669364446,-0.03839291965059567
0.0,0.7375,-0.11334478878346135,0.01644152461875,0.0009178273413345347,-0.0380046292387992
0.0,0.75,-0.11289166085351679,0.016383290175000006,0.0009244304157326249,-0.03761633882700273
0.0,0.7625000000000001,-0.11243853292357221,0.01632505573125,0.0009310334901307151,-0.03722804841520626
0.0,0.775,-0.11198540499362765,0.016266821287500004,0.0009376365645288052,-0.03683975800340979
0.0,0.7875000000000001,-0.1115322770636831,0.016208586843750004,0.0009442396389268955,-0.036451467591613315
0.0,0.8,-0.11107914913373856,0.016150352400000005,0.0009508427133249856,-0.03606317717981686
0.0,0.8125,-0.11062602120379397,0.016092117956250006,0.0009574457877230758,-0.03567488676802038
0.0,0.8250000000000001,-0.11017289327384941,0.016033883512500003,0.000964048862121166,-0.035286596356223915
0.0,0.8375,-0.10971976534390486,0.01597564906875,0.000970651936519256,-0.034898305944427443
0.0,0.8500000000000001,-0.10926663741396032,0.015917414625000004,0.0009772550109173462,-0.03451001553263097
0.0,0.8625,-0.10881350948401575,0.01585918018125,0.0009838580853154366,-0.0341217251208345
0.0,0.875,-0.10836038155407118,0.015800945737500002,0.0009904611597135267,-0.03373343470903804
0.0,0.8875000000000001,-0.10790725362412662,0.015742711293750003,0.000997064234111617,-0.03334514429724157
0.0,0.9,-0.10745412569418207,0.015684476850000004,0.001003667308509707,-0.0329568538854451
0.0,0.9125000000000001,-0.10700099776423751,0.015626242406250004,0.0010102703829077972,-0.03256856347364863
0.0,0.925,-0.10654786983429294,0.015568007962500005,0.0010168734573058873,-0.03218027306185216
0.0,0.9375,-0.10609474190434838,0.015509773518750006,0.0010234765317039774,-0.031791982650055686
0.0,0.9500000000000001,-0.10564161397440383,0.015451539075000003,0.0010300796061020678,-0.031403692238259215
0.0,0.9625,-0.10518848604445928,0.015393304631250004,0.0010366826805001579,-0.031015401826462747
0.0,0.9750000000000001,-0.1047353581145147,0.015335070187500003,0.0010432857548982482,-0.030627111414666276
0.0,0.9875,-0.10428223018457014,0.015276835743750003,0.0010498888292963383,-0.03023882100286981
0.0,1.0,-0.10382910225462559,0.015218601300000002,0.0010564919036944284,-0.029850530591073343
0.0125,0.0,-0.13890382196014903,0.019628889840000007,0.0005282459518472142,-0.060848629409790904
0.0125,0.0125,-0.13844939850614582,0.01957138332679688,0.0005348490262453043,-0.06045831554338891
0.0125,0.025,-0.13799497505214262,0.019513876813593754,0.0005414521006433945,-0.06006800167698692
0.0125,0.037500000000000006,-0.1375405515981394,0.01945637030039063,0.0005480551750414848,-0.05967768781058493
0.0125,0.05,-0.1370861281441362,0.0193988637871875,0.000554658249439575,-0.05928737394418295
0.0125,0.0625,-0.136631704690133,0.01934135727398438,0.0005612613238376651,-0.05889706007778097
0.0125,0.07500000000000001,-0.13617728123612982,0.019283850760781252,0.0005678643982357553,-0.05850674621137898
0.0125,0.08750000000000001,-0.13572285778212662,0.01922634424757813,0.0005744674726338454,-0.058116432344976994
0.0125,0.1,-0.1352684343281234,0.019168837734375003,0.0005810705470319356,-0.057726118478575
0.0125,0.1125,-0.1348140108741202,0.019111331221171878,0.0005876736214300259,-0.05733580461217302
0.0125,0.125,-0.13435958742011703,0.019053824707968754,0.000594276695828116,-0.05694549074577104
0.0125,0.1375,-0.13390516396611382,0.01899631819476563,0.0006008797702262062,-0.05655517687936904
0.0125,0.15000000000000002,-0.13345074051211062,0.018938811681562504,0.0006074828446242963,-0.05616486301296706
0.0125,0.1625,-0.1329963170581074,0.01888130516835938,0.0006140859190223866,-0.05577454914656508
0.0125,0.17500000000000002,-0.13254189360410423,0.018823798655156255,0.0006206889934204767,-0.05538423528016309
0.0125,0.1875,-0.13208747015010103,0.01876629214195313,0.0006272920678185668,-0.0549939214137611
0.0125,0.2,-0.13163304669609782,0.018708785628750006,0.0006338951422166571,-0.05460360754735912
0.0125,0.21250000000000002,-0.13117862324209462,0.018651279115546877,0.0006404982166147472,-0.054213293680957134
0.0125,0.225,-0.1307241997880914,0.018593772602343753,0.0006471012910128375,-0.053822979814555146
0.0125,0.23750000000000002,-0.1302697763340882,0.018536266089140628,0.0006537043654109276,-0.05343266594815315
0.0125,0.25,-0.12981535288008503,0.018478759575937503,0.0006603074398090177,-0.05304235208175118
0.0125,0.2625,-0.12936092942608182,0.01842125306273438,0.0006669105142071079,-0.05265203821534919
0.0125,0.275,-0.12890650597207862,0.018363746549531254,0.000673513588605198,-0.0522617243489472
0.0125,0.28750000000000003,-0.1284520825180754,0.01830624003632813,0.0006801166630032884,-0.05187141048254522
0.0125,0.30000000000000004,-0.1279976590640722,0.018248733523125,0.0006867197374013785,-0.05148109661614323
0.0125,0.3125,-0.12754323561006903,0.01819122700992188,0.0006933228117994687,-0.05109078274974125
0.0125,0.325,-0.12708881215606582,0.018133720496718752,0.0006999258861975588,-0.050700468883339254
0.0125,0.3375,-0.12663438870206262,0.018076213983515627,0.0007065289605956489,-0.05031015501693727
0.0125,0.35000000000000003,-0.1261799652480594,0.018018707470312506,0.0007131320349937392,-0.04991984115053529
0.0125,0.36250000000000004,-0.1257255417940562,0.017961200957109374,0.0007197351093918294,-0.0495295272841333
0.0125,0.375,-0.12527111834005297,0.017903694443906257,0.0007263381837899196,-0.049139213417731316
0.0125,0.3875,-0.12481669488604981,0.017846187930703125,0.0007329412581880097,-0.04874889955132932
0.0125,0.4,-0.1243622714320466,0.017788681417500004,0.0007395443325860999,-0.04835858568492735
0.0125,0.41250000000000003,-0.12390784797804343,0.01773117490429688,0.0007461474069841901,-0.04796827181852535
0.0125,0.42500000000000004,-0.12345342452404019,0.01767366839109375,0.0007527504813822802,-0.04757795795212336
0.0125,0.4375,-0.122999001070037,0.01761616187789063,0.0007593535557803704,-0.04718764408572138
0.0125,0.45,-0.1225445776160338,0.017558655364687505,0.0007659566301784606,-0.046797330219319394
0.0125,0.4625,-0.12209015416203059,0.01750114885148438,0.0007725597045765508,-0.046407016352917406
0.0125,0.47500000000000003,-0.12163573070802738,0.017443642338281256,0.000779162778974641,-0.046016702486515425
0.0125,0.48750000000000004,-0.12118130725402418,0.017386135825078128,0.0007857658533727312,-0.04562638862011344
0.0125,0.5,-0.12072688380002097,0.017328629311875003,0.0007923689277708213,-0.045236074753711455
0.0125,0.5125000000000001,-0.1202724603460178,0.01727112279867188,0.0007989720021689115,-0.04484576088730947
0.0125,0.525,-0.11981803689201459,0.017213616285468754,0.0008055750765670017,-0.04445544702090748
0.0125,0.5375,-0.11936361343801138,0.01715610977226563,0.0008121781509650919,-0.0440651331545055
0.0125,0.55,-0.11890918998400818,0.017098603259062505,0.0008187812253631821,-0.0436748192881035
0.0125,0.5625,-0.11845476653000497,0.01704109674585938,0.0008253842997612722,-0.04328450542170153
0.0125,0.5750000000000001,-0.1180003430760018,0.016983590232656255,0.0008319873741593625,-0.042894191555299534
0.0125,0.5875,-0.11754591962199856,0.016926083719453127,0.0008385904485574525,-0.042503877688897546
0.0125,0.6000000000000001,-0.11709149616799538,0.016868577206250006,0.0008451935229555427,-0.04211356382249556
0.0125,0.6125,-0.11663707271399217,0.016811070693046878,0.000851796597353633,-0.041723249956093576
0.0125,0.625,-0.11618264925998899,0.016753564179843757,0.0008583996717517231,-0.041332936089691595
0.0125,0.6375000000000001,-0.11572822580598575,0.01669605766664063,0.0008650027461498134,-0.0409426222232896
0.0125,0.65,-0.11527380235198258,0.016638551153437504,0.0008716058205479034,-0.04055230835688762
0.0125,0.6625000000000001,-0.11481937889797937,0.01658104464023438,0.0008782088949459937,-0.04016199449048563
0.0125,0.675,-0.11436495544397617,0.016523538127031254,0.0008848119693440838,-0.03977168062408365
0.0125,0.6875,-0.11391053198997299,0.01646603161382813,0.000891415043742174,-0.03938136675768166
0.0125,0.7000000000000001,-0.11345610853596975,0.016408525100625005,0.0008980181181402643,-0.03899105289127967
0.0125,0.7125,-0.11300168508196658,0.016351018587421877,0.0009046211925383543,-0.03860073902487769
0.0125,0.7250000000000001,-0.11254726162796337,0.016293512074218756,0.0009112242669364446,-0.038210425158475704
0.0125,0.7375,-0.11209283817396017,0.016236005561015628,0.0009178273413345347,-0.037820111292073716
0.0125,0.75,-0.11163841471995697,0.016178499047812506,0.0009244304157326249,-0.037429797425671735
0.0125,0.7625000000000001,-0.11118399126595374,0.016120992534609375,0.0009310334901307151,-0.03703948355926975
0.0125,0.775,-0.11072956781195054,0.016063486021406254,0.0009376365645288052,-0.03664916969286776
0.0125,0.7875000000000001,-0.11027514435794733,0.01600597950820313,0.0009442396389268955,-0.03625885582646577
0.0125,0.8,-0.10982072090394418,0.015948472995000004,0.0009508427133249856,-0.03586854196006379
0.0125,0.8125,-0.10936629744994095,0.01589096648179688,0.0009574457877230758,-0.0354782280936618
0.0125,0.8250000000000001,-0.10891187399593777,0.01583345996859375,0.000964048862121166,-0.03508791422725981
0.0125,0.8375,-0.10845745054193455,0.015775953455390627,0.000970651936519256,-0.03469760036085783
0.0125,0.8500000000000001,-0.10800302708793136,0.015718446942187502,0.0009772550109173462,-0.034307286494455844
0.0125,0.8625,-0.10754860363392814,0.015660940428984377,0.0009838580853154366,-0.033916972628053856
0.0125,0.875,-0.10709418017992495,0.015603433915781256,0.0009904611597135267,-0.033526658761651874
0.0125,0.8875000000000001,-0.10663975672592174,0.015545927402578125,0.000997064234111617,-0.033136344895249886
0.0125,0.9,-0.10618533327191856,0.015488420889375002,0.001003667308509707,-0.0327460310288479
0.0125,0.9125000000000001,-0.10573090981791534,0.015430914376171879,0.0010102703829077972,-0.03235571716244591
0.0125,0.925,-0.10527648636391215,0.015373407862968756,0.0010168734573058873,-0.03196540329604392
0.0125,0.9375,-0.10482206290990895,0.01531590134976563,0.0010234765317039774,-0.03157508942964194
0.0125,0.9500000000000001,-0.10436763945590574,0.015258394836562505,0.0010300796061020678,-0.031184775563239956
0.0125,0.9625,-0.10391321600190254,0.015200888323359378,0.0010366826805001579,-0.030794461696837968
0.0125,0.9750000000000001,-0.10345879254789933,0.015143381810156255,0.0010432857548982482,-0.030404147830435983
0.0125,0.9875,-0.10300436909389613,0.015085875296953129,0.0010498888292963383,-0.030013833964033995
0.0125,1.0,-0.10254994563989295,0.015028368783750006,0.0010564919036944284,-0.029623520097632017
0.025,0.0,-0.13772830727010774,0.019380422880000008,0.0005282459518472142,-0.060783495284790906
0.025,0.0125,-0.1372725882920459,0.019323644297343755,0.0005348490262453043,-0.0603911579637834
0.025,0.025,-0.13681686931398404,0.019266865714687505,0.0005414521006433945,-0.05999882064277588
0.025,0.037500000000000006,-0.1363611503359222,0.019210087132031255,0.0005480551750414848,-0.05960648332176839
0.025,0.05,-0.13590543135786037,0.019153308549375005,0.000554658249439575,-0.05921414600076089
0.025,0.0625,-0.13544971237979853,0.019096529966718755,0.0005612613238376651,-0.058821808679753396
0.025,0.07500000000000001,-0.13499399340173668,0.019039751384062505,0.0005678643982357553,-0.058429471358745884
0.025,0.08750000000000001,-0.13453827442367483,0.01898297280140625,0.0005744674726338454,-0.058037134037738386
0.025,0.1,-0.13408255544561296,0.018926194218750005,0.0005810705470319356,-0.057644796716730874
0.025,0.1125,-0.13362683646755116,0.01886941563609375,0.0005876736214300259,-0.057252459395723376
0.025,0.125,-0.1331711174894893,0.018812637053437508,0.000594276695828116,-0.05686012207471587
0.025,0.1375,-0.13271539851142747,0.018755858470781255,0.0006008797702262062,-0.05646778475370837
0.025,0.15000000000000002,-0.1322596795333656,0.018699079888125004,0.0006074828446242963,-0.05607544743270087
0.025,0.1625,-0.1318039605553038,0.018642301305468758,0.0006140859190223866,-0.055683110111693364
0.025,0.17500000000000002,-0.13134824157724193,0.018585522722812504,0.0006206889934204767,-0.05529077279068586
0.025,0.1875,-0.1308925225991801,0.018528744140156254,0.0006272920678185668,-0.054898435469678354
0.025,0.2,-0.13043680362111823,0.0184719655575,0.0006338951422166571,-0.05450609814867086
0.025,0.21250000000000002,-0.12998108464305644,0.018415186974843754,0.0006404982166147472,-0.05411376082766335
0.025,0.225,-0.12952536566499456,0.018358408392187504,0.0006471012910128375,-0.05372142350665585
0.025,0.23750000000000002,-0.12906964668693272,0.018301629809531254,0.0006537043654109276,-0.05332908618564834
0.025,0.25,-0.12861392770887087,0.018244851226875004,0.0006603074398090177,-0.05293674886464085
0.025,0.2625,-0.12815820873080902,0.018188072644218754,0.0006669105142071079,-0.05254441154363334
0.025,0.275,-0.1277024897527472,0.018131294061562504,0.000673513588605198,-0.05215207422262584
0.025,0.28750000000000003,-0.12724677077468535,0.018074515478906254,0.0006801166630032884,-0.051759736901618336
0.025,0.30000000000000004,-0.1267910517966235,0.01801773689625,0.0006867197374013785,-0.05136739958061083
0.025,0.3125,-0.12633533281856166,0.017960958313593754,0.0006933228117994687,-0.05097506225960333
0.025,0.325,-0.1258796138404998,0.017904179730937504,0.0006999258861975588,-0.05058272493859582
0.025,0.3375,-0.125423894862438,0.017847401148281254,0.0007065289605956489,-0.050190387617588324
0.025,0.35000000000000003,-0.12496817588437613,0.017790622565625004,0.0007131320349937392,-0.049798050296580826
0.025,0.36250000000000004,-0.1245124569063143,0.01773384398296875,0.0007197351093918294,-0.04940571297557332
0.025,0.375,-0.12405673792825245,0.017677065400312508,0.0007263381837899196,-0.049013375654565816
0.025,0.3875,-0.1236010189501906,0.017620286817656254,0.0007329412581880097,-0.04862103833355831
0.025,0.4,-0.12314529997212877,0.017563508235000004,0.0007395443325860999,-0.04822870101255081
0.025,0.41250000000000003,-0.12268958099406692,0.017506729652343754,0.0007461474069841901,-0.0478363636915433
0.025,0.42500000000000004,-0.12223386201600506,0.017449951069687504,0.0007527504813822802,-0.0474440263705358
0.025,0.4375,-0.12177814303794324,0.017393172487031257,0.0007593535557803704,-0.047051689049528306
0.025,0.45,-0.12132242405988139,0.017336393904375004,0.0007659566301784606,-0.0466593517285208
0.025,0.4625,-0.12086670508181953,0.01727961532171875,0.0007725597045765508,-0.046267014407513296
0.025,0.47500000000000003,-0.1204109861037577,0.017222836739062504,0.000779162778974641,-0.0458746770865058
0.025,0.48750000000000004,-0.11995526712569585,0.01716605815640625,0.0007857658533727312,-0.04548233976549829
0.025,0.5,-0.11949954814763403,0.017109279573750004,0.0007923689277708213,-0.045090002444490795
0.025,0.5125000000000001,-0.11904382916957217,0.01705250099109375,0.0007989720021689115,-0.044697665123483284
0.025,0.525,-0.11858811019151033,0.016995722408437504,0.0008055750765670017,-0.044305327802475786
0.025,0.5375,-0.11813239121344848,0.016938943825781257,0.0008121781509650919,-0.04391299048146828
0.025,0.55,-0.11767667223538664,0.016882165243125004,0.0008187812253631821,-0.043520653160460776
0.025,0.5625,-0.1172209532573248,0.016825386660468754,0.0008253842997612722,-0.04312831583945328
0.025,0.5750000000000001,-0.11676523427926296,0.016768608077812504,0.0008319873741593625,-0.04273597851844577
0.025,0.5875,-0.1163095153012011,0.016711829495156254,0.0008385904485574525,-0.04234364119743827
0.025,0.6000000000000001,-0.11585379632313927,0.016655050912500004,0.0008451935229555427,-0.041951303876430764
0.025,0.6125,-0.11539807734507741,0.016598272329843754,0.000851796597353633,-0.041558966555423266
0.025,0.625,-0.11494235836701559,0.016541493747187504,0.0008583996717517231,-0.04116662923441577
0.025,0.6375000000000001,-0.11448663938895373,0.016484715164531254,0.0008650027461498134,-0.040774291913408256
0.025,0.65,-0.11403092041089188,0.016427936581875004,0.0008716058205479034,-0.04038195459240075
0.025,0.6625000000000001,-0.11357520143283006,0.016371157999218754,0.0008782088949459937,-0.03998961727139325
0.025,0.675,-0.1131194824547682,0.016314379416562504,0.0008848119693440838,-0.039597279950385755
0.025,0.6875,-0.11266376347670638,0.016257600833906257,0.000891415043742174,-0.03920494262937825
0.025,0.7000000000000001,-0.11220804449864452,0.016200822251250004,0.0008980181181402643,-0.038812605308370746
0.025,0.7125,-0.11175232552058267,0.016144043668593754,0.0009046211925383543,-0.03842026798736324
0.025,0.7250000000000001,-0.11129660654252084,0.016087265085937504,0.0009112242669364446,-0.038027930666355736
0.025,0.7375,-0.11084088756445899,0.016030486503281254,0.0009178273413345347,-0.03763559334534824
0.025,0.75,-0.11038516858639716,0.015973707920625007,0.0009244304157326249,-0.03724325602434074
0.025,0.7625000000000001,-0.10992944960833531,0.015916929337968753,0.0009310334901307151,-0.03685091870333323
0.025,0.775,-0.10947373063027346,0.015860150755312503,0.0009376365645288052,-0.03645858138232573
0.025,0.7875000000000001,-0.1090180116522116,0.015803372172656253,0.0009442396389268955,-0.03606624406131822
0.025,0.8,-0.1085622926741498,0.015746593590000007,0.0009508427133249856,-0.03567390674031073
0.025,0.8125,-0.10810657369608793,0.015689815007343757,0.0009574457877230758,-0.035281569419303216
0.025,0.8250000000000001,-0.1076508547180261,0.015633036424687503,0.000964048862121166,-0.03488923209829572
0.025,0.8375,-0.10719513573996424,0.015576257842031253,0.000970651936519256,-0.03449689477728822
0.025,0.8500000000000001,-0.10673941676190242,0.015519479259375003,0.0009772550109173462,-0.034104557456280715
0.025,0.8625,-0.10628369778384056,0.015462700676718752,0.0009838580853154366,-0.03371222013527321
0.025,0.875,-0.10582797880577874,0.015405922094062505,0.0009904611597135267,-0.033319882814265706
0.025,0.8875000000000001,-0.10537225982771688,0.015349143511406252,0.000997064234111617,-0.0329275454932582
0.025,0.9,-0.10491654084965506,0.015292364928750003,0.001003667308509707,-0.03253520817225071
0.025,0.9125000000000001,-0.1044608218715932,0.015235586346093755,0.0010102703829077972,-0.0321428708512432
0.025,0.925,-0.10400510289353135,0.015178807763437505,0.0010168734573058873,-0.03175053353023569
0.025,0.9375,-0.10354938391546953,0.015122029180781257,0.0010234765317039774,-0.031358196209228195
0.025,0.9500000000000001,-0.10309366493740767,0.015065250598125003,0.0010300796061020678,-0.03096585888822069
0.025,0.9625,-0.10263794595934585,0.015008472015468755,0.0010366826805001579,-0.030573521567213185
0.025,0.9750000000000001,-0.10218222698128397,0.014951693432812501,0.0010432857548982482,-0.03018118424620568
0.025,0.9875,-0.10172650800322214,0.014894914850156253,0.0010498888292963383,-0.029788846925198183
0.025,1.0,-0.1012707890251603,0.014838136267500003,0.0010564919036944284,-0.029396509604190685
0.037500000000000006,0.0,-0.13655279258006642,0.019131955920000006,0.0005282459518472142,-0.06071836115979091
0.037500000000000006,0.0125,-0.13609577807794596,0.01907590526789063,0.0005348490262453043,-0.06032400038417788
0.037500000000000006,0.025,-0.13563876357582544,0.019019854615781255,0.0005414521006433945,-0.05992963960856486
0.037500000000000006,0.037500000000000006,-0.13518174907370498,0.01896380396367188,0.0005480551750414848,-0.05953527883295184
0.037500000000000006,0.05,-0.1347247345715845,0.018907753311562504,0.000554658249439575,-0.05914091805733882
0.037500000000000006,0.0625,-0.134267720069464,0.018851702659453132,0.0005612613238376651,-0.05874655728172581
0.037500000000000006,0.07500000000000001,-0.13381070556734354,0.018795652007343754,0.0005678643982357553,-0.05835219650611279
0.037500000000000006,0.08750000000000001,-0.13335369106522305,0.01873960135523438,0.0005744674726338454,-0.05795783573049977
0.037500000000000006,0.1,-0.13289667656310253,0.018683550703125006,0.0005810705470319356,-0.05756347495488674
0.037500000000000006,0.1125,-0.13243966206098207,0.018627500051015627,0.0005876736214300259,-0.05716911417927373
0.037500000000000006,0.125,-0.13198264755886158,0.018571449398906256,0.000594276695828116,-0.056774753403660706
0.037500000000000006,0.1375,-0.13152563305674111,0.01851539874679688,0.0006008797702262062,-0.05638039262804769
0.037500000000000006,0.15000000000000002,-0.1310686185546206,0.018459348094687505,0.0006074828446242963,-0.05598603185243468
0.037500000000000006,0.1625,-0.13061160405250014,0.01840329744257813,0.0006140859190223866,-0.05559167107682165
0.037500000000000006,0.17500000000000002,-0.13015458955037962,0.018347246790468754,0.0006206889934204767,-0.05519731030120863
0.037500000000000006,0.1875,-0.12969757504825916,0.018291196138359382,0.0006272920678185668,-0.054802949525595605
0.037500000000000006,0.2,-0.12924056054613864,0.018235145486250003,0.0006338951422166571,-0.05440858874998259
0.037500000000000006,0.21250000000000002,-0.12878354604401818,0.01817909483414063,0.0006404982166147472,-0.054014227974369576
0.037500000000000006,0.225,-0.12832653154189771,0.018123044182031256,0.0006471012910128375,-0.05361986719875655
0.037500000000000006,0.23750000000000002,-0.1278695170397772,0.018066993529921877,0.0006537043654109276,-0.053225506423143526
0.037500000000000006,0.25,-0.1274125025376567,0.018010942877812505,0.0006603074398090177,-0.05283114564753052
0.037500000000000006,0.2625,-0.12695548803553625,0.01795489222570313,0.0006669105142071079,-0.05243678487191749
0.037500000000000006,0.275,-0.12649847353341576,0.017898841573593754,0.000673513588605198,-0.052042424096304475
0.037500000000000006,0.28750000000000003,-0.12604145903129527,0.01784279092148438,0.0006801166630032884,-0.051648063320691454
0.037500000000000006,0.30000000000000004,-0.12558444452917475,0.017786740269375004,0.0006867197374013785,-0.05125370254507843
0.037500000000000006,0.3125,-0.12512743002705431,0.017730689617265632,0.0006933228117994687,-0.05085934176946542
0.037500000000000006,0.325,-0.12467041552493381,0.017674638965156253,0.0006999258861975588,-0.050464980993852396
0.037500000000000006,0.3375,-0.12421340102281334,0.01761858831304688,0.0007065289605956489,-0.050070620218239374
0.037500000000000006,0.35000000000000003,-0.12375638652069286,0.017562537660937506,0.0007131320349937392,-0.049676259442626367
0.037500000000000006,0.36250000000000004,-0.12329937201857236,0.017506487008828127,0.0007197351093918294,-0.049281898667013345
0.037500000000000006,0.375,-0.12284235751645188,0.017450436356718755,0.0007263381837899196,-0.04888753789140032
0.037500000000000006,0.3875,-0.12238534301433138,0.01739438570460938,0.0007329412581880097,-0.0484931771157873
0.037500000000000006,0.4,-0.12192832851221092,0.017338335052500004,0.0007395443325860999,-0.04809881634017429
0.037500000000000006,0.41250000000000003,-0.12147131401009041,0.01728228440039063,0.0007461474069841901,-0.04770445556456126
0.037500000000000006,0.42500000000000004,-0.12101429950796994,0.017226233748281253,0.0007527504813822802,-0.04731009478894824
0.037500000000000006,0.4375,-0.12055728500584943,0.01717018309617188,0.0007593535557803704,-0.04691573401333522
0.037500000000000006,0.45,-0.12010027050372896,0.017114132444062503,0.0007659566301784606,-0.0465213732377222
0.037500000000000006,0.4625,-0.1196432560016085,0.01705808179195313,0.0007725597045765508,-0.04612701246210918
0.037500000000000006,0.47500000000000003,-0.11918624149948802,0.017002031139843755,0.000779162778974641,-0.04573265168649617
0.037500000000000006,0.48750000000000004,-0.11872922699736752,0.016945980487734377,0.0007857658533727312,-0.04533829091088314
0.037500000000000006,0.5,-0.11827221249524704,0.016889929835625008,0.0007923689277708213,-0.04494393013527013
0.037500000000000006,0.5125000000000001,-0.11781519799312654,0.01683387918351563,0.0007989720021689115,-0.04454956935965711
0.037500000000000006,0.525,-0.11735818349100606,0.016777828531406254,0.0008055750765670017,-0.044155208584044085
0.037500000000000006,0.5375,-0.11690116898888556,0.01672177787929688,0.0008121781509650919,-0.04376084780843107
0.037500000000000006,0.55,-0.1164441544867651,0.016665727227187503,0.0008187812253631821,-0.04336648703281805
0.037500000000000006,0.5625,-0.11598713998464462,0.01660967657507813,0.0008253842997612722,-0.042972126257205034
0.037500000000000006,0.5750000000000001,-0.11553012548252412,0.016553625922968752,0.0008319873741593625,-0.04257776548159201
0.037500000000000006,0.5875,-0.11507311098040364,0.01649757527085938,0.0008385904485574525,-0.042183404705978984
0.037500000000000006,0.6000000000000001,-0.11461609647828314,0.016441524618750005,0.0008451935229555427,-0.04178904393036597
0.037500000000000006,0.6125,-0.11415908197616267,0.01638547396664063,0.000851796597353633,-0.04139468315475295
0.037500000000000006,0.625,-0.1137020674740422,0.016329423314531258,0.0008583996717517231,-0.041000322379139933
0.037500000000000006,0.6375000000000001,-0.1132450529719217,0.01627337266242188,0.0008650027461498134,-0.04060596160352691
0.037500000000000006,0.65,-0.11278803846980119,0.016217322010312504,0.0008716058205479034,-0.04021160082791389
0.037500000000000006,0.6625000000000001,-0.11233102396768072,0.016161271358203128,0.0008782088949459937,-0.039817240052300876
0.037500000000000006,0.675,-0.11187400946556025,0.016105220706093756,0.0008848119693440838,-0.039422879276687854
0.037500000000000006,0.6875,-0.11141699496343976,0.01604917005398438,0.000891415043742174,-0.03902851850107484
0.037500000000000006,0.7000000000000001,-0.11095998046131927,0.015993119401875002,0.0008980181181402643,-0.03863415772546181
0.037500000000000006,0.7125,-0.1105029659591988,0.01593706874976563,0.0009046211925383543,-0.038239796949848796
0.037500000000000006,0.7250000000000001,-0.11004595145707832,0.015881018097656255,0.0009112242669364446,-0.037845436174235775
0.037500000000000006,0.7375,-0.10958893695495782,0.01582496744554688,0.0009178273413345347,-0.03745107539862275
0.037500000000000006,0.75,-0.10913192245283734,0.015768916793437508,0.0009244304157326249,-0.03705671462300974
0.037500000000000006,0.7625000000000001,-0.10867490795071685,0.01571286614132813,0.0009310334901307151,-0.03666235384739672
0.037500000000000006,0.775,-0.10821789344859638,0.015656815489218753,0.0009376365645288052,-0.036267993071783695
0.037500000000000006,0.7875000000000001,-0.10776087894647589,0.01560076483710938,0.0009442396389268955,-0.035873632296170674
0.037500000000000006,0.8,-0.1073038644443554,0.015544714185000004,0.0009508427133249856,-0.03547927152055766
0.037500000000000006,0.8125,-0.10684684994223491,0.015488663532890629,0.0009574457877230758,-0.03508491074494464
0.037500000000000006,0.8250000000000001,-0.10638983544011443,0.015432612880781254,0.000964048862121166,-0.03469054996933162
0.037500000000000006,0.8375,-0.10593282093799394,0.015376562228671878,0.000970651936519256,-0.03429618919371861
0.037500000000000006,0.8500000000000001,-0.10547580643587345,0.015320511576562503,0.0009772550109173462,-0.03390182841810558
0.037500000000000006,0.8625,-0.10501879193375298,0.015264460924453131,0.0009838580853154366,-0.03350746764249256
0.037500000000000006,0.875,-0.1045617774316325,0.015208410272343757,0.0009904611597135267,-0.033113106866879544
0.037500000000000006,0.8875000000000001,-0.10410476292951201,0.01515235962023438,0.000997064234111617,-0.03271874609126652
0.037500000000000006,0.9,-0.10364774842739152,0.015096308968125005,0.001003667308509707,-0.03232438531565351
0.037500000000000006,0.9125000000000001,-0.10319073392527103,0.015040258316015631,0.0010102703829077972,-0.031930024540040486
0.037500000000000006,0.925,-0.10273371942315054,0.014984207663906256,0.0010168734573058873,-0.031535663764427464
0.037500000000000006,0.9375,-0.10227670492103007,0.01492815701179688,0.0010234765317039774,-0.031141302988814443
0.037500000000000006,0.9500000000000001,-0.10181969041890958,0.014872106359687505,0.0010300796061020678,-0.030746942213201425
0.037500000000000006,0.9625,-0.10136267591678909,0.01481605570757813,0.0010366826805001579,-0.030352581437588403
0.037500000000000006,0.9750000000000001,-0.1009056614146686,0.014760005055468754,0.0010432857548982482,-0.029958220661975385
0.037500000000000006,0.9875,-0.10044864691254812,0.014703954403359379,0.0010498888292963383,-0.029563859886362367
0.037500000000000006,1.0,-0.09999163241042766,0.014647903751250007,0.0010564919036944284,-0.029169499110749352
0.05,0.0,-0.13537727789002513,0.018883488960000003,0.0005282459518472142,-0.0606532270347909
0.05,0.0125,-0.13491896786384597,0.018828166238437503,0.0005348490262453043,-0.06025684280457236
0.05,0.025,-0.1344606578376668,0.018772843516875002,0.0005414521006433945,-0.05986045857435381
0.05,0.037500000000000006,-0.1340023478114877,0.0187175207953125,0.0005480551750414848,-0.05946407434413529
0.05,0.05,-0.13354403778530857,0.01866219807375,0.000554658249439575,-0.05906769011391675
0.05,0.0625,-0.13308572775912947,0.018606875352187503,0.0005612613238376651,-0.058671305883698226
0.05,0.07500000000000001,-0.13262741773295034,0.018551552630625003,0.0005678643982357553,-0.05827492165347968
0.05,0.08750000000000001,-0.1321691077067712,0.018496229909062502,0.0005744674726338454,-0.05787853742326115
0.05,0.1,-0.13171079768059207,0.0184409071875,0.0005810705470319356,-0.057482153193042604
0.05,0.1125,-0.13125248765441294,0.0183855844659375,0.0005876736214300259,-0.05708576896282407
0.05,0.125,-0.13079417762823384,0.018330261744375003,0.000594276695828116,-0.056689384732605534
0.05,0.1375,-0.13033586760205468,0.018274939022812502,0.0006008797702262062,-0.056293000502386996
0.05,0.15000000000000002,-0.12987755757587557,0.018219616301250005,0.0006074828446242963,-0.05589661627216846
0.05,0.1625,-0.12941924754969644,0.0181642935796875,0.0006140859190223866,-0.05550023204194993
0.05,0.17500000000000002,-0.1289609375235173,0.018108970858125,0.0006206889934204767,-0.055103847811731395
0.05,0.1875,-0.1285026274973382,0.018053648136562503,0.0006272920678185668,-0.05470746358151286
0.05,0.2,-0.1280443174711591,0.017998325415000002,0.0006338951422166571,-0.054311079351294325
0.05,0.21250000000000002,-0.12758600744497994,0.0179430026934375,0.0006404982166147472,-0.05391469512107578
0.05,0.225,-0.12712769741880084,0.017887679971875004,0.0006471012910128375,-0.05351831089085725
0.05,0.23750000000000002,-0.12666938739262168,0.0178323572503125,0.0006537043654109276,-0.0531219266606387
0.05,0.25,-0.1262110773664426,0.017777034528750003,0.0006603074398090177,-0.05272554243042018
0.05,0.2625,-0.12575276734026344,0.017721711807187502,0.0006669105142071079,-0.05232915820020164
0.05,0.275,-0.1252944573140843,0.017666389085625,0.000673513588605198,-0.0519327739699831
0.05,0.28750000000000003,-0.1248361472879052,0.0176110663640625,0.0006801166630032884,-0.051536389739764564
0.05,0.30000000000000004,-0.12437783726172608,0.0175557436425,0.0006867197374013785,-0.051140005509546026
0.05,0.3125,-0.12391952723554696,0.017500420920937503,0.0006933228117994687,-0.0507436212793275
0.05,0.325,-0.12346121720936781,0.017445098199375002,0.0006999258861975588,-0.050347237049108956
0.05,0.3375,-0.12300290718318868,0.0173897754778125,0.0007065289605956489,-0.049950852818890425
0.05,0.35000000000000003,-0.12254459715700956,0.017334452756250004,0.0007131320349937392,-0.04955446858867189
0.05,0.36250000000000004,-0.12208628713083045,0.0172791300346875,0.0007197351093918294,-0.04915808435845335
0.05,0.375,-0.1216279771046513,0.017223807313125002,0.0007263381837899196,-0.04876170012823482
0.05,0.3875,-0.12116966707847218,0.0171684845915625,0.0007329412581880097,-0.04836531589801628
0.05,0.4,-0.12071135705229305,0.017113161870000004,0.0007395443325860999,-0.04796893166779775
0.05,0.41250000000000003,-0.12025304702611393,0.0170578391484375,0.0007461474069841901,-0.04757254743757921
0.05,0.42500000000000004,-0.11979473699993479,0.017002516426875,0.0007527504813822802,-0.047176163207360663
0.05,0.4375,-0.11933642697375567,0.016947193705312502,0.0007593535557803704,-0.04677977897714214
0.05,0.45,-0.11887811694757658,0.01689187098375,0.0007659566301784606,-0.0463833947469236
0.05,0.4625,-0.11841980692139742,0.0168365482621875,0.0007725597045765508,-0.04598701051670506
0.05,0.47500000000000003,-0.1179614968952183,0.016781225540625003,0.000779162778974641,-0.04559062628648653
0.05,0.48750000000000004,-0.11750318686903918,0.016725902819062503,0.0007857658533727312,-0.04519424205626799
0.05,0.5,-0.11704487684286007,0.016670580097500002,0.0007923689277708213,-0.04479785782604946
0.05,0.5125000000000001,-0.11658656681668093,0.0166152573759375,0.0007989720021689115,-0.044401473595830916
0.05,0.525,-0.11612825679050182,0.016559934654375,0.0008055750765670017,-0.044005089365612385
0.05,0.5375,-0.11566994676432267,0.0165046119328125,0.0008121781509650919,-0.04360870513539385
0.05,0.55,-0.11521163673814355,0.01644928921125,0.0008187812253631821,-0.04321232090517531
0.05,0.5625,-0.11475332671196442,0.016393966489687505,0.0008253842997612722,-0.042815936674956784
0.05,0.5750000000000001,-0.1142950166857853,0.016338643768125,0.0008319873741593625,-0.04241955244473824
0.05,0.5875,-0.11383670665960616,0.0162833210465625,0.0008385904485574525,-0.0420231682145197
0.05,0.6000000000000001,-0.11337839663342704,0.016227998325000003,0.0008451935229555427,-0.04162678398430116
0.05,0.6125,-0.11292008660724792,0.016172675603437502,0.000851796597353633,-0.04123039975408263
0.05,0.625,-0.11246177658106879,0.016117352881875,0.0008583996717517231,-0.0408340155238641
0.05,0.6375000000000001,-0.11200346655488964,0.0160620301603125,0.0008650027461498134,-0.040437631293645554
0.05,0.65,-0.11154515652871053,0.016006707438750004,0.0008716058205479034,-0.04004124706342702
0.05,0.6625000000000001,-0.11108684650253141,0.0159513847171875,0.0008782088949459937,-0.039644862833208484
0.05,0.675,-0.11062853647635229,0.015896061995625002,0.0008848119693440838,-0.03924847860298995
0.05,0.6875,-0.11017022645017316,0.015840739274062505,0.000891415043742174,-0.03885209437277142
0.05,0.7000000000000001,-0.10971191642399404,0.0157854165525,0.0008980181181402643,-0.038455710142552876
0.05,0.7125,-0.10925360639781492,0.015730093830937503,0.0009046211925383543,-0.038059325912334345
0.05,0.7250000000000001,-0.10879529637163578,0.015674771109375003,0.0009112242669364446,-0.03766294168211581
0.05,0.7375,-0.10833698634545666,0.015619448387812504,0.0009178273413345347,-0.03726655745189727
0.05,0.75,-0.10787867631927753,0.015564125666250001,0.0009244304157326249,-0.036870173221678744
0.05,0.7625000000000001,-0.1074203662930984,0.0155088029446875,0.0009310334901307151,-0.0364737889914602
0.05,0.775,-0.10696205626691928,0.015453480223125001,0.0009376365645288052,-0.03607740476124166
0.05,0.7875000000000001,-0.10650374624074012,0.0153981575015625,0.0009442396389268955,-0.03568102053102313
0.05,0.8,-0.10604543621456103,0.015342834780000003,0.0009508427133249856,-0.0352846363008046
0.05,0.8125,-0.1055871261883819,0.015287512058437503,0.0009574457877230758,-0.03488825207058606
0.05,0.8250000000000001,-0.10512881616220278,0.015232189336875004,0.000964048862121166,-0.03449186784036752
0.05,0.8375,-0.10467050613602366,0.0151768666153125,0.000970651936519256,-0.03409548361014899
0.05,0.8500000000000001,-0.10421219610984453,0.015121543893750002,0.0009772550109173462,-0.033699099379930444
0.05,0.8625,-0.10375388608366538,0.015066221172187503,0.0009838580853154366,-0.03330271514971191
0.05,0.875,-0.10329557605748627,0.015010898450625003,0.0009904611597135267,-0.032906330919493375
0.05,0.8875000000000001,-0.10283726603130715,0.0149555757290625,0.000997064234111617,-0.03250994668927484
0.05,0.9,-0.10237895600512803,0.014900253007500003,0.001003667308509707,-0.03211356245905631
0.05,0.9125000000000001,-0.10192064597894887,0.014844930285937502,0.0010102703829077972,-0.03171717822883777
0.05,0.925,-0.10146233595276975,0.014789607564375001,0.0010168734573058873,-0.031320793998619235
0.05,0.9375,-0.10100402592659063,0.014734284842812504,0.0010234765317039774,-0.030924409768400697
0.05,0.9500000000000001,-0.10054571590041152,0.014678962121250002,0.0010300796061020678,-0.03052802553818216
0.05,0.9625,-0.1000874058742324,0.014623639399687501,0.0010366826805001579,-0.030131641307963627
0.05,0.9750000000000001,-0.09962909584805324,0.014568316678125002,0.0010432857548982482,-0.029735257077745082
0.05,0.9875,-0.09917078582187412,0.014512993956562505,0.0010498888292963383,-0.02933887284752655
0.05,1.0,-0.098712475795695,0.014457671235,0.0010564919036944284,-0.02894248861730802
0.0625,0.0,-0.1342017631999838,0.018635022000000005,0.0005282459518472142,-0.060588092909790905
0.0625,0.0125,-0.133742157649746,0.01858042720898438,0.0005348490262453043,-0.060189685224966843
0.0625,0.025,-0.1332825520995083,0.018525832417968752,0.0005414521006433945,-0.059791277540142795
0.0625,0.037500000000000006,-0.1328229465492705,0.018471237626953126,0.0005480551750414848,-0.05939286985531873
0.0625,0.05,-0.1323633409990327,0.0184166428359375,0.000554658249439575,-0.058994462170494685
0.0625,0.0625,-0.13190373544879494,0.018362048044921878,0.0005612613238376651,-0.05859605448567064
0.0625,0.07500000000000001,-0.13144412989855717,0.01830745325390625,0.0005678643982357553,-0.05819764680084659
0.0625,0.08750000000000001,-0.13098452434831942,0.01825285846289063,0.0005744674726338454,-0.057799239116022534
0.0625,0.1,-0.13052491879808165,0.018198263671875003,0.0005810705470319356,-0.057400831431198465
0.0625,0.1125,-0.13006531324784387,0.018143668880859373,0.0005876736214300259,-0.057002423746374424
0.0625,0.125,-0.12960570769760613,0.018089074089843754,0.000594276695828116,-0.05660401606155037
0.0625,0.1375,-0.12914610214736832,0.018034479298828128,0.0006008797702262062,-0.05620560837672632
0.0625,0.15000000000000002,-0.12868649659713055,0.017979884507812502,0.0006074828446242963,-0.055807200691902266
0.0625,0.1625,-0.12822689104689283,0.01792528971679688,0.0006140859190223866,-0.055408793007078225
0.0625,0.17500000000000002,-0.12776728549665503,0.01787069492578125,0.0006206889934204767,-0.05501038532225416
0.0625,0.1875,-0.12730767994641726,0.017816100134765627,0.0006272920678185668,-0.0546119776374301
0.0625,0.2,-0.1268480743961795,0.01776150534375,0.0006338951422166571,-0.05421356995260607
0.0625,0.21250000000000002,-0.12638846884594174,0.01770691055273438,0.0006404982166147472,-0.053815162267782005
0.0625,0.225,-0.125928863295704,0.017652315761718752,0.0006471012910128375,-0.05341675458295796
0.0625,0.23750000000000002,-0.1254692577454662,0.017597720970703126,0.0006537043654109276,-0.053018346898133895
0.0625,0.25,-0.12500965219522844,0.017543126179687504,0.0006603074398090177,-0.05261993921330985
0.0625,0.2625,-0.12455004664499067,0.017488531388671878,0.0006669105142071079,-0.0522215315284858
0.0625,0.275,-0.12409044109475288,0.01743393659765625,0.000673513588605198,-0.051823123843661736
0.0625,0.28750000000000003,-0.12363083554451514,0.017379341806640625,0.0006801166630032884,-0.05142471615883769
0.0625,0.30000000000000004,-0.12317122999427738,0.017324747015625,0.0006867197374013785,-0.05102630847401363
0.0625,0.3125,-0.1227116244440396,0.01727015222460938,0.0006933228117994687,-0.050627900789189585
0.0625,0.325,-0.1222520188938018,0.01721555743359375,0.0006999258861975588,-0.05022949310436553
0.0625,0.3375,-0.12179241334356407,0.017160962642578128,0.0007065289605956489,-0.049831085419541475
0.0625,0.35000000000000003,-0.1213328077933263,0.017106367851562505,0.0007131320349937392,-0.04943267773471743
0.0625,0.36250000000000004,-0.12087320224308853,0.017051773060546876,0.0007197351093918294,-0.04903427004989337
0.0625,0.375,-0.12041359669285076,0.016997178269531253,0.0007263381837899196,-0.048635862365069324
0.0625,0.3875,-0.11995399114261299,0.016942583478515627,0.0007329412581880097,-0.04823745468024527
0.0625,0.4,-0.11949438559237523,0.0168879886875,0.0007395443325860999,-0.04783904699542122
0.0625,0.41250000000000003,-0.11903478004213747,0.01683339389648438,0.0007461474069841901,-0.04744063931059716
0.0625,0.42500000000000004,-0.11857517449189969,0.01677879910546875,0.0007527504813822802,-0.047042231625773104
0.0625,0.4375,-0.11811556894166192,0.016724204314453126,0.0007593535557803704,-0.046643823940949056
0.0625,0.45,-0.11765596339142415,0.016669609523437504,0.0007659566301784606,-0.046245416256125
0.0625,0.4625,-0.11719635784118639,0.016615014732421877,0.0007725597045765508,-0.045847008571300946
0.0625,0.47500000000000003,-0.11673675229094861,0.01656041994140625,0.000779162778974641,-0.0454486008864769
0.0625,0.48750000000000004,-0.11627714674071085,0.016505825150390625,0.0007857658533727312,-0.04505019320165285
0.0625,0.5,-0.11581754119047308,0.016451230359375006,0.0007923689277708213,-0.0446517855168288
0.0625,0.5125000000000001,-0.1153579356402353,0.016396635568359377,0.0007989720021689115,-0.04425337783200474
0.0625,0.525,-0.11489833008999754,0.016342040777343754,0.0008055750765670017,-0.04385497014718069
0.0625,0.5375,-0.1144387245397598,0.016287445986328128,0.0008121781509650919,-0.043456562462356636
0.0625,0.55,-0.11397911898952201,0.016232851195312502,0.0008187812253631821,-0.04305815477753258
0.0625,0.5625,-0.11351951343928424,0.01617825640429688,0.0008253842997612722,-0.04265974709270853
0.0625,0.5750000000000001,-0.11305990788904646,0.01612366161328125,0.0008319873741593625,-0.04226133940788448
0.0625,0.5875,-0.1126003023388087,0.016069066822265627,0.0008385904485574525,-0.04186293172306042
0.0625,0.6000000000000001,-0.11214069678857094,0.016014472031250004,0.0008451935229555427,-0.04146452403823637
0.0625,0.6125,-0.11168109123833317,0.01595987724023438,0.000851796597353633,-0.04106611635341232
0.0625,0.625,-0.11122148568809542,0.015905282449218752,0.0008583996717517231,-0.040667708668588265
0.0625,0.6375000000000001,-0.11076188013785762,0.015850687658203126,0.0008650027461498134,-0.04026930098376421
0.0625,0.65,-0.11030227458761986,0.0157960928671875,0.0008716058205479034,-0.03987089329894016
0.0625,0.6625000000000001,-0.10984266903738209,0.015741498076171877,0.0008782088949459937,-0.03947248561411611
0.0625,0.675,-0.10938306348714433,0.01568690328515625,0.0008848119693440838,-0.03907407792929206
0.0625,0.6875,-0.10892345793690658,0.015632308494140625,0.000891415043742174,-0.038675670244468004
0.0625,0.7000000000000001,-0.10846385238666878,0.015577713703125001,0.0008980181181402643,-0.03827726255964395
0.0625,0.7125,-0.10800424683643102,0.015523118912109377,0.0009046211925383543,-0.0378788548748199
0.0625,0.7250000000000001,-0.10754464128619326,0.015468524121093754,0.0009112242669364446,-0.037480447189995846
0.0625,0.7375,-0.1070850357359555,0.01541392933007813,0.0009178273413345347,-0.03708203950517179
0.0625,0.75,-0.10662543018571773,0.015359334539062505,0.0009244304157326249,-0.03668363182034774
0.0625,0.7625000000000001,-0.10616582463547994,0.015304739748046877,0.0009310334901307151,-0.03628522413552369
0.0625,0.775,-0.10570621908524219,0.015250144957031251,0.0009376365645288052,-0.03588681645069963
0.0625,0.7875000000000001,-0.1052466135350044,0.015195550166015627,0.0009442396389268955,-0.03548840876587558
0.0625,0.8,-0.10478700798476666,0.015140955375000003,0.0009508427133249856,-0.035090001081051536
0.0625,0.8125,-0.10432740243452888,0.015086360583984377,0.0009574457877230758,-0.034691593396227474
0.0625,0.8250000000000001,-0.1038677968842911,0.015031765792968752,0.000964048862121166,-0.034293185711403426
0.0625,0.8375,-0.10340819133405335,0.014977171001953128,0.000970651936519256,-0.03389477802657937
0.0625,0.8500000000000001,-0.10294858578381559,0.014922576210937503,0.0009772550109173462,-0.033496370341755316
0.0625,0.8625,-0.10248898023357782,0.014867981419921877,0.0009838580853154366,-0.03309796265693127
0.0625,0.875,-0.10202937468334004,0.014813386628906253,0.0009904611597135267,-0.03269955497210722
0.0625,0.8875000000000001,-0.10156976913310228,0.014758791837890625,0.000997064234111617,-0.03230114728728316
0.0625,0.9,-0.10111016358286452,0.014704197046875,0.001003667308509707,-0.03190273960245911
0.0625,0.9125000000000001,-0.10065055803262672,0.014649602255859378,0.0010102703829077972,-0.031504331917635055
0.0625,0.925,-0.10019095248238896,0.014595007464843754,0.0010168734573058873,-0.031105924232811003
0.0625,0.9375,-0.09973134693215122,0.014540412673828128,0.0010234765317039774,-0.03070751654798695
0.0625,0.9500000000000001,-0.09927174138191344,0.0144858178828125,0.0010300796061020678,-0.030309108863162897
0.0625,0.9625,-0.09881213583167568,0.014431223091796879,0.0010366826805001579,-0.02991070117833884
0.0625,0.9750000000000001,-0.0983525302814379,0.014376628300781253,0.0010432857548982482,-0.02951229349351479
0.0625,0.9875,-0.09789292473120013,0.014322033509765629,0.0010498888292963383,-0.02911388580869074
0.0625,1.0,-0.09743331918096237,0.014267438718750004,0.0010564919036944284,-0.02871547812386669
0.07500000000000001,0.0,-0.13302624850994246,0.018386555040000002,0.0005282459518472142,-0.06052295878479091
0.07500000000000001,0.0125,-0.13256534743564607,0.018332688179531254,0.0005348490262453043,-0.060122527645361336
0.07500000000000001,0.025,-0.13210444636134966,0.018278821319062503,0.0005414521006433945,-0.05972209650593176
0.07500000000000001,0.037500000000000006,-0.13164354528705324,0.018224954458593755,0.0005480551750414848,-0.05932166536650219
0.07500000000000001,0.05,-0.13118264421275683,0.018171087598125003,0.000554658249439575,-0.05892123422707262
0.07500000000000001,0.0625,-0.13072174313846047,0.018117220737656255,0.0005612613238376651,-0.05852080308764306
0.07500000000000001,0.07500000000000001,-0.130260842064164,0.0180633538771875,0.0005678643982357553,-0.05812037194821349
0.07500000000000001,0.08750000000000001,-0.12979994098986763,0.018009487016718752,0.0005744674726338454,-0.05771994080878392
0.07500000000000001,0.1,-0.12933903991557122,0.017955620156250005,0.0005810705470319356,-0.05731950966935434
0.07500000000000001,0.1125,-0.1288781388412748,0.01790175329578125,0.0005876736214300259,-0.056919078529924776
0.07500000000000001,0.125,-0.12841723776697841,0.017847886435312505,0.000594276695828116,-0.05651864739049521
0.07500000000000001,0.1375,-0.12795633669268197,0.01779401957484375,0.0006008797702262062,-0.05611821625106563
0.07500000000000001,0.15000000000000002,-0.12749543561838556,0.017740152714375002,0.0006074828446242963,-0.055717785111636074
0.07500000000000001,0.1625,-0.12703453454408917,0.01768628585390625,0.0006140859190223866,-0.0553173539722065
0.07500000000000001,0.17500000000000002,-0.12657363346979275,0.0176324189934375,0.0006206889934204767,-0.05491692283277693
0.07500000000000001,0.1875,-0.1261127323954963,0.017578552132968755,0.0006272920678185668,-0.05451649169334736
0.07500000000000001,0.2,-0.12565183132119995,0.0175246852725,0.0006338951422166571,-0.0541160605539178
0.07500000000000001,0.21250000000000002,-0.1251909302469035,0.017470818412031255,0.0006404982166147472,-0.05371562941448822
0.07500000000000001,0.225,-0.1247300291726071,0.0174169515515625,0.0006471012910128375,-0.05331519827505865
0.07500000000000001,0.23750000000000002,-0.12426912809831069,0.017363084691093753,0.0006537043654109276,-0.052914767135629086
0.07500000000000001,0.25,-0.12380822702401427,0.017309217830625,0.0006603074398090177,-0.052514335996199514
0.07500000000000001,0.2625,-0.12334732594971788,0.017255350970156253,0.0006669105142071079,-0.05211390485676994
0.07500000000000001,0.275,-0.12288642487542148,0.0172014841096875,0.000673513588605198,-0.05171347371734037
0.07500000000000001,0.28750000000000003,-0.12242552380112505,0.017147617249218754,0.0006801166630032884,-0.05131304257791081
0.07500000000000001,0.30000000000000004,-0.12196462272682863,0.017093750388750002,0.0006867197374013785,-0.050912611438481234
0.07500000000000001,0.3125,-0.12150372165253226,0.017039883528281254,0.0006933228117994687,-0.05051218029905167
0.07500000000000001,0.325,-0.1210428205782358,0.016986016667812503,0.0006999258861975588,-0.0501117491596221
0.07500000000000001,0.3375,-0.12058191950393941,0.01693214980734375,0.0007065289605956489,-0.049711318020192526
0.07500000000000001,0.35000000000000003,-0.12012101842964301,0.016878282946875003,0.0007131320349937392,-0.04931088688076297
0.07500000000000001,0.36250000000000004,-0.1196601173553466,0.01682441608640625,0.0007197351093918294,-0.048910455741333396
0.07500000000000001,0.375,-0.1191992162810502,0.016770549225937504,0.0007263381837899196,-0.048510024601903824
0.07500000000000001,0.3875,-0.11873831520675379,0.016716682365468753,0.0007329412581880097,-0.04810959346247425
0.07500000000000001,0.4,-0.11827741413245738,0.016662815505,0.0007395443325860999,-0.04770916232304469
0.07500000000000001,0.41250000000000003,-0.11781651305816096,0.016608948644531253,0.0007461474069841901,-0.04730873118361511
0.07500000000000001,0.42500000000000004,-0.11735561198386454,0.0165550817840625,0.0007527504813822802,-0.04690830004418554
0.07500000000000001,0.4375,-0.11689471090956813,0.016501214923593754,0.0007593535557803704,-0.04650786890475598
0.07500000000000001,0.45,-0.11643380983527174,0.016447348063125002,0.0007659566301784606,-0.04610743776532641
0.07500000000000001,0.4625,-0.11597290876097535,0.016393481202656254,0.0007725597045765508,-0.045707006625896836
0.07500000000000001,0.47500000000000003,-0.11551200768667891,0.016339614342187503,0.000779162778974641,-0.04530657548646727
0.07500000000000001,0.48750000000000004,-0.11505110661238252,0.01628574748171875,0.0007857658533727312,-0.0449061443470377
0.07500000000000001,0.5,-0.1145902055380861,0.016231880621250003,0.0007923689277708213,-0.044505713207608134
0.07500000000000001,0.5125000000000001,-0.11412930446378969,0.016178013760781252,0.0007989720021689115,-0.04410528206817856
0.07500000000000001,0.525,-0.11366840338949327,0.0161241469003125,0.0008055750765670017,-0.04370485092874899
0.07500000000000001,0.5375,-0.11320750231519686,0.016070280039843756,0.0008121781509650919,-0.04330441978931942
0.07500000000000001,0.55,-0.11274660124090044,0.016016413179375,0.0008187812253631821,-0.04290398864988985
0.07500000000000001,0.5625,-0.11228570016660405,0.015962546318906257,0.0008253842997612722,-0.04250355751046029
0.07500000000000001,0.5750000000000001,-0.11182479909230764,0.0159086794584375,0.0008319873741593625,-0.04210312637103072
0.07500000000000001,0.5875,-0.11136389801801122,0.015854812597968754,0.0008385904485574525,-0.041702695231601146
0.07500000000000001,0.6000000000000001,-0.1109029969437148,0.015800945737500002,0.0008451935229555427,-0.041302264092171574
0.07500000000000001,0.6125,-0.11044209586941842,0.015747078877031254,0.000851796597353633,-0.040901832952742
0.07500000000000001,0.625,-0.109981194795122,0.015693212016562503,0.0008583996717517231,-0.040501401813312445
0.07500000000000001,0.6375000000000001,-0.10952029372082558,0.01563934515609375,0.0008650027461498134,-0.04010097067388286
0.07500000000000001,0.65,-0.10905939264652917,0.015585478295625002,0.0008716058205479034,-0.039700539534453294
0.07500000000000001,0.6625000000000001,-0.10859849157223278,0.015531611435156252,0.0008782088949459937,-0.03930010839502373
0.07500000000000001,0.675,-0.10813759049793636,0.015477744574687502,0.0008848119693440838,-0.03889967725559416
0.07500000000000001,0.6875,-0.10767668942363998,0.015423877714218753,0.000891415043742174,-0.03849924611616459
0.07500000000000001,0.7000000000000001,-0.10721578834934353,0.015370010853750001,0.0008980181181402643,-0.03809881497673502
0.07500000000000001,0.7125,-0.10675488727504713,0.015316143993281251,0.0009046211925383543,-0.03769838383730545
0.07500000000000001,0.7250000000000001,-0.10629398620075073,0.015262277132812502,0.0009112242669364446,-0.037297952697875884
0.07500000000000001,0.7375,-0.10583308512645431,0.015208410272343756,0.0009178273413345347,-0.03689752155844631
0.07500000000000001,0.75,-0.10537218405215791,0.015154543411875002,0.0009244304157326249,-0.03649709041901675
0.07500000000000001,0.7625000000000001,-0.10491128297786148,0.015100676551406253,0.0009310334901307151,-0.03609665927958717
0.07500000000000001,0.775,-0.10445038190356508,0.0150468096909375,0.0009376365645288052,-0.035696228140157604
0.07500000000000001,0.7875000000000001,-0.10398948082926868,0.014992942830468753,0.0009442396389268955,-0.03529579700072803
0.07500000000000001,0.8,-0.10352857975497227,0.014939075970000004,0.0009508427133249856,-0.03489536586129847
0.07500000000000001,0.8125,-0.10306767868067586,0.014885209109531254,0.0009574457877230758,-0.034494934721868896
0.07500000000000001,0.8250000000000001,-0.10260677760637944,0.014831342249062502,0.000964048862121166,-0.034094503582439324
0.07500000000000001,0.8375,-0.10214587653208304,0.014777475388593753,0.000970651936519256,-0.03369407244300976
0.07500000000000001,0.8500000000000001,-0.10168497545778661,0.014723608528125003,0.0009772550109173462,-0.03329364130358019
0.07500000000000001,0.8625,-0.10122407438349021,0.014669741667656253,0.0009838580853154366,-0.032893210164150616
0.07500000000000001,0.875,-0.10076317330919381,0.014615874807187504,0.0009904611597135267,-0.03249277902472105
0.07500000000000001,0.8875000000000001,-0.10030227223489739,0.01456200794671875,0.000997064234111617,-0.03209234788529148
0.07500000000000001,0.9,-0.09984137116060098,0.01450814108625,0.001003667308509707,-0.031691916745861914
0.07500000000000001,0.9125000000000001,-0.09938047008630459,0.014454274225781254,0.0010102703829077972,-0.03129148560643234
0.07500000000000001,0.925,-0.09891956901200817,0.014400407365312501,0.0010168734573058873,-0.03089105446700277
0.07500000000000001,0.9375,-0.09845866793771176,0.014346540504843755,0.0010234765317039774,-0.030490623327573206
0.07500000000000001,0.9500000000000001,-0.09799776686341535,0.014292673644375,0.0010300796061020678,-0.030090192188143634
0.07500000000000001,0.9625,-0.09753686578911894,0.014238806783906252,0.0010366826805001579,-0.02968976104871407
0.07500000000000001,0.9750000000000001,-0.09707596471482252,0.0141849399234375,0.0010432857548982482,-0.02928932990928449
0.07500000000000001,0.9875,-0.09661506364052612,0.014131073062968754,0.0010498888292963383,-0.028888898769854926
0.07500000000000001,1.0,-0.09615416256622972,0.014077206202500005,0.0010564919036944284,-0.02848846763042536
0.08750000000000001,0.0,-0.13185073381990117,0.018138088080000007,0.0005282459518472142,-0.0604578246597909
0.08750000000000001,0.0125,-0.13138853722154611,0.018084949150078126,0.0005348490262453043,-0.06005537006575581
0.08750000000000001,0.025,-0.13092634062319103,0.018031810220156253,0.0005414521006433945,-0.059652915471720726
0.08750000000000001,0.037500000000000006,-0.13046414402483597,0.01797867129023438,0.0005480551750414848,-0.059250460877685644
0.08750000000000001,0.05,-0.13000194742648094,0.017925532360312503,0.000554658249439575,-0.05884800628365055
0.08750000000000001,0.0625,-0.12953975082812588,0.017872393430390626,0.0005612613238376651,-0.058445551689615474
0.08750000000000001,0.07500000000000001,-0.12907755422977085,0.01781925450046875,0.0005678643982357553,-0.05804309709558038
0.08750000000000001,0.08750000000000001,-0.12861535763141582,0.01776611557054688,0.0005744674726338454,-0.0576406425015453
0.08750000000000001,0.1,-0.12815316103306074,0.017712976640625006,0.0005810705470319356,-0.0572381879075102
0.08750000000000001,0.1125,-0.12769096443470568,0.017659837710703126,0.0005876736214300259,-0.05683573331347512
0.08750000000000001,0.125,-0.12722876783635065,0.017606698780781256,0.000594276695828116,-0.05643327871944003
0.08750000000000001,0.1375,-0.1267665712379956,0.01755355985085938,0.0006008797702262062,-0.05603082412540495
0.08750000000000001,0.15000000000000002,-0.12630437463964056,0.017500420920937503,0.0006074828446242963,-0.05562836953136987
0.08750000000000001,0.1625,-0.1258421780412855,0.01744728199101563,0.0006140859190223866,-0.05522591493733479
0.08750000000000001,0.17500000000000002,-0.12537998144293044,0.017394143061093752,0.0006206889934204767,-0.05482346034329969
0.08750000000000001,0.1875,-0.12491778484457539,0.01734100413117188,0.0006272920678185668,-0.05442100574926461
0.08750000000000001,0.2,-0.12445558824622036,0.017287865201250002,0.0006338951422166571,-0.05401855115522953
0.08750000000000001,0.21250000000000002,-0.1239933916478653,0.017234726271328125,0.0006404982166147472,-0.05361609656119443
0.08750000000000001,0.225,-0.12353119504951025,0.017181587341406252,0.0006471012910128375,-0.05321364196715935
0.08750000000000001,0.23750000000000002,-0.12306899845115517,0.017128448411484375,0.0006537043654109276,-0.052811187373124256
0.08750000000000001,0.25,-0.12260680185280015,0.017075309481562505,0.0006603074398090177,-0.05240873277908918
0.08750000000000001,0.2625,-0.1221446052544451,0.01702217055164063,0.0006669105142071079,-0.05200627818505409
0.08750000000000001,0.275,-0.12168240865609006,0.016969031621718755,0.000673513588605198,-0.051603823591019005
0.08750000000000001,0.28750000000000003,-0.12122021205773499,0.016915892691796882,0.0006801166630032884,-0.051201368996983916
0.08750000000000001,0.30000000000000004,-0.12075801545937993,0.016862753761875002,0.0006867197374013785,-0.050798914402948835
0.08750000000000001,0.3125,-0.1202958188610249,0.01680961483195313,0.0006933228117994687,-0.05039645980891375
0.08750000000000001,0.325,-0.11983362226266983,0.01675647590203125,0.0006999258861975588,-0.04999400521487866
0.08750000000000001,0.3375,-0.1193714256643148,0.01670333697210938,0.0007065289605956489,-0.049591550620843576
0.08750000000000001,0.35000000000000003,-0.11890922906595974,0.0166501980421875,0.0007131320349937392,-0.049189096026808495
0.08750000000000001,0.36250000000000004,-0.11844703246760467,0.016597059112265625,0.0007197351093918294,-0.048786641432773406
0.08750000000000001,0.375,-0.11798483586924961,0.016543920182343755,0.0007263381837899196,-0.04838418683873832
0.08750000000000001,0.3875,-0.11752263927089457,0.016490781252421878,0.0007329412581880097,-0.04798173224470323
0.08750000000000001,0.4,-0.11706044267253954,0.0164376423225,0.0007395443325860999,-0.047579277650668154
0.08750000000000001,0.41250000000000003,-0.11659824607418448,0.016384503392578128,0.0007461474069841901,-0.04717682305663306
0.08750000000000001,0.42500000000000004,-0.11613604947582941,0.016331364462656255,0.0007527504813822802,-0.046774368462597964
0.08750000000000001,0.4375,-0.11567385287747438,0.016278225532734378,0.0007593535557803704,-0.04637191386856289
0.08750000000000001,0.45,-0.11521165627911932,0.0162250866028125,0.0007659566301784606,-0.0459694592745278
0.08750000000000001,0.4625,-0.11474945968076425,0.016171947672890628,0.0007725597045765508,-0.04556700468049271
0.08750000000000001,0.47500000000000003,-0.11428726308240922,0.016118808742968754,0.000779162778974641,-0.04516455008645764
0.08750000000000001,0.48750000000000004,-0.11382506648405416,0.016065669813046878,0.0007857658533727312,-0.04476209549242254
0.08750000000000001,0.5,-0.11336286988569912,0.016012530883125004,0.0007923689277708213,-0.04435964089838747
0.08750000000000001,0.5125000000000001,-0.11290067328734406,0.015959391953203127,0.0007989720021689115,-0.04395718630435237
0.08750000000000001,0.525,-0.11243847668898901,0.015906253023281254,0.0008055750765670017,-0.04355473171031729
0.08750000000000001,0.5375,-0.11197628009063396,0.015853114093359377,0.0008121781509650919,-0.0431522771162822
0.08750000000000001,0.55,-0.11151408349227893,0.0157999751634375,0.0008187812253631821,-0.04274982252224711
0.08750000000000001,0.5625,-0.11105188689392385,0.01574683623351563,0.0008253842997612722,-0.04234736792821203
0.08750000000000001,0.5750000000000001,-0.11058969029556882,0.015693697303593754,0.0008319873741593625,-0.04194491333417694
0.08750000000000001,0.5875,-0.11012749369721377,0.015640558373671877,0.0008385904485574525,-0.041542458740141855
0.08750000000000001,0.6000000000000001,-0.10966529709885872,0.015587419443750004,0.0008451935229555427,-0.041140004146106766
0.08750000000000001,0.6125,-0.10920310050050366,0.01553428051382813,0.000851796597353633,-0.040737549552071685
0.08750000000000001,0.625,-0.10874090390214863,0.015481141583906255,0.0008583996717517231,-0.0403350949580366
0.08750000000000001,0.6375000000000001,-0.10827870730379356,0.015428002653984378,0.0008650027461498134,-0.03993264036400151
0.08750000000000001,0.65,-0.1078165107054385,0.015374863724062503,0.0008716058205479034,-0.039530185769966426
0.08750000000000001,0.6625000000000001,-0.10735431410708346,0.01532172479414063,0.0008782088949459937,-0.03912773117593134
0.08750000000000001,0.675,-0.1068921175087284,0.015268585864218752,0.0008848119693440838,-0.038725276581896256
0.08750000000000001,0.6875,-0.10642992091037337,0.015215446934296878,0.000891415043742174,-0.03832282198786117
0.08750000000000001,0.7000000000000001,-0.10596772431201829,0.015162308004375,0.0008980181181402643,-0.037920367393826086
0.08750000000000001,0.7125,-0.10550552771366326,0.015109169074453126,0.0009046211925383543,-0.037517912799791
0.08750000000000001,0.7250000000000001,-0.10504333111530821,0.015056030144531255,0.0009112242669364446,-0.03711545820575591
0.08750000000000001,0.7375,-0.10458113451695317,0.01500289121460938,0.0009178273413345347,-0.03671300361172083
0.08750000000000001,0.75,-0.10411893791859811,0.014949752284687506,0.0009244304157326249,-0.036310549017685746
0.08750000000000001,0.7625000000000001,-0.10365674132024305,0.014896613354765628,0.0009310334901307151,-0.03590809442365066
0.08750000000000001,0.775,-0.10319454472188799,0.014843474424843755,0.0009376365645288052,-0.03550563982961557
0.08750000000000001,0.7875000000000001,-0.10273234812353293,0.014790335494921878,0.0009442396389268955,-0.03510318523558048
0.08750000000000001,0.8,-0.1022701515251779,0.014737196565000003,0.0009508427133249856,-0.0347007306415454
0.08750000000000001,0.8125,-0.10180795492682283,0.014684057635078128,0.0009574457877230758,-0.03429827604751031
0.08750000000000001,0.8250000000000001,-0.10134575832846779,0.01463091870515625,0.000964048862121166,-0.03389582145347522
0.08750000000000001,0.8375,-0.10088356173011273,0.014577779775234377,0.000970651936519256,-0.03349336685944014
0.08750000000000001,0.8500000000000001,-0.1004213651317577,0.014524640845312502,0.0009772550109173462,-0.03309091226540505
0.08750000000000001,0.8625,-0.09995916853340263,0.014471501915390627,0.0009838580853154366,-0.03268845767136997
0.08750000000000001,0.875,-0.09949697193504758,0.014418362985468754,0.0009904611597135267,-0.03228600307733488
0.08750000000000001,0.8875000000000001,-0.09903477533669254,0.014365224055546879,0.000997064234111617,-0.031883548483299794
0.08750000000000001,0.9,-0.0985725787383375,0.014312085125625006,0.001003667308509707,-0.03148109388926471
0.08750000000000001,0.9125000000000001,-0.09811038213998242,0.014258946195703127,0.0010102703829077972,-0.031078639295229627
0.08750000000000001,0.925,-0.0976481855416274,0.014205807265781254,0.0010168734573058873,-0.030676184701194542
0.08750000000000001,0.9375,-0.09718598894327232,0.014152668335859379,0.0010234765317039774,-0.030273730107159457
0.08750000000000001,0.9500000000000001,-0.09672379234491728,0.014099529405937502,0.0010300796061020678,-0.02987127551312437
0.08750000000000001,0.9625,-0.09626159574656223,0.014046390476015627,0.0010366826805001579,-0.02946882091908928
0.08750000000000001,0.9750000000000001,-0.09579939914820716,0.013993251546093754,0.0010432857548982482,-0.029066366325054195
0.08750000000000001,0.9875,-0.09533720254985213,0.013940112616171878,0.0010498888292963383,-0.02866391173101911
0.08750000000000001,1.0,-0.09487500595149707,0.013886973686250003,0.0010564919036944284,-0.02826145713698403
0.1,0.0,-0.13067521912985985,0.017889621120000004,0.0005282459518472142,-0.060392690534790905
0.1,0.0125,-0.13021172700744618,0.017837210120625006,0.0005348490262453043,-0.05998821248615029
0.1,0.025,-0.12974823488503245,0.017784799121250004,0.0005414521006433945,-0.05958373443750969
0.1,0.037500000000000006,-0.12928474276261875,0.017732388121875005,0.0005480551750414848,-0.05917925638886909
0.1,0.05,-0.12882125064020508,0.017679977122500003,0.000554658249439575,-0.058774778340228484
0.1,0.0625,-0.12835775851779138,0.017627566123125007,0.0005612613238376651,-0.05837030029158789
0.1,0.07500000000000001,-0.1278942663953777,0.017575155123750005,0.0005678643982357553,-0.05796582224294729
0.1,0.08750000000000001,-0.12743077427296404,0.017522744124375003,0.0005744674726338454,-0.05756134419430668
0.1,0.1,-0.1269672821505503,0.017470333125000004,0.0005810705470319356,-0.05715686614566607
0.1,0.1125,-0.1265037900281366,0.017417922125625002,0.0005876736214300259,-0.05675238809702547
0.1,0.125,-0.12604029790572294,0.017365511126250004,0.000594276695828116,-0.05634791004838487
0.1,0.1375,-0.1255768057833092,0.017313100126875,0.0006008797702262062,-0.05594343199974427
0.1,0.15000000000000002,-0.12511331366089554,0.017260689127500003,0.0006074828446242963,-0.05553895395110367
0.1,0.1625,-0.12464982153848185,0.017208278128125004,0.0006140859190223866,-0.055134475902463065
0.1,0.17500000000000002,-0.12418632941606814,0.017155867128750002,0.0006206889934204767,-0.05472999785382246
0.1,0.1875,-0.12372283729365448,0.017103456129375007,0.0006272920678185668,-0.054325519805181854
0.1,0.2,-0.12325934517124076,0.01705104513,0.0006338951422166571,-0.05392104175654126
0.1,0.21250000000000002,-0.12279585304882709,0.016998634130625006,0.0006404982166147472,-0.05351656370790066
0.1,0.225,-0.12233236092641338,0.016946223131250007,0.0006471012910128375,-0.053112085659260046
0.1,0.23750000000000002,-0.12186886880399966,0.016893812131875,0.0006537043654109276,-0.05270760761061945
0.1,0.25,-0.12140537668158602,0.016841401132500006,0.0006603074398090177,-0.052303129561978856
0.1,0.2625,-0.1209418845591723,0.016788990133125004,0.0006669105142071079,-0.051898651513338244
0.1,0.275,-0.12047839243675862,0.016736579133750006,0.000673513588605198,-0.05149417346469764
0.1,0.28750000000000003,-0.1200149003143449,0.016684168134375003,0.0006801166630032884,-0.05108969541605704
0.1,0.30000000000000004,-0.11955140819193122,0.016631757135,0.0006867197374013785,-0.050685217367416435
0.1,0.3125,-0.11908791606951755,0.016579346135625006,0.0006933228117994687,-0.05028073931877584
0.1,0.325,-0.11862442394710383,0.01652693513625,0.0006999258861975588,-0.049876261270135225
0.1,0.3375,-0.11816093182469015,0.016474524136875,0.0007065289605956489,-0.04947178322149463
0.1,0.35000000000000003,-0.11769743970227647,0.016422113137500003,0.0007131320349937392,-0.049067305172854035
0.1,0.36250000000000004,-0.11723394757986276,0.016369702138125,0.0007197351093918294,-0.04866282712421342
0.1,0.375,-0.11677045545744907,0.016317291138750006,0.0007263381837899196,-0.048258349075572825
0.1,0.3875,-0.11630696333503536,0.016264880139375004,0.0007329412581880097,-0.04785387102693222
0.1,0.4,-0.11584347121262169,0.016212469140000005,0.0007395443325860999,-0.04744939297829162
0.1,0.41250000000000003,-0.115379979090208,0.016160058140625003,0.0007461474069841901,-0.04704491492965101
0.1,0.42500000000000004,-0.11491648696779429,0.016107647141250004,0.0007527504813822802,-0.046640436881010404
0.1,0.4375,-0.1144529948453806,0.016055236141875005,0.0007593535557803704,-0.046235958832369806
0.1,0.45,-0.11398950272296693,0.016002825142500003,0.0007659566301784606,-0.04583148078372921
0.1,0.4625,-0.11352601060055321,0.015950414143125004,0.0007725597045765508,-0.045427002735088595
0.1,0.47500000000000003,-0.11306251847813953,0.015898003143750002,0.000779162778974641,-0.045022524686448004
0.1,0.48750000000000004,-0.11259902635572584,0.015845592144375004,0.0007857658533727312,-0.0446180466378074
0.1,0.5,-0.11213553423331214,0.015793181145,0.0007923689277708213,-0.0442135685891668
0.1,0.5125000000000001,-0.11167204211089846,0.015740770145625003,0.0007989720021689115,-0.04380909054052619
0.1,0.525,-0.11120854998848477,0.015688359146250004,0.0008055750765670017,-0.0434046124918856
0.1,0.5375,-0.11074505786607108,0.015635948146875002,0.0008121781509650919,-0.04300013444324499
0.1,0.55,-0.11028156574365738,0.015583537147500003,0.0008187812253631821,-0.042595656394604386
0.1,0.5625,-0.1098180736212437,0.015531126148125005,0.0008253842997612722,-0.04219117834596379
0.1,0.5750000000000001,-0.10935458149882998,0.015478715148750002,0.0008319873741593625,-0.04178670029732318
0.1,0.5875,-0.10889108937641631,0.015426304149375004,0.0008385904485574525,-0.04138222224868258
0.1,0.6000000000000001,-0.10842759725400258,0.015373893150000005,0.0008451935229555427,-0.04097774420004197
0.1,0.6125,-0.10796410513158894,0.015321482150625005,0.000851796597353633,-0.040573266151401374
0.1,0.625,-0.10750061300917522,0.015269071151250002,0.0008583996717517231,-0.04016878810276077
0.1,0.6375000000000001,-0.10703712088676151,0.015216660151875004,0.0008650027461498134,-0.039764310054120164
0.1,0.65,-0.10657362876434782,0.015164249152500002,0.0008716058205479034,-0.03935983200547956
0.1,0.6625000000000001,-0.10611013664193414,0.015111838153125003,0.0008782088949459937,-0.03895535395683896
0.1,0.675,-0.10564664451952044,0.015059427153750004,0.0008848119693440838,-0.03855087590819836
0.1,0.6875,-0.10518315239710677,0.015007016154375006,0.000891415043742174,-0.03814639785955776
0.1,0.7000000000000001,-0.10471966027469307,0.014954605155000003,0.0008980181181402643,-0.03774191981091715
0.1,0.7125,-0.10425616815227937,0.014902194155625001,0.0009046211925383543,-0.03733744176227655
0.1,0.7250000000000001,-0.10379267602986568,0.014849783156250004,0.0009112242669364446,-0.03693296371363595
0.1,0.7375,-0.103329183907452,0.014797372156875006,0.0009178273413345347,-0.03652848566499535
0.1,0.75,-0.1028656917850383,0.014744961157500003,0.0009244304157326249,-0.03612400761635475
0.1,0.7625000000000001,-0.10240219966262461,0.014692550158125005,0.0009310334901307151,-0.03571952956771414
0.1,0.775,-0.1019387075402109,0.014640139158750003,0.0009376365645288052,-0.03531505151907354
0.1,0.7875000000000001,-0.1014752154177972,0.014587728159375004,0.0009442396389268955,-0.03491057347043293
0.1,0.8,-0.10101172329538353,0.014535317160000004,0.0009508427133249856,-0.03450609542179234
0.1,0.8125,-0.10054823117296982,0.014482906160625005,0.0009574457877230758,-0.03410161737315173
0.1,0.8250000000000001,-0.10008473905055612,0.014430495161250003,0.000964048862121166,-0.03369713932451113
0.1,0.8375,-0.09962124692814245,0.014378084161875,0.000970651936519256,-0.03329266127587053
0.1,0.8500000000000001,-0.09915775480572876,0.014325673162500005,0.0009772550109173462,-0.032888183227229924
0.1,0.8625,-0.09869426268331506,0.014273262163125003,0.0009838580853154366,-0.03248370517858932
0.1,0.875,-0.09823077056090136,0.014220851163750005,0.0009904611597135267,-0.03207922712994872
0.1,0.8875000000000001,-0.09776727843848768,0.014168440164375004,0.000997064234111617,-0.03167474908130812
0.1,0.9,-0.09730378631607399,0.014116029165000004,0.001003667308509707,-0.03127027103266752
0.1,0.9125000000000001,-0.09684029419366028,0.014063618165625003,0.0010102703829077972,-0.03086579298402691
0.1,0.925,-0.09637680207124658,0.014011207166250001,0.0010168734573058873,-0.03046131493538631
0.1,0.9375,-0.0959133099488329,0.013958796166875006,0.0010234765317039774,-0.030056836886745708
0.1,0.9500000000000001,-0.09544981782641922,0.013906385167500004,0.0010300796061020678,-0.029652358838105103
0.1,0.9625,-0.09498632570400552,0.013853974168125002,0.0010366826805001579,-0.029247880789464498
0.1,0.9750000000000001,-0.09452283358159182,0.013801563168750005,0.0010432857548982482,-0.028843402740823896
0.1,0.9875,-0.09405934145917813,0.013749152169375004,0.0010498888292963383,-0.028438924692183294
0.1,1.0,-0.09359584933676443,0.013696741170000004,0.0010564919036944284,-0.028034446643542696
0.1125,0.0,-0.12949970443981854,0.017641154160000002,0.0005282459518472142,-0.06032755640979091
0.1125,0.0125,-0.1290349167933462,0.017589471091171874,0.0005348490262453043,-0.05992105490654478
0.1125,0.025,-0.1285701291468739,0.017537788022343754,0.0005414521006433945,-0.05951455340329866
0.1125,0.037500000000000006,-0.12810534150040154,0.017486104953515626,0.0005480551750414848,-0.05910805190005254
0.1125,0.05,-0.12764055385392917,0.0174344218846875,0.000554658249439575,-0.05870155039680642
0.1125,0.0625,-0.1271757662074569,0.01738273881585938,0.0005612613238376651,-0.05829504889356031
0.1125,0.07500000000000001,-0.12671097856098454,0.017331055747031247,0.0005678643982357553,-0.05788854739031419
0.1125,0.08750000000000001,-0.1262461909145122,0.017279372678203123,0.0005744674726338454,-0.057482045887068074
0.1125,0.1,-0.12578140326803985,0.017227689609375003,0.0005810705470319356,-0.057075544383821945
0.1125,0.1125,-0.1253166156215675,0.017176006540546875,0.0005876736214300259,-0.056669042880575816
0.1125,0.125,-0.1248518279750952,0.01712432347171875,0.000594276695828116,-0.056262541377329715
0.1125,0.1375,-0.12438704032862284,0.017072640402890624,0.0006008797702262062,-0.055856039874083586
0.1125,0.15000000000000002,-0.12392225268215054,0.017020957334062503,0.0006074828446242963,-0.055449538370837465
0.1125,0.1625,-0.12345746503567821,0.016969274265234376,0.0006140859190223866,-0.055043036867591356
0.1125,0.17500000000000002,-0.12299267738920586,0.016917591196406248,0.0006206889934204767,-0.05463653536434523
0.1125,0.1875,-0.12252788974273351,0.016865908127578128,0.0006272920678185668,-0.05423003386109911
0.1125,0.2,-0.12206310209626119,0.01681422505875,0.0006338951422166571,-0.053823532357853
0.1125,0.21250000000000002,-0.12159831444978883,0.016762541989921876,0.0006404982166147472,-0.05341703085460687
0.1125,0.225,-0.1211335268033165,0.016710858921093752,0.0006471012910128375,-0.053010529351360754
0.1125,0.23750000000000002,-0.12066873915684417,0.016659175852265624,0.0006537043654109276,-0.052604027848114625
0.1125,0.25,-0.12020395151037185,0.0166074927834375,0.0006603074398090177,-0.05219752634486852
0.1125,0.2625,-0.11973916386389952,0.016555809714609373,0.0006669105142071079,-0.051791024841622395
0.1125,0.275,-0.11927437621742719,0.016504126645781252,0.000673513588605198,-0.05138452333837627
0.1125,0.28750000000000003,-0.11880958857095485,0.016452443576953125,0.0006801166630032884,-0.05097802183513016
0.1125,0.30000000000000004,-0.11834480092448249,0.016400760508125,0.0006867197374013785,-0.050571520331884036
0.1125,0.3125,-0.11788001327801016,0.01634907743929688,0.0006933228117994687,-0.05016501882863792
0.1125,0.325,-0.11741522563153783,0.01629739437046875,0.0006999258861975588,-0.04975851732539179
0.1125,0.3375,-0.1169504379850655,0.016245711301640625,0.0007065289605956489,-0.04935201582214568
0.1125,0.35000000000000003,-0.11648565033859318,0.0161940282328125,0.0007131320349937392,-0.04894551431889957
0.1125,0.36250000000000004,-0.11602086269212085,0.016142345163984374,0.0007197351093918294,-0.04853901281565345
0.1125,0.375,-0.1155560750456485,0.01609066209515625,0.0007263381837899196,-0.048132511312407325
0.1125,0.3875,-0.11509128739917615,0.016038979026328126,0.0007329412581880097,-0.0477260098091612
0.1125,0.4,-0.11462649975270384,0.0159872959575,0.0007395443325860999,-0.04731950830591509
0.1125,0.41250000000000003,-0.1141617121062315,0.015935612888671877,0.0007461474069841901,-0.046913006802668966
0.1125,0.42500000000000004,-0.11369692445975914,0.01588392981984375,0.0007527504813822802,-0.04650650529942284
0.1125,0.4375,-0.11323213681328684,0.015832246751015626,0.0007593535557803704,-0.04610000379617673
0.1125,0.45,-0.11276734916681451,0.0157805636821875,0.0007659566301784606,-0.045693502292930614
0.1125,0.4625,-0.11230256152034215,0.015728880613359374,0.0007725597045765508,-0.045287000789684485
0.1125,0.47500000000000003,-0.11183777387386981,0.01567719754453125,0.000779162778974641,-0.04488049928643837
0.1125,0.48750000000000004,-0.1113729862273975,0.015625514475703126,0.0007857658533727312,-0.04447399778319225
0.1125,0.5,-0.11090819858092515,0.015573831406875,0.0007923689277708213,-0.04406749627994614
0.1125,0.5125000000000001,-0.11044341093445283,0.015522148338046875,0.0007989720021689115,-0.04366099477670001
0.1125,0.525,-0.1099786232879805,0.01547046526921875,0.0008055750765670017,-0.043254493273453896
0.1125,0.5375,-0.10951383564150817,0.015418782200390627,0.0008121781509650919,-0.042847991770207774
0.1125,0.55,-0.10904904799503581,0.015367099131562499,0.0008187812253631821,-0.04244149026696165
0.1125,0.5625,-0.10858426034856347,0.015315416062734377,0.0008253842997612722,-0.042034988763715544
0.1125,0.5750000000000001,-0.10811947270209116,0.01526373299390625,0.0008319873741593625,-0.041628487260469416
0.1125,0.5875,-0.10765468505561882,0.015212049925078125,0.0008385904485574525,-0.041221985757223294
0.1125,0.6000000000000001,-0.1071898974091465,0.015160366856250001,0.0008451935229555427,-0.04081548425397717
0.1125,0.6125,-0.10672510976267414,0.015108683787421875,0.000851796597353633,-0.040408982750731064
0.1125,0.625,-0.10626032211620182,0.015057000718593751,0.0008583996717517231,-0.04000248124748494
0.1125,0.6375000000000001,-0.10579553446972947,0.015005317649765624,0.0008650027461498134,-0.03959597974423882
0.1125,0.65,-0.10533074682325713,0.0149536345809375,0.0008716058205479034,-0.039189478240992705
0.1125,0.6625000000000001,-0.10486595917678482,0.014901951512109378,0.0008782088949459937,-0.03878297673774658
0.1125,0.675,-0.10440117153031248,0.014850268443281254,0.0008848119693440838,-0.03837647523450046
0.1125,0.6875,-0.10393638388384016,0.014798585374453126,0.000891415043742174,-0.037969973731254346
0.1125,0.7000000000000001,-0.1034715962373678,0.014746902305625,0.0008980181181402643,-0.037563472228008224
0.1125,0.7125,-0.10300680859089546,0.014695219236796876,0.0009046211925383543,-0.03715697072476211
0.1125,0.7250000000000001,-0.10254202094442313,0.014643536167968752,0.0009112242669364446,-0.03675046922151599
0.1125,0.7375,-0.10207723329795082,0.014591853099140625,0.0009178273413345347,-0.03634396771826987
0.1125,0.75,-0.10161244565147848,0.0145401700303125,0.0009244304157326249,-0.03593746621502375
0.1125,0.7625000000000001,-0.10114765800500614,0.014488486961484375,0.0009310334901307151,-0.03553096471177763
0.1125,0.775,-0.1006828703585338,0.014436803892656247,0.0009376365645288052,-0.035124463208531506
0.1125,0.7875000000000001,-0.10021808271206147,0.014385120823828127,0.0009442396389268955,-0.034717961705285384
0.1125,0.8,-0.09975329506558914,0.014333437755000003,0.0009508427133249856,-0.034311460202039276
0.1125,0.8125,-0.0992885074191168,0.014281754686171877,0.0009574457877230758,-0.033904958698793154
0.1125,0.8250000000000001,-0.09882371977264447,0.01423007161734375,0.000964048862121166,-0.03349845719554703
0.1125,0.8375,-0.09835893212617211,0.014178388548515625,0.000970651936519256,-0.03309195569230092
0.1125,0.8500000000000001,-0.0978941444796998,0.014126705479687501,0.0009772550109173462,-0.032685454189054795
0.1125,0.8625,-0.09742935683322745,0.014075022410859376,0.0009838580853154366,-0.032278952685808666
0.1125,0.875,-0.09696456918675511,0.014023339342031252,0.0009904611597135267,-0.03187245118256256
0.1125,0.8875000000000001,-0.09649978154028278,0.013971656273203124,0.000997064234111617,-0.031465949679316436
0.1125,0.9,-0.09603499389381046,0.013919973204374998,0.001003667308509707,-0.03105944817607032
0.1125,0.9125000000000001,-0.09557020624733813,0.013868290135546878,0.0010102703829077972,-0.0306529466728242
0.1125,0.925,-0.09510541860086578,0.013816607066718754,0.0010168734573058873,-0.030246445169578078
0.1125,0.9375,-0.09464063095439346,0.013764923997890626,0.0010234765317039774,-0.029839943666331956
0.1125,0.9500000000000001,-0.09417584330792111,0.0137132409290625,0.0010300796061020678,-0.02943344216308584
0.1125,0.9625,-0.09371105566144877,0.013661557860234376,0.0010366826805001579,-0.02902694065983972
0.1125,0.9750000000000001,-0.09324626801497644,0.013609874791406249,0.0010432857548982482,-0.028620439156593597
0.1125,0.9875,-0.0927814803685041,0.013558191722578125,0.0010498888292963383,-0.02821393765334748
0.1125,1.0,-0.09231669272203179,0.013506508653750002,0.0010564919036944284,-0.027807436150101367
0.125,0.0,-0.12832418974977722,0.017392687200000003,0.0005282459518472142,-0.06026242228479091
0.125,0.0125,-0.1278581065792462,0.01734173206171875,0.0005348490262453043,-0.05985389732693927
0.125,0.025,-0.12739202340871528,0.0172907769234375,0.0005414521006433945,-0.05944537236908762
0.125,0.037500000000000006,-0.1269259402381843,0.01723982178515625,0.0005480551750414848,-0.05903684741123599
0.125,0.05,-0.1264598570676533,0.017188866646875,0.000554658249439575,-0.058628322453384354
0.125,0.0625,-0.12599377389712232,0.01713791150859375,0.0005612613238376651,-0.05821979749553273
0.125,0.07500000000000001,-0.12552769072659137,0.0170869563703125,0.0005678643982357553,-0.05781127253768109
0.125,0.08750000000000001,-0.1250616075560604,0.01703600123203125,0.0005744674726338454,-0.05740274757982945
0.125,0.1,-0.1245955243855294,0.01698504609375,0.0005810705470319356,-0.056994222621977814
0.125,0.1125,-0.12412944121499843,0.01693409095546875,0.0005876736214300259,-0.056585697664126175
0.125,0.125,-0.12366335804446747,0.016883135817187502,0.000594276695828116,-0.056177172706274536
0.125,0.1375,-0.12319727487393647,0.01683218067890625,0.0006008797702262062,-0.05576864774842291
0.125,0.15000000000000002,-0.12273119170340552,0.016781225540625003,0.0006074828446242963,-0.05536012279057127
0.125,0.1625,-0.12226510853287455,0.01673027040234375,0.0006140859190223866,-0.054951597832719634
0.125,0.17500000000000002,-0.12179902536234356,0.016679315264062498,0.0006206889934204767,-0.054543072874867995
0.125,0.1875,-0.12133294219181259,0.016628360125781252,0.0006272920678185668,-0.05413454791701636
0.125,0.2,-0.12086685902128161,0.0165774049875,0.0006338951422166571,-0.05372602295916473
0.125,0.21250000000000002,-0.12040077585075064,0.01652644984921875,0.0006404982166147472,-0.05331749800131309
0.125,0.225,-0.11993469268021965,0.016475494710937504,0.0006471012910128375,-0.052908973043461455
0.125,0.23750000000000002,-0.11946860950968868,0.01642453957265625,0.0006537043654109276,-0.052500448085609816
0.125,0.25,-0.1190025263391577,0.016373584434375005,0.0006603074398090177,-0.05209192312775819
0.125,0.2625,-0.11853644316862673,0.016322629296093752,0.0006669105142071079,-0.05168339816990655
0.125,0.275,-0.11807035999809574,0.016271674157812503,0.000673513588605198,-0.051274873212054914
0.125,0.28750000000000003,-0.11760427682756477,0.01622071901953125,0.0006801166630032884,-0.050866348254203275
0.125,0.30000000000000004,-0.11713819365703379,0.01616976388125,0.0006867197374013785,-0.05045782329635164
0.125,0.3125,-0.11667211048650285,0.016118808742968754,0.0006933228117994687,-0.05004929833850001
0.125,0.325,-0.11620602731597184,0.016067853604687498,0.0006999258861975588,-0.04964077338064836
0.125,0.3375,-0.11573994414544089,0.016016898466406252,0.0007065289605956489,-0.049232248422796734
0.125,0.35000000000000003,-0.11527386097490991,0.015965943328125,0.0007131320349937392,-0.048823723464945096
0.125,0.36250000000000004,-0.11480777780437894,0.01591498818984375,0.0007197351093918294,-0.04841519850709346
0.125,0.375,-0.11434169463384793,0.0158640330515625,0.0007263381837899196,-0.04800667354924183
0.125,0.3875,-0.11387561146331696,0.01581307791328125,0.0007329412581880097,-0.047598148591390194
0.125,0.4,-0.113409528292786,0.015762122775,0.0007395443325860999,-0.047189623633538555
0.125,0.41250000000000003,-0.11294344512225502,0.015711167636718752,0.0007461474069841901,-0.046781098675686916
0.125,0.42500000000000004,-0.11247736195172404,0.0156602124984375,0.0007527504813822802,-0.04637257371783528
0.125,0.4375,-0.11201127878119307,0.015609257360156253,0.0007593535557803704,-0.04596404875998365
0.125,0.45,-0.11154519561066209,0.015558302221874999,0.0007659566301784606,-0.045555523802132014
0.125,0.4625,-0.1110791124401311,0.015507347083593751,0.0007725597045765508,-0.045146998844280375
0.125,0.47500000000000003,-0.11061302926960014,0.015456391945312498,0.000779162778974641,-0.04473847388642874
0.125,0.48750000000000004,-0.11014694609906915,0.01540543680703125,0.0007857658533727312,-0.0443299489285771
0.125,0.5,-0.10968086292853818,0.015354481668750001,0.0007923689277708213,-0.04392142397072547
0.125,0.5125000000000001,-0.10921477975800722,0.01530352653046875,0.0007989720021689115,-0.043512899012873835
0.125,0.525,-0.10874869658747625,0.015252571392187502,0.0008055750765670017,-0.043104374055022196
0.125,0.5375,-0.10828261341694527,0.015201616253906251,0.0008121781509650919,-0.04269584909717056
0.125,0.55,-0.10781653024641427,0.015150661115624998,0.0008187812253631821,-0.04228732413931892
0.125,0.5625,-0.10735044707588332,0.015099705977343753,0.0008253842997612722,-0.041878799181467294
0.125,0.5750000000000001,-0.10688436390535234,0.0150487508390625,0.0008319873741593625,-0.041470274223615655
0.125,0.5875,-0.10641828073482133,0.01499779570078125,0.0008385904485574525,-0.041061749265764017
0.125,0.6000000000000001,-0.10595219756429039,0.014946840562500003,0.0008451935229555427,-0.04065322430791238
0.125,0.6125,-0.1054861143937594,0.01489588542421875,0.000851796597353633,-0.04024469935006074
0.125,0.625,-0.10502003122322844,0.014844930285937502,0.0008583996717517231,-0.039836174392209114
0.125,0.6375000000000001,-0.10455394805269744,0.014793975147656251,0.0008650027461498134,-0.03942764943435746
0.125,0.65,-0.10408786488216645,0.014743020009375002,0.0008716058205479034,-0.03901912447650584
0.125,0.6625000000000001,-0.1036217817116355,0.014692064871093754,0.0008782088949459937,-0.0386105995186542
0.125,0.675,-0.10315569854110453,0.014641109732812503,0.0008848119693440838,-0.038202074560802574
0.125,0.6875,-0.10268961537057354,0.014590154594531253,0.000891415043742174,-0.037793549602950935
0.125,0.7000000000000001,-0.10222353220004254,0.014539199456249999,0.0008980181181402643,-0.037385024645099296
0.125,0.7125,-0.10175744902951159,0.014488244317968751,0.0009046211925383543,-0.03697649968724766
0.125,0.7250000000000001,-0.10129136585898063,0.014437289179687502,0.0009112242669364446,-0.03656797472939602
0.125,0.7375,-0.10082528268844965,0.01438633404140625,0.0009178273413345347,-0.03615944977154438
0.125,0.75,-0.10035919951791866,0.014335378903125001,0.0009244304157326249,-0.035750924813692755
0.125,0.7625000000000001,-0.09989311634738768,0.01428442376484375,0.0009310334901307151,-0.03534239985584112
0.125,0.775,-0.09942703317685671,0.014233468626562502,0.0009376365645288052,-0.03493387489798948
0.125,0.7875000000000001,-0.09896095000632572,0.014182513488281253,0.0009442396389268955,-0.03452534994013784
0.125,0.8,-0.09849486683579478,0.014131558350000002,0.0009508427133249856,-0.034116824982286215
0.125,0.8125,-0.09802878366526378,0.014080603211718752,0.0009574457877230758,-0.03370830002443457
0.125,0.8250000000000001,-0.09756270049473281,0.0140296480734375,0.000964048862121166,-0.03329977506658293
0.125,0.8375,-0.09709661732420183,0.01397869293515625,0.000970651936519256,-0.0328912501087313
0.125,0.8500000000000001,-0.09663053415367087,0.013927737796875003,0.0009772550109173462,-0.03248272515087966
0.125,0.8625,-0.09616445098313987,0.01387678265859375,0.0009838580853154366,-0.03207420019302802
0.125,0.875,-0.0956983678126089,0.013825827520312502,0.0009904611597135267,-0.031665675235176396
0.125,0.8875000000000001,-0.09523228464207792,0.013774872382031251,0.000997064234111617,-0.03125715027732476
0.125,0.9,-0.09476620147154696,0.013723917243750001,0.001003667308509707,-0.030848625319473123
0.125,0.9125000000000001,-0.09430011830101598,0.013672962105468754,0.0010102703829077972,-0.030440100361621484
0.125,0.925,-0.093834035130485,0.013622006967187503,0.0010168734573058873,-0.030031575403769845
0.125,0.9375,-0.09336795195995402,0.013571051828906253,0.0010234765317039774,-0.029623050445918214
0.125,0.9500000000000001,-0.09290186878942304,0.013520096690624999,0.0010300796061020678,-0.029214525488066575
0.125,0.9625,-0.09243578561889207,0.013469141552343751,0.0010366826805001579,-0.02880600053021494
0.125,0.9750000000000001,-0.09196970244836108,0.013418186414062502,0.0010432857548982482,-0.0283974755723633
0.125,0.9875,-0.09150361927783013,0.01336723127578125,0.0010498888292963383,-0.027988950614511666
0.125,1.0,-0.09103753610729914,0.013316276137500001,0.0010564919036944284,-0.027580425656660038
0.1375,0.0,-0.12714867505973593,0.017144220240000004,0.0005282459518472142,-0.060197288159790904
0.1375,0.0125,-0.12668129636514633,0.01709399303226563,0.0005348490262453043,-0.05978673974733374
0.1375,0.025,-0.1262139176705567,0.01704376582453125,0.0005414521006433945,-0.059376191334876594
0.1375,0.037500000000000006,-0.12574653897596705,0.01699353861679688,0.0005480551750414848,-0.058965642922419445
0.1375,0.05,-0.12527916028137745,0.0169433114090625,0.000554658249439575,-0.05855509450996228
0.1375,0.0625,-0.12481178158678782,0.01689308420132813,0.0005612613238376651,-0.058144546097505134
0.1375,0.07500000000000001,-0.1243444028921982,0.016842856993593752,0.0005678643982357553,-0.057733997685047986
0.1375,0.08750000000000001,-0.1238770241976086,0.01679262978585938,0.0005744674726338454,-0.05732344927259084
0.1375,0.1,-0.12340964550301897,0.016742402578125003,0.0005810705470319356,-0.056912900860133675
0.1375,0.1125,-0.12294226680842937,0.016692175370390628,0.0005876736214300259,-0.05650235244767653
0.1375,0.125,-0.12247488811383975,0.016641948162656253,0.000594276695828116,-0.05609180403521937
0.1375,0.1375,-0.1220075094192501,0.01659172095492188,0.0006008797702262062,-0.055681255622762216
0.1375,0.15000000000000002,-0.1215401307246605,0.016541493747187504,0.0006074828446242963,-0.05527070721030507
0.1375,0.1625,-0.12107275203007087,0.016491266539453132,0.0006140859190223866,-0.05486015879784792
0.1375,0.17500000000000002,-0.12060537333548128,0.01644103933171875,0.0006206889934204767,-0.05444961038539076
0.1375,0.1875,-0.12013799464089166,0.016390812123984383,0.0006272920678185668,-0.05403906197293361
0.1375,0.2,-0.11967061594630206,0.01634058491625,0.0006338951422166571,-0.053628513560476467
0.1375,0.21250000000000002,-0.11920323725171243,0.01629035770851563,0.0006404982166147472,-0.053217965148019304
0.1375,0.225,-0.11873585855712278,0.01624013050078125,0.0006471012910128375,-0.05280741673556215
0.1375,0.23750000000000002,-0.11826847986253315,0.016189903293046877,0.0006537043654109276,-0.05239686832310499
0.1375,0.25,-0.11780110116794355,0.016139676085312502,0.0006603074398090177,-0.05198631991064785
0.1375,0.2625,-0.11733372247335393,0.01608944887757813,0.0006669105142071079,-0.05157577149819069
0.1375,0.275,-0.11686634377876434,0.016039221669843753,0.000673513588605198,-0.05116522308573354
0.1375,0.28750000000000003,-0.11639896508417472,0.01598899446210938,0.0006801166630032884,-0.05075467467327639
0.1375,0.30000000000000004,-0.11593158638958512,0.015938767254375003,0.0006867197374013785,-0.05034412626081924
0.1375,0.3125,-0.11546420769499549,0.01588854004664063,0.0006933228117994687,-0.04993357784836209
0.1375,0.325,-0.11499682900040586,0.015838312838906254,0.0006999258861975588,-0.04952302943590493
0.1375,0.3375,-0.11452945030581624,0.01578808563117188,0.0007065289605956489,-0.049112481023447785
0.1375,0.35000000000000003,-0.11406207161122664,0.015737858423437504,0.0007131320349937392,-0.048701932610990636
0.1375,0.36250000000000004,-0.11359469291663701,0.015687631215703126,0.0007197351093918294,-0.048291384198533474
0.1375,0.375,-0.11312731422204739,0.015637404007968755,0.0007263381837899196,-0.047880835786076326
0.1375,0.3875,-0.11265993552745776,0.01558717680023438,0.0007329412581880097,-0.04747028737361917
0.1375,0.4,-0.11219255683286816,0.015536949592500003,0.0007395443325860999,-0.04705973896116202
0.1375,0.41250000000000003,-0.11172517813827855,0.015486722384765627,0.0007461474069841901,-0.046649190548704866
0.1375,0.42500000000000004,-0.11125779944368891,0.015436495177031252,0.0007527504813822802,-0.046238642136247704
0.1375,0.4375,-0.1107904207490993,0.015386267969296877,0.0007593535557803704,-0.04582809372379056
0.1375,0.45,-0.11032304205450967,0.015336040761562503,0.0007659566301784606,-0.04541754531133341
0.1375,0.4625,-0.10985566335992004,0.015285813553828128,0.0007725597045765508,-0.04500699689887625
0.1375,0.47500000000000003,-0.10938828466533045,0.015235586346093753,0.000779162778974641,-0.0445964484864191
0.1375,0.48750000000000004,-0.10892090597074082,0.015185359138359378,0.0007857658533727312,-0.04418590007396195
0.1375,0.5,-0.10845352727615123,0.015135131930625005,0.0007923689277708213,-0.043775351661504806
0.1375,0.5125000000000001,-0.1079861485815616,0.015084904722890627,0.0007989720021689115,-0.043364803249047644
0.1375,0.525,-0.10751876988697198,0.015034677515156254,0.0008055750765670017,-0.042954254836590496
0.1375,0.5375,-0.10705139119238238,0.014984450307421878,0.0008121781509650919,-0.04254370642413335
0.1375,0.55,-0.10658401249779276,0.014934223099687501,0.0008187812253631821,-0.042133158011676185
0.1375,0.5625,-0.10611663380320313,0.014883995891953128,0.0008253842997612722,-0.04172260959921904
0.1375,0.5750000000000001,-0.1056492551086135,0.014833768684218752,0.0008319873741593625,-0.04131206118676189
0.1375,0.5875,-0.10518187641402388,0.014783541476484375,0.0008385904485574525,-0.040901512774304725
0.1375,0.6000000000000001,-0.10471449771943427,0.014733314268750006,0.0008451935229555427,-0.04049096436184758
0.1375,0.6125,-0.10424711902484465,0.01468308706101563,0.000851796597353633,-0.04008041594939042
0.1375,0.625,-0.10377974033025503,0.014632859853281256,0.0008583996717517231,-0.03966986753693327
0.1375,0.6375000000000001,-0.1033123616356654,0.014582632645546876,0.0008650027461498134,-0.03925931912447612
0.1375,0.65,-0.1028449829410758,0.014532405437812503,0.0008716058205479034,-0.03884877071201897
0.1375,0.6625000000000001,-0.10237760424648618,0.014482178230078127,0.0008782088949459937,-0.038438222299561814
0.1375,0.675,-0.10191022555189656,0.014431951022343754,0.0008848119693440838,-0.038027673887104665
0.1375,0.6875,-0.10144284685730695,0.014381723814609377,0.000891415043742174,-0.03761712547464752
0.1375,0.7000000000000001,-0.10097546816271731,0.014331496606875,0.0008980181181402643,-0.037206577062190355
0.1375,0.7125,-0.1005080894681277,0.014281269399140628,0.0009046211925383543,-0.036796028649733206
0.1375,0.7250000000000001,-0.10004071077353809,0.014231042191406255,0.0009112242669364446,-0.03638548023727606
0.1375,0.7375,-0.09957333207894847,0.014180814983671878,0.0009178273413345347,-0.0359749318248189
0.1375,0.75,-0.09910595338435886,0.014130587775937505,0.0009244304157326249,-0.035564383412361754
0.1375,0.7625000000000001,-0.09863857468976922,0.014080360568203127,0.0009310334901307151,-0.0351538349999046
0.1375,0.775,-0.09817119599517964,0.014030133360468752,0.0009376365645288052,-0.03474328658744745
0.1375,0.7875000000000001,-0.09770381730059,0.013979906152734378,0.0009442396389268955,-0.03433273817499029
0.1375,0.8,-0.0972364386060004,0.013929678945000003,0.0009508427133249856,-0.03392218976253314
0.1375,0.8125,-0.09676905991141076,0.013879451737265628,0.0009574457877230758,-0.033511641350075984
0.1375,0.8250000000000001,-0.09630168121682114,0.013829224529531253,0.000964048862121166,-0.03310109293761883
0.1375,0.8375,-0.09583430252223153,0.013778997321796879,0.000970651936519256,-0.03269054452516168
0.1375,0.8500000000000001,-0.09536692382764192,0.013728770114062504,0.0009772550109173462,-0.032279996112704525
0.1375,0.8625,-0.0948995451330523,0.013678542906328129,0.0009838580853154366,-0.031869447700247376
0.1375,0.875,-0.0944321664384627,0.013628315698593754,0.0009904611597135267,-0.03145889928779023
0.1375,0.8875000000000001,-0.09396478774387307,0.013578088490859376,0.000997064234111617,-0.031048350875333072
0.1375,0.9,-0.09349740904928344,0.013527861283125003,0.001003667308509707,-0.030637802462875924
0.1375,0.9125000000000001,-0.09303003035469383,0.013477634075390627,0.0010102703829077972,-0.03022725405041877
0.1375,0.925,-0.09256265166010422,0.013427406867656254,0.0010168734573058873,-0.029816705637961613
0.1375,0.9375,-0.0920952729655146,0.01337717965992188,0.0010234765317039774,-0.029406157225504465
0.1375,0.9500000000000001,-0.09162789427092498,0.013326952452187504,0.0010300796061020678,-0.02899560881304731
0.1375,0.9625,-0.09116051557633537,0.013276725244453128,0.0010366826805001579,-0.02858506040059016
0.1375,0.9750000000000001,-0.09069313688174574,0.013226498036718755,0.0010432857548982482,-0.028174511988133
0.1375,0.9875,-0.09022575818715613,0.013176270828984378,0.0010498888292963383,-0.02776396357567585
0.1375,1.0,-0.08975837949256651,0.013126043621250005,0.0010564919036944284,-0.0273534151632187
0.15000000000000002,0.0,-0.1259731603696946,0.016895753280000002,0.0005282459518472142,-0.060132154034790906
0.15000000000000002,0.0125,-0.12550448615104634,0.0168462540028125,0.0005348490262453043,-0.059719582167728234
0.15000000000000002,0.025,-0.1250358119323981,0.016796754725625005,0.0005414521006433945,-0.059307010300665555
0.15000000000000002,0.037500000000000006,-0.12456713771374982,0.0167472554484375,0.0005480551750414848,-0.05889443843360289
0.15000000000000002,0.05,-0.12409846349510155,0.01669775617125,0.000554658249439575,-0.05848186656654022
0.15000000000000002,0.0625,-0.12362978927645332,0.016648256894062505,0.0005612613238376651,-0.05806929469947756
0.15000000000000002,0.07500000000000001,-0.12316111505780505,0.016598757616875,0.0005678643982357553,-0.05765672283241489
0.15000000000000002,0.08750000000000001,-0.12269244083915679,0.0165492583396875,0.0005744674726338454,-0.05724415096535222
0.15000000000000002,0.1,-0.12222376662050852,0.0164997590625,0.0005810705470319356,-0.05683157909828954
0.15000000000000002,0.1125,-0.12175509240186026,0.0164502597853125,0.0005876736214300259,-0.05641900723122688
0.15000000000000002,0.125,-0.121286418183212,0.016400760508125004,0.000594276695828116,-0.05600643536416421
0.15000000000000002,0.1375,-0.12081774396456375,0.0163512612309375,0.0006008797702262062,-0.05559386349710154
0.15000000000000002,0.15000000000000002,-0.12034906974591547,0.016301761953750004,0.0006074828446242963,-0.05518129163003887
0.15000000000000002,0.1625,-0.11988039552726723,0.016252262676562504,0.0006140859190223866,-0.054768719762976203
0.15000000000000002,0.17500000000000002,-0.11941172130861896,0.016202763399375,0.0006206889934204767,-0.05435614789591353
0.15000000000000002,0.1875,-0.1189430470899707,0.016153264122187504,0.0006272920678185668,-0.05394357602885085
0.15000000000000002,0.2,-0.11847437287132245,0.016103764845,0.0006338951422166571,-0.053531004161788194
0.15000000000000002,0.21250000000000002,-0.11800569865267417,0.016054265567812503,0.0006404982166147472,-0.05311843229472552
0.15000000000000002,0.225,-0.11753702443402593,0.016004766290625003,0.0006471012910128375,-0.05270586042766285
0.15000000000000002,0.23750000000000002,-0.11706835021537765,0.0159552670134375,0.0006537043654109276,-0.052293288560600185
0.15000000000000002,0.25,-0.11659967599672941,0.015905767736250003,0.0006603074398090177,-0.051880716693537526
0.15000000000000002,0.2625,-0.11613100177808114,0.0158562684590625,0.0006669105142071079,-0.05146814482647485
0.15000000000000002,0.275,-0.1156623275594329,0.015806769181875003,0.000673513588605198,-0.051055572959412175
0.15000000000000002,0.28750000000000003,-0.11519365334078463,0.015757269904687503,0.0006801166630032884,-0.05064300109234951
0.15000000000000002,0.30000000000000004,-0.11472497912213635,0.0157077706275,0.0006867197374013785,-0.05023042922528684
0.15000000000000002,0.3125,-0.1142563049034881,0.015658271350312503,0.0006933228117994687,-0.04981785735822417
0.15000000000000002,0.325,-0.11378763068483985,0.015608772073125003,0.0006999258861975588,-0.0494052854911615
0.15000000000000002,0.3375,-0.11331895646619158,0.0155592727959375,0.0007065289605956489,-0.04899271362409883
0.15000000000000002,0.35000000000000003,-0.11285028224754334,0.015509773518750004,0.0007131320349937392,-0.04858014175703617
0.15000000000000002,0.36250000000000004,-0.11238160802889507,0.0154602742415625,0.0007197351093918294,-0.0481675698899735
0.15000000000000002,0.375,-0.11191293381024683,0.015410774964375004,0.0007263381837899196,-0.047754998022910826
0.15000000000000002,0.3875,-0.11144425959159855,0.015361275687187504,0.0007329412581880097,-0.047342426155848154
0.15000000000000002,0.4,-0.11097558537295028,0.015311776410000002,0.0007395443325860999,-0.046929854288785496
0.15000000000000002,0.41250000000000003,-0.11050691115430204,0.015262277132812502,0.0007461474069841901,-0.046517282421722816
0.15000000000000002,0.42500000000000004,-0.11003823693565376,0.015212777855625002,0.0007527504813822802,-0.04610471055466014
0.15000000000000002,0.4375,-0.10956956271700552,0.015163278578437503,0.0007593535557803704,-0.04569213868759748
0.15000000000000002,0.45,-0.10910088849835725,0.015113779301250001,0.0007659566301784606,-0.045279566820534814
0.15000000000000002,0.4625,-0.10863221427970901,0.015064280024062501,0.0007725597045765508,-0.044866994953472135
0.15000000000000002,0.47500000000000003,-0.10816354006106076,0.015014780746875003,0.000779162778974641,-0.04445442308640948
0.15000000000000002,0.48750000000000004,-0.10769486584241249,0.014965281469687503,0.0007857658533727312,-0.044041851219346805
0.15000000000000002,0.5,-0.10722619162376425,0.014915782192500004,0.0007923689277708213,-0.04362927935228414
0.15000000000000002,0.5125000000000001,-0.10675751740511596,0.014866282915312501,0.0007989720021689115,-0.04321670748522147
0.15000000000000002,0.525,-0.1062888431864677,0.014816783638125003,0.0008055750765670017,-0.0428041356181588
0.15000000000000002,0.5375,-0.10582016896781943,0.0147672843609375,0.0008121781509650919,-0.04239156375109613
0.15000000000000002,0.55,-0.10535149474917119,0.01471778508375,0.0008187812253631821,-0.04197899188403346
0.15000000000000002,0.5625,-0.10488282053052292,0.014668285806562502,0.0008253842997612722,-0.04156642001697079
0.15000000000000002,0.5750000000000001,-0.10441414631187466,0.014618786529375002,0.0008319873741593625,-0.04115384814990812
0.15000000000000002,0.5875,-0.10394547209322641,0.014569287252187504,0.0008385904485574525,-0.04074127628284545
0.15000000000000002,0.6000000000000001,-0.10347679787457814,0.014519787975000002,0.0008451935229555427,-0.04032870441578278
0.15000000000000002,0.6125,-0.10300812365592989,0.014470288697812505,0.000851796597353633,-0.03991613254872011
0.15000000000000002,0.625,-0.10253944943728163,0.014420789420625,0.0008583996717517231,-0.039503560681657446
0.15000000000000002,0.6375000000000001,-0.10207077521863336,0.0143712901434375,0.0008650027461498134,-0.03909098881459477
0.15000000000000002,0.65,-0.1016021009999851,0.014321790866250001,0.0008716058205479034,-0.0386784169475321
0.15000000000000002,0.6625000000000001,-0.10113342678133684,0.014272291589062501,0.0008782088949459937,-0.038265845080469436
0.15000000000000002,0.675,-0.1006647525626886,0.014222792311875003,0.0008848119693440838,-0.03785327321340677
0.15000000000000002,0.6875,-0.10019607834404035,0.014173293034687505,0.000891415043742174,-0.037440701346344106
0.15000000000000002,0.7000000000000001,-0.09972740412539206,0.014123793757500001,0.0008980181181402643,-0.03702812947928143
0.15000000000000002,0.7125,-0.09925872990674381,0.014074294480312503,0.0009046211925383543,-0.03661555761221876
0.15000000000000002,0.7250000000000001,-0.09879005568809557,0.014024795203125003,0.0009112242669364446,-0.03620298574515609
0.15000000000000002,0.7375,-0.0983213814694473,0.0139752959259375,0.0009178273413345347,-0.03579041387809342
0.15000000000000002,0.75,-0.09785270725079905,0.013925796648750002,0.0009244304157326249,-0.03537784201103076
0.15000000000000002,0.7625000000000001,-0.09738403303215076,0.013876297371562499,0.0009310334901307151,-0.03496527014396808
0.15000000000000002,0.775,-0.09691535881350254,0.013826798094375002,0.0009376365645288052,-0.034552698276905415
0.15000000000000002,0.7875000000000001,-0.09644668459485425,0.013777298817187504,0.0009442396389268955,-0.03414012640984274
0.15000000000000002,0.8,-0.095978010376206,0.013727799540000002,0.0009508427133249856,-0.03372755454278008
0.15000000000000002,0.8125,-0.09550933615755773,0.013678300262812504,0.0009574457877230758,-0.033314982675717406
0.15000000000000002,0.8250000000000001,-0.09504066193890948,0.013628800985625,0.000964048862121166,-0.03290241080865473
0.15000000000000002,0.8375,-0.09457198772026122,0.013579301708437503,0.000970651936519256,-0.03248983894159207
0.15000000000000002,0.8500000000000001,-0.09410331350161295,0.013529802431250001,0.0009772550109173462,-0.032077267074529396
0.15000000000000002,0.8625,-0.0936346392829647,0.013480303154062501,0.0009838580853154366,-0.031664695207466724
0.15000000000000002,0.875,-0.09316596506431646,0.013430803876875003,0.0009904611597135267,-0.031252123340404066
0.15000000000000002,0.8875000000000001,-0.09269729084566819,0.013381304599687501,0.000997064234111617,-0.030839551473341394
0.15000000000000002,0.9,-0.09222861662701994,0.013331805322500001,0.001003667308509707,-0.03042697960627873
0.15000000000000002,0.9125000000000001,-0.09175994240837168,0.013282306045312503,0.0010102703829077972,-0.030014407739216056
0.15000000000000002,0.925,-0.09129126818972341,0.013232806768125003,0.0010168734573058873,-0.029601835872153384
0.15000000000000002,0.9375,-0.09082259397107514,0.013183307490937504,0.0010234765317039774,-0.02918926400509072
0.15000000000000002,0.9500000000000001,-0.09035391975242689,0.013133808213750002,0.0010300796061020678,-0.028776692138028047
0.15000000000000002,0.9625,-0.08988524553377861,0.013084308936562502,0.0010366826805001579,-0.028364120270965378
0.15000000000000002,0.9750000000000001,-0.08941657131513037,0.013034809659375,0.0010432857548982482,-0.02795154840390271
0.15000000000000002,0.9875,-0.08894789709648211,0.012985310382187504,0.0010498888292963383,-0.027538976536840037
0.15000000000000002,1.0,-0.08847922287783386,0.012935811105000002,0.0010564919036944284,-0.027126404669777376
0.1625,0.0,-0.1247976456796533,0.016647286320000003,0.0005282459518472142,-0.06006701990979091
0.1625,0.0125,-0.12432767593694638,0.016598514973359377,0.0005348490262453043,-0.05965242458812271
0.1625,0.025,-0.1238577061942395,0.016549743626718752,0.0005414521006433945,-0.05923782926645453
0.1625,0.037500000000000006,-0.12338773645153257,0.016500972280078127,0.0005480551750414848,-0.05882323394478634
0.1625,0.05,-0.12291776670882568,0.0164522009334375,0.000554658249439575,-0.05840863862311815
0.1625,0.0625,-0.1224477969661188,0.01640342958679688,0.0005612613238376651,-0.057994043301449985
0.1625,0.07500000000000001,-0.12197782722341187,0.01635465824015625,0.0005678643982357553,-0.05757944797978179
0.1625,0.08750000000000001,-0.12150785748070497,0.016305886893515628,0.0005744674726338454,-0.05716485265811361
0.1625,0.1,-0.12103788773799806,0.016257115546875003,0.0005810705470319356,-0.05675025733644541
0.1625,0.1125,-0.12056791799529117,0.016208344200234377,0.0005876736214300259,-0.05633566201477723
0.1625,0.125,-0.12009794825258427,0.016159572853593755,0.000594276695828116,-0.05592106669310905
0.1625,0.1375,-0.11962797850987739,0.01611080150695313,0.0006008797702262062,-0.05550647137144085
0.1625,0.15000000000000002,-0.11915800876717046,0.016062030160312504,0.0006074828446242963,-0.05509187604977267
0.1625,0.1625,-0.11868803902446357,0.01601325881367188,0.0006140859190223866,-0.05467728072810449
0.1625,0.17500000000000002,-0.11821806928175668,0.01596448746703125,0.0006206889934204767,-0.05426268540643629
0.1625,0.1875,-0.11774809953904979,0.015915716120390628,0.0006272920678185668,-0.05384809008476811
0.1625,0.2,-0.11727812979634286,0.01586694477375,0.0006338951422166571,-0.053433494763099935
0.1625,0.21250000000000002,-0.11680816005363598,0.015818173427109377,0.0006404982166147472,-0.05301889944143175
0.1625,0.225,-0.11633819031092905,0.015769402080468755,0.0006471012910128375,-0.05260430411976356
0.1625,0.23750000000000002,-0.11586822056822216,0.015720630733828126,0.0006537043654109276,-0.05218970879809537
0.1625,0.25,-0.11539825082551528,0.015671859387187504,0.0006603074398090177,-0.05177511347642719
0.1625,0.2625,-0.11492828108280838,0.015623088040546879,0.0006669105142071079,-0.051360518154759005
0.1625,0.275,-0.11445831134010145,0.015574316693906251,0.000673513588605198,-0.05094592283309081
0.1625,0.28750000000000003,-0.11398834159739457,0.015525545347265626,0.0006801166630032884,-0.05053132751142263
0.1625,0.30000000000000004,-0.11351837185468767,0.015476774000625,0.0006867197374013785,-0.05011673218975444
0.1625,0.3125,-0.11304840211198078,0.01542800265398438,0.0006933228117994687,-0.049702136868086264
0.1625,0.325,-0.11257843236927387,0.015379231307343753,0.0006999258861975588,-0.04928754154641807
0.1625,0.3375,-0.11210846262656697,0.015330459960703128,0.0007065289605956489,-0.048872946224749886
0.1625,0.35000000000000003,-0.11163849288386005,0.015281688614062504,0.0007131320349937392,-0.048458350903081704
0.1625,0.36250000000000004,-0.11116852314115316,0.015232917267421875,0.0007197351093918294,-0.048043755581413515
0.1625,0.375,-0.11069855339844624,0.015184145920781253,0.0007263381837899196,-0.04762916025974533
0.1625,0.3875,-0.11022858365573934,0.015135374574140627,0.0007329412581880097,-0.047214564938077144
0.1625,0.4,-0.10975861391303246,0.015086603227500004,0.0007395443325860999,-0.04679996961640896
0.1625,0.41250000000000003,-0.10928864417032556,0.015037831880859378,0.0007461474069841901,-0.04638537429474077
0.1625,0.42500000000000004,-0.10881867442761864,0.014989060534218751,0.0007527504813822802,-0.04597077897307258
0.1625,0.4375,-0.10834870468491176,0.01494028918757813,0.0007593535557803704,-0.0455561836514044
0.1625,0.45,-0.10787873494220486,0.014891517840937502,0.0007659566301784606,-0.045141588329736214
0.1625,0.4625,-0.10740876519949794,0.014842746494296876,0.0007725597045765508,-0.044726993008068025
0.1625,0.47500000000000003,-0.10693879545679105,0.014793975147656253,0.000779162778974641,-0.04431239768639984
0.1625,0.48750000000000004,-0.10646882571408416,0.014745203801015625,0.0007857658533727312,-0.04389780236473166
0.1625,0.5,-0.10599885597137726,0.014696432454375005,0.0007923689277708213,-0.04348320704306348
0.1625,0.5125000000000001,-0.10552888622867035,0.014647661107734376,0.0007989720021689115,-0.043068611721395283
0.1625,0.525,-0.10505891648596345,0.014598889761093754,0.0008055750765670017,-0.0426540163997271
0.1625,0.5375,-0.10458894674325656,0.014550118414453129,0.0008121781509650919,-0.04223942107805892
0.1625,0.55,-0.10411897700054965,0.0145013470678125,0.0008187812253631821,-0.041824825756390724
0.1625,0.5625,-0.10364900725784275,0.014452575721171876,0.0008253842997612722,-0.04141023043472255
0.1625,0.5750000000000001,-0.10317903751513585,0.01440380437453125,0.0008319873741593625,-0.04099563511305436
0.1625,0.5875,-0.10270906777242894,0.014355033027890629,0.0008385904485574525,-0.04058103979138617
0.1625,0.6000000000000001,-0.10223909802972204,0.014306261681250003,0.0008451935229555427,-0.04016644446971798
0.1625,0.6125,-0.10176912828701515,0.01425749033460938,0.000851796597353633,-0.0397518491480498
0.1625,0.625,-0.10129915854430825,0.014208718987968754,0.0008583996717517231,-0.03933725382638162
0.1625,0.6375000000000001,-0.10082918880160133,0.014159947641328125,0.0008650027461498134,-0.03892265850471342
0.1625,0.65,-0.10035921905889444,0.014111176294687503,0.0008716058205479034,-0.03850806318304524
0.1625,0.6625000000000001,-0.09988924931618753,0.014062404948046878,0.0008782088949459937,-0.03809346786137705
0.1625,0.675,-0.09941927957348064,0.014013633601406252,0.0008848119693440838,-0.03767887253970887
0.1625,0.6875,-0.09894930983077375,0.013964862254765628,0.000891415043742174,-0.03726427721804069
0.1625,0.7000000000000001,-0.09847934008806683,0.013916090908125003,0.0008980181181402643,-0.0368496818963725
0.1625,0.7125,-0.09800937034535992,0.013867319561484378,0.0009046211925383543,-0.03643508657470432
0.1625,0.7250000000000001,-0.09753940060265304,0.013818548214843752,0.0009112242669364446,-0.03602049125303612
0.1625,0.7375,-0.09706943085994614,0.01376977686820313,0.0009178273413345347,-0.03560589593136794
0.1625,0.75,-0.09659946111723923,0.013721005521562503,0.0009244304157326249,-0.03519130060969976
0.1625,0.7625000000000001,-0.09612949137453233,0.013672234174921876,0.0009310334901307151,-0.03477670528803157
0.1625,0.775,-0.09565952163182544,0.013623462828281252,0.0009376365645288052,-0.03436210996636338
0.1625,0.7875000000000001,-0.09518955188911851,0.01357469148164063,0.0009442396389268955,-0.03394751464469519
0.1625,0.8,-0.09471958214641163,0.013525920135000005,0.0009508427133249856,-0.033532919323027016
0.1625,0.8125,-0.09424961240370472,0.013477148788359379,0.0009574457877230758,-0.03311832400135883
0.1625,0.8250000000000001,-0.09377964266099784,0.013428377441718752,0.000964048862121166,-0.03270372867969064
0.1625,0.8375,-0.09330967291829093,0.013379606095078126,0.000970651936519256,-0.03228913335802246
0.1625,0.8500000000000001,-0.09283970317558403,0.013330834748437501,0.0009772550109173462,-0.03187453803635427
0.1625,0.8625,-0.0923697334328771,0.013282063401796875,0.0009838580853154366,-0.03145994271468608
0.1625,0.875,-0.09189976369017022,0.013233292055156253,0.0009904611597135267,-0.031045347393017897
0.1625,0.8875000000000001,-0.09142979394746333,0.013184520708515628,0.000997064234111617,-0.03063075207134971
0.1625,0.9,-0.09095982420475643,0.013135749361875003,0.001003667308509707,-0.030216156749681526
0.1625,0.9125000000000001,-0.09048985446204952,0.013086978015234379,0.0010102703829077972,-0.02980156142801334
0.1625,0.925,-0.09001988471934261,0.013038206668593753,0.0010168734573058873,-0.029386966106345152
0.1625,0.9375,-0.08954991497663571,0.012989435321953128,0.0010234765317039774,-0.028972370784676963
0.1625,0.9500000000000001,-0.08907994523392883,0.012940663975312502,0.0010300796061020678,-0.02855777546300878
0.1625,0.9625,-0.08860997549122192,0.012891892628671877,0.0010366826805001579,-0.028143180141340592
0.1625,0.9750000000000001,-0.08814000574851501,0.012843121282031253,0.0010432857548982482,-0.027728584819672403
0.1625,0.9875,-0.08767003600580812,0.01279434993539063,0.0010498888292963383,-0.02731398949800422
0.1625,1.0,-0.08720006626310121,0.012745578588750004,0.0010564919036944284,-0.02689939417633604
0.17500000000000002,0.0,-0.12362213098961197,0.016398819360000004,0.0005282459518472142,-0.060001885784790904
0.17500000000000002,0.0125,-0.12315086572284642,0.01635077594390625,0.0005348490262453043,-0.0595852670085172
0.17500000000000002,0.025,-0.1226796004560809,0.016302732527812502,0.0005414521006433945,-0.059168648232243486
0.17500000000000002,0.037500000000000006,-0.12220833518931534,0.01625468911171875,0.0005480551750414848,-0.05875202945596979
0.17500000000000002,0.05,-0.12173706992254978,0.016206645695625,0.000554658249439575,-0.05833541067969608
0.17500000000000002,0.0625,-0.12126580465578427,0.016158602279531253,0.0005612613238376651,-0.05791879190342239
0.17500000000000002,0.07500000000000001,-0.12079453938901871,0.0161105588634375,0.0005678643982357553,-0.057502173127148684
0.17500000000000002,0.08750000000000001,-0.12032327412225316,0.016062515447343752,0.0005744674726338454,-0.057085554350874985
0.17500000000000002,0.1,-0.11985200885548762,0.016014472031250004,0.0005810705470319356,-0.05666893557460127
0.17500000000000002,0.1125,-0.11938074358872208,0.01596642861515625,0.0005876736214300259,-0.05625231679832757
0.17500000000000002,0.125,-0.11890947832195654,0.015918385199062503,0.000594276695828116,-0.055835698022053876
0.17500000000000002,0.1375,-0.118438213055191,0.015870341782968752,0.0006008797702262062,-0.05541907924578017
0.17500000000000002,0.15000000000000002,-0.11796694778842547,0.015822298366874998,0.0006074828446242963,-0.05500246046950647
0.17500000000000002,0.1625,-0.11749568252165993,0.01577425495078125,0.0006140859190223866,-0.05458584169323277
0.17500000000000002,0.17500000000000002,-0.11702441725489436,0.015726211534687503,0.0006206889934204767,-0.05416922291695907
0.17500000000000002,0.1875,-0.11655315198812882,0.015678168118593752,0.0006272920678185668,-0.053752604140685355
0.17500000000000002,0.2,-0.11608188672136328,0.0156301247025,0.0006338951422166571,-0.05333598536441167
0.17500000000000002,0.21250000000000002,-0.11561062145459775,0.01558208128640625,0.0006404982166147472,-0.05291936658813795
0.17500000000000002,0.225,-0.1151393561878322,0.015534037870312503,0.0006471012910128375,-0.05250274781186425
0.17500000000000002,0.23750000000000002,-0.11466809092106664,0.015485994454218749,0.0006537043654109276,-0.05208612903559054
0.17500000000000002,0.25,-0.11419682565430113,0.015437951038125002,0.0006603074398090177,-0.051669510259316855
0.17500000000000002,0.2625,-0.11372556038753559,0.01538990762203125,0.0006669105142071079,-0.05125289148304315
0.17500000000000002,0.275,-0.11325429512077002,0.015341864205937502,0.000673513588605198,-0.050836272706769436
0.17500000000000002,0.28750000000000003,-0.11278302985400449,0.01529382078984375,0.0006801166630032884,-0.050419653930495745
0.17500000000000002,0.30000000000000004,-0.11231176458723893,0.01524577737375,0.0006867197374013785,-0.05000303515422203
0.17500000000000002,0.3125,-0.11184049932047341,0.015197733957656253,0.0006933228117994687,-0.049586416377948334
0.17500000000000002,0.325,-0.11136923405370786,0.0151496905415625,0.0006999258861975588,-0.049169797601674635
0.17500000000000002,0.3375,-0.11089796878694233,0.015101647125468753,0.0007065289605956489,-0.04875317882540093
0.17500000000000002,0.35000000000000003,-0.11042670352017675,0.015053603709375002,0.0007131320349937392,-0.04833656004912724
0.17500000000000002,0.36250000000000004,-0.10995543825341125,0.01500556029328125,0.0007197351093918294,-0.04791994127285353
0.17500000000000002,0.375,-0.1094841729866457,0.014957516877187504,0.0007263381837899196,-0.047503322496579826
0.17500000000000002,0.3875,-0.10901290771988013,0.014909473461093751,0.0007329412581880097,-0.04708670372030612
0.17500000000000002,0.4,-0.1085416424531146,0.014861430045,0.0007395443325860999,-0.04667008494403242
0.17500000000000002,0.41250000000000003,-0.10807037718634906,0.014813386628906253,0.0007461474069841901,-0.04625346616775872
0.17500000000000002,0.42500000000000004,-0.10759911191958349,0.014765343212812499,0.0007527504813822802,-0.045836847391485004
0.17500000000000002,0.4375,-0.10712784665281798,0.014717299796718751,0.0007593535557803704,-0.04542022861521132
0.17500000000000002,0.45,-0.10665658138605244,0.014669256380625002,0.0007659566301784606,-0.045003609838937614
0.17500000000000002,0.4625,-0.1061853161192869,0.014621212964531251,0.0007725597045765508,-0.04458699106266391
0.17500000000000002,0.47500000000000003,-0.10571405085252135,0.0145731695484375,0.000779162778974641,-0.04417037228639021
0.17500000000000002,0.48750000000000004,-0.1052427855857558,0.01452512613234375,0.0007857658533727312,-0.043753753510116504
0.17500000000000002,0.5,-0.10477152031899029,0.014477082716250003,0.0007923689277708213,-0.043337134733842805
0.17500000000000002,0.5125000000000001,-0.10430025505222472,0.01442903930015625,0.0007989720021689115,-0.0429205159575691
0.17500000000000002,0.525,-0.10382898978545918,0.0143809958840625,0.0008055750765670017,-0.042503897181295394
0.17500000000000002,0.5375,-0.10335772451869364,0.014332952467968752,0.0008121781509650919,-0.042087278405021696
0.17500000000000002,0.55,-0.10288645925192809,0.014284909051875001,0.0008187812253631821,-0.04167065962874799
0.17500000000000002,0.5625,-0.10241519398516255,0.014236865635781252,0.0008253842997612722,-0.04125404085247429
0.17500000000000002,0.5750000000000001,-0.10194392871839703,0.014188822219687501,0.0008319873741593625,-0.040837422076200586
0.17500000000000002,0.5875,-0.10147266345163146,0.01414077880359375,0.0008385904485574525,-0.04042080329992688
0.17500000000000002,0.6000000000000001,-0.10100139818486592,0.0140927353875,0.0008451935229555427,-0.040004184523653175
0.17500000000000002,0.6125,-0.10053013291810037,0.014044691971406252,0.000851796597353633,-0.03958756574737948
0.17500000000000002,0.625,-0.10005886765133484,0.013996648555312503,0.0008583996717517231,-0.03917094697110578
0.17500000000000002,0.6375000000000001,-0.09958760238456929,0.013948605139218749,0.0008650027461498134,-0.03875432819483207
0.17500000000000002,0.65,-0.09911633711780374,0.013900561723125001,0.0008716058205479034,-0.038337709418558366
0.17500000000000002,0.6625000000000001,-0.09864507185103821,0.013852518307031254,0.0008782088949459937,-0.03792109064228467
0.17500000000000002,0.675,-0.09817380658427266,0.013804474890937501,0.0008848119693440838,-0.03750447186601097
0.17500000000000002,0.6875,-0.09770254131750714,0.013756431474843752,0.000891415043742174,-0.03708785308973726
0.17500000000000002,0.7000000000000001,-0.09723127605074157,0.01370838805875,0.0008980181181402643,-0.036671234313463565
0.17500000000000002,0.7125,-0.09676001078397603,0.013660344642656249,0.0009046211925383543,-0.03625461553718986
0.17500000000000002,0.7250000000000001,-0.09628874551721049,0.013612301226562502,0.0009112242669364446,-0.03583799676091616
0.17500000000000002,0.7375,-0.09581748025044497,0.013564257810468753,0.0009178273413345347,-0.035421377984642455
0.17500000000000002,0.75,-0.09534621498367941,0.013516214394375002,0.0009244304157326249,-0.035004759208368756
0.17500000000000002,0.7625000000000001,-0.09487494971691386,0.013468170978281251,0.0009310334901307151,-0.03458814043209505
0.17500000000000002,0.775,-0.09440368445014832,0.0134201275621875,0.0009376365645288052,-0.034171521655821345
0.17500000000000002,0.7875000000000001,-0.09393241918338278,0.013372084146093751,0.0009442396389268955,-0.03375490287954764
0.17500000000000002,0.8,-0.09346115391661725,0.013324040730000002,0.0009508427133249856,-0.03333828410327394
0.17500000000000002,0.8125,-0.09298988864985169,0.013275997313906253,0.0009574457877230758,-0.03292166532700024
0.17500000000000002,0.8250000000000001,-0.09251862338308615,0.013227953897812502,0.000964048862121166,-0.03250504655072654
0.17500000000000002,0.8375,-0.09204735811632062,0.01317991048171875,0.000970651936519256,-0.03208842777445284
0.17500000000000002,0.8500000000000001,-0.09157609284955506,0.013131867065625,0.0009772550109173462,-0.03167180899817913
0.17500000000000002,0.8625,-0.09110482758278952,0.013083823649531253,0.0009838580853154366,-0.03125519022190543
0.17500000000000002,0.875,-0.09063356231602399,0.0130357802334375,0.0009904611597135267,-0.030838571445631728
0.17500000000000002,0.8875000000000001,-0.09016229704925843,0.01298773681734375,0.000997064234111617,-0.03042195266935803
0.17500000000000002,0.9,-0.08969103178249291,0.012939693401250002,0.001003667308509707,-0.03000533389308433
0.17500000000000002,0.9125000000000001,-0.08921976651572736,0.01289164998515625,0.0010102703829077972,-0.02958871511681062
0.17500000000000002,0.925,-0.0887485012489618,0.012843606569062502,0.0010168734573058873,-0.02917209634053692
0.17500000000000002,0.9375,-0.08827723598219628,0.012795563152968753,0.0010234765317039774,-0.02875547756426322
0.17500000000000002,0.9500000000000001,-0.08780597071543073,0.012747519736874999,0.0010300796061020678,-0.028338858787989515
0.17500000000000002,0.9625,-0.08733470544866517,0.01269947632078125,0.0010366826805001579,-0.02792224001171581
0.17500000000000002,0.9750000000000001,-0.08686344018189962,0.012651432904687503,0.0010432857548982482,-0.02750562123544211
0.17500000000000002,0.9875,-0.0863921749151341,0.012603389488593752,0.0010498888292963383,-0.027089002459168406
0.17500000000000002,1.0,-0.08592090964836856,0.012555346072500003,0.0010564919036944284,-0.026672383682894707
0.1875,0.0,-0.12244661629957065,0.016150352400000005,0.0005282459518472142,-0.059936751659790906
0.1875,0.0125,-0.12197405550874647,0.01610303691445313,0.0005348490262453043,-0.05951810942891168
0.1875,0.025,-0.12150149471792229,0.016055721428906256,0.0005414521006433945,-0.05909946719803246
0.1875,0.037500000000000006,-0.1210289339270981,0.01600840594335938,0.0005480551750414848,-0.05868082496715324
0.1875,0.05,-0.1205563731362739,0.015961090457812504,0.000554658249439575,-0.05826218273627402
0.1875,0.0625,-0.12008381234544975,0.01591377497226563,0.0005612613238376651,-0.057843540505394815
0.1875,0.07500000000000001,-0.11961125155462557,0.01586645948671875,0.0005678643982357553,-0.057424898274515586
0.1875,0.08750000000000001,-0.11913869076380135,0.015819144001171875,0.0005744674726338454,-0.05700625604363637
0.1875,0.1,-0.1186661299729772,0.015771828515625006,0.0005810705470319356,-0.05658761381275714
0.1875,0.1125,-0.11819356918215299,0.015724513030078126,0.0005876736214300259,-0.056168971581877926
0.1875,0.125,-0.11772100839132882,0.015677197544531254,0.000594276695828116,-0.05575032935099871
0.1875,0.1375,-0.11724844760050462,0.015629882058984378,0.0006008797702262062,-0.05533168712011949
0.1875,0.15000000000000002,-0.11677588680968044,0.015582566573437505,0.0006074828446242963,-0.054913044889240266
0.1875,0.1625,-0.11630332601885629,0.015535251087890629,0.0006140859190223866,-0.05449440265836105
0.1875,0.17500000000000002,-0.11583076522803207,0.01548793560234375,0.0006206889934204767,-0.054075760427481835
0.1875,0.1875,-0.11535820443720789,0.015440620116796882,0.0006272920678185668,-0.05365711819660261
0.1875,0.2,-0.11488564364638373,0.015393304631250004,0.0006338951422166571,-0.053238475965723404
0.1875,0.21250000000000002,-0.11441308285555951,0.01534598914570313,0.0006404982166147472,-0.052819833734844175
0.1875,0.225,-0.11394052206473536,0.015298673660156253,0.0006471012910128375,-0.05240119150396495
0.1875,0.23750000000000002,-0.11346796127391116,0.015251358174609375,0.0006537043654109276,-0.05198254927308573
0.1875,0.25,-0.11299540048308698,0.015204042689062504,0.0006603074398090177,-0.05156390704220653
0.1875,0.2625,-0.11252283969226279,0.015156727203515628,0.0006669105142071079,-0.0511452648113273
0.1875,0.275,-0.11205027890143861,0.015109411717968754,0.000673513588605198,-0.050726622580448084
0.1875,0.28750000000000003,-0.11157771811061443,0.01506209623242188,0.0006801166630032884,-0.05030798034956886
0.1875,0.30000000000000004,-0.11110515731979023,0.015014780746875003,0.0006867197374013785,-0.04988933811868964
0.1875,0.3125,-0.11063259652896608,0.01496746526132813,0.0006933228117994687,-0.049470695887810424
0.1875,0.325,-0.11016003573814186,0.014920149775781252,0.0006999258861975588,-0.0490520536569312
0.1875,0.3375,-0.10968747494731768,0.014872834290234378,0.0007065289605956489,-0.04863341142605198
0.1875,0.35000000000000003,-0.10921491415649348,0.014825518804687502,0.0007131320349937392,-0.04821476919517277
0.1875,0.36250000000000004,-0.10874235336566933,0.014778203319140627,0.0007197351093918294,-0.04779612696429355
0.1875,0.375,-0.10826979257484515,0.014730887833593755,0.0007263381837899196,-0.047377484733414334
0.1875,0.3875,-0.10779723178402095,0.014683572348046877,0.0007329412581880097,-0.04695884250253511
0.1875,0.4,-0.10732467099319677,0.014636256862500002,0.0007395443325860999,-0.046540200271655896
0.1875,0.41250000000000003,-0.10685211020237259,0.014588941376953128,0.0007461474069841901,-0.046121558040776674
0.1875,0.42500000000000004,-0.1063795494115484,0.014541625891406252,0.0007527504813822802,-0.045702915809897444
0.1875,0.4375,-0.1059069886207242,0.014494310405859379,0.0007593535557803704,-0.04528427357901823
0.1875,0.45,-0.10543442782990002,0.014446994920312504,0.0007659566301784606,-0.044865631348139014
0.1875,0.4625,-0.10496186703907584,0.01439967943476563,0.0007725597045765508,-0.04444698911725979
0.1875,0.47500000000000003,-0.10448930624825166,0.014352363949218754,0.000779162778974641,-0.04402834688638058
0.1875,0.48750000000000004,-0.10401674545742748,0.014305048463671876,0.0007857658533727312,-0.043609704655501354
0.1875,0.5,-0.10354418466660331,0.014257732978125003,0.0007923689277708213,-0.043191062424622145
0.1875,0.5125000000000001,-0.1030716238757791,0.014210417492578125,0.0007989720021689115,-0.042772420193742916
0.1875,0.525,-0.10259906308495492,0.014163102007031254,0.0008055750765670017,-0.0423537779628637
0.1875,0.5375,-0.10212650229413073,0.014115786521484378,0.0008121781509650919,-0.041935135731984485
0.1875,0.55,-0.10165394150330656,0.014068471035937504,0.0008187812253631821,-0.04151649350110526
0.1875,0.5625,-0.10118138071248237,0.01402115555039063,0.0008253842997612722,-0.04109785127022605
0.1875,0.5750000000000001,-0.1007088199216582,0.013973840064843753,0.0008319873741593625,-0.040679209039346825
0.1875,0.5875,-0.100236259130834,0.013926524579296879,0.0008385904485574525,-0.0402605668084676
0.1875,0.6000000000000001,-0.09976369834000981,0.013879209093750003,0.0008451935229555427,-0.03984192457758838
0.1875,0.6125,-0.09929113754918562,0.013831893608203132,0.000851796597353633,-0.039423282346709165
0.1875,0.625,-0.09881857675836145,0.013784578122656255,0.0008583996717517231,-0.03900464011582996
0.1875,0.6375000000000001,-0.09834601596753725,0.013737262637109377,0.0008650027461498134,-0.03858599788495073
0.1875,0.65,-0.09787345517671307,0.013689947151562503,0.0008716058205479034,-0.03816735565407151
0.1875,0.6625000000000001,-0.0974008943858889,0.013642631666015627,0.0008782088949459937,-0.03774871342319229
0.1875,0.675,-0.0969283335950647,0.013595316180468752,0.0008848119693440838,-0.037330071192313075
0.1875,0.6875,-0.09645577280424053,0.013548000694921878,0.000891415043742174,-0.03691142896143385
0.1875,0.7000000000000001,-0.09598321201341634,0.013500685209375002,0.0008980181181402643,-0.03649278673055463
0.1875,0.7125,-0.09551065122259216,0.01345336972382813,0.0009046211925383543,-0.036074144499675415
0.1875,0.7250000000000001,-0.09503809043176799,0.013406054238281255,0.0009112242669364446,-0.03565550226879619
0.1875,0.7375,-0.09456552964094381,0.01335873875273438,0.0009178273413345347,-0.03523686003791698
0.1875,0.75,-0.09409296885011963,0.013311423267187504,0.0009244304157326249,-0.03481821780703776
0.1875,0.7625000000000001,-0.09362040805929542,0.013264107781640626,0.0009310334901307151,-0.03439957557615854
0.1875,0.775,-0.09314784726847124,0.013216792296093752,0.0009376365645288052,-0.03398093334527932
0.1875,0.7875000000000001,-0.09267528647764706,0.013169476810546879,0.0009442396389268955,-0.033562291114400095
0.1875,0.8,-0.09220272568682288,0.013122161325000005,0.0009508427133249856,-0.033143648883520886
0.1875,0.8125,-0.0917301648959987,0.01307484583945313,0.0009574457877230758,-0.032725006652641664
0.1875,0.8250000000000001,-0.0912576041051745,0.01302753035390625,0.000964048862121166,-0.03230636442176244
0.1875,0.8375,-0.09078504331435032,0.012980214868359376,0.000970651936519256,-0.031887722190883226
0.1875,0.8500000000000001,-0.09031248252352611,0.012932899382812503,0.0009772550109173462,-0.031469079960004004
0.1875,0.8625,-0.08983992173270194,0.012885583897265629,0.0009838580853154366,-0.03105043772912478
0.1875,0.875,-0.08936736094187778,0.012838268411718754,0.0009904611597135267,-0.03063179549824557
0.1875,0.8875000000000001,-0.08889480015105358,0.012790952926171878,0.000997064234111617,-0.030213153267366347
0.1875,0.9,-0.08842223936022942,0.012743637440625004,0.001003667308509707,-0.029794511036487135
0.1875,0.9125000000000001,-0.08794967856940522,0.012696321955078128,0.0010102703829077972,-0.029375868805607906
0.1875,0.925,-0.08747711777858103,0.012649006469531253,0.0010168734573058873,-0.02895722657472869
0.1875,0.9375,-0.08700455698775683,0.012601690983984379,0.0010234765317039774,-0.028538584343849475
0.1875,0.9500000000000001,-0.08653199619693266,0.012554375498437501,0.0010300796061020678,-0.028119942112970253
0.1875,0.9625,-0.08605943540610848,0.01250706001289063,0.0010366826805001579,-0.027701299882091034
0.1875,0.9750000000000001,-0.08558687461528429,0.012459744527343754,0.0010432857548982482,-0.027282657651211815
0.1875,0.9875,-0.08511431382446011,0.01241242904179688,0.0010498888292963383,-0.026864015420332593
0.1875,1.0,-0.08464175303363591,0.012365113556250005,0.0010564919036944284,-0.02644537318945338
0.2,0.0,-0.12127110160952935,0.015901885440000003,0.0005282459518472142,-0.05987161753479091
0.2,0.0125,-0.12079724529464651,0.015855297885000005,0.0005348490262453043,-0.05945095184930617
0.2,0.025,-0.12032338897976369,0.015808710330000003,0.0005414521006433945,-0.05903028616382143
0.2,0.037500000000000006,-0.11984953266488085,0.015762122775000005,0.0005480551750414848,-0.05860962047833669
0.2,0.05,-0.11937567634999804,0.015715535220000004,0.000554658249439575,-0.05818895479285195
0.2,0.0625,-0.11890182003511524,0.015668947665000005,0.0005612613238376651,-0.05776828910736723
0.2,0.07500000000000001,-0.1184279637202324,0.015622360110000002,0.0005678643982357553,-0.05734762342188249
0.2,0.08750000000000001,-0.11795410740534956,0.015575772555000006,0.0005744674726338454,-0.056926957736397756
0.2,0.1,-0.11748025109046673,0.015529185000000006,0.0005810705470319356,-0.05650629205091301
0.2,0.1125,-0.1170063947755839,0.015482597445000003,0.0005876736214300259,-0.05608562636542828
0.2,0.125,-0.1165325384607011,0.015436009890000007,0.000594276695828116,-0.055664960679943545
0.2,0.1375,-0.11605868214581826,0.015389422335000003,0.0006008797702262062,-0.055244294994458806
0.2,0.15000000000000002,-0.11558482583093542,0.015342834780000003,0.0006074828446242963,-0.05482362930897407
0.2,0.1625,-0.1151109695160526,0.015296247225000004,0.0006140859190223866,-0.05440296362348934
0.2,0.17500000000000002,-0.11463711320116979,0.015249659670000004,0.0006206889934204767,-0.0539822979380046
0.2,0.1875,-0.11416325688628695,0.015203072115000004,0.0006272920678185668,-0.053561632252519864
0.2,0.2,-0.11368940057140414,0.015156484560000004,0.0006338951422166571,-0.05314096656703513
0.2,0.21250000000000002,-0.1132155442565213,0.015109897005000004,0.0006404982166147472,-0.05272030088155039
0.2,0.225,-0.11274168794163848,0.015063309450000005,0.0006471012910128375,-0.052299635196065654
0.2,0.23750000000000002,-0.11226783162675565,0.015016721895000001,0.0006537043654109276,-0.051878969510580915
0.2,0.25,-0.11179397531187284,0.014970134340000005,0.0006603074398090177,-0.05145830382509619
0.2,0.2625,-0.11132011899699,0.014923546785000002,0.0006669105142071079,-0.05103763813961146
0.2,0.275,-0.11084626268210718,0.014876959230000006,0.000673513588605198,-0.05061697245412671
0.2,0.28750000000000003,-0.11037240636722437,0.014830371675000002,0.0006801166630032884,-0.05019630676864198
0.2,0.30000000000000004,-0.10989855005234153,0.014783784120000002,0.0006867197374013785,-0.04977564108315724
0.2,0.3125,-0.10942469373745872,0.014737196565000006,0.0006933228117994687,-0.049354975397672515
0.2,0.325,-0.10895083742257586,0.014690609010000003,0.0006999258861975588,-0.04893430971218777
0.2,0.3375,-0.10847698110769305,0.014644021455000003,0.0007065289605956489,-0.04851364402670304
0.2,0.35000000000000003,-0.10800312479281021,0.014597433900000007,0.0007131320349937392,-0.048092978341218305
0.2,0.36250000000000004,-0.10752926847792742,0.014550846345,0.0007197351093918294,-0.047672312655733566
0.2,0.375,-0.10705541216304458,0.014504258790000007,0.0007263381837899196,-0.047251646970248834
0.2,0.3875,-0.10658155584816174,0.014457671235000004,0.0007329412581880097,-0.046830981284764095
0.2,0.4,-0.10610769953327893,0.014411083680000004,0.0007395443325860999,-0.04641031559927936
0.2,0.41250000000000003,-0.10563384321839611,0.014364496125000004,0.0007461474069841901,-0.04598964991379462
0.2,0.42500000000000004,-0.10515998690351328,0.014317908570000005,0.0007527504813822802,-0.04556898422830988
0.2,0.4375,-0.10468613058863044,0.014271321015000005,0.0007593535557803704,-0.04514831854282515
0.2,0.45,-0.10421227427374762,0.014224733460000005,0.0007659566301784606,-0.04472765285734042
0.2,0.4625,-0.10373841795886478,0.014178145905000005,0.0007725597045765508,-0.044306987171855675
0.2,0.47500000000000003,-0.10326456164398198,0.014131558350000005,0.000779162778974641,-0.04388632148637095
0.2,0.48750000000000004,-0.10279070532909913,0.014084970795000002,0.0007857658533727312,-0.04346565580088621
0.2,0.5,-0.10231684901421632,0.014038383240000006,0.0007923689277708213,-0.043044990115401485
0.2,0.5125000000000001,-0.10184299269933349,0.013991795685000002,0.0007989720021689115,-0.04262432442991674
0.2,0.525,-0.10136913638445068,0.013945208130000006,0.0008055750765670017,-0.04220365874443201
0.2,0.5375,-0.10089528006956786,0.013898620575000003,0.0008121781509650919,-0.04178299305894727
0.2,0.55,-0.10042142375468502,0.013852033020000003,0.0008187812253631821,-0.04136232737346253
0.2,0.5625,-0.0999475674398022,0.013805445465000005,0.0008253842997612722,-0.040941661687977804
0.2,0.5750000000000001,-0.09947371112491937,0.013758857910000004,0.0008319873741593625,-0.040520996002493065
0.2,0.5875,-0.09899985481003652,0.013712270355000004,0.0008385904485574525,-0.04010033031700832
0.2,0.6000000000000001,-0.0985259984951537,0.013665682800000004,0.0008451935229555427,-0.03967966463152359
0.2,0.6125,-0.09805214218027089,0.013619095245000004,0.000851796597353633,-0.039258998946038855
0.2,0.625,-0.09757828586538805,0.013572507690000004,0.0008583996717517231,-0.03883833326055412
0.2,0.6375000000000001,-0.09710442955050523,0.013525920135000005,0.0008650027461498134,-0.03841766757506938
0.2,0.65,-0.0966305732356224,0.013479332580000001,0.0008716058205479034,-0.037997001889584645
0.2,0.6625000000000001,-0.09615671692073958,0.013432745025000005,0.0008782088949459937,-0.037576336204099905
0.2,0.675,-0.09568286060585676,0.013386157470000005,0.0008848119693440838,-0.03715567051861517
0.2,0.6875,-0.09520900429097394,0.013339569915000005,0.000891415043742174,-0.03673500483313044
0.2,0.7000000000000001,-0.09473514797609109,0.013292982360000002,0.0008980181181402643,-0.0363143391476457
0.2,0.7125,-0.09426129166120828,0.013246394805000006,0.0009046211925383543,-0.03589367346216096
0.2,0.7250000000000001,-0.09378743534632544,0.013199807250000003,0.0009112242669364446,-0.03547300777667623
0.2,0.7375,-0.09331357903144263,0.013153219695000004,0.0009178273413345347,-0.03505234209119149
0.2,0.75,-0.09283972271655981,0.013106632140000005,0.0009244304157326249,-0.03463167640570677
0.2,0.7625000000000001,-0.09236586640167696,0.013060044585000003,0.0009310334901307151,-0.03421101072022203
0.2,0.775,-0.09189201008679415,0.013013457030000003,0.0009376365645288052,-0.03379034503473729
0.2,0.7875000000000001,-0.0914181537719113,0.012966869475000005,0.0009442396389268955,-0.03336967934925255
0.2,0.8,-0.0909442974570285,0.012920281920000004,0.0009508427133249856,-0.032949013663767825
0.2,0.8125,-0.09047044114214567,0.012873694365000006,0.0009574457877230758,-0.03252834797828308
0.2,0.8250000000000001,-0.08999658482726285,0.012827106810000004,0.000964048862121166,-0.03210768229279835
0.2,0.8375,-0.08952272851238001,0.012780519255000003,0.000970651936519256,-0.031687016607313614
0.2,0.8500000000000001,-0.0890488721974972,0.012733931700000005,0.0009772550109173462,-0.031266350921828875
0.2,0.8625,-0.08857501588261435,0.012687344145000003,0.0009838580853154366,-0.030845685236344133
0.2,0.875,-0.08810115956773154,0.012640756590000005,0.0009904611597135267,-0.0304250195508594
0.2,0.8875000000000001,-0.08762730325284872,0.012594169035000003,0.000997064234111617,-0.030004353865374665
0.2,0.9,-0.08715344693796588,0.012547581480000002,0.001003667308509707,-0.02958368817988993
0.2,0.9125000000000001,-0.08667959062308306,0.012500993925000004,0.0010102703829077972,-0.02916302249440519
0.2,0.925,-0.08620573430820022,0.012454406370000004,0.0010168734573058873,-0.02874235680892046
0.2,0.9375,-0.08573187799331741,0.012407818815000004,0.0010234765317039774,-0.02832169112343572
0.2,0.9500000000000001,-0.08525802167843459,0.012361231260000003,0.0010300796061020678,-0.027901025437950984
0.2,0.9625,-0.08478416536355177,0.012314643705000005,0.0010366826805001579,-0.02748035975246625
0.2,0.9750000000000001,-0.08431030904866892,0.012268056150000003,0.0010432857548982482,-0.02705969406698151
0.2,0.9875,-0.08383645273378611,0.012221468595000003,0.0010498888292963383,-0.026639028381496777
0.2,1.0,-0.08336259641890328,0.012174881040000005,0.0010564919036944284,-0.026218362696012045
0.21250000000000002,0.0,-0.12009558691948805,0.015653418480000007,0.0005282459518472142,-0.0598064834097909
0.21250000000000002,0.0125,-0.11962043508054657,0.015607558855546879,0.0005348490262453043,-0.05938379426970064
0.21250000000000002,0.025,-0.11914528324160509,0.015561699231093754,0.0005414521006433945,-0.05896110512961039
0.21250000000000002,0.037500000000000006,-0.11867013140266364,0.015515839606640627,0.0005480551750414848,-0.05853841598952014
0.21250000000000002,0.05,-0.11819497956372214,0.015469979982187501,0.000554658249439575,-0.05811572684942988
0.21250000000000002,0.0625,-0.11771982772478069,0.015424120357734378,0.0005612613238376651,-0.05769303770933964
0.21250000000000002,0.07500000000000001,-0.11724467588583924,0.015378260733281253,0.0005678643982357553,-0.05727034856924938
0.21250000000000002,0.08750000000000001,-0.11676952404689779,0.015332401108828128,0.0005744674726338454,-0.056847659429159134
0.21250000000000002,0.1,-0.11629437220795627,0.015286541484375004,0.0005810705470319356,-0.05642497028906887
0.21250000000000002,0.1125,-0.11581922036901482,0.015240681859921876,0.0005876736214300259,-0.05600228114897862
0.21250000000000002,0.125,-0.11534406853007337,0.015194822235468754,0.000594276695828116,-0.05557959200888837
0.21250000000000002,0.1375,-0.11486891669113189,0.015148962611015627,0.0006008797702262062,-0.055156902868798124
0.21250000000000002,0.15000000000000002,-0.11439376485219044,0.015103102986562502,0.0006074828446242963,-0.05473421372870787
0.21250000000000002,0.1625,-0.11391861301324896,0.015057243362109379,0.0006140859190223866,-0.05431152458861761
0.21250000000000002,0.17500000000000002,-0.11344346117430751,0.01501138373765625,0.0006206889934204767,-0.053888835448527364
0.21250000000000002,0.1875,-0.11296830933536602,0.014965524113203128,0.0006272920678185668,-0.05346614630843711
0.21250000000000002,0.2,-0.11249315749642456,0.014919664488750001,0.0006338951422166571,-0.053043457168346866
0.21250000000000002,0.21250000000000002,-0.11201800565748309,0.014873804864296876,0.0006404982166147472,-0.052620768028256604
0.21250000000000002,0.225,-0.11154285381854163,0.014827945239843755,0.0006471012910128375,-0.052198078888166355
0.21250000000000002,0.23750000000000002,-0.11106770197960014,0.014782085615390628,0.0006537043654109276,-0.0517753897480761
0.21250000000000002,0.25,-0.11059255014065866,0.014736225990937503,0.0006603074398090177,-0.05135270060798586
0.21250000000000002,0.2625,-0.11011739830171721,0.014690366366484376,0.0006669105142071079,-0.0509300114678956
0.21250000000000002,0.275,-0.10964224646277576,0.01464450674203125,0.000673513588605198,-0.050507322327805346
0.21250000000000002,0.28750000000000003,-0.10916709462383428,0.014598647117578127,0.0006801166630032884,-0.0500846331877151
0.21250000000000002,0.30000000000000004,-0.10869194278489283,0.014552787493125002,0.0006867197374013785,-0.049661944047624834
0.21250000000000002,0.3125,-0.10821679094595135,0.01450692786867188,0.0006933228117994687,-0.04923925490753459
0.21250000000000002,0.325,-0.10774163910700986,0.014461068244218753,0.0006999258861975588,-0.04881656576744433
0.21250000000000002,0.3375,-0.10726648726806841,0.014415208619765628,0.0007065289605956489,-0.04839387662735409
0.21250000000000002,0.35000000000000003,-0.10679133542912696,0.014369348995312503,0.0007131320349937392,-0.04797118748726384
0.21250000000000002,0.36250000000000004,-0.10631618359018548,0.014323489370859376,0.0007197351093918294,-0.04754849834717358
0.21250000000000002,0.375,-0.10584103175124401,0.014277629746406251,0.0007263381837899196,-0.04712580920708333
0.21250000000000002,0.3875,-0.10536587991230256,0.014231770121953128,0.0007329412581880097,-0.04670312006699307
0.21250000000000002,0.4,-0.10489072807336108,0.014185910497500002,0.0007395443325860999,-0.04628043092690283
0.21250000000000002,0.41250000000000003,-0.1044155762344196,0.014140050873046877,0.0007461474069841901,-0.04585774178681257
0.21250000000000002,0.42500000000000004,-0.10394042439547813,0.01409419124859375,0.0007527504813822802,-0.04543505264672231
0.21250000000000002,0.4375,-0.10346527255653667,0.014048331624140629,0.0007593535557803704,-0.04501236350663207
0.21250000000000002,0.45,-0.1029901207175952,0.014002471999687504,0.0007659566301784606,-0.044589674366541814
0.21250000000000002,0.4625,-0.10251496887865373,0.01395661237523438,0.0007725597045765508,-0.04416698522645156
0.21250000000000002,0.47500000000000003,-0.10203981703971228,0.013910752750781252,0.000779162778974641,-0.04374429608636131
0.21250000000000002,0.48750000000000004,-0.1015646652007708,0.013864893126328125,0.0007857658533727312,-0.04332160694627106
0.21250000000000002,0.5,-0.10108951336182935,0.013819033501875003,0.0007923689277708213,-0.04289891780618081
0.21250000000000002,0.5125000000000001,-0.10061436152288786,0.013773173877421876,0.0007989720021689115,-0.04247622866609055
0.21250000000000002,0.525,-0.10013920968394639,0.013727314252968751,0.0008055750765670017,-0.0420535395260003
0.21250000000000002,0.5375,-0.09966405784500494,0.01368145462851563,0.0008121781509650919,-0.04163085038591005
0.21250000000000002,0.55,-0.09918890600606346,0.013635595004062502,0.0008187812253631821,-0.041208161245819795
0.21250000000000002,0.5625,-0.098713754167122,0.01358973537960938,0.0008253842997612722,-0.040785472105729546
0.21250000000000002,0.5750000000000001,-0.09823860232818052,0.013543875755156252,0.0008319873741593625,-0.04036278296563929
0.21250000000000002,0.5875,-0.09776345048923907,0.013498016130703125,0.0008385904485574525,-0.039940093825549035
0.21250000000000002,0.6000000000000001,-0.0972882986502976,0.01345215650625,0.0008451935229555427,-0.039517404685458786
0.21250000000000002,0.6125,-0.09681314681135614,0.013406296881796878,0.000851796597353633,-0.03909471554536853
0.21250000000000002,0.625,-0.09633799497241469,0.013360437257343755,0.0008583996717517231,-0.03867202640527829
0.21250000000000002,0.6375000000000001,-0.09586284313347318,0.013314577632890626,0.0008650027461498134,-0.038249337265188026
0.21250000000000002,0.65,-0.09538769129453173,0.013268718008437503,0.0008716058205479034,-0.03782664812509778
0.21250000000000002,0.6625000000000001,-0.09491253945559025,0.013222858383984378,0.0008782088949459937,-0.03740395898500752
0.21250000000000002,0.675,-0.09443738761664879,0.013176998759531253,0.0008848119693440838,-0.03698126984491727
0.21250000000000002,0.6875,-0.09396223577770733,0.01313113913507813,0.000891415043742174,-0.03655858070482702
0.21250000000000002,0.7000000000000001,-0.09348708393876587,0.013085279510625,0.0008980181181402643,-0.03613589156473677
0.21250000000000002,0.7125,-0.09301193209982439,0.013039419886171877,0.0009046211925383543,-0.03571320242464651
0.21250000000000002,0.7250000000000001,-0.09253678026088293,0.012993560261718752,0.0009112242669364446,-0.03529051328455626
0.21250000000000002,0.7375,-0.09206162842194145,0.012947700637265627,0.0009178273413345347,-0.034867824144466014
0.21250000000000002,0.75,-0.09158647658299998,0.012901841012812503,0.0009244304157326249,-0.034445135004375765
0.21250000000000002,0.7625000000000001,-0.09111132474405853,0.012855981388359378,0.0009310334901307151,-0.0340224458642855
0.21250000000000002,0.775,-0.09063617290511705,0.012810121763906253,0.0009376365645288052,-0.033599756724195254
0.21250000000000002,0.7875000000000001,-0.09016102106617557,0.012764262139453128,0.0009442396389268955,-0.033177067584105
0.21250000000000002,0.8,-0.08968586922723412,0.012718402515000003,0.0009508427133249856,-0.03275437844401475
0.21250000000000002,0.8125,-0.08921071738829266,0.01267254289054688,0.0009574457877230758,-0.032331689303924493
0.21250000000000002,0.8250000000000001,-0.08873556554935119,0.01262668326609375,0.000964048862121166,-0.031909000163834245
0.21250000000000002,0.8375,-0.08826041371040973,0.012580823641640627,0.000970651936519256,-0.031486311023743996
0.21250000000000002,0.8500000000000001,-0.08778526187146825,0.012534964017187504,0.0009772550109173462,-0.03106362188365374
0.21250000000000002,0.8625,-0.08731011003252677,0.012489104392734379,0.0009838580853154366,-0.030640932743563488
0.21250000000000002,0.875,-0.08683495819358532,0.012443244768281254,0.0009904611597135267,-0.03021824360347324
0.21250000000000002,0.8875000000000001,-0.08635980635464384,0.012397385143828125,0.000997064234111617,-0.02979555446338299
0.21250000000000002,0.9,-0.08588465451570237,0.012351525519375002,0.001003667308509707,-0.02937286532329274
0.21250000000000002,0.9125000000000001,-0.08540950267676091,0.01230566589492188,0.0010102703829077972,-0.028950176183202482
0.21250000000000002,0.925,-0.08493435083781944,0.012259806270468753,0.0010168734573058873,-0.02852748704311223
0.21250000000000002,0.9375,-0.084459198998878,0.012213946646015628,0.0010234765317039774,-0.02810479790302198
0.21250000000000002,0.9500000000000001,-0.0839840471599365,0.012168087021562501,0.0010300796061020678,-0.027682108762931725
0.21250000000000002,0.9625,-0.08350889532099504,0.012122227397109376,0.0010366826805001579,-0.027259419622841473
0.21250000000000002,0.9750000000000001,-0.08303374348205357,0.012076367772656253,0.0010432857548982482,-0.02683673048275122
0.21250000000000002,0.9875,-0.08255859164311209,0.012030508148203126,0.0010498888292963383,-0.026414041342660968
0.21250000000000002,1.0,-0.08208343980417064,0.011984648523750004,0.0010564919036944284,-0.02599135220257072
0.225,0.0,-0.11892007222944674,0.015404951520000005,0.0005282459518472142,-0.059741349284790905
0.225,0.0125,-0.11844362486644658,0.015359819826093753,0.0005348490262453043,-0.059316636690095126
0.225,0.025,-0.11796717750344649,0.015314688132187504,0.0005414521006433945,-0.05889192409539936
0.225,0.037500000000000006,-0.11749073014044638,0.015269556438281255,0.0005480551750414848,-0.05846721150070359
0.225,0.05,-0.11701428277744624,0.015224424744375003,0.000554658249439575,-0.058042498906007815
0.225,0.0625,-0.11653783541444615,0.015179293050468756,0.0005612613238376651,-0.05761778631131206
0.225,0.07500000000000001,-0.11606138805144608,0.015134161356562504,0.0005678643982357553,-0.057193073716616284
0.225,0.08750000000000001,-0.11558494068844595,0.015089029662656251,0.0005744674726338454,-0.05676836112192052
0.225,0.1,-0.11510849332544582,0.015043897968750004,0.0005810705470319356,-0.05634364852722474
0.225,0.1125,-0.11463204596244572,0.014998766274843752,0.0005876736214300259,-0.05591893593252897
0.225,0.125,-0.11415559859944562,0.014953634580937503,0.000594276695828116,-0.05549422333783321
0.225,0.1375,-0.11367915123644548,0.014908502887031255,0.0006008797702262062,-0.055069510743137436
0.225,0.15000000000000002,-0.11320270387344539,0.014863371193125004,0.0006074828446242963,-0.05464479814844167
0.225,0.1625,-0.1127262565104453,0.014818239499218752,0.0006140859190223866,-0.054220085553745904
0.225,0.17500000000000002,-0.11224980914744516,0.014773107805312501,0.0006206889934204767,-0.05379537295905013
0.225,0.1875,-0.11177336178444508,0.014727976111406254,0.0006272920678185668,-0.05337066036435436
0.225,0.2,-0.11129691442144499,0.014682844417500002,0.0006338951422166571,-0.0529459477696586
0.225,0.21250000000000002,-0.11082046705844488,0.014637712723593753,0.0006404982166147472,-0.05252123517496283
0.225,0.225,-0.11034401969544473,0.014592581029687503,0.0006471012910128375,-0.052096522580267056
0.225,0.23750000000000002,-0.10986757233244462,0.01454744933578125,0.0006537043654109276,-0.05167180998557128
0.225,0.25,-0.10939112496944456,0.014502317641875005,0.0006603074398090177,-0.051247097390875525
0.225,0.2625,-0.1089146776064444,0.014457185947968753,0.0006669105142071079,-0.05082238479617975
0.225,0.275,-0.10843823024344429,0.014412054254062502,0.000673513588605198,-0.05039767220148398
0.225,0.28750000000000003,-0.10796178288044422,0.014366922560156254,0.0006801166630032884,-0.049972959606788214
0.225,0.30000000000000004,-0.10748533551744409,0.014321790866250001,0.0006867197374013785,-0.04954824701209244
0.225,0.3125,-0.107008888154444,0.014276659172343753,0.0006933228117994687,-0.049123534417396676
0.225,0.325,-0.10653244079144386,0.014231527478437504,0.0006999258861975588,-0.048698821822700904
0.225,0.3375,-0.10605599342844378,0.014186395784531253,0.0007065289605956489,-0.04827410922800513
0.225,0.35000000000000003,-0.10557954606544366,0.014141264090625001,0.0007131320349937392,-0.04784939663330937
0.225,0.36250000000000004,-0.10510309870244355,0.014096132396718752,0.0007197351093918294,-0.0474246840386136
0.225,0.375,-0.10462665133944343,0.014051000702812505,0.0007263381837899196,-0.046999971443917835
0.225,0.3875,-0.10415020397644334,0.014005869008906251,0.0007329412581880097,-0.046575258849222055
0.225,0.4,-0.10367375661344322,0.013960737315000001,0.0007395443325860999,-0.046150546254526296
0.225,0.41250000000000003,-0.10319730925044313,0.013915605621093756,0.0007461474069841901,-0.04572583365983052
0.225,0.42500000000000004,-0.10272086188744298,0.013870473927187503,0.0007527504813822802,-0.045301121065134745
0.225,0.4375,-0.1022444145244429,0.013825342233281253,0.0007593535557803704,-0.044876408470438986
0.225,0.45,-0.10176796716144279,0.013780210539375004,0.0007659566301784606,-0.04445169587574321
0.225,0.4625,-0.10129151979844264,0.013735078845468752,0.0007725597045765508,-0.04402698328104744
0.225,0.47500000000000003,-0.10081507243544258,0.013689947151562503,0.000779162778974641,-0.043602270686351675
0.225,0.48750000000000004,-0.10033862507244243,0.01364481545765625,0.0007857658533727312,-0.0431775580916559
0.225,0.5,-0.09986217770944236,0.013599683763750004,0.0007923689277708213,-0.042752845496960144
0.225,0.5125000000000001,-0.09938573034644224,0.013554552069843752,0.0007989720021689115,-0.04232813290226437
0.225,0.525,-0.09890928298344213,0.013509420375937503,0.0008055750765670017,-0.041903420307568606
0.225,0.5375,-0.09843283562044203,0.013464288682031254,0.0008121781509650919,-0.041478707712872834
0.225,0.55,-0.09795638825744192,0.013419156988125002,0.0008187812253631821,-0.04105399511817706
0.225,0.5625,-0.09747994089444181,0.013374025294218755,0.0008253842997612722,-0.040629282523481296
0.225,0.5750000000000001,-0.09700349353144169,0.013328893600312502,0.0008319873741593625,-0.04020456992878552
0.225,0.5875,-0.09652704616844157,0.013283761906406254,0.0008385904485574525,-0.03977985733408975
0.225,0.6000000000000001,-0.09605059880544148,0.013238630212500003,0.0008451935229555427,-0.039355144739393985
0.225,0.6125,-0.09557415144244137,0.013193498518593753,0.000851796597353633,-0.03893043214469822
0.225,0.625,-0.09509770407944126,0.013148366824687502,0.0008583996717517231,-0.038505719550002454
0.225,0.6375000000000001,-0.09462125671644113,0.013103235130781253,0.0008650027461498134,-0.038081006955306675
0.225,0.65,-0.09414480935344105,0.013058103436875005,0.0008716058205479034,-0.037656294360610916
0.225,0.6625000000000001,-0.09366836199044093,0.013012971742968752,0.0008782088949459937,-0.037231581765915144
0.225,0.675,-0.09319191462744084,0.012967840049062505,0.0008848119693440838,-0.03680686917121938
0.225,0.6875,-0.09271546726444072,0.012922708355156253,0.000891415043742174,-0.036382156576523605
0.225,0.7000000000000001,-0.09223901990144061,0.012877576661250001,0.0008980181181402643,-0.03595744398182783
0.225,0.7125,-0.0917625725384405,0.012832444967343754,0.0009046211925383543,-0.03553273138713207
0.225,0.7250000000000001,-0.0912861251754404,0.012787313273437503,0.0009112242669364446,-0.0351080187924363
0.225,0.7375,-0.09080967781244027,0.012742181579531253,0.0009178273413345347,-0.03468330619774053
0.225,0.75,-0.09033323044944017,0.012697049885625006,0.0009244304157326249,-0.034258593603044764
0.225,0.7625000000000001,-0.08985678308644006,0.012651918191718754,0.0009310334901307151,-0.03383388100834899
0.225,0.775,-0.08938033572343995,0.012606786497812503,0.0009376365645288052,-0.033409168413653226
0.225,0.7875000000000001,-0.08890388836043982,0.012561654803906253,0.0009442396389268955,-0.03298445581895745
0.225,0.8,-0.08842744099743974,0.012516523110000006,0.0009508427133249856,-0.03255974322426169
0.225,0.8125,-0.08795099363443963,0.012471391416093753,0.0009574457877230758,-0.032135030629565915
0.225,0.8250000000000001,-0.08747454627143951,0.012426259722187503,0.000964048862121166,-0.03171031803487015
0.225,0.8375,-0.0869980989084394,0.012381128028281254,0.000970651936519256,-0.031285605440174384
0.225,0.8500000000000001,-0.0865216515454393,0.012335996334375002,0.0009772550109173462,-0.030860892845478605
0.225,0.8625,-0.08604520418243919,0.012290864640468755,0.0009838580853154366,-0.03043618025078284
0.225,0.875,-0.08556875681943908,0.012245732946562504,0.0009904611597135267,-0.030011467656087074
0.225,0.8875000000000001,-0.08509230945643896,0.012200601252656252,0.000997064234111617,-0.029586755061391305
0.225,0.9,-0.08461586209343887,0.012155469558750003,0.001003667308509707,-0.029162042466695536
0.225,0.9125000000000001,-0.08413941473043875,0.012110337864843754,0.0010102703829077972,-0.028737329871999763
0.225,0.925,-0.08366296736743864,0.012065206170937504,0.0010168734573058873,-0.028312617277303994
0.225,0.9375,-0.08318652000443853,0.012020074477031253,0.0010234765317039774,-0.027887904682608225
0.225,0.9500000000000001,-0.08271007264143843,0.011974942783125003,0.0010300796061020678,-0.027463192087912452
0.225,0.9625,-0.08223362527843832,0.01192981108921875,0.0010366826805001579,-0.027038479493216687
0.225,0.9750000000000001,-0.0817571779154382,0.011884679395312504,0.0010432857548982482,-0.026613766898520914
0.225,0.9875,-0.0812807305524381,0.011839547701406253,0.0010498888292963383,-0.02618905430382515
0.225,1.0,-0.08080428318943798,0.011794416007500003,0.0010564919036944284,-0.025764341709129383
0.23750000000000002,0.0,-0.11774455753940544,0.015156484560000004,0.0005282459518472142,-0.05967621515979091
0.23750000000000002,0.0125,-0.11726681465234665,0.015112080796640627,0.0005348490262453043,-0.05924947911048962
0.23750000000000002,0.025,-0.11678907176528791,0.01506767703328125,0.0005414521006433945,-0.05882274306118832
0.23750000000000002,0.037500000000000006,-0.11631132887822916,0.015023273269921877,0.0005480551750414848,-0.05839600701188705
0.23750000000000002,0.05,-0.11583358599117041,0.014978869506562503,0.000554658249439575,-0.05796927096258575
0.23750000000000002,0.0625,-0.11535584310411166,0.014934465743203128,0.0005612613238376651,-0.05754253491328448
0.23750000000000002,0.07500000000000001,-0.11487810021705291,0.01489006197984375,0.0005678643982357553,-0.057115798863983186
0.23750000000000002,0.08750000000000001,-0.11440035732999417,0.014845658216484377,0.0005744674726338454,-0.056689062814681904
0.23750000000000002,0.1,-0.11392261444293539,0.014801254453125003,0.0005810705470319356,-0.05626232676538061
0.23750000000000002,0.1125,-0.11344487155587667,0.014756850689765627,0.0005876736214300259,-0.05583559071607933
0.23750000000000002,0.125,-0.11296712866881792,0.014712446926406254,0.000594276695828116,-0.05540885466677804
0.23750000000000002,0.1375,-0.11248938578175914,0.014668043163046878,0.0006008797702262062,-0.05498211861747676
0.23750000000000002,0.15000000000000002,-0.11201164289470039,0.014623639399687501,0.0006074828446242963,-0.05455538256817548
0.23750000000000002,0.1625,-0.11153390000764164,0.014579235636328127,0.0006140859190223866,-0.05412864651887419
0.23750000000000002,0.17500000000000002,-0.1110561571205829,0.014534831872968751,0.0006206889934204767,-0.0537019104695729
0.23750000000000002,0.1875,-0.11057841423352414,0.014490428109609377,0.0006272920678185668,-0.05327517442027162
0.23750000000000002,0.2,-0.1101006713464654,0.014446024346250003,0.0006338951422166571,-0.052848438370970335
0.23750000000000002,0.21250000000000002,-0.10962292845940669,0.014401620582890629,0.0006404982166147472,-0.052421702321669046
0.23750000000000002,0.225,-0.10914518557234787,0.014357216819531251,0.0006471012910128375,-0.05199496627236776
0.23750000000000002,0.23750000000000002,-0.10866744268528913,0.014312813056171875,0.0006537043654109276,-0.051568230223066475
0.23750000000000002,0.25,-0.1081896997982304,0.014268409292812503,0.0006603074398090177,-0.05114149417376519
0.23750000000000002,0.2625,-0.10771195691117164,0.014224005529453127,0.0006669105142071079,-0.0507147581244639
0.23750000000000002,0.275,-0.10723421402411289,0.014179601766093753,0.000673513588605198,-0.050288022075162614
0.23750000000000002,0.28750000000000003,-0.10675647113705414,0.014135198002734379,0.0006801166630032884,-0.04986128602586133
0.23750000000000002,0.30000000000000004,-0.10627872824999539,0.014090794239375001,0.0006867197374013785,-0.04943454997656004
0.23750000000000002,0.3125,-0.10580098536293664,0.014046390476015627,0.0006933228117994687,-0.04900781392725876
0.23750000000000002,0.325,-0.10532324247587789,0.014001986712656253,0.0006999258861975588,-0.04858107787795747
0.23750000000000002,0.3375,-0.10484549958881914,0.013957582949296877,0.0007065289605956489,-0.04815434182865619
0.23750000000000002,0.35000000000000003,-0.10436775670176039,0.013913179185937503,0.0007131320349937392,-0.047727605779354906
0.23750000000000002,0.36250000000000004,-0.10389001381470164,0.013868775422578125,0.0007197351093918294,-0.04730086973005362
0.23750000000000002,0.375,-0.10341227092764288,0.013824371659218751,0.0007263381837899196,-0.046874133680752335
0.23750000000000002,0.3875,-0.10293452804058413,0.013779967895859375,0.0007329412581880097,-0.046447397631451046
0.23750000000000002,0.4,-0.10245678515352538,0.013735564132500003,0.0007395443325860999,-0.04602066158214977
0.23750000000000002,0.41250000000000003,-0.10197904226646665,0.013691160369140627,0.0007461474069841901,-0.045593925532848474
0.23750000000000002,0.42500000000000004,-0.10150129937940788,0.01364675660578125,0.0007527504813822802,-0.045167189483547185
0.23750000000000002,0.4375,-0.10102355649234913,0.013602352842421879,0.0007593535557803704,-0.0447404534342459
0.23750000000000002,0.45,-0.10054581360529039,0.013557949079062501,0.0007659566301784606,-0.04431371738494462
0.23750000000000002,0.4625,-0.10006807071823162,0.013513545315703127,0.0007725597045765508,-0.04388698133564333
0.23750000000000002,0.47500000000000003,-0.09959032783117289,0.013469141552343753,0.000779162778974641,-0.04346024528634205
0.23750000000000002,0.48750000000000004,-0.09911258494411412,0.013424737788984377,0.0007857658533727312,-0.04303350923704076
0.23750000000000002,0.5,-0.09863484205705539,0.013380334025625003,0.0007923689277708213,-0.042606773187739484
0.23750000000000002,0.5125000000000001,-0.09815709916999663,0.013335930262265625,0.0007989720021689115,-0.04218003713843819
0.23750000000000002,0.525,-0.09767935628293789,0.013291526498906251,0.0008055750765670017,-0.04175330108913691
0.23750000000000002,0.5375,-0.09720161339587914,0.013247122735546877,0.0008121781509650919,-0.041326565039835624
0.23750000000000002,0.55,-0.09672387050882038,0.013202718972187501,0.0008187812253631821,-0.040899828990534334
0.23750000000000002,0.5625,-0.09624612762176163,0.013158315208828129,0.0008253842997612722,-0.04047309294123305
0.23750000000000002,0.5750000000000001,-0.09576838473470288,0.01311391144546875,0.0008319873741593625,-0.04004635689193177
0.23750000000000002,0.5875,-0.09529064184764412,0.013069507682109375,0.0008385904485574525,-0.039619620842630474
0.23750000000000002,0.6000000000000001,-0.09481289896058538,0.013025103918750005,0.0008451935229555427,-0.03919288479332919
0.23750000000000002,0.6125,-0.09433515607352663,0.012980700155390627,0.000851796597353633,-0.03876614874402791
0.23750000000000002,0.625,-0.09385741318646788,0.012936296392031253,0.0008583996717517231,-0.03833941269472663
0.23750000000000002,0.6375000000000001,-0.09337967029940912,0.012891892628671877,0.0008650027461498134,-0.03791267664542533
0.23750000000000002,0.65,-0.09290192741235037,0.012847488865312503,0.0008716058205479034,-0.03748594059612405
0.23750000000000002,0.6625000000000001,-0.09242418452529162,0.012803085101953125,0.0008782088949459937,-0.037059204546822766
0.23750000000000002,0.675,-0.09194644163823287,0.012758681338593753,0.0008848119693440838,-0.036632468497521484
0.23750000000000002,0.6875,-0.09146869875117414,0.012714277575234379,0.000891415043742174,-0.0362057324482202
0.23750000000000002,0.7000000000000001,-0.09099095586411535,0.012669873811875001,0.0008980181181402643,-0.035778996398918905
0.23750000000000002,0.7125,-0.09051321297705661,0.012625470048515627,0.0009046211925383543,-0.03535226034961762
0.23750000000000002,0.7250000000000001,-0.09003547008999786,0.012581066285156251,0.0009112242669364446,-0.034925524300316334
0.23750000000000002,0.7375,-0.08955772720293911,0.012536662521796877,0.0009178273413345347,-0.03449878825101505
0.23750000000000002,0.75,-0.08907998431588036,0.012492258758437505,0.0009244304157326249,-0.03407205220171377
0.23750000000000002,0.7625000000000001,-0.08860224142882162,0.012447854995078125,0.0009310334901307151,-0.03364531615241248
0.23750000000000002,0.775,-0.08812449854176285,0.012403451231718751,0.0009376365645288052,-0.0332185801031112
0.23750000000000002,0.7875000000000001,-0.08764675565470409,0.012359047468359377,0.0009442396389268955,-0.03279184405380991
0.23750000000000002,0.8,-0.08716901276764538,0.012314643705000001,0.0009508427133249856,-0.032365108004508626
0.23750000000000002,0.8125,-0.08669126988058662,0.012270239941640629,0.0009574457877230758,-0.03193837195520734
0.23750000000000002,0.8250000000000001,-0.08621352699352787,0.012225836178281251,0.000964048862121166,-0.031511635905906055
0.23750000000000002,0.8375,-0.08573578410646912,0.012181432414921875,0.000970651936519256,-0.031084899856604765
0.23750000000000002,0.8500000000000001,-0.08525804121941037,0.012137028651562501,0.0009772550109173462,-0.030658163807303483
0.23750000000000002,0.8625,-0.08478029833235161,0.012092624888203127,0.0009838580853154366,-0.030231427758002194
0.23750000000000002,0.875,-0.08430255544529286,0.012048221124843753,0.0009904611597135267,-0.02980469170870091
0.23750000000000002,0.8875000000000001,-0.08382481255823412,0.012003817361484377,0.000997064234111617,-0.02937795565939963
0.23750000000000002,0.9,-0.08334706967117536,0.011959413598125001,0.001003667308509707,-0.02895121961009834
0.23750000000000002,0.9125000000000001,-0.0828693267841166,0.011915009834765627,0.0010102703829077972,-0.02852448356079705
0.23750000000000002,0.925,-0.08239158389705785,0.011870606071406251,0.0010168734573058873,-0.02809774751149577
0.23750000000000002,0.9375,-0.0819138410099991,0.011826202308046877,0.0010234765317039774,-0.02767101146219448
0.23750000000000002,0.9500000000000001,-0.08143609812294035,0.011781798544687503,0.0010300796061020678,-0.027244275412893197
0.23750000000000002,0.9625,-0.0809583552358816,0.011737394781328127,0.0010366826805001579,-0.026817539363591908
0.23750000000000002,0.9750000000000001,-0.08048061234882284,0.011692991017968751,0.0010432857548982482,-0.026390803314290626
0.23750000000000002,0.9875,-0.08000286946176409,0.011648587254609377,0.0010498888292963383,-0.025964067264989336
0.23750000000000002,1.0,-0.07952512657470535,0.011604183491250001,0.0010564919036944284,-0.02553733121568806
0.25,0.0,-0.11656904284936406,0.014908017600000004,0.0005282459518472142,-0.0596110810347909
0.25,0.0125,-0.1160900044382467,0.014864341767187504,0.0005348490262453043,-0.0591823215308841
0.25,0.025,-0.11561096602712931,0.014820665934375003,0.0005414521006433945,-0.05875356202697729
0.25,0.037500000000000006,-0.1151319276160119,0.014776990101562503,0.0005480551750414848,-0.058324802523070485
0.25,0.05,-0.11465288920489451,0.014733314268750002,0.000554658249439575,-0.05789604301916368
0.25,0.0625,-0.11417385079377715,0.014689638435937503,0.0005612613238376651,-0.05746728351525689
0.25,0.07500000000000001,-0.11369481238265972,0.014645962603125002,0.0005678643982357553,-0.05703852401135008
0.25,0.08750000000000001,-0.11321577397154235,0.014602286770312504,0.0005744674726338454,-0.05660976450744329
0.25,0.1,-0.11273673556042496,0.0145586109375,0.0005810705470319356,-0.056181005003536476
0.25,0.1125,-0.11225769714930756,0.0145149351046875,0.0005876736214300259,-0.05575224549962968
0.25,0.125,-0.11177865873819016,0.014471259271875004,0.000594276695828116,-0.05532348599572288
0.25,0.1375,-0.11129962032707277,0.014427583439062502,0.0006008797702262062,-0.05489472649181607
0.25,0.15000000000000002,-0.1108205819159554,0.014383907606250003,0.0006074828446242963,-0.05446596698790927
0.25,0.1625,-0.110341543504838,0.014340231773437505,0.0006140859190223866,-0.054037207484002474
0.25,0.17500000000000002,-0.10986250509372059,0.014296555940625002,0.0006206889934204767,-0.05360844798009566
0.25,0.1875,-0.10938346668260318,0.014252880107812504,0.0006272920678185668,-0.053179688476188855
0.25,0.2,-0.10890442827148582,0.014209204275000003,0.0006338951422166571,-0.05275092897228206
0.25,0.21250000000000002,-0.10842538986036843,0.014165528442187504,0.0006404982166147472,-0.05232216946837526
0.25,0.225,-0.10794635144925102,0.014121852609375003,0.0006471012910128375,-0.05189340996446845
0.25,0.23750000000000002,-0.10746731303813363,0.014078176776562501,0.0006537043654109276,-0.051464650460561645
0.25,0.25,-0.10698827462701627,0.014034500943750005,0.0006603074398090177,-0.05103589095665485
0.25,0.2625,-0.10650923621589886,0.0139908251109375,0.0006669105142071079,-0.05060713145274805
0.25,0.275,-0.10603019780478147,0.013947149278125001,0.000673513588605198,-0.05017837194884124
0.25,0.28750000000000003,-0.10555115939366408,0.013903473445312503,0.0006801166630032884,-0.04974961244493444
0.25,0.30000000000000004,-0.10507212098254667,0.0138597976125,0.0006867197374013785,-0.04932085294102764
0.25,0.3125,-0.10459308257142931,0.013816121779687504,0.0006933228117994687,-0.048892093437120844
0.25,0.325,-0.10411404416031189,0.013772445946875003,0.0006999258861975588,-0.04846333393321403
0.25,0.3375,-0.10363500574919449,0.013728770114062502,0.0007065289605956489,-0.04803457442930724
0.25,0.35000000000000003,-0.10315596733807711,0.013685094281250003,0.0007131320349937392,-0.04760581492540044
0.25,0.36250000000000004,-0.10267692892695972,0.013641418448437501,0.0007197351093918294,-0.047177055421493634
0.25,0.375,-0.10219789051584233,0.013597742615625002,0.0007263381837899196,-0.046748295917586835
0.25,0.3875,-0.10171885210472492,0.0135540667828125,0.0007329412581880097,-0.04631953641368003
0.25,0.4,-0.10123981369360754,0.013510390950000003,0.0007395443325860999,-0.04589077690977323
0.25,0.41250000000000003,-0.10076077528249014,0.013466715117187503,0.0007461474069841901,-0.045462017405866424
0.25,0.42500000000000004,-0.10028173687137273,0.013423039284374999,0.0007527504813822802,-0.04503325790195961
0.25,0.4375,-0.09980269846025536,0.013379363451562503,0.0007593535557803704,-0.04460449839805282
0.25,0.45,-0.09932366004913795,0.013335687618750001,0.0007659566301784606,-0.04417573889414601
0.25,0.4625,-0.09884462163802057,0.013292011785937502,0.0007725597045765508,-0.04374697939023921
0.25,0.47500000000000003,-0.0983655832269032,0.013248335953125004,0.000779162778974641,-0.043318219886332415
0.25,0.48750000000000004,-0.09788654481578578,0.013204660120312501,0.0007857658533727312,-0.04288946038242561
0.25,0.5,-0.0974075064046684,0.013160984287500004,0.0007923689277708213,-0.04246070087851882
0.25,0.5125000000000001,-0.09692846799355101,0.013117308454687502,0.0007989720021689115,-0.042031941374612004
0.25,0.525,-0.0964494295824336,0.013073632621875003,0.0008055750765670017,-0.041603181870705205
0.25,0.5375,-0.09597039117131621,0.013029956789062502,0.0008121781509650919,-0.0411744223667984
0.25,0.55,-0.09549135276019882,0.01298628095625,0.0008187812253631821,-0.0407456628628916
0.25,0.5625,-0.09501231434908143,0.012942605123437504,0.0008253842997612722,-0.0403169033589848
0.25,0.5750000000000001,-0.09453327593796404,0.012898929290625001,0.0008319873741593625,-0.039888143855077995
0.25,0.5875,-0.09405423752684663,0.0128552534578125,0.0008385904485574525,-0.03945938435117119
0.25,0.6000000000000001,-0.09357519911572924,0.012811577625000002,0.0008451935229555427,-0.039030624847264384
0.25,0.6125,-0.09309616070461187,0.012767901792187505,0.000851796597353633,-0.038601865343357585
0.25,0.625,-0.09261712229349447,0.012724225959375004,0.0008583996717517231,-0.038173105839450786
0.25,0.6375000000000001,-0.09213808388237706,0.0126805501265625,0.0008650027461498134,-0.03774434633554398
0.25,0.65,-0.09165904547125968,0.012636874293750003,0.0008716058205479034,-0.03731558683163718
0.25,0.6625000000000001,-0.09118000706014229,0.012593198460937502,0.0008782088949459937,-0.036886827327730375
0.25,0.675,-0.0907009686490249,0.012549522628125004,0.0008848119693440838,-0.036458067823823576
0.25,0.6875,-0.09022193023790752,0.012505846795312504,0.000891415043742174,-0.03602930831991678
0.25,0.7000000000000001,-0.0897428918267901,0.0124621709625,0.0008980181181402643,-0.03560054881600997
0.25,0.7125,-0.08926385341567271,0.012418495129687502,0.0009046211925383543,-0.03517178931210317
0.25,0.7250000000000001,-0.08878481500455533,0.012374819296875002,0.0009112242669364446,-0.03474302980819637
0.25,0.7375,-0.08830577659343794,0.012331143464062503,0.0009178273413345347,-0.03431427030428957
0.25,0.75,-0.08782673818232055,0.012287467631250003,0.0009244304157326249,-0.03388551080038277
0.25,0.7625000000000001,-0.08734769977120314,0.012243791798437502,0.0009310334901307151,-0.03345675129647596
0.25,0.775,-0.08686866136008575,0.012200115965625003,0.0009376365645288052,-0.033027991792569156
0.25,0.7875000000000001,-0.08638962294896836,0.012156440132812502,0.0009442396389268955,-0.03259923228866235
0.25,0.8,-0.08591058453785098,0.012112764300000002,0.0009508427133249856,-0.03217047278475556
0.25,0.8125,-0.08543154612673359,0.012069088467187504,0.0009574457877230758,-0.03174171328084875
0.25,0.8250000000000001,-0.08495250771561619,0.012025412634375001,0.000964048862121166,-0.03131295377694195
0.25,0.8375,-0.08447346930449881,0.011981736801562502,0.000970651936519256,-0.030884194273035154
0.25,0.8500000000000001,-0.08399443089338138,0.011938060968750002,0.0009772550109173462,-0.030455434769128348
0.25,0.8625,-0.083515392482264,0.011894385135937501,0.0009838580853154366,-0.030026675265221545
0.25,0.875,-0.08303635407114661,0.011850709303125003,0.0009904611597135267,-0.029597915761314746
0.25,0.8875000000000001,-0.08255731566002922,0.011807033470312502,0.000997064234111617,-0.02916915625740794
0.25,0.9,-0.08207827724891184,0.011763357637500001,0.001003667308509707,-0.028740396753501145
0.25,0.9125000000000001,-0.08159923883779445,0.011719681804687502,0.0010102703829077972,-0.028311637249594335
0.25,0.925,-0.08112020042667706,0.011676005971875004,0.0010168734573058873,-0.027882877745687536
0.25,0.9375,-0.08064116201555967,0.011632330139062503,0.0010234765317039774,-0.027454118241780734
0.25,0.9500000000000001,-0.08016212360444228,0.011588654306250001,0.0010300796061020678,-0.02702535873787393
0.25,0.9625,-0.07968308519332487,0.011544978473437504,0.0010366826805001579,-0.026596599233967125
0.25,0.9750000000000001,-0.07920404678220748,0.011501302640625004,0.0010432857548982482,-0.026167839730060326
0.25,0.9875,-0.0787250083710901,0.011457626807812503,0.0010498888292963383,-0.025739080226153524
0.25,1.0,-0.07824596995997271,0.011413950975000003,0.0010564919036944284,-0.02531032072224673
0.2625,0.0,-0.11539352815932279,0.014659550640000005,0.0005282459518472142,-0.059545946909790905
0.2625,0.0125,-0.11491319422414675,0.014616602737734378,0.0005348490262453043,-0.059115163951278575
0.2625,0.025,-0.1144328602889707,0.014573654835468752,0.0005414521006433945,-0.05868438099276625
0.2625,0.037500000000000006,-0.11395252635379466,0.014530706933203128,0.0005480551750414848,-0.058253598034253944
0.2625,0.05,-0.11347219241861864,0.014487759030937502,0.000554658249439575,-0.05782281507574162
0.2625,0.0625,-0.1129918584834426,0.014444811128671879,0.0005612613238376651,-0.05739203211722931
0.2625,0.07500000000000001,-0.11251152454826659,0.014401863226406252,0.0005678643982357553,-0.05696124915871698
0.2625,0.08750000000000001,-0.11203119061309055,0.01435891532414063,0.0005744674726338454,-0.05653046620020467
0.2625,0.1,-0.1115508566779145,0.014315967421875003,0.0005810705470319356,-0.056099683241692344
0.2625,0.1125,-0.11107052274273849,0.01427301951960938,0.0005876736214300259,-0.05566890028318003
0.2625,0.125,-0.11059018880756244,0.014230071617343755,0.000594276695828116,-0.055238117324667706
0.2625,0.1375,-0.11010985487238639,0.014187123715078126,0.0006008797702262062,-0.05480733436615539
0.2625,0.15000000000000002,-0.10962952093721036,0.014144175812812503,0.0006074828446242963,-0.054376551407643074
0.2625,0.1625,-0.10914918700203434,0.014101227910546877,0.0006140859190223866,-0.05394576844913076
0.2625,0.17500000000000002,-0.1086688530668583,0.014058280008281254,0.0006206889934204767,-0.053514985490618436
0.2625,0.1875,-0.10818851913168229,0.014015332106015629,0.0006272920678185668,-0.05308420253210611
0.2625,0.2,-0.10770818519650624,0.013972384203750002,0.0006338951422166571,-0.0526534195735938
0.2625,0.21250000000000002,-0.10722785126133022,0.013929436301484377,0.0006404982166147472,-0.05222263661508148
0.2625,0.225,-0.10674751732615417,0.013886488399218752,0.0006471012910128375,-0.051791853656569166
0.2625,0.23750000000000002,-0.10626718339097814,0.013843540496953126,0.0006537043654109276,-0.051361070698056836
0.2625,0.25,-0.10578684945580209,0.013800592594687506,0.0006603074398090177,-0.05093028773954453
0.2625,0.2625,-0.10530651552062605,0.013757644692421876,0.0006669105142071079,-0.050499504781032205
0.2625,0.275,-0.10482618158545004,0.013714696790156253,0.000673513588605198,-0.05006872182251988
0.2625,0.28750000000000003,-0.10434584765027399,0.013671748887890627,0.0006801166630032884,-0.04963793886400756
0.2625,0.30000000000000004,-0.10386551371509797,0.013628800985625003,0.0006867197374013785,-0.049207155905495244
0.2625,0.3125,-0.10338517977992195,0.01358585308335938,0.0006933228117994687,-0.04877637294698293
0.2625,0.325,-0.1029048458447459,0.013542905181093754,0.0006999258861975588,-0.0483455899884706
0.2625,0.3375,-0.10242451190956987,0.013499957278828127,0.0007065289605956489,-0.04791480702995829
0.2625,0.35000000000000003,-0.10194417797439384,0.013457009376562504,0.0007131320349937392,-0.047484024071445974
0.2625,0.36250000000000004,-0.10146384403921782,0.013414061474296878,0.0007197351093918294,-0.04705324111293365
0.2625,0.375,-0.10098351010404176,0.013371113572031254,0.0007263381837899196,-0.046622458154421335
0.2625,0.3875,-0.10050317616886573,0.013328165669765628,0.0007329412581880097,-0.04619167519590901
0.2625,0.4,-0.10002284223368968,0.013285217767500003,0.0007395443325860999,-0.045760892237396704
0.2625,0.41250000000000003,-0.09954250829851367,0.013242269865234378,0.0007461474069841901,-0.045330109278884374
0.2625,0.42500000000000004,-0.09906217436333761,0.013199321962968752,0.0007527504813822802,-0.04489932632037205
0.2625,0.4375,-0.0985818404281616,0.01315637406070313,0.0007593535557803704,-0.04446854336185974
0.2625,0.45,-0.09810150649298555,0.013113426158437502,0.0007659566301784606,-0.04403776040334742
0.2625,0.4625,-0.09762117255780951,0.013070478256171877,0.0007725597045765508,-0.0436069774448351
0.2625,0.47500000000000003,-0.0971408386226335,0.01302753035390625,0.000779162778974641,-0.04317619448632278
0.2625,0.48750000000000004,-0.09666050468745745,0.012984582451640627,0.0007857658533727312,-0.04274541152781046
0.2625,0.5,-0.09618017075228143,0.012941634549375004,0.0007923689277708213,-0.04231462856929815
0.2625,0.5125000000000001,-0.09569983681710538,0.012898686647109378,0.0007989720021689115,-0.04188384561078582
0.2625,0.525,-0.09521950288192935,0.012855738744843751,0.0008055750765670017,-0.04145306265227351
0.2625,0.5375,-0.09473916894675333,0.012812790842578128,0.0008121781509650919,-0.04102227969376119
0.2625,0.55,-0.09425883501157728,0.012769842940312503,0.0008187812253631821,-0.04059149673524886
0.2625,0.5625,-0.09377850107640126,0.01272689503804688,0.0008253842997612722,-0.04016071377673656
0.2625,0.5750000000000001,-0.09329816714122521,0.012683947135781252,0.0008319873741593625,-0.03972993081822423
0.2625,0.5875,-0.09281783320604918,0.012640999233515627,0.0008385904485574525,-0.03929914785971191
0.2625,0.6000000000000001,-0.09233749927087315,0.012598051331250002,0.0008451935229555427,-0.03886836490119959
0.2625,0.6125,-0.09185716533569711,0.012555103428984377,0.000851796597353633,-0.038437581942687274
0.2625,0.625,-0.09137683140052108,0.012512155526718754,0.0008583996717517231,-0.03800679898417496
0.2625,0.6375000000000001,-0.09089649746534503,0.012469207624453128,0.0008650027461498134,-0.03757601602566263
0.2625,0.65,-0.090416163530169,0.012426259722187503,0.0008716058205479034,-0.03714523306715032
0.2625,0.6625000000000001,-0.08993582959499297,0.012383311819921878,0.0008782088949459937,-0.036714450108638
0.2625,0.675,-0.08945549565981695,0.012340363917656253,0.0008848119693440838,-0.03628366715012568
0.2625,0.6875,-0.08897516172464091,0.01229741601539063,0.000891415043742174,-0.03585288419161336
0.2625,0.7000000000000001,-0.08849482778946487,0.012254468113125002,0.0008980181181402643,-0.03542210123310104
0.2625,0.7125,-0.08801449385428883,0.012211520210859377,0.0009046211925383543,-0.03499131827458873
0.2625,0.7250000000000001,-0.08753415991911281,0.012168572308593752,0.0009112242669364446,-0.034560535316076404
0.2625,0.7375,-0.08705382598393678,0.012125624406328127,0.0009178273413345347,-0.03412975235756409
0.2625,0.75,-0.08657349204876075,0.012082676504062506,0.0009244304157326249,-0.03369896939905177
0.2625,0.7625000000000001,-0.0860931581135847,0.012039728601796877,0.0009310334901307151,-0.03326818644053945
0.2625,0.775,-0.08561282417840867,0.011996780699531253,0.0009376365645288052,-0.03283740348202713
0.2625,0.7875000000000001,-0.08513249024323262,0.011953832797265628,0.0009442396389268955,-0.032406620523514805
0.2625,0.8,-0.0846521563080566,0.011910884895000003,0.0009508427133249856,-0.031975837565002496
0.2625,0.8125,-0.08417182237288057,0.01186793699273438,0.0009574457877230758,-0.031545054606490174
0.2625,0.8250000000000001,-0.08369148843770453,0.011824989090468753,0.000964048862121166,-0.03111427164797785
0.2625,0.8375,-0.0832111545025285,0.011782041188203128,0.000970651936519256,-0.030683488689465535
0.2625,0.8500000000000001,-0.08273082056735248,0.011739093285937504,0.0009772550109173462,-0.030252705730953212
0.2625,0.8625,-0.08225048663217643,0.011696145383671877,0.0009838580853154366,-0.029821922772440897
0.2625,0.875,-0.0817701526970004,0.011653197481406254,0.0009904611597135267,-0.02939113981392858
0.2625,0.8875000000000001,-0.08128981876182437,0.011610249579140627,0.000997064234111617,-0.028960356855416258
0.2625,0.9,-0.08080948482664835,0.011567301676875003,0.001003667308509707,-0.028529573896903943
0.2625,0.9125000000000001,-0.08032915089147229,0.011524353774609378,0.0010102703829077972,-0.028098790938391623
0.2625,0.925,-0.07984881695629625,0.011481405872343753,0.0010168734573058873,-0.027668007979879304
0.2625,0.9375,-0.07936848302112023,0.01143845797007813,0.0010234765317039774,-0.027237225021366985
0.2625,0.9500000000000001,-0.0788881490859442,0.011395510067812501,0.0010300796061020678,-0.026806442062854666
0.2625,0.9625,-0.07840781515076817,0.011352562165546877,0.0010366826805001579,-0.026375659104342346
0.2625,0.9750000000000001,-0.07792748121559212,0.011309614263281252,0.0010432857548982482,-0.025944876145830027
0.2625,0.9875,-0.0774471472804161,0.011266666361015627,0.0010498888292963383,-0.025514093187317708
0.2625,1.0,-0.07696681334524007,0.011223718458750002,0.0010564919036944284,-0.025083310228805396
0.275,0.0,-0.11421801346928145,0.014411083680000004,0.0005282459518472142,-0.05948081278479091
0.275,0.0125,-0.11373638401004679,0.014368863708281252,0.0005348490262453043,-0.05904800637167306
0.275,0.025,-0.1132547545508121,0.014326643736562502,0.0005414521006433945,-0.05861519995855523
0.275,0.037500000000000006,-0.11277312509157744,0.01428442376484375,0.0005480551750414848,-0.05818239354543739
0.275,0.05,-0.11229149563234275,0.014242203793125,0.000554658249439575,-0.057749587132319556
0.275,0.0625,-0.11180986617310809,0.014199983821406251,0.0005612613238376651,-0.057316780719201724
0.275,0.07500000000000001,-0.1113282367138734,0.0141577638496875,0.0005678643982357553,-0.05688397430608389
0.275,0.08750000000000001,-0.11084660725463874,0.014115543877968751,0.0005744674726338454,-0.05645116789296606
0.275,0.1,-0.11036497779540404,0.014073323906250004,0.0005810705470319356,-0.056018361479848205
0.275,0.1125,-0.10988334833616938,0.014031103934531249,0.0005876736214300259,-0.05558555506673038
0.275,0.125,-0.10940171887693471,0.013988883962812504,0.000594276695828116,-0.05515274865361254
0.275,0.1375,-0.10892008941770003,0.013946663991093754,0.0006008797702262062,-0.05471994224049471
0.275,0.15000000000000002,-0.10843845995846536,0.013904444019375002,0.0006074828446242963,-0.054287135827376876
0.275,0.1625,-0.10795683049923067,0.013862224047656252,0.0006140859190223866,-0.05385432941425904
0.275,0.17500000000000002,-0.10747520103999599,0.0138200040759375,0.0006206889934204767,-0.0534215230011412
0.275,0.1875,-0.10699357158076131,0.013777784104218755,0.0006272920678185668,-0.05298871658802337
0.275,0.2,-0.10651194212152665,0.013735564132500001,0.0006338951422166571,-0.05255591017490554
0.275,0.21250000000000002,-0.10603031266229196,0.013693344160781253,0.0006404982166147472,-0.05212310376178769
0.275,0.225,-0.1055486832030573,0.013651124189062504,0.0006471012910128375,-0.05169029734866986
0.275,0.23750000000000002,-0.10506705374382261,0.013608904217343752,0.0006537043654109276,-0.051257490935552014
0.275,0.25,-0.10458542428458795,0.013566684245625002,0.0006603074398090177,-0.050824684522434195
0.275,0.2625,-0.10410379482535329,0.01352446427390625,0.0006669105142071079,-0.050391878109316356
0.275,0.275,-0.1036221653661186,0.013482244302187502,0.000673513588605198,-0.049959071696198516
0.275,0.28750000000000003,-0.10314053590688393,0.013440024330468751,0.0006801166630032884,-0.049526265283080684
0.275,0.30000000000000004,-0.10265890644764923,0.01339780435875,0.0006867197374013785,-0.049093458869962844
0.275,0.3125,-0.10217727698841458,0.013355584387031254,0.0006933228117994687,-0.04866065245684502
0.275,0.325,-0.1016956475291799,0.0133133644153125,0.0006999258861975588,-0.04822784604372718
0.275,0.3375,-0.10121401806994522,0.013271144443593752,0.0007065289605956489,-0.04779503963060934
0.275,0.35000000000000003,-0.10073238861071054,0.013228924471875002,0.0007131320349937392,-0.047362233217491514
0.275,0.36250000000000004,-0.10025075915147587,0.01318670450015625,0.0007197351093918294,-0.046929426804373675
0.275,0.375,-0.09976912969224119,0.013144484528437502,0.0007263381837899196,-0.046496620391255836
0.275,0.3875,-0.09928750023300652,0.013102264556718752,0.0007329412581880097,-0.046063813978137996
0.275,0.4,-0.09880587077377184,0.013060044585000003,0.0007395443325860999,-0.04563100756502017
0.275,0.41250000000000003,-0.09832424131453715,0.013017824613281251,0.0007461474069841901,-0.04519820115190233
0.275,0.42500000000000004,-0.09784261185530246,0.012975604641562501,0.0007527504813822802,-0.04476539473878449
0.275,0.4375,-0.0973609823960678,0.012933384669843753,0.0007593535557803704,-0.04433258832566666
0.275,0.45,-0.09687935293683314,0.012891164698125,0.0007659566301784606,-0.04389978191254882
0.275,0.4625,-0.09639772347759847,0.01284894472640625,0.0007725597045765508,-0.04346697549943098
0.275,0.47500000000000003,-0.09591609401836379,0.012806724754687502,0.000779162778974641,-0.043034169086313155
0.275,0.48750000000000004,-0.0954344645591291,0.01276450478296875,0.0007857658533727312,-0.042601362673195316
0.275,0.5,-0.09495283509989444,0.012722284811250003,0.0007923689277708213,-0.04216855626007749
0.275,0.5125000000000001,-0.09447120564065976,0.012680064839531251,0.0007989720021689115,-0.041735749846959644
0.275,0.525,-0.09398957618142509,0.012637844867812501,0.0008055750765670017,-0.04130294343384181
0.275,0.5375,-0.0935079467221904,0.012595624896093751,0.0008121781509650919,-0.04087013702072398
0.275,0.55,-0.09302631726295572,0.012553404924374999,0.0008187812253631821,-0.04043733060760614
0.275,0.5625,-0.09254468780372105,0.012511184952656252,0.0008253842997612722,-0.04000452419448831
0.275,0.5750000000000001,-0.09206305834448639,0.012468964980937502,0.0008319873741593625,-0.03957171778137047
0.275,0.5875,-0.0915814288852517,0.01242674500921875,0.0008385904485574525,-0.03913891136825263
0.275,0.6000000000000001,-0.09109979942601701,0.012384525037500002,0.0008451935229555427,-0.038706104955134796
0.275,0.6125,-0.09061816996678235,0.012342305065781253,0.000851796597353633,-0.038273298542016956
0.275,0.625,-0.09013654050754767,0.012300085094062501,0.0008583996717517231,-0.03784049212889913
0.275,0.6375000000000001,-0.089654911048313,0.01225786512234375,0.0008650027461498134,-0.037407685715781284
0.275,0.65,-0.08917328158907832,0.012215645150625003,0.0008716058205479034,-0.03697487930266345
0.275,0.6625000000000001,-0.08869165212984365,0.01217342517890625,0.0008782088949459937,-0.03654207288954562
0.275,0.675,-0.08821002267060897,0.0121312052071875,0.0008848119693440838,-0.03610926647642779
0.275,0.6875,-0.08772839321137431,0.012088985235468754,0.000891415043742174,-0.03567646006330995
0.275,0.7000000000000001,-0.0872467637521396,0.012046765263750002,0.0008980181181402643,-0.03524365365019211
0.275,0.7125,-0.08676513429290494,0.01200454529203125,0.0009046211925383543,-0.034810847237074276
0.275,0.7250000000000001,-0.08628350483367025,0.011962325320312502,0.0009112242669364446,-0.034378040823956436
0.275,0.7375,-0.0858018753744356,0.011920105348593753,0.0009178273413345347,-0.033945234410838604
0.275,0.75,-0.08532024591520093,0.011877885376875001,0.0009244304157326249,-0.03351242799772077
0.275,0.7625000000000001,-0.08483861645596624,0.011835665405156251,0.0009310334901307151,-0.03307962158460294
0.275,0.775,-0.08435698699673158,0.0117934454334375,0.0009376365645288052,-0.0326468151714851
0.275,0.7875000000000001,-0.08387535753749689,0.011751225461718752,0.0009442396389268955,-0.03221400875836726
0.275,0.8,-0.08339372807826223,0.011709005490000002,0.0009508427133249856,-0.03178120234524943
0.275,0.8125,-0.08291209861902754,0.011666785518281254,0.0009574457877230758,-0.03134839593213159
0.275,0.8250000000000001,-0.08243046915979288,0.0116245655465625,0.000964048862121166,-0.030915589519013756
0.275,0.8375,-0.08194883970055819,0.01158234557484375,0.000970651936519256,-0.030482783105895923
0.275,0.8500000000000001,-0.0814672102413235,0.011540125603125001,0.0009772550109173462,-0.030049976692778084
0.275,0.8625,-0.08098558078208883,0.011497905631406253,0.0009838580853154366,-0.02961717027966025
0.275,0.875,-0.08050395132285416,0.011455685659687503,0.0009904611597135267,-0.02918436386654242
0.275,0.8875000000000001,-0.08002232186361949,0.011413465687968749,0.000997064234111617,-0.02875155745342458
0.275,0.9,-0.07954069240438481,0.01137124571625,0.001003667308509707,-0.028318751040306747
0.275,0.9125000000000001,-0.07905906294515014,0.011329025744531254,0.0010102703829077972,-0.027885944627188908
0.275,0.925,-0.07857743348591545,0.011286805772812502,0.0010168734573058873,-0.027453138214071075
0.275,0.9375,-0.07809580402668079,0.011244585801093752,0.0010234765317039774,-0.027020331800953236
0.275,0.9500000000000001,-0.07761417456744613,0.011202365829375002,0.0010300796061020678,-0.026587525387835403
0.275,0.9625,-0.07713254510821144,0.01116014585765625,0.0010366826805001579,-0.026154718974717564
0.275,0.9750000000000001,-0.07665091564897675,0.011117925885937501,0.0010432857548982482,-0.02572191256159973
0.275,0.9875,-0.07616928618974207,0.011075705914218753,0.0010498888292963383,-0.025289106148481892
0.275,1.0,-0.07568765673050741,0.0110334859425,0.0010564919036944284,-0.024856299735364067
0.28750000000000003,0.0,-0.11304249877924015,0.01416261672,0.0005282459518472142,-0.0594156786597909
0.28750000000000003,0.0125,-0.1125595737959468,0.014121124678828124,0.0005348490262453043,-0.058980848792067546
0.28750000000000003,0.025,-0.1120766488126535,0.01407963263765625,0.0005414521006433945,-0.05854601892434419
0.28750000000000003,0.037500000000000006,-0.11159372382936017,0.014038140596484375,0.0005480551750414848,-0.05811118905662084
0.28750000000000003,0.05,-0.11111079884606685,0.0139966485553125,0.000554658249439575,-0.057676359188897484
0.28750000000000003,0.0625,-0.11062787386277353,0.013955156514140626,0.0005612613238376651,-0.05724152932117414
0.28750000000000003,0.07500000000000001,-0.11014494887948023,0.01391366447296875,0.0005678643982357553,-0.056806699453450786
0.28750000000000003,0.08750000000000001,-0.10966202389618693,0.013872172431796875,0.0005744674726338454,-0.05637186958572744
0.28750000000000003,0.1,-0.10917909891289361,0.013830680390625003,0.0005810705470319356,-0.05593703971800407
0.28750000000000003,0.1125,-0.10869617392960026,0.013789188349453124,0.0005876736214300259,-0.05550220985028072
0.28750000000000003,0.125,-0.10821324894630696,0.01374769630828125,0.000594276695828116,-0.055067379982557375
0.28750000000000003,0.1375,-0.10773032396301366,0.013706204267109378,0.0006008797702262062,-0.05463255011483402
0.28750000000000003,0.15000000000000002,-0.10724739897972034,0.013664712225937502,0.0006074828446242963,-0.05419772024711067
0.28750000000000003,0.1625,-0.106764473996427,0.013623220184765625,0.0006140859190223866,-0.05376289037938732
0.28750000000000003,0.17500000000000002,-0.10628154901313369,0.01358172814359375,0.0006206889934204767,-0.05332806051166396
0.28750000000000003,0.1875,-0.10579862402984039,0.013540236102421877,0.0006272920678185668,-0.05289323064394061
0.28750000000000003,0.2,-0.10531569904654707,0.01349874406125,0.0006338951422166571,-0.05245840077621727
0.28750000000000003,0.21250000000000002,-0.10483277406325377,0.013457252020078124,0.0006404982166147472,-0.05202357090849391
0.28750000000000003,0.225,-0.10434984907996042,0.013415759978906249,0.0006471012910128375,-0.05158874104077056
0.28750000000000003,0.23750000000000002,-0.10386692409666709,0.013374267937734373,0.0006537043654109276,-0.0511539111730472
0.28750000000000003,0.25,-0.10338399911337379,0.0133327758965625,0.0006603074398090177,-0.050719081305323856
0.28750000000000003,0.2625,-0.10290107413008047,0.013291283855390624,0.0006669105142071079,-0.0502842514376005
0.28750000000000003,0.275,-0.10241814914678715,0.013249791814218752,0.000673513588605198,-0.04984942156987714
0.28750000000000003,0.28750000000000003,-0.10193522416349385,0.013208299773046876,0.0006801166630032884,-0.0494145917021538
0.28750000000000003,0.30000000000000004,-0.10145229918020052,0.013166807731874999,0.0006867197374013785,-0.04897976183443044
0.28750000000000003,0.3125,-0.10096937419690721,0.013125315690703127,0.0006933228117994687,-0.048544931966707096
0.28750000000000003,0.325,-0.10048644921361388,0.013083823649531251,0.0006999258861975588,-0.04811010209898374
0.28750000000000003,0.3375,-0.10000352423032058,0.013042331608359376,0.0007065289605956489,-0.04767527223126039
0.28750000000000003,0.35000000000000003,-0.09952059924702726,0.013000839567187499,0.0007131320349937392,-0.04724044236353704
0.28750000000000003,0.36250000000000004,-0.09903767426373394,0.012959347526015626,0.0007197351093918294,-0.046805612495813685
0.28750000000000003,0.375,-0.09855474928044061,0.012917855484843753,0.0007263381837899196,-0.046370782628090336
0.28750000000000003,0.3875,-0.09807182429714731,0.012876363443671875,0.0007329412581880097,-0.04593595276036698
0.28750000000000003,0.4,-0.09758889931385398,0.0128348714025,0.0007395443325860999,-0.04550112289264363
0.28750000000000003,0.41250000000000003,-0.09710597433056067,0.012793379361328124,0.0007461474069841901,-0.04506629302492027
0.28750000000000003,0.42500000000000004,-0.09662304934726734,0.01275188732015625,0.0007527504813822802,-0.04463146315719692
0.28750000000000003,0.4375,-0.09614012436397402,0.012710395278984377,0.0007593535557803704,-0.04419663328947357
0.28750000000000003,0.45,-0.09565719938068071,0.0126689032378125,0.0007659566301784606,-0.04376180342175022
0.28750000000000003,0.4625,-0.09517427439738739,0.012627411196640626,0.0007725597045765508,-0.043326973554026864
0.28750000000000003,0.47500000000000003,-0.09469134941409407,0.01258591915546875,0.000779162778974641,-0.04289214368630352
0.28750000000000003,0.48750000000000004,-0.09420842443080076,0.012544427114296874,0.0007857658533727312,-0.04245731381858016
0.28750000000000003,0.5,-0.09372549944750745,0.012502935073125002,0.0007923689277708213,-0.042022483950856816
0.28750000000000003,0.5125000000000001,-0.09324257446421412,0.012461443031953125,0.0007989720021689115,-0.04158765408313346
0.28750000000000003,0.525,-0.0927596494809208,0.01241995099078125,0.0008055750765670017,-0.041152824215410104
0.28750000000000003,0.5375,-0.0922767244976275,0.012378458949609377,0.0008121781509650919,-0.04071799434768676
0.28750000000000003,0.55,-0.09179379951433417,0.012336966908437498,0.0008187812253631821,-0.0402831644799634
0.28750000000000003,0.5625,-0.09131087453104085,0.012295474867265626,0.0008253842997612722,-0.03984833461224005
0.28750000000000003,0.5750000000000001,-0.09082794954774755,0.012253982826093749,0.0008319873741593625,-0.0394135047445167
0.28750000000000003,0.5875,-0.0903450245644542,0.012212490784921873,0.0008385904485574525,-0.038978674876793344
0.28750000000000003,0.6000000000000001,-0.0898620995811609,0.012170998743750001,0.0008451935229555427,-0.03854384500906999
0.28750000000000003,0.6125,-0.08937917459786758,0.012129506702578126,0.000851796597353633,-0.03810901514134664
0.28750000000000003,0.625,-0.08889624961457428,0.01208801466140625,0.0008583996717517231,-0.03767418527362329
0.28750000000000003,0.6375000000000001,-0.08841332463128093,0.012046522620234373,0.0008650027461498134,-0.037239355405899933
0.28750000000000003,0.65,-0.08793039964798764,0.012005030579062503,0.0008716058205479034,-0.036804525538176584
0.28750000000000003,0.6625000000000001,-0.08744747466469432,0.011963538537890625,0.0008782088949459937,-0.03636969567045323
0.28750000000000003,0.675,-0.08696454968140101,0.011922046496718752,0.0008848119693440838,-0.03593486580272988
0.28750000000000003,0.6875,-0.08648162469810769,0.011880554455546876,0.000891415043742174,-0.03550003593500653
0.28750000000000003,0.7000000000000001,-0.08599869971481437,0.011839062414374999,0.0008980181181402643,-0.035065206067283174
0.28750000000000003,0.7125,-0.08551577473152104,0.011797570373203125,0.0009046211925383543,-0.034630376199559824
0.28750000000000003,0.7250000000000001,-0.08503284974822774,0.011756078332031251,0.0009112242669364446,-0.034195546331836475
0.28750000000000003,0.7375,-0.08454992476493442,0.011714586290859377,0.0009178273413345347,-0.033760716464113126
0.28750000000000003,0.75,-0.0840669997816411,0.011673094249687502,0.0009244304157326249,-0.03332588659638977
0.28750000000000003,0.7625000000000001,-0.08358407479834778,0.011631602208515626,0.0009310334901307151,-0.03289105672866642
0.28750000000000003,0.775,-0.08310114981505447,0.01159011016734375,0.0009376365645288052,-0.032456226860943065
0.28750000000000003,0.7875000000000001,-0.08261822483176112,0.011548618126171877,0.0009442396389268955,-0.03202139699321971
0.28750000000000003,0.8,-0.08213529984846783,0.011507126085000001,0.0009508427133249856,-0.031586567125496366
0.28750000000000003,0.8125,-0.08165237486517452,0.011465634043828126,0.0009574457877230758,-0.03115173725777301
0.28750000000000003,0.8250000000000001,-0.08116944988188118,0.01142414200265625,0.000964048862121166,-0.030716907390049654
0.28750000000000003,0.8375,-0.08068652489858788,0.011382649961484376,0.000970651936519256,-0.030282077522326308
0.28750000000000003,0.8500000000000001,-0.08020359991529456,0.0113411579203125,0.0009772550109173462,-0.029847247654602952
0.28750000000000003,0.8625,-0.07972067493200122,0.011299665879140625,0.0009838580853154366,-0.029412417786879596
0.28750000000000003,0.875,-0.07923774994870791,0.011258173837968751,0.0009904611597135267,-0.028977587919156254
0.28750000000000003,0.8875000000000001,-0.07875482496541461,0.011216681796796876,0.000997064234111617,-0.028542758051432898
0.28750000000000003,0.9,-0.07827189998212129,0.011175189755625,0.001003667308509707,-0.02810792818370955
0.28750000000000003,0.9125000000000001,-0.07778897499882796,0.011133697714453125,0.0010102703829077972,-0.027673098315986192
0.28750000000000003,0.925,-0.07730605001553466,0.011092205673281251,0.0010168734573058873,-0.027238268448262843
0.28750000000000003,0.9375,-0.07682312503224134,0.011050713632109375,0.0010234765317039774,-0.026803438580539487
0.28750000000000003,0.9500000000000001,-0.07634020004894801,0.0110092215909375,0.0010300796061020678,-0.026368608712816138
0.28750000000000003,0.9625,-0.07585727506565472,0.010967729549765626,0.0010366826805001579,-0.025933778845092785
0.28750000000000003,0.9750000000000001,-0.07537435008236139,0.01092623750859375,0.0010432857548982482,-0.025498948977369432
0.28750000000000003,0.9875,-0.07489142509906807,0.010884745467421875,0.0010498888292963383,-0.02506411910964608
0.28750000000000003,1.0,-0.07440850011577475,0.010843253426250003,0.0010564919036944284,-0.024629289241922734
0.30000000000000004,0.0,-0.11186698408919885,0.013914149760000001,0.0005282459518472142,-0.059350544534790904
0.30000000000000004,0.0125,-0.11138276358184689,0.013873385649375002,0.0005348490262453043,-0.05891369121246203
0.30000000000000004,0.025,-0.1108985430744949,0.013832621538750001,0.0005414521006433945,-0.05847683789013316
0.30000000000000004,0.037500000000000006,-0.11041432256714297,0.013791857428125,0.0005480551750414848,-0.05803998456780429
0.30000000000000004,0.05,-0.10993010205979101,0.0137510933175,0.000554658249439575,-0.05760313124547542
0.30000000000000004,0.0625,-0.10944588155243906,0.013710329206875002,0.0005612613238376651,-0.05716627792314656
0.30000000000000004,0.07500000000000001,-0.1089616610450871,0.01366956509625,0.0005678643982357553,-0.05672942460081768
0.30000000000000004,0.08750000000000001,-0.10847744053773514,0.013628800985625,0.0005744674726338454,-0.05629257127848882
0.30000000000000004,0.1,-0.10799322003038318,0.013588036875,0.0005810705470319356,-0.055855717956159935
0.30000000000000004,0.1125,-0.1075089995230312,0.013547272764375,0.0005876736214300259,-0.055418864633831076
0.30000000000000004,0.125,-0.10702477901567926,0.013506508653750002,0.000594276695828116,-0.05498201131150221
0.30000000000000004,0.1375,-0.10654055850832728,0.013465744543125002,0.0006008797702262062,-0.05454515798917334
0.30000000000000004,0.15000000000000002,-0.10605633800097533,0.0134249804325,0.0006074828446242963,-0.05410830466684447
0.30000000000000004,0.1625,-0.10557211749362337,0.013384216321875003,0.0006140859190223866,-0.05367145134451561
0.30000000000000004,0.17500000000000002,-0.10508789698627141,0.013343452211250002,0.0006206889934204767,-0.05323459802218674
0.30000000000000004,0.1875,-0.10460367647891948,0.013302688100625001,0.0006272920678185668,-0.05279774469985787
0.30000000000000004,0.2,-0.10411945597156749,0.01326192399,0.0006338951422166571,-0.052360891377528994
0.30000000000000004,0.21250000000000002,-0.10363523546421556,0.013221159879375001,0.0006404982166147472,-0.05192403805520013
0.30000000000000004,0.225,-0.10315101495686357,0.01318039576875,0.0006471012910128375,-0.051487184732871255
0.30000000000000004,0.23750000000000002,-0.1026667944495116,0.013139631658125,0.0006537043654109276,-0.05105033141054239
0.30000000000000004,0.25,-0.10218257394215968,0.013098867547500002,0.0006603074398090177,-0.05061347808821353
0.30000000000000004,0.2625,-0.1016983534348077,0.013058103436875001,0.0006669105142071079,-0.05017662476588466
0.30000000000000004,0.275,-0.10121413292745575,0.01301733932625,0.000673513588605198,-0.049739771443555784
0.30000000000000004,0.28750000000000003,-0.10072991242010379,0.012976575215625003,0.0006801166630032884,-0.04930291812122692
0.30000000000000004,0.30000000000000004,-0.10024569191275183,0.012935811105,0.0006867197374013785,-0.048866064798898046
0.30000000000000004,0.3125,-0.09976147140539987,0.012895046994375001,0.0006933228117994687,-0.04842921147656918
0.30000000000000004,0.325,-0.0992772508980479,0.012854282883750002,0.0006999258861975588,-0.04799235815424031
0.30000000000000004,0.3375,-0.09879303039069595,0.012813518773125003,0.0007065289605956489,-0.04755550483191144
0.30000000000000004,0.35000000000000003,-0.098308809883344,0.012772754662500004,0.0007131320349937392,-0.047118651509582575
0.30000000000000004,0.36250000000000004,-0.09782458937599205,0.012731990551875,0.0007197351093918294,-0.0466817981872537
0.30000000000000004,0.375,-0.09734036886864006,0.012691226441250002,0.0007263381837899196,-0.046244944864924836
0.30000000000000004,0.3875,-0.09685614836128811,0.012650462330625,0.0007329412581880097,-0.04580809154259596
0.30000000000000004,0.4,-0.09637192785393615,0.012609698219999998,0.0007395443325860999,-0.045371238220267104
0.30000000000000004,0.41250000000000003,-0.0958877073465842,0.012568934109375,0.0007461474069841901,-0.044934384897938225
0.30000000000000004,0.42500000000000004,-0.09540348683923223,0.01252816999875,0.0007527504813822802,-0.04449753157560935
0.30000000000000004,0.4375,-0.09491926633188028,0.012487405888125,0.0007593535557803704,-0.04406067825328049
0.30000000000000004,0.45,-0.09443504582452833,0.0124466417775,0.0007659566301784606,-0.04362382493095162
0.30000000000000004,0.4625,-0.09395082531717634,0.012405877666875,0.0007725597045765508,-0.04318697160862275
0.30000000000000004,0.47500000000000003,-0.09346660480982441,0.012365113556250001,0.000779162778974641,-0.04275011828629389
0.30000000000000004,0.48750000000000004,-0.09298238430247244,0.012324349445625,0.0007857658533727312,-0.042313264963965015
0.30000000000000004,0.5,-0.09249816379512048,0.012283585335000001,0.0007923689277708213,-0.041876411641636156
0.30000000000000004,0.5125000000000001,-0.09201394328776853,0.012242821224375,0.0007989720021689115,-0.041439558319307276
0.30000000000000004,0.525,-0.09152972278041657,0.012202057113750001,0.0008055750765670017,-0.04100270499697841
0.30000000000000004,0.5375,-0.09104550227306463,0.012161293003125,0.0008121781509650919,-0.040565851674649545
0.30000000000000004,0.55,-0.09056128176571265,0.0121205288925,0.0008187812253631821,-0.04012899835232067
0.30000000000000004,0.5625,-0.0900770612583607,0.012079764781875004,0.0008253842997612722,-0.039692145029991806
0.30000000000000004,0.5750000000000001,-0.08959284075100873,0.012039000671250001,0.0008319873741593625,-0.03925529170766293
0.30000000000000004,0.5875,-0.08910862024365676,0.011998236560625,0.0008385904485574525,-0.03881843838533406
0.30000000000000004,0.6000000000000001,-0.08862439973630482,0.011957472450000001,0.0008451935229555427,-0.038381585063005194
0.30000000000000004,0.6125,-0.08814017922895284,0.011916708339375002,0.000851796597353633,-0.03794473174067633
0.30000000000000004,0.625,-0.0876559587216009,0.011875944228750001,0.0008583996717517231,-0.03750787841834746
0.30000000000000004,0.6375000000000001,-0.08717173821424892,0.011835180118125,0.0008650027461498134,-0.03707102509601858
0.30000000000000004,0.65,-0.08668751770689698,0.011794416007500001,0.0008716058205479034,-0.036634171773689723
0.30000000000000004,0.6625000000000001,-0.08620329719954503,0.011753651896875003,0.0008782088949459937,-0.03619731845136085
0.30000000000000004,0.675,-0.08571907669219306,0.01171288778625,0.0008848119693440838,-0.035760465129031985
0.30000000000000004,0.6875,-0.08523485618484111,0.011672123675625002,0.000891415043742174,-0.03532361180670312
0.30000000000000004,0.7000000000000001,-0.08475063567748913,0.011631359565,0.0008980181181402643,-0.034886758484374246
0.30000000000000004,0.7125,-0.0842664151701372,0.011590595454375002,0.0009046211925383543,-0.03444990516204538
0.30000000000000004,0.7250000000000001,-0.08378219466278522,0.01154983134375,0.0009112242669364446,-0.034013051839716514
0.30000000000000004,0.7375,-0.08329797415543327,0.011509067233125002,0.0009178273413345347,-0.03357619851738764
0.30000000000000004,0.75,-0.08281375364808133,0.011468303122500002,0.0009244304157326249,-0.033139345195058775
0.30000000000000004,0.7625000000000001,-0.08232953314072934,0.011427539011875001,0.0009310334901307151,-0.0327024918727299
0.30000000000000004,0.775,-0.08184531263337738,0.01138677490125,0.0009376365645288052,-0.032265638550401037
0.30000000000000004,0.7875000000000001,-0.08136109212602541,0.011346010790625001,0.0009442396389268955,-0.031828785228072164
0.30000000000000004,0.8,-0.08087687161867349,0.011305246680000002,0.0009508427133249856,-0.031391931905743305
0.30000000000000004,0.8125,-0.08039265111132152,0.011264482569375001,0.0009574457877230758,-0.03095507858341443
0.30000000000000004,0.8250000000000001,-0.07990843060396956,0.01122371845875,0.000964048862121166,-0.030518225261085555
0.30000000000000004,0.8375,-0.0794242100966176,0.011182954348125001,0.000970651936519256,-0.030081371938756693
0.30000000000000004,0.8500000000000001,-0.07893998958926564,0.0111421902375,0.0009772550109173462,-0.02964451861642782
0.30000000000000004,0.8625,-0.07845576908191368,0.011101426126875001,0.0009838580853154366,-0.029207665294098954
0.30000000000000004,0.875,-0.0779715485745617,0.011060662016250002,0.0009904611597135267,-0.02877081197177009
0.30000000000000004,0.8875000000000001,-0.07748732806720976,0.011019897905625001,0.000997064234111617,-0.028333958649441215
0.30000000000000004,0.9,-0.07700310755985781,0.010979133794999998,0.001003667308509707,-0.02789710532711235
0.30000000000000004,0.9125000000000001,-0.07651888705250584,0.010938369684375001,0.0010102703829077972,-0.027460252004783477
0.30000000000000004,0.925,-0.07603466654515388,0.010897605573750002,0.0010168734573058873,-0.02702339868245461
0.30000000000000004,0.9375,-0.07555044603780192,0.010856841463125001,0.0010234765317039774,-0.02658654536012574
0.30000000000000004,0.9500000000000001,-0.07506622553044996,0.0108160773525,0.0010300796061020678,-0.026149692037796872
0.30000000000000004,0.9625,-0.074582005023098,0.010775313241875,0.0010366826805001579,-0.025712838715468003
0.30000000000000004,0.9750000000000001,-0.07409778451574604,0.010734549131250002,0.0010432857548982482,-0.025275985393139133
0.30000000000000004,0.9875,-0.07361356400839408,0.010693785020625002,0.0010498888292963383,-0.024839132070810264
0.30000000000000004,1.0,-0.07312934350104214,0.010653020910000002,0.0010564919036944284,-0.0244022787484814
0.3125,0.0,-0.11069146939915753,0.013665682800000004,0.0005282459518472142,-0.059285410409790906
0.3125,0.0125,-0.11020595336774693,0.013625646619921878,0.0005348490262453043,-0.05884653363285651
0.3125,0.025,-0.10972043733633632,0.013585610439843753,0.0005414521006433945,-0.05840765685592213
0.3125,0.037500000000000006,-0.10923492130492572,0.013545574259765627,0.0005480551750414848,-0.057968780078987744
0.3125,0.05,-0.10874940527351512,0.013505538079687499,0.000554658249439575,-0.05752990330205336
0.3125,0.0625,-0.1082638892421045,0.013465501899609376,0.0005612613238376651,-0.05709102652511898
0.3125,0.07500000000000001,-0.10777837321069393,0.013425465719531252,0.0005678643982357553,-0.05665214974818459
0.3125,0.08750000000000001,-0.10729285717928336,0.013385429539453127,0.0005744674726338454,-0.05621327297125021
0.3125,0.1,-0.10680734114787271,0.013345393359375,0.0005810705470319356,-0.05577439619431581
0.3125,0.1125,-0.10632182511646215,0.013305357179296873,0.0005876736214300259,-0.05533551941738143
0.3125,0.125,-0.10583630908505154,0.01326532099921875,0.000594276695828116,-0.054896642640447045
0.3125,0.1375,-0.10535079305364094,0.013225284819140625,0.0006008797702262062,-0.05445776586351266
0.3125,0.15000000000000002,-0.10486527702223034,0.013185248639062503,0.0006074828446242963,-0.05401888908657827
0.3125,0.1625,-0.10437976099081972,0.013145212458984378,0.0006140859190223866,-0.05358001230964389
0.3125,0.17500000000000002,-0.10389424495940915,0.013105176278906252,0.0006206889934204767,-0.05314113553270951
0.3125,0.1875,-0.10340872892799854,0.013065140098828129,0.0006272920678185668,-0.05270225875577511
0.3125,0.2,-0.10292321289658793,0.013025103918750001,0.0006338951422166571,-0.05226338197884074
0.3125,0.21250000000000002,-0.10243769686517734,0.012985067738671877,0.0006404982166147472,-0.051824505201906346
0.3125,0.225,-0.10195218083376671,0.01294503155859375,0.0006471012910128375,-0.05138562842497196
0.3125,0.23750000000000002,-0.10146666480235611,0.012904995378515626,0.0006537043654109276,-0.05094675164803757
0.3125,0.25,-0.10098114877094554,0.012864959198437503,0.0006603074398090177,-0.0505078748711032
0.3125,0.2625,-0.10049563273953491,0.012824923018359375,0.0006669105142071079,-0.05006899809416881
0.3125,0.275,-0.1000101167081243,0.01278488683828125,0.000673513588605198,-0.04963012131723442
0.3125,0.28750000000000003,-0.09952460067671373,0.012744850658203128,0.0006801166630032884,-0.049191244540300036
0.3125,0.30000000000000004,-0.09903908464530313,0.012704814478125,0.0006867197374013785,-0.048752367763365646
0.3125,0.3125,-0.09855356861389253,0.012664778298046879,0.0006933228117994687,-0.04831349098643127
0.3125,0.325,-0.09806805258248191,0.012624742117968749,0.0006999258861975588,-0.047874614209496874
0.3125,0.3375,-0.09758253655107132,0.012584705937890628,0.0007065289605956489,-0.04743573743256249
0.3125,0.35000000000000003,-0.09709702051966072,0.012544669757812502,0.0007131320349937392,-0.046996860655628116
0.3125,0.36250000000000004,-0.09661150448825012,0.012504633577734375,0.0007197351093918294,-0.046557983878693726
0.3125,0.375,-0.0961259884568395,0.012464597397656253,0.0007263381837899196,-0.04611910710175934
0.3125,0.3875,-0.09564047242542892,0.012424561217578128,0.0007329412581880097,-0.045680230324824954
0.3125,0.4,-0.09515495639401832,0.012384525037500002,0.0007395443325860999,-0.04524135354789057
0.3125,0.41250000000000003,-0.09466944036260774,0.012344488857421877,0.0007461474069841901,-0.04480247677095618
0.3125,0.42500000000000004,-0.0941839243311971,0.012304452677343751,0.0007527504813822802,-0.044363599994021785
0.3125,0.4375,-0.09369840829978653,0.012264416497265626,0.0007593535557803704,-0.043924723217087416
0.3125,0.45,-0.09321289226837592,0.0122243803171875,0.0007659566301784606,-0.04348584644015303
0.3125,0.4625,-0.09272737623696531,0.012184344137109377,0.0007725597045765508,-0.04304696966321864
0.3125,0.47500000000000003,-0.09224186020555472,0.012144307957031251,0.000779162778974641,-0.042608092886284255
0.3125,0.48750000000000004,-0.0917563441741441,0.012104271776953123,0.0007857658533727312,-0.04216921610934987
0.3125,0.5,-0.09127082814273352,0.012064235596875,0.0007923689277708213,-0.04173033933241549
0.3125,0.5125000000000001,-0.0907853121113229,0.012024199416796876,0.0007989720021689115,-0.04129146255548109
0.3125,0.525,-0.09029979607991231,0.011984163236718751,0.0008055750765670017,-0.04085258577854672
0.3125,0.5375,-0.08981428004850171,0.011944127056640627,0.0008121781509650919,-0.04041370900161233
0.3125,0.55,-0.0893287640170911,0.0119040908765625,0.0008187812253631821,-0.03997483222467794
0.3125,0.5625,-0.08884324798568052,0.01186405469648438,0.0008253842997612722,-0.03953595544774356
0.3125,0.5750000000000001,-0.08835773195426992,0.011824018516406251,0.0008319873741593625,-0.03909707867080917
0.3125,0.5875,-0.0878722159228593,0.011783982336328125,0.0008385904485574525,-0.03865820189387478
0.3125,0.6000000000000001,-0.0873866998914487,0.01174394615625,0.0008451935229555427,-0.0382193251169404
0.3125,0.6125,-0.08690118386003812,0.011703909976171878,0.000851796597353633,-0.03778044834000602
0.3125,0.625,-0.0864156678286275,0.011663873796093752,0.0008583996717517231,-0.037341571563071635
0.3125,0.6375000000000001,-0.0859301517972169,0.011623837616015625,0.0008650027461498134,-0.03690269478613724
0.3125,0.65,-0.0854446357658063,0.0115838014359375,0.0008716058205479034,-0.03646381800920286
0.3125,0.6625000000000001,-0.08495911973439571,0.011543765255859378,0.0008782088949459937,-0.03602494123226847
0.3125,0.675,-0.0844736037029851,0.011503729075781252,0.0008848119693440838,-0.03558606445533409
0.3125,0.6875,-0.08398808767157451,0.011463692895703127,0.000891415043742174,-0.0351471876783997
0.3125,0.7000000000000001,-0.0835025716401639,0.011423656715625001,0.0008980181181402643,-0.03470831090146531
0.3125,0.7125,-0.0830170556087533,0.011383620535546876,0.0009046211925383543,-0.034269434124530936
0.3125,0.7250000000000001,-0.0825315395773427,0.011343584355468752,0.0009112242669364446,-0.033830557347596546
0.3125,0.7375,-0.08204602354593211,0.011303548175390627,0.0009178273413345347,-0.03339168057066216
0.3125,0.75,-0.08156050751452151,0.011263511995312503,0.0009244304157326249,-0.03295280379372778
0.3125,0.7625000000000001,-0.0810749914831109,0.011223475815234373,0.0009310334901307151,-0.03251392701679339
0.3125,0.775,-0.0805894754517003,0.011183439635156252,0.0009376365645288052,-0.032075050239859
0.3125,0.7875000000000001,-0.08010395942028968,0.011143403455078126,0.0009442396389268955,-0.03163617346292462
0.3125,0.8,-0.0796184433888791,0.011103367275000003,0.0009508427133249856,-0.031197296685990236
0.3125,0.8125,-0.07913292735746849,0.011063331094921877,0.0009574457877230758,-0.030758419909055847
0.3125,0.8250000000000001,-0.0786474113260579,0.011023294914843752,0.000964048862121166,-0.03031954313212146
0.3125,0.8375,-0.0781618952946473,0.010983258734765626,0.000970651936519256,-0.02988066635518708
0.3125,0.8500000000000001,-0.07767637926323671,0.010943222554687502,0.0009772550109173462,-0.02944178957825269
0.3125,0.8625,-0.07719086323182608,0.010903186374609375,0.0009838580853154366,-0.029002912801318302
0.3125,0.875,-0.0767053472004155,0.010863150194531252,0.0009904611597135267,-0.028564036024383923
0.3125,0.8875000000000001,-0.0762198311690049,0.010823114014453126,0.000997064234111617,-0.028125159247449537
0.3125,0.9,-0.07573431513759431,0.010783077834375002,0.001003667308509707,-0.027686282470515154
0.3125,0.9125000000000001,-0.07524879910618368,0.010743041654296875,0.0010102703829077972,-0.027247405693580765
0.3125,0.925,-0.07476328307477309,0.010703005474218753,0.0010168734573058873,-0.026808528916646382
0.3125,0.9375,-0.07427776704336249,0.010662969294140626,0.0010234765317039774,-0.026369652139711996
0.3125,0.9500000000000001,-0.07379225101195189,0.0106229331140625,0.0010300796061020678,-0.02593077536277761
0.3125,0.9625,-0.0733067349805413,0.010582896933984376,0.0010366826805001579,-0.02549189858584322
0.3125,0.9750000000000001,-0.07282121894913068,0.010542860753906253,0.0010432857548982482,-0.025053021808908837
0.3125,0.9875,-0.0723357029177201,0.010502824573828127,0.0010498888292963383,-0.02461414503197445
0.3125,1.0,-0.0718501868863095,0.010462788393750002,0.0010564919036944284,-0.024175268255040072
0.325,0.0,-0.1095159547091162,0.013417215840000005,0.0005282459518472142,-0.05922027628479091
0.325,0.0125,-0.10902914315364698,0.013377907590468755,0.0005348490262453043,-0.058779376053250995
0.325,0.025,-0.10854233159817772,0.013338599340937505,0.0005414521006433945,-0.058338475821711096
0.325,0.037500000000000006,-0.10805552004270849,0.013299291091406252,0.0005480551750414848,-0.05789757559017119
0.325,0.05,-0.10756870848723925,0.013259982841875002,0.000554658249439575,-0.05745667535863128
0.325,0.0625,-0.10708189693177002,0.013220674592343756,0.0005612613238376651,-0.0570157751270914
0.325,0.07500000000000001,-0.10659508537630077,0.013181366342812506,0.0005678643982357553,-0.056574874895551484
0.325,0.08750000000000001,-0.10610827382083152,0.013142058093281252,0.0005744674726338454,-0.05613397466401159
0.325,0.1,-0.10562146226536226,0.013102749843750004,0.0005810705470319356,-0.05569307443247168
0.325,0.1125,-0.10513465070989304,0.013063441594218753,0.0005876736214300259,-0.05525217420093178
0.325,0.125,-0.10464783915442381,0.013024133344687504,0.000594276695828116,-0.05481127396939189
0.325,0.1375,-0.10416102759895456,0.012984825095156251,0.0006008797702262062,-0.054370373737851974
0.325,0.15000000000000002,-0.10367421604348534,0.012945516845625005,0.0006074828446242963,-0.053929473506312074
0.325,0.1625,-0.10318740448801608,0.012906208596093755,0.0006140859190223866,-0.05348857327477218
0.325,0.17500000000000002,-0.10270059293254682,0.012866900346562505,0.0006206889934204767,-0.053047673043232275
0.325,0.1875,-0.10221378137707758,0.012827592097031255,0.0006272920678185668,-0.05260677281169237
0.325,0.2,-0.10172696982160834,0.012788283847500003,0.0006338951422166571,-0.05216587258015248
0.325,0.21250000000000002,-0.1012401582661391,0.012748975597968755,0.0006404982166147472,-0.05172497234861257
0.325,0.225,-0.10075334671066986,0.012709667348437504,0.0006471012910128375,-0.051284072117072664
0.325,0.23750000000000002,-0.1002665351552006,0.012670359098906252,0.0006537043654109276,-0.05084317188553276
0.325,0.25,-0.09977972359973138,0.012631050849375006,0.0006603074398090177,-0.050402271653992865
0.325,0.2625,-0.09929291204426215,0.012591742599843754,0.0006669105142071079,-0.04996137142245296
0.325,0.275,-0.09880610048879288,0.012552434350312502,0.000673513588605198,-0.04952047119091305
0.325,0.28750000000000003,-0.09831928893332365,0.012513126100781254,0.0006801166630032884,-0.04907957095937315
0.325,0.30000000000000004,-0.09783247737785439,0.012473817851250003,0.0006867197374013785,-0.04863867072783325
0.325,0.3125,-0.09734566582238517,0.012434509601718755,0.0006933228117994687,-0.048197770496293355
0.325,0.325,-0.09685885426691591,0.012395201352187503,0.0006999258861975588,-0.04775687026475345
0.325,0.3375,-0.09637204271144667,0.012355893102656255,0.0007065289605956489,-0.04731597003321355
0.325,0.35000000000000003,-0.09588523115597744,0.012316584853125005,0.0007131320349937392,-0.04687506980167365
0.325,0.36250000000000004,-0.09539841960050818,0.012277276603593753,0.0007197351093918294,-0.04643416957013374
0.325,0.375,-0.09491160804503895,0.012237968354062503,0.0007263381837899196,-0.045993269338593844
0.325,0.3875,-0.09442479648956971,0.012198660104531252,0.0007329412581880097,-0.04555236910705394
0.325,0.4,-0.09393798493410047,0.012159351855000004,0.0007395443325860999,-0.045111468875514045
0.325,0.41250000000000003,-0.09345117337863122,0.012120043605468752,0.0007461474069841901,-0.04467056864397413
0.325,0.42500000000000004,-0.09296436182316196,0.0120807353559375,0.0007527504813822802,-0.04422966841243423
0.325,0.4375,-0.09247755026769273,0.012041427106406256,0.0007593535557803704,-0.04378876818089433
0.325,0.45,-0.0919907387122235,0.012002118856875004,0.0007659566301784606,-0.04334786794935443
0.325,0.4625,-0.09150392715675425,0.011962810607343752,0.0007725597045765508,-0.04290696771781453
0.325,0.47500000000000003,-0.091017115601285,0.011923502357812504,0.000779162778974641,-0.04246606748627463
0.325,0.48750000000000004,-0.09053030404581577,0.011884194108281253,0.0007857658533727312,-0.04202516725473472
0.325,0.5,-0.09004349249034653,0.011844885858750003,0.0007923689277708213,-0.04158426702319482
0.325,0.5125000000000001,-0.08955668093487729,0.011805577609218751,0.0007989720021689115,-0.041143366791654916
0.325,0.525,-0.08906986937940804,0.011766269359687503,0.0008055750765670017,-0.040702466560115017
0.325,0.5375,-0.08858305782393879,0.011726961110156255,0.0008121781509650919,-0.04026156632857512
0.325,0.55,-0.08809624626846957,0.011687652860625003,0.0008187812253631821,-0.03982066609703521
0.325,0.5625,-0.08760943471300031,0.011648344611093755,0.0008253842997612722,-0.03937976586549532
0.325,0.5750000000000001,-0.08712262315753107,0.011609036361562504,0.0008319873741593625,-0.03893886563395541
0.325,0.5875,-0.08663581160206184,0.011569728112031254,0.0008385904485574525,-0.038497965402415506
0.325,0.6000000000000001,-0.08614900004659258,0.011530419862500004,0.0008451935229555427,-0.0380570651708756
0.325,0.6125,-0.08566218849112334,0.011491111612968754,0.000851796597353633,-0.03761616493933571
0.325,0.625,-0.0851753769356541,0.011451803363437504,0.0008583996717517231,-0.0371752647077958
0.325,0.6375000000000001,-0.08468856538018485,0.011412495113906252,0.0008650027461498134,-0.036734364476255894
0.325,0.65,-0.08420175382471562,0.011373186864375,0.0008716058205479034,-0.036293464244715995
0.325,0.6625000000000001,-0.08371494226924638,0.011333878614843753,0.0008782088949459937,-0.035852564013176096
0.325,0.675,-0.08322813071377713,0.011294570365312505,0.0008848119693440838,-0.03541166378163619
0.325,0.6875,-0.08274131915830792,0.011255262115781256,0.000891415043742174,-0.03497076355009629
0.325,0.7000000000000001,-0.08225450760283864,0.011215953866250001,0.0008980181181402643,-0.034529863318556384
0.325,0.7125,-0.08176769604736941,0.011176645616718753,0.0009046211925383543,-0.034088963087016484
0.325,0.7250000000000001,-0.08128088449190017,0.011137337367187505,0.0009112242669364446,-0.033648062855476585
0.325,0.7375,-0.08079407293643093,0.011098029117656255,0.0009178273413345347,-0.03320716262393668
0.325,0.75,-0.0803072613809617,0.011058720868125003,0.0009244304157326249,-0.032766262392396786
0.325,0.7625000000000001,-0.07982044982549244,0.011019412618593752,0.0009310334901307151,-0.03232536216085688
0.325,0.775,-0.0793336382700232,0.010980104369062504,0.0009376365645288052,-0.03188446192931697
0.325,0.7875000000000001,-0.07884682671455395,0.010940796119531254,0.0009442396389268955,-0.03144356169777707
0.325,0.8,-0.07836001515908472,0.010901487870000004,0.0009508427133249856,-0.03100266146623717
0.325,0.8125,-0.07787320360361547,0.010862179620468754,0.0009574457877230758,-0.030561761234697265
0.325,0.8250000000000001,-0.07738639204814622,0.010822871370937502,0.000964048862121166,-0.03012086100315736
0.325,0.8375,-0.07689958049267699,0.010783563121406253,0.000970651936519256,-0.029679960771617463
0.325,0.8500000000000001,-0.07641276893720772,0.010744254871875003,0.0009772550109173462,-0.02923906054007756
0.325,0.8625,-0.07592595738173849,0.010704946622343755,0.0009838580853154366,-0.028798160308537653
0.325,0.875,-0.07543914582626926,0.010665638372812503,0.0009904611597135267,-0.028357260076997758
0.325,0.8875000000000001,-0.0749523342708,0.010626330123281253,0.000997064234111617,-0.027916359845457855
0.325,0.9,-0.07446552271533077,0.010587021873750001,0.001003667308509707,-0.027475459613917955
0.325,0.9125000000000001,-0.07397871115986154,0.010547713624218753,0.0010102703829077972,-0.02703455938237805
0.325,0.925,-0.07349189960439229,0.010508405374687503,0.0010168734573058873,-0.02659365915083815
0.325,0.9375,-0.07300508804892306,0.010469097125156255,0.0010234765317039774,-0.026152758919298243
0.325,0.9500000000000001,-0.0725182764934538,0.010429788875625002,0.0010300796061020678,-0.025711858687758344
0.325,0.9625,-0.07203146493798455,0.010390480626093754,0.0010366826805001579,-0.025270958456218438
0.325,0.9750000000000001,-0.07154465338251532,0.010351172376562504,0.0010432857548982482,-0.024830058224678538
0.325,0.9875,-0.07105784182704608,0.010311864127031254,0.0010498888292963383,-0.024389157993138635
0.325,1.0,-0.07057103027157684,0.010272555877500004,0.0010564919036944284,-0.02394825776159874
0.3375,0.0,-0.10834044001907492,0.013168748880000004,0.0005282459518472142,-0.059155142159790904
0.3375,0.0125,-0.10785233293954702,0.01313016856101563,0.0005348490262453043,-0.05871221847364548
0.3375,0.025,-0.10736422586001912,0.013091588242031252,0.0005414521006433945,-0.05826929478750006
0.3375,0.037500000000000006,-0.10687611878049125,0.013053007923046877,0.0005480551750414848,-0.05782637110135464
0.3375,0.05,-0.10638801170096335,0.0130144276040625,0.000554658249439575,-0.05738344741520921
0.3375,0.0625,-0.1058999046214355,0.012975847285078128,0.0005612613238376651,-0.05694052372906381
0.3375,0.07500000000000001,-0.1054117975419076,0.012937266966093753,0.0005678643982357553,-0.05649760004291839
0.3375,0.08750000000000001,-0.10492369046237973,0.012898686647109378,0.0005744674726338454,-0.05605467635677297
0.3375,0.1,-0.10443558338285183,0.012860106328125002,0.0005810705470319356,-0.05561175267062755
0.3375,0.1125,-0.10394747630332396,0.012821526009140627,0.0005876736214300259,-0.05516882898448212
0.3375,0.125,-0.10345936922379606,0.012782945690156255,0.000594276695828116,-0.05472590529833671
0.3375,0.1375,-0.10297126214426819,0.012744365371171877,0.0006008797702262062,-0.05428298161219129
0.3375,0.15000000000000002,-0.10248315506474029,0.012705785052187502,0.0006074828446242963,-0.05384005792604587
0.3375,0.1625,-0.10199504798521242,0.012667204733203126,0.0006140859190223866,-0.05339713423990046
0.3375,0.17500000000000002,-0.10150694090568453,0.012628624414218751,0.0006206889934204767,-0.052954210553755036
0.3375,0.1875,-0.10101883382615665,0.012590044095234378,0.0006272920678185668,-0.052511286867609606
0.3375,0.2,-0.10053072674662877,0.01255146377625,0.0006338951422166571,-0.052068363181464204
0.3375,0.21250000000000002,-0.10004261966710089,0.012512883457265625,0.0006404982166147472,-0.051625439495318774
0.3375,0.225,-0.09955451258757299,0.012474303138281254,0.0006471012910128375,-0.05118251580917336
0.3375,0.23750000000000002,-0.0990664055080451,0.012435722819296877,0.0006537043654109276,-0.05073959212302794
0.3375,0.25,-0.09857829842851723,0.012397142500312503,0.0006603074398090177,-0.050296668436882526
0.3375,0.2625,-0.09809019134898933,0.012358562181328128,0.0006669105142071079,-0.04985374475073711
0.3375,0.275,-0.09760208426946146,0.012319981862343753,0.000673513588605198,-0.04941082106459168
0.3375,0.28750000000000003,-0.09711397718993359,0.012281401543359377,0.0006801166630032884,-0.048967897378446264
0.3375,0.30000000000000004,-0.0966258701104057,0.012242821224375,0.0006867197374013785,-0.04852497369230085
0.3375,0.3125,-0.09613776303087782,0.012204240905390627,0.0006933228117994687,-0.04808205000615543
0.3375,0.325,-0.09564965595134993,0.012165660586406253,0.0006999258861975588,-0.04763912632001001
0.3375,0.3375,-0.09516154887182204,0.012127080267421876,0.0007065289605956489,-0.04719620263386459
0.3375,0.35000000000000003,-0.09467344179229416,0.012088499948437501,0.0007131320349937392,-0.04675327894771918
0.3375,0.36250000000000004,-0.09418533471276627,0.012049919629453128,0.0007197351093918294,-0.04631035526157375
0.3375,0.375,-0.09369722763323839,0.012011339310468754,0.0007263381837899196,-0.04586743157542834
0.3375,0.3875,-0.09320912055371051,0.011972758991484377,0.0007329412581880097,-0.045424507889282914
0.3375,0.4,-0.09272101347418263,0.011934178672500002,0.0007395443325860999,-0.044981584203137505
0.3375,0.41250000000000003,-0.09223290639465474,0.011895598353515627,0.0007461474069841901,-0.044538660516992075
0.3375,0.42500000000000004,-0.09174479931512684,0.011857018034531252,0.0007527504813822802,-0.04409573683084666
0.3375,0.4375,-0.09125669223559897,0.011818437715546878,0.0007593535557803704,-0.04365281314470124
0.3375,0.45,-0.09076858515607109,0.011779857396562501,0.0007659566301784606,-0.04320988945855583
0.3375,0.4625,-0.09028047807654319,0.011741277077578126,0.0007725597045765508,-0.042766965772410404
0.3375,0.47500000000000003,-0.08979237099701533,0.011702696758593754,0.000779162778974641,-0.04232404208626499
0.3375,0.48750000000000004,-0.08930426391748744,0.011664116439609377,0.0007857658533727312,-0.04188111840011957
0.3375,0.5,-0.08881615683795956,0.011625536120625004,0.0007923689277708213,-0.041438194713974155
0.3375,0.5125000000000001,-0.08832804975843167,0.011586955801640625,0.0007989720021689115,-0.04099527102782873
0.3375,0.525,-0.08783994267890378,0.011548375482656253,0.0008055750765670017,-0.040552347341683316
0.3375,0.5375,-0.0873518355993759,0.011509795163671878,0.0008121781509650919,-0.04010942365553789
0.3375,0.55,-0.08686372851984801,0.0114712148446875,0.0008187812253631821,-0.03966649996939247
0.3375,0.5625,-0.08637562144032014,0.011432634525703127,0.0008253842997612722,-0.03922357628324706
0.3375,0.5750000000000001,-0.08588751436079226,0.011394054206718752,0.0008319873741593625,-0.03878065259710164
0.3375,0.5875,-0.08539940728126437,0.011355473887734377,0.0008385904485574525,-0.038337728910956215
0.3375,0.6000000000000001,-0.08491130020173648,0.011316893568750002,0.0008451935229555427,-0.0378948052248108
0.3375,0.6125,-0.0844231931222086,0.011278313249765626,0.000851796597353633,-0.03745188153866538
0.3375,0.625,-0.08393508604268073,0.011239732930781255,0.0008583996717517231,-0.037008957852519966
0.3375,0.6375000000000001,-0.08344697896315281,0.011201152611796876,0.0008650027461498134,-0.036566034166374536
0.3375,0.65,-0.08295887188362495,0.0111625722928125,0.0008716058205479034,-0.03612311048022913
0.3375,0.6625000000000001,-0.08247076480409707,0.011123991973828127,0.0008782088949459937,-0.035680186794083704
0.3375,0.675,-0.08198265772456918,0.011085411654843754,0.0008848119693440838,-0.03523726310793829
0.3375,0.6875,-0.0814945506450413,0.011046831335859379,0.000891415043742174,-0.03479433942179287
0.3375,0.7000000000000001,-0.0810064435655134,0.011008251016875002,0.0008980181181402643,-0.03435141573564745
0.3375,0.7125,-0.08051833648598553,0.010969670697890626,0.0009046211925383543,-0.03390849204950203
0.3375,0.7250000000000001,-0.08003022940645765,0.010931090378906253,0.0009112242669364446,-0.03346556836335662
0.3375,0.7375,-0.07954212232692977,0.010892510059921878,0.0009178273413345347,-0.0330226446772112
0.3375,0.75,-0.07905401524740188,0.010853929740937504,0.0009244304157326249,-0.032579720991065785
0.3375,0.7625000000000001,-0.07856590816787398,0.010815349421953125,0.0009310334901307151,-0.032136797304920355
0.3375,0.775,-0.07807780108834611,0.010776769102968752,0.0009376365645288052,-0.03169387361877494
0.3375,0.7875000000000001,-0.07758969400881821,0.010738188783984378,0.0009442396389268955,-0.031250949932629515
0.3375,0.8,-0.07710158692929037,0.010699608465000003,0.0009508427133249856,-0.030808026246484106
0.3375,0.8125,-0.07661347984976247,0.010661028146015628,0.0009574457877230758,-0.030365102560338683
0.3375,0.8250000000000001,-0.07612537277023457,0.010622447827031251,0.000964048862121166,-0.02992217887419326
0.3375,0.8375,-0.0756372656907067,0.010583867508046877,0.000970651936519256,-0.02947925518804785
0.3375,0.8500000000000001,-0.07514915861117882,0.010545287189062502,0.0009772550109173462,-0.029036331501902428
0.3375,0.8625,-0.07466105153165092,0.010506706870078129,0.0009838580853154366,-0.028593407815757005
0.3375,0.875,-0.07417294445212302,0.010468126551093753,0.0009904611597135267,-0.028150484129611596
0.3375,0.8875000000000001,-0.07368483737259515,0.010429546232109376,0.000997064234111617,-0.027707560443466173
0.3375,0.9,-0.07319673029306728,0.010390965913125001,0.001003667308509707,-0.027264636757320757
0.3375,0.9125000000000001,-0.07270862321353938,0.010352385594140628,0.0010102703829077972,-0.026821713071175333
0.3375,0.925,-0.07222051613401151,0.010313805275156252,0.0010168734573058873,-0.026378789385029917
0.3375,0.9375,-0.07173240905448361,0.010275224956171877,0.0010234765317039774,-0.025935865698884494
0.3375,0.9500000000000001,-0.07124430197495574,0.0102366446371875,0.0010300796061020678,-0.025492942012739078
0.3375,0.9625,-0.07075619489542787,0.010198064318203129,0.0010366826805001579,-0.025050018326593655
0.3375,0.9750000000000001,-0.07026808781589995,0.010159483999218752,0.0010432857548982482,-0.02460709464044824
0.3375,0.9875,-0.06977998073637208,0.010120903680234378,0.0010498888292963383,-0.024164170954302823
0.3375,1.0,-0.06929187365684422,0.010082323361250003,0.0010564919036944284,-0.023721247268157407
0.35000000000000003,0.0,-0.10716492532903359,0.01292028192,0.0005282459518472142,-0.059090008034790906
0.35000000000000003,0.0125,-0.10667552272544703,0.012882429531562501,0.0005348490262453043,-0.058645060894039966
0.35000000000000003,0.025,-0.10618612012186052,0.012844577143125,0.0005414521006433945,-0.058200113753289026
0.35000000000000003,0.037500000000000006,-0.105696717518274,0.012806724754687502,0.0005480551750414848,-0.05775516661253809
0.35000000000000003,0.05,-0.10520731491468745,0.012768872366250001,0.000554658249439575,-0.05731021947178715
0.35000000000000003,0.0625,-0.10471791231110096,0.0127310199778125,0.0005612613238376651,-0.05686527233103623
0.35000000000000003,0.07500000000000001,-0.1042285097075144,0.012693167589375,0.0005678643982357553,-0.05642032519028529
0.35000000000000003,0.08750000000000001,-0.10373910710392789,0.012655315200937503,0.0005744674726338454,-0.055975378049534355
0.35000000000000003,0.1,-0.10324970450034138,0.0126174628125,0.0005810705470319356,-0.055530430908783415
0.35000000000000003,0.1125,-0.10276030189675485,0.012579610424062498,0.0005876736214300259,-0.05508548376803248
0.35000000000000003,0.125,-0.10227089929316832,0.012541758035625003,0.000594276695828116,-0.05464053662728154
0.35000000000000003,0.1375,-0.10178149668958178,0.0125039056471875,0.0006008797702262062,-0.05419558948653061
0.35000000000000003,0.15000000000000002,-0.10129209408599527,0.012466053258750002,0.0006074828446242963,-0.05375064234577967
0.35000000000000003,0.1625,-0.10080269148240875,0.012428200870312501,0.0006140859190223866,-0.053305695205028744
0.35000000000000003,0.17500000000000002,-0.10031328887882221,0.012390348481875,0.0006206889934204767,-0.052860748064277804
0.35000000000000003,0.1875,-0.09982388627523568,0.012352496093437504,0.0006272920678185668,-0.052415800923526865
0.35000000000000003,0.2,-0.09933448367164915,0.012314643705000001,0.0006338951422166571,-0.05197085378277594
0.35000000000000003,0.21250000000000002,-0.09884508106806264,0.0122767913165625,0.0006404982166147472,-0.051525906642025
0.35000000000000003,0.225,-0.09835567846447613,0.012238938928125,0.0006471012910128375,-0.05108095950127406
0.35000000000000003,0.23750000000000002,-0.09786627586088958,0.0122010865396875,0.0006537043654109276,-0.05063601236052312
0.35000000000000003,0.25,-0.09737687325730308,0.012163234151250002,0.0006603074398090177,-0.0501910652197722
0.35000000000000003,0.2625,-0.09688747065371653,0.0121253817628125,0.0006669105142071079,-0.049746118079021254
0.35000000000000003,0.275,-0.09639806805013,0.012087529374375001,0.000673513588605198,-0.04930117093827032
0.35000000000000003,0.28750000000000003,-0.09590866544654349,0.012049676985937502,0.0006801166630032884,-0.04885622379751939
0.35000000000000003,0.30000000000000004,-0.09541926284295696,0.0120118245975,0.0006867197374013785,-0.04841127665676845
0.35000000000000003,0.3125,-0.09492986023937044,0.011973972209062501,0.0006933228117994687,-0.04796632951601752
0.35000000000000003,0.325,-0.0944404576357839,0.011936119820625,0.0006999258861975588,-0.047521382375266576
0.35000000000000003,0.3375,-0.09395105503219739,0.0118982674321875,0.0007065289605956489,-0.04707643523451564
0.35000000000000003,0.35000000000000003,-0.09346165242861088,0.011860415043750003,0.0007131320349937392,-0.04663148809376472
0.35000000000000003,0.36250000000000004,-0.09297224982502433,0.0118225626553125,0.0007197351093918294,-0.04618654095301378
0.35000000000000003,0.375,-0.0924828472214378,0.011784710266875002,0.0007263381837899196,-0.045741593812262844
0.35000000000000003,0.3875,-0.09199344461785128,0.011746857878437501,0.0007329412581880097,-0.0452966466715119
0.35000000000000003,0.4,-0.09150404201426476,0.011709005490000002,0.0007395443325860999,-0.04485169953076097
0.35000000000000003,0.41250000000000003,-0.09101463941067822,0.011671153101562502,0.0007461474069841901,-0.04440675239001003
0.35000000000000003,0.42500000000000004,-0.09052523680709171,0.011633300713124997,0.0007527504813822802,-0.04396180524925909
0.35000000000000003,0.4375,-0.0900358342035052,0.011595448324687502,0.0007593535557803704,-0.043516858108508166
0.35000000000000003,0.45,-0.08954643159991867,0.011557595936250002,0.0007659566301784606,-0.043071910967757226
0.35000000000000003,0.4625,-0.08905702899633212,0.011519743547812503,0.0007725597045765508,-0.042626963827006294
0.35000000000000003,0.47500000000000003,-0.0885676263927456,0.011481891159375,0.000779162778974641,-0.04218201668625536
0.35000000000000003,0.48750000000000004,-0.08807822378915908,0.0114440387709375,0.0007857658533727312,-0.04173706954550442
0.35000000000000003,0.5,-0.08758882118557255,0.011406186382500003,0.0007923689277708213,-0.041292122404753495
0.35000000000000003,0.5125000000000001,-0.08709941858198603,0.011368333994062502,0.0007989720021689115,-0.04084717526400255
0.35000000000000003,0.525,-0.0866100159783995,0.011330481605625001,0.0008055750765670017,-0.040402228123251616
0.35000000000000003,0.5375,-0.08612061337481298,0.0112926292171875,0.0008121781509650919,-0.03995728098250068
0.35000000000000003,0.55,-0.08563121077122646,0.01125477682875,0.0008187812253631821,-0.03951233384174974
0.35000000000000003,0.5625,-0.08514180816763993,0.011216924440312501,0.0008253842997612722,-0.03906738670099881
0.35000000000000003,0.5750000000000001,-0.0846524055640534,0.011179072051874999,0.0008319873741593625,-0.03862243956024787
0.35000000000000003,0.5875,-0.08416300296046686,0.0111412196634375,0.0008385904485574525,-0.03817749241949694
0.35000000000000003,0.6000000000000001,-0.08367360035688033,0.011103367275000003,0.0008451935229555427,-0.037732545278746
0.35000000000000003,0.6125,-0.0831841977532938,0.011065514886562502,0.000851796597353633,-0.037287598137995065
0.35000000000000003,0.625,-0.0826947951497073,0.011027662498125002,0.0008583996717517231,-0.03684265099724414
0.35000000000000003,0.6375000000000001,-0.08220539254612078,0.0109898101096875,0.0008650027461498134,-0.03639770385649319
0.35000000000000003,0.65,-0.08171598994253425,0.01095195772125,0.0008716058205479034,-0.03595275671574226
0.35000000000000003,0.6625000000000001,-0.08122658733894773,0.010914105332812502,0.0008782088949459937,-0.03550780957499133
0.35000000000000003,0.675,-0.0807371847353612,0.010876252944375001,0.0008848119693440838,-0.035062862434240394
0.35000000000000003,0.6875,-0.08024778213177466,0.0108384005559375,0.000891415043742174,-0.03461791529348946
0.35000000000000003,0.7000000000000001,-0.07975837952818814,0.0108005481675,0.0008980181181402643,-0.03417296815273852
0.35000000000000003,0.7125,-0.07926897692460162,0.010762695779062501,0.0009046211925383543,-0.03372802101198759
0.35000000000000003,0.7250000000000001,-0.0787795743210151,0.010724843390625,0.0009112242669364446,-0.03328307387123665
0.35000000000000003,0.7375,-0.07829017171742858,0.010686991002187502,0.0009178273413345347,-0.032838126730485716
0.35000000000000003,0.75,-0.07780076911384204,0.010649138613750003,0.0009244304157326249,-0.03239317958973478
0.35000000000000003,0.7625000000000001,-0.07731136651025552,0.010611286225312502,0.0009310334901307151,-0.03194823244898384
0.35000000000000003,0.775,-0.07682196390666898,0.010573433836875,0.0009376365645288052,-0.03150328530823291
0.35000000000000003,0.7875000000000001,-0.07633256130308246,0.010535581448437501,0.0009442396389268955,-0.031058338167481967
0.35000000000000003,0.8,-0.07584315869949593,0.010497729060000002,0.0009508427133249856,-0.03061339102673104
0.35000000000000003,0.8125,-0.07535375609590943,0.010459876671562502,0.0009574457877230758,-0.030168443885980105
0.35000000000000003,0.8250000000000001,-0.07486435349232289,0.010422024283125,0.000964048862121166,-0.029723496745229165
0.35000000000000003,0.8375,-0.07437495088873636,0.010384171894687502,0.000970651936519256,-0.029278549604478236
0.35000000000000003,0.8500000000000001,-0.07388554828514984,0.01034631950625,0.0009772550109173462,-0.028833602463727296
0.35000000000000003,0.8625,-0.07339614568156332,0.010308467117812501,0.0009838580853154366,-0.02838865532297636
0.35000000000000003,0.875,-0.07290674307797679,0.010270614729375002,0.0009904611597135267,-0.027943708182225427
0.35000000000000003,0.8875000000000001,-0.07241734047439026,0.0102327623409375,0.000997064234111617,-0.02749876104147449
0.35000000000000003,0.9,-0.07192793787080373,0.010194909952500001,0.001003667308509707,-0.02705381390072356
0.35000000000000003,0.9125000000000001,-0.07143853526721722,0.010157057564062502,0.0010102703829077972,-0.02660886675997262
0.35000000000000003,0.925,-0.0709491326636307,0.010119205175625002,0.0010168734573058873,-0.026163919619221685
0.35000000000000003,0.9375,-0.07045973006004415,0.010081352787187501,0.0010234765317039774,-0.02571897247847075
0.35000000000000003,0.9500000000000001,-0.06997032745645763,0.01004350039875,0.0010300796061020678,-0.025274025337719812
0.35000000000000003,0.9625,-0.0694809248528711,0.010005648010312502,0.0010366826805001579,-0.024829078196968876
0.35000000000000003,0.9750000000000001,-0.06899152224928458,0.009967795621875001,0.0010432857548982482,-0.024384131056217943
0.35000000000000003,0.9875,-0.06850211964569806,0.009929943233437502,0.0010498888292963383,-0.023939183915467007
0.35000000000000003,1.0,-0.06801271704211155,0.009892090845000001,0.0010564919036944284,-0.023494236774716078
0.36250000000000004,0.0,-0.10598941063899228,0.012671814960000001,0.0005282459518472142,-0.05902487390979091
0.36250000000000004,0.0125,-0.10549871251134708,0.012634690502109377,0.0005348490262453043,-0.058577903314434444
0.36250000000000004,0.025,-0.10500801438370191,0.012597566044218753,0.0005414521006433945,-0.058130932719077995
0.36250000000000004,0.037500000000000006,-0.10451731625605676,0.012560441586328127,0.0005480551750414848,-0.057683962123721545
0.36250000000000004,0.05,-0.10402661812841159,0.012523317128437501,0.000554658249439575,-0.05723699152836508
0.36250000000000004,0.0625,-0.10353592000076642,0.012486192670546879,0.0005612613238376651,-0.056790020933008646
0.36250000000000004,0.07500000000000001,-0.10304522187312128,0.012449068212656251,0.0005678643982357553,-0.05634305033765219
0.36250000000000004,0.08750000000000001,-0.10255452374547608,0.012411943754765625,0.0005744674726338454,-0.05589607974229575
0.36250000000000004,0.1,-0.10206382561783092,0.012374819296875002,0.0005810705470319356,-0.055449109146939284
0.36250000000000004,0.1125,-0.10157312749018577,0.012337694838984375,0.0005876736214300259,-0.055002138551582834
0.36250000000000004,0.125,-0.10108242936254058,0.012300570381093752,0.000594276695828116,-0.054555167956226384
0.36250000000000004,0.1375,-0.1005917312348954,0.012263445923203125,0.0006008797702262062,-0.05410819736086993
0.36250000000000004,0.15000000000000002,-0.10010103310725024,0.012226321465312502,0.0006074828446242963,-0.05366122676551348
0.36250000000000004,0.1625,-0.09961033497960509,0.012189197007421876,0.0006140859190223866,-0.05321425617015703
0.36250000000000004,0.17500000000000002,-0.09911963685195993,0.01215207254953125,0.0006206889934204767,-0.05276728557480057
0.36250000000000004,0.1875,-0.09862893872431475,0.012114948091640628,0.0006272920678185668,-0.052320314979444116
0.36250000000000004,0.2,-0.09813824059666959,0.012077823633750002,0.0006338951422166571,-0.05187334438408767
0.36250000000000004,0.21250000000000002,-0.09764754246902442,0.012040699175859378,0.0006404982166147472,-0.05142637378873122
0.36250000000000004,0.225,-0.09715684434137926,0.012003574717968752,0.0006471012910128375,-0.05097940319337476
0.36250000000000004,0.23750000000000002,-0.09666614621373408,0.011966450260078126,0.0006537043654109276,-0.05053243259801831
0.36250000000000004,0.25,-0.09617544808608892,0.011929325802187503,0.0006603074398090177,-0.05008546200266187
0.36250000000000004,0.2625,-0.09568474995844375,0.011892201344296876,0.0006669105142071079,-0.04963849140730541
0.36250000000000004,0.275,-0.09519405183079858,0.01185507688640625,0.000673513588605198,-0.049191520811948955
0.36250000000000004,0.28750000000000003,-0.09470335370315343,0.011817952428515627,0.0006801166630032884,-0.048744550216592505
0.36250000000000004,0.30000000000000004,-0.09421265557550826,0.011780827970625,0.0006867197374013785,-0.04829757962123605
0.36250000000000004,0.3125,-0.0937219574478631,0.011743703512734377,0.0006933228117994687,-0.047850609025879606
0.36250000000000004,0.325,-0.09323125932021792,0.011706579054843751,0.0006999258861975588,-0.04740363843052314
0.36250000000000004,0.3375,-0.09274056119257275,0.011669454596953127,0.0007065289605956489,-0.0469566678351667
0.36250000000000004,0.35000000000000003,-0.09224986306492759,0.011632330139062503,0.0007131320349937392,-0.04650969723981025
0.36250000000000004,0.36250000000000004,-0.09175916493728242,0.011595205681171875,0.0007197351093918294,-0.0460627266444538
0.36250000000000004,0.375,-0.09126846680963724,0.011558081223281252,0.0007263381837899196,-0.045615756049097345
0.36250000000000004,0.3875,-0.09077776868199208,0.011520956765390626,0.0007329412581880097,-0.04516878545374089
0.36250000000000004,0.4,-0.09028707055434691,0.011483832307500002,0.0007395443325860999,-0.044721814858384445
0.36250000000000004,0.41250000000000003,-0.08979637242670174,0.011446707849609376,0.0007461474069841901,-0.04427484426302798
0.36250000000000004,0.42500000000000004,-0.08930567429905659,0.01140958339171875,0.0007527504813822802,-0.043827873667671526
0.36250000000000004,0.4375,-0.08881497617141142,0.011372458933828128,0.0007593535557803704,-0.04338090307231508
0.36250000000000004,0.45,-0.08832427804376625,0.0113353344759375,0.0007659566301784606,-0.04293393247695863
0.36250000000000004,0.4625,-0.08783357991612106,0.011298210018046874,0.0007725597045765508,-0.04248696188160218
0.36250000000000004,0.47500000000000003,-0.08734288178847592,0.011261085560156254,0.000779162778974641,-0.04203999128624573
0.36250000000000004,0.48750000000000004,-0.08685218366083075,0.011223961102265626,0.0007857658533727312,-0.04159302069088927
0.36250000000000004,0.5,-0.08636148553318558,0.011186836644375002,0.0007923689277708213,-0.04114605009553283
0.36250000000000004,0.5125000000000001,-0.08587078740554041,0.011149712186484376,0.0007989720021689115,-0.04069907950017637
0.36250000000000004,0.525,-0.08538008927789524,0.011112587728593751,0.0008055750765670017,-0.04025210890481992
0.36250000000000004,0.5375,-0.08488939115025007,0.011075463270703127,0.0008121781509650919,-0.039805138309463466
0.36250000000000004,0.55,-0.08439869302260491,0.0110383388128125,0.0008187812253631821,-0.039358167714107016
0.36250000000000004,0.5625,-0.08390799489495974,0.011001214354921877,0.0008253842997612722,-0.038911197118750566
0.36250000000000004,0.5750000000000001,-0.08341729676731457,0.010964089897031251,0.0008319873741593625,-0.03846422652339411
0.36250000000000004,0.5875,-0.08292659863966939,0.010926965439140627,0.0008385904485574525,-0.03801725592803766
0.36250000000000004,0.6000000000000001,-0.08243590051202423,0.010889840981250001,0.0008451935229555427,-0.037570285332681204
0.36250000000000004,0.6125,-0.08194520238437908,0.010852716523359375,0.000851796597353633,-0.037123314737324754
0.36250000000000004,0.625,-0.08145450425673391,0.010815592065468753,0.0008583996717517231,-0.036676344141968305
0.36250000000000004,0.6375000000000001,-0.08096380612908873,0.010778467607578125,0.0008650027461498134,-0.03622937354661185
0.36250000000000004,0.65,-0.08047310800144356,0.0107413431496875,0.0008716058205479034,-0.0357824029512554
0.36250000000000004,0.6625000000000001,-0.0799824098737984,0.010704218691796876,0.0008782088949459937,-0.03533543235589894
0.36250000000000004,0.675,-0.07949171174615324,0.01066709423390625,0.0008848119693440838,-0.0348884617605425
0.36250000000000004,0.6875,-0.07900101361850807,0.010629969776015626,0.000891415043742174,-0.03444149116518604
0.36250000000000004,0.7000000000000001,-0.07851031549086289,0.010592845318125002,0.0008980181181402643,-0.03399452056982959
0.36250000000000004,0.7125,-0.07801961736321772,0.010555720860234376,0.0009046211925383543,-0.03354754997447314
0.36250000000000004,0.7250000000000001,-0.07752891923557256,0.010518596402343752,0.0009112242669364446,-0.03310057937911669
0.36250000000000004,0.7375,-0.07703822110792741,0.010481471944453128,0.0009178273413345347,-0.03265360878376024
0.36250000000000004,0.75,-0.07654752298028224,0.010444347486562503,0.0009244304157326249,-0.03220663818840379
0.36250000000000004,0.7625000000000001,-0.07605682485263707,0.010407223028671876,0.0009310334901307151,-0.03175966759304733
0.36250000000000004,0.775,-0.0755661267249919,0.010370098570781252,0.0009376365645288052,-0.03131269699769088
0.36250000000000004,0.7875000000000001,-0.07507542859734671,0.010332974112890626,0.0009442396389268955,-0.030865726402334422
0.36250000000000004,0.8,-0.07458473046970157,0.010295849655000001,0.0009508427133249856,-0.030418755806977973
0.36250000000000004,0.8125,-0.07409403234205642,0.010258725197109377,0.0009574457877230758,-0.029971785211621523
0.36250000000000004,0.8250000000000001,-0.07360333421441123,0.01022160073921875,0.000964048862121166,-0.029524814616265067
0.36250000000000004,0.8375,-0.07311263608676608,0.010184476281328125,0.000970651936519256,-0.02907784402090862
0.36250000000000004,0.8500000000000001,-0.07262193795912089,0.010147351823437501,0.0009772550109173462,-0.02863087342555216
0.36250000000000004,0.8625,-0.07213123983147571,0.010110227365546877,0.0009838580853154366,-0.02818390283019571
0.36250000000000004,0.875,-0.07164054170383058,0.010073102907656253,0.0009904611597135267,-0.02773693223483926
0.36250000000000004,0.8875000000000001,-0.0711498435761854,0.010035978449765627,0.000997064234111617,-0.027289961639482812
0.36250000000000004,0.9,-0.07065914544854024,0.009998853991875,0.001003667308509707,-0.026842991044126362
0.36250000000000004,0.9125000000000001,-0.07016844732089506,0.009961729533984377,0.0010102703829077972,-0.026396020448769906
0.36250000000000004,0.925,-0.06967774919324987,0.009924605076093752,0.0010168734573058873,-0.025949049853413453
0.36250000000000004,0.9375,-0.06918705106560474,0.009887480618203128,0.0010234765317039774,-0.025502079258057
0.36250000000000004,0.9500000000000001,-0.06869635293795957,0.0098503561603125,0.0010300796061020678,-0.02505510866270055
0.36250000000000004,0.9625,-0.0682056548103144,0.009813231702421876,0.0010366826805001579,-0.024608138067344097
0.36250000000000004,0.9750000000000001,-0.06771495668266922,0.00977610724453125,0.0010432857548982482,-0.024161167471987644
0.36250000000000004,0.9875,-0.06722425855502406,0.009738982786640626,0.0010498888292963383,-0.023714196876631195
0.36250000000000004,1.0,-0.06673356042737891,0.009701858328750002,0.0010564919036944284,-0.023267226281274745
0.375,0.0,-0.10481389594895098,0.012423348000000002,0.0005282459518472142,-0.0589597397847909
0.375,0.0125,-0.10432190229724717,0.012386951472656251,0.0005348490262453043,-0.05851074573482893
0.375,0.025,-0.10382990864554334,0.012350554945312502,0.0005414521006433945,-0.05806175168486696
0.375,0.037500000000000006,-0.10333791499383954,0.012314158417968752,0.0005480551750414848,-0.05761275763490499
0.375,0.05,-0.10284592134213574,0.012277761890625002,0.000554658249439575,-0.05716376358494302
0.375,0.0625,-0.10235392769043193,0.012241365363281253,0.0005612613238376651,-0.056714769534981065
0.375,0.07500000000000001,-0.1018619340387281,0.012204968835937502,0.0005678643982357553,-0.056265775485019084
0.375,0.08750000000000001,-0.10136994038702432,0.012168572308593752,0.0005744674726338454,-0.05581678143505712
0.375,0.1,-0.1008779467353205,0.012132175781250004,0.0005810705470319356,-0.055367787385095145
0.375,0.1125,-0.10038595308361667,0.012095779253906251,0.0005876736214300259,-0.05491879333513318
0.375,0.125,-0.09989395943191288,0.012059382726562503,0.000594276695828116,-0.05446979928517121
0.375,0.1375,-0.09940196578020906,0.012022986199218752,0.0006008797702262062,-0.05402080523520924
0.375,0.15000000000000002,-0.09890997212850526,0.011986589671875004,0.0006074828446242963,-0.05357181118524728
0.375,0.1625,-0.09841797847680145,0.011950193144531251,0.0006140859190223866,-0.053122817135285307
0.375,0.17500000000000002,-0.09792598482509765,0.0119137966171875,0.0006206889934204767,-0.05267382308532333
0.375,0.1875,-0.09743399117339385,0.011877400089843754,0.0006272920678185668,-0.05222482903536137
0.375,0.2,-0.09694199752169004,0.011841003562500002,0.0006338951422166571,-0.0517758349853994
0.375,0.21250000000000002,-0.09645000386998623,0.011804607035156253,0.0006404982166147472,-0.05132684093543743
0.375,0.225,-0.09595801021828242,0.011768210507812502,0.0006471012910128375,-0.05087784688547546
0.375,0.23750000000000002,-0.09546601656657859,0.01173181398046875,0.0006537043654109276,-0.05042885283551349
0.375,0.25,-0.0949740229148748,0.011695417453125004,0.0006603074398090177,-0.04997985878555153
0.375,0.2625,-0.09448202926317098,0.011659020925781253,0.0006669105142071079,-0.049530864735589555
0.375,0.275,-0.09399003561146718,0.0116226243984375,0.000673513588605198,-0.04908187068562759
0.375,0.28750000000000003,-0.09349804195976337,0.011586227871093752,0.0006801166630032884,-0.048632876635665616
0.375,0.30000000000000004,-0.09300604830805956,0.01154983134375,0.0006867197374013785,-0.04818388258570364
0.375,0.3125,-0.09251405465635576,0.011513434816406253,0.0006933228117994687,-0.04773488853574168
0.375,0.325,-0.09202206100465193,0.011477038289062502,0.0006999258861975588,-0.04728589448577971
0.375,0.3375,-0.09153006735294814,0.011440641761718752,0.0007065289605956489,-0.046836900435817744
0.375,0.35000000000000003,-0.09103807370124434,0.011404245234375002,0.0007131320349937392,-0.046387906385855784
0.375,0.36250000000000004,-0.09054608004954053,0.011367848707031251,0.0007197351093918294,-0.04593891233589381
0.375,0.375,-0.0900540863978367,0.011331452179687505,0.0007263381837899196,-0.045489918285931845
0.375,0.3875,-0.0895620927461329,0.011295055652343752,0.0007329412581880097,-0.04504092423596987
0.375,0.4,-0.08907009909442909,0.011258659125,0.0007395443325860999,-0.044591930186007905
0.375,0.41250000000000003,-0.08857810544272529,0.011222262597656251,0.0007461474069841901,-0.04414293613604593
0.375,0.42500000000000004,-0.08808611179102147,0.011185866070312502,0.0007527504813822802,-0.04369394208608396
0.375,0.4375,-0.08759411813931765,0.011149469542968752,0.0007593535557803704,-0.04324494803612199
0.375,0.45,-0.08710212448761386,0.011113073015625,0.0007659566301784606,-0.04279595398616003
0.375,0.4625,-0.08661013083591004,0.011076676488281251,0.0007725597045765508,-0.04234695993619805
0.375,0.47500000000000003,-0.08611813718420626,0.011040279960937503,0.000779162778974641,-0.041897965886236094
0.375,0.48750000000000004,-0.08562614353250243,0.01100388343359375,0.0007857658533727312,-0.04144897183627413
0.375,0.5,-0.08513414988079862,0.010967486906250002,0.0007923689277708213,-0.040999977786312154
0.375,0.5125000000000001,-0.08464215622909481,0.010931090378906251,0.0007989720021689115,-0.04055098373635018
0.375,0.525,-0.084150162577391,0.010894693851562503,0.0008055750765670017,-0.04010198968638822
0.375,0.5375,-0.0836581689256872,0.010858297324218754,0.0008121781509650919,-0.03965299563642625
0.375,0.55,-0.08316617527398339,0.010821900796875002,0.0008187812253631821,-0.039204001586464275
0.375,0.5625,-0.08267418162227959,0.010785504269531253,0.0008253842997612722,-0.038755007536502316
0.375,0.5750000000000001,-0.08218218797057578,0.010749107742187501,0.0008319873741593625,-0.03830601348654034
0.375,0.5875,-0.08169019431887195,0.010712711214843752,0.0008385904485574525,-0.03785701943657837
0.375,0.6000000000000001,-0.08119820066716814,0.0106763146875,0.0008451935229555427,-0.037408025386616396
0.375,0.6125,-0.08070620701546434,0.010639918160156253,0.000851796597353633,-0.03695903133665444
0.375,0.625,-0.08021421336376054,0.010603521632812503,0.0008583996717517231,-0.03651003728669247
0.375,0.6375000000000001,-0.07972221971205672,0.010567125105468752,0.0008650027461498134,-0.03606104323673049
0.375,0.65,-0.0792302260603529,0.010530728578125,0.0008716058205479034,-0.03561204918676853
0.375,0.6625000000000001,-0.0787382324086491,0.010494332050781253,0.0008782088949459937,-0.035163055136806565
0.375,0.675,-0.0782462387569453,0.010457935523437501,0.0008848119693440838,-0.0347140610868446
0.375,0.6875,-0.0777542451052415,0.010421538996093754,0.000891415043742174,-0.03426506703688263
0.375,0.7000000000000001,-0.07726225145353767,0.010385142468750002,0.0008980181181402643,-0.03381607298692065
0.375,0.7125,-0.07677025780183387,0.010348745941406253,0.0009046211925383543,-0.03336707893695869
0.375,0.7250000000000001,-0.07627826415013007,0.010312349414062503,0.0009112242669364446,-0.03291808488699672
0.375,0.7375,-0.07578627049842626,0.010275952886718752,0.0009178273413345347,-0.03246909083703475
0.375,0.75,-0.07529427684672245,0.010239556359375002,0.0009244304157326249,-0.03202009678707279
0.375,0.7625000000000001,-0.07480228319501864,0.010203159832031251,0.0009310334901307151,-0.031571102737110814
0.375,0.775,-0.07431028954331483,0.010166763304687501,0.0009376365645288052,-0.031122108687148847
0.375,0.7875000000000001,-0.073818295891611,0.01013036677734375,0.0009442396389268955,-0.030673114637186878
0.375,0.8,-0.07332630223990722,0.010093970250000002,0.0009508427133249856,-0.030224120587224915
0.375,0.8125,-0.07283430858820339,0.010057573722656253,0.0009574457877230758,-0.029775126537262945
0.375,0.8250000000000001,-0.07234231493649959,0.010021177195312501,0.000964048862121166,-0.02932613248730097
0.375,0.8375,-0.07185032128479578,0.009984780667968752,0.000970651936519256,-0.028877138437339005
0.375,0.8500000000000001,-0.07135832763309198,0.009948384140625002,0.0009772550109173462,-0.028428144387377036
0.375,0.8625,-0.07086633398138817,0.009911987613281253,0.0009838580853154366,-0.027979150337415066
0.375,0.875,-0.07037434032968437,0.009875591085937503,0.0009904611597135267,-0.0275301562874531
0.375,0.8875000000000001,-0.06988234667798054,0.009839194558593752,0.000997064234111617,-0.027081162237491133
0.375,0.9,-0.06939035302627675,0.009802798031250002,0.001003667308509707,-0.026632168187529167
0.375,0.9125000000000001,-0.06889835937457293,0.009766401503906253,0.0010102703829077972,-0.026183174137567194
0.375,0.925,-0.06840636572286911,0.009730004976562501,0.0010168734573058873,-0.025734180087605227
0.375,0.9375,-0.06791437207116531,0.009693608449218754,0.0010234765317039774,-0.025285186037643258
0.375,0.9500000000000001,-0.06742237841946151,0.009657211921875,0.0010300796061020678,-0.024836191987681288
0.375,0.9625,-0.0669303847677577,0.009620815394531251,0.0010366826805001579,-0.02438719793771932
0.375,0.9750000000000001,-0.06643839111605387,0.009584418867187501,0.0010432857548982482,-0.02393820388775735
0.375,0.9875,-0.06594639746435008,0.009548022339843754,0.0010498888292963383,-0.023489209837795382
0.375,1.0,-0.06545440381264628,0.009511625812500002,0.0010564919036944284,-0.02304021578783342
0.3875,0.0,-0.10363838125890963,0.012174881040000004,0.0005282459518472142,-0.058894605659790905
0.3875,0.0125,-0.1031450920831472,0.012139212443203127,0.0005348490262453043,-0.058443588155223415
0.3875,0.025,-0.10265180290738474,0.012103543846406252,0.0005414521006433945,-0.057992570650655925
0.3875,0.037500000000000006,-0.10215851373162231,0.012067875249609377,0.0005480551750414848,-0.05754155314608844
0.3875,0.05,-0.10166522455585984,0.012032206652812502,0.000554658249439575,-0.05709053564152095
0.3875,0.0625,-0.10117193538009742,0.01199653805601563,0.0005612613238376651,-0.056639518136953476
0.3875,0.07500000000000001,-0.10067864620433495,0.011960869459218752,0.0005678643982357553,-0.056188500632385986
0.3875,0.08750000000000001,-0.10018535702857251,0.011925200862421877,0.0005744674726338454,-0.05573748312781851
0.3875,0.1,-0.09969206785281004,0.011889532265625002,0.0005810705470319356,-0.05528646562325101
0.3875,0.1125,-0.09919877867704757,0.011853863668828126,0.0005876736214300259,-0.05483544811868353
0.3875,0.125,-0.09870548950128513,0.011818195072031253,0.000594276695828116,-0.05438443061411605
0.3875,0.1375,-0.09821220032552269,0.011782526475234378,0.0006008797702262062,-0.05393341310954856
0.3875,0.15000000000000002,-0.09771891114976025,0.011746857878437503,0.0006074828446242963,-0.05348239560498108
0.3875,0.1625,-0.0972256219739978,0.011711189281640628,0.0006140859190223866,-0.05303137810041359
0.3875,0.17500000000000002,-0.09673233279823534,0.011675520684843753,0.0006206889934204767,-0.0525803605958461
0.3875,0.1875,-0.09623904362247288,0.01163985208804688,0.0006272920678185668,-0.05212934309127862
0.3875,0.2,-0.09574575444671045,0.011604183491250001,0.0006338951422166571,-0.05167832558671114
0.3875,0.21250000000000002,-0.09525246527094798,0.011568514894453126,0.0006404982166147472,-0.05122730808214365
0.3875,0.225,-0.09475917609518554,0.011532846297656251,0.0006471012910128375,-0.05077629057757616
0.3875,0.23750000000000002,-0.09426588691942309,0.011497177700859377,0.0006537043654109276,-0.05032527307300867
0.3875,0.25,-0.09377259774366065,0.011461509104062505,0.0006603074398090177,-0.049874255568441196
0.3875,0.2625,-0.09327930856789819,0.011425840507265627,0.0006669105142071079,-0.049423238063873706
0.3875,0.275,-0.09278601939213574,0.011390171910468753,0.000673513588605198,-0.04897222055930622
0.3875,0.28750000000000003,-0.0922927302163733,0.011354503313671877,0.0006801166630032884,-0.04852120305473874
0.3875,0.30000000000000004,-0.09179944104061082,0.011318834716875,0.0006867197374013785,-0.04807018555017124
0.3875,0.3125,-0.09130615186484839,0.011283166120078127,0.0006933228117994687,-0.047619168045603774
0.3875,0.325,-0.09081286268908592,0.011247497523281252,0.0006999258861975588,-0.04716815054103628
0.3875,0.3375,-0.0903195735133235,0.011211828926484377,0.0007065289605956489,-0.046717133036468794
0.3875,0.35000000000000003,-0.08982628433756104,0.011176160329687502,0.0007131320349937392,-0.04626611553190132
0.3875,0.36250000000000004,-0.08933299516179859,0.011140491732890627,0.0007197351093918294,-0.04581509802733383
0.3875,0.375,-0.08883970598603615,0.011104823136093754,0.0007263381837899196,-0.045364080522766345
0.3875,0.3875,-0.08834641681027369,0.011069154539296876,0.0007329412581880097,-0.044913063018198855
0.3875,0.4,-0.08785312763451124,0.0110334859425,0.0007395443325860999,-0.04446204551363137
0.3875,0.41250000000000003,-0.08735983845874878,0.01099781734570313,0.0007461474069841901,-0.04401102800906388
0.3875,0.42500000000000004,-0.08686654928298632,0.010962148748906251,0.0007527504813822802,-0.0435600105044964
0.3875,0.4375,-0.08637326010722388,0.010926480152109378,0.0007593535557803704,-0.043108992999928916
0.3875,0.45,-0.08587997093146144,0.010890811555312503,0.0007659566301784606,-0.04265797549536143
0.3875,0.4625,-0.08538668175569898,0.010855142958515628,0.0007725597045765508,-0.04220695799079394
0.3875,0.47500000000000003,-0.08489339257993654,0.010819474361718753,0.000779162778974641,-0.04175594048622647
0.3875,0.48750000000000004,-0.08440010340417407,0.010783805764921876,0.0007857658533727312,-0.04130492298165897
0.3875,0.5,-0.08390681422841165,0.010748137168125003,0.0007923689277708213,-0.040853905477091494
0.3875,0.5125000000000001,-0.08341352505264918,0.010712468571328126,0.0007989720021689115,-0.040402887972524004
0.3875,0.525,-0.08292023587688674,0.010676799974531253,0.0008055750765670017,-0.03995187046795652
0.3875,0.5375,-0.08242694670112426,0.010641131377734377,0.0008121781509650919,-0.03950085296338903
0.3875,0.55,-0.08193365752536183,0.0106054627809375,0.0008187812253631821,-0.03904983545882155
0.3875,0.5625,-0.08144036834959938,0.010569794184140629,0.0008253842997612722,-0.03859881795425407
0.3875,0.5750000000000001,-0.08094707917383692,0.010534125587343752,0.0008319873741593625,-0.038147800449686575
0.3875,0.5875,-0.08045378999807447,0.010498456990546877,0.0008385904485574525,-0.03769678294511909
0.3875,0.6000000000000001,-0.07996050082231201,0.010462788393750004,0.0008451935229555427,-0.0372457654405516
0.3875,0.6125,-0.07946721164654957,0.010427119796953127,0.000851796597353633,-0.03679474793598412
0.3875,0.625,-0.07897392247078712,0.010391451200156254,0.0008583996717517231,-0.03634373043141664
0.3875,0.6375000000000001,-0.07848063329502468,0.010355782603359377,0.0008650027461498134,-0.035892712926849146
0.3875,0.65,-0.07798734411926223,0.010320114006562502,0.0008716058205479034,-0.03544169542228166
0.3875,0.6625000000000001,-0.07749405494349976,0.010284445409765627,0.0008782088949459937,-0.03499067791771418
0.3875,0.675,-0.07700076576773732,0.010248776812968752,0.0008848119693440838,-0.0345396604131467
0.3875,0.6875,-0.07650747659197489,0.01021310821617188,0.000891415043742174,-0.034088642908579214
0.3875,0.7000000000000001,-0.07601418741621242,0.010177439619375003,0.0008980181181402643,-0.033637625404011724
0.3875,0.7125,-0.07552089824044997,0.010141771022578126,0.0009046211925383543,-0.03318660789944424
0.3875,0.7250000000000001,-0.07502760906468751,0.010106102425781253,0.0009112242669364446,-0.03273559039487676
0.3875,0.7375,-0.07453431988892506,0.010070433828984378,0.0009178273413345347,-0.032284572890309275
0.3875,0.75,-0.07404103071316263,0.010034765232187503,0.0009244304157326249,-0.03183355538574179
0.3875,0.7625000000000001,-0.07354774153740017,0.009999096635390626,0.0009310334901307151,-0.0313825378811743
0.3875,0.775,-0.07305445236163771,0.009963428038593753,0.0009376365645288052,-0.030931520376606812
0.3875,0.7875000000000001,-0.07256116318587527,0.009927759441796878,0.0009442396389268955,-0.030480502872039322
0.3875,0.8,-0.07206787401011283,0.009892090845000003,0.0009508427133249856,-0.030029485367471846
0.3875,0.8125,-0.07157458483435036,0.009856422248203128,0.0009574457877230758,-0.029578467862904356
0.3875,0.8250000000000001,-0.07108129565858792,0.009820753651406252,0.000964048862121166,-0.029127450358336873
0.3875,0.8375,-0.07058800648282547,0.009785085054609377,0.000970651936519256,-0.02867643285376939
0.3875,0.8500000000000001,-0.07009471730706301,0.009749416457812502,0.0009772550109173462,-0.0282254153492019
0.3875,0.8625,-0.06960142813130056,0.009713747861015629,0.0009838580853154366,-0.027774397844634417
0.3875,0.875,-0.0691081389555381,0.009678079264218752,0.0009904611597135267,-0.027323380340066934
0.3875,0.8875000000000001,-0.06861484977977567,0.009642410667421877,0.000997064234111617,-0.026872362835499448
0.3875,0.9,-0.06812156060401321,0.009606742070625002,0.001003667308509707,-0.026421345330931968
0.3875,0.9125000000000001,-0.06762827142825077,0.009571073473828127,0.0010102703829077972,-0.025970327826364475
0.3875,0.925,-0.06713498225248832,0.009535404877031252,0.0010168734573058873,-0.02551931032179699
0.3875,0.9375,-0.06664169307672588,0.009499736280234379,0.0010234765317039774,-0.025068292817229505
0.3875,0.9500000000000001,-0.06614840390096342,0.009464067683437502,0.0010300796061020678,-0.024617275312662022
0.3875,0.9625,-0.06565511472520096,0.009428399086640627,0.0010366826805001579,-0.024166257808094536
0.3875,0.9750000000000001,-0.0651618255494385,0.009392730489843753,0.0010432857548982482,-0.02371524030352705
0.3875,0.9875,-0.06466853637367606,0.009357061893046878,0.0010498888292963383,-0.023264222798959563
0.3875,1.0,-0.06417524719791362,0.009321393296250003,0.0010564919036944284,-0.022813205294392083
0.4,0.0,-0.10246286656886833,0.011926414080000001,0.0005282459518472142,-0.05882947153479091
0.4,0.0125,-0.10196828186904724,0.011891473413750003,0.0005348490262453043,-0.0583764305756179
0.4,0.025,-0.10147369716922611,0.0118565327475,0.0005414521006433945,-0.057923389616444894
0.4,0.037500000000000006,-0.10097911246940504,0.011821592081250002,0.0005480551750414848,-0.05747034865727189
0.4,0.05,-0.10048452776958394,0.011786651415,0.000554658249439575,-0.05701730769809889
0.4,0.0625,-0.09998994306976287,0.011751710748750002,0.0005612613238376651,-0.0565642667389259
0.4,0.07500000000000001,-0.09949535836994176,0.0117167700825,0.0005678643982357553,-0.056111225779752895
0.4,0.08750000000000001,-0.09900077367012068,0.011681829416250001,0.0005744674726338454,-0.055658184820579895
0.4,0.1,-0.09850618897029959,0.01164688875,0.0005810705470319356,-0.05520514386140688
0.4,0.1125,-0.09801160427047849,0.01161194808375,0.0005876736214300259,-0.054752102902233875
0.4,0.125,-0.0975170195706574,0.011577007417500002,0.000594276695828116,-0.05429906194306088
0.4,0.1375,-0.0970224348708363,0.01154206675125,0.0006008797702262062,-0.053846020983887875
0.4,0.15000000000000002,-0.09652785017101521,0.011507126085000001,0.0006074828446242963,-0.053392980024714876
0.4,0.1625,-0.09603326547119412,0.011472185418750003,0.0006140859190223866,-0.052939939065541876
0.4,0.17500000000000002,-0.09553868077137304,0.0114372447525,0.0006206889934204767,-0.05248689810636887
0.4,0.1875,-0.09504409607155195,0.01140230408625,0.0006272920678185668,-0.05203385714719587
0.4,0.2,-0.09454951137173084,0.01136736342,0.0006338951422166571,-0.051580816188022884
0.4,0.21250000000000002,-0.09405492667190977,0.011332422753750002,0.0006404982166147472,-0.05112777522884987
0.4,0.225,-0.09356034197208868,0.011297482087500003,0.0006471012910128375,-0.05067473426967686
0.4,0.23750000000000002,-0.09306575727226755,0.01126254142125,0.0006537043654109276,-0.050221693310503863
0.4,0.25,-0.09257117257244649,0.011227600755,0.0006603074398090177,-0.04976865235133087
0.4,0.2625,-0.09207658787262539,0.01119266008875,0.0006669105142071079,-0.049315611392157864
0.4,0.275,-0.0915820031728043,0.011157719422500002,0.000673513588605198,-0.04886257043298486
0.4,0.28750000000000003,-0.09108741847298321,0.011122778756250002,0.0006801166630032884,-0.04840952947381186
0.4,0.30000000000000004,-0.09059283377316212,0.01108783809,0.0006867197374013785,-0.04795648851463886
0.4,0.3125,-0.09009824907334102,0.011052897423750003,0.0006933228117994687,-0.04750344755546586
0.4,0.325,-0.08960366437351992,0.0110179567575,0.0006999258861975588,-0.047050406596292844
0.4,0.3375,-0.08910907967369885,0.01098301609125,0.0007065289605956489,-0.04659736563711985
0.4,0.35000000000000003,-0.08861449497387774,0.010948075425000002,0.0007131320349937392,-0.04614432467794686
0.4,0.36250000000000004,-0.08811991027405666,0.010913134758750002,0.0007197351093918294,-0.04569128371877385
0.4,0.375,-0.08762532557423555,0.010878194092500001,0.0007263381837899196,-0.045238242759600845
0.4,0.3875,-0.08713074087441447,0.01084325342625,0.0007329412581880097,-0.04478520180042784
0.4,0.4,-0.08663615617459337,0.010808312760000001,0.0007395443325860999,-0.044332160841254846
0.4,0.41250000000000003,-0.08614157147477229,0.010773372093750002,0.0007461474069841901,-0.04387911988208184
0.4,0.42500000000000004,-0.0856469867749512,0.0107384314275,0.0007527504813822802,-0.04342607892290883
0.4,0.4375,-0.0851524020751301,0.010703490761250002,0.0007593535557803704,-0.04297303796373584
0.4,0.45,-0.08465781737530902,0.010668550095,0.0007659566301784606,-0.04251999700456283
0.4,0.4625,-0.0841632326754879,0.010633609428750001,0.0007725597045765508,-0.042066956045389826
0.4,0.47500000000000003,-0.08366864797566682,0.010598668762500001,0.000779162778974641,-0.041613915086216834
0.4,0.48750000000000004,-0.08317406327584573,0.010563728096249999,0.0007857658533727312,-0.04116087412704383
0.4,0.5,-0.08267947857602465,0.010528787430000002,0.0007923689277708213,-0.040707833167870834
0.4,0.5125000000000001,-0.08218489387620354,0.01049384676375,0.0007989720021689115,-0.04025479220869783
0.4,0.525,-0.08169030917638245,0.010458906097500002,0.0008055750765670017,-0.03980175124952483
0.4,0.5375,-0.08119572447656138,0.010423965431250001,0.0008121781509650919,-0.03934871029035183
0.4,0.55,-0.08070113977674027,0.010389024765,0.0008187812253631821,-0.038895669331178814
0.4,0.5625,-0.08020655507691918,0.01035408409875,0.0008253842997612722,-0.03844262837200582
0.4,0.5750000000000001,-0.0797119703770981,0.0103191434325,0.0008319873741593625,-0.037989587412832815
0.4,0.5875,-0.079217385677277,0.010284202766250002,0.0008385904485574525,-0.037536546453659815
0.4,0.6000000000000001,-0.0787228009774559,0.0102492621,0.0008451935229555427,-0.03708350549448681
0.4,0.6125,-0.07822821627763482,0.010214321433750001,0.000851796597353633,-0.03663046453531381
0.4,0.625,-0.07773363157781374,0.010179380767500003,0.0008583996717517231,-0.036177423576140816
0.4,0.6375000000000001,-0.07723904687799261,0.01014444010125,0.0008650027461498134,-0.0357243826169678
0.4,0.65,-0.07674446217817153,0.010109499435,0.0008716058205479034,-0.0352713416577948
0.4,0.6625000000000001,-0.07624987747835045,0.01007455876875,0.0008782088949459937,-0.0348183006986218
0.4,0.675,-0.07575529277852935,0.010039618102500003,0.0008848119693440838,-0.0343652597394488
0.4,0.6875,-0.07526070807870827,0.010004677436250001,0.000891415043742174,-0.0339122187802758
0.4,0.7000000000000001,-0.07476612337888716,0.00996973677,0.0008980181181402643,-0.0334591778211028
0.4,0.7125,-0.07427153867906608,0.00993479610375,0.0009046211925383543,-0.0330061368619298
0.4,0.7250000000000001,-0.073776953979245,0.009899855437500002,0.0009112242669364446,-0.03255309590275679
0.4,0.7375,-0.0732823692794239,0.009864914771250002,0.0009178273413345347,-0.03210005494358379
0.4,0.75,-0.0727877845796028,0.009829974105000002,0.0009244304157326249,-0.0316470139844108
0.4,0.7625000000000001,-0.07229319987978171,0.009795033438750001,0.0009310334901307151,-0.031193973025237784
0.4,0.775,-0.07179861517996063,0.009760092772500003,0.0009376365645288052,-0.030740932066064784
0.4,0.7875000000000001,-0.0713040304801395,0.009725152106250001,0.0009442396389268955,-0.030287891106891777
0.4,0.8,-0.07080944578031843,0.00969021144,0.0009508427133249856,-0.029834850147718785
0.4,0.8125,-0.07031486108049734,0.009655270773750002,0.0009574457877230758,-0.029381809188545778
0.4,0.8250000000000001,-0.06982027638067625,0.009620330107500002,0.000964048862121166,-0.028928768229372778
0.4,0.8375,-0.06932569168085514,0.00958538944125,0.000970651936519256,-0.02847572727019978
0.4,0.8500000000000001,-0.06883110698103406,0.009550448775000001,0.0009772550109173462,-0.028022686311026772
0.4,0.8625,-0.06833652228121298,0.009515508108750001,0.0009838580853154366,-0.027569645351853772
0.4,0.875,-0.06784193758139188,0.009480567442500002,0.0009904611597135267,-0.027116604392680772
0.4,0.8875000000000001,-0.06734735288157079,0.00944562677625,0.000997064234111617,-0.026663563433507773
0.4,0.9,-0.0668527681817497,0.00941068611,0.001003667308509707,-0.026210522474334773
0.4,0.9125000000000001,-0.0663581834819286,0.009375745443750002,0.0010102703829077972,-0.025757481515161766
0.4,0.925,-0.06586359878210751,0.009340804777500001,0.0010168734573058873,-0.02530444055598876
0.4,0.9375,-0.06536901408228643,0.009305864111250003,0.0010234765317039774,-0.02485139959681576
0.4,0.9500000000000001,-0.06487442938246532,0.009270923445,0.0010300796061020678,-0.02439835863764276
0.4,0.9625,-0.06437984468264424,0.00923598277875,0.0010366826805001579,-0.02394531767846976
0.4,0.9750000000000001,-0.06388525998282314,0.009201042112500002,0.0010432857548982482,-0.023492276719296754
0.4,0.9875,-0.06339067528300205,0.009166101446250002,0.0010498888292963383,-0.023039235760123754
0.4,1.0,-0.06289609058318096,0.009131160780000003,0.0010564919036944284,-0.022586194800950754
0.41250000000000003,0.0,-0.10128735187882702,0.011677947120000002,0.0005282459518472142,-0.0587643374097909
0.41250000000000003,0.0125,-0.10079147165494728,0.011643734384296873,0.0005348490262453043,-0.05830927299601237
0.41250000000000003,0.025,-0.10029559143106753,0.01160952164859375,0.0005414521006433945,-0.057854208582233856
0.41250000000000003,0.037500000000000006,-0.09979971120718782,0.011575308912890625,0.0005480551750414848,-0.05739914416845534
0.41250000000000003,0.05,-0.0993038309833081,0.011541096177187498,0.000554658249439575,-0.056944079754676816
0.41250000000000003,0.0625,-0.09880795075942836,0.011506883441484374,0.0005612613238376651,-0.056489015340898306
0.41250000000000003,0.07500000000000001,-0.09831207053554862,0.01147267070578125,0.0005678643982357553,-0.05603395092711979
0.41250000000000003,0.08750000000000001,-0.0978161903116689,0.011438457970078126,0.0005744674726338454,-0.05557888651334127
0.41250000000000003,0.1,-0.09732031008778913,0.011404245234374999,0.0005810705470319356,-0.05512382209956274
0.41250000000000003,0.1125,-0.09682442986390939,0.011370032498671875,0.0005876736214300259,-0.054668757685784226
0.41250000000000003,0.125,-0.09632854964002968,0.011335819762968751,0.000594276695828116,-0.05421369327200571
0.41250000000000003,0.1375,-0.09583266941614996,0.011301607027265624,0.0006008797702262062,-0.053758628858227187
0.41250000000000003,0.15000000000000002,-0.0953367891922702,0.011267394291562498,0.0006074828446242963,-0.05330356444444867
0.41250000000000003,0.1625,-0.0948409089683905,0.011233181555859376,0.0006140859190223866,-0.05284850003067016
0.41250000000000003,0.17500000000000002,-0.09434502874451076,0.011198968820156247,0.0006206889934204767,-0.05239343561689163
0.41250000000000003,0.1875,-0.093849148520631,0.011164756084453126,0.0006272920678185668,-0.051938371203113114
0.41250000000000003,0.2,-0.09335326829675128,0.011130543348749999,0.0006338951422166571,-0.051483306789334604
0.41250000000000003,0.21250000000000002,-0.09285738807287156,0.011096330613046875,0.0006404982166147472,-0.05102824237555608
0.41250000000000003,0.225,-0.09236150784899182,0.01106211787734375,0.0006471012910128375,-0.05057317796177756
0.41250000000000003,0.23750000000000002,-0.09186562762511206,0.011027905141640624,0.0006537043654109276,-0.050118113547999034
0.41250000000000003,0.25,-0.09136974740123235,0.010993692405937502,0.0006603074398090177,-0.04966304913422053
0.41250000000000003,0.2625,-0.09087386717735262,0.010959479670234374,0.0006669105142071079,-0.04920798472044201
0.41250000000000003,0.275,-0.09037798695347288,0.01092526693453125,0.000673513588605198,-0.048752920306663484
0.41250000000000003,0.28750000000000003,-0.08988210672959315,0.010891054198828127,0.0006801166630032884,-0.04829785589288497
0.41250000000000003,0.30000000000000004,-0.08938622650571341,0.010856841463125,0.0006867197374013785,-0.04784279147910645
0.41250000000000003,0.3125,-0.08889034628183368,0.010822628727421875,0.0006933228117994687,-0.047387727065327935
0.41250000000000003,0.325,-0.08839446605795392,0.01078841599171875,0.0006999258861975588,-0.04693266265154941
0.41250000000000003,0.3375,-0.08789858583407421,0.010754203256015624,0.0007065289605956489,-0.046477598237770895
0.41250000000000003,0.35000000000000003,-0.08740270561019448,0.0107199905203125,0.0007131320349937392,-0.046022533823992386
0.41250000000000003,0.36250000000000004,-0.08690682538631474,0.010685777784609374,0.0007197351093918294,-0.045567469410213855
0.41250000000000003,0.375,-0.08641094516243501,0.01065156504890625,0.0007263381837899196,-0.04511240499643534
0.41250000000000003,0.3875,-0.08591506493855527,0.010617352313203125,0.0007329412581880097,-0.04465734058265682
0.41250000000000003,0.4,-0.08541918471467555,0.010583139577500001,0.0007395443325860999,-0.044202276168878306
0.41250000000000003,0.41250000000000003,-0.08492330449079581,0.010548926841796875,0.0007461474069841901,-0.04374721175509978
0.41250000000000003,0.42500000000000004,-0.08442742426691607,0.01051471410609375,0.0007527504813822802,-0.04329214734132126
0.41250000000000003,0.4375,-0.08393154404303635,0.010480501370390626,0.0007593535557803704,-0.04283708292754275
0.41250000000000003,0.45,-0.0834356638191566,0.0104462886346875,0.0007659566301784606,-0.04238201851376423
0.41250000000000003,0.4625,-0.08293978359527687,0.010412075898984375,0.0007725597045765508,-0.04192695409998571
0.41250000000000003,0.47500000000000003,-0.08244390337139715,0.01037786316328125,0.000779162778974641,-0.0414718896862072
0.41250000000000003,0.48750000000000004,-0.08194802314751741,0.010343650427578123,0.0007857658533727312,-0.04101682527242868
0.41250000000000003,0.5,-0.08145214292363769,0.010309437691875001,0.0007923689277708213,-0.04056176085865016
0.41250000000000003,0.5125000000000001,-0.08095626269975795,0.010275224956171874,0.0007989720021689115,-0.04010669644487164
0.41250000000000003,0.525,-0.0804603824758782,0.01024101222046875,0.0008055750765670017,-0.03965163203109312
0.41250000000000003,0.5375,-0.07996450225199847,0.010206799484765626,0.0008121781509650919,-0.039196567617314604
0.41250000000000003,0.55,-0.07946862202811873,0.010172586749062499,0.0008187812253631821,-0.03874150320353608
0.41250000000000003,0.5625,-0.07897274180423901,0.010138374013359376,0.0008253842997612722,-0.03828643878975757
0.41250000000000003,0.5750000000000001,-0.07847686158035927,0.01010416127765625,0.0008319873741593625,-0.03783137437597905
0.41250000000000003,0.5875,-0.07798098135647955,0.010069948541953125,0.0008385904485574525,-0.037376309962200524
0.41250000000000003,0.6000000000000001,-0.07748510113259982,0.010035735806250001,0.0008451935229555427,-0.036921245548422
0.41250000000000003,0.6125,-0.07698922090872007,0.010001523070546876,0.000851796597353633,-0.036466181134643484
0.41250000000000003,0.625,-0.07649334068484036,0.009967310334843752,0.0008583996717517231,-0.036011116720864975
0.41250000000000003,0.6375000000000001,-0.07599746046096059,0.009933097599140626,0.0008650027461498134,-0.035556052307086444
0.41250000000000003,0.65,-0.07550158023708087,0.009898884863437499,0.0008716058205479034,-0.035100987893307935
0.41250000000000003,0.6625000000000001,-0.07500570001320113,0.009864672127734377,0.0008782088949459937,-0.03464592347952941
0.41250000000000003,0.675,-0.07450981978932139,0.009830459392031251,0.0008848119693440838,-0.034190859065750895
0.41250000000000003,0.6875,-0.07401393956544167,0.009796246656328127,0.000891415043742174,-0.033735794651972385
0.41250000000000003,0.7000000000000001,-0.07351805934156193,0.009762033920625,0.0008980181181402643,-0.03328073023819386
0.41250000000000003,0.7125,-0.07302217911768222,0.009727821184921876,0.0009046211925383543,-0.032825665824415345
0.41250000000000003,0.7250000000000001,-0.07252629889380247,0.00969360844921875,0.0009112242669364446,-0.03237060141063682
0.41250000000000003,0.7375,-0.07203041866992273,0.009659395713515626,0.0009178273413345347,-0.031915536996858306
0.41250000000000003,0.75,-0.071534538446043,0.0096251829778125,0.0009244304157326249,-0.03146047258307979
0.41250000000000003,0.7625000000000001,-0.07103865822216326,0.009590970242109375,0.0009310334901307151,-0.03100540816930127
0.41250000000000003,0.775,-0.07054277799828353,0.00955675750640625,0.0009376365645288052,-0.030550343755522753
0.41250000000000003,0.7875000000000001,-0.07004689777440379,0.009522544770703125,0.0009442396389268955,-0.03009527934174423
0.41250000000000003,0.8,-0.06955101755052406,0.009488332035,0.0009508427133249856,-0.02964021492796572
0.41250000000000003,0.8125,-0.06905513732664433,0.009454119299296876,0.0009574457877230758,-0.029185150514187196
0.41250000000000003,0.8250000000000001,-0.0685592571027646,0.00941990656359375,0.000964048862121166,-0.028730086100408676
0.41250000000000003,0.8375,-0.06806337687888486,0.009385693827890625,0.000970651936519256,-0.028275021686630163
0.41250000000000003,0.8500000000000001,-0.06756749665500512,0.0093514810921875,0.0009772550109173462,-0.02781995727285164
0.41250000000000003,0.8625,-0.0670716164311254,0.009317268356484375,0.0009838580853154366,-0.02736489285907312
0.41250000000000003,0.875,-0.06657573620724566,0.009283055620781251,0.0009904611597135267,-0.026909828445294603
0.41250000000000003,0.8875000000000001,-0.06607985598336592,0.009248842885078124,0.000997064234111617,-0.026454764031516084
0.41250000000000003,0.9,-0.06558397575948618,0.009214630149375,0.001003667308509707,-0.025999699617737567
0.41250000000000003,0.9125000000000001,-0.06508809553560646,0.009180417413671876,0.0010102703829077972,-0.025544635203959047
0.41250000000000003,0.925,-0.06459221531172674,0.00914620467796875,0.0010168734573058873,-0.02508957079018053
0.41250000000000003,0.9375,-0.064096335087847,0.009111991942265626,0.0010234765317039774,-0.02463450637640201
0.41250000000000003,0.9500000000000001,-0.06360045486396726,0.0090777792065625,0.0010300796061020678,-0.024179441962623494
0.41250000000000003,0.9625,-0.06310457464008751,0.009043566470859373,0.0010366826805001579,-0.023724377548844974
0.41250000000000003,0.9750000000000001,-0.0626086944162078,0.009009353735156251,0.0010432857548982482,-0.023269313135066454
0.41250000000000003,0.9875,-0.062112814192328045,0.008975140999453126,0.0010498888292963383,-0.022814248721287934
0.41250000000000003,1.0,-0.06161693396844835,0.008940928263750002,0.0010564919036944284,-0.02235918430750942
0.42500000000000004,0.0,-0.1001118371887857,0.011429480160000003,0.0005282459518472142,-0.058699203284790905
0.42500000000000004,0.0125,-0.09961466144084734,0.01139599535484375,0.0005348490262453043,-0.058242115416406864
0.42500000000000004,0.025,-0.09911748569290896,0.0113625105496875,0.0005414521006433945,-0.057785027548022824
0.42500000000000004,0.037500000000000006,-0.09862030994497059,0.01132902574453125,0.0005480551750414848,-0.0573279396796388
0.42500000000000004,0.05,-0.0981231341970322,0.011295540939374998,0.000554658249439575,-0.05687085181125476
0.42500000000000004,0.0625,-0.09762595844909386,0.011262056134218752,0.0005612613238376651,-0.056413763942870725
0.42500000000000004,0.07500000000000001,-0.09712878270115546,0.011228571329062501,0.0005678643982357553,-0.05595667607448669
0.42500000000000004,0.08750000000000001,-0.09663160695321708,0.011195086523906252,0.0005744674726338454,-0.05549958820610266
0.42500000000000004,0.1,-0.09613443120527869,0.01116160171875,0.0005810705470319356,-0.05504250033771861
0.42500000000000004,0.1125,-0.09563725545734034,0.011128116913593748,0.0005876736214300259,-0.05458541246933458
0.42500000000000004,0.125,-0.09514007970940196,0.011094632108437502,0.000594276695828116,-0.05412832460095055
0.42500000000000004,0.1375,-0.09464290396146358,0.01106114730328125,0.0006008797702262062,-0.053671236732566505
0.42500000000000004,0.15000000000000002,-0.09414572821352521,0.011027662498125002,0.0006074828446242963,-0.05321414886418248
0.42500000000000004,0.1625,-0.09364855246558683,0.01099417769296875,0.0006140859190223866,-0.05275706099579844
0.42500000000000004,0.17500000000000002,-0.09315137671764845,0.010960692887812498,0.0006206889934204767,-0.05229997312741441
0.42500000000000004,0.1875,-0.09265420096971005,0.010927208082656252,0.0006272920678185668,-0.05184288525903037
0.42500000000000004,0.2,-0.09215702522177172,0.0108937232775,0.0006338951422166571,-0.05138579739064634
0.42500000000000004,0.21250000000000002,-0.09165984947383332,0.01086023847234375,0.0006404982166147472,-0.0509287095222623
0.42500000000000004,0.225,-0.09116267372589495,0.0108267536671875,0.0006471012910128375,-0.050471621653878265
0.42500000000000004,0.23750000000000002,-0.09066549797795657,0.010793268862031248,0.0006537043654109276,-0.050014533785494225
0.42500000000000004,0.25,-0.0901683222300182,0.010759784056875001,0.0006603074398090177,-0.0495574459171102
0.42500000000000004,0.2625,-0.08967114648207983,0.01072629925171875,0.0006669105142071079,-0.04910035804872616
0.42500000000000004,0.275,-0.08917397073414145,0.010692814446562499,0.000673513588605198,-0.04864327018034212
0.42500000000000004,0.28750000000000003,-0.08867679498620307,0.01065932964140625,0.0006801166630032884,-0.04818618231195809
0.42500000000000004,0.30000000000000004,-0.08817961923826467,0.01062584483625,0.0006867197374013785,-0.04772909444357405
0.42500000000000004,0.3125,-0.08768244349032633,0.010592360031093751,0.0006933228117994687,-0.047272006575190026
0.42500000000000004,0.325,-0.08718526774238794,0.0105588752259375,0.0006999258861975588,-0.04681491870680598
0.42500000000000004,0.3375,-0.08668809199444957,0.010525390420781251,0.0007065289605956489,-0.046357830838421946
0.42500000000000004,0.35000000000000003,-0.0861909162465112,0.010491905615625002,0.0007131320349937392,-0.04590074297003792
0.42500000000000004,0.36250000000000004,-0.08569374049857283,0.010458420810468749,0.0007197351093918294,-0.04544365510165388
0.42500000000000004,0.375,-0.08519656475063445,0.010424936005312501,0.0007263381837899196,-0.044986567233269846
0.42500000000000004,0.3875,-0.08469938900269605,0.01039145120015625,0.0007329412581880097,-0.044529479364885806
0.42500000000000004,0.4,-0.0842022132547577,0.010357966395000001,0.0007395443325860999,-0.04407239149650178
0.42500000000000004,0.41250000000000003,-0.0837050375068193,0.010324481589843752,0.0007461474069841901,-0.04361530362811773
0.42500000000000004,0.42500000000000004,-0.08320786175888092,0.0102909967846875,0.0007527504813822802,-0.0431582157597337
0.42500000000000004,0.4375,-0.08271068601094259,0.010257511979531252,0.0007593535557803704,-0.042701127891349666
0.42500000000000004,0.45,-0.08221351026300419,0.010224027174375,0.0007659566301784606,-0.04224404002296564
0.42500000000000004,0.4625,-0.08171633451506581,0.010190542369218751,0.0007725597045765508,-0.04178695215458159
0.42500000000000004,0.47500000000000003,-0.08121915876712746,0.0101570575640625,0.000779162778974641,-0.041329864286197567
0.42500000000000004,0.48750000000000004,-0.08072198301918906,0.01012357275890625,0.0007857658533727312,-0.040872776417813526
0.42500000000000004,0.5,-0.08022480727125073,0.010090087953750002,0.0007923689277708213,-0.0404156885494295
0.42500000000000004,0.5125000000000001,-0.0797276315233123,0.01005660314859375,0.0007989720021689115,-0.03995860068104545
0.42500000000000004,0.525,-0.07923045577537395,0.0100231183434375,0.0008055750765670017,-0.03950151281266143
0.42500000000000004,0.5375,-0.07873328002743556,0.00998963353828125,0.0008121781509650919,-0.03904442494427739
0.42500000000000004,0.55,-0.0782361042794972,0.009956148733124998,0.0008187812253631821,-0.03858733707589335
0.42500000000000004,0.5625,-0.07773892853155882,0.00992266392796875,0.0008253842997612722,-0.03813024920750932
0.42500000000000004,0.5750000000000001,-0.07724175278362043,0.0098891791228125,0.0008319873741593625,-0.03767316133912528
0.42500000000000004,0.5875,-0.07674457703568205,0.00985569431765625,0.0008385904485574525,-0.03721607347074124
0.42500000000000004,0.6000000000000001,-0.07624740128774368,0.0098222095125,0.0008451935229555427,-0.036758985602357214
0.42500000000000004,0.6125,-0.07575022553980532,0.009788724707343752,0.000851796597353633,-0.036301897733973174
0.42500000000000004,0.625,-0.07525304979186695,0.0097552399021875,0.0008583996717517231,-0.03584480986558915
0.42500000000000004,0.6375000000000001,-0.07475587404392857,0.00972175509703125,0.0008650027461498134,-0.0353877219972051
0.42500000000000004,0.65,-0.07425869829599017,0.009688270291875,0.0008716058205479034,-0.03493063412882107
0.42500000000000004,0.6625000000000001,-0.07376152254805181,0.00965478548671875,0.0008782088949459937,-0.034473546260437034
0.42500000000000004,0.675,-0.07326434680011344,0.0096213006815625,0.0008848119693440838,-0.03401645839205301
0.42500000000000004,0.6875,-0.07276717105217508,0.009587815876406251,0.000891415043742174,-0.03355937052366897
0.42500000000000004,0.7000000000000001,-0.07226999530423668,0.00955433107125,0.0008980181181402643,-0.03310228265528493
0.42500000000000004,0.7125,-0.0717728195562983,0.009520846266093749,0.0009046211925383543,-0.0326451947869009
0.42500000000000004,0.7250000000000001,-0.07127564380835993,0.009487361460937501,0.0009112242669364446,-0.03218810691851686
0.42500000000000004,0.7375,-0.07077846806042157,0.00945387665578125,0.0009178273413345347,-0.03173101905013283
0.42500000000000004,0.75,-0.0702812923124832,0.009420391850625001,0.0009244304157326249,-0.031273931181748794
0.42500000000000004,0.7625000000000001,-0.06978411656454482,0.00938690704546875,0.0009310334901307151,-0.030816843313364758
0.42500000000000004,0.775,-0.06928694081660644,0.009353422240312501,0.0009376365645288052,-0.03035975544498072
0.42500000000000004,0.7875000000000001,-0.06878976506866805,0.00931993743515625,0.0009442396389268955,-0.02990266757659668
0.42500000000000004,0.8,-0.0682925893207297,0.00928645263,0.0009508427133249856,-0.029445579708212655
0.42500000000000004,0.8125,-0.0677954135727913,0.009252967824843751,0.0009574457877230758,-0.028988491839828615
0.42500000000000004,0.8250000000000001,-0.06729823782485295,0.0092194830196875,0.000964048862121166,-0.028531403971444578
0.42500000000000004,0.8375,-0.06680106207691457,0.009185998214531251,0.000970651936519256,-0.028074316103060548
0.42500000000000004,0.8500000000000001,-0.06630388632897619,0.009152513409375002,0.0009772550109173462,-0.027617228234676508
0.42500000000000004,0.8625,-0.06580671058103779,0.009119028604218751,0.0009838580853154366,-0.027160140366292475
0.42500000000000004,0.875,-0.06530953483309944,0.009085543799062502,0.0009904611597135267,-0.02670305249790844
0.42500000000000004,0.8875000000000001,-0.06481235908516106,0.00905205899390625,0.000997064234111617,-0.02624596462952441
0.42500000000000004,0.9,-0.06431518333722269,0.00901857418875,0.001003667308509707,-0.025788876761140375
0.42500000000000004,0.9125000000000001,-0.06381800758928433,0.00898508938359375,0.0010102703829077972,-0.025331788892756335
0.42500000000000004,0.925,-0.06332083184134595,0.008951604578437501,0.0010168734573058873,-0.0248747010243723
0.42500000000000004,0.9375,-0.06282365609340755,0.008918119773281252,0.0010234765317039774,-0.024417613155988265
0.42500000000000004,0.9500000000000001,-0.06232648034546918,0.008884634968125001,0.0010300796061020678,-0.02396052528760423
0.42500000000000004,0.9625,-0.061829304597530804,0.00885115016296875,0.0010366826805001579,-0.023503437419220195
0.42500000000000004,0.9750000000000001,-0.061332128849592424,0.0088176653578125,0.0010432857548982482,-0.02304634955083616
0.42500000000000004,0.9875,-0.060834953101654064,0.00878418055265625,0.0010498888292963383,-0.022589261682452122
0.42500000000000004,1.0,-0.06033777735371569,0.008750695747500002,0.0010564919036944284,-0.022132173814068092
0.4375,0.0,-0.0989363224987444,0.011181013200000003,0.0005282459518472142,-0.05863406915979091
0.4375,0.0125,-0.09843785122674738,0.011148256325390628,0.0005348490262453043,-0.05817495783680134
0.4375,0.025,-0.09793937995475034,0.011115499450781252,0.0005414521006433945,-0.05771584651381179
0.4375,0.037500000000000006,-0.09744090868275333,0.011082742576171879,0.0005480551750414848,-0.05725673519082224
0.4375,0.05,-0.09694243741075631,0.0110499857015625,0.000554658249439575,-0.056797623867832686
0.4375,0.0625,-0.0964439661387593,0.011017228826953128,0.0005612613238376651,-0.05633851254484314
0.4375,0.07500000000000001,-0.0959454948667623,0.010984471952343753,0.0005678643982357553,-0.05587940122185359
0.4375,0.08750000000000001,-0.09544702359476528,0.010951715077734379,0.0005744674726338454,-0.05542028989886404
0.4375,0.1,-0.09494855232276825,0.010918958203125002,0.0005810705470319356,-0.05496117857587448
0.4375,0.1125,-0.09445008105077124,0.010886201328515628,0.0005876736214300259,-0.05450206725288493
0.4375,0.125,-0.09395160977877422,0.010853444453906255,0.000594276695828116,-0.05404295592989538
0.4375,0.1375,-0.09345313850677718,0.010820687579296877,0.0006008797702262062,-0.05358384460690582
0.4375,0.15000000000000002,-0.09295466723478019,0.0107879307046875,0.0006074828446242963,-0.05312473328391628
0.4375,0.1625,-0.09245619596278316,0.010755173830078128,0.0006140859190223866,-0.05266562196092673
0.4375,0.17500000000000002,-0.09195772469078616,0.010722416955468753,0.0006206889934204767,-0.05220651063793718
0.4375,0.1875,-0.09145925341878913,0.010689660080859378,0.0006272920678185668,-0.051747399314947616
0.4375,0.2,-0.09096078214679212,0.010656903206250004,0.0006338951422166571,-0.05128828799195808
0.4375,0.21250000000000002,-0.09046231087479512,0.010624146331640627,0.0006404982166147472,-0.050829176668968516
0.4375,0.225,-0.08996383960279808,0.010591389457031255,0.0006471012910128375,-0.050370065345978966
0.4375,0.23750000000000002,-0.08946536833080104,0.010558632582421876,0.0006537043654109276,-0.04991095402298941
0.4375,0.25,-0.08896689705880406,0.010525875707812504,0.0006603074398090177,-0.049451842699999866
0.4375,0.2625,-0.08846842578680703,0.010493118833203127,0.0006669105142071079,-0.048992731377010316
0.4375,0.275,-0.08796995451481002,0.010460361958593751,0.000673513588605198,-0.04853362005402076
0.4375,0.28750000000000003,-0.087471483242813,0.010427605083984378,0.0006801166630032884,-0.04807450873103121
0.4375,0.30000000000000004,-0.08697301197081599,0.010394848209375002,0.0006867197374013785,-0.04761539740804165
0.4375,0.3125,-0.08647454069881896,0.010362091334765629,0.0006933228117994687,-0.04715628608505211
0.4375,0.325,-0.08597606942682194,0.010329334460156252,0.0006999258861975588,-0.04669717476206255
0.4375,0.3375,-0.08547759815482493,0.010296577585546878,0.0007065289605956489,-0.046238063439073
0.4375,0.35000000000000003,-0.08497912688282792,0.010263820710937503,0.0007131320349937392,-0.04577895211608345
0.4375,0.36250000000000004,-0.0844806556108309,0.010231063836328127,0.0007197351093918294,-0.0453198407930939
0.4375,0.375,-0.08398218433883388,0.010198306961718754,0.0007263381837899196,-0.04486072947010435
0.4375,0.3875,-0.08348371306683686,0.010165550087109378,0.0007329412581880097,-0.04440161814711479
0.4375,0.4,-0.08298524179483985,0.010132793212500003,0.0007395443325860999,-0.04394250682412525
0.4375,0.41250000000000003,-0.08248677052284284,0.010100036337890628,0.0007461474069841901,-0.04348339550113569
0.4375,0.42500000000000004,-0.0819882992508458,0.010067279463281252,0.0007527504813822802,-0.04302428417814613
0.4375,0.4375,-0.0814898279788488,0.01003452258867188,0.0007593535557803704,-0.04256517285515659
0.4375,0.45,-0.08099135670685179,0.010001765714062501,0.0007659566301784606,-0.04210606153216704
0.4375,0.4625,-0.08049288543485475,0.009969008839453128,0.0007725597045765508,-0.041646950209177476
0.4375,0.47500000000000003,-0.07999441416285775,0.009936251964843752,0.000779162778974641,-0.04118783888618793
0.4375,0.48750000000000004,-0.07949594289086072,0.009903495090234377,0.0007857658533727312,-0.040728727563198376
0.4375,0.5,-0.07899747161886371,0.009870738215625004,0.0007923689277708213,-0.04026961624020883
0.4375,0.5125000000000001,-0.0784990003468667,0.009837981341015626,0.0007989720021689115,-0.039810504917219276
0.4375,0.525,-0.07800052907486968,0.009805224466406253,0.0008055750765670017,-0.039351393594229726
0.4375,0.5375,-0.07750205780287267,0.009772467591796877,0.0008121781509650919,-0.038892282271240176
0.4375,0.55,-0.07700358653087565,0.009739710717187502,0.0008187812253631821,-0.03843317094825062
0.4375,0.5625,-0.07650511525887863,0.009706953842578128,0.0008253842997612722,-0.03797405962526108
0.4375,0.5750000000000001,-0.07600664398688162,0.009674196967968752,0.0008319873741593625,-0.03751494830227151
0.4375,0.5875,-0.07550817271488458,0.009641440093359377,0.0008385904485574525,-0.03705583697928196
0.4375,0.6000000000000001,-0.07500970144288757,0.009608683218750002,0.0008451935229555427,-0.03659672565629241
0.4375,0.6125,-0.07451123017089055,0.00957592634414063,0.000851796597353633,-0.03613761433330286
0.4375,0.625,-0.07401275889889354,0.009543169469531253,0.0008583996717517231,-0.03567850301031331
0.4375,0.6375000000000001,-0.0735142876268965,0.009510412594921877,0.0008650027461498134,-0.03521939168732375
0.4375,0.65,-0.0730158163548995,0.009477655720312502,0.0008716058205479034,-0.034760280364334206
0.4375,0.6625000000000001,-0.07251734508290249,0.009444898845703128,0.0008782088949459937,-0.03430116904134465
0.4375,0.675,-0.07201887381090548,0.009412141971093753,0.0008848119693440838,-0.033842057718355106
0.4375,0.6875,-0.07152040253890847,0.009379385096484378,0.000891415043742174,-0.033382946395365556
0.4375,0.7000000000000001,-0.07102193126691143,0.009346628221875004,0.0008980181181402643,-0.03292383507237599
0.4375,0.7125,-0.07052345999491441,0.009313871347265627,0.0009046211925383543,-0.03246472374938645
0.4375,0.7250000000000001,-0.07002498872291742,0.009281114472656253,0.0009112242669364446,-0.03200561242639689
0.4375,0.7375,-0.0695265174509204,0.009248357598046878,0.0009178273413345347,-0.03154650110340734
0.4375,0.75,-0.06902804617892339,0.009215600723437503,0.0009244304157326249,-0.0310873897804178
0.4375,0.7625000000000001,-0.06852957490692635,0.009182843848828127,0.0009310334901307151,-0.030628278457428243
0.4375,0.775,-0.06803110363492934,0.00915008697421875,0.0009376365645288052,-0.030169167134438686
0.4375,0.7875000000000001,-0.0675326323629323,0.009117330099609378,0.0009442396389268955,-0.029710055811449133
0.4375,0.8,-0.06703416109093531,0.009084573225000003,0.0009508427133249856,-0.029250944488459586
0.4375,0.8125,-0.06653568981893827,0.009051816350390629,0.0009574457877230758,-0.028791833165470036
0.4375,0.8250000000000001,-0.06603721854694126,0.009019059475781252,0.000964048862121166,-0.02833272184248048
0.4375,0.8375,-0.06553874727494426,0.008986302601171878,0.000970651936519256,-0.027873610519490933
0.4375,0.8500000000000001,-0.06504027600294723,0.008953545726562503,0.0009772550109173462,-0.027414499196501376
0.4375,0.8625,-0.06454180473095021,0.008920788851953129,0.0009838580853154366,-0.026955387873511823
0.4375,0.875,-0.0640433334589532,0.008888031977343752,0.0009904611597135267,-0.02649627655052228
0.4375,0.8875000000000001,-0.06354486218695618,0.008855275102734376,0.000997064234111617,-0.026037165227532723
0.4375,0.9,-0.06304639091495919,0.008822518228125001,0.001003667308509707,-0.025578053904543176
0.4375,0.9125000000000001,-0.06254791964296215,0.008789761353515628,0.0010102703829077972,-0.02511894258155362
0.4375,0.925,-0.06204944837096512,0.008757004478906254,0.0010168734573058873,-0.024659831258564066
0.4375,0.9375,-0.061550977098968125,0.008724247604296877,0.0010234765317039774,-0.024200719935574516
0.4375,0.9500000000000001,-0.0610525058269711,0.008691490729687501,0.0010300796061020678,-0.023741608612584963
0.4375,0.9625,-0.06055403455497408,0.008658733855078126,0.0010366826805001579,-0.023282497289595413
0.4375,0.9750000000000001,-0.060055563282977065,0.008625976980468752,0.0010432857548982482,-0.02282338596660586
0.4375,0.9875,-0.05955709201098004,0.008593220105859377,0.0010498888292963383,-0.02236427464361631
0.4375,1.0,-0.059058620738983034,0.008560463231250003,0.0010564919036944284,-0.021905163320626763
0.45,0.0,-0.09776080780870308,0.010932546240000004,0.0005282459518472142,-0.05856893503479091
0.45,0.0125,-0.09726104101264743,0.010900517295937504,0.0005348490262453043,-0.058107800257195835
0.45,0.025,-0.09676127421659177,0.010868488351875002,0.0005414521006433945,-0.05764666547960076
0.45,0.037500000000000006,-0.0962615074205361,0.010836459407812504,0.0005480551750414848,-0.05718553070200569
0.45,0.05,-0.09576174062448045,0.010804430463750002,0.000554658249439575,-0.05672439592441063
0.45,0.0625,-0.09526197382842479,0.010772401519687504,0.0005612613238376651,-0.05626326114681557
0.45,0.07500000000000001,-0.09476220703236915,0.010740372575625004,0.0005678643982357553,-0.055802126369220495
0.45,0.08750000000000001,-0.0942624402363135,0.010708343631562502,0.0005744674726338454,-0.05534099159162542
0.45,0.1,-0.09376267344025781,0.010676314687500002,0.0005810705470319356,-0.05487985681403035
0.45,0.1125,-0.09326290664420214,0.010644285743437502,0.0005876736214300259,-0.05441872203643529
0.45,0.125,-0.0927631398481465,0.010612256799375004,0.000594276695828116,-0.053957587258840214
0.45,0.1375,-0.09226337305209084,0.010580227855312504,0.0006008797702262062,-0.05349645248124514
0.45,0.15000000000000002,-0.09176360625603518,0.010548198911250002,0.0006074828446242963,-0.05303531770365008
0.45,0.1625,-0.09126383945997953,0.010516169967187504,0.0006140859190223866,-0.05257418292605501
0.45,0.17500000000000002,-0.09076407266392386,0.010484141023125003,0.0006206889934204767,-0.052113048148459934
0.45,0.1875,-0.09026430586786821,0.010452112079062504,0.0006272920678185668,-0.051651913370864874
0.45,0.2,-0.08976453907181256,0.010420083135000004,0.0006338951422166571,-0.051190778593269815
0.45,0.21250000000000002,-0.0892647722757569,0.010388054190937503,0.0006404982166147472,-0.05072964381567474
0.45,0.225,-0.08876500547970123,0.010356025246875003,0.0006471012910128375,-0.05026850903807967
0.45,0.23750000000000002,-0.08826523868364557,0.010323996302812501,0.0006537043654109276,-0.049807374260484594
0.45,0.25,-0.0877654718875899,0.010291967358750004,0.0006603074398090177,-0.049346239482889534
0.45,0.2625,-0.08726570509153425,0.010259938414687503,0.0006669105142071079,-0.04888510470529446
0.45,0.275,-0.0867659382954786,0.010227909470625003,0.000673513588605198,-0.04842396992769939
0.45,0.28750000000000003,-0.08626617149942295,0.010195880526562503,0.0006801166630032884,-0.04796283515010433
0.45,0.30000000000000004,-0.08576640470336729,0.010163851582500001,0.0006867197374013785,-0.047501700372509253
0.45,0.3125,-0.08526663790731162,0.010131822638437505,0.0006933228117994687,-0.047040565594914194
0.45,0.325,-0.08476687111125596,0.010099793694375003,0.0006999258861975588,-0.04657943081731912
0.45,0.3375,-0.08426710431520029,0.010067764750312503,0.0007065289605956489,-0.04611829603972405
0.45,0.35000000000000003,-0.08376733751914466,0.010035735806250003,0.0007131320349937392,-0.04565716126212899
0.45,0.36250000000000004,-0.08326757072308899,0.010003706862187503,0.0007197351093918294,-0.04519602648453391
0.45,0.375,-0.08276780392703333,0.009971677918125003,0.0007263381837899196,-0.044734891706938854
0.45,0.3875,-0.08226803713097769,0.009939648974062503,0.0007329412581880097,-0.04427375692934378
0.45,0.4,-0.08176827033492202,0.009907620030000003,0.0007395443325860999,-0.04381262215174872
0.45,0.41250000000000003,-0.08126850353886636,0.009875591085937503,0.0007461474069841901,-0.04335148737415363
0.45,0.42500000000000004,-0.08076873674281067,0.009843562141875001,0.0007527504813822802,-0.04289035259655857
0.45,0.4375,-0.08026896994675504,0.009811533197812505,0.0007593535557803704,-0.04242921781896351
0.45,0.45,-0.07976920315069938,0.009779504253750003,0.0007659566301784606,-0.04196808304136844
0.45,0.4625,-0.07926943635464372,0.009747475309687503,0.0007725597045765508,-0.041506948263773366
0.45,0.47500000000000003,-0.07876966955858805,0.009715446365625003,0.000779162778974641,-0.041045813486178306
0.45,0.48750000000000004,-0.07826990276253241,0.009683417421562502,0.0007857658533727312,-0.04058467870858323
0.45,0.5,-0.07777013596647675,0.009651388477500003,0.0007923689277708213,-0.04012354393098817
0.45,0.5125000000000001,-0.07727036917042107,0.009619359533437503,0.0007989720021689115,-0.0396624091533931
0.45,0.525,-0.07677060237436542,0.009587330589375003,0.0008055750765670017,-0.039201274375798026
0.45,0.5375,-0.07627083557830977,0.009555301645312504,0.0008121781509650919,-0.038740139598202966
0.45,0.55,-0.0757710687822541,0.009523272701250002,0.0008187812253631821,-0.03827900482060789
0.45,0.5625,-0.07527130198619846,0.009491243757187504,0.0008253842997612722,-0.03781787004301283
0.45,0.5750000000000001,-0.07477153519014279,0.009459214813125002,0.0008319873741593625,-0.03735673526541776
0.45,0.5875,-0.07427176839408714,0.009427185869062504,0.0008385904485574525,-0.036895600487822686
0.45,0.6000000000000001,-0.07377200159803149,0.009395156925000004,0.0008451935229555427,-0.03643446571022761
0.45,0.6125,-0.07327223480197581,0.009363127980937504,0.000851796597353633,-0.03597333093263255
0.45,0.625,-0.07277246800592016,0.009331099036875004,0.0008583996717517231,-0.03551219615503748
0.45,0.6375000000000001,-0.07227270120986448,0.009299070092812502,0.0008650027461498134,-0.035051061377442405
0.45,0.65,-0.07177293441380884,0.009267041148750004,0.0008716058205479034,-0.034589926599847345
0.45,0.6625000000000001,-0.07127316761775318,0.009235012204687504,0.0008782088949459937,-0.03412879182225227
0.45,0.675,-0.07077340082169752,0.009202983260625002,0.0008848119693440838,-0.03366765704465721
0.45,0.6875,-0.07027363402564187,0.009170954316562502,0.000891415043742174,-0.03320652226706214
0.45,0.7000000000000001,-0.0697738672295862,0.009138925372500002,0.0008980181181402643,-0.032745387489467065
0.45,0.7125,-0.06927410043353055,0.009106896428437502,0.0009046211925383543,-0.032284252711872005
0.45,0.7250000000000001,-0.0687743336374749,0.009074867484375004,0.0009112242669364446,-0.03182311793427693
0.45,0.7375,-0.06827456684141922,0.009042838540312502,0.0009178273413345347,-0.031361983156681865
0.45,0.75,-0.06777480004536357,0.009010809596250004,0.0009244304157326249,-0.0309008483790868
0.45,0.7625000000000001,-0.06727503324930792,0.008978780652187502,0.0009310334901307151,-0.030439713601491728
0.45,0.775,-0.06677526645325224,0.008946751708125002,0.0009376365645288052,-0.029978578823896658
0.45,0.7875000000000001,-0.06627549965719659,0.008914722764062504,0.0009442396389268955,-0.029517444046301588
0.45,0.8,-0.06577573286114094,0.008882693820000002,0.0009508427133249856,-0.02905630926870652
0.45,0.8125,-0.06527596606508528,0.008850664875937502,0.0009574457877230758,-0.028595174491111455
0.45,0.8250000000000001,-0.06477619926902962,0.008818635931875003,0.000964048862121166,-0.02813403971351638
0.45,0.8375,-0.06427643247297396,0.008786606987812503,0.000970651936519256,-0.02767290493592132
0.45,0.8500000000000001,-0.0637766656769183,0.008754578043750003,0.0009772550109173462,-0.027211770158326244
0.45,0.8625,-0.06327689888086266,0.008722549099687503,0.0009838580853154366,-0.02675063538073118
0.45,0.875,-0.062777132084807,0.008690520155625003,0.0009904611597135267,-0.026289500603136114
0.45,0.8875000000000001,-0.06227736528875131,0.008658491211562501,0.000997064234111617,-0.02582836582554104
0.45,0.9,-0.061777598492695665,0.008626462267500003,0.001003667308509707,-0.025367231047945978
0.45,0.9125000000000001,-0.06127783169664001,0.008594433323437503,0.0010102703829077972,-0.024906096270350907
0.45,0.925,-0.06077806490058435,0.008562404379375003,0.0010168734573058873,-0.024444961492755837
0.45,0.9375,-0.06027829810452869,0.008530375435312503,0.0010234765317039774,-0.02398382671516077
0.45,0.9500000000000001,-0.05977853130847302,0.008498346491250003,0.0010300796061020678,-0.0235226919375657
0.45,0.9625,-0.059278764512417384,0.008466317547187503,0.0010366826805001579,-0.023061557159970634
0.45,0.9750000000000001,-0.05877899771636172,0.008434288603125003,0.0010432857548982482,-0.02260042238237556
0.45,0.9875,-0.058279230920306055,0.008402259659062503,0.0010498888292963383,-0.022139287604780494
0.45,1.0,-0.05777946412425041,0.008370230715000003,0.0010564919036944284,-0.02167815282718543
0.4625,0.0,-0.09658529311866176,0.010684079280000001,0.0005282459518472142,-0.058503800909790904
0.4625,0.0125,-0.09608423079854747,0.010652778266484378,0.0005348490262453043,-0.058040642677590314
0.4625,0.025,-0.09558316847843315,0.010621477252968753,0.0005414521006433945,-0.05757748444538972
0.4625,0.037500000000000006,-0.09508210615831887,0.010590176239453127,0.0005480551750414848,-0.05711432621318914
0.4625,0.05,-0.09458104383820455,0.0105588752259375,0.000554658249439575,-0.05665116798098856
0.4625,0.0625,-0.09407998151809027,0.010527574212421878,0.0005612613238376651,-0.05618800974878798
0.4625,0.07500000000000001,-0.09357891919797595,0.010496273198906253,0.0005678643982357553,-0.05572485151658739
0.4625,0.08750000000000001,-0.09307785687786166,0.010464972185390626,0.0005744674726338454,-0.055261693284386806
0.4625,0.1,-0.09257679455774737,0.010433671171875002,0.0005810705470319356,-0.05479853505218621
0.4625,0.1125,-0.09207573223763306,0.010402370158359375,0.0005876736214300259,-0.05433537681998563
0.4625,0.125,-0.09157466991751875,0.010371069144843752,0.000594276695828116,-0.05387221858778505
0.4625,0.1375,-0.09107360759740446,0.010339768131328126,0.0006008797702262062,-0.05340906035558446
0.4625,0.15000000000000002,-0.09057254527729015,0.010308467117812503,0.0006074828446242963,-0.052945902123383876
0.4625,0.1625,-0.09007148295717587,0.010277166104296877,0.0006140859190223866,-0.05248274389118329
0.4625,0.17500000000000002,-0.08957042063706155,0.01024586509078125,0.0006206889934204767,-0.05201958565898271
0.4625,0.1875,-0.08906935831694725,0.010214564077265627,0.0006272920678185668,-0.05155642742678211
0.4625,0.2,-0.08856829599683295,0.010183263063750003,0.0006338951422166571,-0.05109326919458154
0.4625,0.21250000000000002,-0.08806723367671866,0.010151962050234376,0.0006404982166147472,-0.05063011096238095
0.4625,0.225,-0.08756617135660438,0.010120661036718753,0.0006471012910128375,-0.05016695273018036
0.4625,0.23750000000000002,-0.08706510903649006,0.010089360023203126,0.0006537043654109276,-0.04970379449797978
0.4625,0.25,-0.08656404671637577,0.010058059009687502,0.0006603074398090177,-0.0492406362657792
0.4625,0.2625,-0.08606298439626146,0.010026757996171877,0.0006669105142071079,-0.04877747803357861
0.4625,0.275,-0.08556192207614714,0.009995456982656251,0.000673513588605198,-0.04831431980137802
0.4625,0.28750000000000003,-0.08506085975603285,0.009964155969140628,0.0006801166630032884,-0.04785116156917744
0.4625,0.30000000000000004,-0.08455979743591854,0.009932854955625,0.0006867197374013785,-0.047388003336976854
0.4625,0.3125,-0.08405873511580425,0.009901553942109377,0.0006933228117994687,-0.04692484510477628
0.4625,0.325,-0.08355767279568996,0.009870252928593752,0.0006999258861975588,-0.04646168687257568
0.4625,0.3375,-0.08305661047557567,0.009838951915078128,0.0007065289605956489,-0.0459985286403751
0.4625,0.35000000000000003,-0.08255554815546137,0.009807650901562501,0.0007131320349937392,-0.04553537040817452
0.4625,0.36250000000000004,-0.08205448583534705,0.009776349888046876,0.0007197351093918294,-0.04507221217597393
0.4625,0.375,-0.08155342351523275,0.009745048874531252,0.0007263381837899196,-0.04460905394377335
0.4625,0.3875,-0.08105236119511844,0.009713747861015627,0.0007329412581880097,-0.044145895711572763
0.4625,0.4,-0.08055129887500416,0.009682446847500002,0.0007395443325860999,-0.04368273747937218
0.4625,0.41250000000000003,-0.08005023655488987,0.009651145833984378,0.0007461474069841901,-0.04321957924717159
0.4625,0.42500000000000004,-0.07954917423477556,0.009619844820468751,0.0007527504813822802,-0.042756421014971
0.4625,0.4375,-0.07904811191466127,0.009588543806953127,0.0007593535557803704,-0.042293262782770416
0.4625,0.45,-0.07854704959454696,0.009557242793437502,0.0007659566301784606,-0.04183010455056983
0.4625,0.4625,-0.07804598727443264,0.009525941779921877,0.0007725597045765508,-0.04136694631836925
0.4625,0.47500000000000003,-0.07754492495431836,0.009494640766406251,0.000779162778974641,-0.040903788086168666
0.4625,0.48750000000000004,-0.07704386263420406,0.009463339752890626,0.0007857658533727312,-0.040440629853968076
0.4625,0.5,-0.07654280031408976,0.009432038739375002,0.0007923689277708213,-0.0399774716217675
0.4625,0.5125000000000001,-0.07604173799397544,0.009400737725859377,0.0007989720021689115,-0.03951431338956691
0.4625,0.525,-0.07554067567386115,0.009369436712343752,0.0008055750765670017,-0.039051155157366325
0.4625,0.5375,-0.07503961335374687,0.009338135698828126,0.0008121781509650919,-0.03858799692516574
0.4625,0.55,-0.07453855103363256,0.009306834685312501,0.0008187812253631821,-0.03812483869296515
0.4625,0.5625,-0.07403748871351826,0.009275533671796878,0.0008253842997612722,-0.037661680460764575
0.4625,0.5750000000000001,-0.07353642639340395,0.009244232658281252,0.0008319873741593625,-0.037198522228563985
0.4625,0.5875,-0.07303536407328964,0.009212931644765627,0.0008385904485574525,-0.0367353639963634
0.4625,0.6000000000000001,-0.07253430175317534,0.009181630631250002,0.0008451935229555427,-0.036272205764162804
0.4625,0.6125,-0.07203323943306104,0.009150329617734376,0.000851796597353633,-0.03580904753196223
0.4625,0.625,-0.07153217711294674,0.009119028604218753,0.0008583996717517231,-0.035345889299761644
0.4625,0.6375000000000001,-0.07103111479283246,0.009087727590703127,0.0008650027461498134,-0.034882731067561054
0.4625,0.65,-0.07053005247271815,0.009056426577187502,0.0008716058205479034,-0.03441957283536047
0.4625,0.6625000000000001,-0.07002899015260386,0.009025125563671877,0.0008782088949459937,-0.03395641460315989
0.4625,0.675,-0.06952792783248955,0.008993824550156251,0.0008848119693440838,-0.033493256370959304
0.4625,0.6875,-0.06902686551237525,0.008962523536640626,0.000891415043742174,-0.03303009813875872
0.4625,0.7000000000000001,-0.06852580319226095,0.008931222523125,0.0008980181181402643,-0.03256693990655813
0.4625,0.7125,-0.06802474087214666,0.008899921509609377,0.0009046211925383543,-0.032103781674357554
0.4625,0.7250000000000001,-0.06752367855203235,0.008868620496093752,0.0009112242669364446,-0.031640623442156963
0.4625,0.7375,-0.06702261623191805,0.008837319482578126,0.0009178273413345347,-0.03117746520995638
0.4625,0.75,-0.06652155391180374,0.008806018469062501,0.0009244304157326249,-0.030714306977755797
0.4625,0.7625000000000001,-0.06602049159168946,0.008774717455546878,0.0009310334901307151,-0.03025114874555521
0.4625,0.775,-0.06551942927157516,0.008743416442031252,0.0009376365645288052,-0.029787990513354626
0.4625,0.7875000000000001,-0.06501836695146085,0.008712115428515627,0.0009442396389268955,-0.029324832281154033
0.4625,0.8,-0.06451730463134654,0.008680814415000002,0.0009508427133249856,-0.028861674048953456
0.4625,0.8125,-0.06401624231123225,0.008649513401484378,0.0009574457877230758,-0.028398515816752866
0.4625,0.8250000000000001,-0.06351517999111794,0.008618212387968751,0.000964048862121166,-0.027935357584552283
0.4625,0.8375,-0.06301411767100364,0.008586911374453126,0.000970651936519256,-0.0274721993523517
0.4625,0.8500000000000001,-0.06251305535088936,0.008555610360937502,0.0009772550109173462,-0.027009041120151112
0.4625,0.8625,-0.06201199303077505,0.008524309347421877,0.0009838580853154366,-0.026545882887950525
0.4625,0.875,-0.061510930710660744,0.008493008333906251,0.0009904611597135267,-0.026082724655749942
0.4625,0.8875000000000001,-0.06100986839054645,0.008461707320390626,0.000997064234111617,-0.02561956642354936
0.4625,0.9,-0.060508806070432145,0.008430406306875003,0.001003667308509707,-0.02515640819134878
0.4625,0.9125000000000001,-0.060007743750317845,0.008399105293359375,0.0010102703829077972,-0.024693249959148185
0.4625,0.925,-0.05950668143020355,0.008367804279843752,0.0010168734573058873,-0.0242300917269476
0.4625,0.9375,-0.05900561911008924,0.008336503266328127,0.0010234765317039774,-0.023766933494747018
0.4625,0.9500000000000001,-0.058504556789974946,0.008305202252812503,0.0010300796061020678,-0.02330377526254643
0.4625,0.9625,-0.05800349446986064,0.008273901239296876,0.0010366826805001579,-0.022840617030345848
0.4625,0.9750000000000001,-0.057502432149746346,0.008242600225781252,0.0010432857548982482,-0.02237745879814526
0.4625,0.9875,-0.05700136982963204,0.008211299212265627,0.0010498888292963383,-0.021914300565944674
0.4625,1.0,-0.056500307509517754,0.008179998198750002,0.0010564919036944284,-0.021451142333744098
0.47500000000000003,0.0,-0.09540977842862043,0.01043561232,0.0005282459518472142,-0.058438666784790906
0.47500000000000003,0.0125,-0.09490742058444748,0.01040503923703125,0.0005348490262453043,-0.0579734850979848
0.47500000000000003,0.025,-0.09440506274027455,0.010374466154062501,0.0005414521006433945,-0.05750830341117869
0.47500000000000003,0.037500000000000006,-0.09390270489610161,0.01034389307109375,0.0005480551750414848,-0.0570431217243726
0.47500000000000003,0.05,-0.09340034705192866,0.010313319988125,0.000554658249439575,-0.05657794003756649
0.47500000000000003,0.0625,-0.09289798920775573,0.010282746905156251,0.0005612613238376651,-0.0561127583507604
0.47500000000000003,0.07500000000000001,-0.0923956313635828,0.0102521738221875,0.0005678643982357553,-0.05564757666395429
0.47500000000000003,0.08750000000000001,-0.09189327351940987,0.01022160073921875,0.0005744674726338454,-0.05518239497714819
0.47500000000000003,0.1,-0.09139091567523688,0.010191027656250002,0.0005810705470319356,-0.05471721329034208
0.47500000000000003,0.1125,-0.09088855783106396,0.01016045457328125,0.0005876736214300259,-0.054252031603535984
0.47500000000000003,0.125,-0.09038619998689103,0.010129881490312503,0.000594276695828116,-0.053786849916729884
0.47500000000000003,0.1375,-0.08988384214271808,0.01009930840734375,0.0006008797702262062,-0.05332166822992378
0.47500000000000003,0.15000000000000002,-0.08938148429854514,0.010068735324375,0.0006074828446242963,-0.05285648654311768
0.47500000000000003,0.1625,-0.0888791264543722,0.01003816224140625,0.0006140859190223866,-0.052391304856311584
0.47500000000000003,0.17500000000000002,-0.08837676861019926,0.0100075891584375,0.0006206889934204767,-0.05192612316950548
0.47500000000000003,0.1875,-0.0878744107660263,0.009977016075468751,0.0006272920678185668,-0.05146094148269937
0.47500000000000003,0.2,-0.08737205292185338,0.0099464429925,0.0006338951422166571,-0.050995759795893277
0.47500000000000003,0.21250000000000002,-0.08686969507768044,0.00991586990953125,0.0006404982166147472,-0.05053057810908717
0.47500000000000003,0.225,-0.08636733723350748,0.0098852968265625,0.0006471012910128375,-0.05006539642228107
0.47500000000000003,0.23750000000000002,-0.08586497938933454,0.00985472374359375,0.0006537043654109276,-0.04960021473547496
0.47500000000000003,0.25,-0.08536262154516161,0.009824150660625001,0.0006603074398090177,-0.04913503304866887
0.47500000000000003,0.2625,-0.08486026370098868,0.00979357757765625,0.0006669105142071079,-0.04866985136186276
0.47500000000000003,0.275,-0.08435790585681574,0.0097630044946875,0.000673513588605198,-0.04820466967505666
0.47500000000000003,0.28750000000000003,-0.08385554801264279,0.00973243141171875,0.0006801166630032884,-0.04773948798825056
0.47500000000000003,0.30000000000000004,-0.08335319016846984,0.00970185832875,0.0006867197374013785,-0.047274306301444455
0.47500000000000003,0.3125,-0.08285083232429691,0.009671285245781251,0.0006933228117994687,-0.04680912461463836
0.47500000000000003,0.325,-0.08234847448012393,0.0096407121628125,0.0006999258861975588,-0.04634394292783225
0.47500000000000003,0.3375,-0.081846116635951,0.00961013907984375,0.0007065289605956489,-0.045878761241026154
0.47500000000000003,0.35000000000000003,-0.08134375879177808,0.009579565996875001,0.0007131320349937392,-0.04541357955422006
0.47500000000000003,0.36250000000000004,-0.08084140094760513,0.00954899291390625,0.0007197351093918294,-0.044948397867413954
0.47500000000000003,0.375,-0.08033904310343218,0.009518419830937501,0.0007263381837899196,-0.044483216180607854
0.47500000000000003,0.3875,-0.07983668525925924,0.00948784674796875,0.0007329412581880097,-0.04401803449380175
0.47500000000000003,0.4,-0.07933432741508631,0.009457273665,0.0007395443325860999,-0.043552852806995654
0.47500000000000003,0.41250000000000003,-0.07883196957091336,0.009426700582031251,0.0007461474069841901,-0.04308767112018954
0.47500000000000003,0.42500000000000004,-0.07832961172674041,0.0093961274990625,0.0007527504813822802,-0.04262248943338344
0.47500000000000003,0.4375,-0.07782725388256748,0.009365554416093751,0.0007593535557803704,-0.04215730774657734
0.47500000000000003,0.45,-0.07732489603839453,0.009334981333125,0.0007659566301784606,-0.04169212605977124
0.47500000000000003,0.4625,-0.07682253819422159,0.009304408250156252,0.0007725597045765508,-0.04122694437296513
0.47500000000000003,0.47500000000000003,-0.07632018035004866,0.009273835167187501,0.000779162778974641,-0.04076176268615904
0.47500000000000003,0.48750000000000004,-0.07581782250587571,0.009243262084218749,0.0007857658533727312,-0.04029658099935294
0.47500000000000003,0.5,-0.07531546466170277,0.009212689001250001,0.0007923689277708213,-0.03983139931254684
0.47500000000000003,0.5125000000000001,-0.07481310681752981,0.00918211591828125,0.0007989720021689115,-0.039366217625740725
0.47500000000000003,0.525,-0.07431074897335688,0.0091515428353125,0.0008055750765670017,-0.03890103593893463
0.47500000000000003,0.5375,-0.07380839112918394,0.009120969752343753,0.0008121781509650919,-0.038435854252128525
0.47500000000000003,0.55,-0.073306033285011,0.009090396669374999,0.0008187812253631821,-0.037970672565322425
0.47500000000000003,0.5625,-0.07280367544083806,0.009059823586406252,0.0008253842997612722,-0.03750549087851633
0.47500000000000003,0.5750000000000001,-0.07230131759666511,0.0090292505034375,0.0008319873741593625,-0.037040309191710225
0.47500000000000003,0.5875,-0.07179895975249218,0.00899867742046875,0.0008385904485574525,-0.03657512750490412
0.47500000000000003,0.6000000000000001,-0.07129660190831924,0.008968104337500001,0.0008451935229555427,-0.03610994581809802
0.47500000000000003,0.6125,-0.0707942440641463,0.008937531254531252,0.000851796597353633,-0.035644764131291924
0.47500000000000003,0.625,-0.07029188621997336,0.008906958171562502,0.0008583996717517231,-0.03517958244448582
0.47500000000000003,0.6375000000000001,-0.0697895283758004,0.00887638508859375,0.0008650027461498134,-0.03471440075767971
0.47500000000000003,0.65,-0.06928717053162746,0.008845812005625,0.0008716058205479034,-0.03424921907087361
0.47500000000000003,0.6625000000000001,-0.06878481268745451,0.008815238922656251,0.0008782088949459937,-0.03378403738406751
0.47500000000000003,0.675,-0.06828245484328158,0.0087846658396875,0.0008848119693440838,-0.03331885569726141
0.47500000000000003,0.6875,-0.06778009699910863,0.008754092756718752,0.000891415043742174,-0.03285367401045531
0.47500000000000003,0.7000000000000001,-0.06727773915493569,0.00872351967375,0.0008980181181402643,-0.0323884923236492
0.47500000000000003,0.7125,-0.06677538131076276,0.00869294659078125,0.0009046211925383543,-0.0319233106368431
0.47500000000000003,0.7250000000000001,-0.06627302346658981,0.008662373507812501,0.0009112242669364446,-0.031458128950037
0.47500000000000003,0.7375,-0.06577066562241687,0.00863180042484375,0.0009178273413345347,-0.030992947263230902
0.47500000000000003,0.75,-0.06526830777824393,0.008601227341875002,0.0009244304157326249,-0.030527765576424802
0.47500000000000003,0.7625000000000001,-0.06476594993407099,0.00857065425890625,0.0009310334901307151,-0.030062583889618695
0.47500000000000003,0.775,-0.06426359208989804,0.0085400811759375,0.0009376365645288052,-0.029597402202812595
0.47500000000000003,0.7875000000000001,-0.06376123424572509,0.00850950809296875,0.0009442396389268955,-0.029132220516006488
0.47500000000000003,0.8,-0.06325887640155216,0.00847893501,0.0009508427133249856,-0.028667038829200398
0.47500000000000003,0.8125,-0.06275651855737922,0.008448361927031252,0.0009574457877230758,-0.02820185714239429
0.47500000000000003,0.8250000000000001,-0.062254160713206275,0.0084177888440625,0.000964048862121166,-0.027736675455588188
0.47500000000000003,0.8375,-0.06175180286903333,0.00838721576109375,0.000970651936519256,-0.02727149376878209
0.47500000000000003,0.8500000000000001,-0.06124944502486039,0.008356642678125,0.0009772550109173462,-0.026806312081975984
0.47500000000000003,0.8625,-0.060747087180687456,0.00832606959515625,0.0009838580853154366,-0.026341130395169884
0.47500000000000003,0.875,-0.06024472933651452,0.008295496512187502,0.0009904611597135267,-0.025875948708363784
0.47500000000000003,0.8875000000000001,-0.05974237149234157,0.00826492342921875,0.000997064234111617,-0.025410767021557683
0.47500000000000003,0.9,-0.05924001364816862,0.00823435034625,0.001003667308509707,-0.024945585334751583
0.47500000000000003,0.9125000000000001,-0.05873765580399569,0.00820377726328125,0.0010102703829077972,-0.02448040364794548
0.47500000000000003,0.925,-0.058235297959822754,0.008173204180312501,0.0010168734573058873,-0.024015221961139376
0.47500000000000003,0.9375,-0.05773294011564982,0.00814263109734375,0.0010234765317039774,-0.023550040274333273
0.47500000000000003,0.9500000000000001,-0.057230582271476864,0.008112058014375001,0.0010300796061020678,-0.023084858587527173
0.47500000000000003,0.9625,-0.056728224427303915,0.00808148493140625,0.0010366826805001579,-0.022619676900721072
0.47500000000000003,0.9750000000000001,-0.05622586658313097,0.0080509118484375,0.0010432857548982482,-0.022154495213914965
0.47500000000000003,0.9875,-0.055723508738958025,0.008020338765468751,0.0010498888292963383,-0.021689313527108865
0.47500000000000003,1.0,-0.055221150894785104,0.0079897656825,0.0010564919036944284,-0.021224131840302772
0.48750000000000004,0.0,-0.09423426373857915,0.010187145360000004,0.0005282459518472142,-0.05837353265979091
0.48750000000000004,0.0125,-0.09373061037034755,0.010157300207578126,0.0005348490262453043,-0.05790632751837928
0.48750000000000004,0.025,-0.09322695700211597,0.010127455055156252,0.0005414521006433945,-0.05743912237696766
0.48750000000000004,0.037500000000000006,-0.0927233036338844,0.010097609902734377,0.0005480551750414848,-0.056971917235556044
0.48750000000000004,0.05,-0.0922196502656528,0.0100677647503125,0.000554658249439575,-0.05650471209414443
0.48750000000000004,0.0625,-0.09171599689742124,0.010037919597890627,0.0005612613238376651,-0.05603750695273281
0.48750000000000004,0.07500000000000001,-0.09121234352918965,0.010008074445468753,0.0005678643982357553,-0.05557030181132119
0.48750000000000004,0.08750000000000001,-0.09070869016095809,0.009978229293046877,0.0005744674726338454,-0.055103096669909576
0.48750000000000004,0.1,-0.09020503679272646,0.009948384140625002,0.0005810705470319356,-0.054635891528497946
0.48750000000000004,0.1125,-0.08970138342449488,0.009918538988203126,0.0005876736214300259,-0.054168686387086336
0.48750000000000004,0.125,-0.0891977300562633,0.009888693835781252,0.000594276695828116,-0.05370148124567471
0.48750000000000004,0.1375,-0.08869407668803171,0.009858848683359376,0.0006008797702262062,-0.053234276104263095
0.48750000000000004,0.15000000000000002,-0.08819042331980015,0.009829003530937502,0.0006074828446242963,-0.05276707096285148
0.48750000000000004,0.1625,-0.08768676995156856,0.009799158378515627,0.0006140859190223866,-0.05229986582143987
0.48750000000000004,0.17500000000000002,-0.087183116583337,0.00976931322609375,0.0006206889934204767,-0.051832660680028245
0.48750000000000004,0.1875,-0.08667946321510539,0.009739468073671877,0.0006272920678185668,-0.05136545553861663
0.48750000000000004,0.2,-0.08617580984687383,0.009709622921250003,0.0006338951422166571,-0.05089825039720501
0.48750000000000004,0.21250000000000002,-0.08567215647864224,0.009679777768828127,0.0006404982166147472,-0.05043104525579339
0.48750000000000004,0.225,-0.08516850311041065,0.009649932616406252,0.0006471012910128375,-0.04996384011438177
0.48750000000000004,0.23750000000000002,-0.08466484974217905,0.009620087463984376,0.0006537043654109276,-0.04949663497297015
0.48750000000000004,0.25,-0.08416119637394746,0.009590242311562502,0.0006603074398090177,-0.049029429831558544
0.48750000000000004,0.2625,-0.08365754300571589,0.009560397159140626,0.0006669105142071079,-0.04856222469014691
0.48750000000000004,0.275,-0.08315388963748431,0.009530552006718752,0.000673513588605198,-0.048095019548735296
0.48750000000000004,0.28750000000000003,-0.08265023626925273,0.009500706854296876,0.0006801166630032884,-0.04762781440732368
0.48750000000000004,0.30000000000000004,-0.08214658290102114,0.009470861701875001,0.0006867197374013785,-0.047160609265912055
0.48750000000000004,0.3125,-0.08164292953278955,0.009441016549453125,0.0006933228117994687,-0.046693404124500446
0.48750000000000004,0.325,-0.08113927616455796,0.009411171397031251,0.0006999258861975588,-0.04622619898308882
0.48750000000000004,0.3375,-0.08063562279632638,0.009381326244609375,0.0007065289605956489,-0.045758993841677205
0.48750000000000004,0.35000000000000003,-0.08013196942809482,0.0093514810921875,0.0007131320349937392,-0.045291788700265595
0.48750000000000004,0.36250000000000004,-0.0796283160598632,0.009321635939765625,0.0007197351093918294,-0.04482458355885397
0.48750000000000004,0.375,-0.07912466269163164,0.009291790787343752,0.0007263381837899196,-0.044357378417442354
0.48750000000000004,0.3875,-0.07862100932340005,0.009261945634921874,0.0007329412581880097,-0.04389017327603073
0.48750000000000004,0.4,-0.07811735595516849,0.009232100482500002,0.0007395443325860999,-0.04342296813461912
0.48750000000000004,0.41250000000000003,-0.07761370258693688,0.009202255330078126,0.0007461474069841901,-0.0429557629932075
0.48750000000000004,0.42500000000000004,-0.07711004921870529,0.00917241017765625,0.0007527504813822802,-0.04248855785179587
0.48750000000000004,0.4375,-0.07660639585047373,0.009142565025234375,0.0007593535557803704,-0.04202135271038426
0.48750000000000004,0.45,-0.07610274248224214,0.009112719872812501,0.0007659566301784606,-0.04155414756897264
0.48750000000000004,0.4625,-0.07559908911401056,0.009082874720390625,0.0007725597045765508,-0.041086942427561016
0.48750000000000004,0.47500000000000003,-0.07509543574577897,0.00905302956796875,0.000779162778974641,-0.040619737286149406
0.48750000000000004,0.48750000000000004,-0.0745917823775474,0.009023184415546875,0.0007857658533727312,-0.04015253214473778
0.48750000000000004,0.5,-0.07408812900931581,0.008993339263125002,0.0007923689277708213,-0.03968532700332618
0.48750000000000004,0.5125000000000001,-0.07358447564108421,0.008963494110703124,0.0007989720021689115,-0.03921812186191455
0.48750000000000004,0.525,-0.07308082227285262,0.008933648958281252,0.0008055750765670017,-0.03875091672050293
0.48750000000000004,0.5375,-0.07257716890462106,0.008903803805859376,0.0008121781509650919,-0.038283711579091315
0.48750000000000004,0.55,-0.07207351553638947,0.0088739586534375,0.0008187812253631821,-0.03781650643767969
0.48750000000000004,0.5625,-0.0715698621681579,0.008844113501015627,0.0008253842997612722,-0.03734930129626808
0.48750000000000004,0.5750000000000001,-0.0710662087999263,0.008814268348593751,0.0008319873741593625,-0.03688209615485646
0.48750000000000004,0.5875,-0.07056255543169472,0.008784423196171875,0.0008385904485574525,-0.03641489101344484
0.48750000000000004,0.6000000000000001,-0.07005890206346313,0.008754578043750003,0.0008451935229555427,-0.035947685872033217
0.48750000000000004,0.6125,-0.06955524869523155,0.008724732891328127,0.000851796597353633,-0.0354804807306216
0.48750000000000004,0.625,-0.06905159532699998,0.008694887738906252,0.0008583996717517231,-0.03501327558920998
0.48750000000000004,0.6375000000000001,-0.06854794195876839,0.008665042586484376,0.0008650027461498134,-0.034546070447798366
0.48750000000000004,0.65,-0.0680442885905368,0.008635197434062502,0.0008716058205479034,-0.03407886530638675
0.48750000000000004,0.6625000000000001,-0.0675406352223052,0.008605352281640626,0.0008782088949459937,-0.033611660164975125
0.48750000000000004,0.675,-0.06703698185407364,0.008575507129218752,0.0008848119693440838,-0.033144455023563515
0.48750000000000004,0.6875,-0.06653332848584205,0.008545661976796877,0.000891415043742174,-0.0326772498821519
0.48750000000000004,0.7000000000000001,-0.06602967511761046,0.008515816824375001,0.0008980181181402643,-0.032210044740740275
0.48750000000000004,0.7125,-0.0655260217493789,0.008485971671953125,0.0009046211925383543,-0.03174283959932866
0.48750000000000004,0.7250000000000001,-0.06502236838114732,0.008456126519531253,0.0009112242669364446,-0.031275634457917034
0.48750000000000004,0.7375,-0.06451871501291573,0.008426281367109377,0.0009178273413345347,-0.030808429316505414
0.48750000000000004,0.75,-0.06401506164468414,0.008396436214687502,0.0009244304157326249,-0.030341224175093804
0.48750000000000004,0.7625000000000001,-0.06351140827645255,0.008366591062265626,0.0009310334901307151,-0.02987401903368218
0.48750000000000004,0.775,-0.06300775490822096,0.008336745909843752,0.0009376365645288052,-0.029406813892270563
0.48750000000000004,0.7875000000000001,-0.06250410153998938,0.008306900757421876,0.0009442396389268955,-0.02893960875085894
0.48750000000000004,0.8,-0.062000448171757795,0.008277055605000002,0.0009508427133249856,-0.02847240360944733
0.48750000000000004,0.8125,-0.061496794803526225,0.008247210452578127,0.0009574457877230758,-0.028005198468035706
0.48750000000000004,0.8250000000000001,-0.060993141435294634,0.008217365300156251,0.000964048862121166,-0.027537993326624082
0.48750000000000004,0.8375,-0.06048948806706305,0.008187520147734377,0.000970651936519256,-0.027070788185212472
0.48750000000000004,0.8500000000000001,-0.05998583469883147,0.008157674995312501,0.0009772550109173462,-0.02660358304380085
0.48750000000000004,0.8625,-0.05948218133059988,0.008127829842890627,0.0009838580853154366,-0.02613637790238923
0.48750000000000004,0.875,-0.05897852796236831,0.00809798469046875,0.0009904611597135267,-0.025669172760977618
0.48750000000000004,0.8875000000000001,-0.058474874594136694,0.008068139538046876,0.000997064234111617,-0.025201967619565998
0.48750000000000004,0.9,-0.057971221225905124,0.008038294385625,0.001003667308509707,-0.02473476247815438
0.48750000000000004,0.9125000000000001,-0.05746756785767354,0.008008449233203126,0.0010102703829077972,-0.02426755733674276
0.48750000000000004,0.925,-0.05696391448944197,0.007978604080781252,0.0010168734573058873,-0.02380035219533114
0.48750000000000004,0.9375,-0.05646026112121039,0.007948758928359376,0.0010234765317039774,-0.023333147053919524
0.48750000000000004,0.9500000000000001,-0.05595660775297878,0.0079189137759375,0.0010300796061020678,-0.022865941912507903
0.48750000000000004,0.9625,-0.05545295438474722,0.007889068623515625,0.0010366826805001579,-0.022398736771096286
0.48750000000000004,0.9750000000000001,-0.05494930101651563,0.007859223471093751,0.0010432857548982482,-0.021931531629684666
0.48750000000000004,0.9875,-0.054445647648284044,0.007829378318671875,0.0010498888292963383,-0.02146432648827305
0.48750000000000004,1.0,-0.053941994280052474,0.007799533166250002,0.0010564919036944284,-0.020997121346861436
0.5,0.0,-0.09305874904853782,0.009938678400000003,0.0005282459518472142,-0.0583083985347909
0.5,0.0125,-0.0925538001562476,0.009909561178125002,0.0005348490262453043,-0.05783916993877376
0.5,0.025,-0.09204885126395738,0.009880443956250002,0.0005414521006433945,-0.05736994134275662
0.5,0.037500000000000006,-0.09154390237166717,0.009851326734375002,0.0005480551750414848,-0.056900712746739496
0.5,0.05,-0.09103895347937693,0.009822209512500001,0.000554658249439575,-0.056431484150722355
0.5,0.0625,-0.09053400458708671,0.009793092290625001,0.0005612613238376651,-0.05596225555470523
0.5,0.07500000000000001,-0.09002905569479648,0.009763975068750002,0.0005678643982357553,-0.05549302695868809
0.5,0.08750000000000001,-0.08952410680250626,0.009734857846875002,0.0005744674726338454,-0.05502379836267096
0.5,0.1,-0.08901915791021603,0.009705740625000002,0.0005810705470319356,-0.05455456976665381
0.5,0.1125,-0.08851420901792581,0.009676623403125001,0.0005876736214300259,-0.05408534117063668
0.5,0.125,-0.08800926012563558,0.009647506181250003,0.000594276695828116,-0.053616112574619554
0.5,0.1375,-0.08750431123334536,0.009618388959375002,0.0006008797702262062,-0.053146883978602406
0.5,0.15000000000000002,-0.08699936234105514,0.009589271737500002,0.0006074828446242963,-0.05267765538258527
0.5,0.1625,-0.08649441344876492,0.009560154515625,0.0006140859190223866,-0.052208426786568146
0.5,0.17500000000000002,-0.08598946455647467,0.009531037293750001,0.0006206889934204767,-0.051739198190551006
0.5,0.1875,-0.08548451566418444,0.009501920071875001,0.0006272920678185668,-0.051269969594533865
0.5,0.2,-0.08497956677189424,0.009472802850000002,0.0006338951422166571,-0.050800740998516745
0.5,0.21250000000000002,-0.084474617879604,0.009443685628125002,0.0006404982166147472,-0.0503315124024996
0.5,0.225,-0.08396966898731378,0.009414568406250002,0.0006471012910128375,-0.049862283806482464
0.5,0.23750000000000002,-0.08346472009502355,0.009385451184375001,0.0006537043654109276,-0.04939305521046533
0.5,0.25,-0.08295977120273333,0.009356333962500003,0.0006603074398090177,-0.0489238266144482
0.5,0.2625,-0.08245482231044311,0.009327216740625,0.0006669105142071079,-0.048454598018431064
0.5,0.275,-0.08194987341815288,0.009298099518750002,0.000673513588605198,-0.04798536942241392
0.5,0.28750000000000003,-0.08144492452586266,0.009268982296875002,0.0006801166630032884,-0.0475161408263968
0.5,0.30000000000000004,-0.08093997563357241,0.009239865075000001,0.0006867197374013785,-0.047046912230379656
0.5,0.3125,-0.08043502674128222,0.009210747853125003,0.0006933228117994687,-0.04657768363436253
0.5,0.325,-0.07993007784899198,0.009181630631250002,0.0006999258861975588,-0.04610845503834538
0.5,0.3375,-0.07942512895670176,0.009152513409375002,0.0007065289605956489,-0.04563922644232825
0.5,0.35000000000000003,-0.07892018006441154,0.009123396187500002,0.0007131320349937392,-0.04516999784631112
0.5,0.36250000000000004,-0.07841523117212129,0.009094278965625001,0.0007197351093918294,-0.04470076925029398
0.5,0.375,-0.07791028227983109,0.009065161743750003,0.0007263381837899196,-0.044231540654276855
0.5,0.3875,-0.07740533338754085,0.009036044521875002,0.0007329412581880097,-0.043762312058259714
0.5,0.4,-0.07690038449525063,0.0090069273,0.0007395443325860999,-0.04329308346224258
0.5,0.41250000000000003,-0.07639543560296039,0.008977810078125002,0.0007461474069841901,-0.04282385486622544
0.5,0.42500000000000004,-0.07589048671067017,0.008948692856250001,0.0007527504813822802,-0.042354626270208307
0.5,0.4375,-0.07538553781837995,0.008919575634375001,0.0007593535557803704,-0.04188539767419117
0.5,0.45,-0.07488058892608973,0.008890458412500002,0.0007659566301784606,-0.04141616907817404
0.5,0.4625,-0.07437564003379951,0.008861341190625002,0.0007725597045765508,-0.0409469404821569
0.5,0.47500000000000003,-0.07387069114150929,0.008832223968750002,0.000779162778974641,-0.04047771188613977
0.5,0.48750000000000004,-0.07336574224921905,0.008803106746875,0.0007857658533727312,-0.04000848329012263
0.5,0.5,-0.07286079335692884,0.008773989525000001,0.0007923689277708213,-0.039539254694105505
0.5,0.5125000000000001,-0.07235584446463861,0.008744872303125002,0.0007989720021689115,-0.039070026098088365
0.5,0.525,-0.07185089557234839,0.00871575508125,0.0008055750765670017,-0.03860079750207123
0.5,0.5375,-0.07134594668005814,0.008686637859375,0.0008121781509650919,-0.0381315689060541
0.5,0.55,-0.07084099778776792,0.0086575206375,0.0008187812253631821,-0.03766234031003696
0.5,0.5625,-0.0703360488954777,0.008628403415625003,0.0008253842997612722,-0.03719311171401983
0.5,0.5750000000000001,-0.06983110000318749,0.008599286193750002,0.0008319873741593625,-0.03672388311800269
0.5,0.5875,-0.06932615111089725,0.008570168971875002,0.0008385904485574525,-0.03625465452198555
0.5,0.6000000000000001,-0.06882120221860702,0.00854105175,0.0008451935229555427,-0.035785425925968416
0.5,0.6125,-0.0683162533263168,0.008511934528125003,0.000851796597353633,-0.03531619732995128
0.5,0.625,-0.06781130443402658,0.008482817306250003,0.0008583996717517231,-0.034846968733934156
0.5,0.6375000000000001,-0.06730635554173635,0.008453700084375002,0.0008650027461498134,-0.03437774013791701
0.5,0.65,-0.06680140664944612,0.008424582862500002,0.0008716058205479034,-0.033908511541899874
0.5,0.6625000000000001,-0.0662964577571559,0.008395465640625,0.0008782088949459937,-0.03343928294588274
0.5,0.675,-0.06579150886486568,0.008366348418750003,0.0008848119693440838,-0.032970054349865614
0.5,0.6875,-0.06528655997257546,0.008337231196875003,0.000891415043742174,-0.03250082575384848
0.5,0.7000000000000001,-0.06478161108028523,0.008308113975000002,0.0008980181181402643,-0.03203159715783134
0.5,0.7125,-0.064276662187995,0.008278996753125002,0.0009046211925383543,-0.03156236856181421
0.5,0.7250000000000001,-0.06377171329570477,0.008249879531250002,0.0009112242669364446,-0.031093139965797073
0.5,0.7375,-0.06326676440341455,0.008220762309375,0.0009178273413345347,-0.03062391136977994
0.5,0.75,-0.06276181551112434,0.008191645087500003,0.0009244304157326249,-0.030154682773762806
0.5,0.7625000000000001,-0.0622568666188341,0.008162527865625,0.0009310334901307151,-0.029685454177745665
0.5,0.775,-0.061751917726543884,0.008133410643750002,0.0009376365645288052,-0.029216225581728532
0.5,0.7875000000000001,-0.06124696883425365,0.008104293421875002,0.0009442396389268955,-0.02874699698571139
0.5,0.8,-0.06074201994196343,0.008075176200000003,0.0009508427133249856,-0.028277768389694265
0.5,0.8125,-0.0602370710496732,0.008046058978125003,0.0009574457877230758,-0.027808539793677124
0.5,0.8250000000000001,-0.05973212215738298,0.008016941756250002,0.000964048862121166,-0.027339311197659984
0.5,0.8375,-0.059227173265092734,0.007987824534375,0.000970651936519256,-0.026870082601642857
0.5,0.8500000000000001,-0.058722224372802515,0.007958707312500002,0.0009772550109173462,-0.026400854005625717
0.5,0.8625,-0.058217275480512296,0.007929590090625,0.0009838580853154366,-0.025931625409608583
0.5,0.875,-0.05771232658822206,0.007900472868750001,0.0009904611597135267,-0.025462396813591456
0.5,0.8875000000000001,-0.05720737769593186,0.007871355646875001,0.000997064234111617,-0.024993168217574316
0.5,0.9,-0.056702428803641625,0.007842238425000002,0.001003667308509707,-0.02452393962155719
0.5,0.9125000000000001,-0.05619747991135139,0.007813121203125002,0.0010102703829077972,-0.02405471102554005
0.5,0.925,-0.05569253101906116,0.0077840039812500025,0.0010168734573058873,-0.023585482429522915
0.5,0.9375,-0.055187582126770954,0.007754886759375003,0.0010234765317039774,-0.023116253833505775
0.5,0.9500000000000001,-0.05468263323448072,0.0077257695375000015,0.0010300796061020678,-0.02264702523748864
0.5,0.9625,-0.05417768434219049,0.007696652315625002,0.0010366826805001579,-0.022177796641471507
0.5,0.9750000000000001,-0.053672735449900255,0.007667535093750001,0.0010432857548982482,-0.021708568045454367
0.5,0.9875,-0.053167786557610036,0.007638417871875002,0.0010498888292963383,-0.021239339449437233
0.5,1.0,-0.05266283766531982,0.007609300650000001,0.0010564919036944284,-0.020770110853420107
0.5125000000000001,0.0,-0.09188323435849652,0.00969021144,0.0005282459518472142,-0.058243264409790906
0.5125000000000001,0.0125,-0.09137698994214763,0.009661822148671874,0.0005348490262453043,-0.05777201235916824
0.5125000000000001,0.025,-0.09087074552579875,0.00963343285734375,0.0005414521006433945,-0.05730076030854559
0.5125000000000001,0.037500000000000006,-0.09036450110944991,0.009605043566015626,0.0005480551750414848,-0.05682950825792294
0.5125000000000001,0.05,-0.08985825669310103,0.009576654274687499,0.000554658249439575,-0.05635825620730029
0.5125000000000001,0.0625,-0.08935201227675219,0.009548264983359377,0.0005612613238376651,-0.05588700415667765
0.5125000000000001,0.07500000000000001,-0.0888457678604033,0.00951987569203125,0.0005678643982357553,-0.05541575210605499
0.5125000000000001,0.08750000000000001,-0.08833952344405445,0.009491486400703126,0.0005744674726338454,-0.05494450005543234
0.5125000000000001,0.1,-0.08783327902770557,0.009463097109374999,0.0005810705470319356,-0.054473248004809675
0.5125000000000001,0.1125,-0.0873270346113567,0.009434707818046874,0.0005876736214300259,-0.054001995954187025
0.5125000000000001,0.125,-0.08682079019500784,0.00940631852671875,0.000594276695828116,-0.05353074390356438
0.5125000000000001,0.1375,-0.08631454577865896,0.009377929235390626,0.0006008797702262062,-0.053059491852941724
0.5125000000000001,0.15000000000000002,-0.0858083013623101,0.0093495399440625,0.0006074828446242963,-0.05258823980231908
0.5125000000000001,0.1625,-0.08530205694596124,0.009321150652734375,0.0006140859190223866,-0.05211698775169643
0.5125000000000001,0.17500000000000002,-0.08479581252961238,0.009292761361406249,0.0006206889934204767,-0.051645735701073774
0.5125000000000001,0.1875,-0.0842895681132635,0.009264372070078127,0.0006272920678185668,-0.05117448365045112
0.5125000000000001,0.2,-0.08378332369691464,0.00923598277875,0.0006338951422166571,-0.05070323159982847
0.5125000000000001,0.21250000000000002,-0.0832770792805658,0.009207593487421875,0.0006404982166147472,-0.05023197954920582
0.5125000000000001,0.225,-0.0827708348642169,0.00917920419609375,0.0006471012910128375,-0.049760727498583165
0.5125000000000001,0.23750000000000002,-0.08226459044786802,0.009150814904765624,0.0006537043654109276,-0.04928947544796051
0.5125000000000001,0.25,-0.08175834603151917,0.0091224256134375,0.0006603074398090177,-0.04881822339733787
0.5125000000000001,0.2625,-0.08125210161517031,0.009094036322109374,0.0006669105142071079,-0.048346971346715215
0.5125000000000001,0.275,-0.08074585719882144,0.00906564703078125,0.000673513588605198,-0.04787571929609256
0.5125000000000001,0.28750000000000003,-0.08023961278247257,0.009037257739453125,0.0006801166630032884,-0.047404467245469914
0.5125000000000001,0.30000000000000004,-0.07973336836612371,0.009008868448125,0.0006867197374013785,-0.04693321519484726
0.5125000000000001,0.3125,-0.07922712394977485,0.008980479156796877,0.0006933228117994687,-0.04646196314422461
0.5125000000000001,0.325,-0.07872087953342596,0.00895208986546875,0.0006999258861975588,-0.045990711093601956
0.5125000000000001,0.3375,-0.07821463511707712,0.008923700574140627,0.0007065289605956489,-0.045519459042979306
0.5125000000000001,0.35000000000000003,-0.07770839070072824,0.0088953112828125,0.0007131320349937392,-0.04504820699235666
0.5125000000000001,0.36250000000000004,-0.07720214628437938,0.008866921991484374,0.0007197351093918294,-0.044576954941734005
0.5125000000000001,0.375,-0.07669590186803049,0.00883853270015625,0.0007263381837899196,-0.044105702891111355
0.5125000000000001,0.3875,-0.07618965745168164,0.008810143408828125,0.0007329412581880097,-0.0436344508404887
0.5125000000000001,0.4,-0.07568341303533277,0.0087817541175,0.0007395443325860999,-0.043163198789866054
0.5125000000000001,0.41250000000000003,-0.07517716861898392,0.008753364826171875,0.0007461474069841901,-0.04269194673924339
0.5125000000000001,0.42500000000000004,-0.07467092420263503,0.008724975534843749,0.0007527504813822802,-0.04222069468862074
0.5125000000000001,0.4375,-0.07416467978628617,0.008696586243515627,0.0007593535557803704,-0.04174944263799809
0.5125000000000001,0.45,-0.0736584353699373,0.0086681969521875,0.0007659566301784606,-0.04127819058737544
0.5125000000000001,0.4625,-0.07315219095358844,0.008639807660859375,0.0007725597045765508,-0.04080693853675279
0.5125000000000001,0.47500000000000003,-0.07264594653723958,0.00861141836953125,0.000779162778974641,-0.04033568648613014
0.5125000000000001,0.48750000000000004,-0.07213970212089071,0.008583029078203125,0.0007857658533727312,-0.03986443443550749
0.5125000000000001,0.5,-0.07163345770454184,0.008554639786875002,0.0007923689277708213,-0.03939318238488484
0.5125000000000001,0.5125000000000001,-0.07112721328819296,0.008526250495546875,0.0007989720021689115,-0.03892193033426218
0.5125000000000001,0.525,-0.0706209688718441,0.00849786120421875,0.0008055750765670017,-0.03845067828363954
0.5125000000000001,0.5375,-0.07011472445549526,0.008469471912890625,0.0008121781509650919,-0.03797942623301689
0.5125000000000001,0.55,-0.06960848003914637,0.0084410826215625,0.0008187812253631821,-0.03750817418239422
0.5125000000000001,0.5625,-0.0691022356227975,0.008412693330234375,0.0008253842997612722,-0.03703692213177159
0.5125000000000001,0.5750000000000001,-0.06859599120644864,0.00838430403890625,0.0008319873741593625,-0.03656567008114892
0.5125000000000001,0.5875,-0.06808974679009977,0.008355914747578125,0.0008385904485574525,-0.03609441803052627
0.5125000000000001,0.6000000000000001,-0.0675835023737509,0.008327525456250002,0.0008451935229555427,-0.035623165979903615
0.5125000000000001,0.6125,-0.06707725795740205,0.008299136164921875,0.000851796597353633,-0.03515191392928097
0.5125000000000001,0.625,-0.06657101354105319,0.00827074687359375,0.0008583996717517231,-0.03468066187865832
0.5125000000000001,0.6375000000000001,-0.0660647691247043,0.008242357582265623,0.0008650027461498134,-0.03420940982803566
0.5125000000000001,0.65,-0.06555852470835544,0.0082139682909375,0.0008716058205479034,-0.033738157777413014
0.5125000000000001,0.6625000000000001,-0.06505228029200656,0.008185578999609377,0.0008782088949459937,-0.03326690572679036
0.5125000000000001,0.675,-0.0645460358756577,0.00815718970828125,0.0008848119693440838,-0.03279565367616771
0.5125000000000001,0.6875,-0.06403979145930885,0.008128800416953127,0.000891415043742174,-0.03232440162554506
0.5125000000000001,0.7000000000000001,-0.06353354704295995,0.008100411125625,0.0008980181181402643,-0.031853149574922406
0.5125000000000001,0.7125,-0.0630273026266111,0.008072021834296877,0.0009046211925383543,-0.031381897524299755
0.5125000000000001,0.7250000000000001,-0.06252105821026224,0.00804363254296875,0.0009112242669364446,-0.030910645473677105
0.5125000000000001,0.7375,-0.06201481379391337,0.008015243251640625,0.0009178273413345347,-0.030439393423054455
0.5125000000000001,0.75,-0.061508569377564506,0.0079868539603125,0.0009244304157326249,-0.029968141372431804
0.5125000000000001,0.7625000000000001,-0.06100232496121563,0.007958464668984375,0.0009310334901307151,-0.029496889321809147
0.5125000000000001,0.775,-0.06049608054486676,0.00793007537765625,0.0009376365645288052,-0.029025637271186497
0.5125000000000001,0.7875000000000001,-0.05998983612851789,0.007901686086328125,0.0009442396389268955,-0.02855438522056384
0.5125000000000001,0.8,-0.059483591712169034,0.007873296795000002,0.0009508427133249856,-0.028083133169941196
0.5125000000000001,0.8125,-0.05897734729582017,0.007844907503671877,0.0009574457877230758,-0.027611881119318546
0.5125000000000001,0.8250000000000001,-0.05847110287947129,0.00781651821234375,0.000964048862121166,-0.02714062906869589
0.5125000000000001,0.8375,-0.05796485846312244,0.007788128921015626,0.000970651936519256,-0.026669377018073242
0.5125000000000001,0.8500000000000001,-0.057458614046773576,0.007759739629687502,0.0009772550109173462,-0.026198124967450588
0.5125000000000001,0.8625,-0.056952369630424694,0.007731350338359376,0.0009838580853154366,-0.025726872916827938
0.5125000000000001,0.875,-0.056446125214075826,0.007702961047031251,0.0009904611597135267,-0.025255620866205288
0.5125000000000001,0.8875000000000001,-0.05593988079772698,0.007674571755703124,0.000997064234111617,-0.024784368815582634
0.5125000000000001,0.9,-0.05543363638137809,0.007646182464375,0.001003667308509707,-0.024313116764959987
0.5125000000000001,0.9125000000000001,-0.05492739196502923,0.007617793173046875,0.0010102703829077972,-0.02384186471433733
0.5125000000000001,0.925,-0.05442114754868036,0.007589403881718751,0.0010168734573058873,-0.02337061266371468
0.5125000000000001,0.9375,-0.05391490313233151,0.007561014590390626,0.0010234765317039774,-0.02289936061309203
0.5125000000000001,0.9500000000000001,-0.05340865871598263,0.0075326252990625,0.0010300796061020678,-0.022428108562469375
0.5125000000000001,0.9625,-0.05290241429963378,0.007504236007734375,0.0010366826805001579,-0.02195685651184672
0.5125000000000001,0.9750000000000001,-0.052396169883284896,0.007475846716406251,0.0010432857548982482,-0.02148560446122407
0.5125000000000001,0.9875,-0.051889925466936035,0.007447457425078126,0.0010498888292963383,-0.02101435241060142
0.5125000000000001,1.0,-0.05138368105058717,0.00741906813375,0.0010564919036944284,-0.020543100359978774
0.525,0.0,-0.09070771966845519,0.009441744480000002,0.0005282459518472142,-0.05817813028479091
0.525,0.0125,-0.0902001797280477,0.009414083119218751,0.0005348490262453043,-0.057704854779562734
0.525,0.025,-0.08969263978764018,0.009386421758437501,0.0005414521006433945,-0.05723157927433456
0.525,0.037500000000000006,-0.08918509984723268,0.00935876039765625,0.0005480551750414848,-0.05675830376910639
0.525,0.05,-0.08867755990682515,0.009331099036875,0.000554658249439575,-0.056285028263878226
0.525,0.0625,-0.08817001996641766,0.009303437676093752,0.0005612613238376651,-0.055811752758650066
0.525,0.07500000000000001,-0.08766248002601015,0.009275776315312501,0.0005678643982357553,-0.05533847725342189
0.525,0.08750000000000001,-0.08715494008560264,0.009248114954531251,0.0005744674726338454,-0.05486520174819373
0.525,0.1,-0.08664740014519512,0.00922045359375,0.0005810705470319356,-0.05439192624296555
0.525,0.1125,-0.08613986020478763,0.00919279223296875,0.0005876736214300259,-0.053918650737737384
0.525,0.125,-0.08563232026438011,0.009165130872187502,0.000594276695828116,-0.05344537523250922
0.525,0.1375,-0.0851247803239726,0.009137469511406251,0.0006008797702262062,-0.05297209972728105
0.525,0.15000000000000002,-0.08461724038356509,0.009109808150625003,0.0006074828446242963,-0.05249882422205288
0.525,0.1625,-0.0841097004431576,0.00908214678984375,0.0006140859190223866,-0.052025548716824715
0.525,0.17500000000000002,-0.08360216050275007,0.0090544854290625,0.0006206889934204767,-0.05155227321159654
0.525,0.1875,-0.08309462056234257,0.009026824068281251,0.0006272920678185668,-0.05107899770636837
0.525,0.2,-0.08258708062193507,0.008999162707500001,0.0006338951422166571,-0.050605722201140214
0.525,0.21250000000000002,-0.08207954068152755,0.00897150134671875,0.0006404982166147472,-0.05013244669591204
0.525,0.225,-0.08157200074112006,0.008943839985937502,0.0006471012910128375,-0.04965917119068387
0.525,0.23750000000000002,-0.08106446080071254,0.00891617862515625,0.0006537043654109276,-0.0491858956854557
0.525,0.25,-0.08055692086030505,0.008888517264375001,0.0006603074398090177,-0.04871262018022754
0.525,0.2625,-0.08004938091989754,0.008860855903593751,0.0006669105142071079,-0.04823934467499937
0.525,0.275,-0.07954184097949002,0.0088331945428125,0.000673513588605198,-0.0477660691697712
0.525,0.28750000000000003,-0.0790343010390825,0.00880553318203125,0.0006801166630032884,-0.04729279366454303
0.525,0.30000000000000004,-0.07852676109867499,0.00877787182125,0.0006867197374013785,-0.04681951815931486
0.525,0.3125,-0.07801922115826751,0.008750210460468751,0.0006933228117994687,-0.0463462426540867
0.525,0.325,-0.07751168121785998,0.008722549099687501,0.0006999258861975588,-0.04587296714885852
0.525,0.3375,-0.07700414127745248,0.00869488773890625,0.0007065289605956489,-0.045399691643630356
0.525,0.35000000000000003,-0.07649660133704497,0.008667226378125002,0.0007131320349937392,-0.044926416138402196
0.525,0.36250000000000004,-0.07598906139663747,0.00863956501734375,0.0007197351093918294,-0.04445314063317402
0.525,0.375,-0.07548152145622995,0.008611903656562501,0.0007263381837899196,-0.043979865127945855
0.525,0.3875,-0.07497398151582244,0.00858424229578125,0.0007329412581880097,-0.04350658962271768
0.525,0.4,-0.07446644157541493,0.008556580935000002,0.0007395443325860999,-0.04303331411748952
0.525,0.41250000000000003,-0.07395890163500742,0.00852891957421875,0.0007461474069841901,-0.04256003861226135
0.525,0.42500000000000004,-0.07345136169459991,0.0085012582134375,0.0007527504813822802,-0.04208676310703317
0.525,0.4375,-0.0729438217541924,0.008473596852656251,0.0007593535557803704,-0.04161348760180501
0.525,0.45,-0.07243628181378489,0.008445935491875,0.0007659566301784606,-0.04114021209657684
0.525,0.4625,-0.07192874187337739,0.00841827413109375,0.0007725597045765508,-0.04066693659134867
0.525,0.47500000000000003,-0.07142120193296989,0.008390612770312502,0.000779162778974641,-0.04019366108612051
0.525,0.48750000000000004,-0.07091366199256237,0.008362951409531251,0.0007857658533727312,-0.03972038558089234
0.525,0.5,-0.07040612205215488,0.008335290048750001,0.0007923689277708213,-0.03924711007566418
0.525,0.5125000000000001,-0.06989858211174736,0.00830762868796875,0.0007989720021689115,-0.038773834570436004
0.525,0.525,-0.06939104217133985,0.0082799673271875,0.0008055750765670017,-0.03830055906520784
0.525,0.5375,-0.06888350223093233,0.00825230596640625,0.0008121781509650919,-0.03782728355997967
0.525,0.55,-0.06837596229052481,0.008224644605625,0.0008187812253631821,-0.037354008054751496
0.525,0.5625,-0.06786842235011732,0.008196983244843753,0.0008253842997612722,-0.036880732549523336
0.525,0.5750000000000001,-0.06736088240970982,0.0081693218840625,0.0008319873741593625,-0.03640745704429516
0.525,0.5875,-0.06685334246930229,0.00814166052328125,0.0008385904485574525,-0.035934181539066995
0.525,0.6000000000000001,-0.0663458025288948,0.008113999162500002,0.0008451935229555427,-0.03546090603383882
0.525,0.6125,-0.06583826258848728,0.008086337801718751,0.000851796597353633,-0.03498763052861066
0.525,0.625,-0.06533072264807978,0.0080586764409375,0.0008583996717517231,-0.034514355023382494
0.525,0.6375000000000001,-0.06482318270767225,0.00803101508015625,0.0008650027461498134,-0.03404107951815431
0.525,0.65,-0.06431564276726476,0.008003353719375002,0.0008716058205479034,-0.03356780401292615
0.525,0.6625000000000001,-0.06380810282685725,0.00797569235859375,0.0008782088949459937,-0.033094528507697986
0.525,0.675,-0.06330056288644975,0.007948030997812501,0.0008848119693440838,-0.03262125300246982
0.525,0.6875,-0.06279302294604225,0.007920369637031252,0.000891415043742174,-0.03214797749724165
0.525,0.7000000000000001,-0.062285483005634724,0.00789270827625,0.0008980181181402643,-0.03167470199201348
0.525,0.7125,-0.06177794306522723,0.007865046915468752,0.0009046211925383543,-0.031201426486785307
0.525,0.7250000000000001,-0.06127040312481971,0.007837385554687501,0.0009112242669364446,-0.03072815098155714
0.525,0.7375,-0.060762863184412215,0.007809724193906252,0.0009178273413345347,-0.030254875476328973
0.525,0.75,-0.06025532324400471,0.007782062833125001,0.0009244304157326249,-0.02978159997110081
0.525,0.7625000000000001,-0.05974778330359719,0.00775440147234375,0.0009310334901307151,-0.029308324465872636
0.525,0.775,-0.059240243363189685,0.007726740111562501,0.0009376365645288052,-0.028835048960644472
0.525,0.7875000000000001,-0.05873270342278217,0.00769907875078125,0.0009442396389268955,-0.0283617734554163
0.525,0.8,-0.05822516348237467,0.007671417390000002,0.0009508427133249856,-0.02788849795018813
0.525,0.8125,-0.05771762354196715,0.007643756029218751,0.0009574457877230758,-0.027415222444959964
0.525,0.8250000000000001,-0.057210083601559644,0.007616094668437502,0.000964048862121166,-0.026941946939731794
0.525,0.8375,-0.05670254366115214,0.00758843330765625,0.000970651936519256,-0.02646867143450363
0.525,0.8500000000000001,-0.05619500372074462,0.007560771946875001,0.0009772550109173462,-0.025995395929275456
0.525,0.8625,-0.05568746378033712,0.007533110586093752,0.0009838580853154366,-0.02552212042404729
0.525,0.875,-0.055179923839929604,0.007505449225312501,0.0009904611597135267,-0.025048844918819122
0.525,0.8875000000000001,-0.0546723838995221,0.00747778786453125,0.000997064234111617,-0.024575569413590955
0.525,0.9,-0.05416484395911459,0.007450126503750001,0.001003667308509707,-0.024102293908362788
0.525,0.9125000000000001,-0.053657304018707094,0.007422465142968751,0.0010102703829077972,-0.023629018403134614
0.525,0.925,-0.05314976407829958,0.007394803782187501,0.0010168734573058873,-0.02315574289790645
0.525,0.9375,-0.05264222413789206,0.007367142421406252,0.0010234765317039774,-0.02268246739267828
0.525,0.9500000000000001,-0.05213468419748457,0.007339481060625001,0.0010300796061020678,-0.022209191887450113
0.525,0.9625,-0.051627144257077054,0.0073118196998437504,0.0010366826805001579,-0.021735916382221943
0.525,0.9750000000000001,-0.05111960431666954,0.007284158339062501,0.0010432857548982482,-0.021262640876993776
0.525,0.9875,-0.050612064376262034,0.007256496978281252,0.0010498888292963383,-0.020789365371765605
0.525,1.0,-0.05010452443585453,0.0072288356175,0.0010564919036944284,-0.020316089866537445
0.5375,0.0,-0.08953220497841388,0.009193277520000001,0.0005282459518472142,-0.0581129961597909
0.5375,0.0125,-0.08902336951394774,0.009166344089765627,0.0005348490262453043,-0.057637697199957205
0.5375,0.025,-0.08851453404948156,0.009139410659531251,0.0005414521006433945,-0.05716239824012352
0.5375,0.037500000000000006,-0.08800569858501543,0.009112477229296877,0.0005480551750414848,-0.05668709928028984
0.5375,0.05,-0.08749686312054927,0.009085543799062502,0.000554658249439575,-0.056211800320456154
0.5375,0.0625,-0.08698802765608313,0.009058610368828128,0.0005612613238376651,-0.05573650136062248
0.5375,0.07500000000000001,-0.08647919219161698,0.00903167693859375,0.0005678643982357553,-0.055261202400788786
0.5375,0.08750000000000001,-0.08597035672715084,0.009004743508359376,0.0005744674726338454,-0.05478590344095511
0.5375,0.1,-0.08546152126268466,0.008977810078125002,0.0005810705470319356,-0.05431060448112141
0.5375,0.1125,-0.08495268579821853,0.008950876647890625,0.0005876736214300259,-0.05383530552128773
0.5375,0.125,-0.08444385033375239,0.008923943217656253,0.000594276695828116,-0.05336000656145405
0.5375,0.1375,-0.08393501486928621,0.008897009787421875,0.0006008797702262062,-0.052884707601620354
0.5375,0.15000000000000002,-0.08342617940482008,0.008870076357187501,0.0006074828446242963,-0.052409408641786684
0.5375,0.1625,-0.08291734394035392,0.008843142926953125,0.0006140859190223866,-0.051934109681953
0.5375,0.17500000000000002,-0.08240850847588779,0.00881620949671875,0.0006206889934204767,-0.0514588107221193
0.5375,0.1875,-0.08189967301142162,0.008789276066484377,0.0006272920678185668,-0.05098351176228562
0.5375,0.2,-0.08139083754695549,0.00876234263625,0.0006338951422166571,-0.05050821280245194
0.5375,0.21250000000000002,-0.08088200208248934,0.008735409206015628,0.0006404982166147472,-0.05003291384261825
0.5375,0.225,-0.08037316661802318,0.00870847577578125,0.0006471012910128375,-0.04955761488278457
0.5375,0.23750000000000002,-0.07986433115355702,0.008681542345546876,0.0006537043654109276,-0.04908231592295088
0.5375,0.25,-0.0793554956890909,0.0086546089153125,0.0006603074398090177,-0.04860701696311721
0.5375,0.2625,-0.07884666022462473,0.008627675485078127,0.0006669105142071079,-0.048131718003283516
0.5375,0.275,-0.07833782476015859,0.00860074205484375,0.000673513588605198,-0.04765641904344983
0.5375,0.28750000000000003,-0.07782898929569243,0.008573808624609377,0.0006801166630032884,-0.04718112008361614
0.5375,0.30000000000000004,-0.07732015383122627,0.008546875194375001,0.0006867197374013785,-0.04670582112378245
0.5375,0.3125,-0.07681131836676014,0.008519941764140627,0.0006933228117994687,-0.04623052216394878
0.5375,0.325,-0.07630248290229397,0.008493008333906251,0.0006999258861975588,-0.045755223204115084
0.5375,0.3375,-0.07579364743782784,0.008466074903671876,0.0007065289605956489,-0.0452799242442814
0.5375,0.35000000000000003,-0.07528481197336168,0.008439141473437502,0.0007131320349937392,-0.04480462528444772
0.5375,0.36250000000000004,-0.07477597650889554,0.008412208043203124,0.0007197351093918294,-0.04432932632461404
0.5375,0.375,-0.07426714104442939,0.008385274612968752,0.0007263381837899196,-0.043854027364780356
0.5375,0.3875,-0.07375830557996321,0.008358341182734376,0.0007329412581880097,-0.043378728404946665
0.5375,0.4,-0.07324947011549708,0.0083314077525,0.0007395443325860999,-0.04290342944511298
0.5375,0.41250000000000003,-0.07274063465103094,0.008304474322265627,0.0007461474069841901,-0.0424281304852793
0.5375,0.42500000000000004,-0.07223179918656478,0.00827754089203125,0.0007527504813822802,-0.04195283152544561
0.5375,0.4375,-0.07172296372209862,0.008250607461796877,0.0007593535557803704,-0.04147753256561192
0.5375,0.45,-0.07121412825763249,0.008223674031562501,0.0007659566301784606,-0.04100223360577824
0.5375,0.4625,-0.07070529279316631,0.008196740601328127,0.0007725597045765508,-0.040526934645944555
0.5375,0.47500000000000003,-0.0701964573287002,0.008169807171093751,0.000779162778974641,-0.04005163568611088
0.5375,0.48750000000000004,-0.06968762186423402,0.008142873740859376,0.0007857658533727312,-0.03957633672627718
0.5375,0.5,-0.06917878639976788,0.008115940310625002,0.0007923689277708213,-0.03910103776644351
0.5375,0.5125000000000001,-0.06866995093530173,0.008089006880390626,0.0007989720021689115,-0.03862573880660981
0.5375,0.525,-0.06816111547083559,0.00806207345015625,0.0008055750765670017,-0.03815043984677614
0.5375,0.5375,-0.06765228000636944,0.008035140019921878,0.0008121781509650919,-0.037675140886942446
0.5375,0.55,-0.06714344454190328,0.0080082065896875,0.0008187812253631821,-0.03719984192710876
0.5375,0.5625,-0.06663460907743712,0.007981273159453128,0.0008253842997612722,-0.03672454296727508
0.5375,0.5750000000000001,-0.06612577361297098,0.00795433972921875,0.0008319873741593625,-0.036249244007441395
0.5375,0.5875,-0.06561693814850482,0.007927406298984377,0.0008385904485574525,-0.035773945047607704
0.5375,0.6000000000000001,-0.06510810268403867,0.007900472868750001,0.0008451935229555427,-0.03529864608777401
0.5375,0.6125,-0.06459926721957253,0.007873539438515627,0.000851796597353633,-0.034823347127940336
0.5375,0.625,-0.06409043175510638,0.007846606008281251,0.0008583996717517231,-0.03434804816810666
0.5375,0.6375000000000001,-0.06358159629064022,0.007819672578046876,0.0008650027461498134,-0.03387274920827296
0.5375,0.65,-0.06307276082617408,0.007792739147812501,0.0008716058205479034,-0.033397450248439285
0.5375,0.6625000000000001,-0.06256392536170793,0.007765805717578126,0.0008782088949459937,-0.0329221512886056
0.5375,0.675,-0.06205508989724178,0.007738872287343751,0.0008848119693440838,-0.03244685232877192
0.5375,0.6875,-0.061546254432775636,0.007711938857109376,0.000891415043742174,-0.03197155336893823
0.5375,0.7000000000000001,-0.06103741896830947,0.007685005426875001,0.0008980181181402643,-0.03149625440910454
0.5375,0.7125,-0.060528583503843325,0.007658071996640626,0.0009046211925383543,-0.031020955449270863
0.5375,0.7250000000000001,-0.06001974803937718,0.007631138566406251,0.0009112242669364446,-0.03054565648943718
0.5375,0.7375,-0.05951091257491105,0.007604205136171878,0.0009178273413345347,-0.030070357529603495
0.5375,0.75,-0.05900207711044488,0.007577271705937501,0.0009244304157326249,-0.02959505856976981
0.5375,0.7625000000000001,-0.05849324164597872,0.007550338275703126,0.0009310334901307151,-0.02911975960993612
0.5375,0.775,-0.05798440618151258,0.00752340484546875,0.0009376365645288052,-0.028644460650102437
0.5375,0.7875000000000001,-0.05747557071704641,0.007496471415234377,0.0009442396389268955,-0.028169161690268747
0.5375,0.8,-0.05696673525258028,0.007469537985000002,0.0009508427133249856,-0.02769386273043507
0.5375,0.8125,-0.05645789978811412,0.007442604554765627,0.0009574457877230758,-0.027218563770601382
0.5375,0.8250000000000001,-0.055949064323647976,0.007415671124531251,0.000964048862121166,-0.026743264810767695
0.5375,0.8375,-0.055440228859181824,0.007388737694296876,0.000970651936519256,-0.026267965850934015
0.5375,0.8500000000000001,-0.05493139339471569,0.0073618042640625015,0.0009772550109173462,-0.025792666891100328
0.5375,0.8625,-0.05442255793024952,0.007334870833828127,0.0009838580853154366,-0.025317367931266644
0.5375,0.875,-0.05391372246578339,0.007307937403593752,0.0009904611597135267,-0.024842068971432964
0.5375,0.8875000000000001,-0.05340488700131722,0.007281003973359375,0.000997064234111617,-0.024366770011599276
0.5375,0.9,-0.05289605153685109,0.007254070543125,0.001003667308509707,-0.023891471051765593
0.5375,0.9125000000000001,-0.05238721607238492,0.007227137112890627,0.0010102703829077972,-0.023416172091931902
0.5375,0.925,-0.05187838060791877,0.007200203682656251,0.0010168734573058873,-0.022940873132098222
0.5375,0.9375,-0.05136954514345263,0.0071732702524218775,0.0010234765317039774,-0.022465574172264535
0.5375,0.9500000000000001,-0.050860709678986475,0.0071463368221875,0.0010300796061020678,-0.02199027521243085
0.5375,0.9625,-0.05035187421452033,0.007119403391953126,0.0010366826805001579,-0.021514976252597167
0.5375,0.9750000000000001,-0.049843038750054164,0.00709246996171875,0.0010432857548982482,-0.02103967729276348
0.5375,0.9875,-0.04933420328558803,0.007065536531484377,0.0010498888292963383,-0.020564378332929793
0.5375,1.0,-0.04882536782112187,0.007038603101250002,0.0010564919036944284,-0.020089079373096116
0.55,0.0,-0.08835669028837258,0.00894481056,0.0005282459518472142,-0.058047862034790905
0.55,0.0125,-0.0878465592998478,0.0089186050603125,0.0005348490262453043,-0.0575705396203517
0.55,0.025,-0.08733642831132299,0.008892399560625,0.0005414521006433945,-0.05709321720591249
0.55,0.037500000000000006,-0.08682629732279819,0.0088661940609375,0.0005480551750414848,-0.0566158947914733
0.55,0.05,-0.0863161663342734,0.00883998856125,0.000554658249439575,-0.05613857237703409
0.55,0.0625,-0.08580603534574863,0.0088137830615625,0.0005612613238376651,-0.055661249962594896
0.55,0.07500000000000001,-0.08529590435722381,0.008787577561875001,0.0005678643982357553,-0.05518392754815569
0.55,0.08750000000000001,-0.08478577336869904,0.008761372062187502,0.0005744674726338454,-0.054706605133716495
0.55,0.1,-0.08427564238017424,0.0087351665625,0.0005810705470319356,-0.05422928271927728
0.55,0.1125,-0.08376551139164945,0.0087089610628125,0.0005876736214300259,-0.05375196030483809
0.55,0.125,-0.08325538040312468,0.008682755563125,0.000594276695828116,-0.053274637890398886
0.55,0.1375,-0.08274524941459986,0.0086565500634375,0.0006008797702262062,-0.05279731547595968
0.55,0.15000000000000002,-0.08223511842607509,0.00863034456375,0.0006074828446242963,-0.05231999306152048
0.55,0.1625,-0.08172498743755027,0.0086041390640625,0.0006140859190223866,-0.05184267064708128
0.55,0.17500000000000002,-0.0812148564490255,0.008577933564375,0.0006206889934204767,-0.051365348232642084
0.55,0.1875,-0.08070472546050071,0.0085517280646875,0.0006272920678185668,-0.05088802581820287
0.55,0.2,-0.08019459447197591,0.008525522564999999,0.0006338951422166571,-0.05041070340376368
0.55,0.21250000000000002,-0.07968446348345112,0.0084993170653125,0.0006404982166147472,-0.049933380989324476
0.55,0.225,-0.07917433249492632,0.008473111565625,0.0006471012910128375,-0.04945605857488527
0.55,0.23750000000000002,-0.07866420150640151,0.008446906065937499,0.0006537043654109276,-0.04897873616044607
0.55,0.25,-0.07815407051787673,0.008420700566250001,0.0006603074398090177,-0.04850141374600687
0.55,0.2625,-0.07764393952935197,0.0083944950665625,0.0006669105142071079,-0.04802409133156767
0.55,0.275,-0.07713380854082715,0.008368289566875,0.000673513588605198,-0.04754676891712847
0.55,0.28750000000000003,-0.07662367755230237,0.008342084067187502,0.0006801166630032884,-0.04706944650268926
0.55,0.30000000000000004,-0.0761135465637776,0.0083158785675,0.0006867197374013785,-0.04659212408825006
0.55,0.3125,-0.0756034155752528,0.008289673067812501,0.0006933228117994687,-0.046114801673810865
0.55,0.325,-0.07509328458672798,0.008263467568125,0.0006999258861975588,-0.04563747925937166
0.55,0.3375,-0.0745831535982032,0.008237262068437499,0.0007065289605956489,-0.04516015684493246
0.55,0.35000000000000003,-0.07407302260967842,0.00821105656875,0.0007131320349937392,-0.044682834430493264
0.55,0.36250000000000004,-0.07356289162115365,0.008184851069062499,0.0007197351093918294,-0.044205512016054056
0.55,0.375,-0.07305276063262883,0.008158645569375001,0.0007263381837899196,-0.043728189601614856
0.55,0.3875,-0.07254262964410402,0.0081324400696875,0.0007329412581880097,-0.04325086718717565
0.55,0.4,-0.07203249865557924,0.008106234569999999,0.0007395443325860999,-0.042773544772736455
0.55,0.41250000000000003,-0.07152236766705446,0.0080800290703125,0.0007461474069841901,-0.04229622235829725
0.55,0.42500000000000004,-0.07101223667852966,0.008053823570624999,0.0007527504813822802,-0.04181889994385805
0.55,0.4375,-0.07050210569000488,0.008027618070937501,0.0007593535557803704,-0.041341577529418846
0.55,0.45,-0.06999197470148008,0.00800141257125,0.0007659566301784606,-0.040864255114979646
0.55,0.4625,-0.06948184371295527,0.0079752070715625,0.0007725597045765508,-0.04038693270054044
0.55,0.47500000000000003,-0.06897171272443052,0.007949001571875001,0.000779162778974641,-0.039909610286101245
0.55,0.48750000000000004,-0.0684615817359057,0.007922796072187498,0.0007857658533727312,-0.03943228787166204
0.55,0.5,-0.0679514507473809,0.0078965905725,0.0007923689277708213,-0.038954965457222844
0.55,0.5125000000000001,-0.06744131975885612,0.0078703850728125,0.0007989720021689115,-0.03847764304278364
0.55,0.525,-0.06693118877033133,0.007844179573125,0.0008055750765670017,-0.038000320628344436
0.55,0.5375,-0.06642105778180653,0.0078179740734375,0.0008121781509650919,-0.037522998213905236
0.55,0.55,-0.06591092679328175,0.007791768573749999,0.0008187812253631821,-0.03704567579946603
0.55,0.5625,-0.06540079580475694,0.0077655630740625006,0.0008253842997612722,-0.036568353385026835
0.55,0.5750000000000001,-0.06489066481623215,0.0077393575743749995,0.0008319873741593625,-0.03609103097058763
0.55,0.5875,-0.06438053382770736,0.0077131520746875,0.0008385904485574525,-0.03561370855614842
0.55,0.6000000000000001,-0.06387040283918258,0.007686946575000001,0.0008451935229555427,-0.035136386141709226
0.55,0.6125,-0.06336027185065778,0.0076607410753125,0.000851796597353633,-0.034659063727270026
0.55,0.625,-0.062850140862133,0.007634535575625,0.0008583996717517231,-0.034181741312830825
0.55,0.6375000000000001,-0.06234000987360819,0.007608330075937501,0.0008650027461498134,-0.03370441889839162
0.55,0.65,-0.06182987888508341,0.00758212457625,0.0008716058205479034,-0.033227096483952424
0.55,0.6625000000000001,-0.06131974789655863,0.0075559190765625,0.0008782088949459937,-0.03274977406951322
0.55,0.675,-0.06080961690803382,0.007529713576875,0.0008848119693440838,-0.032272451655074016
0.55,0.6875,-0.06029948591950904,0.007503508077187501,0.000891415043742174,-0.031795129240634816
0.55,0.7000000000000001,-0.05978935493098423,0.007477302577499998,0.0008980181181402643,-0.031317806826195616
0.55,0.7125,-0.05927922394245945,0.007451097077812501,0.0009046211925383543,-0.030840484411756415
0.55,0.7250000000000001,-0.05876909295393467,0.007424891578125001,0.0009112242669364446,-0.03036316199731721
0.55,0.7375,-0.05825896196540986,0.0073986860784375,0.0009178273413345347,-0.029885839582878007
0.55,0.75,-0.05774883097688509,0.00737248057875,0.0009244304157326249,-0.029408517168438814
0.55,0.7625000000000001,-0.057238699988360286,0.0073462750790625,0.0009310334901307151,-0.028931194753999606
0.55,0.775,-0.056728568999835506,0.007320069579375,0.0009376365645288052,-0.028453872339560406
0.55,0.7875000000000001,-0.0562184380113107,0.0072938640796875,0.0009442396389268955,-0.027976549925121198
0.55,0.8,-0.05570830702278591,0.007267658580000001,0.0009508427133249856,-0.027499227510682005
0.55,0.8125,-0.05519817603426111,0.007241453080312502,0.0009574457877230758,-0.027021905096242804
0.55,0.8250000000000001,-0.05468804504573633,0.007215247580624999,0.000964048862121166,-0.026544582681803597
0.55,0.8375,-0.05417791405721155,0.0071890420809375,0.000970651936519256,-0.0260672602673644
0.55,0.8500000000000001,-0.053667783068686734,0.007162836581250001,0.0009772550109173462,-0.025589937852925192
0.55,0.8625,-0.05315765208016193,0.0071366310815625,0.0009838580853154366,-0.025112615438485992
0.55,0.875,-0.05264752109163715,0.0071104255818750005,0.0009904611597135267,-0.024635293024046795
0.55,0.8875000000000001,-0.05213739010311237,0.0070842200821874994,0.000997064234111617,-0.024157970609607594
0.55,0.9,-0.051627259114587584,0.0070580145825,0.001003667308509707,-0.023680648195168394
0.55,0.9125000000000001,-0.0511171281260628,0.007031809082812501,0.0010102703829077972,-0.02320332578072919
0.55,0.925,-0.05060699713753799,0.0070056035831250005,0.0010168734573058873,-0.022726003366289986
0.55,0.9375,-0.05009686614901321,0.006979398083437501,0.0010234765317039774,-0.022248680951850786
0.55,0.9500000000000001,-0.04958673516048842,0.006953192583749999,0.0010300796061020678,-0.021771358537411585
0.55,0.9625,-0.04907660417196362,0.006926987084062501,0.0010366826805001579,-0.02129403612297238
0.55,0.9750000000000001,-0.04856647318343883,0.006900781584375,0.0010432857548982482,-0.02081671370853318
0.55,0.9875,-0.04805634219491403,0.0068745760846875,0.0010498888292963383,-0.02033939129409398
0.55,1.0,-0.047546211206389244,0.006848370585000001,0.0010564919036944284,-0.019862068879654783
0.5625,0.0,-0.08718117559833126,0.008696343600000002,0.0005282459518472142,-0.05798272790979091
0.5625,0.0125,-0.08666974908574782,0.008670866030859375,0.0005348490262453043,-0.05750338204074618
0.5625,0.025,-0.0861583225731644,0.00864538846171875,0.0005414521006433945,-0.05702403617170146
0.5625,0.037500000000000006,-0.08564689606058097,0.008619910892578126,0.0005480551750414848,-0.05654469030265675
0.5625,0.05,-0.08513546954799751,0.0085944333234375,0.000554658249439575,-0.056065344433612024
0.5625,0.0625,-0.08462404303541411,0.008568955754296875,0.0005612613238376651,-0.055585998564567314
0.5625,0.07500000000000001,-0.08411261652283067,0.00854347818515625,0.0005678643982357553,-0.05510665269552259
0.5625,0.08750000000000001,-0.08360119001024724,0.008518000616015625,0.0005744674726338454,-0.05462730682647788
0.5625,0.1,-0.0830897634976638,0.008492523046875,0.0005810705470319356,-0.054147960957433156
0.5625,0.1125,-0.08257833698508035,0.008467045477734376,0.0005876736214300259,-0.05366861508838844
0.5625,0.125,-0.08206691047249694,0.008441567908593751,0.000594276695828116,-0.05318926921934372
0.5625,0.1375,-0.0815554839599135,0.008416090339453125,0.0006008797702262062,-0.05270992335029899
0.5625,0.15000000000000002,-0.08104405744733006,0.008390612770312502,0.0006074828446242963,-0.05223057748125428
0.5625,0.1625,-0.08053263093474664,0.008365135201171875,0.0006140859190223866,-0.05175123161220957
0.5625,0.17500000000000002,-0.0800212044221632,0.008339657632031249,0.0006206889934204767,-0.051271885743164845
0.5625,0.1875,-0.07950977790957975,0.008314180062890626,0.0006272920678185668,-0.05079253987412013
0.5625,0.2,-0.07899835139699632,0.00828870249375,0.0006338951422166571,-0.05031319400507542
0.5625,0.21250000000000002,-0.07848692488441289,0.008263224924609375,0.0006404982166147472,-0.049833848136030694
0.5625,0.225,-0.07797549837182947,0.008237747355468752,0.0006471012910128375,-0.04935450226698597
0.5625,0.23750000000000002,-0.07746407185924603,0.008212269786328125,0.0006537043654109276,-0.04887515639794125
0.5625,0.25,-0.0769526453466626,0.008186792217187502,0.0006603074398090177,-0.04839581052889654
0.5625,0.2625,-0.07644121883407917,0.008161314648046876,0.0006669105142071079,-0.04791646465985182
0.5625,0.275,-0.07592979232149573,0.008135837078906251,0.000673513588605198,-0.0474371187908071
0.5625,0.28750000000000003,-0.0754183658089123,0.008110359509765625,0.0006801166630032884,-0.046957772921762383
0.5625,0.30000000000000004,-0.07490693929632886,0.008084881940625,0.0006867197374013785,-0.046478427052717666
0.5625,0.3125,-0.07439551278374543,0.008059404371484377,0.0006933228117994687,-0.04599908118367295
0.5625,0.325,-0.073884086271162,0.008033926802343749,0.0006999258861975588,-0.045519735314628225
0.5625,0.3375,-0.07337265975857857,0.008008449233203126,0.0007065289605956489,-0.04504038944558351
0.5625,0.35000000000000003,-0.07286123324599514,0.0079829716640625,0.0007131320349937392,-0.0445610435765388
0.5625,0.36250000000000004,-0.0723498067334117,0.007957494094921875,0.0007197351093918294,-0.04408169770749407
0.5625,0.375,-0.07183838022082827,0.00793201652578125,0.0007263381837899196,-0.04360235183844936
0.5625,0.3875,-0.07132695370824484,0.007906538956640626,0.0007329412581880097,-0.04312300596940464
0.5625,0.4,-0.07081552719566139,0.0078810613875,0.0007395443325860999,-0.04264366010035992
0.5625,0.41250000000000003,-0.07030410068307796,0.007855583818359376,0.0007461474069841901,-0.0421643142313152
0.5625,0.42500000000000004,-0.0697926741704945,0.00783010624921875,0.0007527504813822802,-0.04168496836227048
0.5625,0.4375,-0.0692812476579111,0.007804628680078127,0.0007593535557803704,-0.04120562249322576
0.5625,0.45,-0.06876982114532766,0.007779151110937499,0.0007659566301784606,-0.040726276624181046
0.5625,0.4625,-0.06825839463274423,0.007753673541796876,0.0007725597045765508,-0.04024693075513633
0.5625,0.47500000000000003,-0.0677469681201608,0.007728195972656249,0.000779162778974641,-0.03976758488609161
0.5625,0.48750000000000004,-0.06723554160757736,0.007702718403515625,0.0007857658533727312,-0.039288239017046894
0.5625,0.5,-0.06672411509499394,0.007677240834375001,0.0007923689277708213,-0.038808893148002184
0.5625,0.5125000000000001,-0.0662126885824105,0.007651763265234375,0.0007989720021689115,-0.03832954727895746
0.5625,0.525,-0.06570126206982706,0.007626285696093751,0.0008055750765670017,-0.03785020140991274
0.5625,0.5375,-0.06518983555724364,0.007600808126953126,0.0008121781509650919,-0.037370855540868025
0.5625,0.55,-0.0646784090446602,0.007575330557812499,0.0008187812253631821,-0.0368915096718233
0.5625,0.5625,-0.06416698253207676,0.007549852988671876,0.0008253842997612722,-0.03641216380277859
0.5625,0.5750000000000001,-0.06365555601949333,0.00752437541953125,0.0008319873741593625,-0.03593281793373387
0.5625,0.5875,-0.06314412950690988,0.007498897850390625,0.0008385904485574525,-0.03545347206468914
0.5625,0.6000000000000001,-0.06263270299432647,0.007473420281250001,0.0008451935229555427,-0.034974126195644425
0.5625,0.6125,-0.062121276481743024,0.007447942712109375,0.000851796597353633,-0.03449478032659971
0.5625,0.625,-0.061609849969159594,0.007422465142968751,0.0008583996717517231,-0.034015434457555
0.5625,0.6375000000000001,-0.06109842345657615,0.0073969875738281255,0.0008650027461498134,-0.03353608858851027
0.5625,0.65,-0.06058699694399272,0.007371510004687501,0.0008716058205479034,-0.03305674271946556
0.5625,0.6625000000000001,-0.0600755704314093,0.007346032435546877,0.0008782088949459937,-0.03257739685042084
0.5625,0.675,-0.05956414391882586,0.007320554866406251,0.0008848119693440838,-0.03209805098137612
0.5625,0.6875,-0.05905271740624243,0.007295077297265627,0.000891415043742174,-0.031618705112331405
0.5625,0.7000000000000001,-0.05854129089365899,0.007269599728124999,0.0008980181181402643,-0.03113935924328668
0.5625,0.7125,-0.05802986438107556,0.0072441221589843756,0.0009046211925383543,-0.03066001337424197
0.5625,0.7250000000000001,-0.05751843786849213,0.007218644589843751,0.0009112242669364446,-0.030180667505197246
0.5625,0.7375,-0.05700701135590869,0.007193167020703125,0.0009178273413345347,-0.02970132163615253
0.5625,0.75,-0.05649558484332527,0.007167689451562501,0.0009244304157326249,-0.02922197576710782
0.5625,0.7625000000000001,-0.05598415833074183,0.007142211882421875,0.0009310334901307151,-0.028742629898063088
0.5625,0.775,-0.05547273181815839,0.007116734313281251,0.0009376365645288052,-0.028263284029018378
0.5625,0.7875000000000001,-0.05496130530557496,0.0070912567441406265,0.0009442396389268955,-0.027783938159973653
0.5625,0.8,-0.054449878792991534,0.007065779175000001,0.0009508427133249856,-0.027304592290928943
0.5625,0.8125,-0.0539384522804081,0.007040301605859376,0.0009574457877230758,-0.02682524642188422
0.5625,0.8250000000000001,-0.05342702576782467,0.00701482403671875,0.000964048862121166,-0.026345900552839502
0.5625,0.8375,-0.052915599255241225,0.006989346467578125,0.000970651936519256,-0.025866554683794785
0.5625,0.8500000000000001,-0.052404172742657795,0.006963868898437501,0.0009772550109173462,-0.02538720881475006
0.5625,0.8625,-0.05189274623007435,0.006938391329296875,0.0009838580853154366,-0.024907862945705343
0.5625,0.875,-0.05138131971749093,0.006912913760156251,0.0009904611597135267,-0.024428517076660633
0.5625,0.8875000000000001,-0.05086989320490749,0.0068874361910156254,0.000997064234111617,-0.023949171207615916
0.5625,0.9,-0.05035846669232407,0.006861958621875001,0.001003667308509707,-0.0234698253385712
0.5625,0.9125000000000001,-0.049847040179740634,0.006836481052734377,0.0010102703829077972,-0.022990479469526474
0.5625,0.925,-0.0493356136671572,0.006811003483593751,0.0010168734573058873,-0.022511133600481757
0.5625,0.9375,-0.04882418715457376,0.006785525914453127,0.0010234765317039774,-0.02203178773143704
0.5625,0.9500000000000001,-0.04831276064199033,0.006760048345312499,0.0010300796061020678,-0.021552441862392323
0.5625,0.9625,-0.04780133412940689,0.0067345707761718755,0.0010366826805001579,-0.021073095993347606
0.5625,0.9750000000000001,-0.04728990761682346,0.006709093207031251,0.0010432857548982482,-0.02059375012430288
0.5625,0.9875,-0.046778481104240016,0.006683615637890625,0.0010498888292963383,-0.020114404255258164
0.5625,1.0,-0.046267054591656594,0.0066581380687500006,0.0010564919036944284,-0.019635058386213454
0.5750000000000001,0.0,-0.08600566090828995,0.008447876640000001,0.0005282459518472142,-0.0579175937847909
0.5750000000000001,0.0125,-0.08549293887164786,0.008423127001406249,0.0005348490262453043,-0.05743622446114066
0.5750000000000001,0.025,-0.08498021683500578,0.0083983773628125,0.0005414521006433945,-0.05695485513749042
0.5750000000000001,0.037500000000000006,-0.0844674947983637,0.00837362772421875,0.0005480551750414848,-0.05647348581384019
0.5750000000000001,0.05,-0.08395477276172164,0.008348878085624999,0.000554658249439575,-0.05599211649018995
0.5750000000000001,0.0625,-0.08344205072507956,0.00832412844703125,0.0005612613238376651,-0.055510747166539726
0.5750000000000001,0.07500000000000001,-0.0829293286884375,0.0082993788084375,0.0005678643982357553,-0.055029377842889485
0.5750000000000001,0.08750000000000001,-0.08241660665179543,0.00827462916984375,0.0005744674726338454,-0.05454800851923926
0.5750000000000001,0.1,-0.08190388461515333,0.00824987953125,0.0005810705470319356,-0.05406663919558902
0.5750000000000001,0.1125,-0.08139116257851126,0.008225129892656249,0.0005876736214300259,-0.053585269871938776
0.5750000000000001,0.125,-0.0808784405418692,0.0082003802540625,0.000594276695828116,-0.05310390054828855
0.5750000000000001,0.1375,-0.08036571850522711,0.008175630615468749,0.0006008797702262062,-0.05262253122463831
0.5750000000000001,0.15000000000000002,-0.07985299646858503,0.008150880976875,0.0006074828446242963,-0.05214116190098808
0.5750000000000001,0.1625,-0.07934027443194296,0.008126131338281252,0.0006140859190223866,-0.05165979257733785
0.5750000000000001,0.17500000000000002,-0.0788275523953009,0.0081013816996875,0.0006206889934204767,-0.051178423253687606
0.5750000000000001,0.1875,-0.07831483035865883,0.00807663206109375,0.0006272920678185668,-0.05069705393003737
0.5750000000000001,0.2,-0.07780210832201674,0.0080518824225,0.0006338951422166571,-0.050215684606387145
0.5750000000000001,0.21250000000000002,-0.07728938628537467,0.00802713278390625,0.0006404982166147472,-0.049734315282736904
0.5750000000000001,0.225,-0.07677666424873258,0.0080023831453125,0.0006471012910128375,-0.049252945959086664
0.5750000000000001,0.23750000000000002,-0.0762639422120905,0.007977633506718748,0.0006537043654109276,-0.04877157663543644
0.5750000000000001,0.25,-0.07575122017544844,0.007952883868125002,0.0006603074398090177,-0.04829020731178621
0.5750000000000001,0.2625,-0.07523849813880636,0.00792813422953125,0.0006669105142071079,-0.04780883798813597
0.5750000000000001,0.275,-0.0747257761021643,0.0079033845909375,0.000673513588605198,-0.04732746866448573
0.5750000000000001,0.28750000000000003,-0.07421305406552221,0.007878634952343751,0.0006801166630032884,-0.046846099340835494
0.5750000000000001,0.30000000000000004,-0.07370033202888014,0.00785388531375,0.0006867197374013785,-0.04636473001718526
0.5750000000000001,0.3125,-0.07318760999223808,0.00782913567515625,0.0006933228117994687,-0.04588336069353503
0.5750000000000001,0.325,-0.07267488795559598,0.0078043860365624995,0.0006999258861975588,-0.045401991369884785
0.5750000000000001,0.3375,-0.07216216591895391,0.0077796363979687495,0.0007065289605956489,-0.04492062204623455
0.5750000000000001,0.35000000000000003,-0.07164944388231184,0.007754886759375,0.0007131320349937392,-0.04443925272258433
0.5750000000000001,0.36250000000000004,-0.07113672184566977,0.00773013712078125,0.0007197351093918294,-0.04395788339893409
0.5750000000000001,0.375,-0.07062399980902768,0.007705387482187501,0.0007263381837899196,-0.043476514075283856
0.5750000000000001,0.3875,-0.07011127777238561,0.00768063784359375,0.0007329412581880097,-0.042995144751633615
0.5750000000000001,0.4,-0.06959855573574354,0.007655888205000001,0.0007395443325860999,-0.04251377542798339
0.5750000000000001,0.41250000000000003,-0.06908583369910146,0.007631138566406249,0.0007461474069841901,-0.04203240610433315
0.5750000000000001,0.42500000000000004,-0.06857311166245939,0.007606388927812499,0.0007527504813822802,-0.04155103678068291
0.5750000000000001,0.4375,-0.06806038962581731,0.00758163928921875,0.0007593535557803704,-0.04106966745703268
0.5750000000000001,0.45,-0.06754766758917524,0.007556889650625,0.0007659566301784606,-0.040588298133382446
0.5750000000000001,0.4625,-0.06703494555253314,0.007532140012031251,0.0007725597045765508,-0.040106928809732205
0.5750000000000001,0.47500000000000003,-0.0665222235158911,0.0075073903734375,0.000779162778974641,-0.03962555948608198
0.5750000000000001,0.48750000000000004,-0.06600950147924901,0.00748264073484375,0.0007857658533727312,-0.03914419016243174
0.5750000000000001,0.5,-0.06549677944260694,0.007457891096250002,0.0007923689277708213,-0.03866282083878151
0.5750000000000001,0.5125000000000001,-0.06498405740596486,0.0074331414576562505,0.0007989720021689115,-0.03818145151513127
0.5750000000000001,0.525,-0.0644713353693228,0.0074083918190624995,0.0008055750765670017,-0.037700082191481035
0.5750000000000001,0.5375,-0.06395861333268073,0.0073836421804687495,0.0008121781509650919,-0.0372187128678308
0.5750000000000001,0.55,-0.06344589129603864,0.0073588925418749986,0.0008187812253631821,-0.03673734354418056
0.5750000000000001,0.5625,-0.06293316925939657,0.007334142903281251,0.0008253842997612722,-0.03625597422053033
0.5750000000000001,0.5750000000000001,-0.0624204472227545,0.007309393264687499,0.0008319873741593625,-0.0357746048968801
0.5750000000000001,0.5875,-0.061907725186112414,0.00728464362609375,0.0008385904485574525,-0.03529323557322986
0.5750000000000001,0.6000000000000001,-0.061395003149470335,0.007259893987500001,0.0008451935229555427,-0.034811866249579625
0.5750000000000001,0.6125,-0.06088228111282827,0.007235144348906251,0.000851796597353633,-0.03433049692592939
0.5750000000000001,0.625,-0.0603695590761862,0.0072103947103125,0.0008583996717517231,-0.03384912760227916
0.5750000000000001,0.6375000000000001,-0.05985683703954411,0.00718564507171875,0.0008650027461498134,-0.033367758278628916
0.5750000000000001,0.65,-0.05934411500290203,0.007160895433125,0.0008716058205479034,-0.03288638895497869
0.5750000000000001,0.6625000000000001,-0.05883139296625997,0.007136145794531251,0.0008782088949459937,-0.03240501963132845
0.5750000000000001,0.675,-0.0583186709296179,0.0071113961559375,0.0008848119693440838,-0.03192365030767822
0.5750000000000001,0.6875,-0.05780594889297582,0.007086646517343751,0.000891415043742174,-0.03144228098402799
0.5750000000000001,0.7000000000000001,-0.05729322685633373,0.0070618968787500005,0.0008980181181402643,-0.03096091166037775
0.5750000000000001,0.7125,-0.05678050481969167,0.0070371472401562505,0.0009046211925383543,-0.030479542336727516
0.5750000000000001,0.7250000000000001,-0.0562677827830496,0.007012397601562501,0.0009112242669364446,-0.029998173013077282
0.5750000000000001,0.7375,-0.05575506074640752,0.00698764796296875,0.0009178273413345347,-0.029516803689427048
0.5750000000000001,0.75,-0.05524233870976544,0.006962898324375,0.0009244304157326249,-0.029035434365776817
0.5750000000000001,0.7625000000000001,-0.05472961667312337,0.006938148685781249,0.0009310334901307151,-0.02855406504212658
0.5750000000000001,0.775,-0.05421689463648129,0.006913399047187499,0.0009376365645288052,-0.02807269571847634
0.5750000000000001,0.7875000000000001,-0.0537041725998392,0.00688864940859375,0.0009442396389268955,-0.0275913263948261
0.5750000000000001,0.8,-0.05319145056319714,0.006863899770000001,0.0009508427133249856,-0.027109957071175878
0.5750000000000001,0.8125,-0.05267872852655507,0.006839150131406251,0.0009574457877230758,-0.02662858774752564
0.5750000000000001,0.8250000000000001,-0.05216600648991299,0.0068144004928125,0.000964048862121166,-0.026147218423875403
0.5750000000000001,0.8375,-0.051653284453270915,0.00678965085421875,0.000970651936519256,-0.02566584910022517
0.5750000000000001,0.8500000000000001,-0.05114056241662886,0.006764901215625001,0.0009772550109173462,-0.025184479776574932
0.5750000000000001,0.8625,-0.050627840379986765,0.006740151577031251,0.0009838580853154366,-0.024703110452924698
0.5750000000000001,0.875,-0.05011511834334469,0.0067154019384375,0.0009904611597135267,-0.024221741129274468
0.5750000000000001,0.8875000000000001,-0.049602396306702615,0.00669065229984375,0.000997064234111617,-0.02374037180562423
0.5750000000000001,0.9,-0.04908967427006056,0.0066659026612500005,0.001003667308509707,-0.023259002481974
0.5750000000000001,0.9125000000000001,-0.048576952233418465,0.00664115302265625,0.0010102703829077972,-0.02277763315832376
0.5750000000000001,0.925,-0.048064230196776386,0.006616403384062501,0.0010168734573058873,-0.022296263834673525
0.5750000000000001,0.9375,-0.047551508160134315,0.00659165374546875,0.0010234765317039774,-0.02181489451102329
0.5750000000000001,0.9500000000000001,-0.04703878612349226,0.006566904106875,0.0010300796061020678,-0.021333525187373054
0.5750000000000001,0.9625,-0.04652606408685018,0.006542154468281251,0.0010366826805001579,-0.020852155863722823
0.5750000000000001,0.9750000000000001,-0.046013342050208086,0.0065174048296875,0.0010432857548982482,-0.020370786540072586
0.5750000000000001,0.9875,-0.045500620013566015,0.00649265519109375,0.0010498888292963383,-0.01988941721642235
0.5750000000000001,1.0,-0.04498789797692395,0.006467905552500001,0.0010564919036944284,-0.01940804789277212
0.5875,0.0,-0.08483014621824866,0.008199409680000002,0.0005282459518472142,-0.057852459659790904
0.5875,0.0125,-0.08431612865754792,0.008175387971953125,0.0005348490262453043,-0.05736906688153514
0.5875,0.025,-0.0838021110968472,0.008151366263906251,0.0005414521006433945,-0.05688567410327939
0.5875,0.037500000000000006,-0.0832880935361465,0.008127344555859376,0.0005480551750414848,-0.05640228132502364
0.5875,0.05,-0.08277407597544577,0.0081033228478125,0.000554658249439575,-0.05591888854676789
0.5875,0.0625,-0.08226005841474505,0.008079301139765627,0.0005612613238376651,-0.05543549576851215
0.5875,0.07500000000000001,-0.08174604085404434,0.00805527943171875,0.0005678643982357553,-0.054952102990256387
0.5875,0.08750000000000001,-0.08123202329334363,0.008031257723671876,0.0005744674726338454,-0.054468710212000636
0.5875,0.1,-0.0807180057326429,0.008007236015625002,0.0005810705470319356,-0.053985317433744885
0.5875,0.1125,-0.08020398817194221,0.007983214307578125,0.0005876736214300259,-0.053501924655489135
0.5875,0.125,-0.07968997061124147,0.007959192599531251,0.000594276695828116,-0.053018531877233384
0.5875,0.1375,-0.07917595305054075,0.007935170891484376,0.0006008797702262062,-0.052535139098977626
0.5875,0.15000000000000002,-0.07866193548984005,0.007911149183437499,0.0006074828446242963,-0.05205174632072188
0.5875,0.1625,-0.07814791792913932,0.007887127475390625,0.0006140859190223866,-0.05156835354246613
0.5875,0.17500000000000002,-0.07763390036843862,0.007863105767343751,0.0006206889934204767,-0.051084960764210374
0.5875,0.1875,-0.0771198828077379,0.007839084059296876,0.0006272920678185668,-0.050601567985954624
0.5875,0.2,-0.07660586524703719,0.00781506235125,0.0006338951422166571,-0.05011817520769888
0.5875,0.21250000000000002,-0.07609184768633648,0.007791040643203125,0.0006404982166147472,-0.04963478242944312
0.5875,0.225,-0.07557783012563575,0.007767018935156252,0.0006471012910128375,-0.04915138965118737
0.5875,0.23750000000000002,-0.07506381256493501,0.0077429972271093744,0.0006537043654109276,-0.048667996872931614
0.5875,0.25,-0.07454979500423434,0.007718975519062501,0.0006603074398090177,-0.04818460409467587
0.5875,0.2625,-0.0740357774435336,0.007694953811015625,0.0006669105142071079,-0.04770121131642012
0.5875,0.275,-0.07352175988283288,0.007670932102968751,0.000673513588605198,-0.04721781853816436
0.5875,0.28750000000000003,-0.07300774232213217,0.007646910394921875,0.0006801166630032884,-0.04673442575990861
0.5875,0.30000000000000004,-0.07249372476143146,0.007622888686875,0.0006867197374013785,-0.04625103298165286
0.5875,0.3125,-0.07197970720073074,0.007598866978828126,0.0006933228117994687,-0.04576764020339712
0.5875,0.325,-0.07146568964003003,0.00757484527078125,0.0006999258861975588,-0.04528424742514136
0.5875,0.3375,-0.0709516720793293,0.007550823562734376,0.0007065289605956489,-0.04480085464688561
0.5875,0.35000000000000003,-0.07043765451862859,0.007526801854687501,0.0007131320349937392,-0.044317461868629865
0.5875,0.36250000000000004,-0.06992363695792789,0.007502780146640625,0.0007197351093918294,-0.04383406909037411
0.5875,0.375,-0.06940961939722715,0.007478758438593752,0.0007263381837899196,-0.04335067631211836
0.5875,0.3875,-0.06889560183652643,0.007454736730546876,0.0007329412581880097,-0.042867283533862606
0.5875,0.4,-0.06838158427582572,0.0074307150225,0.0007395443325860999,-0.042383890755606855
0.5875,0.41250000000000003,-0.067867566715125,0.0074066933144531265,0.0007461474069841901,-0.0419004979773511
0.5875,0.42500000000000004,-0.06735354915442428,0.007382671606406249,0.0007527504813822802,-0.04141710519909534
0.5875,0.4375,-0.06683953159372358,0.007358649898359376,0.0007593535557803704,-0.040933712420839596
0.5875,0.45,-0.06632551403302285,0.007334628190312501,0.0007659566301784606,-0.040450319642583846
0.5875,0.4625,-0.06581149647232212,0.007310606482265626,0.0007725597045765508,-0.039966926864328095
0.5875,0.47500000000000003,-0.06529747891162144,0.00728658477421875,0.000779162778974641,-0.039483534086072344
0.5875,0.48750000000000004,-0.0647834613509207,0.007262563066171875,0.0007857658533727312,-0.039000141307816594
0.5875,0.5,-0.06426944379021998,0.007238541358125001,0.0007923689277708213,-0.03851674852956085
0.5875,0.5125000000000001,-0.06375542622951927,0.007214519650078125,0.0007989720021689115,-0.038033355751305085
0.5875,0.525,-0.06324140866881856,0.00719049794203125,0.0008055750765670017,-0.03754996297304934
0.5875,0.5375,-0.06272739110811784,0.007166476233984376,0.0008121781509650919,-0.03706657019479359
0.5875,0.55,-0.062213373547417114,0.0071424545259375005,0.0008187812253631821,-0.03658317741653783
0.5875,0.5625,-0.0616993559867164,0.007118432817890626,0.0008253842997612722,-0.03609978463828209
0.5875,0.5750000000000001,-0.06118533842601569,0.0070944111098437505,0.0008319873741593625,-0.03561639186002633
0.5875,0.5875,-0.06067132086531496,0.007070389401796875,0.0008385904485574525,-0.03513299908177058
0.5875,0.6000000000000001,-0.060157303304614246,0.00704636769375,0.0008451935229555427,-0.03464960630351483
0.5875,0.6125,-0.05964328574391353,0.007022345985703126,0.000851796597353633,-0.03416621352525908
0.5875,0.625,-0.05912926818321282,0.0069983242776562515,0.0008583996717517231,-0.03368282074700333
0.5875,0.6375000000000001,-0.05861525062251209,0.006974302569609374,0.0008650027461498134,-0.03319942796874757
0.5875,0.65,-0.05810123306181138,0.006950280861562501,0.0008716058205479034,-0.03271603519049183
0.5875,0.6625000000000001,-0.057587215501110664,0.006926259153515627,0.0008782088949459937,-0.03223264241223607
0.5875,0.675,-0.05707319794040995,0.006902237445468751,0.0008848119693440838,-0.03174924963398032
0.5875,0.6875,-0.056559180379709244,0.006878215737421876,0.000891415043742174,-0.031265856855724576
0.5875,0.7000000000000001,-0.05604516281900851,0.006854194029375,0.0008980181181402643,-0.03078246407746882
0.5875,0.7125,-0.055531145258307796,0.0068301723213281245,0.0009046211925383543,-0.030299071299213068
0.5875,0.7250000000000001,-0.05501712769760709,0.006806150613281251,0.0009112242669364446,-0.029815678520957317
0.5875,0.7375,-0.05450311013690637,0.006782128905234376,0.0009178273413345347,-0.029332285742701567
0.5875,0.75,-0.053989092576205655,0.006758107197187501,0.0009244304157326249,-0.028848892964445816
0.5875,0.7625000000000001,-0.053475075015504935,0.0067340854891406255,0.0009310334901307151,-0.02836550018619006
0.5875,0.775,-0.052961057454804214,0.00671006378109375,0.0009376365645288052,-0.027882107407934308
0.5875,0.7875000000000001,-0.05244703989410349,0.0066860420730468755,0.0009442396389268955,-0.027398714629678557
0.5875,0.8,-0.051933022333402794,0.006662020365000001,0.0009508427133249856,-0.02691532185142281
0.5875,0.8125,-0.05141900477270206,0.0066379986569531264,0.0009574457877230758,-0.026431929073167056
0.5875,0.8250000000000001,-0.050904987212001346,0.006613976948906251,0.000964048862121166,-0.025948536294911305
0.5875,0.8375,-0.050390969651300625,0.006589955240859375,0.000970651936519256,-0.025465143516655554
0.5875,0.8500000000000001,-0.04987695209059992,0.0065659335328125,0.0009772550109173462,-0.024981750738399797
0.5875,0.8625,-0.04936293452989919,0.0065419118247656265,0.0009838580853154366,-0.02449835796014405
0.5875,0.875,-0.04884891696919849,0.00651789011671875,0.0009904611597135267,-0.024014965181888302
0.5875,0.8875000000000001,-0.048334899408497764,0.006493868408671875,0.000997064234111617,-0.023531572403632548
0.5875,0.9,-0.047820881847797064,0.006469846700625001,0.001003667308509707,-0.0230481796253768
0.5875,0.9125000000000001,-0.04730686428709634,0.006445824992578125,0.0010102703829077972,-0.022564786847121043
0.5875,0.925,-0.04679284672639562,0.006421803284531251,0.0010168734573058873,-0.022081394068865293
0.5875,0.9375,-0.04627882916569491,0.006397781576484377,0.0010234765317039774,-0.021598001290609542
0.5875,0.9500000000000001,-0.045764811604994175,0.0063737598684374995,0.0010300796061020678,-0.02111460851235379
0.5875,0.9625,-0.04525079404429347,0.006349738160390625,0.0010366826805001579,-0.02063121573409804
0.5875,0.9750000000000001,-0.044736776483592755,0.006325716452343751,0.0010432857548982482,-0.020147822955842287
0.5875,0.9875,-0.044222758922892035,0.006301694744296876,0.0010498888292963383,-0.019664430177586532
0.5875,1.0,-0.04370874136219133,0.006277673036250001,0.0010564919036944284,-0.01918103739933079
0.6000000000000001,0.0,-0.0836546315282073,0.00795094272,0.0005282459518472142,-0.057787325534790907
0.6000000000000001,0.0125,-0.08313931844344796,0.007927648942499999,0.0005348490262453043,-0.05730190930192963
0.6000000000000001,0.025,-0.08262400535868861,0.007904355165,0.0005414521006433945,-0.05681649306906836
0.6000000000000001,0.037500000000000006,-0.08210869227392925,0.007881061387499999,0.0005480551750414848,-0.0563310768362071
0.6000000000000001,0.05,-0.08159337918916988,0.00785776761,0.000554658249439575,-0.05584566060334582
0.6000000000000001,0.0625,-0.08107806610441054,0.0078344738325,0.0005612613238376651,-0.05536024437048456
0.6000000000000001,0.07500000000000001,-0.08056275301965117,0.0078111800549999985,0.0005678643982357553,-0.05487482813762329
0.6000000000000001,0.08750000000000001,-0.08004743993489181,0.0077878862774999995,0.0005744674726338454,-0.05438941190476203
0.6000000000000001,0.1,-0.07953212685013245,0.007764592499999999,0.0005810705470319356,-0.05390399567190075
0.6000000000000001,0.1125,-0.0790168137653731,0.007741298722499999,0.0005876736214300259,-0.053418579439039486
0.6000000000000001,0.125,-0.07850150068061373,0.007718004945,0.000594276695828116,-0.05293316320617822
0.6000000000000001,0.1375,-0.07798618759585438,0.007694711167499999,0.0006008797702262062,-0.052447746973316944
0.6000000000000001,0.15000000000000002,-0.07747087451109504,0.007671417389999999,0.0006074828446242963,-0.051962330740455684
0.6000000000000001,0.1625,-0.07695556142633568,0.0076481236125,0.0006140859190223866,-0.051476914507594417
0.6000000000000001,0.17500000000000002,-0.07644024834157631,0.007624829834999998,0.0006206889934204767,-0.05099149827473315
0.6000000000000001,0.1875,-0.07592493525681694,0.0076015360575,0.0006272920678185668,-0.050506082041871875
0.6000000000000001,0.2,-0.0754096221720576,0.0075782422799999995,0.0006338951422166571,-0.050020665809010614
0.6000000000000001,0.21250000000000002,-0.07489430908729824,0.0075549485025,0.0006404982166147472,-0.04953524957614934
0.6000000000000001,0.225,-0.07437899600253889,0.007531654725,0.0006471012910128375,-0.04904983334328807
0.6000000000000001,0.23750000000000002,-0.0738636829177795,0.0075083609475,0.0006537043654109276,-0.048564417110426805
0.6000000000000001,0.25,-0.07334836983302015,0.007485067169999999,0.0006603074398090177,-0.048079000877565545
0.6000000000000001,0.2625,-0.0728330567482608,0.007461773392499999,0.0006669105142071079,-0.04759358464470427
0.6000000000000001,0.275,-0.07231774366350144,0.007438479614999999,0.000673513588605198,-0.047108168411842996
0.6000000000000001,0.28750000000000003,-0.07180243057874208,0.007415185837499999,0.0006801166630032884,-0.046622752178981736
0.6000000000000001,0.30000000000000004,-0.07128711749398273,0.007391892059999999,0.0006867197374013785,-0.04613733594612046
0.6000000000000001,0.3125,-0.07077180440922337,0.0073685982825,0.0006933228117994687,-0.0456519197132592
0.6000000000000001,0.325,-0.070256491324464,0.007345304504999999,0.0006999258861975588,-0.045166503480397927
0.6000000000000001,0.3375,-0.06974117823970465,0.0073220107275,0.0007065289605956489,-0.04468108724753666
0.6000000000000001,0.35000000000000003,-0.06922586515494528,0.007298716949999999,0.0007131320349937392,-0.0441956710146754
0.6000000000000001,0.36250000000000004,-0.06871055207018595,0.007275423172499999,0.0007197351093918294,-0.04371025478181413
0.6000000000000001,0.375,-0.06819523898542658,0.007252129395,0.0007263381837899196,-0.04322483854895286
0.6000000000000001,0.3875,-0.06767992590066721,0.007228835617499999,0.0007329412581880097,-0.04273942231609159
0.6000000000000001,0.4,-0.06716461281590785,0.0072055418399999994,0.0007395443325860999,-0.04225400608323032
0.6000000000000001,0.41250000000000003,-0.06664929973114848,0.0071822480624999996,0.0007461474069841901,-0.041768589850369055
0.6000000000000001,0.42500000000000004,-0.06613398664638914,0.007158954284999999,0.0007527504813822802,-0.04128317361750778
0.6000000000000001,0.4375,-0.06561867356162979,0.007135660507499999,0.0007593535557803704,-0.04079775738464652
0.6000000000000001,0.45,-0.06510336047687043,0.007112366729999999,0.0007659566301784606,-0.04031234115178525
0.6000000000000001,0.4625,-0.06458804739211108,0.007089072952499999,0.0007725597045765508,-0.03982692491892398
0.6000000000000001,0.47500000000000003,-0.06407273430735172,0.007065779174999999,0.000779162778974641,-0.03934150868606272
0.6000000000000001,0.48750000000000004,-0.06355742122259236,0.007042485397499999,0.0007857658533727312,-0.03885609245320144
0.6000000000000001,0.5,-0.06304210813783302,0.007019191619999999,0.0007923689277708213,-0.03837067622034018
0.6000000000000001,0.5125000000000001,-0.06252679505307362,0.006995897842499999,0.0007989720021689115,-0.03788525998747891
0.6000000000000001,0.525,-0.062011481968314276,0.006972604065,0.0008055750765670017,-0.03739984375461764
0.6000000000000001,0.5375,-0.061496168883554914,0.006949310287499999,0.0008121781509650919,-0.036914427521756374
0.6000000000000001,0.55,-0.06098085579879556,0.006926016509999999,0.0008187812253631821,-0.036429011288895106
0.6000000000000001,0.5625,-0.06046554271403621,0.0069027227325,0.0008253842997612722,-0.03594359505603384
0.6000000000000001,0.5750000000000001,-0.059950229629276854,0.006879428954999999,0.0008319873741593625,-0.03545817882317257
0.6000000000000001,0.5875,-0.059434916544517484,0.006856135177499998,0.0008385904485574525,-0.0349727625903113
0.6000000000000001,0.6000000000000001,-0.05891960345975813,0.0068328414,0.0008451935229555427,-0.03448734635745003
0.6000000000000001,0.6125,-0.058404290374998766,0.006809547622499999,0.000851796597353633,-0.03400193012458876
0.6000000000000001,0.625,-0.057888977290239424,0.006786253845,0.0008583996717517231,-0.0335165138917275
0.6000000000000001,0.6375000000000001,-0.057373664205480054,0.006762960067499999,0.0008650027461498134,-0.03303109765886623
0.6000000000000001,0.65,-0.056858351120720685,0.006739666289999999,0.0008716058205479034,-0.03254568142600496
0.6000000000000001,0.6625000000000001,-0.05634303803596133,0.006716372512499999,0.0008782088949459937,-0.03206026519314369
0.6000000000000001,0.675,-0.055827724951201974,0.006693078735000001,0.0008848119693440838,-0.031574848960282426
0.6000000000000001,0.6875,-0.05531241186644262,0.006669784957499999,0.000891415043742174,-0.031089432727421158
0.6000000000000001,0.7000000000000001,-0.05479709878168326,0.006646491179999999,0.0008980181181402643,-0.030604016494559884
0.6000000000000001,0.7125,-0.05428178569692391,0.006623197402499999,0.0009046211925383543,-0.030118600261698623
0.6000000000000001,0.7250000000000001,-0.05376647261216455,0.0065999036249999995,0.0009112242669364446,-0.02963318402883735
0.6000000000000001,0.7375,-0.053251159527405195,0.0065766098475,0.0009178273413345347,-0.02914776779597608
0.6000000000000001,0.75,-0.05273584644264584,0.00655331607,0.0009244304157326249,-0.02866235156311482
0.6000000000000001,0.7625000000000001,-0.052220533357886456,0.006530022292499998,0.0009310334901307151,-0.028176935330253547
0.6000000000000001,0.775,-0.051705220273127114,0.006506728515,0.0009376365645288052,-0.02769151909739228
0.6000000000000001,0.7875000000000001,-0.05118990718836776,0.0064834347375,0.0009442396389268955,-0.027206102864531005
0.6000000000000001,0.8,-0.0506745941036084,0.00646014096,0.0009508427133249856,-0.026720686631669745
0.6000000000000001,0.8125,-0.05015928101884903,0.0064368471825,0.0009574457877230758,-0.026235270398808477
0.6000000000000001,0.8250000000000001,-0.04964396793408968,0.0064135534049999995,0.000964048862121166,-0.025749854165947203
0.6000000000000001,0.8375,-0.04912865484933033,0.006390259627499999,0.000970651936519256,-0.025264437933085943
0.6000000000000001,0.8500000000000001,-0.04861334176457096,0.00636696585,0.0009772550109173462,-0.024779021700224668
0.6000000000000001,0.8625,-0.048098028679811604,0.006343672072500001,0.0009838580853154366,-0.0242936054673634
0.6000000000000001,0.875,-0.047582715595052255,0.006320378295,0.0009904611597135267,-0.02380818923450214
0.6000000000000001,0.8875000000000001,-0.04706740251029289,0.006297084517499999,0.000997064234111617,-0.023322773001640866
0.6000000000000001,0.9,-0.04655208942553352,0.00627379074,0.001003667308509707,-0.022837356768779606
0.6000000000000001,0.9125000000000001,-0.04603677634077418,0.006250496962499999,0.0010102703829077972,-0.02235194053591833
0.6000000000000001,0.925,-0.04552146325601481,0.006227203185,0.0010168734573058873,-0.021866524303057064
0.6000000000000001,0.9375,-0.04500615017125545,0.0062039094074999995,0.0010234765317039774,-0.021381108070195796
0.6000000000000001,0.9500000000000001,-0.04449083708649609,0.006180615629999999,0.0010300796061020678,-0.020895691837334522
0.6000000000000001,0.9625,-0.04397552400173674,0.0061573218525,0.0010366826805001579,-0.020410275604473255
0.6000000000000001,0.9750000000000001,-0.04346021091697738,0.006134028074999999,0.0010432857548982482,-0.019924859371611987
0.6000000000000001,0.9875,-0.042944897832218026,0.0061107342975,0.0010498888292963383,-0.01943944313875072
0.6000000000000001,1.0,-0.04242958474745867,0.00608744052,0.0010564919036944284,-0.01895402690588946
0.6125,0.0,-0.082479116838166,0.007702475760000001,0.0005282459518472142,-0.0577221914097909
0.6125,0.0125,-0.081962508229348,0.007679909913046876,0.0005348490262453043,-0.05723475172232412
0.6125,0.025,-0.08144589962052999,0.00765734406609375,0.0005414521006433945,-0.05674731203485733
0.6125,0.037500000000000006,-0.080929291011712,0.007634778219140626,0.0005480551750414848,-0.056259872347390535
0.6125,0.05,-0.08041268240289398,0.0076122123721875014,0.000554658249439575,-0.05577243265992375
0.6125,0.0625,-0.079896073794076,0.007589646525234376,0.0005612613238376651,-0.05528499297245698
0.6125,0.07500000000000001,-0.07937946518525801,0.00756708067828125,0.0005678643982357553,-0.0547975532849902
0.6125,0.08750000000000001,-0.07886285657644,0.007544514831328126,0.0005744674726338454,-0.05431011359752341
0.6125,0.1,-0.07834624796762199,0.007521948984375001,0.0005810705470319356,-0.053822673910056615
0.6125,0.1125,-0.077829639358804,0.007499383137421875,0.0005876736214300259,-0.05333523422258983
0.6125,0.125,-0.077313030749986,0.00747681729046875,0.000594276695828116,-0.05284779453512305
0.6125,0.1375,-0.07679642214116798,0.0074542514435156255,0.0006008797702262062,-0.05236035484765626
0.6125,0.15000000000000002,-0.07627981353235,0.007431685596562501,0.0006074828446242963,-0.05187291516018948
0.6125,0.1625,-0.07576320492353202,0.007409119749609376,0.0006140859190223866,-0.051385475472722694
0.6125,0.17500000000000002,-0.07524659631471399,0.007386553902656251,0.0006206889934204767,-0.05089803578525591
0.6125,0.1875,-0.074729987705896,0.007363988055703127,0.0006272920678185668,-0.050410596097789126
0.6125,0.2,-0.07421337909707801,0.007341422208750001,0.0006338951422166571,-0.049923156410322356
0.6125,0.21250000000000002,-0.07369677048826001,0.007318856361796875,0.0006404982166147472,-0.04943571672285556
0.6125,0.225,-0.07318016187944199,0.007296290514843751,0.0006471012910128375,-0.048948277035388774
0.6125,0.23750000000000002,-0.07266355327062399,0.007273724667890625,0.0006537043654109276,-0.048460837347921976
0.6125,0.25,-0.07214694466180602,0.007251158820937501,0.0006603074398090177,-0.047973397660455205
0.6125,0.2625,-0.07163033605298799,0.007228592973984375,0.0006669105142071079,-0.04748595797298842
0.6125,0.275,-0.07111372744417001,0.007206027127031251,0.000673513588605198,-0.04699851828552164
0.6125,0.28750000000000003,-0.07059711883535201,0.007183461280078125,0.0006801166630032884,-0.04651107859805485
0.6125,0.30000000000000004,-0.070080510226534,0.007160895433125,0.0006867197374013785,-0.046023638910588055
0.6125,0.3125,-0.069563901617716,0.007138329586171876,0.0006933228117994687,-0.045536199223121285
0.6125,0.325,-0.069047293008898,0.00711576373921875,0.0006999258861975588,-0.04504875953565449
0.6125,0.3375,-0.06853068440008002,0.007093197892265626,0.0007065289605956489,-0.044561319848187717
0.6125,0.35000000000000003,-0.068014075791262,0.007070632045312501,0.0007131320349937392,-0.04407388016072093
0.6125,0.36250000000000004,-0.06749746718244401,0.0070480661983593745,0.0007197351093918294,-0.04358644047325415
0.6125,0.375,-0.066980858573626,0.007025500351406252,0.0007263381837899196,-0.04309900078578735
0.6125,0.3875,-0.066464249964808,0.007002934504453126,0.0007329412581880097,-0.042611561098320566
0.6125,0.4,-0.06594764135599002,0.0069803686575000004,0.0007395443325860999,-0.042124121410853796
0.6125,0.41250000000000003,-0.065431032747172,0.006957802810546876,0.0007461474069841901,-0.041636681723387
0.6125,0.42500000000000004,-0.064914424138354,0.00693523696359375,0.0007527504813822802,-0.041149242035920214
0.6125,0.4375,-0.064397815529536,0.0069126711166406256,0.0007593535557803704,-0.04066180234845343
0.6125,0.45,-0.06388120692071801,0.0068901052696875,0.0007659566301784606,-0.040174362660986646
0.6125,0.4625,-0.0633645983119,0.006867539422734376,0.0007725597045765508,-0.03968692297351986
0.6125,0.47500000000000003,-0.062847989703082,0.00684497357578125,0.000779162778974641,-0.03919948328605308
0.6125,0.48750000000000004,-0.062331381094264,0.006822407728828125,0.0007857658533727312,-0.03871204359858629
0.6125,0.5,-0.06181477248544601,0.006799841881875002,0.0007923689277708213,-0.03822460391111952
0.6125,0.5125000000000001,-0.06129816387662801,0.006777276034921875,0.0007989720021689115,-0.037737164223652725
0.6125,0.525,-0.06078155526781001,0.00675471018796875,0.0008055750765670017,-0.03724972453618594
0.6125,0.5375,-0.06026494665899203,0.006732144341015627,0.0008121781509650919,-0.03676228484871916
0.6125,0.55,-0.05974833805017401,0.006709578494062501,0.0008187812253631821,-0.03627484516125237
0.6125,0.5625,-0.059231729441356004,0.006687012647109376,0.0008253842997612722,-0.03578740547378559
0.6125,0.5750000000000001,-0.05871512083253802,0.006664446800156251,0.0008319873741593625,-0.035299965786318804
0.6125,0.5875,-0.058198512223719995,0.006641880953203125,0.0008385904485574525,-0.034812526098852006
0.6125,0.6000000000000001,-0.057681903614902,0.006619315106250001,0.0008451935229555427,-0.03432508641138522
0.6125,0.6125,-0.057165295006084,0.006596749259296876,0.000851796597353633,-0.03383764672391845
0.6125,0.625,-0.056648686397266015,0.006574183412343751,0.0008583996717517231,-0.03335020703645167
0.6125,0.6375000000000001,-0.056132077788448004,0.006551617565390625,0.0008650027461498134,-0.03286276734898488
0.6125,0.65,-0.055615469179630006,0.006529051718437501,0.0008716058205479034,-0.0323753276615181
0.6125,0.6625000000000001,-0.05509886057081201,0.006506485871484376,0.0008782088949459937,-0.031887887974051315
0.6125,0.675,-0.05458225196199401,0.006483920024531251,0.0008848119693440838,-0.03140044828658453
0.6125,0.6875,-0.05406564335317601,0.0064613541775781266,0.000891415043742174,-0.030913008599117744
0.6125,0.7000000000000001,-0.053549034744358,0.0064387883306250004,0.0008980181181402643,-0.030425568911650953
0.6125,0.7125,-0.05303242613554,0.006416222483671875,0.0009046211925383543,-0.029938129224184172
0.6125,0.7250000000000001,-0.052515817526722006,0.006393656636718751,0.0009112242669364446,-0.029450689536717388
0.6125,0.7375,-0.05199920891790401,0.006371090789765626,0.0009178273413345347,-0.0289632498492506
0.6125,0.75,-0.051482600309086024,0.006348524942812501,0.0009244304157326249,-0.028475810161783823
0.6125,0.7625000000000001,-0.05096599170026801,0.006325959095859376,0.0009310334901307151,-0.027988370474317032
0.6125,0.775,-0.050449383091450015,0.0063033932489062515,0.0009376365645288052,-0.027500930786850248
0.6125,0.7875000000000001,-0.049932774482632,0.006280827401953125,0.0009442396389268955,-0.027013491099383457
0.6125,0.8,-0.04941616587381402,0.006258261555000001,0.0009508427133249856,-0.02652605141191668
0.6125,0.8125,-0.04889955726499601,0.006235695708046877,0.0009574457877230758,-0.026038611724449896
0.6125,0.8250000000000001,-0.04838294865617801,0.0062131298610937505,0.000964048862121166,-0.025551172036983108
0.6125,0.8375,-0.04786634004736001,0.006190564014140626,0.000970651936519256,-0.025063732349516327
0.6125,0.8500000000000001,-0.047349731438542,0.006167998167187501,0.0009772550109173462,-0.024576292662049536
0.6125,0.8625,-0.046833122829724,0.006145432320234376,0.0009838580853154366,-0.024088852974582752
0.6125,0.875,-0.04631651422090602,0.006122866473281251,0.0009904611597135267,-0.02360141328711597
0.6125,0.8875000000000001,-0.04579990561208802,0.006100300626328126,0.000997064234111617,-0.023113973599649187
0.6125,0.9,-0.04528329700327002,0.006077734779375,0.001003667308509707,-0.022626533912182407
0.6125,0.9125000000000001,-0.04476668839445201,0.0060551689324218755,0.0010102703829077972,-0.022139094224715616
0.6125,0.925,-0.044250079785634014,0.006032603085468752,0.0010168734573058873,-0.02165165453724883
0.6125,0.9375,-0.043733471176816,0.006010037238515626,0.0010234765317039774,-0.021164214849782047
0.6125,0.9500000000000001,-0.04321686256799802,0.005987471391562501,0.0010300796061020678,-0.02067677516231526
0.6125,0.9625,-0.04270025395918002,0.005964905544609375,0.0010366826805001579,-0.020189335474848476
0.6125,0.9750000000000001,-0.042183645350361995,0.00594233969765625,0.0010432857548982482,-0.01970189578738169
0.6125,0.9875,-0.04166703674154401,0.005919773850703127,0.0010498888292963383,-0.019214456099914904
0.6125,1.0,-0.041150428132726014,0.005897208003750001,0.0010564919036944284,-0.018727016412448127
0.625,0.0,-0.08130360214812472,0.007454008800000002,0.0005282459518472142,-0.057657057284790904
0.625,0.0125,-0.08078569801524807,0.007432170883593752,0.0005348490262453043,-0.057167594142718596
0.625,0.025,-0.08026779388237143,0.0074103329671875015,0.0005414521006433945,-0.05667813100064629
0.625,0.037500000000000006,-0.07974988974949478,0.007388495050781252,0.0005480551750414848,-0.056188667858573994
0.625,0.05,-0.07923198561661814,0.007366657134375001,0.000554658249439575,-0.055699204716501687
0.625,0.0625,-0.07871408148374151,0.007344819217968751,0.0005612613238376651,-0.05520974157442939
0.625,0.07500000000000001,-0.07819617735086487,0.007322981301562501,0.0005678643982357553,-0.05472027843235709
0.625,0.08750000000000001,-0.07767827321798823,0.007301143385156252,0.0005744674726338454,-0.05423081529028479
0.625,0.1,-0.07716036908511158,0.00727930546875,0.0005810705470319356,-0.05374135214821248
0.625,0.1125,-0.07664246495223492,0.00725746755234375,0.0005876736214300259,-0.053251889006140175
0.625,0.125,-0.0761245608193583,0.007235629635937502,0.000594276695828116,-0.05276242586406788
0.625,0.1375,-0.07560665668648164,0.007213791719531251,0.0006008797702262062,-0.052272962721995574
0.625,0.15000000000000002,-0.07508875255360502,0.0071919538031250015,0.0006074828446242963,-0.05178349957992328
0.625,0.1625,-0.07457084842072838,0.007170115886718753,0.0006140859190223866,-0.05129403643785098
0.625,0.17500000000000002,-0.07405294428785174,0.007148277970312501,0.0006206889934204767,-0.05080457329577868
0.625,0.1875,-0.0735350401549751,0.007126440053906252,0.0006272920678185668,-0.05031511015370637
0.625,0.2,-0.07301713602209844,0.007104602137500002,0.0006338951422166571,-0.049825647011634076
0.625,0.21250000000000002,-0.07249923188922182,0.007082764221093752,0.0006404982166147472,-0.049336183869561775
0.625,0.225,-0.07198132775634518,0.007060926304687501,0.0006471012910128375,-0.04884672072748947
0.625,0.23750000000000002,-0.07146342362346851,0.007039088388281251,0.0006537043654109276,-0.04835725758541717
0.625,0.25,-0.07094551949059189,0.007017250471875003,0.0006603074398090177,-0.04786779444334487
0.625,0.2625,-0.07042761535771525,0.00699541255546875,0.0006669105142071079,-0.04737833130127257
0.625,0.275,-0.0699097112248386,0.006973574639062501,0.000673513588605198,-0.046888868159200264
0.625,0.28750000000000003,-0.06939180709196197,0.006951736722656252,0.0006801166630032884,-0.04639940501712796
0.625,0.30000000000000004,-0.06887390295908533,0.00692989880625,0.0006867197374013785,-0.04590994187505566
0.625,0.3125,-0.06835599882620867,0.006908060889843752,0.0006933228117994687,-0.04542047873298336
0.625,0.325,-0.06783809469333202,0.006886222973437502,0.0006999258861975588,-0.044931015590911054
0.625,0.3375,-0.0673201905604554,0.006864385057031251,0.0007065289605956489,-0.04444155244883876
0.625,0.35000000000000003,-0.06680228642757875,0.006842547140625001,0.0007131320349937392,-0.043952089306766466
0.625,0.36250000000000004,-0.06628438229470211,0.006820709224218751,0.0007197351093918294,-0.04346262616469416
0.625,0.375,-0.06576647816182546,0.006798871307812501,0.0007263381837899196,-0.042973163022621864
0.625,0.3875,-0.06524857402894882,0.00677703339140625,0.0007329412581880097,-0.04248369988054956
0.625,0.4,-0.0647306698960722,0.0067551954750000014,0.0007395443325860999,-0.04199423673847726
0.625,0.41250000000000003,-0.06421276576319555,0.006733357558593752,0.0007461474069841901,-0.041504773596404955
0.625,0.42500000000000004,-0.06369486163031889,0.006711519642187499,0.0007527504813822802,-0.04101531045433265
0.625,0.4375,-0.06317695749744226,0.006689681725781251,0.0007593535557803704,-0.04052584731226035
0.625,0.45,-0.06265905336456562,0.006667843809375001,0.0007659566301784606,-0.04003638417018805
0.625,0.4625,-0.06214114923168897,0.006646005892968751,0.0007725597045765508,-0.039546921028115745
0.625,0.47500000000000003,-0.06162324509881234,0.006624167976562502,0.000779162778974641,-0.03905745788604345
0.625,0.48750000000000004,-0.06110534096593569,0.006602330060156251,0.0007857658533727312,-0.03856799474397114
0.625,0.5,-0.06058743683305905,0.006580492143750002,0.0007923689277708213,-0.03807853160189885
0.625,0.5125000000000001,-0.06006953270018241,0.006558654227343751,0.0007989720021689115,-0.03758906845982654
0.625,0.525,-0.059551628567305774,0.006536816310937501,0.0008055750765670017,-0.03709960531775424
0.625,0.5375,-0.05903372443442914,0.006514978394531251,0.0008121781509650919,-0.036610142175681946
0.625,0.55,-0.05851582030155249,0.006493140478125,0.0008187812253631821,-0.03612067903360964
0.625,0.5625,-0.05799791616867585,0.006471302561718752,0.0008253842997612722,-0.035631215891537345
0.625,0.5750000000000001,-0.05748001203579921,0.006449464645312501,0.0008319873741593625,-0.03514175274946504
0.625,0.5875,-0.05696210790292255,0.00642762672890625,0.0008385904485574525,-0.03465228960739273
0.625,0.6000000000000001,-0.05644420377004592,0.006405788812500001,0.0008451935229555427,-0.03416282646532043
0.625,0.6125,-0.05592629963716929,0.006383950896093752,0.000851796597353633,-0.03367336332324813
0.625,0.625,-0.055408395504292635,0.006362112979687502,0.0008583996717517231,-0.033183900181175834
0.625,0.6375000000000001,-0.05489049137141599,0.00634027506328125,0.0008650027461498134,-0.032694437039103526
0.625,0.65,-0.05437258723853935,0.006318437146875001,0.0008716058205479034,-0.03220497389703123
0.625,0.6625000000000001,-0.053854683105662715,0.006296599230468751,0.0008782088949459937,-0.03171551075495893
0.625,0.675,-0.053336778972786075,0.006274761314062502,0.0008848119693440838,-0.03122604761288663
0.625,0.6875,-0.052818874839909435,0.006252923397656252,0.000891415043742174,-0.030736584470814326
0.625,0.7000000000000001,-0.05230097070703278,0.00623108548125,0.0008980181181402643,-0.03024712132874202
0.625,0.7125,-0.05178306657415615,0.006209247564843751,0.0009046211925383543,-0.029757658186669724
0.625,0.7250000000000001,-0.051265162441279516,0.006187409648437501,0.0009112242669364446,-0.02926819504459742
0.625,0.7375,-0.050747258308402876,0.0061655717320312515,0.0009178273413345347,-0.02877873190252512
0.625,0.75,-0.05022935417552622,0.006143733815625002,0.0009244304157326249,-0.028289268760452825
0.625,0.7625000000000001,-0.04971145004264958,0.006121895899218751,0.0009310334901307151,-0.027799805618380517
0.625,0.775,-0.04919354590977295,0.006100057982812501,0.0009376365645288052,-0.027310342476308216
0.625,0.7875000000000001,-0.048675641776896296,0.006078220066406251,0.0009442396389268955,-0.02682087933423591
0.625,0.8,-0.04815773764401966,0.006056382150000001,0.0009508427133249856,-0.026331416192163615
0.625,0.8125,-0.04763983351114302,0.006034544233593752,0.0009574457877230758,-0.02584195305009131
0.625,0.8250000000000001,-0.04712192937826637,0.006012706317187501,0.000964048862121166,-0.025352489908019006
0.625,0.8375,-0.04660402524538973,0.005990868400781251,0.000970651936519256,-0.02486302676594671
0.625,0.8500000000000001,-0.04608612111251308,0.005969030484375001,0.0009772550109173462,-0.024373563623874404
0.625,0.8625,-0.045568216979636436,0.005947192567968751,0.0009838580853154366,-0.023884100481802104
0.625,0.875,-0.04505031284675981,0.005925354651562502,0.0009904611597135267,-0.023394637339729806
0.625,0.8875000000000001,-0.04453240871388317,0.005903516735156251,0.000997064234111617,-0.022905174197657502
0.625,0.9,-0.04401450458100653,0.0058816788187500005,0.001003667308509707,-0.022415711055585208
0.625,0.9125000000000001,-0.04349660044812989,0.005859840902343751,0.0010102703829077972,-0.0219262479135129
0.625,0.925,-0.04297869631525325,0.005838002985937502,0.0010168734573058873,-0.0214367847714406
0.625,0.9375,-0.04246079218237661,0.005816165069531251,0.0010234765317039774,-0.0209473216293683
0.625,0.9500000000000001,-0.04194288804949996,0.005794327153125001,0.0010300796061020678,-0.020457858487295998
0.625,0.9625,-0.04142498391662331,0.005772489236718752,0.0010366826805001579,-0.019968395345223697
0.625,0.9750000000000001,-0.04090707978374667,0.005750651320312502,0.0010432857548982482,-0.019478932203151392
0.625,0.9875,-0.04038917565087004,0.0057288134039062515,0.0010498888292963383,-0.01898946906107909
0.625,1.0,-0.0398712715179934,0.005706975487500002,0.0010564919036944284,-0.018500005919006794
0.6375000000000001,0.0,-0.08012808745808338,0.00720554184,0.0005282459518472142,-0.057591923159790906
0.6375000000000001,0.0125,-0.07960888780114811,0.007184431854140625,0.0005348490262453043,-0.057100436563113074
0.6375000000000001,0.025,-0.0790896881442128,0.007163321868281251,0.0005414521006433945,-0.05660894996643526
0.6375000000000001,0.037500000000000006,-0.07857048848727755,0.007142211882421875,0.0005480551750414848,-0.056117463369757446
0.6375000000000001,0.05,-0.07805128883034224,0.0071211018965625,0.000554658249439575,-0.05562597677307962
0.6375000000000001,0.0625,-0.07753208917340697,0.007099991910703126,0.0005612613238376651,-0.05513449017640181
0.6375000000000001,0.07500000000000001,-0.07701288951647169,0.00707888192484375,0.0005678643982357553,-0.054643003579724
0.6375000000000001,0.08750000000000001,-0.0764936898595364,0.007057771938984375,0.0005744674726338454,-0.05415151698304618
0.6375000000000001,0.1,-0.07597449020260111,0.007036661953125,0.0005810705470319356,-0.05366003038636835
0.6375000000000001,0.1125,-0.07545529054566583,0.0070155519672656244,0.0005876736214300259,-0.053168543789690534
0.6375000000000001,0.125,-0.07493609088873056,0.006994441981406251,0.000594276695828116,-0.05267705719301272
0.6375000000000001,0.1375,-0.07441689123179526,0.006973331995546875,0.0006008797702262062,-0.0521855705963349
0.6375000000000001,0.15000000000000002,-0.07389769157485998,0.006952222009687499,0.0006074828446242963,-0.05169408399965708
0.6375000000000001,0.1625,-0.0733784919179247,0.006931112023828124,0.0006140859190223866,-0.051202597402979264
0.6375000000000001,0.17500000000000002,-0.0728592922609894,0.006910002037968748,0.0006206889934204767,-0.050711110806301446
0.6375000000000001,0.1875,-0.07234009260405413,0.006888892052109376,0.0006272920678185668,-0.05021962420962363
0.6375000000000001,0.2,-0.07182089294711884,0.0068677820662500005,0.0006338951422166571,-0.04972813761294582
0.6375000000000001,0.21250000000000002,-0.07130169329018357,0.0068466720803906245,0.0006404982166147472,-0.04923665101626799
0.6375000000000001,0.225,-0.07078249363324829,0.00682556209453125,0.0006471012910128375,-0.048745164419590176
0.6375000000000001,0.23750000000000002,-0.070263293976313,0.006804452108671875,0.0006537043654109276,-0.04825367782291236
0.6375000000000001,0.25,-0.06974409431937773,0.006783342122812499,0.0006603074398090177,-0.04776219122623454
0.6375000000000001,0.2625,-0.06922489466244243,0.006762232136953124,0.0006669105142071079,-0.04727070462955672
0.6375000000000001,0.275,-0.06870569500550715,0.00674112215109375,0.000673513588605198,-0.0467792180328789
0.6375000000000001,0.28750000000000003,-0.06818649534857185,0.006720012165234376,0.0006801166630032884,-0.04628773143620109
0.6375000000000001,0.30000000000000004,-0.06766729569163657,0.006698902179374999,0.0006867197374013785,-0.04579624483952326
0.6375000000000001,0.3125,-0.0671480960347013,0.006677792193515626,0.0006933228117994687,-0.04530475824284545
0.6375000000000001,0.325,-0.06662889637776602,0.00665668220765625,0.0006999258861975588,-0.04481327164616763
0.6375000000000001,0.3375,-0.06610969672083075,0.0066355722217968744,0.0007065289605956489,-0.04432178504948982
0.6375000000000001,0.35000000000000003,-0.06559049706389547,0.006614462235937501,0.0007131320349937392,-0.043830298452812
0.6375000000000001,0.36250000000000004,-0.06507129740696016,0.006593352250078123,0.0007197351093918294,-0.04333881185613418
0.6375000000000001,0.375,-0.06455209775002488,0.00657224226421875,0.0007263381837899196,-0.042847325259456365
0.6375000000000001,0.3875,-0.0640328980930896,0.006551132278359374,0.0007329412581880097,-0.04235583866277854
0.6375000000000001,0.4,-0.06351369843615434,0.0065300222925,0.0007395443325860999,-0.04186435206610073
0.6375000000000001,0.41250000000000003,-0.06299449877921903,0.006508912306640626,0.0007461474069841901,-0.0413728654694229
0.6375000000000001,0.42500000000000004,-0.06247529912228376,0.006487802320781249,0.0007527504813822802,-0.04088137887274508
0.6375000000000001,0.4375,-0.06195609946534847,0.006466692334921876,0.0007593535557803704,-0.04038989227606727
0.6375000000000001,0.45,-0.0614368998084132,0.0064455823490625,0.0007659566301784606,-0.03989840567938945
0.6375000000000001,0.4625,-0.060917700151477905,0.006424472363203125,0.0007725597045765508,-0.03940691908271163
0.6375000000000001,0.47500000000000003,-0.06039850049454262,0.00640336237734375,0.000779162778974641,-0.038915432486033824
0.6375000000000001,0.48750000000000004,-0.059879300837607334,0.006382252391484375,0.0007857658533727312,-0.03842394588935599
0.6375000000000001,0.5,-0.059360101180672066,0.006361142405625002,0.0007923689277708213,-0.03793245929267819
0.6375000000000001,0.5125000000000001,-0.05884090152373676,0.006340032419765624,0.0007989720021689115,-0.03744097269600036
0.6375000000000001,0.525,-0.05832170186680148,0.00631892243390625,0.0008055750765670017,-0.03694948609932255
0.6375000000000001,0.5375,-0.05780250220986621,0.0062978124480468755,0.0008121781509650919,-0.03645799950264473
0.6375000000000001,0.55,-0.05728330255293093,0.0062767024621874995,0.0008187812253631821,-0.035966512905966905
0.6375000000000001,0.5625,-0.056764102895995636,0.006255592476328125,0.0008253842997612722,-0.035475026309289094
0.6375000000000001,0.5750000000000001,-0.05624490323906034,0.00623448249046875,0.0008319873741593625,-0.03498353971261127
0.6375000000000001,0.5875,-0.05572570358212507,0.006213372504609375,0.0008385904485574525,-0.03449205311593345
0.6375000000000001,0.6000000000000001,-0.05520650392518979,0.00619226251875,0.0008451935229555427,-0.034000566519255634
0.6375000000000001,0.6125,-0.05468730426825449,0.006171152532890626,0.000851796597353633,-0.03350907992257782
0.6375000000000001,0.625,-0.05416810461131922,0.006150042547031251,0.0008583996717517231,-0.033017593325900006
0.6375000000000001,0.6375000000000001,-0.05364890495438393,0.006128932561171875,0.0008650027461498134,-0.032526106729222175
0.6375000000000001,0.65,-0.05312970529744866,0.0061078225753125,0.0008716058205479034,-0.032034620132544364
0.6375000000000001,0.6625000000000001,-0.05261050564051338,0.006086712589453125,0.0008782088949459937,-0.03154313353586654
0.6375000000000001,0.675,-0.0520913059835781,0.00606560260359375,0.0008848119693440838,-0.031051646939188732
0.6375000000000001,0.6875,-0.051572106326642816,0.006044492617734375,0.000891415043742174,-0.030560160342510915
0.6375000000000001,0.7000000000000001,-0.05105290666970752,0.006023382631874999,0.0008980181181402643,-0.03006867374583309
0.6375000000000001,0.7125,-0.05053370701277224,0.006002272646015625,0.0009046211925383543,-0.029577187149155276
0.6375000000000001,0.7250000000000001,-0.05001450735583694,0.00598116266015625,0.0009112242669364446,-0.02908570055247746
0.6375000000000001,0.7375,-0.049495307698901675,0.005960052674296875,0.0009178273413345347,-0.02859421395579964
0.6375000000000001,0.75,-0.0489761080419664,0.005938942688437501,0.0009244304157326249,-0.028102727359121824
0.6375000000000001,0.7625000000000001,-0.048456908385031104,0.0059178327025781255,0.0009310334901307151,-0.027611240762444006
0.6375000000000001,0.775,-0.047937708728095815,0.0058967227167187495,0.0009376365645288052,-0.027119754165766185
0.6375000000000001,0.7875000000000001,-0.04741850907116053,0.005875612730859375,0.0009442396389268955,-0.026628267569088364
0.6375000000000001,0.8,-0.046899309414225265,0.005854502745000001,0.0009508427133249856,-0.026136780972410553
0.6375000000000001,0.8125,-0.04638010975728997,0.005833392759140625,0.0009574457877230758,-0.025645294375732732
0.6375000000000001,0.8250000000000001,-0.04586091010035468,0.00581228277328125,0.000964048862121166,-0.02515380777905491
0.6375000000000001,0.8375,-0.045341710443419406,0.005791172787421875,0.000970651936519256,-0.0246623211823771
0.6375000000000001,0.8500000000000001,-0.044822510786484124,0.005770062801562499,0.0009772550109173462,-0.024170834585699276
0.6375000000000001,0.8625,-0.044303311129548856,0.005748952815703126,0.0009838580853154366,-0.02367934798902146
0.6375000000000001,0.875,-0.04378411147261356,0.005727842829843751,0.0009904611597135267,-0.023187861392343644
0.6375000000000001,0.8875000000000001,-0.04326491181567827,0.0057067328439843745,0.000997064234111617,-0.022696374795665823
0.6375000000000001,0.9,-0.042745712158742996,0.005685622858124999,0.001003667308509707,-0.022204888198988013
0.6375000000000001,0.9125000000000001,-0.042226512501807714,0.005664512872265625,0.0010102703829077972,-0.021713401602310188
0.6375000000000001,0.925,-0.04170731284487243,0.005643402886406251,0.0010168734573058873,-0.02122191500563237
0.6375000000000001,0.9375,-0.04118811318793715,0.005622292900546875,0.0010234765317039774,-0.020730428408954553
0.6375000000000001,0.9500000000000001,-0.04066891353100187,0.005601182914687499,0.0010300796061020678,-0.020238941812276735
0.6375000000000001,0.9625,-0.04014971387406658,0.005580072928828125,0.0010366826805001579,-0.019747455215598914
0.6375000000000001,0.9750000000000001,-0.03963051421713129,0.005558962942968751,0.0010432857548982482,-0.019255968618921097
0.6375000000000001,0.9875,-0.03911131456019601,0.005537852957109375,0.0010498888292963383,-0.018764482022243276
0.6375000000000001,1.0,-0.03859211490326073,0.00551674297125,0.0010564919036944284,-0.018272995425565465
0.65,0.0,-0.07895257276804207,0.0069570748800000005,0.0005282459518472142,-0.05752678903479091
0.65,0.0125,-0.07843207758704815,0.006936692824687501,0.0005348490262453043,-0.05703327898350757
0.65,0.025,-0.07791158240605421,0.0069163107693750005,0.0005414521006433945,-0.056539768932224226
0.65,0.037500000000000006,-0.07739108722506029,0.0068959287140625,0.0005480551750414848,-0.0560462588809409
0.65,0.05,-0.07687059204406635,0.00687554665875,0.000554658249439575,-0.05555274882965756
0.65,0.0625,-0.07635009686307245,0.006855164603437501,0.0005612613238376651,-0.05505923877837423
0.65,0.07500000000000001,-0.07582960168207853,0.006834782548125,0.0005678643982357553,-0.054565728727090895
0.65,0.08750000000000001,-0.07530910650108459,0.0068144004928125,0.0005744674726338454,-0.05407221867580756
0.65,0.1,-0.07478861132009065,0.0067940184375,0.0005810705470319356,-0.05357870862452422
0.65,0.1125,-0.07426811613909674,0.0067736363821875,0.0005876736214300259,-0.053085198573240885
0.65,0.125,-0.07374762095810282,0.006753254326875001,0.000594276695828116,-0.05259168852195755
0.65,0.1375,-0.07322712577710888,0.006732872271562501,0.0006008797702262062,-0.05209817847067421
0.65,0.15000000000000002,-0.07270663059611497,0.00671249021625,0.0006074828446242963,-0.05160466841939088
0.65,0.1625,-0.07218613541512103,0.006692108160937502,0.0006140859190223866,-0.051111158368107555
0.65,0.17500000000000002,-0.07166564023412712,0.006671726105625001,0.0006206889934204767,-0.050617648316824214
0.65,0.1875,-0.0711451450531332,0.006651344050312501,0.0006272920678185668,-0.05012413826554087
0.65,0.2,-0.07062464987213929,0.006630961995,0.0006338951422166571,-0.04963062821425755
0.65,0.21250000000000002,-0.07010415469114535,0.006610579939687501,0.0006404982166147472,-0.04913711816297421
0.65,0.225,-0.06958365951015143,0.006590197884375,0.0006471012910128375,-0.04864360811169088
0.65,0.23750000000000002,-0.06906316432915749,0.0065698158290625,0.0006537043654109276,-0.048150098060407535
0.65,0.25,-0.06854266914816359,0.006549433773750001,0.0006603074398090177,-0.047656588009124215
0.65,0.2625,-0.06802217396716964,0.006529051718437501,0.0006669105142071079,-0.047163077957840874
0.65,0.275,-0.06750167878617572,0.006508669663125,0.000673513588605198,-0.04666956790655754
0.65,0.28750000000000003,-0.06698118360518181,0.006488287607812501,0.0006801166630032884,-0.046176057855274205
0.65,0.30000000000000004,-0.06646068842418787,0.0064679055525,0.0006867197374013785,-0.04568254780399087
0.65,0.3125,-0.06594019324319396,0.0064475234971875005,0.0006933228117994687,-0.045189037752707543
0.65,0.325,-0.06541969806220002,0.006427141441875001,0.0006999258861975588,-0.0446955277014242
0.65,0.3375,-0.0648992028812061,0.006406759386562501,0.0007065289605956489,-0.04420201765014087
0.65,0.35000000000000003,-0.06437870770021217,0.006386377331250002,0.0007131320349937392,-0.04370850759885754
0.65,0.36250000000000004,-0.06385821251921825,0.0063659952759375,0.0007197351093918294,-0.0432149975475742
0.65,0.375,-0.06333771733822433,0.006345613220625001,0.0007263381837899196,-0.042721487496290865
0.65,0.3875,-0.0628172221572304,0.0063252311653125,0.0007329412581880097,-0.042227977445007524
0.65,0.4,-0.06229672697623648,0.006304849109999999,0.0007395443325860999,-0.041734467393724196
0.65,0.41250000000000003,-0.06177623179524255,0.0062844670546875,0.0007461474069841901,-0.041240957342440855
0.65,0.42500000000000004,-0.06125573661424862,0.006264084999375,0.0007527504813822802,-0.04074744729115752
0.65,0.4375,-0.06073524143325469,0.0062437029440625,0.0007593535557803704,-0.040253937239874193
0.65,0.45,-0.060214746252260774,0.00622332088875,0.0007659566301784606,-0.03976042718859086
0.65,0.4625,-0.05969425107126684,0.0062029388334375,0.0007725597045765508,-0.03926691713730752
0.65,0.47500000000000003,-0.05917375589027293,0.006182556778125001,0.000779162778974641,-0.03877340708602419
0.65,0.48750000000000004,-0.058653260709278995,0.0061621747228125,0.0007857658533727312,-0.03827989703474085
0.65,0.5,-0.058132765528285085,0.006141792667500001,0.0007923689277708213,-0.03778638698345752
0.65,0.5125000000000001,-0.057612270347291154,0.0061214106121875,0.0007989720021689115,-0.03729287693217418
0.65,0.525,-0.05709177516629724,0.006101028556875001,0.0008055750765670017,-0.036799366880890846
0.65,0.5375,-0.056571279985303306,0.0060806465015625,0.0008121781509650919,-0.03630585682960752
0.65,0.55,-0.056050784804309375,0.00606026444625,0.0008187812253631821,-0.03581234677832418
0.65,0.5625,-0.05553028962331545,0.006039882390937502,0.0008253842997612722,-0.03531883672704085
0.65,0.5750000000000001,-0.05500979444232154,0.0060195003356250006,0.0008319873741593625,-0.03482532667575751
0.65,0.5875,-0.0544892992613276,0.0059991182803125,0.0008385904485574525,-0.034331816624474175
0.65,0.6000000000000001,-0.05396880408033367,0.0059787362250000005,0.0008451935229555427,-0.033838306573190834
0.65,0.6125,-0.053448308899339755,0.005958354169687501,0.000851796597353633,-0.033344796521907506
0.65,0.625,-0.052927813718345824,0.0059379721143750005,0.0008583996717517231,-0.03285128647062417
0.65,0.6375000000000001,-0.05240731853735191,0.0059175900590625,0.0008650027461498134,-0.03235777641934083
0.65,0.65,-0.05188682335635797,0.0058972080037500004,0.0008716058205479034,-0.0318642663680575
0.65,0.6625000000000001,-0.05136632817536404,0.005876825948437502,0.0008782088949459937,-0.03137075631677416
0.65,0.675,-0.05084583299437012,0.005856443893125,0.0008848119693440838,-0.03087724626549083
0.65,0.6875,-0.05032533781337622,0.005836061837812501,0.000891415043742174,-0.030383736214207497
0.65,0.7000000000000001,-0.049804842632382273,0.0058156797825,0.0008980181181402643,-0.029890226162924156
0.65,0.7125,-0.04928434745138835,0.005795297727187501,0.0009046211925383543,-0.029396716111640825
0.65,0.7250000000000001,-0.04876385227039444,0.005774915671875,0.0009112242669364446,-0.02890320606035749
0.65,0.7375,-0.0482433570894005,0.005754533616562501,0.0009178273413345347,-0.02840969600907416
0.65,0.75,-0.047722861908406584,0.005734151561250001,0.0009244304157326249,-0.027916185957790825
0.65,0.7625000000000001,-0.04720236672741264,0.005713769505937501,0.0009310334901307151,-0.027422675906507488
0.65,0.775,-0.046681871546418736,0.005693387450625,0.0009376365645288052,-0.02692916585522415
0.65,0.7875000000000001,-0.046161376365424805,0.005673005395312501,0.0009442396389268955,-0.026435655803940812
0.65,0.8,-0.04564088118443088,0.005652623340000001,0.0009508427133249856,-0.025942145752657485
0.65,0.8125,-0.04512038600343696,0.005632241284687501,0.0009574457877230758,-0.025448635701374147
0.65,0.8250000000000001,-0.044599890822443033,0.005611859229375,0.000964048862121166,-0.024955125650090813
0.65,0.8375,-0.0440793956414491,0.005591477174062501,0.000970651936519256,-0.02446161559880748
0.65,0.8500000000000001,-0.04355890046045517,0.00557109511875,0.0009772550109173462,-0.02396810554752414
0.65,0.8625,-0.043038405279461255,0.0055507130634375006,0.0009838580853154366,-0.023474595496240806
0.65,0.875,-0.04251791009846734,0.005530331008125001,0.0009904611597135267,-0.02298108544495748
0.65,0.8875000000000001,-0.0419974149174734,0.0055099489528125005,0.000997064234111617,-0.02248757539367414
0.65,0.9,-0.04147691973647949,0.005489566897499999,0.001003667308509707,-0.02199406534239081
0.65,0.9125000000000001,-0.04095642455548555,0.0054691848421875005,0.0010102703829077972,-0.021500555291107473
0.65,0.925,-0.04043592937449162,0.005448802786875001,0.0010168734573058873,-0.021007045239824135
0.65,0.9375,-0.039915434193497704,0.0054284207315625005,0.0010234765317039774,-0.020513535188540804
0.65,0.9500000000000001,-0.0393949390125038,0.00540803867625,0.0010300796061020678,-0.020020025137257466
0.65,0.9625,-0.038874443831509856,0.0053876566209375,0.0010366826805001579,-0.019526515085974135
0.65,0.9750000000000001,-0.038353948650515925,0.005367274565625001,0.0010432857548982482,-0.019033005034690798
0.65,0.9875,-0.03783345346952202,0.005346892510312501,0.0010498888292963383,-0.01853949498340746
0.65,1.0,-0.037312958288528084,0.005326510455000001,0.0010564919036944284,-0.018045984932124136
0.6625000000000001,0.0,-0.07777705807800074,0.00670860792,0.0005282459518472142,-0.0574616549097909
0.6625000000000001,0.0125,-0.07725526737294819,0.006688953795234373,0.0005348490262453043,-0.056966121403902045
0.6625000000000001,0.025,-0.07673347666789562,0.006669299670468748,0.0005414521006433945,-0.05647058789801319
0.6625000000000001,0.037500000000000006,-0.07621168596284306,0.006649645545703125,0.0005480551750414848,-0.055975054392124336
0.6625000000000001,0.05,-0.07568989525779049,0.006629991420937498,0.000554658249439575,-0.055479520886235485
0.6625000000000001,0.0625,-0.07516810455273792,0.006610337296171874,0.0005612613238376651,-0.05498398738034665
0.6625000000000001,0.07500000000000001,-0.07464631384768536,0.0065906831714062485,0.0005678643982357553,-0.05448845387445778
0.6625000000000001,0.08750000000000001,-0.0741245231426328,0.0065710290466406245,0.0005744674726338454,-0.053992920368568946
0.6625000000000001,0.1,-0.07360273243758023,0.0065513749218749995,0.0005810705470319356,-0.05349738686268008
0.6625000000000001,0.1125,-0.07308094173252765,0.006531720797109373,0.0005876736214300259,-0.05300185335679124
0.6625000000000001,0.125,-0.0725591510274751,0.00651206667234375,0.000594276695828116,-0.05250631985090238
0.6625000000000001,0.1375,-0.07203736032242253,0.006492412547578125,0.0006008797702262062,-0.05201078634501353
0.6625000000000001,0.15000000000000002,-0.07151556961736998,0.0064727584228125,0.0006074828446242963,-0.051515252839124684
0.6625000000000001,0.1625,-0.07099377891231741,0.006453104298046875,0.0006140859190223866,-0.05101971933323584
0.6625000000000001,0.17500000000000002,-0.07047198820726482,0.006433450173281248,0.0006206889934204767,-0.050524185827346975
0.6625000000000001,0.1875,-0.06995019750221224,0.006413796048515625,0.0006272920678185668,-0.050028652321458124
0.6625000000000001,0.2,-0.0694284067971597,0.006394141923749999,0.0006338951422166571,-0.04953311881556929
0.6625000000000001,0.21250000000000002,-0.06890661609210712,0.006374487798984373,0.0006404982166147472,-0.04903758530968042
0.6625000000000001,0.225,-0.06838482538705457,0.006354833674218749,0.0006471012910128375,-0.04854205180379157
0.6625000000000001,0.23750000000000002,-0.06786303468200199,0.0063351795494531234,0.0006537043654109276,-0.04804651829790272
0.6625000000000001,0.25,-0.06734124397694942,0.006315525424687499,0.0006603074398090177,-0.04755098479201388
0.6625000000000001,0.2625,-0.06681945327189687,0.0062958712999218736,0.0006669105142071079,-0.047055451286125025
0.6625000000000001,0.275,-0.0662976625668443,0.0062762171751562495,0.000673513588605198,-0.04655991778023617
0.6625000000000001,0.28750000000000003,-0.06577587186179173,0.0062565630503906245,0.0006801166630032884,-0.046064384274347316
0.6625000000000001,0.30000000000000004,-0.06525408115673914,0.006236908925625,0.0006867197374013785,-0.045568850768458465
0.6625000000000001,0.3125,-0.0647322904516866,0.006217254800859375,0.0006933228117994687,-0.04507331726256962
0.6625000000000001,0.325,-0.06421049974663401,0.006197600676093749,0.0006999258861975588,-0.04457778375668076
0.6625000000000001,0.3375,-0.06368870904158147,0.006177946551328124,0.0007065289605956489,-0.04408225025079191
0.6625000000000001,0.35000000000000003,-0.0631669183365289,0.006158292426562498,0.0007131320349937392,-0.04358671674490307
0.6625000000000001,0.36250000000000004,-0.06264512763147632,0.006138638301796873,0.0007197351093918294,-0.04309118323901421
0.6625000000000001,0.375,-0.06212333692642377,0.00611898417703125,0.0007263381837899196,-0.042595649733125365
0.6625000000000001,0.3875,-0.06160154622137119,0.006099330052265624,0.0007329412581880097,-0.04210011622723651
0.6625000000000001,0.4,-0.06107975551631864,0.006079675927499998,0.0007395443325860999,-0.04160458272134766
0.6625000000000001,0.41250000000000003,-0.06055796481126606,0.006060021802734374,0.0007461474069841901,-0.041109049215458805
0.6625000000000001,0.42500000000000004,-0.060036174106213494,0.0060403676779687485,0.0007527504813822802,-0.04061351570956995
0.6625000000000001,0.4375,-0.05951438340116093,0.006020713553203125,0.0007593535557803704,-0.0401179822036811
0.6625000000000001,0.45,-0.05899259269610836,0.0060010594284374994,0.0007659566301784606,-0.03962244869779225
0.6625000000000001,0.4625,-0.058470801991055796,0.005981405303671874,0.0007725597045765508,-0.0391269151919034
0.6625000000000001,0.47500000000000003,-0.05794901128600323,0.00596175117890625,0.000779162778974641,-0.03863138168601455
0.6625000000000001,0.48750000000000004,-0.057427220580950664,0.005942097054140624,0.0007857658533727312,-0.0381358481801257
0.6625000000000001,0.5,-0.0569054298758981,0.005922442929375,0.0007923689277708213,-0.037640314674236855
0.6625000000000001,0.5125000000000001,-0.05638363917084552,0.005902788804609374,0.0007989720021689115,-0.037144781168348
0.6625000000000001,0.525,-0.055861848465792965,0.005883134679843749,0.0008055750765670017,-0.036649247662459146
0.6625000000000001,0.5375,-0.05534005776074039,0.005863480555078125,0.0008121781509650919,-0.036153714156570295
0.6625000000000001,0.55,-0.05481826705568784,0.005843826430312499,0.0008187812253631821,-0.03565818065068144
0.6625000000000001,0.5625,-0.05429647635063526,0.005824172305546874,0.0008253842997612722,-0.0351626471447926
0.6625000000000001,0.5750000000000001,-0.053774685645582694,0.005804518180781249,0.0008319873741593625,-0.03466711363890374
0.6625000000000001,0.5875,-0.053252894940530135,0.005784864056015624,0.0008385904485574525,-0.03417158013301489
0.6625000000000001,0.6000000000000001,-0.05273110423547756,0.005765209931249998,0.0008451935229555427,-0.03367604662712603
0.6625000000000001,0.6125,-0.052209313530425,0.005745555806484374,0.000851796597353633,-0.03318051312123719
0.6625000000000001,0.625,-0.05168752282537245,0.00572590168171875,0.0008583996717517231,-0.03268497961534834
0.6625000000000001,0.6375000000000001,-0.05116573212031986,0.0057062475569531245,0.0008650027461498134,-0.03218944610945948
0.6625000000000001,0.65,-0.050643941415267305,0.005686593432187499,0.0008716058205479034,-0.031693912603570636
0.6625000000000001,0.6625000000000001,-0.05012215071021474,0.005666939307421875,0.0008782088949459937,-0.031198379097681778
0.6625000000000001,0.675,-0.04960036000516217,0.00564728518265625,0.0008848119693440838,-0.030702845591792934
0.6625000000000001,0.6875,-0.049078569300109606,0.005627631057890625,0.000891415043742174,-0.03020731208590408
0.6625000000000001,0.7000000000000001,-0.048556778595057026,0.005607976933124999,0.0008980181181402643,-0.029711778580015225
0.6625000000000001,0.7125,-0.04803498789000446,0.005588322808359374,0.0009046211925383543,-0.029216245074126377
0.6625000000000001,0.7250000000000001,-0.047513197184951894,0.005568668683593749,0.0009112242669364446,-0.028720711568237526
0.6625000000000001,0.7375,-0.04699140647989934,0.005549014558828125,0.0009178273413345347,-0.02822517806234867
0.6625000000000001,0.75,-0.046469615774846776,0.005529360434062499,0.0009244304157326249,-0.027729644556459827
0.6625000000000001,0.7625000000000001,-0.045947825069794196,0.005509706309296873,0.0009310334901307151,-0.02723411105057097
0.6625000000000001,0.775,-0.04542603436474163,0.005490052184531249,0.0009376365645288052,-0.02673857754468212
0.6625000000000001,0.7875000000000001,-0.044904243659689064,0.005470398059765625,0.0009442396389268955,-0.026243044038793264
0.6625000000000001,0.8,-0.04438245295463652,0.005450743934999999,0.0009508427133249856,-0.02574751053290442
0.6625000000000001,0.8125,-0.04386066224958394,0.0054310898102343744,0.0009574457877230758,-0.025251977027015565
0.6625000000000001,0.8250000000000001,-0.04333887154453136,0.0054114356854687495,0.000964048862121166,-0.02475644352112671
0.6625000000000001,0.8375,-0.042817080839478806,0.005391781560703124,0.000970651936519256,-0.024260910015237863
0.6625000000000001,0.8500000000000001,-0.04229529013442624,0.0053721274359375,0.0009772550109173462,-0.02376537650934901
0.6625000000000001,0.8625,-0.04177349942937367,0.005352473311171875,0.0009838580853154366,-0.02326984300346016
0.6625000000000001,0.875,-0.04125170872432111,0.00533281918640625,0.0009904611597135267,-0.02277430949757131
0.6625000000000001,0.8875000000000001,-0.040729918019268535,0.005313165061640624,0.000997064234111617,-0.02227877599168246
0.6625000000000001,0.9,-0.04020812731421597,0.005293510936875,0.001003667308509707,-0.02178324248579361
0.6625000000000001,0.9125000000000001,-0.0396863366091634,0.005273856812109375,0.0010102703829077972,-0.021287708979904757
0.6625000000000001,0.925,-0.03916454590411084,0.00525420268734375,0.0010168734573058873,-0.020792175474015906
0.6625000000000001,0.9375,-0.03864275519905827,0.005234548562578124,0.0010234765317039774,-0.020296641968127055
0.6625000000000001,0.9500000000000001,-0.03812096449400572,0.005214894437812499,0.0010300796061020678,-0.019801108462238204
0.6625000000000001,0.9625,-0.037599173788953125,0.005195240313046873,0.0010366826805001579,-0.01930557495634935
0.6625000000000001,0.9750000000000001,-0.03707738308390056,0.0051755861882812485,0.0010432857548982482,-0.0188100414504605
0.6625000000000001,0.9875,-0.036555592378848,0.005155932063515624,0.0010498888292963383,-0.018314507944571647
0.6625000000000001,1.0,-0.03603380167379544,0.0051362779387499995,0.0010564919036944284,-0.017818974438682803
0.675,0.0,-0.07660154338795944,0.00646014096,0.0005282459518472142,-0.057396520784790905
0.675,0.0125,-0.07607845715884824,0.006441214765781251,0.0005348490262453043,-0.05689896382429653
0.675,0.025,-0.07555537092973703,0.0064222885715625,0.0005414521006433945,-0.056401406863802156
0.675,0.037500000000000006,-0.07503228470062581,0.006403362377343751,0.0005480551750414848,-0.055903849903307795
0.675,0.05,-0.07450919847151459,0.006384436183125001,0.000554658249439575,-0.05540629294281342
0.675,0.0625,-0.07398611224240342,0.00636550998890625,0.0005612613238376651,-0.05490873598231907
0.675,0.07500000000000001,-0.07346302601329219,0.0063465837946875,0.0005678643982357553,-0.0544111790218247
0.675,0.08750000000000001,-0.07293993978418098,0.0063276576004687515,0.0005744674726338454,-0.05391362206133033
0.675,0.1,-0.07241685355506977,0.00630873140625,0.0005810705470319356,-0.05341606510083595
0.675,0.1125,-0.07189376732595858,0.006289805212031249,0.0005876736214300259,-0.05291850814034159
0.675,0.125,-0.07137068109684737,0.0062708790178125015,0.000594276695828116,-0.05242095117984723
0.675,0.1375,-0.07084759486773615,0.00625195282359375,0.0006008797702262062,-0.05192339421935285
0.675,0.15000000000000002,-0.07032450863862494,0.006233026629375001,0.0006074828446242963,-0.05142583725885849
0.675,0.1625,-0.06980142240951373,0.006214100435156251,0.0006140859190223866,-0.05092828029836412
0.675,0.17500000000000002,-0.06927833618040252,0.0061951742409375,0.0006206889934204767,-0.05043072333786975
0.675,0.1875,-0.06875524995129131,0.006176248046718752,0.0006272920678185668,-0.04993316637737537
0.675,0.2,-0.0682321637221801,0.006157321852500001,0.0006338951422166571,-0.049435609416881014
0.675,0.21250000000000002,-0.06770907749306891,0.00613839565828125,0.0006404982166147472,-0.048938052456386646
0.675,0.225,-0.06718599126395772,0.0061194694640625,0.0006471012910128375,-0.04844049549589227
0.675,0.23750000000000002,-0.06666290503484648,0.00610054326984375,0.0006537043654109276,-0.0479429385353979
0.675,0.25,-0.0661398188057353,0.006081617075625001,0.0006603074398090177,-0.04744538157490354
0.675,0.2625,-0.06561673257662406,0.00606269088140625,0.0006669105142071079,-0.046947824614409175
0.675,0.275,-0.06509364634751286,0.0060437646871875006,0.000673513588605198,-0.0464502676539148
0.675,0.28750000000000003,-0.06457056011840165,0.006024838492968751,0.0006801166630032884,-0.04595271069342044
0.675,0.30000000000000004,-0.06404747388929044,0.00600591229875,0.0006867197374013785,-0.045455153732926065
0.675,0.3125,-0.06352438766017923,0.0059869861045312505,0.0006933228117994687,-0.044957596772431704
0.675,0.325,-0.06300130143106805,0.0059680599103125,0.0006999258861975588,-0.04446003981193733
0.675,0.3375,-0.06247821520195683,0.00594913371609375,0.0007065289605956489,-0.04396248285144296
0.675,0.35000000000000003,-0.06195512897284562,0.005930207521875001,0.0007131320349937392,-0.0434649258909486
0.675,0.36250000000000004,-0.061432042743734414,0.00591128132765625,0.0007197351093918294,-0.04296736893045423
0.675,0.375,-0.060908956514623205,0.005892355133437501,0.0007263381837899196,-0.042469811969959866
0.675,0.3875,-0.06038587028551198,0.0058734289392187505,0.0007329412581880097,-0.04197225500946549
0.675,0.4,-0.0598627840564008,0.005854502745000001,0.0007395443325860999,-0.04147469804897113
0.675,0.41250000000000003,-0.059339697827289574,0.005835576550781251,0.0007461474069841901,-0.040977141088476755
0.675,0.42500000000000004,-0.05881661159817836,0.005816650356562499,0.0007527504813822802,-0.04047958412798239
0.675,0.4375,-0.05829352536906718,0.005797724162343751,0.0007593535557803704,-0.03998202716748803
0.675,0.45,-0.05777043913995596,0.005778797968125001,0.0007659566301784606,-0.03948447020699366
0.675,0.4625,-0.057247352910844734,0.005759871773906251,0.0007725597045765508,-0.038986913246499284
0.675,0.47500000000000003,-0.05672426668173353,0.0057409455796875,0.000779162778974641,-0.038489356286004923
0.675,0.48750000000000004,-0.05620118045262233,0.00572201938546875,0.0007857658533727312,-0.03799179932551055
0.675,0.5,-0.055678094223511124,0.005703093191250001,0.0007923689277708213,-0.03749424236501619
0.675,0.5125000000000001,-0.05515500799439991,0.005684166997031251,0.0007989720021689115,-0.03699668540452181
0.675,0.525,-0.054631921765288693,0.005665240802812501,0.0008055750765670017,-0.036499128444027445
0.675,0.5375,-0.0541088355361775,0.00564631460859375,0.0008121781509650919,-0.036001571483533085
0.675,0.55,-0.053585749307066305,0.005627388414375,0.0008187812253631821,-0.03550401452303871
0.675,0.5625,-0.05306266307795508,0.005608462220156251,0.0008253842997612722,-0.03500645756254435
0.675,0.5750000000000001,-0.05253957684884386,0.0055895360259374995,0.0008319873741593625,-0.034508900602049974
0.675,0.5875,-0.05201649061973268,0.00557060983171875,0.0008385904485574525,-0.03401134364155561
0.675,0.6000000000000001,-0.05149340439062145,0.0055516836375000015,0.0008451935229555427,-0.03351378668106124
0.675,0.6125,-0.050970318161510236,0.005532757443281251,0.000851796597353633,-0.03301622972056688
0.675,0.625,-0.05044723193239904,0.005513831249062501,0.0008583996717517231,-0.03251867276007251
0.675,0.6375000000000001,-0.04992414570328783,0.00549490505484375,0.0008650027461498134,-0.032021115799578136
0.675,0.65,-0.049401059474176626,0.005475978860625,0.0008716058205479034,-0.03152355883908377
0.675,0.6625000000000001,-0.04887797324506541,0.005457052666406251,0.0008782088949459937,-0.0310260018785894
0.675,0.675,-0.04835488701595421,0.005438126472187501,0.0008848119693440838,-0.030528444918095032
0.675,0.6875,-0.04783180078684299,0.00541920027796875,0.000891415043742174,-0.030030887957600665
0.675,0.7000000000000001,-0.0473087145577318,0.00540027408375,0.0008980181181402643,-0.029533330997106297
0.675,0.7125,-0.046785628328620585,0.005381347889531251,0.0009046211925383543,-0.02903577403661193
0.675,0.7250000000000001,-0.04626254209950938,0.0053624216953125,0.0009112242669364446,-0.02853821707611756
0.675,0.7375,-0.04573945587039817,0.005343495501093751,0.0009178273413345347,-0.028040660115623194
0.675,0.75,-0.04521636964128696,0.0053245693068750015,0.0009244304157326249,-0.027543103155128833
0.675,0.7625000000000001,-0.044693283412175766,0.005305643112656251,0.0009310334901307151,-0.027045546194634458
0.675,0.775,-0.04417019718306455,0.0052867169184375,0.0009376365645288052,-0.02654798923414009
0.675,0.7875000000000001,-0.04364711095395333,0.005267790724218751,0.0009442396389268955,-0.02605043227364572
0.675,0.8,-0.04312402472484213,0.005248864530000001,0.0009508427133249856,-0.025552875313151358
0.675,0.8125,-0.042600938495730926,0.005229938335781251,0.0009574457877230758,-0.025055318352656987
0.675,0.8250000000000001,-0.0420778522666197,0.0052110121415625,0.000964048862121166,-0.024557761392162616
0.675,0.8375,-0.04155476603750852,0.005192085947343751,0.000970651936519256,-0.02406020443166825
0.675,0.8500000000000001,-0.04103167980839729,0.005173159753125,0.0009772550109173462,-0.023562647471173877
0.675,0.8625,-0.04050859357928609,0.0051542335589062505,0.0009838580853154366,-0.023065090510679512
0.675,0.875,-0.03998550735017488,0.005135307364687501,0.0009904611597135267,-0.022567533550185148
0.675,0.8875000000000001,-0.03946242112106368,0.00511638117046875,0.000997064234111617,-0.02206997658969078
0.675,0.9,-0.03893933489195247,0.0050974549762500005,0.001003667308509707,-0.021572419629196416
0.675,0.9125000000000001,-0.03841624866284124,0.005078528782031251,0.0010102703829077972,-0.02107486266870204
0.675,0.925,-0.03789316243373005,0.005059602587812501,0.0010168734573058873,-0.020577305708207677
0.675,0.9375,-0.03737007620461883,0.0050406763935937505,0.0010234765317039774,-0.02007974874771331
0.675,0.9500000000000001,-0.03684698997550763,0.005021750199375,0.0010300796061020678,-0.01958219178721894
0.675,0.9625,-0.036323903746396415,0.005002824005156251,0.0010366826805001579,-0.019084634826724574
0.675,0.9750000000000001,-0.03580081751728522,0.0049838978109375005,0.0010432857548982482,-0.018587077866230203
0.675,0.9875,-0.035277731288174005,0.004964971616718751,0.0010498888292963383,-0.018089520905735835
0.675,1.0,-0.034754645059062804,0.004946045422500001,0.0010564919036944284,-0.01759196394524147
0.6875,0.0,-0.07542602869791813,0.006211674000000001,0.0005282459518472142,-0.05733138665979091
0.6875,0.0125,-0.07490164694474827,0.006193475736328126,0.0005348490262453043,-0.05683180624469101
0.6875,0.025,-0.07437726519157843,0.006175277472656251,0.0005414521006433945,-0.056332225829591125
0.6875,0.037500000000000006,-0.07385288343840858,0.006157079208984376,0.0005480551750414848,-0.05583264541449125
0.6875,0.05,-0.07332850168523872,0.006138880945312501,0.000554658249439575,-0.055333064999391356
0.6875,0.0625,-0.07280411993206888,0.0061206826816406264,0.0005612613238376651,-0.054833484584291485
0.6875,0.07500000000000001,-0.07227973817889903,0.006102484417968751,0.0005678643982357553,-0.054333904169191594
0.6875,0.08750000000000001,-0.0717553564257292,0.006084286154296876,0.0005744674726338454,-0.053834323754091716
0.6875,0.1,-0.07123097467255932,0.006066087890625002,0.0005810705470319356,-0.05333474333899182
0.6875,0.1125,-0.07070659291938948,0.006047889626953126,0.0005876736214300259,-0.05283516292389193
0.6875,0.125,-0.07018221116621964,0.006029691363281252,0.000594276695828116,-0.052335582508792056
0.6875,0.1375,-0.06965782941304975,0.006011493099609376,0.0006008797702262062,-0.051836002093692164
0.6875,0.15000000000000002,-0.06913344765987993,0.005993294835937502,0.0006074828446242963,-0.05133642167859228
0.6875,0.1625,-0.06860906590671008,0.0059750965722656256,0.0006140859190223866,-0.05083684126349241
0.6875,0.17500000000000002,-0.06808468415354024,0.00595689830859375,0.0006206889934204767,-0.05033726084839252
0.6875,0.1875,-0.06756030240037039,0.005938700044921877,0.0006272920678185668,-0.049837680433292626
0.6875,0.2,-0.06703592064720054,0.005920501781250001,0.0006338951422166571,-0.049338100018192756
0.6875,0.21250000000000002,-0.06651153889403069,0.005902303517578126,0.0006404982166147472,-0.048838519603092864
0.6875,0.225,-0.06598715714086081,0.005884105253906251,0.0006471012910128375,-0.04833893918799298
0.6875,0.23750000000000002,-0.06546277538769098,0.005865906990234375,0.0006537043654109276,-0.04783935877289309
0.6875,0.25,-0.06493839363452114,0.005847708726562502,0.0006603074398090177,-0.04733977835779322
0.6875,0.2625,-0.06441401188135128,0.005829510462890626,0.0006669105142071079,-0.046840197942693326
0.6875,0.275,-0.06388963012818144,0.00581131219921875,0.000673513588605198,-0.04634061752759344
0.6875,0.28750000000000003,-0.06336524837501159,0.005793113935546876,0.0006801166630032884,-0.04584103711249356
0.6875,0.30000000000000004,-0.06284086662184174,0.005774915671875,0.0006867197374013785,-0.045341456697393666
0.6875,0.3125,-0.0623164848686719,0.005756717408203126,0.0006933228117994687,-0.04484187628229379
0.6875,0.325,-0.06179210311550203,0.005738519144531251,0.0006999258861975588,-0.0443422958671939
0.6875,0.3375,-0.06126772136233219,0.005720320880859376,0.0007065289605956489,-0.04384271545209402
0.6875,0.35000000000000003,-0.06074333960916234,0.005702122617187501,0.0007131320349937392,-0.04334313503699414
0.6875,0.36250000000000004,-0.0602189578559925,0.0056839243535156255,0.0007197351093918294,-0.04284355462189425
0.6875,0.375,-0.05969457610282264,0.0056657260898437525,0.0007263381837899196,-0.042343974206794366
0.6875,0.3875,-0.05917019434965279,0.005647527826171876,0.0007329412581880097,-0.041844393791694474
0.6875,0.4,-0.058645812596482945,0.0056293295625,0.0007395443325860999,-0.041344813376594604
0.6875,0.41250000000000003,-0.0581214308433131,0.0056111312988281255,0.0007461474069841901,-0.040845232961494705
0.6875,0.42500000000000004,-0.057597049090143224,0.005592933035156251,0.0007527504813822802,-0.04034565254639482
0.6875,0.4375,-0.05707266733697339,0.005574734771484376,0.0007593535557803704,-0.03984607213129494
0.6875,0.45,-0.056548285583803544,0.0055565365078125,0.0007659566301784606,-0.03934649171619506
0.6875,0.4625,-0.05602390383063369,0.0055383382441406255,0.0007725597045765508,-0.03884691130109517
0.6875,0.47500000000000003,-0.05549952207746385,0.005520139980468752,0.000779162778974641,-0.03834733088599529
0.6875,0.48750000000000004,-0.05497514032429398,0.005501941716796875,0.0007857658533727312,-0.037847750470895405
0.6875,0.5,-0.054450758571124136,0.005483743453125001,0.0007923689277708213,-0.03734817005579553
0.6875,0.5125000000000001,-0.053926376817954286,0.0054655451894531255,0.0007989720021689115,-0.036848589640695636
0.6875,0.525,-0.05340199506478445,0.005447346925781252,0.0008055750765670017,-0.03634900922559575
0.6875,0.5375,-0.052877613311614606,0.005429148662109377,0.0008121781509650919,-0.03584942881049587
0.6875,0.55,-0.05235323155844475,0.005410950398437501,0.0008187812253631821,-0.03534984839539598
0.6875,0.5625,-0.0518288498052749,0.005392752134765626,0.0008253842997612722,-0.034850267980296105
0.6875,0.5750000000000001,-0.05130446805210505,0.005374553871093751,0.0008319873741593625,-0.034350687565196214
0.6875,0.5875,-0.050780086298935184,0.005356355607421876,0.0008385904485574525,-0.03385110715009633
0.6875,0.6000000000000001,-0.050255704545765334,0.00533815734375,0.0008451935229555427,-0.03335152673499644
0.6875,0.6125,-0.0497313227925955,0.005319959080078126,0.000851796597353633,-0.03285194631989656
0.6875,0.625,-0.049206941039425654,0.005301760816406252,0.0008583996717517231,-0.032352365904796676
0.6875,0.6375000000000001,-0.0486825592862558,0.005283562552734376,0.0008650027461498134,-0.031852785489696785
0.6875,0.65,-0.04815817753308595,0.0052653642890625,0.0008716058205479034,-0.03135320507459691
0.6875,0.6625000000000001,-0.0476337957799161,0.005247166025390626,0.0008782088949459937,-0.030853624659497016
0.6875,0.675,-0.04710941402674624,0.005228967761718751,0.0008848119693440838,-0.030354044244397135
0.6875,0.6875,-0.046585032273576396,0.005210769498046877,0.000891415043742174,-0.02985446382929725
0.6875,0.7000000000000001,-0.04606065052040653,0.005192571234375001,0.0008980181181402643,-0.029354883414197366
0.6875,0.7125,-0.0455362687672367,0.005174372970703126,0.0009046211925383543,-0.02885530299909748
0.6875,0.7250000000000001,-0.04501188701406684,0.005156174707031252,0.0009112242669364446,-0.028355722583997593
0.6875,0.7375,-0.04448750526089701,0.005137976443359376,0.0009178273413345347,-0.027856142168897712
0.6875,0.75,-0.043963123507727166,0.005119778179687501,0.0009244304157326249,-0.027356561753797828
0.6875,0.7625000000000001,-0.04343874175455729,0.0051015799160156255,0.0009310334901307151,-0.02685698133869794
0.6875,0.775,-0.042914360001387444,0.005083381652343751,0.0009376365645288052,-0.02635740092359806
0.6875,0.7875000000000001,-0.042389978248217594,0.005065183388671875,0.0009442396389268955,-0.025857820508498167
0.6875,0.8,-0.04186559649504775,0.005046985125000001,0.0009508427133249856,-0.02535824009339829
0.6875,0.8125,-0.0413412147418779,0.005028786861328126,0.0009574457877230758,-0.024858659678298402
0.6875,0.8250000000000001,-0.04081683298870806,0.005010588597656251,0.000964048862121166,-0.024359079263198517
0.6875,0.8375,-0.040292451235538214,0.004992390333984376,0.000970651936519256,-0.023859498848098636
0.6875,0.8500000000000001,-0.039768069482368336,0.004974192070312501,0.0009772550109173462,-0.02335991843299875
0.6875,0.8625,-0.03924368772919849,0.004955993806640626,0.0009838580853154366,-0.022860338017898864
0.6875,0.875,-0.03871930597602864,0.004937795542968752,0.0009904611597135267,-0.022360757602798983
0.6875,0.8875000000000001,-0.0381949242228588,0.004919597279296876,0.000997064234111617,-0.0218611771876991
0.6875,0.9,-0.03767054246968897,0.004901399015625001,0.001003667308509707,-0.021361596772599217
0.6875,0.9125000000000001,-0.037146160716519105,0.004883200751953126,0.0010102703829077972,-0.020862016357499326
0.6875,0.925,-0.03662177896334926,0.004865002488281251,0.0010168734573058873,-0.020362435942399445
0.6875,0.9375,-0.03609739721017941,0.004846804224609377,0.0010234765317039774,-0.019862855527299557
0.6875,0.9500000000000001,-0.03557301545700957,0.0048286059609375,0.0010300796061020678,-0.019363275112199672
0.6875,0.9625,-0.035048633703839704,0.0048104076972656255,0.0010366826805001579,-0.018863694697099788
0.6875,0.9750000000000001,-0.03452425195066986,0.004792209433593751,0.0010432857548982482,-0.018364114281999903
0.6875,0.9875,-0.03399987019750002,0.004774011169921877,0.0010498888292963383,-0.017864533866900022
0.6875,1.0,-0.03347548844433017,0.004755812906250001,0.0010564919036944284,-0.01736495345180014
0.7000000000000001,0.0,-0.07425051400787681,0.005963207040000001,0.0005282459518472142,-0.0572662525347909
0.7000000000000001,0.0125,-0.07372483673064832,0.005945736706875,0.0005348490262453043,-0.056764648665085495
0.7000000000000001,0.025,-0.07319915945341984,0.005928266373749999,0.0005414521006433945,-0.056263044795380086
0.7000000000000001,0.037500000000000006,-0.07267348217619135,0.005910796040624999,0.0005480551750414848,-0.05576144092567469
0.7000000000000001,0.05,-0.07214780489896283,0.005893325707499999,0.000554658249439575,-0.055259837055969284
0.7000000000000001,0.0625,-0.07162212762173437,0.005875855374375001,0.0005612613238376651,-0.05475823318626389
0.7000000000000001,0.07500000000000001,-0.07109645034450586,0.00585838504125,0.0005678643982357553,-0.054256629316558495
0.7000000000000001,0.08750000000000001,-0.07057077306727738,0.005840914708125,0.0005744674726338454,-0.053755025446853094
0.7000000000000001,0.1,-0.07004509579004889,0.005823444375,0.0005810705470319356,-0.05325342157714768
0.7000000000000001,0.1125,-0.0695194185128204,0.0058059740418749985,0.0005876736214300259,-0.052751817707442285
0.7000000000000001,0.125,-0.06899374123559192,0.005788503708750001,0.000594276695828116,-0.052250213837736884
0.7000000000000001,0.1375,-0.06846806395836343,0.005771033375625,0.0006008797702262062,-0.05174860996803148
0.7000000000000001,0.15000000000000002,-0.06794238668113492,0.0057535630425,0.0006074828446242963,-0.05124700609832608
0.7000000000000001,0.1625,-0.06741670940390646,0.005736092709375,0.0006140859190223866,-0.05074540222862069
0.7000000000000001,0.17500000000000002,-0.06689103212667794,0.005718622376249999,0.0006206889934204767,-0.05024379835891528
0.7000000000000001,0.1875,-0.06636535484944944,0.005701152043125,0.0006272920678185668,-0.04974219448920988
0.7000000000000001,0.2,-0.06583967757222095,0.00568368171,0.0006338951422166571,-0.04924059061950448
0.7000000000000001,0.21250000000000002,-0.06531400029499246,0.005666211376874999,0.0006404982166147472,-0.048738986749799075
0.7000000000000001,0.225,-0.06478832301776398,0.00564874104375,0.0006471012910128375,-0.048237382880093674
0.7000000000000001,0.23750000000000002,-0.06426264574053549,0.005631270710624999,0.0006537043654109276,-0.047735779010388266
0.7000000000000001,0.25,-0.06373696846330701,0.0056138003775,0.0006603074398090177,-0.04723417514068288
0.7000000000000001,0.2625,-0.06321129118607852,0.005596330044375,0.0006669105142071079,-0.04673257127097747
0.7000000000000001,0.275,-0.06268561390885,0.005578859711249999,0.000673513588605198,-0.04623096740127206
0.7000000000000001,0.28750000000000003,-0.06215993663162151,0.005561389378124999,0.0006801166630032884,-0.04572936353156667
0.7000000000000001,0.30000000000000004,-0.06163425935439302,0.005543919044999999,0.0006867197374013785,-0.04522775966186126
0.7000000000000001,0.3125,-0.06110858207716454,0.005526448711875001,0.0006933228117994687,-0.044726155792155865
0.7000000000000001,0.325,-0.06058290479993604,0.00550897837875,0.0006999258861975588,-0.04422455192245046
0.7000000000000001,0.3375,-0.06005722752270755,0.0054915080456249986,0.0007065289605956489,-0.04372294805274506
0.7000000000000001,0.35000000000000003,-0.05953155024547907,0.0054740377125,0.0007131320349937392,-0.04322134418303967
0.7000000000000001,0.36250000000000004,-0.05900587296825058,0.005456567379374999,0.0007197351093918294,-0.04271974031333426
0.7000000000000001,0.375,-0.0584801956910221,0.005439097046250001,0.0007263381837899196,-0.042218136443628866
0.7000000000000001,0.3875,-0.05795451841379359,0.005421626713125,0.0007329412581880097,-0.04171653257392346
0.7000000000000001,0.4,-0.0574288411365651,0.00540415638,0.0007395443325860999,-0.041214928704218064
0.7000000000000001,0.41250000000000003,-0.05690316385933661,0.005386686046875,0.0007461474069841901,-0.040713324834512656
0.7000000000000001,0.42500000000000004,-0.05637748658210811,0.005369215713749999,0.0007527504813822802,-0.04021172096480725
0.7000000000000001,0.4375,-0.05585180930487961,0.005351745380625,0.0007593535557803704,-0.03971011709510186
0.7000000000000001,0.45,-0.05532613202765113,0.0053342750475,0.0007659566301784606,-0.03920851322539645
0.7000000000000001,0.4625,-0.05480045475042264,0.005316804714375001,0.0007725597045765508,-0.03870690935569105
0.7000000000000001,0.47500000000000003,-0.05427477747319415,0.00529933438125,0.000779162778974641,-0.038205305485985656
0.7000000000000001,0.48750000000000004,-0.053749100195965654,0.005281864048124999,0.0007857658533727312,-0.03770370161628025
0.7000000000000001,0.5,-0.053223422918737176,0.005264393715,0.0007923689277708213,-0.037202097746574854
0.7000000000000001,0.5125000000000001,-0.052697745641508684,0.005246923381875,0.0007989720021689115,-0.036700493876869446
0.7000000000000001,0.525,-0.05217206836428019,0.005229453048749999,0.0008055750765670017,-0.03619889000716405
0.7000000000000001,0.5375,-0.051646391087051685,0.005211982715625,0.0008121781509650919,-0.03569728613745865
0.7000000000000001,0.55,-0.0511207138098232,0.0051945123825,0.0008187812253631821,-0.03519568226775324
0.7000000000000001,0.5625,-0.0505950365325947,0.005177042049375,0.0008253842997612722,-0.03469407839804785
0.7000000000000001,0.5750000000000001,-0.05006935925536622,0.005159571716249999,0.0008319873741593625,-0.03419247452834244
0.7000000000000001,0.5875,-0.049543681978137716,0.005142101383124999,0.0008385904485574525,-0.03369087065863704
0.7000000000000001,0.6000000000000001,-0.04901800470090922,0.00512463105,0.0008451935229555427,-0.03318926678893164
0.7000000000000001,0.6125,-0.048492327423680745,0.005107160716875,0.000851796597353633,-0.032687662919226236
0.7000000000000001,0.625,-0.04796665014645225,0.0050896903837500005,0.0008583996717517231,-0.03218605904952084
0.7000000000000001,0.6375000000000001,-0.047440972869223746,0.0050722200506249995,0.0008650027461498134,-0.031684455179815434
0.7000000000000001,0.65,-0.04691529559199526,0.005054749717499999,0.0008716058205479034,-0.031182851310110036
0.7000000000000001,0.6625000000000001,-0.04638961831476677,0.005037279384375,0.0008782088949459937,-0.030681247440404635
0.7000000000000001,0.675,-0.04586394103753829,0.00501980905125,0.0008848119693440838,-0.030179643570699237
0.7000000000000001,0.6875,-0.0453382637603098,0.005002338718125001,0.000891415043742174,-0.02967803970099384
0.7000000000000001,0.7000000000000001,-0.04481258648308129,0.004984868385,0.0008980181181402643,-0.02917643583128843
0.7000000000000001,0.7125,-0.04428690920585281,0.0049673980518749996,0.0009046211925383543,-0.028674831961583037
0.7000000000000001,0.7250000000000001,-0.043761231928624314,0.00494992771875,0.0009112242669364446,-0.02817322809187763
0.7000000000000001,0.7375,-0.043235554651395836,0.004932457385625,0.0009178273413345347,-0.027671624222172227
0.7000000000000001,0.75,-0.04270987737416734,0.0049149870525,0.0009244304157326249,-0.027170020352466833
0.7000000000000001,0.7625000000000001,-0.04218420009693883,0.004897516719375,0.0009310334901307151,-0.026668416482761425
0.7000000000000001,0.775,-0.04165852281971035,0.00488004638625,0.0009376365645288052,-0.026166812613056024
0.7000000000000001,0.7875000000000001,-0.04113284554248186,0.004862576053125,0.0009442396389268955,-0.025665208743350622
0.7000000000000001,0.8,-0.04060716826525337,0.0048451057199999994,0.0009508427133249856,-0.025163604873645228
0.7000000000000001,0.8125,-0.040081490988024875,0.004827635386875,0.0009574457877230758,-0.024662001003939824
0.7000000000000001,0.8250000000000001,-0.03955581371079638,0.00481016505375,0.000964048862121166,-0.024160397134234422
0.7000000000000001,0.8375,-0.0390301364335679,0.004792694720625,0.000970651936519256,-0.02365879326452902
0.7000000000000001,0.8500000000000001,-0.038504459156339405,0.0047752243875,0.0009772550109173462,-0.023157189394823616
0.7000000000000001,0.8625,-0.03797878187911091,0.0047577540543750005,0.0009838580853154366,-0.022655585525118215
0.7000000000000001,0.875,-0.03745310460188242,0.00474028372125,0.0009904611597135267,-0.022153981655412817
0.7000000000000001,0.8875000000000001,-0.03692742732465393,0.004722813388124999,0.000997064234111617,-0.021652377785707416
0.7000000000000001,0.9,-0.03640175004742545,0.004705343054999999,0.001003667308509707,-0.02115077391600202
0.7000000000000001,0.9125000000000001,-0.035876072770196936,0.004687872721875,0.0010102703829077972,-0.020649170046296614
0.7000000000000001,0.925,-0.03535039549296844,0.004670402388750001,0.0010168734573058873,-0.020147566176591213
0.7000000000000001,0.9375,-0.034824718215739965,0.0046529320556250005,0.0010234765317039774,-0.01964596230688581
0.7000000000000001,0.9500000000000001,-0.034299040938511466,0.0046354617224999995,0.0010300796061020678,-0.019144358437180407
0.7000000000000001,0.9625,-0.033773363661282974,0.004617991389375,0.0010366826805001579,-0.01864275456747501
0.7000000000000001,0.9750000000000001,-0.03324768638405448,0.00460052105625,0.0010432857548982482,-0.018141150697769604
0.7000000000000001,0.9875,-0.03272200910682599,0.004583050723125,0.0010498888292963383,-0.017639546828064206
0.7000000000000001,1.0,-0.0321963318295975,0.00456558039,0.0010564919036944284,-0.01713794295835881
0.7125,0.0,-0.07307499931783551,0.005714740080000002,0.0005282459518472142,-0.057201118409790905
0.7125,0.0125,-0.07254802651654838,0.005697997677421875,0.0005348490262453043,-0.05669749108547999
0.7125,0.025,-0.07202105371526124,0.00568125527484375,0.0005414521006433945,-0.056193863761169055
0.7125,0.037500000000000006,-0.0714940809139741,0.005664512872265625,0.0005480551750414848,-0.055690236436858144
0.7125,0.05,-0.07096710811268696,0.005647770469687499,0.000554658249439575,-0.05518660911254722
0.7125,0.0625,-0.07044013531139984,0.005631028067109376,0.0005612613238376651,-0.054682981788236315
0.7125,0.07500000000000001,-0.06991316251011269,0.0056142856645312504,0.0005678643982357553,-0.05417935446392539
0.7125,0.08750000000000001,-0.06938618970882557,0.005597543261953126,0.0005744674726338454,-0.05367572713961448
0.7125,0.1,-0.06885921690753843,0.005580800859375,0.0005810705470319356,-0.05317209981530355
0.7125,0.1125,-0.0683322441062513,0.005564058456796874,0.0005876736214300259,-0.052668472490992636
0.7125,0.125,-0.06780527130496418,0.005547316054218751,0.000594276695828116,-0.052164845166681725
0.7125,0.1375,-0.06727829850367703,0.005530573651640625,0.0006008797702262062,-0.051661217842370794
0.7125,0.15000000000000002,-0.06675132570238991,0.005513831249062501,0.0006074828446242963,-0.05115759051805988
0.7125,0.1625,-0.06622435290110279,0.005497088846484375,0.0006140859190223866,-0.05065396319374897
0.7125,0.17500000000000002,-0.06569738009981563,0.005480346443906249,0.0006206889934204767,-0.05015033586943805
0.7125,0.1875,-0.06517040729852852,0.005463604041328126,0.0006272920678185668,-0.04964670854512712
0.7125,0.2,-0.06464343449724137,0.00544686163875,0.0006338951422166571,-0.04914308122081622
0.7125,0.21250000000000002,-0.06411646169595425,0.005430119236171875,0.0006404982166147472,-0.04863945389650529
0.7125,0.225,-0.06358948889466712,0.00541337683359375,0.0006471012910128375,-0.048135826572194375
0.7125,0.23750000000000002,-0.06306251609337997,0.005396634431015624,0.0006537043654109276,-0.04763219924788346
0.7125,0.25,-0.06253554329209285,0.0053798920284375005,0.0006603074398090177,-0.047128571923572546
0.7125,0.2625,-0.062008570490805714,0.005363149625859375,0.0006669105142071079,-0.04662494459926163
0.7125,0.275,-0.06148159768951857,0.0053464072232812495,0.000673513588605198,-0.0461213172749507
0.7125,0.28750000000000003,-0.060954624888231446,0.005329664820703125,0.0006801166630032884,-0.04561768995063979
0.7125,0.30000000000000004,-0.06042765208694431,0.005312922418125,0.0006867197374013785,-0.04511406262632887
0.7125,0.3125,-0.05990067928565719,0.005296180015546876,0.0006933228117994687,-0.044610435302017956
0.7125,0.325,-0.05937370648437004,0.00527943761296875,0.0006999258861975588,-0.04410680797770703
0.7125,0.3375,-0.05884673368308292,0.0052626952103906255,0.0007065289605956489,-0.04360318065339611
0.7125,0.35000000000000003,-0.05831976088179578,0.005245952807812501,0.0007131320349937392,-0.0430995533290852
0.7125,0.36250000000000004,-0.05779278808050864,0.0052292104052343745,0.0007197351093918294,-0.042595926004774284
0.7125,0.375,-0.057265815279221505,0.005212468002656251,0.0007263381837899196,-0.042092298680463366
0.7125,0.3875,-0.05673884247793437,0.005195725600078125,0.0007329412581880097,-0.04158867135615245
0.7125,0.4,-0.05621186967664726,0.005178983197500001,0.0007395443325860999,-0.04108504403184153
0.7125,0.41250000000000003,-0.055684896875360115,0.005162240794921876,0.0007461474069841901,-0.040581416707530606
0.7125,0.42500000000000004,-0.05515792407407299,0.00514549839234375,0.0007527504813822802,-0.04007778938321969
0.7125,0.4375,-0.05463095127278586,0.005128755989765626,0.0007593535557803704,-0.03957416205890878
0.7125,0.45,-0.05410397847149873,0.0051120135871875,0.0007659566301784606,-0.03907053473459786
0.7125,0.4625,-0.05357700567021159,0.005095271184609376,0.0007725597045765508,-0.03856690741028694
0.7125,0.47500000000000003,-0.05305003286892445,0.00507852878203125,0.000779162778974641,-0.03806328008597602
0.7125,0.48750000000000004,-0.05252306006763731,0.005061786379453125,0.0007857658533727312,-0.037559652761665105
0.7125,0.5,-0.05199608726635018,0.005045043976875001,0.0007923689277708213,-0.037056025437354194
0.7125,0.5125000000000001,-0.05146911446506304,0.005028301574296875,0.0007989720021689115,-0.03655239811304327
0.7125,0.525,-0.05094214166377591,0.00501155917171875,0.0008055750765670017,-0.03604877078873235
0.7125,0.5375,-0.050415168862488785,0.004994816769140625,0.0008121781509650919,-0.03554514346442143
0.7125,0.55,-0.04988819606120166,0.004978074366562499,0.0008187812253631821,-0.035041516140110515
0.7125,0.5625,-0.04936122325991454,0.004961331963984375,0.0008253842997612722,-0.034537888815799604
0.7125,0.5750000000000001,-0.048834250458627396,0.00494458956140625,0.0008319873741593625,-0.03403426149148868
0.7125,0.5875,-0.04830727765734026,0.004927847158828125,0.0008385904485574525,-0.03353063416717776
0.7125,0.6000000000000001,-0.047780304856053106,0.00491110475625,0.0008451935229555427,-0.03302700684286684
0.7125,0.6125,-0.047253332054765985,0.004894362353671876,0.000851796597353633,-0.032523379518555925
0.7125,0.625,-0.04672635925347885,0.00487761995109375,0.0008583996717517231,-0.032019752194245014
0.7125,0.6375000000000001,-0.04619938645219171,0.004860877548515625,0.0008650027461498134,-0.03151612486993409
0.7125,0.65,-0.04567241365090459,0.0048441351459375,0.0008716058205479034,-0.03101249754562317
0.7125,0.6625000000000001,-0.04514544084961746,0.004827392743359375,0.0008782088949459937,-0.030508870221312254
0.7125,0.675,-0.044618468048330334,0.00481065034078125,0.0008848119693440838,-0.03000524289700134
0.7125,0.6875,-0.04409149524704319,0.0047939079382031255,0.000891415043742174,-0.029501615572690425
0.7125,0.7000000000000001,-0.043564522445756065,0.004777165535625,0.0008980181181402643,-0.0289979882483795
0.7125,0.7125,-0.04303754964446894,0.0047604231330468745,0.0009046211925383543,-0.02849436092406859
0.7125,0.7250000000000001,-0.042510576843181797,0.004743680730468751,0.0009112242669364446,-0.027990733599757664
0.7125,0.7375,-0.04198360404189467,0.004726938327890625,0.0009178273413345347,-0.02748710627544675
0.7125,0.75,-0.04145663124060753,0.004710195925312501,0.0009244304157326249,-0.026983478951135835
0.7125,0.7625000000000001,-0.040929658439320386,0.004693453522734375,0.0009310334901307151,-0.026479851626824914
0.7125,0.775,-0.04040268563803326,0.0046767111201562505,0.0009376365645288052,-0.025976224302513992
0.7125,0.7875000000000001,-0.03987571283674612,0.004659968717578125,0.0009442396389268955,-0.025472596978203074
0.7125,0.8,-0.03934874003545899,0.004643226315,0.0009508427133249856,-0.024968969653892163
0.7125,0.8125,-0.03882176723417186,0.004626483912421876,0.0009574457877230758,-0.024465342329581242
0.7125,0.8250000000000001,-0.03829479443288472,0.00460974150984375,0.000964048862121166,-0.023961715005270324
0.7125,0.8375,-0.037767821631597594,0.004592999107265626,0.000970651936519256,-0.02345808768095941
0.7125,0.8500000000000001,-0.037240848830310466,0.004576256704687501,0.0009772550109173462,-0.022954460356648484
0.7125,0.8625,-0.03671387602902334,0.0045595143021093755,0.0009838580853154366,-0.022450833032337567
0.7125,0.875,-0.03618690322773621,0.004542771899531251,0.0009904611597135267,-0.021947205708026656
0.7125,0.8875000000000001,-0.03565993042644907,0.004526029496953125,0.000997064234111617,-0.021443578383715738
0.7125,0.9,-0.035132957625161935,0.004509287094375,0.001003667308509707,-0.020939951059404823
0.7125,0.9125000000000001,-0.0346059848238748,0.004492544691796875,0.0010102703829077972,-0.020436323735093898
0.7125,0.925,-0.03407901202258766,0.004475802289218751,0.0010168734573058873,-0.01993269641078298
0.7125,0.9375,-0.03355203922130054,0.004459059886640626,0.0010234765317039774,-0.019429069086472066
0.7125,0.9500000000000001,-0.03302506642001339,0.0044423174840625005,0.0010300796061020678,-0.018925441762161144
0.7125,0.9625,-0.03249809361872626,0.004425575081484375,0.0010366826805001579,-0.01842181443785023
0.7125,0.9750000000000001,-0.03197112081743914,0.00440883267890625,0.0010432857548982482,-0.01791818711353931
0.7125,0.9875,-0.031444148016151995,0.004392090276328125,0.0010498888292963383,-0.01741455978922839
0.7125,1.0,-0.030917175214864867,0.004375347873750001,0.0010564919036944284,-0.01691093246491748
0.7250000000000001,0.0,-0.07189948462779418,0.005466273119999999,0.0005282459518472142,-0.05713598428479091
0.7250000000000001,0.0125,-0.07137121630244839,0.0054502586479687485,0.0005348490262453043,-0.056630333505874465
0.7250000000000001,0.025,-0.07084294797710264,0.0054342441759374985,0.0005414521006433945,-0.056124682726958024
0.7250000000000001,0.037500000000000006,-0.07031467965175685,0.005418229703906249,0.0005480551750414848,-0.055619031948041596
0.7250000000000001,0.05,-0.06978641132641107,0.0054022152318749985,0.000554658249439575,-0.05511338116912516
0.7250000000000001,0.0625,-0.06925814300106531,0.0053862007598437485,0.0005612613238376651,-0.05460773039020874
0.7250000000000001,0.07500000000000001,-0.06872987467571953,0.0053701862878124985,0.0005678643982357553,-0.05410207961129229
0.7250000000000001,0.08750000000000001,-0.06820160635037378,0.0053541718157812486,0.0005744674726338454,-0.05359642883237586
0.7250000000000001,0.1,-0.06767333802502797,0.0053381573437499994,0.0005810705470319356,-0.053090778053459416
0.7250000000000001,0.1125,-0.0671450696996822,0.005322142871718749,0.0005876736214300259,-0.05258512727454299
0.7250000000000001,0.125,-0.06661680137433643,0.0053061283996874995,0.000594276695828116,-0.05207947649562655
0.7250000000000001,0.1375,-0.06608853304899065,0.005290113927656249,0.0006008797702262062,-0.05157382571671012
0.7250000000000001,0.15000000000000002,-0.06556026472364489,0.005274099455624999,0.0006074828446242963,-0.05106817493779369
0.7250000000000001,0.1625,-0.0650319963982991,0.0052580849835937495,0.0006140859190223866,-0.050562524158877256
0.7250000000000001,0.17500000000000002,-0.06450372807295333,0.005242070511562499,0.0006206889934204767,-0.05005687337996082
0.7250000000000001,0.1875,-0.06397545974760754,0.005226056039531249,0.0006272920678185668,-0.04955122260104438
0.7250000000000001,0.2,-0.0634471914222618,0.005210041567499999,0.0006338951422166571,-0.04904557182212795
0.7250000000000001,0.21250000000000002,-0.06291892309691602,0.005194027095468749,0.0006404982166147472,-0.04853992104321151
0.7250000000000001,0.225,-0.06239065477157024,0.005178012623437499,0.0006471012910128375,-0.048034270264295076
0.7250000000000001,0.23750000000000002,-0.06186238644622445,0.005161998151406249,0.0006537043654109276,-0.04752861948537864
0.7250000000000001,0.25,-0.061334118120878675,0.005145983679375,0.0006603074398090177,-0.04702296870646221
0.7250000000000001,0.2625,-0.06080584979553291,0.005129969207343749,0.0006669105142071079,-0.04651731792754578
0.7250000000000001,0.275,-0.06027758147018714,0.005113954735312499,0.000673513588605198,-0.04601166714862934
0.7250000000000001,0.28750000000000003,-0.059749313144841366,0.00509794026328125,0.0006801166630032884,-0.04550601636971291
0.7250000000000001,0.30000000000000004,-0.05922104481949558,0.005081925791249999,0.0006867197374013785,-0.045000365590796475
0.7250000000000001,0.3125,-0.05869277649414982,0.00506591131921875,0.0006933228117994687,-0.04449471481188004
0.7250000000000001,0.325,-0.05816450816880403,0.005049896847187499,0.0006999258861975588,-0.0439890640329636
0.7250000000000001,0.3375,-0.05763623984345825,0.005033882375156248,0.0007065289605956489,-0.04348341325404717
0.7250000000000001,0.35000000000000003,-0.05710797151811249,0.005017867903124999,0.0007131320349937392,-0.04297776247513074
0.7250000000000001,0.36250000000000004,-0.05657970319276671,0.005001853431093748,0.0007197351093918294,-0.0424721116962143
0.7250000000000001,0.375,-0.05605143486742094,0.0049858389590625,0.0007263381837899196,-0.04196646091729787
0.7250000000000001,0.3875,-0.05552316654207517,0.004969824487031249,0.0007329412581880097,-0.04146081013838143
0.7250000000000001,0.4,-0.054994898216729406,0.004953810014999999,0.0007395443325860999,-0.040955159359465004
0.7250000000000001,0.41250000000000003,-0.05446662989138362,0.004937795542968749,0.0007461474069841901,-0.04044950858054856
0.7250000000000001,0.42500000000000004,-0.05393836156603782,0.004921781070937498,0.0007527504813822802,-0.03994385780163213
0.7250000000000001,0.4375,-0.05341009324069207,0.00490576659890625,0.0007593535557803704,-0.03943820702271569
0.7250000000000001,0.45,-0.05288182491534628,0.004889752126874999,0.0007659566301784606,-0.03893255624379926
0.7250000000000001,0.4625,-0.05235355659000052,0.004873737654843749,0.0007725597045765508,-0.038426905464882824
0.7250000000000001,0.47500000000000003,-0.05182528826465473,0.004857723182812499,0.000779162778974641,-0.037921254685966396
0.7250000000000001,0.48750000000000004,-0.05129701993930897,0.004841708710781248,0.0007857658533727312,-0.037415603907049955
0.7250000000000001,0.5,-0.0507687516139632,0.00482569423875,0.0007923689277708213,-0.036909953128133534
0.7250000000000001,0.5125000000000001,-0.050240483288617424,0.004809679766718749,0.0007989720021689115,-0.036404302349217085
0.7250000000000001,0.525,-0.04971221496327165,0.004793665294687498,0.0008055750765670017,-0.03589865157030065
0.7250000000000001,0.5375,-0.04918394663792586,0.004777650822656249,0.0008121781509650919,-0.03539300079138422
0.7250000000000001,0.55,-0.04865567831258009,0.004761636350624998,0.0008187812253631821,-0.03488735001246778
0.7250000000000001,0.5625,-0.048127409987234325,0.00474562187859375,0.0008253842997612722,-0.034381699233551354
0.7250000000000001,0.5750000000000001,-0.04759914166188855,0.004729607406562499,0.0008319873741593625,-0.03387604845463491
0.7250000000000001,0.5875,-0.04707087333654277,0.004713592934531249,0.0008385904485574525,-0.03337039767571848
0.7250000000000001,0.6000000000000001,-0.046542605011197,0.004697578462499999,0.0008451935229555427,-0.03286474689680204
0.7250000000000001,0.6125,-0.04601433668585121,0.004681563990468749,0.000851796597353633,-0.03235909611788561
0.7250000000000001,0.625,-0.04548606836050545,0.004665549518437499,0.0008583996717517231,-0.03185344533896918
0.7250000000000001,0.6375000000000001,-0.04495780003515967,0.004649535046406249,0.0008650027461498134,-0.03134779456005274
0.7250000000000001,0.65,-0.04442953170981389,0.004633520574374998,0.0008716058205479034,-0.0308421437811363
0.7250000000000001,0.6625000000000001,-0.04390126338446813,0.0046175061023437484,0.0008782088949459937,-0.030336493002219866
0.7250000000000001,0.675,-0.043372995059122336,0.004601491630312499,0.0008848119693440838,-0.029830842223303438
0.7250000000000001,0.6875,-0.042844726733776574,0.004585477158281249,0.000891415043742174,-0.029325191444387003
0.7250000000000001,0.7000000000000001,-0.042316458408430804,0.004569462686249999,0.0008980181181402643,-0.02881954066547056
0.7250000000000001,0.7125,-0.04178819008308503,0.0045534482142187485,0.0009046211925383543,-0.028313889886554134
0.7250000000000001,0.7250000000000001,-0.04125992175773925,0.004537433742187499,0.0009112242669364446,-0.027808239107637696
0.7250000000000001,0.7375,-0.04073165343239347,0.004521419270156249,0.0009178273413345347,-0.027302588328721265
0.7250000000000001,0.75,-0.040203385107047705,0.004505404798124999,0.0009244304157326249,-0.026796937549804833
0.7250000000000001,0.7625000000000001,-0.03967511678170192,0.0044893903260937494,0.0009310334901307151,-0.026291286770888395
0.7250000000000001,0.775,-0.03914684845635615,0.004473375854062499,0.0009376365645288052,-0.02578563599197196
0.7250000000000001,0.7875000000000001,-0.03861858013101036,0.004457361382031249,0.0009442396389268955,-0.025279985213055522
0.7250000000000001,0.8,-0.038090311805664606,0.0044413469099999995,0.0009508427133249856,-0.024774334434139095
0.7250000000000001,0.8125,-0.03756204348031883,0.0044253324379687495,0.0009574457877230758,-0.024268683655222657
0.7250000000000001,0.8250000000000001,-0.03703377515497304,0.004409317965937499,0.000964048862121166,-0.023763032876306222
0.7250000000000001,0.8375,-0.036505506829627284,0.0043933034939062495,0.000970651936519256,-0.02325738209738979
0.7250000000000001,0.8500000000000001,-0.03597723850428149,0.004377289021874999,0.0009772550109173462,-0.02275173131847335
0.7250000000000001,0.8625,-0.03544897017893573,0.00436127454984375,0.0009838580853154366,-0.022246080539556918
0.7250000000000001,0.875,-0.034920701853589975,0.0043452600778125,0.0009904611597135267,-0.021740429760640487
0.7250000000000001,0.8875000000000001,-0.034392433528244185,0.00432924560578125,0.000997064234111617,-0.021234778981724052
0.7250000000000001,0.9,-0.03386416520289843,0.00431323113375,0.001003667308509707,-0.02072912820280762
0.7250000000000001,0.9125000000000001,-0.03333589687755263,0.004297216661718749,0.0010102703829077972,-0.02022347742389118
0.7250000000000001,0.925,-0.032807628552206855,0.004281202189687499,0.0010168734573058873,-0.019717826644974745
0.7250000000000001,0.9375,-0.032279360226861085,0.00426518771765625,0.0010234765317039774,-0.019212175866058313
0.7250000000000001,0.9500000000000001,-0.03175109190151531,0.004249173245624999,0.0010300796061020678,-0.018706525087141875
0.7250000000000001,0.9625,-0.031222823576169532,0.004233158773593749,0.0010366826805001579,-0.018200874308225444
0.7250000000000001,0.9750000000000001,-0.030694555250823763,0.004217144301562499,0.0010432857548982482,-0.017695223529309006
0.7250000000000001,0.9875,-0.030166286925477986,0.004201129829531249,0.0010498888292963383,-0.01718957275039257
0.7250000000000001,1.0,-0.02963801860013221,0.0041851153575,0.0010564919036944284,-0.016683921971476143
0.7375,0.0,-0.07072396993775287,0.00521780616,0.0005282459518472142,-0.0570708501597909
0.7375,0.0125,-0.07019440608834847,0.005202519618515625,0.0005348490262453043,-0.056563175926268944
0.7375,0.025,-0.06966484223894405,0.005187233077031251,0.0005414521006433945,-0.056055501692746985
0.7375,0.037500000000000006,-0.06913527838953964,0.005171946535546875,0.0005480551750414848,-0.055547827459225034
0.7375,0.05,-0.06860571454013521,0.0051566599940625,0.000554658249439575,-0.05504015322570309
0.7375,0.0625,-0.06807615069073082,0.0051413734525781254,0.0005612613238376651,-0.054532478992181145
0.7375,0.07500000000000001,-0.06754658684132638,0.00512608691109375,0.0005678643982357553,-0.054024804758659194
0.7375,0.08750000000000001,-0.06701702299192197,0.005110800369609375,0.0005744674726338454,-0.05351713052513724
0.7375,0.1,-0.06648745914251754,0.005095513828125001,0.0005810705470319356,-0.05300945629161528
0.7375,0.1125,-0.06595789529311312,0.005080227286640625,0.0005876736214300259,-0.052501782058093326
0.7375,0.125,-0.06542833144370871,0.005064940745156251,0.000594276695828116,-0.05199410782457138
0.7375,0.1375,-0.0648987675943043,0.005049654203671875,0.0006008797702262062,-0.05148643359104944
0.7375,0.15000000000000002,-0.06436920374489989,0.0050343676621875,0.0006074828446242963,-0.050978759357527485
0.7375,0.1625,-0.06383963989549547,0.005019081120703125,0.0006140859190223866,-0.050471085124005534
0.7375,0.17500000000000002,-0.06331007604609105,0.00500379457921875,0.0006206889934204767,-0.04996341089048358
0.7375,0.1875,-0.06278051219668662,0.0049885080377343755,0.0006272920678185668,-0.049455736656961624
0.7375,0.2,-0.062250948347282224,0.00497322149625,0.0006338951422166571,-0.04894806242343968
0.7375,0.21250000000000002,-0.0617213844978778,0.004957934954765625,0.0006404982166147472,-0.04844038818991773
0.7375,0.225,-0.061191820648473394,0.00494264841328125,0.0006471012910128375,-0.04793271395639578
0.7375,0.23750000000000002,-0.06066225679906897,0.004927361871796875,0.0006537043654109276,-0.047425039722873825
0.7375,0.25,-0.060132692949664564,0.0049120753303125006,0.0006603074398090177,-0.04691736548935188
0.7375,0.2625,-0.05960312910026015,0.004896788788828125,0.0006669105142071079,-0.04640969125582992
0.7375,0.275,-0.05907356525085572,0.00488150224734375,0.000673513588605198,-0.04590201702230797
0.7375,0.28750000000000003,-0.058544001401451315,0.004866215705859375,0.0006801166630032884,-0.04539434278878602
0.7375,0.30000000000000004,-0.05801443755204689,0.004850929164375,0.0006867197374013785,-0.04488666855526407
0.7375,0.3125,-0.05748487370264248,0.004835642622890626,0.0006933228117994687,-0.044378994321742124
0.7375,0.325,-0.05695530985323806,0.00482035608140625,0.0006999258861975588,-0.043871320088220166
0.7375,0.3375,-0.056425746003833654,0.004805069539921875,0.0007065289605956489,-0.043363645854698214
0.7375,0.35000000000000003,-0.05589618215442923,0.0047897829984375005,0.0007131320349937392,-0.04285597162117627
0.7375,0.36250000000000004,-0.05536661830502482,0.004774496456953125,0.0007197351093918294,-0.04234829738765431
0.7375,0.375,-0.05483705445562041,0.004759209915468751,0.0007263381837899196,-0.04184062315413237
0.7375,0.3875,-0.054307490606215966,0.004743923373984375,0.0007329412581880097,-0.04133294892061041
0.7375,0.4,-0.053777926756811555,0.0047286368325,0.0007395443325860999,-0.040825274687088464
0.7375,0.41250000000000003,-0.05324836290740713,0.0047133502910156255,0.0007461474069841901,-0.040317600453566506
0.7375,0.42500000000000004,-0.05271879905800271,0.00469806374953125,0.0007527504813822802,-0.039809926220044554
0.7375,0.4375,-0.052189235208598306,0.004682777208046876,0.0007593535557803704,-0.03930225198652261
0.7375,0.45,-0.051659671359193894,0.0046674906665625,0.0007659566301784606,-0.03879457775300066
0.7375,0.4625,-0.05113010750978949,0.004652204125078126,0.0007725597045765508,-0.0382869035194787
0.7375,0.47500000000000003,-0.050600543660385064,0.0046369175835937505,0.000779162778974641,-0.037779229285956756
0.7375,0.48750000000000004,-0.05007097981098064,0.004621631042109374,0.0007857658533727312,-0.037271555052434804
0.7375,0.5,-0.04954141596157625,0.004606344500625001,0.0007923689277708213,-0.03676388081891286
0.7375,0.5125000000000001,-0.049011852112171815,0.004591057959140625,0.0007989720021689115,-0.0362562065853909
0.7375,0.525,-0.0484822882627674,0.00457577141765625,0.0008055750765670017,-0.03574853235186896
0.7375,0.5375,-0.04795272441336298,0.0045604848761718764,0.0008121781509650919,-0.035240858118347
0.7375,0.55,-0.04742316056395856,0.004545198334687499,0.0008187812253631821,-0.03473318388482505
0.7375,0.5625,-0.046893596714554155,0.004529911793203126,0.0008253842997612722,-0.0342255096513031
0.7375,0.5750000000000001,-0.04636403286514974,0.00451462525171875,0.0008319873741593625,-0.033717835417781145
0.7375,0.5875,-0.045834469015745304,0.004499338710234375,0.0008385904485574525,-0.033210161184259186
0.7375,0.6000000000000001,-0.0453049051663409,0.004484052168750001,0.0008451935229555427,-0.03270248695073724
0.7375,0.6125,-0.04477534131693649,0.004468765627265626,0.000851796597353633,-0.03219481271721529
0.7375,0.625,-0.04424577746753206,0.004453479085781251,0.0008583996717517231,-0.031687138483693346
0.7375,0.6375000000000001,-0.04371621361812765,0.004438192544296875,0.0008650027461498134,-0.03117946425017139
0.7375,0.65,-0.04318664976872324,0.0044229060028125,0.0008716058205479034,-0.030671790016649443
0.7375,0.6625000000000001,-0.04265708591931882,0.004407619461328126,0.0008782088949459937,-0.030164115783127488
0.7375,0.675,-0.04212752206991441,0.00439233291984375,0.0008848119693440838,-0.029656441549605544
0.7375,0.6875,-0.041597958220509997,0.004377046378359376,0.000891415043742174,-0.029148767316083592
0.7375,0.7000000000000001,-0.04106839437110555,0.004361759836875,0.0008980181181402643,-0.028641093082561637
0.7375,0.7125,-0.04053883052170115,0.004346473295390625,0.0009046211925383543,-0.02813341884903969
0.7375,0.7250000000000001,-0.04000926667229673,0.004331186753906251,0.0009112242669364446,-0.027625744615517738
0.7375,0.7375,-0.03947970282289233,0.004315900212421875,0.0009178273413345347,-0.027118070381995787
0.7375,0.75,-0.038950138973487904,0.004300613670937501,0.0009244304157326249,-0.02661039614847384
0.7375,0.7625000000000001,-0.03842057512408348,0.004285327129453125,0.0009310334901307151,-0.026102721914951884
0.7375,0.775,-0.03789101127467907,0.00427004058796875,0.0009376365645288052,-0.025595047681429933
0.7375,0.7875000000000001,-0.03736144742527465,0.004254754046484375,0.0009442396389268955,-0.025087373447907978
0.7375,0.8,-0.03683188357587024,0.004239467505,0.0009508427133249856,-0.024579699214386033
0.7375,0.8125,-0.03630231972646581,0.004224180963515626,0.0009574457877230758,-0.02407202498086408
0.7375,0.8250000000000001,-0.0357727558770614,0.00420889442203125,0.000964048862121166,-0.023564350747342127
0.7375,0.8375,-0.035243192027656994,0.004193607880546875,0.000970651936519256,-0.02305667651382018
0.7375,0.8500000000000001,-0.03471362817825257,0.0041783213390625,0.0009772550109173462,-0.022549002280298224
0.7375,0.8625,-0.03418406432884814,0.004163034797578125,0.0009838580853154366,-0.022041328046776273
0.7375,0.875,-0.03365450047944374,0.004147748256093751,0.0009904611597135267,-0.02153365381325433
0.7375,0.8875000000000001,-0.03312493663003931,0.004132461714609375,0.000997064234111617,-0.021025979579732373
0.7375,0.9,-0.03259537278063491,0.004117175173125,0.001003667308509707,-0.020518305346210425
0.7375,0.9125000000000001,-0.03206580893123049,0.004101888631640625,0.0010102703829077972,-0.02001063111268847
0.7375,0.925,-0.031536245081826064,0.0040866020901562505,0.0010168734573058873,-0.01950295687916652
0.7375,0.9375,-0.03100668123242166,0.004071315548671875,0.0010234765317039774,-0.01899528264564457
0.7375,0.9500000000000001,-0.030477117383017248,0.004056029007187501,0.0010300796061020678,-0.018487608412122616
0.7375,0.9625,-0.029947553533612822,0.004040742465703125,0.0010366826805001579,-0.01797993417860067
0.7375,0.9750000000000001,-0.029417989684208404,0.00402545592421875,0.0010432857548982482,-0.017472259945078714
0.7375,0.9875,-0.028888425834803985,0.0040101693827343755,0.0010498888292963383,-0.016964585711556762
0.7375,1.0,-0.02835886198539958,0.00399488284125,0.0010564919036944284,-0.016456911478034818
0.75,0.0,-0.06954845524771157,0.0049693392000000015,0.0005282459518472142,-0.057005716034790904
0.75,0.0125,-0.06901759587424852,0.004954780589062501,0.0005348490262453043,-0.05649601834666343
0.75,0.025,-0.06848673650078546,0.004940221978125001,0.0005414521006433945,-0.05598632065853596
0.75,0.037500000000000006,-0.0679558771273224,0.004925663367187501,0.0005480551750414848,-0.05547662297040849
0.75,0.05,-0.06742501775385934,0.0049111047562500005,0.000554658249439575,-0.054966925282281025
0.75,0.0625,-0.06689415838039628,0.004896546145312501,0.0005612613238376651,-0.054457227594153564
0.75,0.07500000000000001,-0.06636329900693323,0.004881987534375001,0.0005678643982357553,-0.053947529906026095
0.75,0.08750000000000001,-0.06583243963347016,0.004867428923437501,0.0005744674726338454,-0.053437832217898634
0.75,0.1,-0.06530158026000711,0.004852870312500001,0.0005810705470319356,-0.052928134529771145
0.75,0.1125,-0.06477072088654406,0.0048383117015625005,0.0005876736214300259,-0.052418436841643684
0.75,0.125,-0.064239861513081,0.0048237530906250015,0.000594276695828116,-0.05190873915351622
0.75,0.1375,-0.06370900213961793,0.004809194479687501,0.0006008797702262062,-0.05139904146538875
0.75,0.15000000000000002,-0.06317814276615488,0.004794635868750001,0.0006074828446242963,-0.05088934377726129
0.75,0.1625,-0.06264728339269182,0.0047800772578125,0.0006140859190223866,-0.05037964608913382
0.75,0.17500000000000002,-0.06211642401922875,0.0047655186468750005,0.0006206889934204767,-0.04986994840100635
0.75,0.1875,-0.0615855646457657,0.004750960035937501,0.0006272920678185668,-0.049360250712878875
0.75,0.2,-0.061054705272302626,0.004736401425000001,0.0006338951422166571,-0.04885055302475142
0.75,0.21250000000000002,-0.060523845898839586,0.004721842814062501,0.0006404982166147472,-0.048340855336623946
0.75,0.225,-0.05999298652537653,0.004707284203125001,0.0006471012910128375,-0.04783115764849648
0.75,0.23750000000000002,-0.059462127151913464,0.0046927255921875004,0.0006537043654109276,-0.047321459960369
0.75,0.25,-0.058931267778450425,0.0046781669812500015,0.0006603074398090177,-0.04681176227224155
0.75,0.2625,-0.05840040840498735,0.0046636083703125,0.0006669105142071079,-0.04630206458411408
0.75,0.275,-0.05786954903152428,0.004649049759375001,0.000673513588605198,-0.045792366895986605
0.75,0.28750000000000003,-0.05733868965806123,0.004634491148437501,0.0006801166630032884,-0.04528266920785914
0.75,0.30000000000000004,-0.05680783028459817,0.0046199325375000004,0.0006867197374013785,-0.04477297151973167
0.75,0.3125,-0.056276970911135114,0.0046053739265625015,0.0006933228117994687,-0.04426327383160421
0.75,0.325,-0.05574611153767206,0.004590815315625001,0.0006999258861975588,-0.04375357614347673
0.75,0.3375,-0.05521525216420902,0.004576256704687501,0.0007065289605956489,-0.043243878455349265
0.75,0.35000000000000003,-0.054684392790745946,0.004561698093750001,0.0007131320349937392,-0.04273418076722181
0.75,0.36250000000000004,-0.05415353341728289,0.0045471394828125004,0.0007197351093918294,-0.042224483079094335
0.75,0.375,-0.05362267404381984,0.0045325808718750015,0.0007263381837899196,-0.041714785390966874
0.75,0.3875,-0.05309181467035677,0.004518022260937501,0.0007329412581880097,-0.0412050877028394
0.75,0.4,-0.05256095529689371,0.00450346365,0.0007395443325860999,-0.04069539001471194
0.75,0.41250000000000003,-0.05203009592343066,0.004488905039062501,0.0007461474069841901,-0.04018569232658446
0.75,0.42500000000000004,-0.0514992365499676,0.0044743464281250004,0.0007527504813822802,-0.03967599463845699
0.75,0.4375,-0.05096837717650455,0.004459787817187501,0.0007593535557803704,-0.039166296950329534
0.75,0.45,-0.05043751780304149,0.004445229206250001,0.0007659566301784606,-0.03865659926220206
0.75,0.4625,-0.04990665842957842,0.004430670595312501,0.0007725597045765508,-0.03814690157407459
0.75,0.47500000000000003,-0.04937579905611537,0.004416111984375001,0.000779162778974641,-0.03763720388594713
0.75,0.48750000000000004,-0.04884493968265232,0.0044015533734375,0.0007857658533727312,-0.037127506197819654
0.75,0.5,-0.04831408030918925,0.004386994762500001,0.0007923689277708213,-0.03661780850969219
0.75,0.5125000000000001,-0.0477832209357262,0.004372436151562501,0.0007989720021689115,-0.03610811082156472
0.75,0.525,-0.04725236156226313,0.004357877540625,0.0008055750765670017,-0.03559841313343726
0.75,0.5375,-0.04672150218880009,0.0043433189296875,0.0008121781509650919,-0.03508871544530979
0.75,0.55,-0.04619064281533702,0.00432876031875,0.0008187812253631821,-0.03457901775718232
0.75,0.5625,-0.04565978344187398,0.0043142017078125015,0.0008253842997612722,-0.03406932006905486
0.75,0.5750000000000001,-0.045128924068410896,0.004299643096875001,0.0008319873741593625,-0.033559622380927384
0.75,0.5875,-0.04459806469494785,0.004285084485937501,0.0008385904485574525,-0.03304992469279991
0.75,0.6000000000000001,-0.04406720532148478,0.004270525875,0.0008451935229555427,-0.03254022700467244
0.75,0.6125,-0.04353634594802174,0.004255967264062501,0.000851796597353633,-0.03203052931654498
0.75,0.625,-0.04300548657455867,0.0042414086531250015,0.0008583996717517231,-0.03152083162841752
0.75,0.6375000000000001,-0.04247462720109562,0.004226850042187501,0.0008650027461498134,-0.031011133940290043
0.75,0.65,-0.04194376782763256,0.004212291431250001,0.0008716058205479034,-0.030501436252162575
0.75,0.6625000000000001,-0.04141290845416949,0.0041977328203125,0.0008782088949459937,-0.029991738564035107
0.75,0.675,-0.04088204908070645,0.004183174209375001,0.0008848119693440838,-0.029482040875907646
0.75,0.6875,-0.04035118970724339,0.0041686155984375015,0.000891415043742174,-0.028972343187780178
0.75,0.7000000000000001,-0.039820330333780324,0.004154056987500001,0.0008980181181402643,-0.028462645499652703
0.75,0.7125,-0.03928947096031727,0.004139498376562501,0.0009046211925383543,-0.02795294781152524
0.75,0.7250000000000001,-0.03875861158685421,0.004124939765625001,0.0009112242669364446,-0.027443250123397774
0.75,0.7375,-0.03822775221339115,0.0041103811546875,0.0009178273413345347,-0.026933552435270305
0.75,0.75,-0.0376968928399281,0.0040958225437500015,0.0009244304157326249,-0.02642385474714284
0.75,0.7625000000000001,-0.03716603346646503,0.0040812639328125,0.0009310334901307151,-0.02591415705901537
0.75,0.775,-0.03663517409300198,0.004066705321875001,0.0009376365645288052,-0.0254044593708879
0.75,0.7875000000000001,-0.03610431471953892,0.004052146710937501,0.0009442396389268955,-0.02489476168276043
0.75,0.8,-0.035573455346075866,0.004037588100000001,0.0009508427133249856,-0.02438506399463297
0.75,0.8125,-0.03504259597261281,0.0040230294890625014,0.0009574457877230758,-0.023875366306505497
0.75,0.8250000000000001,-0.03451173659914974,0.004008470878125001,0.000964048862121166,-0.02336566861837803
0.75,0.8375,-0.03398087722568669,0.0039939122671875,0.000970651936519256,-0.022855970930250567
0.75,0.8500000000000001,-0.03345001785222363,0.003979353656250001,0.0009772550109173462,-0.022346273242123092
0.75,0.8625,-0.03291915847876057,0.0039647950453125,0.0009838580853154366,-0.021836575553995624
0.75,0.875,-0.03238829910529752,0.003950236434375001,0.0009904611597135267,-0.021326877865868163
0.75,0.8875000000000001,-0.03185743973183446,0.003935677823437501,0.000997064234111617,-0.020817180177740695
0.75,0.9,-0.03132658035837141,0.003921119212500001,0.001003667308509707,-0.02030748248961323
0.75,0.9125000000000001,-0.03079572098490834,0.003906560601562501,0.0010102703829077972,-0.019797784801485755
0.75,0.925,-0.0302648616114453,0.0038920019906250013,0.0010168734573058873,-0.01928808711335829
0.75,0.9375,-0.029734002237982234,0.0038774433796875014,0.0010234765317039774,-0.018778389425230822
0.75,0.9500000000000001,-0.02920314286451918,0.0038628847687500007,0.0010300796061020678,-0.018268691737103354
0.75,0.9625,-0.02867228349105612,0.003848326157812501,0.0010366826805001579,-0.017758994048975886
0.75,0.9750000000000001,-0.028141424117593065,0.0038337675468750007,0.0010432857548982482,-0.017249296360848418
0.75,0.9875,-0.027610564744130005,0.003819208935937501,0.0010498888292963383,-0.016739598672720953
0.75,1.0,-0.027079705370666944,0.0038046503250000006,0.0010564919036944284,-0.01622990098459349
0.7625000000000001,0.0,-0.06837294055767024,0.00472087224,0.0005282459518472142,-0.056940581909790906
0.7625000000000001,0.0125,-0.06784078566014853,0.004707041559609374,0.0005348490262453043,-0.05642886076705792
0.7625000000000001,0.025,-0.06730863076262683,0.004693210879218749,0.0005414521006433945,-0.05591713962432492
0.7625000000000001,0.037500000000000006,-0.06677647586510514,0.0046793801988281244,0.0005480551750414848,-0.05540541848159195
0.7625000000000001,0.05,-0.06624432096758345,0.004665549518437499,0.000554658249439575,-0.05489369733885895
0.7625000000000001,0.0625,-0.06571216607006175,0.004651718838046875,0.0005612613238376651,-0.05438197619612598
0.7625000000000001,0.07500000000000001,-0.06518001117254006,0.00463788815765625,0.0005678643982357553,-0.053870255053393
0.7625000000000001,0.08750000000000001,-0.06464785627501836,0.004624057477265624,0.0005744674726338454,-0.05335853391066001
0.7625000000000001,0.1,-0.06411570137749664,0.004610226796874999,0.0005810705470319356,-0.05284681276792702
0.7625000000000001,0.1125,-0.06358354647997494,0.004596396116484374,0.0005876736214300259,-0.05233509162519404
0.7625000000000001,0.125,-0.06305139158245324,0.00458256543609375,0.000594276695828116,-0.05182337048246106
0.7625000000000001,0.1375,-0.06251923668493153,0.004568734755703125,0.0006008797702262062,-0.05131164933972807
0.7625000000000001,0.15000000000000002,-0.06198708178740986,0.0045549040753124995,0.0006074828446242963,-0.05079992819699509
0.7625000000000001,0.1625,-0.06145492688988815,0.004541073394921875,0.0006140859190223866,-0.0502882070542621
0.7625000000000001,0.17500000000000002,-0.06092277199236646,0.004527242714531248,0.0006206889934204767,-0.04977648591152912
0.7625000000000001,0.1875,-0.060390617094844744,0.004513412034140625,0.0006272920678185668,-0.049264764768796133
0.7625000000000001,0.2,-0.059858462197323076,0.00449958135375,0.0006338951422166571,-0.048753043626063156
0.7625000000000001,0.21250000000000002,-0.05932630729980135,0.0044857506733593745,0.0006404982166147472,-0.048241322483330164
0.7625000000000001,0.225,-0.05879415240227965,0.004471919992968749,0.0006471012910128375,-0.04772960134059718
0.7625000000000001,0.23750000000000002,-0.05826199750475795,0.004458089312578124,0.0006537043654109276,-0.047217880197864194
0.7625000000000001,0.25,-0.05772984260723625,0.0044442586321875,0.0006603074398090177,-0.04670615905513122
0.7625000000000001,0.2625,-0.057197687709714555,0.004430427951796874,0.0006669105142071079,-0.04619443791239823
0.7625000000000001,0.275,-0.05666553281219285,0.0044165972714062494,0.000673513588605198,-0.04568271676966524
0.7625000000000001,0.28750000000000003,-0.05613337791467116,0.004402766591015625,0.0006801166630032884,-0.045170995626932255
0.7625000000000001,0.30000000000000004,-0.05560122301714945,0.004388935910624999,0.0006867197374013785,-0.04465927448419927
0.7625000000000001,0.3125,-0.05506906811962776,0.004375105230234375,0.0006933228117994687,-0.04414755334146629
0.7625000000000001,0.325,-0.05453691322210604,0.00436127454984375,0.0006999258861975588,-0.0436358321987333
0.7625000000000001,0.3375,-0.05400475832458435,0.004347443869453124,0.0007065289605956489,-0.04312411105600032
0.7625000000000001,0.35000000000000003,-0.053472603427062664,0.004333613189062499,0.0007131320349937392,-0.042612389913267344
0.7625000000000001,0.36250000000000004,-0.05294044852954096,0.004319782508671875,0.0007197351093918294,-0.04210066877053436
0.7625000000000001,0.375,-0.05240829363201926,0.00430595182828125,0.0007263381837899196,-0.041588947627801374
0.7625000000000001,0.3875,-0.051876138734497555,0.0042921211478906245,0.0007329412581880097,-0.04107722648506838
0.7625000000000001,0.4,-0.051343983836975866,0.004278290467499999,0.0007395443325860999,-0.040565505342335405
0.7625000000000001,0.41250000000000003,-0.05081182893945414,0.004264459787109375,0.0007461474069841901,-0.04005378419960241
0.7625000000000001,0.42500000000000004,-0.05027967404193245,0.004250629106718749,0.0007527504813822802,-0.03954206305686943
0.7625000000000001,0.4375,-0.04974751914441076,0.004236798426328125,0.0007593535557803704,-0.03903034191413645
0.7625000000000001,0.45,-0.04921536424688905,0.0042229677459374995,0.0007659566301784606,-0.038518620771403465
0.7625000000000001,0.4625,-0.04868320934936735,0.004209137065546874,0.0007725597045765508,-0.038006899628670474
0.7625000000000001,0.47500000000000003,-0.048151054451845664,0.00419530638515625,0.000779162778974641,-0.0374951784859375
0.7625000000000001,0.48750000000000004,-0.047618899554323954,0.004181475704765624,0.0007857658533727312,-0.03698345734320451
0.7625000000000001,0.5,-0.04708674465680227,0.004167645024375,0.0007923689277708213,-0.03647173620047153
0.7625000000000001,0.5125000000000001,-0.04655458975928055,0.004153814343984374,0.0007989720021689115,-0.03596001505773854
0.7625000000000001,0.525,-0.04602243486175887,0.004139983663593749,0.0008055750765670017,-0.035448293915005556
0.7625000000000001,0.5375,-0.045490279964237164,0.004126152983203125,0.0008121781509650919,-0.03493657277227257
0.7625000000000001,0.55,-0.044958125066715454,0.004112322302812499,0.0008187812253631821,-0.034424851629539586
0.7625000000000001,0.5625,-0.04442597016919377,0.0040984916224218754,0.0008253842997612722,-0.03391313048680661
0.7625000000000001,0.5750000000000001,-0.04389381527167205,0.004084660942031249,0.0008319873741593625,-0.03340140934407362
0.7625000000000001,0.5875,-0.04336166037415036,0.004070830261640624,0.0008385904485574525,-0.03288968820134063
0.7625000000000001,0.6000000000000001,-0.042829505476628664,0.004056999581249999,0.0008451935229555427,-0.03237796705860765
0.7625000000000001,0.6125,-0.042297350579106954,0.004043168900859375,0.000851796597353633,-0.03186624591587466
0.7625000000000001,0.625,-0.041765195681585265,0.00402933822046875,0.0008583996717517231,-0.031354524773141684
0.7625000000000001,0.6375000000000001,-0.04123304078406357,0.004015507540078124,0.0008650027461498134,-0.030842803630408696
0.7625000000000001,0.65,-0.04070088588654186,0.004001676859687499,0.0008716058205479034,-0.030331082487675715
0.7625000000000001,0.6625000000000001,-0.040168730989020164,0.003987846179296875,0.0008782088949459937,-0.02981936134494273
0.7625000000000001,0.675,-0.03963657609149847,0.00397401549890625,0.0008848119693440838,-0.029307640202209745
0.7625000000000001,0.6875,-0.039104421193976766,0.0039601848185156245,0.000891415043742174,-0.028795919059476763
0.7625000000000001,0.7000000000000001,-0.03857226629645507,0.003946354138125,0.0008980181181402643,-0.028284197916743775
0.7625000000000001,0.7125,-0.03804011139893336,0.003932523457734375,0.0009046211925383543,-0.027772476774010794
0.7625000000000001,0.7250000000000001,-0.03750795650141166,0.00391869277734375,0.0009112242669364446,-0.02726075563127781
0.7625000000000001,0.7375,-0.036975801603889955,0.0039048620969531246,0.0009178273413345347,-0.026749034488544828
0.7625000000000001,0.75,-0.036443646706368266,0.0038910314165624994,0.0009244304157326249,-0.026237313345811843
0.7625000000000001,0.7625000000000001,-0.03591149180884656,0.003877200736171874,0.0009310334901307151,-0.025725592203078854
0.7625000000000001,0.775,-0.035379336911324874,0.0038633700557812495,0.0009376365645288052,-0.02521387106034587
0.7625000000000001,0.7875000000000001,-0.03484718201380316,0.003849539375390625,0.0009442396389268955,-0.02470214991761288
0.7625000000000001,0.8,-0.03431502711628147,0.0038357086949999996,0.0009508427133249856,-0.024190428774879907
0.7625000000000001,0.8125,-0.03378287221875979,0.0038218780146093752,0.0009574457877230758,-0.02367870763214692
0.7625000000000001,0.8250000000000001,-0.03325071732123808,0.003808047334218749,0.000964048862121166,-0.023166986489413934
0.7625000000000001,0.8375,-0.03271856242371638,0.0037942166538281244,0.000970651936519256,-0.02265526534668095
0.7625000000000001,0.8500000000000001,-0.03218640752619468,0.0037803859734374993,0.0009772550109173462,-0.02214354420394796
0.7625000000000001,0.8625,-0.03165425262867298,0.003766555293046875,0.0009838580853154366,-0.02163182306121498
0.7625000000000001,0.875,-0.031122097731151287,0.0037527246126562498,0.0009904611597135267,-0.021120101918481998
0.7625000000000001,0.8875000000000001,-0.030589942833629577,0.003738893932265624,0.000997064234111617,-0.020608380775749013
0.7625000000000001,0.9,-0.030057787936107895,0.003725063251875,0.001003667308509707,-0.02009665963301603
0.7625000000000001,0.9125000000000001,-0.029525633038586192,0.0037112325714843747,0.0010102703829077972,-0.01958493849028304
0.7625000000000001,0.925,-0.028993478141064497,0.00369740189109375,0.0010168734573058873,-0.019073217347550058
0.7625000000000001,0.9375,-0.0284613232435428,0.0036835712107031247,0.0010234765317039774,-0.018561496204817073
0.7625000000000001,0.9500000000000001,-0.027929168346021084,0.0036697405303124995,0.0010300796061020678,-0.01804977506208409
0.7625000000000001,0.9625,-0.027397013448499388,0.003655909849921875,0.0010366826805001579,-0.017538053919351104
0.7625000000000001,0.9750000000000001,-0.0268648585509777,0.0036420791695312496,0.0010432857548982482,-0.01702633277661812
0.7625000000000001,0.9875,-0.02633270365345599,0.0036282484891406253,0.0010498888292963383,-0.016514611633885134
0.7625000000000001,1.0,-0.025800548755934294,0.00361441780875,0.0010564919036944284,-0.016002890491152156
0.775,0.0,-0.06719742586762893,0.00447240528,0.0005282459518472142,-0.05687544778479091
0.775,0.0125,-0.0666639754460486,0.00445930253015625,0.0005348490262453043,-0.0563617031874524
0.775,0.025,-0.06613052502446826,0.0044461997803125,0.0005414521006433945,-0.05584795859011389
0.775,0.037500000000000006,-0.06559707460288791,0.00443309703046875,0.0005480551750414848,-0.0553342139927754
0.775,0.05,-0.0650636241813076,0.004419994280625,0.000554658249439575,-0.05482046939543689
0.775,0.0625,-0.06453017375972725,0.00440689153078125,0.0005612613238376651,-0.054306724798098394
0.775,0.07500000000000001,-0.0639967233381469,0.0043937887809375005,0.0005678643982357553,-0.0537929802007599
0.775,0.08750000000000001,-0.06346327291656656,0.004380686031093751,0.0005744674726338454,-0.053279235603421404
0.775,0.1,-0.06292982249498622,0.00436758328125,0.0005810705470319356,-0.05276549100608288
0.775,0.1125,-0.06239637207340587,0.00435448053140625,0.0005876736214300259,-0.05225174640874439
0.775,0.125,-0.06186292165182554,0.0043413777815625,0.000594276695828116,-0.05173800181140589
0.775,0.1375,-0.06132947123024519,0.00432827503171875,0.0006008797702262062,-0.051224257214067384
0.775,0.15000000000000002,-0.06079602080866486,0.004315172281875,0.0006074828446242963,-0.05071051261672889
0.775,0.1625,-0.06026257038708451,0.00430206953203125,0.0006140859190223866,-0.050196768019390395
0.775,0.17500000000000002,-0.05972911996550417,0.0042889667821875,0.0006206889934204767,-0.049683023422051886
0.775,0.1875,-0.05919566954392383,0.00427586403234375,0.0006272920678185668,-0.04916927882471338
0.775,0.2,-0.05866221912234349,0.004262761282499999,0.0006338951422166571,-0.0486555342273749
0.775,0.21250000000000002,-0.05812876870076314,0.00424965853265625,0.0006404982166147472,-0.04814178963003639
0.775,0.225,-0.05759531827918281,0.0042365557828125,0.0006471012910128375,-0.04762804503269788
0.775,0.23750000000000002,-0.05706186785760247,0.0042234530329687495,0.0006537043654109276,-0.04711430043535937
0.775,0.25,-0.05652841743602212,0.004210350283125001,0.0006603074398090177,-0.04660055583802089
0.775,0.2625,-0.055994967014441795,0.00419724753328125,0.0006669105142071079,-0.04608681124068238
0.775,0.275,-0.05546151659286143,0.0041841447834375,0.000673513588605198,-0.045573066643343874
0.775,0.28750000000000003,-0.0549280661712811,0.004171042033593751,0.0006801166630032884,-0.04505932204600538
0.775,0.30000000000000004,-0.054394615749700746,0.00415793928375,0.0006867197374013785,-0.04454557744866687
0.775,0.3125,-0.053861165328120415,0.004144836533906251,0.0006933228117994687,-0.044031832851328376
0.775,0.325,-0.05332771490654006,0.0041317337840625,0.0006999258861975588,-0.04351808825398987
0.775,0.3375,-0.05279426448495973,0.0041186310342187496,0.0007065289605956489,-0.04300434365665137
0.775,0.35000000000000003,-0.052260814063379395,0.004105528284375,0.0007131320349937392,-0.04249059905931288
0.775,0.36250000000000004,-0.05172736364179905,0.004092425534531249,0.0007197351093918294,-0.04197685446197437
0.775,0.375,-0.051193913220218726,0.0040793227846875005,0.0007263381837899196,-0.041463109864635875
0.775,0.3875,-0.05066046279863837,0.00406622003484375,0.0007329412581880097,-0.040949365267297366
0.775,0.4,-0.050127012377058036,0.0040531172849999995,0.0007395443325860999,-0.04043562066995887
0.775,0.41250000000000003,-0.04959356195547767,0.00404001453515625,0.0007461474069841901,-0.03992187607262036
0.775,0.42500000000000004,-0.04906011153389734,0.004026911785312499,0.0007527504813822802,-0.039408131475281855
0.775,0.4375,-0.04852666111231699,0.0040138090354687505,0.0007593535557803704,-0.03889438687794336
0.775,0.45,-0.047993210690736664,0.004000706285625,0.0007659566301784606,-0.038380642280604865
0.775,0.4625,-0.04745976026915632,0.00398760353578125,0.0007725597045765508,-0.03786689768326636
0.775,0.47500000000000003,-0.046926309847575995,0.003974500785937501,0.000779162778974641,-0.03735315308592786
0.775,0.48750000000000004,-0.04639285942599562,0.003961398036093749,0.0007857658533727312,-0.036839408488589354
0.775,0.5,-0.045859409004415305,0.00394829528625,0.0007923689277708213,-0.03632566389125087
0.775,0.5125000000000001,-0.04532595858283497,0.00393519253640625,0.0007989720021689115,-0.035811919293912364
0.775,0.525,-0.04479250816125462,0.0039220897865625,0.0008055750765670017,-0.035298174696573856
0.775,0.5375,-0.044259057739674285,0.00390898703671875,0.0008121781509650919,-0.03478443009923536
0.775,0.55,-0.04372560731809393,0.0038958842868749995,0.0008187812253631821,-0.03427068550189685
0.775,0.5625,-0.0431921568965136,0.0038827815370312503,0.0008253842997612722,-0.03375694090455836
0.775,0.5750000000000001,-0.04265870647493324,0.0038696787871874997,0.0008319873741593625,-0.03324319630721985
0.775,0.5875,-0.042125256053352905,0.00385657603734375,0.0008385904485574525,-0.032729451709881355
0.775,0.6000000000000001,-0.04159180563177256,0.0038434732875000004,0.0008451935229555427,-0.032215707112542846
0.775,0.6125,-0.04105835521019222,0.00383037053765625,0.000851796597353633,-0.03170196251520435
0.775,0.625,-0.040524904788611885,0.0038172677878125,0.0008583996717517231,-0.031188217917865853
0.775,0.6375000000000001,-0.03999145436703154,0.0038041650379687505,0.0008650027461498134,-0.030674473320527345
0.775,0.65,-0.039458003945451195,0.003791062288125,0.0008716058205479034,-0.03016072872318885
0.775,0.6625000000000001,-0.038924553523870864,0.00377795953828125,0.0008782088949459937,-0.029646984125850345
0.775,0.675,-0.038391103102290526,0.0037648567884375,0.0008848119693440838,-0.029133239528511847
0.775,0.6875,-0.03785765268071019,0.0037517540385937505,0.000891415043742174,-0.028619494931173346
0.775,0.7000000000000001,-0.03732420225912984,0.003738651288749999,0.0008980181181402643,-0.02810575033383484
0.775,0.7125,-0.03679075183754949,0.0037255485389062503,0.0009046211925383543,-0.027592005736496346
0.775,0.7250000000000001,-0.03625730141596917,0.0037124457890625006,0.0009112242669364446,-0.02707826113915784
0.775,0.7375,-0.03572385099438882,0.00369934303921875,0.0009178273413345347,-0.026564516541819343
0.775,0.75,-0.035190400572808485,0.003686240289375,0.0009244304157326249,-0.026050771944480845
0.775,0.7625000000000001,-0.03465695015122812,0.00367313753953125,0.0009310334901307151,-0.025537027347142343
0.775,0.775,-0.034123499729647795,0.0036600347896875,0.0009376365645288052,-0.025023282749803838
0.775,0.7875000000000001,-0.03359004930806744,0.00364693203984375,0.0009442396389268955,-0.024509538152465333
0.775,0.8,-0.03305659888648711,0.0036338292900000005,0.0009508427133249856,-0.02399579355512684
0.775,0.8125,-0.03252314846490676,0.003620726540156251,0.0009574457877230758,-0.023482048957788337
0.775,0.8250000000000001,-0.03198969804332642,0.0036076237903124994,0.000964048862121166,-0.022968304360449835
0.775,0.8375,-0.031456247621746106,0.00359452104046875,0.000970651936519256,-0.022454559763111337
0.775,0.8500000000000001,-0.03092279720016574,0.0035814182906250005,0.0009772550109173462,-0.021940815165772832
0.775,0.8625,-0.030389346778585395,0.00356831554078125,0.0009838580853154366,-0.02142707056843433
0.775,0.875,-0.029855896357005064,0.0035552127909375003,0.0009904611597135267,-0.020913325971095832
0.775,0.8875000000000001,-0.029322445935424726,0.0035421100410937497,0.000997064234111617,-0.020399581373757334
0.775,0.9,-0.02878899551384438,0.00352900729125,0.001003667308509707,-0.019885836776418832
0.775,0.9125000000000001,-0.02825554509226405,0.0035159045414062504,0.0010102703829077972,-0.01937209217908033
0.775,0.925,-0.027722094670683706,0.0035028017915625003,0.0010168734573058873,-0.01885834758174183
0.775,0.9375,-0.027188644249103368,0.0034896990417187506,0.0010234765317039774,-0.018344602984403328
0.775,0.9500000000000001,-0.026655193827523037,0.0034765962918749996,0.0010300796061020678,-0.017830858387064826
0.775,0.9625,-0.026121743405942685,0.0034634935420312504,0.0010366826805001579,-0.017317113789726325
0.775,0.9750000000000001,-0.025588292984362333,0.0034503907921875,0.0010432857548982482,-0.016803369192387823
0.775,0.9875,-0.025054842562782002,0.00343728804234375,0.0010498888292963383,-0.01628962459504932
0.775,1.0,-0.024521392141201657,0.0034241852925000005,0.0010564919036944284,-0.015775879997710827
0.7875000000000001,0.0,-0.06602191117758763,0.00422393832,0.0005282459518472142,-0.056810313659790904
0.7875000000000001,0.0125,-0.06548716523194864,0.004211563500703124,0.0005348490262453043,-0.05629454560784688
0.7875000000000001,0.025,-0.06495241928630964,0.004199188681406249,0.0005414521006433945,-0.05577877755590285
0.7875000000000001,0.037500000000000006,-0.06441767334067067,0.0041868138621093745,0.0005480551750414848,-0.05526300950395884
0.7875000000000001,0.05,-0.06388292739503168,0.0041744390428124995,0.000554658249439575,-0.054747241452014817
0.7875000000000001,0.0625,-0.06334818144939272,0.0041620642235156245,0.0005612613238376651,-0.05423147340007081
0.7875000000000001,0.07500000000000001,-0.06281343550375373,0.004149689404218749,0.0005678643982357553,-0.053715705348126794
0.7875000000000001,0.08750000000000001,-0.06227868955811475,0.004137314584921874,0.0005744674726338454,-0.053199937296182775
0.7875000000000001,0.1,-0.06174394361247575,0.0041249397656249985,0.0005810705470319356,-0.05268416924423876
0.7875000000000001,0.1125,-0.06120919766683677,0.0041125649463281235,0.0005876736214300259,-0.05216840119229474
0.7875000000000001,0.125,-0.060674451721197786,0.004100190127031249,0.000594276695828116,-0.05165263314035072
0.7875000000000001,0.1375,-0.0601397057755588,0.004087815307734374,0.0006008797702262062,-0.0511368650884067
0.7875000000000001,0.15000000000000002,-0.05960495982991982,0.004075440488437499,0.0006074828446242963,-0.050621097036462684
0.7875000000000001,0.1625,-0.05907021388428083,0.004063065669140624,0.0006140859190223866,-0.05010532898451867
0.7875000000000001,0.17500000000000002,-0.05853546793864186,0.004050690849843749,0.0006206889934204767,-0.04958956093257465
0.7875000000000001,0.1875,-0.05800072199300288,0.004038316030546874,0.0006272920678185668,-0.04907379288063063
0.7875000000000001,0.2,-0.05746597604736389,0.004025941211249999,0.0006338951422166571,-0.04855802482868662
0.7875000000000001,0.21250000000000002,-0.056931230101724906,0.004013566391953124,0.0006404982166147472,-0.04804225677674259
0.7875000000000001,0.225,-0.05639648415608591,0.004001191572656249,0.0006471012910128375,-0.04752648872479858
0.7875000000000001,0.23750000000000002,-0.055861738210446925,0.003988816753359373,0.0006537043654109276,-0.047010720672854556
0.7875000000000001,0.25,-0.05532699226480797,0.0039764419340625,0.0006603074398090177,-0.04649495262091055
0.7875000000000001,0.2625,-0.05479224631916897,0.003964067114765624,0.0006669105142071079,-0.04597918456896653
0.7875000000000001,0.275,-0.05425750037352999,0.003951692295468749,0.000673513588605198,-0.04546341651702251
0.7875000000000001,0.28750000000000003,-0.053722754427891026,0.003939317476171874,0.0006801166630032884,-0.04494764846507849
0.7875000000000001,0.30000000000000004,-0.05318800848225204,0.003926942656874999,0.0006867197374013785,-0.04443188041313447
0.7875000000000001,0.3125,-0.05265326253661305,0.003914567837578125,0.0006933228117994687,-0.04391611236119046
0.7875000000000001,0.325,-0.05211851659097406,0.0039021930182812493,0.0006999258861975588,-0.043400344309246434
0.7875000000000001,0.3375,-0.051583770645335085,0.003889818198984374,0.0007065289605956489,-0.042884576257302416
0.7875000000000001,0.35000000000000003,-0.0510490246996961,0.0038774433796874993,0.0007131320349937392,-0.04236880820535841
0.7875000000000001,0.36250000000000004,-0.05051427875405712,0.0038650685603906234,0.0007197351093918294,-0.041853040153414386
0.7875000000000001,0.375,-0.04997953280841812,0.0038526937410937497,0.0007263381837899196,-0.04133727210147037
0.7875000000000001,0.3875,-0.04944478686277915,0.0038403189217968746,0.0007329412581880097,-0.04082150404952635
0.7875000000000001,0.4,-0.048910040917140164,0.003827944102499999,0.0007395443325860999,-0.04030573599758234
0.7875000000000001,0.41250000000000003,-0.04837529497150118,0.0038155692832031246,0.0007461474069841901,-0.03978996794563831
0.7875000000000001,0.42500000000000004,-0.04784054902586219,0.0038031944639062487,0.0007527504813822802,-0.039274199893694295
0.7875000000000001,0.4375,-0.04730580308022323,0.003790819644609374,0.0007593535557803704,-0.038758431841750283
0.7875000000000001,0.45,-0.046771057134584244,0.003778444825312499,0.0007659566301784606,-0.038242663789806265
0.7875000000000001,0.4625,-0.046236311188945264,0.0037660700060156236,0.0007725597045765508,-0.03772689573786224
0.7875000000000001,0.47500000000000003,-0.04570156524330628,0.0037536951867187494,0.000779162778974641,-0.03721112768591823
0.7875000000000001,0.48750000000000004,-0.04516681929766729,0.003741320367421874,0.0007857658533727312,-0.03669535963397421
0.7875000000000001,0.5,-0.04463207335202831,0.0037289455481249994,0.0007923689277708213,-0.0361795915820302
0.7875000000000001,0.5125000000000001,-0.044097327406389324,0.0037165707288281244,0.0007989720021689115,-0.035663823530086174
0.7875000000000001,0.525,-0.043562581460750344,0.003704195909531249,0.0008055750765670017,-0.03514805547814216
0.7875000000000001,0.5375,-0.04302783551511136,0.0036918210902343747,0.0008121781509650919,-0.034632287426198144
0.7875000000000001,0.55,-0.04249308956947237,0.0036794462709374993,0.0008187812253631821,-0.03411651937425412
0.7875000000000001,0.5625,-0.0419583436238334,0.0036670714516406243,0.0008253842997612722,-0.03360075132231011
0.7875000000000001,0.5750000000000001,-0.04142359767819441,0.003654696632343749,0.0008319873741593625,-0.03308498327036609
0.7875000000000001,0.5875,-0.04088885173255542,0.0036423218130468746,0.0008385904485574525,-0.03256921521842207
0.7875000000000001,0.6000000000000001,-0.04035410578691643,0.003629946993749999,0.0008451935229555427,-0.032053447166478045
0.7875000000000001,0.6125,-0.039819359841277456,0.0036175721744531246,0.000851796597353633,-0.031537679114534034
0.7875000000000001,0.625,-0.03928461389563848,0.0036051973551562496,0.0008583996717517231,-0.03102191106259002
0.7875000000000001,0.6375000000000001,-0.038749867949999496,0.003592822535859374,0.0008650027461498134,-0.030506143010645994
0.7875000000000001,0.65,-0.03821512200436052,0.0035804477165625,0.0008716058205479034,-0.02999037495870198
0.7875000000000001,0.6625000000000001,-0.03768037605872154,0.0035680728972656245,0.0008782088949459937,-0.02947460690675796
0.7875000000000001,0.675,-0.037145630113082556,0.0035556980779687494,0.0008848119693440838,-0.028958838854813946
0.7875000000000001,0.6875,-0.03661088416744357,0.003543323258671875,0.000891415043742174,-0.02844307080286993
0.7875000000000001,0.7000000000000001,-0.036076138221804575,0.003530948439374999,0.0008980181181402643,-0.027927302750925906
0.7875000000000001,0.7125,-0.0355413922761656,0.0035185736200781244,0.0009046211925383543,-0.027411534698981894
0.7875000000000001,0.7250000000000001,-0.035006646330526615,0.003506198800781249,0.0009112242669364446,-0.026895766647037876
0.7875000000000001,0.7375,-0.034471900384887635,0.0034938239814843747,0.0009178273413345347,-0.026379998595093858
0.7875000000000001,0.75,-0.03393715443924866,0.0034814491621875,0.0009244304157326249,-0.025864230543149843
0.7875000000000001,0.7625000000000001,-0.03340240849360967,0.0034690743428906243,0.0009310334901307151,-0.02534846249120582
0.7875000000000001,0.775,-0.03286766254797069,0.0034566995235937497,0.0009376365645288052,-0.024832694439261803
0.7875000000000001,0.7875000000000001,-0.0323329166023317,0.003444324704296874,0.0009442396389268955,-0.024316926387317778
0.7875000000000001,0.8,-0.031798170656692736,0.003431949884999999,0.0009508427133249856,-0.023801158335373773
0.7875000000000001,0.8125,-0.031263424711053735,0.0034195750657031246,0.0009574457877230758,-0.02328539028342975
0.7875000000000001,0.8250000000000001,-0.03072867876541476,0.0034072002464062496,0.000964048862121166,-0.02276962223148573
0.7875000000000001,0.8375,-0.03019393281977578,0.003394825427109374,0.000970651936519256,-0.02225385417954172
0.7875000000000001,0.8500000000000001,-0.029659186874136795,0.0033824506078124995,0.0009772550109173462,-0.021738086127597697
0.7875000000000001,0.8625,-0.029124440928497794,0.0033700757885156245,0.0009838580853154366,-0.021222318075653678
0.7875000000000001,0.875,-0.028589694982858828,0.00335770096921875,0.0009904611597135267,-0.020706550023709667
0.7875000000000001,0.8875000000000001,-0.028054949037219848,0.003345326149921874,0.000997064234111617,-0.020190781971765645
0.7875000000000001,0.9,-0.027520203091580882,0.003332951330624999,0.001003667308509707,-0.01967501391982163
0.7875000000000001,0.9125000000000001,-0.026985457145941888,0.0033205765113281244,0.0010102703829077972,-0.01915924586787761
0.7875000000000001,0.925,-0.0264507112003029,0.0033082016920312498,0.0010168734573058873,-0.018643477815933594
0.7875000000000001,0.9375,-0.02591596525466392,0.0032958268727343747,0.0010234765317039774,-0.018127709763989575
0.7875000000000001,0.9500000000000001,-0.02538121930902494,0.0032834520534374993,0.0010300796061020678,-0.017611941712045557
0.7875000000000001,0.9625,-0.024846473363385947,0.0032710772341406243,0.0010366826805001579,-0.01709617366010154
0.7875000000000001,0.9750000000000001,-0.024311727417746967,0.0032587024148437497,0.0010432857548982482,-0.01658040560815752
0.7875000000000001,0.9875,-0.023776981472107987,0.003246327595546875,0.0010498888292963383,-0.016064637556213502
0.7875000000000001,1.0,-0.023242235526469007,0.003233952776249999,0.0010564919036944284,-0.015548869504269492
0.8,0.0,-0.06484639648754631,0.00397547136,0.0005282459518472142,-0.056745179534790906
0.8,0.0125,-0.06431035501784868,0.003963824471249999,0.0005348490262453043,-0.056227388028241364
0.8,0.025,-0.06377431354815105,0.0039521775825,0.0005414521006433945,-0.05570959652169183
0.8,0.037500000000000006,-0.06323827207845344,0.0039405306937499995,0.0005480551750414848,-0.055191805015142294
0.8,0.05,-0.06270223060875582,0.003928883805,0.000554658249439575,-0.05467401350859275
0.8,0.0625,-0.062166189139058185,0.00391723691625,0.0005612613238376651,-0.05415622200204324
0.8,0.07500000000000001,-0.06163014766936056,0.0039055900274999993,0.0005678643982357553,-0.053638430495493696
0.8,0.08750000000000001,-0.061094106199662934,0.0038939431387499997,0.0005744674726338454,-0.05312063898894416
0.8,0.1,-0.06055806472996529,0.0038822962499999994,0.0005810705470319356,-0.052602847482394625
0.8,0.1125,-0.060022023260267676,0.0038706493612499994,0.0005876736214300259,-0.05208505597584508
0.8,0.125,-0.05948598179057004,0.0038590024725,0.000594276695828116,-0.051567264469295555
0.8,0.1375,-0.05894994032087244,0.0038473555837499995,0.0006008797702262062,-0.05104947296274603
0.8,0.15000000000000002,-0.05841389885117481,0.0038357086949999996,0.0006074828446242963,-0.050531681456196485
0.8,0.1625,-0.05787785738147719,0.00382406180625,0.0006140859190223866,-0.05001388994964696
0.8,0.17500000000000002,-0.05734181591177956,0.003812414917499999,0.0006206889934204767,-0.049496098443097415
0.8,0.1875,-0.05680577444208193,0.00380076802875,0.0006272920678185668,-0.04897830693654789
0.8,0.2,-0.05626973297238432,0.0037891211399999998,0.0006338951422166571,-0.04846051542999836
0.8,0.21250000000000002,-0.05573369150268668,0.00377747425125,0.0006404982166147472,-0.04794272392344882
0.8,0.225,-0.055197650032989064,0.0037658273625,0.0006471012910128375,-0.04742493241689928
0.8,0.23750000000000002,-0.05466160856329143,0.00375418047375,0.0006537043654109276,-0.04690714091034974
0.8,0.25,-0.05412556709359382,0.0037425335849999995,0.0006603074398090177,-0.04638934940380022
0.8,0.2625,-0.0535895256238962,0.0037308866962499996,0.0006669105142071079,-0.04587155789725068
0.8,0.275,-0.05305348415419856,0.0037192398074999996,0.000673513588605198,-0.04535376639070114
0.8,0.28750000000000003,-0.05251744268450095,0.0037075929187499997,0.0006801166630032884,-0.044835974884151614
0.8,0.30000000000000004,-0.051981401214803304,0.0036959460299999993,0.0006867197374013785,-0.04431818337760207
0.8,0.3125,-0.05144535974510568,0.00368429914125,0.0006933228117994687,-0.04380039187105255
0.8,0.325,-0.05090931827540807,0.0036726522524999994,0.0006999258861975588,-0.04328260036450301
0.8,0.3375,-0.05037327680571044,0.00366100536375,0.0007065289605956489,-0.042764808857953474
0.8,0.35000000000000003,-0.04983723533601283,0.0036493584749999995,0.0007131320349937392,-0.042247017351403945
0.8,0.36250000000000004,-0.04930119386631519,0.0036377115862499996,0.0007197351093918294,-0.04172922584485441
0.8,0.375,-0.04876515239661757,0.0036260646975,0.0007263381837899196,-0.041211434338304875
0.8,0.3875,-0.048229110926919956,0.0036144178087499997,0.0007329412581880097,-0.04069364283175534
0.8,0.4,-0.04769306945722232,0.0036027709199999997,0.0007395443325860999,-0.040175851325205805
0.8,0.41250000000000003,-0.047157027987524705,0.0035911240312499998,0.0007461474069841901,-0.03965805981865627
0.8,0.42500000000000004,-0.04662098651782706,0.0035794771424999994,0.0007527504813822802,-0.03914026831210673
0.8,0.4375,-0.046084945048129454,0.0035678302537499994,0.0007593535557803704,-0.0386224768055572
0.8,0.45,-0.04554890357843181,0.0035561833649999995,0.0007659566301784606,-0.038104685299007665
0.8,0.4625,-0.045012862108734196,0.0035445364762499995,0.0007725597045765508,-0.03758689379245813
0.8,0.47500000000000003,-0.044476820639036574,0.0035328895874999996,0.000779162778974641,-0.0370691022859086
0.8,0.48750000000000004,-0.043940779169338945,0.0035212426987499997,0.0007857658533727312,-0.03655131077935906
0.8,0.5,-0.04340473769964134,0.0035095958099999997,0.0007923689277708213,-0.03603351927280954
0.8,0.5125000000000001,-0.04286869622994369,0.0034979489212499993,0.0007989720021689115,-0.03551572776625999
0.8,0.525,-0.042332654760246086,0.0034863020325,0.0008055750765670017,-0.03499793625971046
0.8,0.5375,-0.04179661329054847,0.0034746551437499994,0.0008121781509650919,-0.034480144753160934
0.8,0.55,-0.04126057182085082,0.0034630082549999995,0.0008187812253631821,-0.03396235324661139
0.8,0.5625,-0.04072453035115322,0.00345136136625,0.0008253842997612722,-0.033444561740061864
0.8,0.5750000000000001,-0.04018848888145558,0.0034397144774999996,0.0008319873741593625,-0.03292677023351232
0.8,0.5875,-0.039652447411757955,0.003428067588749999,0.0008385904485574525,-0.03240897872696279
0.8,0.6000000000000001,-0.03911640594206034,0.0034164207,0.0008451935229555427,-0.03189118722041325
0.8,0.6125,-0.0385803644723627,0.0034047738112499993,0.000851796597353633,-0.031373395713863717
0.8,0.625,-0.03804432300266509,0.0033931269225,0.0008583996717517231,-0.03085560420731419
0.8,0.6375000000000001,-0.03750828153296746,0.0033814800337499994,0.0008650027461498134,-0.03033781270076465
0.8,0.65,-0.03697224006326984,0.0033698331449999995,0.0008716058205479034,-0.02982002119421512
0.8,0.6625000000000001,-0.03643619859357223,0.0033581862562499995,0.0008782088949459937,-0.029302229687665583
0.8,0.675,-0.03590015712387459,0.0033465393675000004,0.0008848119693440838,-0.028784438181116055
0.8,0.6875,-0.035364115654176964,0.0033348924787499996,0.000891415043742174,-0.02826664667456652
0.8,0.7000000000000001,-0.034828074184479335,0.0033232455899999997,0.0008980181181402643,-0.027748855168016978
0.8,0.7125,-0.03429203271478173,0.0033115987012499997,0.0009046211925383543,-0.02723106366146745
0.8,0.7250000000000001,-0.033755991245084084,0.0032999518124999998,0.0009112242669364446,-0.026713272154917915
0.8,0.7375,-0.03321994977538647,0.00328830492375,0.0009178273413345347,-0.02619548064836838
0.8,0.75,-0.03268390830568885,0.003276658035,0.0009244304157326249,-0.02567768914181885
0.8,0.7625000000000001,-0.032147866835991225,0.003265011146249999,0.0009310334901307151,-0.02515989763526931
0.8,0.775,-0.0316118253662936,0.0032533642575,0.0009376365645288052,-0.02464210612871978
0.8,0.7875000000000001,-0.031075783896595967,0.00324171736875,0.0009442396389268955,-0.024124314622170236
0.8,0.8,-0.03053974242689835,0.00323007048,0.0009508427133249856,-0.02360652311562071
0.8,0.8125,-0.030003700957200737,0.00321842359125,0.0009574457877230758,-0.023088731609071177
0.8,0.8250000000000001,-0.0294676594875031,0.0032067767024999997,0.000964048862121166,-0.022570940102521638
0.8,0.8375,-0.028931618017805485,0.0031951298137499994,0.000970651936519256,-0.022053148595972107
0.8,0.8500000000000001,-0.028395576548107856,0.003183482925,0.0009772550109173462,-0.021535357089422568
0.8,0.8625,-0.027859535078410234,0.0031718360362500003,0.0009838580853154366,-0.021017565582873033
0.8,0.875,-0.02732349360871262,0.0031601891475,0.0009904611597135267,-0.020499774076323505
0.8,0.8875000000000001,-0.02678745213901499,0.0031485422587499996,0.000997064234111617,-0.01998198256977397
0.8,0.9,-0.026251410669317368,0.00313689537,0.001003667308509707,-0.01946419106322444
0.8,0.9125000000000001,-0.02571536919961974,0.0031252484812499997,0.0010102703829077972,-0.0189463995566749
0.8,0.925,-0.025179327729922117,0.0031136015925,0.0010168734573058873,-0.018428608050125365
0.8,0.9375,-0.024643286260224495,0.0031019547037499998,0.0010234765317039774,-0.017910816543575833
0.8,0.9500000000000001,-0.02410724479052686,0.0030903078149999994,0.0010300796061020678,-0.017393025037026298
0.8,0.9625,-0.023571203320829237,0.00307866092625,0.0010366826805001579,-0.016875233530476763
0.8,0.9750000000000001,-0.023035161851131622,0.0030670140374999995,0.0010432857548982482,-0.016357442023927225
0.8,0.9875,-0.022499120381433993,0.00305536714875,0.0010498888292963383,-0.015839650517377693
0.8,1.0,-0.02196307891173637,0.00304372026,0.0010564919036944284,-0.015321859010828165
0.8125,0.0,-0.06367088179750499,0.003727004400000001,0.0005282459518472142,-0.05668004540979091
0.8125,0.0125,-0.06313354480374873,0.003716085441796876,0.0005348490262453043,-0.056160230448635856
0.8125,0.025,-0.06259620780999246,0.0037051664835937507,0.0005414521006433945,-0.05564041548748079
0.8125,0.037500000000000006,-0.06205887081623621,0.003694247525390626,0.0005480551750414848,-0.05512060052632575
0.8125,0.05,-0.061521533822479935,0.0036833285671875006,0.000554658249439575,-0.054600785565170694
0.8125,0.0625,-0.060984196828723684,0.0036724096089843757,0.0005612613238376651,-0.05408097060401565
0.8125,0.07500000000000001,-0.060446859834967406,0.0036614906507812504,0.0005678643982357553,-0.0535611556428606
0.8125,0.08750000000000001,-0.05990952284121114,0.003650571692578126,0.0005744674726338454,-0.053041340681705546
0.8125,0.1,-0.059372185847454864,0.003639652734375,0.0005810705470319356,-0.05252152572055048
0.8125,0.1125,-0.05883484885369859,0.003628733776171875,0.0005876736214300259,-0.05200171075939544
0.8125,0.125,-0.05829751185994235,0.003617814817968751,0.000594276695828116,-0.0514818957982404
0.8125,0.1375,-0.05776017486618608,0.0036068958597656256,0.0006008797702262062,-0.05096208083708534
0.8125,0.15000000000000002,-0.05722283787242982,0.0035959769015625007,0.0006074828446242963,-0.05044226587593029
0.8125,0.1625,-0.05668550087867355,0.0035850579433593763,0.0006140859190223866,-0.04992245091477524
0.8125,0.17500000000000002,-0.05614816388491727,0.0035741389851562506,0.0006206889934204767,-0.04940263595362019
0.8125,0.1875,-0.055610826891161,0.003563220026953126,0.0006272920678185668,-0.04888282099246513
0.8125,0.2,-0.055073489897404744,0.003552301068750001,0.0006338951422166571,-0.04836300603131009
0.8125,0.21250000000000002,-0.054536152903648466,0.003541382110546876,0.0006404982166147472,-0.047843191070155035
0.8125,0.225,-0.053998815909892216,0.0035304631523437506,0.0006471012910128375,-0.04732337610899998
0.8125,0.23750000000000002,-0.05346147891613595,0.0035195441941406253,0.0006537043654109276,-0.04680356114784493
0.8125,0.25,-0.0529241419223797,0.0035086252359375013,0.0006603074398090177,-0.046283746186689886
0.8125,0.2625,-0.05238680492862342,0.003497706277734375,0.0006669105142071079,-0.045763931225534835
0.8125,0.275,-0.05184946793486714,0.0034867873195312503,0.000673513588605198,-0.045244116264379776
0.8125,0.28750000000000003,-0.051312130941110895,0.003475868361328126,0.0006801166630032884,-0.04472430130322473
0.8125,0.30000000000000004,-0.05077479394735462,0.003464949403125,0.0006867197374013785,-0.04420448634206968
0.8125,0.3125,-0.05023745695359836,0.003454030444921876,0.0006933228117994687,-0.043684671380914634
0.8125,0.325,-0.04970011995984209,0.003443111486718751,0.0006999258861975588,-0.043164856419759576
0.8125,0.3375,-0.04916278296608582,0.0034321925285156255,0.0007065289605956489,-0.042645041458604524
0.8125,0.35000000000000003,-0.04862544597232955,0.0034212735703125006,0.0007131320349937392,-0.04212522649744948
0.8125,0.36250000000000004,-0.0480881089785733,0.0034103546121093753,0.0007197351093918294,-0.04160541153629443
0.8125,0.375,-0.04755077198481704,0.0033994356539062505,0.0007263381837899196,-0.041085596575139376
0.8125,0.3875,-0.04701343499106077,0.003388516695703125,0.0007329412581880097,-0.040565781613984324
0.8125,0.4,-0.046476097997304504,0.0033775977375000007,0.0007395443325860999,-0.04004596665282928
0.8125,0.41250000000000003,-0.04593876100354822,0.003366678779296876,0.0007461474069841901,-0.03952615169167422
0.8125,0.42500000000000004,-0.04540142400979196,0.0033557598210937497,0.0007527504813822802,-0.03900633673051916
0.8125,0.4375,-0.04486408701603569,0.0033448408628906257,0.0007593535557803704,-0.038486521769364124
0.8125,0.45,-0.044326750022279426,0.0033339219046875004,0.0007659566301784606,-0.03796670680820907
0.8125,0.4625,-0.04378941302852315,0.0033230029464843755,0.0007725597045765508,-0.03744689184705401
0.8125,0.47500000000000003,-0.04325207603476691,0.003312083988281251,0.000779162778974641,-0.03692707688589897
0.8125,0.48750000000000004,-0.04271473904101063,0.0033011650300781253,0.0007857658533727312,-0.03640726192474392
0.8125,0.5,-0.042177402047254384,0.003290246071875001,0.0007923689277708213,-0.03588744696358887
0.8125,0.5125000000000001,-0.041640065053498106,0.0032793271136718756,0.0007989720021689115,-0.03536763200243381
0.8125,0.525,-0.04110272805974184,0.0032684081554687507,0.0008055750765670017,-0.03484781704127877
0.8125,0.5375,-0.040565391065985563,0.0032574891972656254,0.0008121781509650919,-0.034328002080123717
0.8125,0.55,-0.04002805407222929,0.0032465702390625,0.0008187812253631821,-0.03380818711896866
0.8125,0.5625,-0.039490717078473035,0.003235651280859376,0.0008253842997612722,-0.03328837215781362
0.8125,0.5750000000000001,-0.038953380084716785,0.0032247323226562504,0.0008319873741593625,-0.03276855719665856
0.8125,0.5875,-0.0384160430909605,0.003213813364453125,0.0008385904485574525,-0.0322487422355035
0.8125,0.6000000000000001,-0.03787870609720424,0.0032028944062500006,0.0008451935229555427,-0.03172892727434845
0.8125,0.6125,-0.03734136910344797,0.003191975448046876,0.000851796597353633,-0.031209112313193402
0.8125,0.625,-0.03680403210969171,0.003181056489843751,0.0008583996717517231,-0.030689297352038358
0.8125,0.6375000000000001,-0.03626669511593543,0.003170137531640625,0.0008650027461498134,-0.0301694823908833
0.8125,0.65,-0.035729358122179165,0.0031592185734375007,0.0008716058205479034,-0.02964966742972825
0.8125,0.6625000000000001,-0.0351920211284229,0.0031482996152343754,0.0008782088949459937,-0.0291298524685732
0.8125,0.675,-0.03465468413466664,0.003137380657031251,0.0008848119693440838,-0.02861003750741815
0.8125,0.6875,-0.03411734714091039,0.003126461698828126,0.000891415043742174,-0.0280902225462631
0.8125,0.7000000000000001,-0.03358001014715411,0.003115542740625,0.0008980181181402643,-0.027570407585108044
0.8125,0.7125,-0.033042673153397845,0.0031046237824218755,0.0009046211925383543,-0.027050592623952995
0.8125,0.7250000000000001,-0.032505336159641574,0.0030937048242187506,0.0009112242669364446,-0.026530777662797943
0.8125,0.7375,-0.031967999165885316,0.0030827858660156257,0.0009178273413345347,-0.02601096270164289
0.8125,0.75,-0.031430662172129045,0.003071866907812501,0.0009244304157326249,-0.02549114774048785
0.8125,0.7625000000000001,-0.030893325178372767,0.0030609479496093756,0.0009310334901307151,-0.024971332779332795
0.8125,0.775,-0.030355988184616503,0.0030500289914062507,0.0009376365645288052,-0.024451517818177743
0.8125,0.7875000000000001,-0.02981865119086024,0.0030391100332031254,0.0009442396389268955,-0.023931702857022685
0.8125,0.8,-0.029281314197103996,0.0030281910750000005,0.0009508427133249856,-0.023411887895867643
0.8125,0.8125,-0.028743977203347724,0.003017272116796876,0.0009574457877230758,-0.022892072934712588
0.8125,0.8250000000000001,-0.028206640209591446,0.0030063531585937503,0.000964048862121166,-0.022372257973557536
0.8125,0.8375,-0.02766930321583519,0.0029954342003906255,0.000970651936519256,-0.021852443012402488
0.8125,0.8500000000000001,-0.027131966222078925,0.0029845152421875006,0.0009772550109173462,-0.021332628051247436
0.8125,0.8625,-0.026594629228322647,0.0029735962839843753,0.0009838580853154366,-0.020812813090092384
0.8125,0.875,-0.026057292234566397,0.002962677325781251,0.0009904611597135267,-0.020292998128937336
0.8125,0.8875000000000001,-0.025519955240810126,0.0029517583675781256,0.000997064234111617,-0.019773183167782284
0.8125,0.9,-0.02498261824705387,0.0029408394093750003,0.001003667308509707,-0.01925336820662724
0.8125,0.9125000000000001,-0.02444528125329759,0.0029299204511718754,0.0010102703829077972,-0.01873355324547218
0.8125,0.925,-0.023907944259541326,0.002919001492968751,0.0010168734573058873,-0.01821373828431713
0.8125,0.9375,-0.02337060726578507,0.0029080825347656256,0.0010234765317039774,-0.01769392332316208
0.8125,0.9500000000000001,-0.022833270272028798,0.0028971635765625003,0.0010300796061020678,-0.01717410836200703
0.8125,0.9625,-0.022295933278272527,0.002886244618359376,0.0010366826805001579,-0.016654293400851977
0.8125,0.9750000000000001,-0.021758596284516263,0.002875325660156251,0.0010432857548982482,-0.01613447843969693
0.8125,0.9875,-0.02122125929076,0.0028644067019531257,0.0010498888292963383,-0.015614663478541877
0.8125,1.0,-0.020683922297003728,0.002853487743750001,0.0010564919036944284,-0.01509484851738683
0.8250000000000001,0.0,-0.06249536710746369,0.00347853744,0.0005282459518472142,-0.0566149112847909
0.8250000000000001,0.0125,-0.06195673458964878,0.0034683464123437487,0.0005348490262453043,-0.05609307286903033
0.8250000000000001,0.025,-0.06141810207183385,0.0034581553846874994,0.0005414521006433945,-0.05557123445326976
0.8250000000000001,0.037500000000000006,-0.06087946955401895,0.003447964357031249,0.0005480551750414848,-0.05504939603750919
0.8250000000000001,0.05,-0.060340837036204055,0.003437773329374999,0.000554658249439575,-0.05452755762174862
0.8250000000000001,0.0625,-0.05980220451838914,0.0034275823017187496,0.0005612613238376651,-0.05400571920598807
0.8250000000000001,0.07500000000000001,-0.059263572000574236,0.003417391274062499,0.0005678643982357553,-0.05348388079022749
0.8250000000000001,0.08750000000000001,-0.05872493948275934,0.0034072002464062496,0.0005744674726338454,-0.05296204237446693
0.8250000000000001,0.1,-0.058186306964944416,0.0033970092187499993,0.0005810705470319356,-0.05244020395870635
0.8250000000000001,0.1125,-0.05764767444712951,0.003386818191093749,0.0005876736214300259,-0.05191836554294579
0.8250000000000001,0.125,-0.05710904192931461,0.0033766271634374997,0.000594276695828116,-0.05139652712718522
0.8250000000000001,0.1375,-0.05657040941149968,0.0033664361357812495,0.0006008797702262062,-0.05087468871142466
0.8250000000000001,0.15000000000000002,-0.056031776893684784,0.003356245108124999,0.0006074828446242963,-0.05035285029566408
0.8250000000000001,0.1625,-0.05549314437586987,0.003346054080468749,0.0006140859190223866,-0.04983101187990352
0.8250000000000001,0.17500000000000002,-0.05495451185805497,0.0033358630528124993,0.0006206889934204767,-0.04930917346414295
0.8250000000000001,0.1875,-0.05441587934024008,0.003325672025156249,0.0006272920678185668,-0.04878733504838238
0.8250000000000001,0.2,-0.05387724682242516,0.003315480997499999,0.0006338951422166571,-0.04826549663262182
0.8250000000000001,0.21250000000000002,-0.05333861430461026,0.0033052899698437495,0.0006404982166147472,-0.047743658216861246
0.8250000000000001,0.225,-0.052799981786795354,0.0032950989421874992,0.0006471012910128375,-0.04722181980110068
0.8250000000000001,0.23750000000000002,-0.05226134926898041,0.003284907914531249,0.0006537043654109276,-0.04669998138534011
0.8250000000000001,0.25,-0.051722716751165534,0.0032747168868749997,0.0006603074398090177,-0.046178142969579554
0.8250000000000001,0.2625,-0.051184084233350614,0.0032645258592187494,0.0006669105142071079,-0.04565630455381898
0.8250000000000001,0.275,-0.05064545171553571,0.003254334831562499,0.000673513588605198,-0.04513446613805841
0.8250000000000001,0.28750000000000003,-0.05010681919772081,0.0032441438039062494,0.0006801166630032884,-0.04461262772229784
0.8250000000000001,0.30000000000000004,-0.049568186679905896,0.003233952776249999,0.0006867197374013785,-0.04409078930653727
0.8250000000000001,0.3125,-0.049029554162090996,0.00322376174859375,0.0006933228117994687,-0.04356895089077671
0.8250000000000001,0.325,-0.04849092164427609,0.0032135707209374996,0.0006999258861975588,-0.043047112475016136
0.8250000000000001,0.3375,-0.04795228912646118,0.003203379693281249,0.0007065289605956489,-0.042525274059255574
0.8250000000000001,0.35000000000000003,-0.04741365660864627,0.003193188665624999,0.0007131320349937392,-0.04200343564349501
0.8250000000000001,0.36250000000000004,-0.046875024090831365,0.003182997637968749,0.0007197351093918294,-0.04148159722773444
0.8250000000000001,0.375,-0.04633639157301645,0.003172806610312499,0.0007263381837899196,-0.04095975881197387
0.8250000000000001,0.3875,-0.045797759055201545,0.0031626155826562493,0.0007329412581880097,-0.0404379203962133
0.8250000000000001,0.4,-0.045259126537386646,0.0031524245549999995,0.0007395443325860999,-0.03991608198045274
0.8250000000000001,0.41250000000000003,-0.044720494019571726,0.0031422335273437497,0.0007461474069841901,-0.039394243564692163
0.8250000000000001,0.42500000000000004,-0.04418186150175682,0.0031320424996874995,0.0007527504813822802,-0.038872405148931595
0.8250000000000001,0.4375,-0.04364322898394192,0.0031218514720312497,0.0007593535557803704,-0.03835056673317103
0.8250000000000001,0.45,-0.04310459646612701,0.003111660444374999,0.0007659566301784606,-0.037828728317410465
0.8250000000000001,0.4625,-0.0425659639483121,0.0031014694167187493,0.0007725597045765508,-0.03730688990164989
0.8250000000000001,0.47500000000000003,-0.0420273314304972,0.003091278389062499,0.000779162778974641,-0.036785051485889335
0.8250000000000001,0.48750000000000004,-0.04148869891268228,0.003081087361406249,0.0007857658533727312,-0.036263213070128766
0.8250000000000001,0.5,-0.04095006639486739,0.0030708963337499995,0.0007923689277708213,-0.035741374654368205
0.8250000000000001,0.5125000000000001,-0.04041143387705246,0.0030607053060937497,0.0007989720021689115,-0.03521953623860763
0.8250000000000001,0.525,-0.03987280135923757,0.003050514278437499,0.0008055750765670017,-0.03469769782284706
0.8250000000000001,0.5375,-0.03933416884142267,0.0030403232507812497,0.0008121781509650919,-0.03417585940708649
0.8250000000000001,0.55,-0.038795536323607736,0.003030132223124999,0.0008187812253631821,-0.033654020991325924
0.8250000000000001,0.5625,-0.038256903805792844,0.003019941195468749,0.0008253842997612722,-0.03313218257556536
0.8250000000000001,0.5750000000000001,-0.037718271287977945,0.003009750167812499,0.0008319873741593625,-0.032610344159804794
0.8250000000000001,0.5875,-0.03717963877016302,0.002999559140156249,0.0008385904485574525,-0.03208850574404422
0.8250000000000001,0.6000000000000001,-0.03664100625234812,0.0029893681124999994,0.0008451935229555427,-0.03156666732828365
0.8250000000000001,0.6125,-0.03610237373453322,0.0029791770848437496,0.000851796597353633,-0.031044828912523095
0.8250000000000001,0.625,-0.035563741216718306,0.0029689860571875,0.0008583996717517231,-0.030522990496762527
0.8250000000000001,0.6375000000000001,-0.035025108698903386,0.002958795029531249,0.0008650027461498134,-0.03000115208100195
0.8250000000000001,0.65,-0.03448647618108847,0.002948604001875,0.0008716058205479034,-0.029479313665241383
0.8250000000000001,0.6625000000000001,-0.03394784366327357,0.002938412974218749,0.0008782088949459937,-0.02895747524948082
0.8250000000000001,0.675,-0.033409211145458674,0.0029282219465624993,0.0008848119693440838,-0.02843563683372026
0.8250000000000001,0.6875,-0.03287057862764376,0.00291803091890625,0.000891415043742174,-0.027913798417959684
0.8250000000000001,0.7000000000000001,-0.032331946109828855,0.0029078398912499993,0.0008980181181402643,-0.027391960002199116
0.8250000000000001,0.7125,-0.031793313592013955,0.0028976488635937495,0.0009046211925383543,-0.026870121586438554
0.8250000000000001,0.7250000000000001,-0.031254681074199035,0.0028874578359374997,0.0009112242669364446,-0.026348283170677986
0.8250000000000001,0.7375,-0.03071604855638413,0.00287726680828125,0.0009178273413345347,-0.02582644475491741
0.8250000000000001,0.75,-0.03017741603856923,0.0028670757806249993,0.0009244304157326249,-0.02530460633915685
0.8250000000000001,0.7625000000000001,-0.029638783520754317,0.002856884752968749,0.0009310334901307151,-0.02478276792339628
0.8250000000000001,0.775,-0.029100151002939424,0.0028466937253124993,0.0009376365645288052,-0.024260929507635712
0.8250000000000001,0.7875000000000001,-0.02856151848512449,0.0028365026976562495,0.0009442396389268955,-0.023739091091875143
0.8250000000000001,0.8,-0.028022885967309598,0.0028263116699999992,0.0009508427133249856,-0.02321725267611458
0.8250000000000001,0.8125,-0.02748425344949469,0.0028161206423437495,0.0009574457877230758,-0.022695414260354013
0.8250000000000001,0.8250000000000001,-0.026945620931679785,0.0028059296146874997,0.000964048862121166,-0.022173575844593438
0.8250000000000001,0.8375,-0.02640698841386488,0.00279573858703125,0.000970651936519256,-0.021651737428832876
0.8250000000000001,0.8500000000000001,-0.025868355896049966,0.002785547559374999,0.0009772550109173462,-0.021129899013072308
0.8250000000000001,0.8625,-0.02532972337823506,0.00277535653171875,0.0009838580853154366,-0.02060806059731174
0.8250000000000001,0.875,-0.024791090860420154,0.0027651655040625,0.0009904611597135267,-0.020086222181551178
0.8250000000000001,0.8875000000000001,-0.024252458342605247,0.002754974476406249,0.000997064234111617,-0.01956438376579061
0.8250000000000001,0.9,-0.02371382582479034,0.002744783448749999,0.001003667308509707,-0.01904254535003004
0.8250000000000001,0.9125000000000001,-0.023175193306975435,0.0027345924210937494,0.0010102703829077972,-0.018520706934269472
0.8250000000000001,0.925,-0.022636560789160515,0.0027244013934374996,0.0010168734573058873,-0.017998868518508904
0.8250000000000001,0.9375,-0.022097928271345622,0.00271421036578125,0.0010234765317039774,-0.017477030102748335
0.8250000000000001,0.9500000000000001,-0.021559295753530716,0.002704019338124999,0.0010300796061020678,-0.016955191686987767
0.8250000000000001,0.9625,-0.021020663235715796,0.0026938283104687493,0.0010366826805001579,-0.016433353271227198
0.8250000000000001,0.9750000000000001,-0.02048203071790089,0.0026836372828124995,0.0010432857548982482,-0.01591151485546663
0.8250000000000001,0.9875,-0.019943398200085984,0.0026734462551562493,0.0010498888292963383,-0.015389676439706065
0.8250000000000001,1.0,-0.019404765682271084,0.0026632552274999995,0.0010564919036944284,-0.014867838023945501
0.8375,0.0,-0.06131985241742237,0.00323007048,0.0005282459518472142,-0.056549777159790905
0.8375,0.0125,-0.06077992437554881,0.0032206073828906254,0.0005348490262453043,-0.05602591528942481
0.8375,0.025,-0.060239996333675265,0.00321114428578125,0.0005414521006433945,-0.05550205341905873
0.8375,0.037500000000000006,-0.05970006829180173,0.0032016811886718755,0.0005480551750414848,-0.05497819154869264
0.8375,0.05,-0.059160140249928175,0.0031922180915625003,0.000554658249439575,-0.05445432967832655
0.8375,0.0625,-0.05862021220805463,0.003182754994453125,0.0005612613238376651,-0.05393046780796048
0.8375,0.07500000000000001,-0.05808028416618108,0.00317329189734375,0.0005678643982357553,-0.053406605937594394
0.8375,0.08750000000000001,-0.05754035612430754,0.0031638288002343758,0.0005744674726338454,-0.05288274406722831
0.8375,0.1,-0.05700042808243396,0.003154365703125,0.0005810705470319356,-0.05235888219686222
0.8375,0.1125,-0.0564605000405604,0.0031449026060156246,0.0005876736214300259,-0.05183502032649614
0.8375,0.125,-0.05592057199868687,0.0031354395089062508,0.000594276695828116,-0.05131115845613005
0.8375,0.1375,-0.05538064395681332,0.003125976411796875,0.0006008797702262062,-0.05078729658576397
0.8375,0.15000000000000002,-0.05484071591493978,0.0031165133146875005,0.0006074828446242963,-0.05026343471539788
0.8375,0.1625,-0.054300787873066234,0.0031070502175781253,0.0006140859190223866,-0.049739572845031804
0.8375,0.17500000000000002,-0.05376085983119268,0.00309758712046875,0.0006206889934204767,-0.04921571097466572
0.8375,0.1875,-0.05322093178931914,0.003088124023359376,0.0006272920678185668,-0.04869184910429963
0.8375,0.2,-0.0526810037474456,0.0030786609262500003,0.0006338951422166571,-0.048167987233933555
0.8375,0.21250000000000002,-0.05214107570557204,0.003069197829140625,0.0006404982166147472,-0.04764412536356747
0.8375,0.225,-0.051601147663698485,0.00305973473203125,0.0006471012910128375,-0.04712026349320138
0.8375,0.23750000000000002,-0.05106121962182492,0.003050271634921875,0.0006537043654109276,-0.04659640162283529
0.8375,0.25,-0.05052129157995138,0.0030408085378125006,0.0006603074398090177,-0.04607253975246922
0.8375,0.2625,-0.04998136353807785,0.003031345440703125,0.0006669105142071079,-0.04554867788210313
0.8375,0.275,-0.0494414354962043,0.0030218823435937503,0.000673513588605198,-0.045024816011737044
0.8375,0.28750000000000003,-0.04890150745433076,0.0030124192464843756,0.0006801166630032884,-0.04450095414137096
0.8375,0.30000000000000004,-0.04836157941245718,0.003002956149375,0.0006867197374013785,-0.043977092271004874
0.8375,0.3125,-0.04782165137058363,0.0029934930522656253,0.0006933228117994687,-0.043453230400638795
0.8375,0.325,-0.04728172332871008,0.00298402995515625,0.0006999258861975588,-0.0429293685302727
0.8375,0.3375,-0.04674179528683654,0.002974566858046875,0.0007065289605956489,-0.042405506659906625
0.8375,0.35000000000000003,-0.046201867244962995,0.0029651037609375007,0.0007131320349937392,-0.04188164478954055
0.8375,0.36250000000000004,-0.04566193920308944,0.002955640663828125,0.0007197351093918294,-0.04135778291917446
0.8375,0.375,-0.04512201116121589,0.0029461775667187504,0.0007263381837899196,-0.040833921048808376
0.8375,0.3875,-0.044582083119342336,0.0029367144696093752,0.0007329412581880097,-0.04031005917844229
0.8375,0.4,-0.04404215507746879,0.0029272513725000005,0.0007395443325860999,-0.039786197308076206
0.8375,0.41250000000000003,-0.04350222703559524,0.0029177882753906254,0.0007461474069841901,-0.03926233543771012
0.8375,0.42500000000000004,-0.0429622989937217,0.0029083251782812494,0.0007527504813822802,-0.03873847356734403
0.8375,0.4375,-0.04242237095184815,0.0028988620811718755,0.0007593535557803704,-0.03821461169697796
0.8375,0.45,-0.04188244290997459,0.0028893989840625004,0.0007659566301784606,-0.037690749826611865
0.8375,0.4625,-0.041342514868101046,0.0028799358869531257,0.0007725597045765508,-0.03716688795624578
0.8375,0.47500000000000003,-0.040802586826227484,0.00287047278984375,0.000779162778974641,-0.0366430260858797
0.8375,0.48750000000000004,-0.04026265878435395,0.002861009692734375,0.0007857658533727312,-0.036119164215513616
0.8375,0.5,-0.039722730742480415,0.0028515465956250007,0.0007923689277708213,-0.03559530234514754
0.8375,0.5125000000000001,-0.03918280270060685,0.0028420834985156255,0.0007989720021689115,-0.035071440474781446
0.8375,0.525,-0.03864287465873331,0.0028326204014062504,0.0008055750765670017,-0.03454757860441537
0.8375,0.5375,-0.03810294661685975,0.002823157304296875,0.0008121781509650919,-0.03402371673404928
0.8375,0.55,-0.03756301857498619,0.0028136942071875,0.0008187812253631821,-0.03349985486368319
0.8375,0.5625,-0.037023090533112674,0.0028042311100781253,0.0008253842997612722,-0.03297599299331711
0.8375,0.5750000000000001,-0.03648316249123911,0.0027947680129687498,0.0008319873741593625,-0.032452131122951026
0.8375,0.5875,-0.03594323444936555,0.002785304915859375,0.0008385904485574525,-0.031928269252584934
0.8375,0.6000000000000001,-0.03540330640749201,0.0027758418187500008,0.0008451935229555427,-0.03140440738221885
0.8375,0.6125,-0.03486337836561846,0.0027663787216406256,0.000851796597353633,-0.03088054551185277
0.8375,0.625,-0.0343234503237449,0.0027569156245312505,0.0008583996717517231,-0.030356683641486696
0.8375,0.6375000000000001,-0.03378352228187137,0.002747452527421875,0.0008650027461498134,-0.0298328217711206
0.8375,0.65,-0.03324359423999781,0.0027379894303125,0.0008716058205479034,-0.029308959900754522
0.8375,0.6625000000000001,-0.032703666198124266,0.0027285263332031255,0.0008782088949459937,-0.028785098030388437
0.8375,0.675,-0.03216373815625072,0.0027190632360937503,0.0008848119693440838,-0.028261236160022355
0.8375,0.6875,-0.03162381011437717,0.002709600138984375,0.000891415043742174,-0.027737374289656273
0.8375,0.7000000000000001,-0.031083882072503614,0.002700137041875,0.0008980181181402643,-0.02721351241929018
0.8375,0.7125,-0.03054395403063008,0.0026906739447656253,0.0009046211925383543,-0.026689650548924103
0.8375,0.7250000000000001,-0.030004025988756518,0.00268121084765625,0.0009112242669364446,-0.026165788678558018
0.8375,0.7375,-0.029464097946882963,0.0026717477505468754,0.0009178273413345347,-0.025641926808191932
0.8375,0.75,-0.028924169905009428,0.0026622846534375007,0.0009244304157326249,-0.02511806493782585
0.8375,0.7625000000000001,-0.028384241863135866,0.0026528215563281256,0.0009310334901307151,-0.024594203067459762
0.8375,0.775,-0.027844313821262325,0.00264335845921875,0.0009376365645288052,-0.02407034119709368
0.8375,0.7875000000000001,-0.02730438577938877,0.0026338953621093753,0.0009442396389268955,-0.02354647932672759
0.8375,0.8,-0.026764457737515228,0.0026244322650000006,0.0009508427133249856,-0.023022617456361513
0.8375,0.8125,-0.026224529695641687,0.0026149691678906254,0.0009574457877230758,-0.022498755585995425
0.8375,0.8250000000000001,-0.025684601653768124,0.00260550607078125,0.000964048862121166,-0.02197489371562934
0.8375,0.8375,-0.02514467361189459,0.0025960429736718756,0.000970651936519256,-0.021451031845263258
0.8375,0.8500000000000001,-0.024604745570021028,0.0025865798765625,0.0009772550109173462,-0.020927169974897172
0.8375,0.8625,-0.02406481752814748,0.0025771167794531253,0.0009838580853154366,-0.020403308104531087
0.8375,0.875,-0.023524889486273938,0.0025676536823437505,0.0009904611597135267,-0.01987944623416501
0.8375,0.8875000000000001,-0.022984961444400383,0.002558190585234375,0.000997064234111617,-0.019355584363798924
0.8375,0.9,-0.02244503340252684,0.0025487274881250003,0.001003667308509707,-0.018831722493432842
0.8375,0.9125000000000001,-0.021905105360653286,0.0025392643910156255,0.0010102703829077972,-0.018307860623066753
0.8375,0.925,-0.021365177318779738,0.0025298012939062504,0.0010168734573058873,-0.01778399875270067
0.8375,0.9375,-0.02082524927690619,0.0025203381967968752,0.0010234765317039774,-0.017260136882334586
0.8375,0.9500000000000001,-0.020285321235032627,0.0025108750996875,0.0010300796061020678,-0.0167362750119685
0.8375,0.9625,-0.019745393193159086,0.0025014120025781254,0.0010366826805001579,-0.016212413141602416
0.8375,0.9750000000000001,-0.019205465151285538,0.0024919489054687502,0.0010432857548982482,-0.01568855127123633
0.8375,0.9875,-0.01866553710941199,0.0024824858083593755,0.0010498888292963383,-0.015164689400870247
0.8375,1.0,-0.01812560906753844,0.0024730227112500004,0.0010564919036944284,-0.014640827530504169
0.8500000000000001,0.0,-0.06014433772738106,0.002981603519999999,0.0005282459518472142,-0.05648464303479091
0.8500000000000001,0.0125,-0.05960311416144889,0.002972868353437499,0.0005348490262453043,-0.0559587577098193
0.8500000000000001,0.025,-0.059061890595516676,0.0029641331868749993,0.0005414521006433945,-0.0554328723848477
0.8500000000000001,0.037500000000000006,-0.05852066702958448,0.0029553980203124992,0.0005480551750414848,-0.054906987059876095
0.8500000000000001,0.05,-0.05797944346365229,0.0029466628537499987,0.000554658249439575,-0.05438110173490449
0.8500000000000001,0.0625,-0.05743821989772011,0.002937927687187499,0.0005612613238376651,-0.053855216409932904
0.8500000000000001,0.07500000000000001,-0.0568969963317879,0.002929192520624999,0.0005678643982357553,-0.053329331084961296
0.8500000000000001,0.08750000000000001,-0.05635577276585573,0.002920457354062499,0.0005744674726338454,-0.0528034457599897
0.8500000000000001,0.1,-0.055814549199923534,0.0029117221874999993,0.0005810705470319356,-0.05227756043501809
0.8500000000000001,0.1125,-0.055273325633991344,0.002902987020937499,0.0005876736214300259,-0.05175167511004648
0.8500000000000001,0.125,-0.05473210206805916,0.002894251854374999,0.000594276695828116,-0.051225789785074895
0.8500000000000001,0.1375,-0.054190878502126956,0.0028855166878124987,0.0006008797702262062,-0.05069990446010329
0.8500000000000001,0.15000000000000002,-0.053649654936194766,0.002876781521249999,0.0006074828446242963,-0.05017401913513169
0.8500000000000001,0.1625,-0.05310843137026258,0.0028680463546874994,0.0006140859190223866,-0.04964813381016009
0.8500000000000001,0.17500000000000002,-0.052567207804330385,0.002859311188124999,0.0006206889934204767,-0.049122248485188494
0.8500000000000001,0.1875,-0.0520259842383982,0.0028505760215624992,0.0006272920678185668,-0.048596363160216885
0.8500000000000001,0.2,-0.051484760672466004,0.0028418408549999987,0.0006338951422166571,-0.04807047783524529
0.8500000000000001,0.21250000000000002,-0.05094353710653382,0.002833105688437499,0.0006404982166147472,-0.04754459251027369
0.8500000000000001,0.225,-0.05040231354060163,0.002824370521874999,0.0006471012910128375,-0.047018707185302086
0.8500000000000001,0.23750000000000002,-0.049861089974669426,0.002815635355312499,0.0006537043654109276,-0.04649282186033048
0.8500000000000001,0.25,-0.04931986640873726,0.0028069001887499993,0.0006603074398090177,-0.04596693653535889
0.8500000000000001,0.2625,-0.04877864284280505,0.002798165022187499,0.0006669105142071079,-0.04544105121038729
0.8500000000000001,0.275,-0.04823741927687285,0.002789429855624999,0.000673513588605198,-0.04491516588541568
0.8500000000000001,0.28750000000000003,-0.04769619571094067,0.0027806946890624996,0.0006801166630032884,-0.04438928056044408
0.8500000000000001,0.30000000000000004,-0.04715497214500849,0.002771959522499999,0.0006867197374013785,-0.04386339523547248
0.8500000000000001,0.3125,-0.04661374857907628,0.002763224355937499,0.0006933228117994687,-0.043337509910500886
0.8500000000000001,0.325,-0.04607252501314411,0.002754489189374999,0.0006999258861975588,-0.04281162458552928
0.8500000000000001,0.3375,-0.04553130144721191,0.0027457540228124993,0.0007065289605956489,-0.042285739260557675
0.8500000000000001,0.35000000000000003,-0.04499007788127971,0.002737018856249999,0.0007131320349937392,-0.04175985393558609
0.8500000000000001,0.36250000000000004,-0.04444885431534753,0.0027282836896874987,0.0007197351093918294,-0.04123396861061448
0.8500000000000001,0.375,-0.043907630749415345,0.002719548523124999,0.0007263381837899196,-0.040708083285642876
0.8500000000000001,0.3875,-0.04336640718348314,0.002710813356562499,0.0007329412581880097,-0.040182197960671275
0.8500000000000001,0.4,-0.04282518361755096,0.002702078189999999,0.0007395443325860999,-0.03965631263569968
0.8500000000000001,0.41250000000000003,-0.04228396005161877,0.002693343023437499,0.0007461474069841901,-0.03913042731072807
0.8500000000000001,0.42500000000000004,-0.04174273648568656,0.002684607856874999,0.0007527504813822802,-0.03860454198575647
0.8500000000000001,0.4375,-0.04120151291975438,0.0026758726903124996,0.0007593535557803704,-0.038078656660784874
0.8500000000000001,0.45,-0.04066028935382218,0.0026671375237499986,0.0007659566301784606,-0.03755277133581327
0.8500000000000001,0.4625,-0.04011906578789001,0.002658402357187499,0.0007725597045765508,-0.03702688601084167
0.8500000000000001,0.47500000000000003,-0.0395778422219578,0.002649667190624999,0.000779162778974641,-0.036501000685870075
0.8500000000000001,0.48750000000000004,-0.03903661865602562,0.002640932024062499,0.0007857658533727312,-0.035975115360898466
0.8500000000000001,0.5,-0.03849539509009344,0.0026321968574999992,0.0007923689277708213,-0.03544923003592688
0.8500000000000001,0.5125000000000001,-0.03795417152416122,0.0026234616909374987,0.0007989720021689115,-0.03492334471095526
0.8500000000000001,0.525,-0.03741294795822905,0.002614726524374999,0.0008055750765670017,-0.03439745938598367
0.8500000000000001,0.5375,-0.03687172439229686,0.002605991357812499,0.0008121781509650919,-0.033871574061012065
0.8500000000000001,0.55,-0.03633050082636466,0.0025972561912499985,0.0008187812253631821,-0.03334568873604046
0.8500000000000001,0.5625,-0.03578927726043248,0.0025885210246874993,0.0008253842997612722,-0.03281980341106887
0.8500000000000001,0.5750000000000001,-0.035248053694500285,0.002579785858124999,0.0008319873741593625,-0.032293918086097266
0.8500000000000001,0.5875,-0.034706830128568074,0.002571050691562499,0.0008385904485574525,-0.031768032761125664
0.8500000000000001,0.6000000000000001,-0.03416560656263589,0.002562315524999999,0.0008451935229555427,-0.031242147436154055
0.8500000000000001,0.6125,-0.03362438299670371,0.0025535803584374995,0.000851796597353633,-0.03071626211118246
0.8500000000000001,0.625,-0.033083159430771523,0.002544845191874999,0.0008583996717517231,-0.03019037678621086
0.8500000000000001,0.6375000000000001,-0.03254193586483932,0.002536110025312499,0.0008650027461498134,-0.029664491461239253
0.8500000000000001,0.65,-0.03200071229890714,0.0025273748587499993,0.0008716058205479034,-0.029138606136267654
0.8500000000000001,0.6625000000000001,-0.03145948873297495,0.002518639692187499,0.0008782088949459937,-0.028612720811296056
0.8500000000000001,0.675,-0.030918265167042755,0.002509904525624999,0.0008848119693440838,-0.028086835486324454
0.8500000000000001,0.6875,-0.030377041601110558,0.002501169359062499,0.000891415043742174,-0.027560950161352855
0.8500000000000001,0.7000000000000001,-0.029835818035178374,0.002492434192499999,0.0008980181181402643,-0.02703506483638125
0.8500000000000001,0.7125,-0.029294594469246177,0.0024836990259374993,0.0009046211925383543,-0.026509179511409655
0.8500000000000001,0.7250000000000001,-0.028753370903313993,0.002474963859374999,0.0009112242669364446,-0.02598329418643805
0.8500000000000001,0.7375,-0.02821214733738179,0.002466228692812499,0.0009178273413345347,-0.02545740886146645
0.8500000000000001,0.75,-0.027670923771449613,0.0024574935262499996,0.0009244304157326249,-0.024931523536494856
0.8500000000000001,0.7625000000000001,-0.027129700205517422,0.002448758359687499,0.0009310334901307151,-0.02440563821152325
0.8500000000000001,0.775,-0.026588476639585232,0.002440023193124999,0.0009376365645288052,-0.023879752886551645
0.8500000000000001,0.7875000000000001,-0.026047253073653027,0.002431288026562499,0.0009442396389268955,-0.023353867561580043
0.8500000000000001,0.8,-0.02550602950772085,0.0024225528599999997,0.0009508427133249856,-0.022827982236608448
0.8500000000000001,0.8125,-0.024964805941788668,0.0024138176934374992,0.0009574457877230758,-0.022302096911636846
0.8500000000000001,0.8250000000000001,-0.024423582375856463,0.0024050825268749987,0.000964048862121166,-0.02177621158666524
0.8500000000000001,0.8375,-0.023882358809924287,0.002396347360312499,0.000970651936519256,-0.021250326261693646
0.8500000000000001,0.8500000000000001,-0.023341135243992082,0.0023876121937499994,0.0009772550109173462,-0.02072444093672204
0.8500000000000001,0.8625,-0.022799911678059892,0.0023788770271874994,0.0009838580853154366,-0.020198555611750442
0.8500000000000001,0.875,-0.02225868811212771,0.0023701418606249993,0.0009904611597135267,-0.019672670286778843
0.8500000000000001,0.8875000000000001,-0.02171746454619551,0.0023614066940624992,0.000997064234111617,-0.01914678496180724
0.8500000000000001,0.9,-0.021176240980263335,0.002352671527499999,0.001003667308509707,-0.018620899636835643
0.8500000000000001,0.9125000000000001,-0.02063501741433113,0.002343936360937499,0.0010102703829077972,-0.01809501431186404
0.8500000000000001,0.925,-0.02009379384839894,0.0023352011943749995,0.0010168734573058873,-0.01756912898689244
0.8500000000000001,0.9375,-0.019552570282466757,0.0023264660278124994,0.0010234765317039774,-0.017043243661920837
0.8500000000000001,0.9500000000000001,-0.019011346716534552,0.002317730861249999,0.0010300796061020678,-0.01651735833694924
0.8500000000000001,0.9625,-0.018470123150602362,0.0023089956946874992,0.0010366826805001579,-0.015991473011977637
0.8500000000000001,0.9750000000000001,-0.01792889958467018,0.002300260528124999,0.0010432857548982482,-0.015465587687006035
0.8500000000000001,0.9875,-0.017387676018737988,0.002291525361562499,0.0010498888292963383,-0.014939702362034436
0.8500000000000001,1.0,-0.016846452452805798,0.0022827901949999995,0.0010564919036944284,-0.014413817037062841
0.8625,0.0,-0.05896882303733975,0.0027331365599999997,0.0005282459518472142,-0.0564195089097909
0.8625,0.0125,-0.05842630394734892,0.0027251293239843742,0.0005348490262453043,-0.05589160013021377
0.8625,0.025,-0.05788378485735806,0.0027171220879687492,0.0005414521006433945,-0.05536369135063666
0.8625,0.037500000000000006,-0.057341265767367235,0.0027091148519531247,0.0005480551750414848,-0.05483578257105954
0.8625,0.05,-0.05679874667737642,0.0027011076159374993,0.000554658249439575,-0.05430787379148242
0.8625,0.0625,-0.056256227587385584,0.0026931003799218743,0.0005612613238376651,-0.05377996501190531
0.8625,0.07500000000000001,-0.05571370849739475,0.0026850931439062493,0.0005678643982357553,-0.05325205623232819
0.8625,0.08750000000000001,-0.05517118940740392,0.0026770859078906243,0.0005744674726338454,-0.05272414745275107
0.8625,0.1,-0.054628670317413086,0.0026690786718749997,0.0005810705470319356,-0.05219623867317395
0.8625,0.1125,-0.05408615122742226,0.0026610714358593743,0.0005876736214300259,-0.051668329893596834
0.8625,0.125,-0.05354363213743142,0.0026530641998437497,0.000594276695828116,-0.05114042111401972
0.8625,0.1375,-0.05300111304744058,0.0026450569638281243,0.0006008797702262062,-0.0506125123344426
0.8625,0.15000000000000002,-0.05245859395744974,0.0026370497278124993,0.0006074828446242963,-0.050084603554865485
0.8625,0.1625,-0.05191607486745893,0.0026290424917968748,0.0006140859190223866,-0.04955669477528837
0.8625,0.17500000000000002,-0.051373555777468084,0.0026210352557812493,0.0006206889934204767,-0.049028785995711255
0.8625,0.1875,-0.050831036687477266,0.0026130280197656243,0.0006272920678185668,-0.04850087721613413
0.8625,0.2,-0.05028851759748642,0.0026050207837499994,0.0006338951422166571,-0.04797296843655702
0.8625,0.21250000000000002,-0.04974599850749561,0.0025970135477343744,0.0006404982166147472,-0.0474450596569799
0.8625,0.225,-0.049203479417504754,0.0025890063117187494,0.0006471012910128375,-0.04691715087740278
0.8625,0.23750000000000002,-0.048660960327513915,0.0025809990757031244,0.0006537043654109276,-0.046389242097825654
0.8625,0.25,-0.0481184412375231,0.0025729918396875,0.0006603074398090177,-0.04586133331824856
0.8625,0.2625,-0.04757592214753225,0.0025649846036718744,0.0006669105142071079,-0.04533342453867143
0.8625,0.275,-0.04703340305754143,0.0025569773676562494,0.000673513588605198,-0.044805515759094305
0.8625,0.28750000000000003,-0.0464908839675506,0.002548970131640625,0.0006801166630032884,-0.044277606979517194
0.8625,0.30000000000000004,-0.04594836487755975,0.0025409628956249994,0.0006867197374013785,-0.043749698199940075
0.8625,0.3125,-0.04540584578756894,0.002532955659609375,0.0006933228117994687,-0.04322178942036296
0.8625,0.325,-0.0448633266975781,0.0025249484235937494,0.0006999258861975588,-0.04269388064078584
0.8625,0.3375,-0.044320807607587276,0.002516941187578124,0.0007065289605956489,-0.042165971861208726
0.8625,0.35000000000000003,-0.04377828851759643,0.0025089339515624995,0.0007131320349937392,-0.041638063081631614
0.8625,0.36250000000000004,-0.04323576942760561,0.002500926715546874,0.0007197351093918294,-0.04111015430205449
0.8625,0.375,-0.042693250337614765,0.00249291947953125,0.0007263381837899196,-0.04058224552247738
0.8625,0.3875,-0.042150731247623946,0.0024849122435156245,0.0007329412581880097,-0.04005433674290025
0.8625,0.4,-0.041608212157633113,0.0024769050074999995,0.0007395443325860999,-0.039526427963323146
0.8625,0.41250000000000003,-0.041065693067642274,0.0024688977714843745,0.0007461474069841901,-0.03899851918374602
0.8625,0.42500000000000004,-0.040523173977651435,0.002460890535468749,0.0007527504813822802,-0.038470610404168895
0.8625,0.4375,-0.039980654887660595,0.002452883299453125,0.0007593535557803704,-0.03794270162459179
0.8625,0.45,-0.03943813579766978,0.0024448760634374995,0.0007659566301784606,-0.03741479284501467
0.8625,0.4625,-0.038895616707678944,0.0024368688274218745,0.0007725597045765508,-0.036886884065437546
0.8625,0.47500000000000003,-0.03835309761768811,0.0024288615914062495,0.000779162778974641,-0.036358975285860434
0.8625,0.48750000000000004,-0.03781057852769726,0.002420854355390624,0.0007857658533727312,-0.035831066506283316
0.8625,0.5,-0.03726805943770646,0.002412847119375,0.0007923689277708213,-0.035303157726706204
0.8625,0.5125000000000001,-0.03672554034771562,0.0024048398833593746,0.0007989720021689115,-0.03477524894712908
0.8625,0.525,-0.03618302125772478,0.002396832647343749,0.0008055750765670017,-0.034247340167551966
0.8625,0.5375,-0.03564050216773394,0.0023888254113281246,0.0008121781509650919,-0.03371943138797485
0.8625,0.55,-0.035097983077743096,0.002380818175312499,0.0008187812253631821,-0.03319152260839772
0.8625,0.5625,-0.03455546398775229,0.002372810939296875,0.0008253842997612722,-0.03266361382882062
0.8625,0.5750000000000001,-0.034012944897761445,0.0023648037032812496,0.0008319873741593625,-0.0321357050492435
0.8625,0.5875,-0.033470425807770605,0.0023567964672656246,0.0008385904485574525,-0.03160779626966637
0.8625,0.6000000000000001,-0.032927906717779766,0.0023487892312499996,0.0008451935229555427,-0.031079887490089258
0.8625,0.6125,-0.032385387627788954,0.0023407819952343746,0.000851796597353633,-0.030551978710512146
0.8625,0.625,-0.03184286853779812,0.0023327747592187496,0.0008583996717517231,-0.03002406993093503
0.8625,0.6375000000000001,-0.03130034944780729,0.0023247675232031246,0.0008650027461498134,-0.02949616115135791
0.8625,0.65,-0.030757830357816443,0.002316760287187499,0.0008716058205479034,-0.028968252371780794
0.8625,0.6625000000000001,-0.030215311267825624,0.0023087530511718742,0.0008782088949459937,-0.028440343592203675
0.8625,0.675,-0.029672792177834792,0.0023007458151562497,0.0008848119693440838,-0.02791243481262656
0.8625,0.6875,-0.029130273087843953,0.0022927385791406247,0.000891415043742174,-0.02738452603304944
0.8625,0.7000000000000001,-0.028587753997853113,0.0022847313431249997,0.0008980181181402643,-0.026856617253472322
0.8625,0.7125,-0.028045234907862288,0.0022767241071093743,0.0009046211925383543,-0.026328708473895207
0.8625,0.7250000000000001,-0.027502715817871455,0.0022687168710937497,0.0009112242669364446,-0.02580079969431809
0.8625,0.7375,-0.026960196727880636,0.0022607096350781247,0.0009178273413345347,-0.025272890914740973
0.8625,0.75,-0.026417677637889804,0.0022527023990624997,0.0009244304157326249,-0.024744982135163858
0.8625,0.7625000000000001,-0.025875158547898958,0.0022446951630468747,0.0009310334901307151,-0.024217073355586736
0.8625,0.775,-0.025332639457908132,0.0022366879270312493,0.0009376365645288052,-0.02368916457600962
0.8625,0.7875000000000001,-0.024790120367917293,0.0022286806910156243,0.0009442396389268955,-0.02316125579643249
0.8625,0.8,-0.02424760127792648,0.0022206734549999997,0.0009508427133249856,-0.022633347016855383
0.8625,0.8125,-0.023705082187935635,0.0022126662189843748,0.0009574457877230758,-0.022105438237278268
0.8625,0.8250000000000001,-0.023162563097944795,0.0022046589829687493,0.000964048862121166,-0.021577529457701146
0.8625,0.8375,-0.022620044007953977,0.0021966517469531248,0.000970651936519256,-0.02104962067812403
0.8625,0.8500000000000001,-0.02207752491796313,0.0021886445109374993,0.0009772550109173462,-0.020521711898546912
0.8625,0.8625,-0.021535005827972298,0.002180637274921875,0.0009838580853154366,-0.019993803118969793
0.8625,0.875,-0.020992486737981465,0.00217263003890625,0.0009904611597135267,-0.019465894339392678
0.8625,0.8875000000000001,-0.02044996764799064,0.002164622802890625,0.000997064234111617,-0.01893798555981556
0.8625,0.9,-0.019907448557999814,0.002156615566875,0.001003667308509707,-0.018410076780238448
0.8625,0.9125000000000001,-0.019364929468008975,0.0021486083308593744,0.0010102703829077972,-0.017882168000661326
0.8625,0.925,-0.018822410378018135,0.0021406010948437494,0.0010168734573058873,-0.017354259221084207
0.8625,0.9375,-0.01827989128802731,0.002132593858828125,0.0010234765317039774,-0.01682635044150709
0.8625,0.9500000000000001,-0.017737372198036477,0.0021245866228124994,0.0010300796061020678,-0.01629844166192997
0.8625,0.9625,-0.017194853108045638,0.0021165793867968744,0.0010366826805001579,-0.015770532882352854
0.8625,0.9750000000000001,-0.016652334018054812,0.0021085721507812494,0.0010432857548982482,-0.015242624102775736
0.8625,0.9875,-0.01610981492806398,0.0021005649147656244,0.0010498888292963383,-0.014714715323198619
0.8625,1.0,-0.015567295838073147,0.00209255767875,0.0010564919036944284,-0.014186806543621507
0.875,0.0,-0.05779330834729845,0.0024846696000000008,0.0005282459518472142,-0.056354374784790905
0.875,0.0125,-0.057249493733248974,0.0024773902945312504,0.0005348490262453043,-0.05582444255060826
0.875,0.025,-0.056705679119199486,0.0024701109890625005,0.0005414521006433945,-0.05529451031642562
0.875,0.037500000000000006,-0.05616186450515001,0.0024628316835937506,0.0005480551750414848,-0.05476457808224299
0.875,0.05,-0.05561804989110056,0.0024555523781250002,0.000554658249439575,-0.054234645848060356
0.875,0.0625,-0.055074235277051097,0.0024482730726562503,0.0005612613238376651,-0.053704713613877735
0.875,0.07500000000000001,-0.0545304206630016,0.0024409937671875004,0.0005678643982357553,-0.05317478137969509
0.875,0.08750000000000001,-0.053986606048952133,0.0024337144617187505,0.0005744674726338454,-0.052644849145512464
0.875,0.1,-0.053442791434902645,0.0024264351562500006,0.0005810705470319356,-0.05211491691132982
0.875,0.1125,-0.05289897682085318,0.0024191558507812502,0.0005876736214300259,-0.05158498467714719
0.875,0.125,-0.052355162206803696,0.0024118765453125007,0.000594276695828116,-0.05105505244296456
0.875,0.1375,-0.05181134759275422,0.0024045972398437504,0.0006008797702262062,-0.05052512020878192
0.875,0.15000000000000002,-0.05126753297870477,0.0023973179343750005,0.0006074828446242963,-0.049995187974599294
0.875,0.1625,-0.05072371836465528,0.00239003862890625,0.0006140859190223866,-0.049465255740416665
0.875,0.17500000000000002,-0.05017990375060581,0.0023827593234375002,0.0006206889934204767,-0.04893532350623402
0.875,0.1875,-0.04963608913655633,0.0023754800179687503,0.0006272920678185668,-0.04840539127205138
0.875,0.2,-0.04909227452250688,0.0023682007125000004,0.0006338951422166571,-0.04787545903786876
0.875,0.21250000000000002,-0.048548459908457374,0.0023609214070312505,0.0006404982166147472,-0.04734552680368612
0.875,0.225,-0.048004645294407906,0.0023536421015625006,0.0006471012910128375,-0.04681559456950348
0.875,0.23750000000000002,-0.04746083068035843,0.0023463627960937502,0.0006537043654109276,-0.046285662335320846
0.875,0.25,-0.046917016066308964,0.0023390834906250007,0.0006603074398090177,-0.045755730101138224
0.875,0.2625,-0.04637320145225948,0.00233180418515625,0.0006669105142071079,-0.04522579786695558
0.875,0.275,-0.04582938683821001,0.0023245248796875005,0.000673513588605198,-0.044695865632772946
0.875,0.28750000000000003,-0.04528557222416054,0.0023172455742187506,0.0006801166630032884,-0.04416593339859031
0.875,0.30000000000000004,-0.044741757610111066,0.0023099662687500002,0.0006867197374013785,-0.043636001164407676
0.875,0.3125,-0.044197942996061584,0.0023026869632812507,0.0006933228117994687,-0.043106068930225054
0.875,0.325,-0.04365412838201212,0.0022954076578125004,0.0006999258861975588,-0.04257613669604241
0.875,0.3375,-0.04311031376796264,0.0022881283523437505,0.0007065289605956489,-0.04204620446185978
0.875,0.35000000000000003,-0.04256649915391318,0.0022808490468750006,0.0007131320349937392,-0.041516272227677155
0.875,0.36250000000000004,-0.04202268453986369,0.0022735697414062502,0.0007197351093918294,-0.04098633999349451
0.875,0.375,-0.04147886992581422,0.0022662904359375007,0.0007263381837899196,-0.04045640775931188
0.875,0.3875,-0.04093505531176475,0.0022590111304687504,0.0007329412581880097,-0.03992647552512924
0.875,0.4,-0.04039124069771528,0.002251731825,0.0007395443325860999,-0.03939654329094661
0.875,0.41250000000000003,-0.03984742608366578,0.0022444525195312506,0.0007461474069841901,-0.03886661105676397
0.875,0.42500000000000004,-0.03930361146961631,0.0022371732140625002,0.0007527504813822802,-0.038336678822581335
0.875,0.4375,-0.03875979685556685,0.0022298939085937503,0.0007593535557803704,-0.03780674658839871
0.875,0.45,-0.03821598224151737,0.0022226146031250004,0.0007659566301784606,-0.03727681435421607
0.875,0.4625,-0.03767216762746789,0.0022153352976562505,0.0007725597045765508,-0.036746882120033436
0.875,0.47500000000000003,-0.03712835301341843,0.0022080559921875006,0.000779162778974641,-0.03621694988585081
0.875,0.48750000000000004,-0.036584538399368954,0.00220077668671875,0.0007857658533727312,-0.03568701765166817
0.875,0.5,-0.036040723785319494,0.0021934973812500003,0.0007923689277708213,-0.035157085417485544
0.875,0.5125000000000001,-0.03549690917126999,0.0021862180757812504,0.0007989720021689115,-0.0346271531833029
0.875,0.525,-0.03495309455722054,0.0021789387703125,0.0008055750765670017,-0.034097220949120266
0.875,0.5375,-0.03440927994317106,0.00217165946484375,0.0008121781509650919,-0.03356728871493763
0.875,0.55,-0.03386546532912158,0.002164380159375,0.0008187812253631821,-0.033037356480754995
0.875,0.5625,-0.033321650715072114,0.0021571008539062507,0.0008253842997612722,-0.032507424246572374
0.875,0.5750000000000001,-0.032777836101022625,0.0021498215484375004,0.0008319873741593625,-0.03197749201238973
0.875,0.5875,-0.03223402148697316,0.0021425422429687505,0.0008385904485574525,-0.031447559778207096
0.875,0.6000000000000001,-0.031690206872923676,0.0021352629375,0.0008451935229555427,-0.030917627544024457
0.875,0.6125,-0.031146392258874202,0.0021279836320312506,0.000851796597353633,-0.030387695309841832
0.875,0.625,-0.03060257764482474,0.0021207043265625007,0.0008583996717517231,-0.029857763075659197
0.875,0.6375000000000001,-0.030058763030775253,0.0021134250210937504,0.0008650027461498134,-0.029327830841476558
0.875,0.65,-0.029514948416725778,0.0021061457156250005,0.0008716058205479034,-0.028797898607293926
0.875,0.6625000000000001,-0.02897113380267631,0.00209886641015625,0.0008782088949459937,-0.02826796637311129
0.875,0.675,-0.028427319188626836,0.0020915871046875006,0.0008848119693440838,-0.02773803413892866
0.875,0.6875,-0.027883504574577354,0.0020843077992187507,0.000891415043742174,-0.02720810190474603
0.875,0.7000000000000001,-0.027339689960527887,0.0020770284937500004,0.0008980181181402643,-0.026678169670563388
0.875,0.7125,-0.02679587534647842,0.0020697491882812505,0.0009046211925383543,-0.026148237436380756
0.875,0.7250000000000001,-0.026252060732428938,0.0020624698828125006,0.0009112242669364446,-0.02561830520219812
0.875,0.7375,-0.025708246118379463,0.00205519057734375,0.0009178273413345347,-0.025088372968015492
0.875,0.75,-0.025164431504329995,0.0020479112718750007,0.0009244304157326249,-0.024558440733832856
0.875,0.7625000000000001,-0.02462061689028052,0.00204063196640625,0.0009310334901307151,-0.02402850849965022
0.875,0.775,-0.024076802276231046,0.0020333526609375005,0.0009376365645288052,-0.023498576265467586
0.875,0.7875000000000001,-0.023532987662181558,0.0020260733554687506,0.0009442396389268955,-0.022968644031284947
0.875,0.8,-0.022989173048132097,0.0020187940500000006,0.0009508427133249856,-0.02243871179710232
0.875,0.8125,-0.022445358434082623,0.0020115147445312507,0.0009574457877230758,-0.021908779562919683
0.875,0.8250000000000001,-0.02190154382003314,0.0020042354390625004,0.000964048862121166,-0.02137884732873705
0.875,0.8375,-0.021357729205983673,0.00199695613359375,0.000970651936519256,-0.02084891509455442
0.875,0.8500000000000001,-0.0208139145919342,0.0019896768281250005,0.0009772550109173462,-0.02031898286037178
0.875,0.8625,-0.020270099977884717,0.00198239752265625,0.0009838580853154366,-0.019789050626189145
0.875,0.875,-0.019726285363835257,0.0019751182171875003,0.0009904611597135267,-0.019259118392006516
0.875,0.8875000000000001,-0.019182470749785775,0.0019678389117187504,0.000997064234111617,-0.01872918615782388
0.875,0.9,-0.018638656135736315,0.0019605596062500005,0.001003667308509707,-0.018199253923641252
0.875,0.9125000000000001,-0.018094841521686826,0.0019532803007812505,0.0010102703829077972,-0.01766932168945861
0.875,0.925,-0.01755102690763736,0.0019460009953125006,0.0010168734573058873,-0.017139389455275978
0.875,0.9375,-0.017007212293587884,0.0019387216898437507,0.0010234765317039774,-0.016609457221093346
0.875,0.9500000000000001,-0.016463397679538402,0.0019314423843750004,0.0010300796061020678,-0.016079524986910707
0.875,0.9625,-0.01591958306548892,0.0019241630789062505,0.0010366826805001579,-0.015549592752728075
0.875,0.9750000000000001,-0.01537576845143946,0.0019168837734375003,0.0010432857548982482,-0.01501966051854544
0.875,0.9875,-0.014831953837389979,0.0019096044679687504,0.0010498888292963383,-0.014489728284362808
0.875,1.0,-0.014288139223340511,0.0019023251625000003,0.0010564919036944284,-0.01395979605018018
0.8875000000000001,0.0,-0.05661779365725713,0.0022362026399999992,0.0005282459518472142,-0.05628924065979091
0.8875000000000001,0.0125,-0.05607268351914903,0.0022296512650781244,0.0005348490262453043,-0.055757284971002755
0.8875000000000001,0.025,-0.05552757338104089,0.002223099890156249,0.0005414521006433945,-0.055225329282214596
0.8875000000000001,0.037500000000000006,-0.054982463242932766,0.002216548515234374,0.0005480551750414848,-0.05469337359342645
0.8875000000000001,0.05,-0.054437353104824664,0.002209997140312499,0.000554658249439575,-0.0541614179046383
0.8875000000000001,0.0625,-0.053892242966716554,0.002203445765390624,0.0005612613238376651,-0.05362946221585015
0.8875000000000001,0.07500000000000001,-0.053347132828608416,0.002196894390468749,0.0005678643982357553,-0.053097506527061994
0.8875000000000001,0.08750000000000001,-0.052802022690500314,0.0021903430155468737,0.0005744674726338454,-0.052565550838273856
0.8875000000000001,0.1,-0.052256912552392204,0.0021837916406249993,0.0005810705470319356,-0.05203359514948569
0.8875000000000001,0.1125,-0.05171180241428408,0.002177240265703124,0.0005876736214300259,-0.051501639460697544
0.8875000000000001,0.125,-0.05116669227617598,0.002170688890781249,0.000594276695828116,-0.0509696837719094
0.8875000000000001,0.1375,-0.050621582138067854,0.002164137515859374,0.0006008797702262062,-0.05043772808312124
0.8875000000000001,0.15000000000000002,-0.05007647199995974,0.002157586140937499,0.0006074828446242963,-0.049905772394333095
0.8875000000000001,0.1625,-0.04953136186185163,0.002151034766015624,0.0006140859190223866,-0.04937381670554495
0.8875000000000001,0.17500000000000002,-0.04898625172374349,0.002144483391093749,0.0006206889934204767,-0.04884186101675679
0.8875000000000001,0.1875,-0.04844114158563539,0.0021379320161718745,0.0006272920678185668,-0.04830990532796864
0.8875000000000001,0.2,-0.04789603144752727,0.0021313806412499993,0.0006338951422166571,-0.04777794963918049
0.8875000000000001,0.21250000000000002,-0.04735092130941915,0.002124829266328124,0.0006404982166147472,-0.047245993950392334
0.8875000000000001,0.225,-0.046805811171311044,0.002118277891406249,0.0006471012910128375,-0.04671403826160418
0.8875000000000001,0.23750000000000002,-0.04626070103320292,0.002111726516484374,0.0006537043654109276,-0.04618208257281603
0.8875000000000001,0.25,-0.04571559089509482,0.002105175141562499,0.0006603074398090177,-0.04565012688402789
0.8875000000000001,0.2625,-0.045170480756986695,0.002098623766640624,0.0006669105142071079,-0.04511817119523974
0.8875000000000001,0.275,-0.04462537061887857,0.002092072391718749,0.000673513588605198,-0.04458621550645158
0.8875000000000001,0.28750000000000003,-0.04408026048077047,0.002085521016796874,0.0006801166630032884,-0.04405425981766343
0.8875000000000001,0.30000000000000004,-0.043535150342662345,0.002078969641874999,0.0006867197374013785,-0.043522304128875276
0.8875000000000001,0.3125,-0.04299004020455422,0.0020724182669531245,0.0006933228117994687,-0.04299034844008713
0.8875000000000001,0.325,-0.04244493006644612,0.002065866892031249,0.0006999258861975588,-0.04245839275129898
0.8875000000000001,0.3375,-0.041899819928337995,0.002059315517109374,0.0007065289605956489,-0.04192643706251083
0.8875000000000001,0.35000000000000003,-0.041354709790229885,0.002052764142187499,0.0007131320349937392,-0.04139448137372268
0.8875000000000001,0.36250000000000004,-0.040809599652121754,0.0020462127672656242,0.0007197351093918294,-0.04086252568493453
0.8875000000000001,0.375,-0.04026448951401366,0.0020396613923437494,0.0007263381837899196,-0.040330569996146384
0.8875000000000001,0.3875,-0.03971937937590554,0.002033110017421874,0.0007329412581880097,-0.039798614307358225
0.8875000000000001,0.4,-0.03917426923779743,0.0020265586424999993,0.0007395443325860999,-0.03926665861857008
0.8875000000000001,0.41250000000000003,-0.03862915909968931,0.002020007267578124,0.0007461474069841901,-0.03873470292978193
0.8875000000000001,0.42500000000000004,-0.03808404896158118,0.0020134558926562488,0.0007527504813822802,-0.03820274724099377
0.8875000000000001,0.4375,-0.03753893882347308,0.002006904517734374,0.0007593535557803704,-0.037670791552205624
0.8875000000000001,0.45,-0.036993828685364945,0.002000353142812499,0.0007659566301784606,-0.03713883586341747
0.8875000000000001,0.4625,-0.03644871854725684,0.001993801767890624,0.0007725597045765508,-0.03660688017462932
0.8875000000000001,0.47500000000000003,-0.03590360840914873,0.001987250392968749,0.000779162778974641,-0.036074924485841174
0.8875000000000001,0.48750000000000004,-0.03535849827104061,0.001980699018046874,0.0007857658533727312,-0.035542968797053015
0.8875000000000001,0.5,-0.03481338813293249,0.0019741476431249993,0.0007923689277708213,-0.03501101310826488
0.8875000000000001,0.5125000000000001,-0.03426827799482438,0.001967596268203124,0.0007989720021689115,-0.03447905741947672
0.8875000000000001,0.525,-0.033723167856716266,0.001961044893281249,0.0008055750765670017,-0.03394710173068857
0.8875000000000001,0.5375,-0.03317805771860814,0.0019544935183593744,0.0008121781509650919,-0.03341514604190042
0.8875000000000001,0.55,-0.03263294758050003,0.001947942143437499,0.0008187812253631821,-0.03288319035311227
0.8875000000000001,0.5625,-0.03208783744239193,0.001941390768515624,0.0008253842997612722,-0.03235123466432412
0.8875000000000001,0.5750000000000001,-0.031542727304283785,0.0019348393935937492,0.0008319873741593625,-0.031819278975535964
0.8875000000000001,0.5875,-0.03099761716617566,0.001928288018671874,0.0008385904485574525,-0.03128732328674781
0.8875000000000001,0.6000000000000001,-0.03045250702806756,0.0019217366437499991,0.0008451935229555427,-0.030755367597959656
0.8875000000000001,0.6125,-0.02990739688995945,0.0019151852688281245,0.000851796597353633,-0.03022341190917151
0.8875000000000001,0.625,-0.029362286751851326,0.0019086338939062492,0.0008583996717517231,-0.029691456220383366
0.8875000000000001,0.6375000000000001,-0.02881717661374321,0.0019020825189843742,0.0008650027461498134,-0.029159500531595207
0.8875000000000001,0.65,-0.0282720664756351,0.0018955311440624991,0.0008716058205479034,-0.028627544842807058
0.8875000000000001,0.6625000000000001,-0.027726956337526983,0.0018889797691406243,0.0008782088949459937,-0.028095589154018902
0.8875000000000001,0.675,-0.027181846199418873,0.0018824283942187495,0.0008848119693440838,-0.027563633465230757
0.8875000000000001,0.6875,-0.026636736061310756,0.0018758770192968742,0.000891415043742174,-0.02703167777644261
0.8875000000000001,0.7000000000000001,-0.026091625923202653,0.0018693256443749993,0.0008980181181402643,-0.026499722087654453
0.8875000000000001,0.7125,-0.02554651578509453,0.001862774269453124,0.0009046211925383543,-0.025967766398866308
0.8875000000000001,0.7250000000000001,-0.025001405646986413,0.0018562228945312492,0.0009112242669364446,-0.025435810710078156
0.8875000000000001,0.7375,-0.024456295508878297,0.0018496715196093742,0.0009178273413345347,-0.024903855021290004
0.8875000000000001,0.75,-0.02391118537077018,0.0018431201446874994,0.0009244304157326249,-0.02437189933250186
0.8875000000000001,0.7625000000000001,-0.023366075232662063,0.001836568769765624,0.0009310334901307151,-0.0238399436437137
0.8875000000000001,0.775,-0.022820965094553954,0.0018300173948437492,0.0009376365645288052,-0.023307987954925554
0.8875000000000001,0.7875000000000001,-0.022275854956445823,0.0018234660199218744,0.0009442396389268955,-0.022776032266137395
0.8875000000000001,0.8,-0.02173074481833772,0.0018169146449999996,0.0009508427133249856,-0.022244076577349253
0.8875000000000001,0.8125,-0.021185634680229604,0.0018103632700781243,0.0009574457877230758,-0.0217121208885611
0.8875000000000001,0.8250000000000001,-0.02064052454212148,0.0018038118951562493,0.000964048862121166,-0.02118016519977295
0.8875000000000001,0.8375,-0.02009541440401337,0.001797260520234374,0.000970651936519256,-0.0206482095109848
0.8875000000000001,0.8500000000000001,-0.019550304265905254,0.0017907091453124992,0.0009772550109173462,-0.020116253822196645
0.8875000000000001,0.8625,-0.019005194127797144,0.0017841577703906243,0.0009838580853154366,-0.019584298133408496
0.8875000000000001,0.875,-0.018460083989689027,0.0017776063954687495,0.0009904611597135267,-0.019052342444620347
0.8875000000000001,0.8875000000000001,-0.01791497385158091,0.0017710550205468742,0.000997064234111617,-0.018520386755832195
0.8875000000000001,0.9,-0.0173698637134728,0.0017645036456249994,0.001003667308509707,-0.017988431067044047
0.8875000000000001,0.9125000000000001,-0.016824753575364677,0.0017579522707031243,0.0010102703829077972,-0.01745647537825589
0.8875000000000001,0.925,-0.01627964343725656,0.0017514008957812495,0.0010168734573058873,-0.016924519689467742
0.8875000000000001,0.9375,-0.01573453329914845,0.0017448495208593742,0.0010234765317039774,-0.01639256400067959
0.8875000000000001,0.9500000000000001,-0.01518942316104032,0.0017382981459374994,0.0010300796061020678,-0.01586060831189144
0.8875000000000001,0.9625,-0.014644313022932204,0.0017317467710156241,0.0010366826805001579,-0.015328652623103293
0.8875000000000001,0.9750000000000001,-0.014099202884824094,0.0017251953960937493,0.0010432857548982482,-0.01479669693431514
0.8875000000000001,0.9875,-0.01355409274671597,0.0017186440211718744,0.0010498888292963383,-0.01426474124552699
0.8875000000000001,1.0,-0.013008982608607854,0.0017120926462499994,0.0010564919036944284,-0.013732785556738845
0.9,0.0,-0.055442278967215826,0.00198773568,0.0005282459518472142,-0.0562241065347909
0.9,0.0125,-0.054895873305049046,0.0019819122356249997,0.0005348490262453043,-0.055690127391397226
0.9,0.025,-0.05434946764288229,0.00197608879125,0.0005414521006433945,-0.05515614824800355
0.9,0.037500000000000006,-0.053803061980715536,0.0019702653468749998,0.0005480551750414848,-0.054622169104609895
0.9,0.05,-0.053256656318548784,0.0019644419025,0.000554658249439575,-0.054088189961216226
0.9,0.0625,-0.052710250656382025,0.001958618458125,0.0005612613238376651,-0.053554210817822565
0.9,0.07500000000000001,-0.05216384499421527,0.0019527950137499996,0.0005678643982357553,-0.05302023167442889
0.9,0.08750000000000001,-0.051617439332048515,0.0019469715693749999,0.0005744674726338454,-0.05248625253103523
0.9,0.1,-0.05107103366988175,0.0019411481249999997,0.0005810705470319356,-0.05195227338764155
0.9,0.1125,-0.050524628007715,0.0019353246806249997,0.0005876736214300259,-0.05141829424424789
0.9,0.125,-0.04997822234554824,0.00192950123625,0.000594276695828116,-0.05088431510085422
0.9,0.1375,-0.049431816683381466,0.0019236777918749998,0.0006008797702262062,-0.05035033595746055
0.9,0.15000000000000002,-0.048885411021214714,0.0019178543474999998,0.0006074828446242963,-0.04981635681406688
0.9,0.1625,-0.04833900535904796,0.001912030903125,0.0006140859190223866,-0.04928237767067323
0.9,0.17500000000000002,-0.04779259969688122,0.0019062074587499994,0.0006206889934204767,-0.04874839852727955
0.9,0.1875,-0.047246194034714466,0.001900384014375,0.0006272920678185668,-0.04821441938388588
0.9,0.2,-0.04669978837254769,0.0018945605699999999,0.0006338951422166571,-0.04768044024049222
0.9,0.21250000000000002,-0.046153382710380934,0.001888737125625,0.0006404982166147472,-0.04714646109709855
0.9,0.225,-0.045606977048214176,0.00188291368125,0.0006471012910128375,-0.04661248195370488
0.9,0.23750000000000002,-0.04506057138604742,0.001877090236875,0.0006537043654109276,-0.046078502810311214
0.9,0.25,-0.04451416572388068,0.0018712667924999998,0.0006603074398090177,-0.04554452366691755
0.9,0.2625,-0.043967760061713906,0.0018654433481249998,0.0006669105142071079,-0.04501054452352388
0.9,0.275,-0.043421354399547134,0.0018596199037499998,0.000673513588605198,-0.044476565380130215
0.9,0.28750000000000003,-0.0428749487373804,0.0018537964593749998,0.0006801166630032884,-0.043942586236736546
0.9,0.30000000000000004,-0.04232854307521363,0.0018479730149999997,0.0006867197374013785,-0.04340860709334288
0.9,0.3125,-0.041782137413046885,0.001842149570625,0.0006933228117994687,-0.042874627949949215
0.9,0.325,-0.041235731750880106,0.0018363261262499997,0.0006999258861975588,-0.04234064880655554
0.9,0.3375,-0.04068932608871336,0.001830502681875,0.0007065289605956489,-0.04180666966316188
0.9,0.35000000000000003,-0.04014292042654661,0.0018246792374999998,0.0007131320349937392,-0.041272690519768215
0.9,0.36250000000000004,-0.03959651476437986,0.0018188557931249998,0.0007197351093918294,-0.040738711376374546
0.9,0.375,-0.039050109102213085,0.00181303234875,0.0007263381837899196,-0.04020473223298088
0.9,0.3875,-0.03850370344004633,0.0018072089043749998,0.0007329412581880097,-0.03967075308958721
0.9,0.4,-0.037957297777879574,0.0018013854599999999,0.0007395443325860999,-0.03913677394619355
0.9,0.41250000000000003,-0.03741089211571281,0.0017955620156249999,0.0007461474069841901,-0.038602794802799864
0.9,0.42500000000000004,-0.03686448645354606,0.0017897385712499997,0.0007527504813822802,-0.0380688156594062
0.9,0.4375,-0.0363180807913793,0.0017839151268749997,0.0007593535557803704,-0.03753483651601254
0.9,0.45,-0.03577167512921254,0.0017780916824999997,0.0007659566301784606,-0.03700085737261887
0.9,0.4625,-0.03522526946704579,0.0017722682381249998,0.0007725597045765508,-0.0364668782292252
0.9,0.47500000000000003,-0.034678863804879036,0.0017664447937499998,0.000779162778974641,-0.03593289908583154
0.9,0.48750000000000004,-0.03413245814271226,0.0017606213493749998,0.0007857658533727312,-0.035398919942437865
0.9,0.5,-0.03358605248054551,0.0017547979049999999,0.0007923689277708213,-0.03486494079904421
0.9,0.5125000000000001,-0.03303964681837875,0.0017489744606249997,0.0007989720021689115,-0.034330961655650534
0.9,0.525,-0.032493241156212,0.00174315101625,0.0008055750765670017,-0.033796982512256865
0.9,0.5375,-0.03194683549404525,0.0017373275718749997,0.0008121781509650919,-0.0332630033688632
0.9,0.55,-0.03140042983187849,0.0017315041274999997,0.0008187812253631821,-0.03272902422546953
0.9,0.5625,-0.030854024169711725,0.001725680683125,0.0008253842997612722,-0.03219504508207587
0.9,0.5750000000000001,-0.030307618507544966,0.0017198572387499998,0.0008319873741593625,-0.031661065938682204
0.9,0.5875,-0.029761212845378193,0.0017140337943749996,0.0008385904485574525,-0.03112708679528853
0.9,0.6000000000000001,-0.02921480718321145,0.00170821035,0.0008451935229555427,-0.030593107651894862
0.9,0.6125,-0.028668401521044704,0.0017023869056249996,0.000851796597353633,-0.0300591285085012
0.9,0.625,-0.02812199585887793,0.00169656346125,0.0008583996717517231,-0.029525149365107535
0.9,0.6375000000000001,-0.02757559019671118,0.0016907400168749997,0.0008650027461498134,-0.02899117022171386
0.9,0.65,-0.027029184534544427,0.0016849165724999997,0.0008716058205479034,-0.028457191078320197
0.9,0.6625000000000001,-0.026482778872377676,0.0016790931281249998,0.0008782088949459937,-0.027923211934926532
0.9,0.675,-0.025936373210210917,0.0016732696837500002,0.0008848119693440838,-0.027389232791532863
0.9,0.6875,-0.025389967548044165,0.0016674462393749998,0.000891415043742174,-0.026855253648139198
0.9,0.7000000000000001,-0.024843561885877392,0.0016616227949999998,0.0008980181181402643,-0.026321274504745525
0.9,0.7125,-0.024297156223710648,0.0016557993506249999,0.0009046211925383543,-0.025787295361351863
0.9,0.7250000000000001,-0.023750750561543882,0.0016499759062499999,0.0009112242669364446,-0.025253316217958195
0.9,0.7375,-0.02320434489937713,0.001644152461875,0.0009178273413345347,-0.024719337074564526
0.9,0.75,-0.02265793923721038,0.0016383290175,0.0009244304157326249,-0.024185357931170864
0.9,0.7625000000000001,-0.022111533575043606,0.0016325055731249995,0.0009310334901307151,-0.02365137878777719
0.9,0.775,-0.02156512791287686,0.00162668212875,0.0009376365645288052,-0.023117399644383526
0.9,0.7875000000000001,-0.021018722250710095,0.001620858684375,0.0009442396389268955,-0.02258342050098985
0.9,0.8,-0.02047231658854335,0.00161503524,0.0009508427133249856,-0.02204944135759619
0.9,0.8125,-0.019925910926376585,0.001609211795625,0.0009574457877230758,-0.02151546221420252
0.9,0.8250000000000001,-0.01937950526420982,0.0016033883512499999,0.000964048862121166,-0.020981483070808854
0.9,0.8375,-0.018833099602043074,0.0015975649068749997,0.000970651936519256,-0.02044750392741519
0.9,0.8500000000000001,-0.01828669393987631,0.0015917414625,0.0009772550109173462,-0.01991352478402152
0.9,0.8625,-0.01774028827770955,0.0015859180181250002,0.0009838580853154366,-0.01937954564062785
0.9,0.875,-0.017193882615542798,0.00158009457375,0.0009904611597135267,-0.01884556649723419
0.9,0.8875000000000001,-0.01664747695337604,0.0015742711293749998,0.000997064234111617,-0.01831158735384052
0.9,0.9,-0.016101071291209294,0.001568447685,0.001003667308509707,-0.017777608210446855
0.9,0.9125000000000001,-0.015554665629042522,0.0015626242406249998,0.0010102703829077972,-0.017243629067053182
0.9,0.925,-0.015008259966875763,0.00155680079625,0.0010168734573058873,-0.016709649923659513
0.9,0.9375,-0.014461854304709004,0.0015509773518749999,0.0010234765317039774,-0.016175670780265848
0.9,0.9500000000000001,-0.013915448642542252,0.0015451539074999997,0.0010300796061020678,-0.015641691636872183
0.9,0.9625,-0.013369042980375494,0.001539330463125,0.0010366826805001579,-0.015107712493478514
0.9,0.9750000000000001,-0.012822637318208735,0.0015335070187499997,0.0010432857548982482,-0.014573733350084845
0.9,0.9875,-0.012276231656041976,0.001527683574375,0.0010498888292963383,-0.014039754206691178
0.9,1.0,-0.011729825993875218,0.00152186013,0.0010564919036944284,-0.013505775063297516
0.9125000000000001,0.0,-0.05426676427717449,0.0017392687199999988,0.0005282459518472142,-0.056158972409790904
0.9125000000000001,0.0125,-0.053719063090949114,0.0017341732061718733,0.0005348490262453043,-0.05562296981179171
0.9125000000000001,0.025,-0.053171361904723685,0.0017290776923437484,0.0005414521006433945,-0.055086967213792526
0.9125000000000001,0.037500000000000006,-0.05262366071849828,0.0017239821785156235,0.0005480551750414848,-0.05455096461579334
0.9125000000000001,0.05,-0.0520759595322729,0.0017188866646874986,0.000554658249439575,-0.05401496201779416
0.9125000000000001,0.0625,-0.051528258346047504,0.0017137911508593735,0.0005612613238376651,-0.053478959419794976
0.9125000000000001,0.07500000000000001,-0.05098055715982209,0.0017086956370312484,0.0005678643982357553,-0.0529429568217958
0.9125000000000001,0.08750000000000001,-0.0504328559735967,0.0017036001232031237,0.0005744674726338454,-0.05240695422379662
0.9125000000000001,0.1,-0.0498851547873713,0.0016985046093749986,0.0005810705470319356,-0.05187095162579742
0.9125000000000001,0.1125,-0.0493374536011459,0.001693409095546873,0.0005876736214300259,-0.051334949027798234
0.9125000000000001,0.125,-0.048789752414920506,0.0016883135817187488,0.000594276695828116,-0.050798946429799055
0.9125000000000001,0.1375,-0.048242051228695106,0.0016832180678906235,0.0006008797702262062,-0.050262943831799876
0.9125000000000001,0.15000000000000002,-0.047694350042469705,0.0016781225540624986,0.0006074828446242963,-0.04972694123380069
0.9125000000000001,0.1625,-0.04714664885624432,0.0016730270402343737,0.0006140859190223866,-0.04919093863580151
0.9125000000000001,0.17500000000000002,-0.046598947670018896,0.0016679315264062481,0.0006206889934204767,-0.04865493603780232
0.9125000000000001,0.1875,-0.0460512464837935,0.0016628360125781239,0.0006272920678185668,-0.048118933439803134
0.9125000000000001,0.2,-0.04550354529756812,0.0016577404987499988,0.0006338951422166571,-0.04758293084180396
0.9125000000000001,0.21250000000000002,-0.044955844111342715,0.0016526449849218732,0.0006404982166147472,-0.04704692824380477
0.9125000000000001,0.225,-0.04440814292511731,0.0016475494710937485,0.0006471012910128375,-0.046510925645805584
0.9125000000000001,0.23750000000000002,-0.04386044173889191,0.0016424539572656234,0.0006537043654109276,-0.04597492304780639
0.9125000000000001,0.25,-0.04331274055266652,0.0016373584434374985,0.0006603074398090177,-0.04543892044980722
0.9125000000000001,0.2625,-0.04276503936644111,0.0016322629296093734,0.0006669105142071079,-0.044902917851808034
0.9125000000000001,0.275,-0.04221733818021571,0.0016271674157812487,0.000673513588605198,-0.04436691525380885
0.9125000000000001,0.28750000000000003,-0.041669636993990324,0.0016220719019531236,0.0006801166630032884,-0.04383091265580966
0.9125000000000001,0.30000000000000004,-0.04112193580776491,0.0016169763881249985,0.0006867197374013785,-0.04329491005781048
0.9125000000000001,0.3125,-0.0405742346215395,0.0016118808742968738,0.0006933228117994687,-0.0427589074598113
0.9125000000000001,0.325,-0.040026533435314114,0.0016067853604687483,0.0006999258861975588,-0.042222904861812106
0.9125000000000001,0.3375,-0.03947883224908871,0.0016016898466406236,0.0007065289605956489,-0.04168690226381293
0.9125000000000001,0.35000000000000003,-0.03893113106286332,0.0015965943328124985,0.0007131320349937392,-0.04115089966581375
0.9125000000000001,0.36250000000000004,-0.038383429876637926,0.0015914988189843734,0.0007197351093918294,-0.040614897067814563
0.9125000000000001,0.375,-0.03783572869041252,0.0015864033051562487,0.0007263381837899196,-0.04007889446981538
0.9125000000000001,0.3875,-0.037288027504187124,0.0015813077913281238,0.0007329412581880097,-0.03954289187181619
0.9125000000000001,0.4,-0.03674032631796173,0.0015762122774999985,0.0007395443325860999,-0.039006889273817014
0.9125000000000001,0.41250000000000003,-0.03619262513173631,0.0015711167636718736,0.0007461474069841901,-0.03847088667581782
0.9125000000000001,0.42500000000000004,-0.035644923945510915,0.0015660212498437485,0.0007527504813822802,-0.037934884077818636
0.9125000000000001,0.4375,-0.035097222759285535,0.0015609257360156236,0.0007593535557803704,-0.03739888147981946
0.9125000000000001,0.45,-0.03454952157306012,0.0015558302221874985,0.0007659566301784606,-0.03686287888182028
0.9125000000000001,0.4625,-0.03400182038683472,0.0015507347083593736,0.0007725597045765508,-0.036326876283821086
0.9125000000000001,0.47500000000000003,-0.03345411920060933,0.0015456391945312487,0.000779162778974641,-0.03579087368582191
0.9125000000000001,0.48750000000000004,-0.032906418014383924,0.0015405436807031235,0.0007857658533727312,-0.03525487108782272
0.9125000000000001,0.5,-0.03235871682815853,0.0015354481668749989,0.0007923689277708213,-0.03471886848982354
0.9125000000000001,0.5125000000000001,-0.03181101564193312,0.0015303526530468735,0.0007989720021689115,-0.03418286589182435
0.9125000000000001,0.525,-0.03126331445570772,0.0015252571392187486,0.0008055750765670017,-0.03364686329382517
0.9125000000000001,0.5375,-0.030715613269482335,0.0015201616253906235,0.0008121781509650919,-0.03311086069582599
0.9125000000000001,0.55,-0.030167912083256927,0.0015150661115624984,0.0008187812253631821,-0.032574858097826793
0.9125000000000001,0.5625,-0.029620210897031547,0.0015099705977343737,0.0008253842997612722,-0.03203885549982762
0.9125000000000001,0.5750000000000001,-0.029072509710806126,0.0015048750839062486,0.0008319873741593625,-0.031502852901828436
0.9125000000000001,0.5875,-0.028524808524580725,0.0014997795700781235,0.0008385904485574525,-0.030966850303829244
0.9125000000000001,0.6000000000000001,-0.027977107338355324,0.0014946840562499986,0.0008451935229555427,-0.030430847705830058
0.9125000000000001,0.6125,-0.02742940615212993,0.001489588542421874,0.000851796597353633,-0.02989484510783088
0.9125000000000001,0.625,-0.02688170496590453,0.001484493028593749,0.0008583996717517231,-0.0293588425098317
0.9125000000000001,0.6375000000000001,-0.02633400377967913,0.0014793975147656235,0.0008650027461498134,-0.02882283991183251
0.9125000000000001,0.65,-0.02578630259345374,0.0014743020009374986,0.0008716058205479034,-0.02828683731383333
0.9125000000000001,0.6625000000000001,-0.02523860140722834,0.0014692064871093737,0.0008782088949459937,-0.027750834715834144
0.9125000000000001,0.675,-0.024690900221002947,0.0014641109732812488,0.0008848119693440838,-0.027214832117834962
0.9125000000000001,0.6875,-0.024143199034777532,0.0014590154594531237,0.000891415043742174,-0.02667882951983578
0.9125000000000001,0.7000000000000001,-0.023595497848552145,0.0014539199456249986,0.0008980181181402643,-0.02614282692183659
0.9125000000000001,0.7125,-0.02304779666232675,0.001448824431796874,0.0009046211925383543,-0.025606824323837412
0.9125000000000001,0.7250000000000001,-0.022500095476101337,0.001443728917968749,0.0009112242669364446,-0.025070821725838226
0.9125000000000001,0.7375,-0.021952394289875943,0.0014386334041406237,0.0009178273413345347,-0.024534819127839044
0.9125000000000001,0.75,-0.021404693103650542,0.0014335378903124988,0.0009244304157326249,-0.023998816529839862
0.9125000000000001,0.7625000000000001,-0.020856991917425148,0.0014284423764843737,0.0009310334901307151,-0.02346281393184067
0.9125000000000001,0.775,-0.020309290731199747,0.0014233468626562488,0.0009376365645288052,-0.022926811333841488
0.9125000000000001,0.7875000000000001,-0.019761589544974333,0.0014182513488281237,0.0009442396389268955,-0.022390808735842302
0.9125000000000001,0.8,-0.019213888358748953,0.0014131558349999988,0.0009508427133249856,-0.021854806137843123
0.9125000000000001,0.8125,-0.018666187172523552,0.0014080603211718739,0.0009574457877230758,-0.021318803539843938
0.9125000000000001,0.8250000000000001,-0.018118485986298144,0.001402964807343749,0.000964048862121166,-0.020782800941844752
0.9125000000000001,0.8375,-0.01757078480007275,0.0013978692935156236,0.000970651936519256,-0.02024679834384557
0.9125000000000001,0.8500000000000001,-0.017023083613847356,0.0013927737796874987,0.0009772550109173462,-0.01971079574584638
0.9125000000000001,0.8625,-0.01647538242762195,0.001387678265859374,0.0009838580853154366,-0.0191747931478472
0.9125000000000001,0.875,-0.01592768124139656,0.0013825827520312487,0.0009904611597135267,-0.018638790549848017
0.9125000000000001,0.8875000000000001,-0.015379980055171147,0.0013774872382031236,0.000997064234111617,-0.01810278795184883
0.9125000000000001,0.9,-0.014832278868945767,0.0013723917243749987,0.001003667308509707,-0.017566785353849652
0.9125000000000001,0.9125000000000001,-0.014284577682720359,0.0013672962105468738,0.0010102703829077972,-0.017030782755850463
0.9125000000000001,0.925,-0.013736876496494951,0.0013622006967187487,0.0010168734573058873,-0.01649478015785128
0.9125000000000001,0.9375,-0.013189175310269564,0.001357105182890624,0.0010234765317039774,-0.0159587775598521
0.9125000000000001,0.9500000000000001,-0.012641474124044157,0.0013520096690624987,0.0010300796061020678,-0.015422774961852913
0.9125000000000001,0.9625,-0.012093772937818756,0.0013469141552343738,0.0010366826805001579,-0.01488677236385373
0.9125000000000001,0.9750000000000001,-0.011546071751593362,0.001341818641406249,0.0010432857548982482,-0.014350769765854542
0.9125000000000001,0.9875,-0.010998370565367961,0.0013367231275781238,0.0010498888292963383,-0.01381476716785536
0.9125000000000001,1.0,-0.01045066937914256,0.001331627613749999,0.0010564919036944284,-0.013278764569856182
0.925,0.0,-0.053091249587133175,0.0014908017599999995,0.0005282459518472142,-0.056093838284790906
0.925,0.0125,-0.052542252876849146,0.0014864341767187495,0.0005348490262453043,-0.0555558122321862
0.925,0.025,-0.05199325616656509,0.0014820665934374996,0.0005414521006433945,-0.05501778617958149
0.925,0.037500000000000006,-0.051444259456281054,0.0014776990101562496,0.0005480551750414848,-0.05447976012697679
0.925,0.05,-0.05089526274599701,0.0014733314268749994,0.000554658249439575,-0.0539417340743721
0.925,0.0625,-0.05034626603571298,0.0014689638435937495,0.0005612613238376651,-0.0534037080217674
0.925,0.07500000000000001,-0.04979726932542893,0.0014645962603124995,0.0005678643982357553,-0.05286568196916269
0.925,0.08750000000000001,-0.0492482726151449,0.0014602286770312495,0.0005744674726338454,-0.052327655916558004
0.925,0.1,-0.048699275904860846,0.0014558610937499997,0.0005810705470319356,-0.05178962986395329
0.925,0.1125,-0.04815027919457683,0.0014514935104687494,0.0005876736214300259,-0.05125160381134859
0.925,0.125,-0.047601282484292795,0.0014471259271874996,0.000594276695828116,-0.0507135777587439
0.925,0.1375,-0.047052285774008724,0.0014427583439062493,0.0006008797702262062,-0.05017555170613919
0.925,0.15000000000000002,-0.046503289063724695,0.0014383907606249995,0.0006074828446242963,-0.04963752565353449
0.925,0.1625,-0.045954292353440646,0.0014340231773437497,0.0006140859190223866,-0.0490994996009298
0.925,0.17500000000000002,-0.0454052956431566,0.0014296555940624994,0.0006206889934204767,-0.04856147354832509
0.925,0.1875,-0.044856298932872574,0.0014252880107812496,0.0006272920678185668,-0.048023447495720385
0.925,0.2,-0.04430730222258854,0.0014209204274999994,0.0006338951422166571,-0.0474854214431157
0.925,0.21250000000000002,-0.043758305512304495,0.0014165528442187496,0.0006404982166147472,-0.04694739539051099
0.925,0.225,-0.04320930880202045,0.0014121852609374995,0.0006471012910128375,-0.046409369337906285
0.925,0.23750000000000002,-0.042660312091736416,0.0014078176776562495,0.0006537043654109276,-0.04587134328530158
0.925,0.25,-0.042111315381452366,0.0014034500943749997,0.0006603074398090177,-0.045333317232696894
0.925,0.2625,-0.04156231867116833,0.0013990825110937494,0.0006669105142071079,-0.044795291180092185
0.925,0.275,-0.04101332196088428,0.0013947149278124996,0.000673513588605198,-0.04425726512748748
0.925,0.28750000000000003,-0.040464325250600244,0.0013903473445312498,0.0006801166630032884,-0.04371923907488279
0.925,0.30000000000000004,-0.03991532854031621,0.0013859797612499995,0.0006867197374013785,-0.04318121302227808
0.925,0.3125,-0.03936633183003217,0.0013816121779687495,0.0006933228117994687,-0.04264318696967339
0.925,0.325,-0.038817335119748116,0.0013772445946874995,0.0006999258861975588,-0.04210516091706868
0.925,0.3375,-0.03826833840946407,0.0013728770114062496,0.0007065289605956489,-0.04156713486446398
0.925,0.35000000000000003,-0.03771934169918005,0.0013685094281249996,0.0007131320349937392,-0.04102910881185929
0.925,0.36250000000000004,-0.03717034498889601,0.0013641418448437494,0.0007197351093918294,-0.04049108275925458
0.925,0.375,-0.036621348278611965,0.0013597742615624995,0.0007263381837899196,-0.03995305670664988
0.925,0.3875,-0.03607235156832792,0.0013554066782812495,0.0007329412581880097,-0.03941503065404518
0.925,0.4,-0.0355233548580439,0.0013510390949999995,0.0007395443325860999,-0.03887700460144049
0.925,0.41250000000000003,-0.03497435814775983,0.0013466715117187494,0.0007461474069841901,-0.03833897854883578
0.925,0.42500000000000004,-0.034425361437475786,0.0013423039284374994,0.0007527504813822802,-0.03780095249623107
0.925,0.4375,-0.033876364727191764,0.0013379363451562498,0.0007593535557803704,-0.037262926443626374
0.925,0.45,-0.03332736801690771,0.0013335687618749993,0.0007659566301784606,-0.03672490039102168
0.925,0.4625,-0.03277837130662368,0.0013292011785937495,0.0007725597045765508,-0.036186874338416976
0.925,0.47500000000000003,-0.03222937459633964,0.0013248335953124995,0.000779162778974641,-0.03564884828581228
0.925,0.48750000000000004,-0.031680377886055586,0.0013204660120312494,0.0007857658533727312,-0.03511082223320758
0.925,0.5,-0.031131381175771557,0.0013160984287499996,0.0007923689277708213,-0.03457279618060288
0.925,0.5125000000000001,-0.030582384465487507,0.0013117308454687494,0.0007989720021689115,-0.034034770127998173
0.925,0.525,-0.03003338775520347,0.0013073632621874995,0.0008055750765670017,-0.03349674407539348
0.925,0.5375,-0.029484391044919435,0.0013029956789062495,0.0008121781509650919,-0.032958718022788776
0.925,0.55,-0.028935394334635385,0.0012986280956249993,0.0008187812253631821,-0.032420691970184067
0.925,0.5625,-0.028386397624351363,0.0012942605123437497,0.0008253842997612722,-0.03188266591757938
0.925,0.5750000000000001,-0.0278374009140673,0.0012898929290624994,0.0008319873741593625,-0.03134463986497467
0.925,0.5875,-0.027288404203783263,0.0012855253457812496,0.0008385904485574525,-0.030806613812369966
0.925,0.6000000000000001,-0.026739407493499227,0.0012811577624999996,0.0008451935229555427,-0.030268587759765268
0.925,0.6125,-0.02619041078321519,0.0012767901792187497,0.000851796597353633,-0.02973056170716057
0.925,0.625,-0.02564141407293115,0.0012724225959374995,0.0008583996717517231,-0.029192535654555873
0.925,0.6375000000000001,-0.025092417362647106,0.0012680550126562494,0.0008650027461498134,-0.028654509601951164
0.925,0.65,-0.02454342065236307,0.0012636874293749996,0.0008716058205479034,-0.02811648354934647
0.925,0.6625000000000001,-0.023994423942079034,0.0012593198460937496,0.0008782088949459937,-0.027578457496741763
0.925,0.675,-0.023445427231794984,0.0012549522628124996,0.0008848119693440838,-0.02704043144413707
0.925,0.6875,-0.02289643052151094,0.0012505846795312495,0.000891415043742174,-0.02650240539153237
0.925,0.7000000000000001,-0.022347433811226912,0.0012462170962499995,0.0008980181181402643,-0.02596437933892766
0.925,0.7125,-0.021798437100942862,0.0012418495129687497,0.0009046211925383543,-0.025426353286322964
0.925,0.7250000000000001,-0.02124944039065882,0.0012374819296874994,0.0009112242669364446,-0.024888327233718262
0.925,0.7375,-0.020700443680374783,0.0012331143464062496,0.0009178273413345347,-0.024350301181113566
0.925,0.75,-0.020151446970090733,0.0012287467631249998,0.0009244304157326249,-0.023812275128508868
0.925,0.7625000000000001,-0.019602450259806697,0.0012243791798437495,0.0009310334901307151,-0.023274249075904162
0.925,0.775,-0.01905345354952267,0.0012200115965624995,0.0009376365645288052,-0.022736223023299463
0.925,0.7875000000000001,-0.01850445683923861,0.0012156440132812495,0.0009442396389268955,-0.022198196970694757
0.925,0.8,-0.017955460128954583,0.0012112764299999999,0.0009508427133249856,-0.02166017091809006
0.925,0.8125,-0.017406463418670547,0.0012069088467187496,0.0009574457877230758,-0.02112214486548536
0.925,0.8250000000000001,-0.016857466708386497,0.0012025412634374994,0.000964048862121166,-0.020584118812880657
0.925,0.8375,-0.01630846999810246,0.0011981736801562495,0.000970651936519256,-0.02004609276027596
0.925,0.8500000000000001,-0.015759473287818418,0.0011938060968749997,0.0009772550109173462,-0.019508066707671256
0.925,0.8625,-0.015210476577534382,0.0011894385135937497,0.0009838580853154366,-0.018970040655066554
0.925,0.875,-0.014661479867250339,0.0011850709303124997,0.0009904611597135267,-0.018432014602461858
0.925,0.8875000000000001,-0.014112483156966296,0.0011807033470312496,0.000997064234111617,-0.017893988549857156
0.925,0.9,-0.01356348644668226,0.0011763357637499996,0.001003667308509707,-0.017355962497252457
0.925,0.9125000000000001,-0.01301448973639821,0.0011719681804687495,0.0010102703829077972,-0.016817936444647755
0.925,0.925,-0.012465493026114174,0.0011676005971874997,0.0010168734573058873,-0.016279910392043056
0.925,0.9375,-0.011916496315830138,0.0011632330139062497,0.0010234765317039774,-0.015741884339438354
0.925,0.9500000000000001,-0.011367499605546082,0.0011588654306249994,0.0010300796061020678,-0.015203858286833651
0.925,0.9625,-0.010818502895262046,0.0011544978473437496,0.0010366826805001579,-0.01466583223422895
0.925,0.9750000000000001,-0.010269506184978017,0.0011501302640624996,0.0010432857548982482,-0.014127806181624248
0.925,0.9875,-0.009720509474693967,0.0011457626807812496,0.0010498888292963383,-0.013589780129019548
0.925,1.0,-0.009171512764409924,0.0011413950974999997,0.0010564919036944284,-0.013051754076414852
0.9375,0.0,-0.05191573489709186,0.0012423348000000004,0.0005282459518472142,-0.05602870415979091
0.9375,0.0125,-0.05136544266274918,0.0012386951472656252,0.0005348490262453043,-0.05548865465258069
0.9375,0.025,-0.050815150428406494,0.0012350554945312502,0.0005414521006433945,-0.05494860514537046
0.9375,0.037500000000000006,-0.05026485819406382,0.0012314158417968753,0.0005480551750414848,-0.05440855563816025
0.9375,0.05,-0.049714565959721145,0.0012277761890625001,0.000554658249439575,-0.05386850613095003
0.9375,0.0625,-0.04916427372537846,0.0012241365363281252,0.0005612613238376651,-0.05332845662373983
0.9375,0.07500000000000001,-0.04861398149103578,0.0012204968835937502,0.0005678643982357553,-0.052788407116529594
0.9375,0.08750000000000001,-0.048063689256693104,0.0012168572308593752,0.0005744674726338454,-0.05224835760931939
0.9375,0.1,-0.04751339702235038,0.0012132175781250003,0.0005810705470319356,-0.051708308102109156
0.9375,0.1125,-0.046963104788007706,0.0012095779253906251,0.0005876736214300259,-0.051168258594898944
0.9375,0.125,-0.04641281255366503,0.0012059382726562504,0.000594276695828116,-0.05062820908768873
0.9375,0.1375,-0.04586252031932236,0.0012022986199218752,0.0006008797702262062,-0.05008815958047851
0.9375,0.15000000000000002,-0.04531222808497968,0.0011986589671875002,0.0006074828446242963,-0.049548110073268294
0.9375,0.1625,-0.044761935850636994,0.001195019314453125,0.0006140859190223866,-0.04900806056605808
0.9375,0.17500000000000002,-0.04421164361629431,0.0011913796617187501,0.0006206889934204767,-0.04846801105884786
0.9375,0.1875,-0.04366135138195163,0.0011877400089843752,0.0006272920678185668,-0.04792796155163764
0.9375,0.2,-0.043111059147608946,0.0011841003562500002,0.0006338951422166571,-0.04738791204442743
0.9375,0.21250000000000002,-0.04256076691326627,0.0011804607035156252,0.0006404982166147472,-0.046847862537217205
0.9375,0.225,-0.042010474678923576,0.0011768210507812503,0.0006471012910128375,-0.046307813030006986
0.9375,0.23750000000000002,-0.04146018244458088,0.0011731813980468751,0.0006537043654109276,-0.04576776352279677
0.9375,0.25,-0.04090989021023823,0.0011695417453125004,0.0006603074398090177,-0.04522771401558656
0.9375,0.2625,-0.04035959797589553,0.001165902092578125,0.0006669105142071079,-0.04468766450837634
0.9375,0.275,-0.03980930574155286,0.0011622624398437502,0.000673513588605198,-0.04414761500116612
0.9375,0.28750000000000003,-0.03925901350721018,0.0011586227871093753,0.0006801166630032884,-0.043607565493955905
0.9375,0.30000000000000004,-0.03870872127286748,0.0011549831343750001,0.0006867197374013785,-0.043067515986745686
0.9375,0.3125,-0.03815842903852481,0.0011513434816406254,0.0006933228117994687,-0.042527466479535474
0.9375,0.325,-0.03760813680418212,0.0011477038289062502,0.0006999258861975588,-0.04198741697232525
0.9375,0.3375,-0.03705784456983943,0.0011440641761718752,0.0007065289605956489,-0.041447367465115036
0.9375,0.35000000000000003,-0.03650755233549677,0.0011404245234375003,0.0007131320349937392,-0.040907317957904824
0.9375,0.36250000000000004,-0.03595726010115406,0.0011367848707031251,0.0007197351093918294,-0.040367268450694604
0.9375,0.375,-0.03540696786681139,0.0011331452179687504,0.0007263381837899196,-0.03982721894348439
0.9375,0.3875,-0.03485667563246871,0.0011295055652343752,0.0007329412581880097,-0.03928716943627416
0.9375,0.4,-0.03430638339812603,0.0011258659125,0.0007395443325860999,-0.038747119929063954
0.9375,0.41250000000000003,-0.03375609116378334,0.0011222262597656253,0.0007461474069841901,-0.038207070421853735
0.9375,0.42500000000000004,-0.03320579892944065,0.0011185866070312501,0.0007527504813822802,-0.03766702091464351
0.9375,0.4375,-0.03265550669509798,0.0011149469542968752,0.0007593535557803704,-0.0371269714074333
0.9375,0.45,-0.032105214460755295,0.0011113073015625002,0.0007659566301784606,-0.036586921900223085
0.9375,0.4625,-0.03155492222641262,0.0011076676488281252,0.0007725597045765508,-0.03604687239301286
0.9375,0.47500000000000003,-0.031004629992069946,0.0011040279960937503,0.000779162778974641,-0.035506822885802654
0.9375,0.48750000000000004,-0.03045433775772726,0.001100388343359375,0.0007857658533727312,-0.03496677337859243
0.9375,0.5,-0.029904045523384576,0.0010967486906250002,0.0007923689277708213,-0.034426723871382216
0.9375,0.5125000000000001,-0.029353753289041877,0.0010931090378906252,0.0007989720021689115,-0.033886674364172
0.9375,0.525,-0.028803461054699213,0.00108946938515625,0.0008055750765670017,-0.03334662485696178
0.9375,0.5375,-0.028253168820356528,0.001085829732421875,0.0008121781509650919,-0.032806575349751566
0.9375,0.55,-0.027702876586013843,0.0010821900796875,0.0008187812253631821,-0.03226652584254134
0.9375,0.5625,-0.02715258435167118,0.0010785504269531254,0.0008253842997612722,-0.031726476335331134
0.9375,0.5750000000000001,-0.02660229211732848,0.0010749107742187502,0.0008319873741593625,-0.031186426828120905
0.9375,0.5875,-0.02605199988298581,0.0010712711214843752,0.0008385904485574525,-0.030646377320910686
0.9375,0.6000000000000001,-0.025501707648643124,0.00106763146875,0.0008451935229555427,-0.030106327813700467
0.9375,0.6125,-0.02495141541430044,0.0010639918160156253,0.000851796597353633,-0.029566278306490255
0.9375,0.625,-0.02440112317995776,0.0010603521632812504,0.0008583996717517231,-0.029026228799280043
0.9375,0.6375000000000001,-0.023850830945615076,0.0010567125105468752,0.0008650027461498134,-0.028486179292069817
0.9375,0.65,-0.023300538711272398,0.0010530728578125002,0.0008716058205479034,-0.027946129784859605
0.9375,0.6625000000000001,-0.022750246476929706,0.001049433205078125,0.0008782088949459937,-0.027406080277649382
0.9375,0.675,-0.022199954242587028,0.0010457935523437503,0.0008848119693440838,-0.026866030770439166
0.9375,0.6875,-0.021649662008244343,0.0010421538996093754,0.000891415043742174,-0.026325981263228954
0.9375,0.7000000000000001,-0.021099369773901665,0.0010385142468750002,0.0008980181181402643,-0.025785931756018732
0.9375,0.7125,-0.020549077539558987,0.0010348745941406252,0.0009046211925383543,-0.02524588224880852
0.9375,0.7250000000000001,-0.0199987853052163,0.0010312349414062503,0.0009112242669364446,-0.0247058327415983
0.9375,0.7375,-0.019448493070873624,0.001027595288671875,0.0009178273413345347,-0.02416578323438808
0.9375,0.75,-0.01889820083653094,0.0010239556359375004,0.0009244304157326249,-0.02362573372717787
0.9375,0.7625000000000001,-0.018347908602188254,0.001020315983203125,0.0009310334901307151,-0.023085684219967647
0.9375,0.775,-0.01779761636784557,0.0010166763304687502,0.0009376365645288052,-0.02254563471275743
0.9375,0.7875000000000001,-0.017247324133502884,0.0010130366777343753,0.0009442396389268955,-0.02200558520554721
0.9375,0.8,-0.0166970318991602,0.0010093970250000003,0.0009508427133249856,-0.021465535698336997
0.9375,0.8125,-0.01614673966481752,0.0010057573722656254,0.0009574457877230758,-0.020925486191126778
0.9375,0.8250000000000001,-0.015596447430474836,0.0010021177195312502,0.000964048862121166,-0.02038543668391656
0.9375,0.8375,-0.015046155196132165,0.000998478066796875,0.000970651936519256,-0.019845387176706347
0.9375,0.8500000000000001,-0.014495862961789473,0.0009948384140625003,0.0009772550109173462,-0.019305337669496124
0.9375,0.8625,-0.013945570727446795,0.000991198761328125,0.0009838580853154366,-0.01876528816228591
0.9375,0.875,-0.013395278493104117,0.0009875591085937501,0.0009904611597135267,-0.018225238655075693
0.9375,0.8875000000000001,-0.012844986258761432,0.0009839194558593752,0.000997064234111617,-0.017685189147865474
0.9375,0.9,-0.012294694024418754,0.0009802798031250002,0.001003667308509707,-0.017145139640655265
0.9375,0.9125000000000001,-0.011744401790076062,0.0009766401503906253,0.0010102703829077972,-0.016605090133445043
0.9375,0.925,-0.011194109555733384,0.0009730004976562503,0.0010168734573058873,-0.016065040626234824
0.9375,0.9375,-0.010643817321390706,0.0009693608449218754,0.0010234765317039774,-0.015524991119024608
0.9375,0.9500000000000001,-0.010093525087048007,0.0009657211921875002,0.0010300796061020678,-0.014984941611814389
0.9375,0.9625,-0.009543232852705329,0.0009620815394531252,0.0010366826805001579,-0.014444892104604172
0.9375,0.9750000000000001,-0.008992940618362658,0.0009584418867187502,0.0010432857548982482,-0.013904842597393954
0.9375,0.9875,-0.008442648384019973,0.0009548022339843752,0.0010498888292963383,-0.013364793090183735
0.9375,1.0,-0.007892356149677288,0.0009511625812500001,0.0010564919036944284,-0.012824743582973525
0.9500000000000001,0.0,-0.05074022020705055,0.000993867839999999,0.0005282459518472142,-0.055963570034790903
0.9500000000000001,0.0125,-0.05018863244864924,0.0009909561178124988,0.0005348490262453043,-0.05542149707297516
0.9500000000000001,0.025,-0.04963704469024792,0.000988044395624999,0.0005414521006433945,-0.05487942411115942
0.9500000000000001,0.037500000000000006,-0.0490854569318466,0.0009851326734374988,0.0005480551750414848,-0.05433735114934369
0.9500000000000001,0.05,-0.048533869173445265,0.000982220951249999,0.000554658249439575,-0.05379527818752796
0.9500000000000001,0.0625,-0.04798228141504396,0.0009793092290624988,0.0005612613238376651,-0.05325320522571223
0.9500000000000001,0.07500000000000001,-0.047430693656642625,0.000976397506874999,0.0005678643982357553,-0.052711132263896496
0.9500000000000001,0.08750000000000001,-0.04687910589824131,0.000973485784687499,0.0005744674726338454,-0.05216905930208076
0.9500000000000001,0.1,-0.046327518139839964,0.000970574062499999,0.0005810705470319356,-0.05162698634026502
0.9500000000000001,0.1125,-0.04577593038143865,0.0009676623403124988,0.0005876736214300259,-0.05108491337844929
0.9500000000000001,0.125,-0.04522434262303732,0.000964750618124999,0.000594276695828116,-0.05054284041663356
0.9500000000000001,0.1375,-0.04467275486463599,0.0009618388959374988,0.0006008797702262062,-0.050000767454817824
0.9500000000000001,0.15000000000000002,-0.04412116710623468,0.0009589271737499988,0.0006074828446242963,-0.04945869449300209
0.9500000000000001,0.1625,-0.043569579347833357,0.0009560154515624989,0.0006140859190223866,-0.04891662153118636
0.9500000000000001,0.17500000000000002,-0.04301799158943202,0.0009531037293749988,0.0006206889934204767,-0.048374548569370616
0.9500000000000001,0.1875,-0.04246640383103071,0.000950192007187499,0.0006272920678185668,-0.04783247560755488
0.9500000000000001,0.2,-0.04191481607262939,0.0009472802849999989,0.0006338951422166571,-0.04729040264573916
0.9500000000000001,0.21250000000000002,-0.04136322831422804,0.0009443685628124989,0.0006404982166147472,-0.046748329683923416
0.9500000000000001,0.225,-0.040811640555826735,0.0009414568406249989,0.0006471012910128375,-0.04620625672210769
0.9500000000000001,0.23750000000000002,-0.0402600527974254,0.0009385451184374989,0.0006537043654109276,-0.04566418376029195
0.9500000000000001,0.25,-0.03970846503902409,0.0009356333962499989,0.0006603074398090177,-0.04512211079847622
0.9500000000000001,0.2625,-0.039156877280622754,0.0009327216740624989,0.0006669105142071079,-0.04458003783666049
0.9500000000000001,0.275,-0.038605289522221434,0.0009298099518749989,0.000673513588605198,-0.044037964874844744
0.9500000000000001,0.28750000000000003,-0.03805370176382012,0.000926898229687499,0.0006801166630032884,-0.043495891913029015
0.9500000000000001,0.30000000000000004,-0.03750211400541879,0.0009239865074999987,0.0006867197374013785,-0.04295381895121328
0.9500000000000001,0.3125,-0.03695052624701747,0.0009210747853124991,0.0006933228117994687,-0.04241174598939755
0.9500000000000001,0.325,-0.036398938488616146,0.0009181630631249989,0.0006999258861975588,-0.041869673027581815
0.9500000000000001,0.3375,-0.03584735073021481,0.0009152513409374989,0.0007065289605956489,-0.041327600065766086
0.9500000000000001,0.35000000000000003,-0.03529576297181348,0.0009123396187499989,0.0007131320349937392,-0.04078552710395035
0.9500000000000001,0.36250000000000004,-0.034744175213412165,0.0009094278965624989,0.0007197351093918294,-0.040243454142134615
0.9500000000000001,0.375,-0.034192587455010845,0.0009065161743749989,0.0007263381837899196,-0.039701381180318886
0.9500000000000001,0.3875,-0.03364099969660952,0.0009036044521874989,0.0007329412581880097,-0.03915930821850314
0.9500000000000001,0.4,-0.033089411938208205,0.000900692729999999,0.0007395443325860999,-0.038617235256687414
0.9500000000000001,0.41250000000000003,-0.03253782417980687,0.000897781007812499,0.0007461474069841901,-0.03807516229487168
0.9500000000000001,0.42500000000000004,-0.031986236421405544,0.0008948692856249989,0.0007527504813822802,-0.03753308933305594
0.9500000000000001,0.4375,-0.031434648663004224,0.000891957563437499,0.0007593535557803704,-0.036991016371240214
0.9500000000000001,0.45,-0.030883060904602903,0.0008890458412499989,0.0007659566301784606,-0.03644894340942447
0.9500000000000001,0.4625,-0.030331473146201562,0.000886134119062499,0.0007725597045765508,-0.03590687044760874
0.9500000000000001,0.47500000000000003,-0.029779885387800256,0.000883222396874999,0.000779162778974641,-0.03536479748579301
0.9500000000000001,0.48750000000000004,-0.029228297629398915,0.0008803106746874988,0.0007857658533727312,-0.03482272452397727
0.9500000000000001,0.5,-0.028676709870997602,0.0008773989524999991,0.0007923689277708213,-0.03428065156216155
0.9500000000000001,0.5125000000000001,-0.028125122112596282,0.0008744872303124989,0.0007989720021689115,-0.033738578600345806
0.9500000000000001,0.525,-0.027573534354194955,0.0008715755081249989,0.0008055750765670017,-0.03319650563853008
0.9500000000000001,0.5375,-0.027021946595793635,0.0008686637859374989,0.0008121781509650919,-0.03265443267671434
0.9500000000000001,0.55,-0.026470358837392287,0.0008657520637499989,0.0008187812253631821,-0.032112359714898606
0.9500000000000001,0.5625,-0.02591877107899098,0.0008628403415624989,0.0008253842997612722,-0.03157028675308288
0.9500000000000001,0.5750000000000001,-0.025367183320589667,0.0008599286193749989,0.0008319873741593625,-0.031028213791267138
0.9500000000000001,0.5875,-0.024815595562188326,0.0008570168971874989,0.0008385904485574525,-0.030486140829451402
0.9500000000000001,0.6000000000000001,-0.024264007803787006,0.0008541051749999992,0.0008451935229555427,-0.029944067867635666
0.9500000000000001,0.6125,-0.02371242004538568,0.000851193452812499,0.000851796597353633,-0.029401994905819934
0.9500000000000001,0.625,-0.02316083228698436,0.0008482817306249992,0.0008583996717517231,-0.028859921944004205
0.9500000000000001,0.6375000000000001,-0.022609244528583025,0.000845370008437499,0.0008650027461498134,-0.028317848982188462
0.9500000000000001,0.65,-0.022057656770181712,0.000842458286249999,0.0008716058205479034,-0.027775776020372733
0.9500000000000001,0.6625000000000001,-0.021506069011780392,0.000839546564062499,0.0008782088949459937,-0.027233703058556998
0.9500000000000001,0.675,-0.020954481253379065,0.0008366348418749992,0.0008848119693440838,-0.02669163009674127
0.9500000000000001,0.6875,-0.020402893494977745,0.000833723119687499,0.000891415043742174,-0.026149557134925533
0.9500000000000001,0.7000000000000001,-0.01985130573657641,0.000830811397499999,0.0008980181181402643,-0.025607484173109797
0.9500000000000001,0.7125,-0.01929971797817509,0.0008278996753124991,0.0009046211925383543,-0.025065411211294065
0.9500000000000001,0.7250000000000001,-0.018748130219773763,0.0008249879531249991,0.0009112242669364446,-0.024523338249478333
0.9500000000000001,0.7375,-0.01819654246137245,0.0008220762309374991,0.0009178273413345347,-0.023981265287662597
0.9500000000000001,0.75,-0.01764495470297113,0.0008191645087499991,0.0009244304157326249,-0.023439192325846868
0.9500000000000001,0.7625000000000001,-0.01709336694456979,0.0008162527865624989,0.0009310334901307151,-0.02289711936403113
0.9500000000000001,0.775,-0.016541779186168476,0.0008133410643749991,0.0009376365645288052,-0.022355046402215396
0.9500000000000001,0.7875000000000001,-0.01599019142776715,0.0008104293421874991,0.0009442396389268955,-0.021812973440399657
0.9500000000000001,0.8,-0.015438603669365829,0.0008075176199999991,0.0009508427133249856,-0.021270900478583932
0.9500000000000001,0.8125,-0.014887015910964495,0.0008046058978124992,0.0009574457877230758,-0.020728827516768196
0.9500000000000001,0.8250000000000001,-0.014335428152563175,0.0008016941756249991,0.000964048862121166,-0.02018675455495246
0.9500000000000001,0.8375,-0.013783840394161861,0.000798782453437499,0.000970651936519256,-0.01964468159313673
0.9500000000000001,0.8500000000000001,-0.013232252635760527,0.0007958707312499991,0.0009772550109173462,-0.01910260863132099
0.9500000000000001,0.8625,-0.012680664877359193,0.0007929590090624992,0.0009838580853154366,-0.018560535669505256
0.9500000000000001,0.875,-0.01212907711895788,0.0007900472868749991,0.0009904611597135267,-0.018018462707689527
0.9500000000000001,0.8875000000000001,-0.011577489360556553,0.000787135564687499,0.000997064234111617,-0.01747638974587379
0.9500000000000001,0.9,-0.01102590160215524,0.0007842238424999991,0.001003667308509707,-0.016934316784058063
0.9500000000000001,0.9125000000000001,-0.010474313843753906,0.0007813121203124992,0.0010102703829077972,-0.016392243822242324
0.9500000000000001,0.925,-0.009922726085352579,0.0007784003981249992,0.0010168734573058873,-0.01585017086042659
0.9500000000000001,0.9375,-0.009371138326951266,0.0007754886759374992,0.0010234765317039774,-0.015308097898610859
0.9500000000000001,0.9500000000000001,-0.008819550568549939,0.0007725769537499992,0.0010300796061020678,-0.014766024936795121
0.9500000000000001,0.9625,-0.008267962810148612,0.0007696652315624991,0.0010366826805001579,-0.014223951974979387
0.9500000000000001,0.9750000000000001,-0.0077163750517472846,0.0007667535093749991,0.0010432857548982482,-0.013681879013163653
0.9500000000000001,0.9875,-0.0071647872933459575,0.0007638417871874992,0.0010498888292963383,-0.013139806051347921
0.9500000000000001,1.0,-0.006613199534944644,0.0007609300649999991,0.0010564919036944284,-0.012597733089532192
0.9625,0.0,-0.04956470551700925,0.0007454008799999997,0.0005282459518472142,-0.055898435909790906
0.9625,0.0125,-0.0490118222345493,0.0007432170883593747,0.0005348490262453043,-0.055354339493369646
0.9625,0.025,-0.048458938952089324,0.0007410332967187498,0.0005414521006433945,-0.054810243076948394
0.9625,0.037500000000000006,-0.04790605566962934,0.0007388495050781248,0.0005480551750414848,-0.05426614666052715
0.9625,0.05,-0.047353172387169386,0.0007366657134374997,0.000554658249439575,-0.053722050244105896
0.9625,0.0625,-0.04680028910470943,0.0007344819217968748,0.0005612613238376651,-0.05317795382768466
0.9625,0.07500000000000001,-0.04624740582224946,0.0007322981301562498,0.0005678643982357553,-0.0526338574112634
0.9625,0.08750000000000001,-0.045694522539789506,0.0007301143385156247,0.0005744674726338454,-0.05208976099484215
0.9625,0.1,-0.04514163925732952,0.0007279305468749998,0.0005810705470319356,-0.051545664578420886
0.9625,0.1125,-0.044588755974869554,0.0007257467552343747,0.0005876736214300259,-0.05100156816199964
0.9625,0.125,-0.0440358726924096,0.0007235629635937498,0.000594276695828116,-0.050457471745578394
0.9625,0.1375,-0.04348298940994963,0.0007213791719531247,0.0006008797702262062,-0.04991337532915714
0.9625,0.15000000000000002,-0.04293010612748966,0.0007191953803124998,0.0006074828446242963,-0.049369278912735896
0.9625,0.1625,-0.042377222845029705,0.0007170115886718748,0.0006140859190223866,-0.048825182496314644
0.9625,0.17500000000000002,-0.04182433956256972,0.0007148277970312497,0.0006206889934204767,-0.048281086079893384
0.9625,0.1875,-0.04127145628010977,0.0007126440053906248,0.0006272920678185668,-0.04773698966347214
0.9625,0.2,-0.04071857299764981,0.0007104602137499997,0.0006338951422166571,-0.04719289324705089
0.9625,0.21250000000000002,-0.04016568971518983,0.0007082764221093748,0.0006404982166147472,-0.04664879683062964
0.9625,0.225,-0.03961280643272987,0.0007060926304687498,0.0006471012910128375,-0.04610470041420839
0.9625,0.23750000000000002,-0.03905992315026989,0.0007039088388281247,0.0006537043654109276,-0.045560603997787136
0.9625,0.25,-0.03850703986780995,0.0007017250471874998,0.0006603074398090177,-0.04501650758136589
0.9625,0.2625,-0.03795415658534998,0.0006995412555468747,0.0006669105142071079,-0.04447241116494464
0.9625,0.275,-0.03740127330289001,0.0006973574639062498,0.000673513588605198,-0.043928314748523385
0.9625,0.28750000000000003,-0.03684839002043004,0.0006951736722656249,0.0006801166630032884,-0.04338421833210214
0.9625,0.30000000000000004,-0.03629550673797007,0.0006929898806249998,0.0006867197374013785,-0.04284012191568088
0.9625,0.3125,-0.035742623455510124,0.0006908060889843747,0.0006933228117994687,-0.04229602549925964
0.9625,0.325,-0.03518974017305015,0.0006886222973437497,0.0006999258861975588,-0.04175192908283838
0.9625,0.3375,-0.03463685689059018,0.0006864385057031248,0.0007065289605956489,-0.04120783266641714
0.9625,0.35000000000000003,-0.034083973608130216,0.0006842547140624998,0.0007131320349937392,-0.04066373624999589
0.9625,0.36250000000000004,-0.03353109032567024,0.0006820709224218747,0.0007197351093918294,-0.04011963983357464
0.9625,0.375,-0.032978207043210285,0.0006798871307812498,0.0007263381837899196,-0.039575543417153386
0.9625,0.3875,-0.032425323760750316,0.0006777033391406247,0.0007329412581880097,-0.03903144700073213
0.9625,0.4,-0.03187244047829036,0.0006755195474999997,0.0007395443325860999,-0.03848735058431089
0.9625,0.41250000000000003,-0.031319557195830384,0.0006733357558593747,0.0007461474069841901,-0.03794325416788963
0.9625,0.42500000000000004,-0.030766673913370422,0.0006711519642187497,0.0007527504813822802,-0.037399157751468376
0.9625,0.4375,-0.030213790630910453,0.0006689681725781249,0.0007593535557803704,-0.03685506133504714
0.9625,0.45,-0.029660907348450477,0.0006667843809374997,0.0007659566301784606,-0.03631096491862588
0.9625,0.4625,-0.029108024065990515,0.0006646005892968748,0.0007725597045765508,-0.035766868502204625
0.9625,0.47500000000000003,-0.028555140783530546,0.0006624167976562497,0.000779162778974641,-0.03522277208578338
0.9625,0.48750000000000004,-0.028002257501070597,0.0006602330060156247,0.0007857658533727312,-0.03467867566936213
0.9625,0.5,-0.027449374218610635,0.0006580492143749998,0.0007923689277708213,-0.03413457925294088
0.9625,0.5125000000000001,-0.02689649093615066,0.0006558654227343747,0.0007989720021689115,-0.03359048283651962
0.9625,0.525,-0.026343607653690697,0.0006536816310937498,0.0008055750765670017,-0.033046386420098384
0.9625,0.5375,-0.02579072437123074,0.0006514978394531248,0.0008121781509650919,-0.03250229000367713
0.9625,0.55,-0.025237841088770772,0.0006493140478124996,0.0008187812253631821,-0.03195819358725588
0.9625,0.5625,-0.024684957806310817,0.0006471302561718748,0.0008253842997612722,-0.03141409717083463
0.9625,0.5750000000000001,-0.024132074523850834,0.0006449464645312497,0.0008319873741593625,-0.030870000754413377
0.9625,0.5875,-0.023579191241390872,0.0006427626728906248,0.0008385904485574525,-0.030325904337992125
0.9625,0.6000000000000001,-0.023026307958930903,0.0006405788812499998,0.0008451935229555427,-0.02978180792157087
0.9625,0.6125,-0.022473424676470947,0.0006383950896093749,0.000851796597353633,-0.029237711505149623
0.9625,0.625,-0.02192054139401098,0.0006362112979687497,0.0008583996717517231,-0.028693615088728378
0.9625,0.6375000000000001,-0.02136765811155101,0.0006340275063281247,0.0008650027461498134,-0.028149518672307118
0.9625,0.65,-0.020814774829091047,0.0006318437146874998,0.0008716058205479034,-0.027605422255885873
0.9625,0.6625000000000001,-0.020261891546631078,0.0006296599230468748,0.0008782088949459937,-0.02706132583946462
0.9625,0.675,-0.019709008264171123,0.0006274761314062498,0.0008848119693440838,-0.026517229423043374
0.9625,0.6875,-0.019156124981711146,0.0006252923397656248,0.000891415043742174,-0.025973133006622125
0.9625,0.7000000000000001,-0.018603241699251184,0.0006231085481249997,0.0008980181181402643,-0.02542903659020087
0.9625,0.7125,-0.01805035841679123,0.0006209247564843748,0.0009046211925383543,-0.02488494017377962
0.9625,0.7250000000000001,-0.017497475134331253,0.0006187409648437497,0.0009112242669364446,-0.02434084375735837
0.9625,0.7375,-0.016944591851871277,0.0006165571732031248,0.0009178273413345347,-0.02379674734093712
0.9625,0.75,-0.01639170856941132,0.0006143733815624999,0.0009244304157326249,-0.023252650924515873
0.9625,0.7625000000000001,-0.015838825286951352,0.0006121895899218748,0.0009310334901307151,-0.022708554508094617
0.9625,0.775,-0.01528594200449139,0.0006100057982812497,0.0009376365645288052,-0.02216445809167337
0.9625,0.7875000000000001,-0.014733058722031421,0.0006078220066406247,0.0009442396389268955,-0.021620361675252112
0.9625,0.8,-0.014180175439571459,0.0006056382149999999,0.0009508427133249856,-0.02107626525883087
0.9625,0.8125,-0.013627292157111497,0.0006034544233593748,0.0009574457877230758,-0.020532168842409614
0.9625,0.8250000000000001,-0.01307440887465152,0.0006012706317187497,0.000964048862121166,-0.019988072425988365
0.9625,0.8375,-0.012521525592191558,0.0005990868400781248,0.000970651936519256,-0.01944397600956712
0.9625,0.8500000000000001,-0.011968642309731596,0.0005969030484374999,0.0009772550109173462,-0.018899879593145864
0.9625,0.8625,-0.011415759027271627,0.0005947192567968748,0.0009838580853154366,-0.01835578317672461
0.9625,0.875,-0.010862875744811672,0.0005925354651562498,0.0009904611597135267,-0.017811686760303366
0.9625,0.8875000000000001,-0.010309992462351703,0.0005903516735156248,0.000997064234111617,-0.017267590343882113
0.9625,0.9,-0.009757109179891733,0.0005881678818749998,0.001003667308509707,-0.016723493927460868
0.9625,0.9125000000000001,-0.009204225897431764,0.0005859840902343748,0.0010102703829077972,-0.01617939751103961
0.9625,0.925,-0.008651342614971802,0.0005838002985937499,0.0010168734573058873,-0.015635301094618363
0.9625,0.9375,-0.00809845933251184,0.0005816165069531248,0.0010234765317039774,-0.015091204678197112
0.9625,0.9500000000000001,-0.007545576050051864,0.0005794327153124997,0.0010300796061020678,-0.014547108261775861
0.9625,0.9625,-0.0069926927675919015,0.0005772489236718748,0.0010366826805001579,-0.01400301184535461
0.9625,0.9750000000000001,-0.006439809485131939,0.0005750651320312498,0.0010432857548982482,-0.01345891542893336
0.9625,0.9875,-0.00588692620267197,0.0005728813403906248,0.0010498888292963383,-0.012914819012512107
0.9625,1.0,-0.005334042920212001,0.0005706975487499999,0.0010564919036944284,-0.012370722596090863
0.9750000000000001,0.0,-0.04838919082696792,0.0004969339199999984,0.0005282459518472142,-0.05583330178479091
0.9750000000000001,0.0125,-0.04783501202044932,0.0004954780589062484,0.0005348490262453043,-0.05528718191376414
0.9750000000000001,0.025,-0.0472808332139307,0.0004940221978124984,0.0005414521006433945,-0.054741062042737355
0.9750000000000001,0.037500000000000006,-0.0467266544074121,0.0004925663367187484,0.0005480551750414848,-0.0541949421717106
0.9750000000000001,0.05,-0.046172475600893506,0.0004911104756249983,0.000554658249439575,-0.053648822300683824
0.9750000000000001,0.0625,-0.045618296794374895,0.0004896546145312483,0.0005612613238376651,-0.05310270242965707
0.9750000000000001,0.07500000000000001,-0.045064117987856284,0.0004881987534374984,0.0005678643982357553,-0.0525565825586303
0.9750000000000001,0.08750000000000001,-0.044509939181337686,0.0004867428923437483,0.0005744674726338454,-0.05201046268760353
0.9750000000000001,0.1,-0.04395576037481906,0.0004852870312499984,0.0005810705470319356,-0.051464342816576754
0.9750000000000001,0.1125,-0.04340158156830047,0.0004838311701562483,0.0005876736214300259,-0.05091822294554999
0.9750000000000001,0.125,-0.042847402761781866,0.00048237530906249847,0.000594276695828116,-0.05037210307452323
0.9750000000000001,0.1375,-0.04229322395526323,0.0004809194479687483,0.0006008797702262062,-0.04982598320349646
0.9750000000000001,0.15000000000000002,-0.04173904514874463,0.00047946358687499843,0.0006074828446242963,-0.04927986333246969
0.9750000000000001,0.1625,-0.04118486634222603,0.00047800772578124843,0.0006140859190223866,-0.04873374346144293
0.9750000000000001,0.17500000000000002,-0.04063068753570742,0.00047655186468749844,0.0006206889934204767,-0.048187623590416166
0.9750000000000001,0.1875,-0.04007650872918881,0.00047509600359374845,0.0006272920678185668,-0.04764150371938939
0.9750000000000001,0.2,-0.03952232992267021,0.00047364014249999845,0.0006338951422166571,-0.047095383848362635
0.9750000000000001,0.21250000000000002,-0.038968151116151595,0.00047218428140624846,0.0006404982166147472,-0.04654926397733586
0.9750000000000001,0.225,-0.03841397230963299,0.00047072842031249847,0.0006471012910128375,-0.04600314410630909
0.9750000000000001,0.23750000000000002,-0.03785979350311438,0.00046927255921874836,0.0006537043654109276,-0.04545702423528232
0.9750000000000001,0.25,-0.03730561469659578,0.0004678166981249985,0.0006603074398090177,-0.044910904364255565
0.9750000000000001,0.2625,-0.03675143589007717,0.0004663608370312485,0.0006669105142071079,-0.04436478449322879
0.9750000000000001,0.275,-0.03619725708355856,0.0004649049759374984,0.000673513588605198,-0.04381866462220202
0.9750000000000001,0.28750000000000003,-0.03564307827703996,0.00046344911484374844,0.0006801166630032884,-0.04327254475117526
0.9750000000000001,0.30000000000000004,-0.03508889947052135,0.0004619932537499984,0.0006867197374013785,-0.04272642488014849
0.9750000000000001,0.3125,-0.03453472066400275,0.00046053739265624846,0.0006933228117994687,-0.042180305009121725
0.9750000000000001,0.325,-0.03398054185748414,0.0004590815315624984,0.0006999258861975588,-0.04163418513809495
0.9750000000000001,0.3375,-0.03342636305096553,0.00045762567046874847,0.0007065289605956489,-0.04108806526706819
0.9750000000000001,0.35000000000000003,-0.03287218424444693,0.0004561698093749985,0.0007131320349937392,-0.040541945396041425
0.9750000000000001,0.36250000000000004,-0.03231800543792832,0.00045471394828124843,0.0007197351093918294,-0.039995825525014655
0.9750000000000001,0.375,-0.031763826631409704,0.0004532580871874985,0.0007263381837899196,-0.039449705653987886
0.9750000000000001,0.3875,-0.031209647824891086,0.0004518022260937485,0.0007329412581880097,-0.03890358578296112
0.9750000000000001,0.4,-0.030655469018372503,0.0004503463649999985,0.0007395443325860999,-0.038357465911934355
0.9750000000000001,0.41250000000000003,-0.03010129021185387,0.0004488905039062485,0.0007461474069841901,-0.037811346040907585
0.9750000000000001,0.42500000000000004,-0.029547111405335266,0.00044743464281249846,0.0007527504813822802,-0.03726522616988081
0.9750000000000001,0.4375,-0.02899293259881667,0.0004459787817187485,0.0007593535557803704,-0.03671910629885405
0.9750000000000001,0.45,-0.02843875379229805,0.0004445229206249984,0.0007659566301784606,-0.036172986427827285
0.9750000000000001,0.4625,-0.027884574985779446,0.00044306705953124853,0.0007725597045765508,-0.035626866556800516
0.9750000000000001,0.47500000000000003,-0.027330396179260842,0.00044161119843749854,0.000779162778974641,-0.03508074668577375
0.9750000000000001,0.48750000000000004,-0.026776217372742245,0.00044015533734374855,0.0007857658533727312,-0.034534626814746984
0.9750000000000001,0.5,-0.026222038566223654,0.00043869947624999855,0.0007923689277708213,-0.03398850694372022
0.9750000000000001,0.5125000000000001,-0.025667859759705022,0.00043724361515624856,0.0007989720021689115,-0.033442387072693446
0.9750000000000001,0.525,-0.025113680953186432,0.00043578775406249857,0.0008055750765670017,-0.03289626720166668
0.9750000000000001,0.5375,-0.024559502146667828,0.00043433189296874857,0.0008121781509650919,-0.032350147330639914
0.9750000000000001,0.55,-0.024005323340149216,0.00043287603187499847,0.0008187812253631821,-0.031804027459613145
0.9750000000000001,0.5625,-0.02345114453363062,0.0004314201707812486,0.0008253842997612722,-0.03125790758858638
0.9750000000000001,0.5750000000000001,-0.022896965727111994,0.0004299643096874986,0.0008319873741593625,-0.03071178771755961
0.9750000000000001,0.5875,-0.02234278692059339,0.0004285084485937485,0.0008385904485574525,-0.03016566784653284
0.9750000000000001,0.6000000000000001,-0.02178860811407478,0.0004270525874999986,0.0008451935229555427,-0.02961954797550607
0.9750000000000001,0.6125,-0.02123442930755618,0.0004255967264062486,0.000851796597353633,-0.029073428104479306
0.9750000000000001,0.625,-0.020680250501037577,0.00042414086531249867,0.0008583996717517231,-0.028527308233452547
0.9750000000000001,0.6375000000000001,-0.020126071694518965,0.0004226850042187485,0.0008650027461498134,-0.02798118836242577
0.9750000000000001,0.65,-0.01957189288800036,0.00042122914312499863,0.0008716058205479034,-0.027435068491399005
0.9750000000000001,0.6625000000000001,-0.019017714081481757,0.00041977328203124864,0.0008782088949459937,-0.026888948620372236
0.9750000000000001,0.675,-0.018463535274963146,0.00041831742093749864,0.0008848119693440838,-0.02634282874934547
0.9750000000000001,0.6875,-0.017909356468444534,0.00041686155984374865,0.000891415043742174,-0.025796708878318707
0.9750000000000001,0.7000000000000001,-0.017355177661925923,0.00041540569874999866,0.0008980181181402643,-0.025250589007291935
0.9750000000000001,0.7125,-0.016800998855407326,0.00041394983765624866,0.0009046211925383543,-0.02470446913626517
0.9750000000000001,0.7250000000000001,-0.016246820048888715,0.00041249397656249867,0.0009112242669364446,-0.0241583492652384
0.9750000000000001,0.7375,-0.015692641242370103,0.0004110381154687487,0.0009178273413345347,-0.023612229394211637
0.9750000000000001,0.75,-0.015138462435851499,0.0004095822543749987,0.0009244304157326249,-0.02306610952318487
0.9750000000000001,0.7625000000000001,-0.014584283629332888,0.00040812639328124863,0.0009310334901307151,-0.0225199896521581
0.9750000000000001,0.775,-0.014030104822814284,0.0004066705321874986,0.0009376365645288052,-0.02197386978113133
0.9750000000000001,0.7875000000000001,-0.013475926016295672,0.00040521467109374865,0.0009442396389268955,-0.02142774991010456
0.9750000000000001,0.8,-0.012921747209777075,0.00040375880999999865,0.0009508427133249856,-0.020881630039077802
0.9750000000000001,0.8125,-0.012367568403258464,0.00040230294890624866,0.0009574457877230758,-0.02033551016805103
0.9750000000000001,0.8250000000000001,-0.011813389596739853,0.00040084708781249867,0.000964048862121166,-0.01978939029702426
0.9750000000000001,0.8375,-0.011259210790221248,0.00039939122671874867,0.000970651936519256,-0.019243270425997498
0.9750000000000001,0.8500000000000001,-0.010705031983702637,0.0003979353656249987,0.0009772550109173462,-0.01869715055497073
0.9750000000000001,0.8625,-0.010150853177184026,0.00039647950453124863,0.0009838580853154366,-0.01815103068394396
0.9750000000000001,0.875,-0.009596674370665428,0.0003950236434374987,0.0009904611597135267,-0.017604910812917197
0.9750000000000001,0.8875000000000001,-0.009042495564146817,0.00039356778234374864,0.000997064234111617,-0.017058790941890428
0.9750000000000001,0.9,-0.00848831675762822,0.0003921119212499987,0.001003667308509707,-0.016512671070863665
0.9750000000000001,0.9125000000000001,-0.007934137951109609,0.00039065606015624866,0.0010102703829077972,-0.015966551199836893
0.9750000000000001,0.925,-0.007379959144590997,0.0003892001990624987,0.0010168734573058873,-0.015420431328810127
0.9750000000000001,0.9375,-0.006825780338072386,0.0003877443379687488,0.0010234765317039774,-0.014874311457783361
0.9750000000000001,0.9500000000000001,-0.006271601531553775,0.0003862884768749986,0.0010300796061020678,-0.014328191586756592
0.9750000000000001,0.9625,-0.005717422725035171,0.0003848326157812487,0.0010366826805001579,-0.013782071715729826
0.9750000000000001,0.9750000000000001,-0.005163243918516573,0.00038337675468749874,0.0010432857548982482,-0.013235951844703057
0.9750000000000001,0.9875,-0.004609065111997962,0.0003819208935937488,0.0010498888292963383,-0.01268983197367629
0.9750000000000001,1.0,-0.004054886305479351,0.00038046503249999876,0.0010564919036944284,-0.012143712102649529
0.9875,0.0,-0.04721367613692662,0.0002484669599999992,0.0005282459518472142,-0.0557681676597909
0.9875,0.0125,-0.04665820180634938,0.0002477390294531242,0.0005348490262453043,-0.05522002433415862
0.9875,0.025,-0.04610272747577213,0.0002470110989062492,0.0005414521006433945,-0.05467188100852633
0.9875,0.037500000000000006,-0.04554725314519487,0.0002462831683593742,0.0005480551750414848,-0.054123737682894045
0.9875,0.05,-0.044991778814617626,0.00024555523781249913,0.000554658249439575,-0.05357559435726175
0.9875,0.0625,-0.04443630448404038,0.00024482730726562416,0.0005612613238376651,-0.05302745103162948
0.9875,0.07500000000000001,-0.043880830153463134,0.0002440993767187492,0.0005678643982357553,-0.052479307705997194
0.9875,0.08750000000000001,-0.04332535582288588,0.00024337144617187414,0.0005744674726338454,-0.051931164380364915
0.9875,0.1,-0.042769881492308634,0.0002426435156249992,0.0005810705470319356,-0.05138302105473262
0.9875,0.1125,-0.042214407161731374,0.00024191558507812415,0.0005876736214300259,-0.05083487772910034
0.9875,0.125,-0.04165893283115415,0.00024118765453124923,0.000594276695828116,-0.050286734403468064
0.9875,0.1375,-0.04110345850057688,0.00024045972398437416,0.0006008797702262062,-0.04973859107783577
0.9875,0.15000000000000002,-0.04054798416999964,0.00023973179343749921,0.0006074828446242963,-0.049190447752203485
0.9875,0.1625,-0.039992509839422395,0.00023900386289062422,0.0006140859190223866,-0.04864230442657121
0.9875,0.17500000000000002,-0.03943703550884515,0.00023827593234374922,0.0006206889934204767,-0.04809416110093893
0.9875,0.1875,-0.038881561178267895,0.00023754800179687422,0.0006272920678185668,-0.047546017775306634
0.9875,0.2,-0.03832608684769066,0.00023682007124999923,0.0006338951422166571,-0.04699787444967436
0.9875,0.21250000000000002,-0.03777061251711338,0.00023609214070312423,0.0006404982166147472,-0.04644973112404207
0.9875,0.225,-0.037215138186536156,0.00023536421015624923,0.0006471012910128375,-0.04590158779840978
0.9875,0.23750000000000002,-0.03665966385595888,0.00023463627960937418,0.0006537043654109276,-0.0453534444727775
0.9875,0.25,-0.03610418952538166,0.00023390834906249924,0.0006603074398090177,-0.044805301147145225
0.9875,0.2625,-0.03554871519480441,0.00023318041851562424,0.0006669105142071079,-0.04425715782151294
0.9875,0.275,-0.034993240864227136,0.0002324524879687492,0.000673513588605198,-0.043709014495880646
0.9875,0.28750000000000003,-0.03443776653364991,0.00023172455742187422,0.0006801166630032884,-0.04316087117024837
0.9875,0.30000000000000004,-0.03388229220307264,0.0002309966268749992,0.0006867197374013785,-0.04261272784461608
0.9875,0.3125,-0.03332681787249541,0.00023026869632812423,0.0006933228117994687,-0.04206458451898381
0.9875,0.325,-0.032771343541918144,0.0002295407657812492,0.0006999258861975588,-0.04151644119335151
0.9875,0.3375,-0.03221586921134091,0.00022881283523437423,0.0007065289605956489,-0.04096829786771924
0.9875,0.35000000000000003,-0.03166039488076365,0.00022808490468749924,0.0007131320349937392,-0.04042015454208696
0.9875,0.36250000000000004,-0.031104920550186425,0.00022735697414062421,0.0007197351093918294,-0.039872011216454666
0.9875,0.375,-0.030549446219609165,0.00022662904359374924,0.0007263381837899196,-0.03932386789082239
0.9875,0.3875,-0.02999397188903192,0.00022590111304687425,0.0007329412581880097,-0.0387757245651901
0.9875,0.4,-0.02943849755845466,0.00022517318249999925,0.0007395443325860999,-0.03822758123955782
0.9875,0.41250000000000003,-0.028883023227877412,0.00022444525195312425,0.0007461474069841901,-0.03767943791392553
0.9875,0.42500000000000004,-0.02832754889730016,0.00022371732140624923,0.0007527504813822802,-0.03713129458829324
0.9875,0.4375,-0.027772074566722912,0.00022298939085937426,0.0007593535557803704,-0.036583151262660964
0.9875,0.45,-0.027216600236145666,0.0002222614603124992,0.0007659566301784606,-0.03603500793702868
0.9875,0.4625,-0.026661125905568413,0.00022153352976562427,0.0007725597045765508,-0.03548686461139639
0.9875,0.47500000000000003,-0.026105651574991173,0.00022080559921874927,0.000779162778974641,-0.03493872128576412
0.9875,0.48750000000000004,-0.0255501772444139,0.00022007766867187427,0.0007857658533727312,-0.03439057796013183
0.9875,0.5,-0.024994702913836674,0.00021934973812499928,0.0007923689277708213,-0.03384243463449955
0.9875,0.5125000000000001,-0.02443922858325942,0.00021862180757812428,0.0007989720021689115,-0.03329429130886726
0.9875,0.525,-0.02388375425268218,0.00021789387703124928,0.0008055750765670017,-0.032746147983234976
0.9875,0.5375,-0.023328279922104928,0.00021716594648437429,0.0008121781509650919,-0.0321980046576027
0.9875,0.55,-0.022772805591527667,0.00021643801593749924,0.0008187812253631821,-0.031649861331970404
0.9875,0.5625,-0.022217331260950428,0.0002157100853906243,0.0008253842997612722,-0.031101718006338135
0.9875,0.5750000000000001,-0.02166185693037318,0.0002149821548437493,0.0008319873741593625,-0.030553574680705842
0.9875,0.5875,-0.02110638259979592,0.00021425422429687424,0.0008385904485574525,-0.03000543135507356
0.9875,0.6000000000000001,-0.020550908269218682,0.0002135262937499993,0.0008451935229555427,-0.029457288029441274
0.9875,0.6125,-0.019995433938641435,0.0002127983632031243,0.000851796597353633,-0.02890914470380899
0.9875,0.625,-0.01943995960806419,0.00021207043265624934,0.0008583996717517231,-0.028361001378176712
0.9875,0.6375000000000001,-0.018884485277486922,0.00021134250210937426,0.0008650027461498134,-0.027812858052544423
0.9875,0.65,-0.01832901094690967,0.00021061457156249932,0.0008716058205479034,-0.027264714726912144
0.9875,0.6625000000000001,-0.01777353661633243,0.00020988664101562432,0.0008782088949459937,-0.026716571401279855
0.9875,0.675,-0.017218062285755183,0.00020915871046874932,0.0008848119693440838,-0.02616842807564758
0.9875,0.6875,-0.016662587955177936,0.00020843077992187432,0.000891415043742174,-0.025620284750015297
0.9875,0.7000000000000001,-0.016107113624600683,0.00020770284937499933,0.0008980181181402643,-0.025072141424383004
0.9875,0.7125,-0.01555163929402343,0.00020697491882812433,0.0009046211925383543,-0.024523998098750725
0.9875,0.7250000000000001,-0.014996164963446183,0.00020624698828124933,0.0009112242669364446,-0.023975854773118442
0.9875,0.7375,-0.014440690632868944,0.00020551905773437434,0.0009178273413345347,-0.02342771144748616
0.9875,0.75,-0.013885216302291697,0.00020479112718749934,0.0009244304157326249,-0.022879568121853877
0.9875,0.7625000000000001,-0.013329741971714437,0.00020406319664062432,0.0009310334901307151,-0.02233142479622159
0.9875,0.775,-0.012774267641137198,0.0002033352660937493,0.0009376365645288052,-0.02178328147058931
0.9875,0.7875000000000001,-0.012218793310559944,0.00020260733554687432,0.0009442396389268955,-0.021235138144957016
0.9875,0.8,-0.011663318979982705,0.00020187940499999933,0.0009508427133249856,-0.020686994819324744
0.9875,0.8125,-0.011107844649405445,0.00020115147445312433,0.0009574457877230758,-0.020138851493692458
0.9875,0.8250000000000001,-0.010552370318828198,0.00020042354390624933,0.000964048862121166,-0.01959070816806017
0.9875,0.8375,-0.009996895988250952,0.00019969561335937434,0.000970651936519256,-0.01904256484242789
0.9875,0.8500000000000001,-0.009441421657673699,0.00019896768281249934,0.0009772550109173462,-0.0184944215167956
0.9875,0.8625,-0.008885947327096445,0.00019823975226562432,0.0009838580853154366,-0.017946278191163317
0.9875,0.875,-0.008330472996519199,0.00019751182171874935,0.0009904611597135267,-0.017398134865531035
0.9875,0.8875000000000001,-0.007774998665941946,0.00019678389117187432,0.000997064234111617,-0.016849991539898752
0.9875,0.9,-0.007219524335364706,0.00019605596062499935,0.001003667308509707,-0.01630184821426647
0.9875,0.9125000000000001,-0.006664050004787453,0.00019532803007812433,0.0010102703829077972,-0.015753704888634184
0.9875,0.925,-0.0061085756742102,0.00019460009953124936,0.0010168734573058873,-0.015205561563001898
0.9875,0.9375,-0.00555310134363296,0.0001938721689843744,0.0010234765317039774,-0.014657418237369615
0.9875,0.9500000000000001,-0.004997627013055714,0.0001931442384374993,0.0010300796061020678,-0.014109274911737331
0.9875,0.9625,-0.0044421526824784605,0.00019241630789062434,0.0010366826805001579,-0.013561131586105047
0.9875,0.9750000000000001,-0.0038866783519012,0.00019168837734374937,0.0010432857548982482,-0.013012988260472763
0.9875,0.9875,-0.003331204021323954,0.0001909604467968744,0.0010498888292963383,-0.012464844934840479
0.9875,1.0,-0.0027757296907467144,0.00019023251624999938,0.0010564919036944284,-0.011916701609208201
1.0,0.0,-0.04603816144688531,0.0,0.0005282459518472142,-0.055703033534790905
1.0,0.0125,-0.04548139159224942,0.0,0.0005348490262453043,-0.055152866754553095
1.0,0.025,-0.044924621737613524,0.0,0.0005414521006433945,-0.05460269997431529
1.0,0.037500000000000006,-0.04436785188297763,0.0,0.0005480551750414848,-0.05405253319407749
1.0,0.05,-0.04381108202834174,0.0,0.000554658249439575,-0.053502366413839694
1.0,0.0625,-0.04325431217370586,0.0,0.0005612613238376651,-0.0529521996336019
1.0,0.07500000000000001,-0.042697542319069956,0.0,0.0005678643982357553,-0.0524020328533641
1.0,0.08750000000000001,-0.04214077246443408,0.0,0.0005744674726338454,-0.05185186607312631
1.0,0.1,-0.04158400260979817,0.0,0.0005810705470319356,-0.05130169929288849
1.0,0.1125,-0.04102723275516228,0.0,0.0005876736214300259,-0.050751532512650695
1.0,0.125,-0.0404704629005264,0.0,0.000594276695828116,-0.05020136573241289
1.0,0.1375,-0.03991369304589051,0.0,0.0006008797702262062,-0.04965119895217509
1.0,0.15000000000000002,-0.03935692319125462,0.0,0.0006074828446242963,-0.049101032171937294
1.0,0.1625,-0.03880015333661874,0.0,0.0006140859190223866,-0.0485508653916995
1.0,0.17500000000000002,-0.03824338348198283,0.0,0.0006206889934204767,-0.04800069861146169
1.0,0.1875,-0.03768661362734695,0.0,0.0006272920678185668,-0.047450531831223886
1.0,0.2,-0.03712984377271106,0.0,0.0006338951422166571,-0.04690036505098609
1.0,0.21250000000000002,-0.03657307391807516,0.0,0.0006404982166147472,-0.046350198270748294
1.0,0.225,-0.03601630406343928,0.0,0.0006471012910128375,-0.04580003149051049
1.0,0.23750000000000002,-0.035459534208803385,0.0,0.0006537043654109276,-0.04524986471027269
1.0,0.25,-0.0349027643541675,0.0,0.0006603074398090177,-0.04469969793003489
1.0,0.2625,-0.034345994499531615,0.0,0.0006669105142071079,-0.04414953114979709
1.0,0.275,-0.033789224644895706,0.0,0.000673513588605198,-0.04359936436955929
1.0,0.28750000000000003,-0.03323245479025982,0.0,0.0006801166630032884,-0.04304919758932149
1.0,0.30000000000000004,-0.032675684935623936,0.0,0.0006867197374013785,-0.04249903080908368
1.0,0.3125,-0.03211891508098804,0.0,0.0006933228117994687,-0.041948864028845886
1.0,0.325,-0.03156214522635214,0.0,0.0006999258861975588,-0.041398697248608084
1.0,0.3375,-0.031005375371716257,0.0,0.0007065289605956489,-0.04084853046837029
1.0,0.35000000000000003,-0.03044860551708036,0.0,0.0007131320349937392,-0.04029836368813249
1.0,0.36250000000000004,-0.02989183566244448,0.0,0.0007197351093918294,-0.03974819690789469
1.0,0.375,-0.029335065807808598,0.0,0.0007263381837899196,-0.03919803012765689
1.0,0.3875,-0.028778295953172696,0.0,0.0007329412581880097,-0.038647863347419084
1.0,0.4,-0.028221526098536814,0.0,0.0007395443325860999,-0.03809769656718129
1.0,0.41250000000000003,-0.02766475624390092,0.0,0.0007461474069841901,-0.03754752978694348
1.0,0.42500000000000004,-0.027107986389265017,0.0,0.0007527504813822802,-0.036997363006705676
1.0,0.4375,-0.026551216534629135,0.0,0.0007593535557803704,-0.03644719622646789
1.0,0.45,-0.02599444667999324,0.0,0.0007659566301784606,-0.035897029446230085
1.0,0.4625,-0.02543767682535735,0.0,0.0007725597045765508,-0.035346862665992275
1.0,0.47500000000000003,-0.02488090697072147,0.0,0.000779162778974641,-0.034796695885754486
1.0,0.48750000000000004,-0.024324137116085574,0.0,0.0007857658533727312,-0.03424652910551668
1.0,0.5,-0.023767367261449693,0.0,0.0007923689277708213,-0.03369636232527889
1.0,0.5125000000000001,-0.023210597406813797,0.0,0.0007989720021689115,-0.03314619554504108
1.0,0.525,-0.022653827552177916,0.0,0.0008055750765670017,-0.03259602876480328
1.0,0.5375,-0.022097057697542027,0.0,0.0008121781509650919,-0.03204586198456548
1.0,0.55,-0.021540287842906118,0.0,0.0008187812253631821,-0.03149569520432768
1.0,0.5625,-0.020983517988270244,0.0,0.0008253842997612722,-0.030945528424089885
1.0,0.5750000000000001,-0.020426748133634348,0.0,0.0008319873741593625,-0.03039536164385208
1.0,0.5875,-0.019869978278998446,0.0,0.0008385904485574525,-0.029845194863614272
1.0,0.6000000000000001,-0.019313208424362557,0.0,0.0008451935229555427,-0.029295028083376473
1.0,0.6125,-0.018756438569726662,0.0,0.000851796597353633,-0.028744861303138674
1.0,0.625,-0.018199668715090773,0.0,0.0008583996717517231,-0.02819469452290088
1.0,0.6375000000000001,-0.017642898860454885,0.0,0.0008650027461498134,-0.027644527742663072
1.0,0.65,-0.017086129005818997,0.0,0.0008716058205479034,-0.027094360962425276
1.0,0.6625000000000001,-0.016529359151183108,0.0,0.0008782088949459937,-0.026544194182187474
1.0,0.675,-0.01597258929654722,0.0,0.0008848119693440838,-0.025994027401949674
1.0,0.6875,-0.015415819441911331,0.0,0.000891415043742174,-0.025443860621711875
1.0,0.7000000000000001,-0.014859049587275436,0.0,0.0008980181181402643,-0.024893693841474072
1.0,0.7125,-0.014302279732639547,0.0,0.0009046211925383543,-0.024343527061236277
1.0,0.7250000000000001,-0.013745509878003652,0.0,0.0009112242669364446,-0.023793360280998474
1.0,0.7375,-0.01318874002336777,0.0,0.0009178273413345347,-0.02324319350076067
1.0,0.75,-0.012631970168731882,0.0,0.0009244304157326249,-0.022693026720522876
1.0,0.7625000000000001,-0.01207520031409598,0.0,0.0009310334901307151,-0.022142859940285073
1.0,0.775,-0.011518430459460091,0.0,0.0009376365645288052,-0.02159269316004727
1.0,0.7875000000000001,-0.010961660604824196,0.0,0.0009442396389268955,-0.021042526379809467
1.0,0.8,-0.010404890750188321,0.0,0.0009508427133249856,-0.020492359599571672
1.0,0.8125,-0.009848120895552426,0.0,0.0009574457877230758,-0.01994219281933387
1.0,0.8250000000000001,-0.009291351040916523,0.0,0.000964048862121166,-0.019392026039096066
1.0,0.8375,-0.008734581186280642,0.0,0.000970651936519256,-0.01884185925885827
1.0,0.8500000000000001,-0.008177811331644753,0.0,0.0009772550109173462,-0.018291692478620464
1.0,0.8625,-0.007621041477008858,0.0,0.0009838580853154366,-0.017741525698382665
1.0,0.875,-0.00706427162237297,0.0,0.0009904611597135267,-0.01719135891814487
1.0,0.8875000000000001,-0.006507501767737074,0.0,0.000997064234111617,-0.01664119213790707
1.0,0.9,-0.005950731913101193,0.0,0.001003667308509707,-0.01609102535766927
1.0,0.9125000000000001,-0.005393962058465297,0.0,0.0010102703829077972,-0.015540858577431467
1.0,0.925,-0.004837192203829402,0.0,0.0010168734573058873,-0.014990691797193664
1.0,0.9375,-0.004280422349193513,0.0,0.0010234765317039774,-0.014440525016955865
1.0,0.9500000000000001,-0.003723652494557618,0.0,0.0010300796061020678,-0.013890358236718064
1.0,0.9625,-0.0031668826399217365,0.0,0.0010366826805001579,-0.013340191456480263
1.0,0.9750000000000001,-0.002610112785285848,0.0,0.0010432857548982482,-0.012790024676242462
1.0,0.9875,-0.0020533429306499526,0.0,0.0010498888292963383,-0.012239857896004661
1.0,1.0,-0.0014965730760140641,0.0,0.0010564919036944284,-0.011689691115766869
