t,name,C,q,a,F,H,lawfulness,record_intensity,fidelity,digital_record,P_ref,P,K,O,benefit,cost,net,dF,dq,dC,dH
0,Kingdom-aligned transparent recording,0.9246809853482342,0.04,0.96,1.6001643759617257,0.07666851952750463,0.95,0.45,0.94,0.423,0.3287310979618671,0.3287310979618671,0.7019999954370002,0.847872,0.023175060264056684,0.007174602023038587,0.016000458241018096,0.00016437596172555843,0.0,0.004680985348234135,-0.003331480472495376
1,Kingdom-aligned transparent recording,0.9294035568900836,0.04,0.96,1.600346307757782,0.07332442315367547,0.95,0.45,0.94,0.8417699999999999,0.3287310979618671,0.3297274279572823,0.7040929656719603,0.8521859960969325,0.023286511096707485,0.00716325547704545,0.016123255619662033,0.00018193179605640404,0.0,0.004722571541849404,-0.0033440963738291577
2,Kingdom-aligned transparent recording,0.9341682279824844,0.04,0.96,1.6005459474920536,0.06996760157424585,0.95,0.45,0.94,1.2563522999999999,0.3287310979618671,0.3307316000360607,0.7062040694172157,0.856538318029901,0.02339908949057439,0.007151821619717116,0.016247267870857274,0.0001996397342716059,0.0,0.004764671092400897,-0.0033568215794296205
3,Kingdom-aligned transparent recording,0.9389755204850294,0.04,0.96,1.600763449251962,0.06659794405954765,0.95,0.45,0.94,1.6667887769999998,0.3287310979618671,0.3317437386739669,0.7083335431459835,0.8609294389086576,0.023512811707880252,0.0071402994674246816,0.01637251224045557,0.00021750175990850997,0.0,0.004807292502545019,-0.0033696575146982
4,Kingdom-aligned transparent recording,0.943825964939573,0.04,0.96,1.6009989691443065,0.06321533842875604,0.95,0.45,0.94,2.0731208892299997,0.3287310979618671,0.3327639711888772,0.7104816276042663,0.8653598396790031,0.023627694323982595,0.00712868802121008,0.016499006302772515,0.00023551989234458565,0.0,0.004850444454543632,-0.003382605630791614
5,Kingdom-aligned transparent recording,0.9487201007544913,0.04,0.96,1.6012526653319434,0.05981967102353084,0.95,0.45,0.94,2.4753896803377,0.3287310979618671,0.33379242782237417,0.7126485679109456,0.8698300092883104,0.02374375423498687,0.007116986266472849,0.01662676796851402,0.0002536961876370117,0.0,0.004894135814918316,-0.003395667405225201
6,Kingdom-aligned transparent recording,0.9536584763937399,0.04,0.96,1.6015246980713302,0.05641082668103701,0.95,0.45,0.94,2.873635783534323,0.3287310979618671,0.33482924182416157,0.7148346136607908,0.8743404448553391,0.023861008665584847,0.007105193172648781,0.016755815492936067,0.00027203273938671387,0.0,0.004938375639248645,-0.00340884434249383
7,Kingdom-aligned transparent recording,0.9586416495708596,0.04,0.96,1.601815229750958,0.05298868870632599,0.95,0.45,0.94,3.2678994256989795,0.3287310979618671,0.3358745495394132,0.7170400190304875,0.8788916518444707,0.02397947517712621,0.007093307692880161,0.016886167484246047,0.0002905316796277302,0.0,0.004983173177119664,-0.0034221379747110194
8,Kingdom-aligned transparent recording,0.9636701874480836,0.04,0.96,1.6021244249307007,0.049553138844059104,0.95,0.45,0.94,3.6582204314419897,0.3287310979618671,0.3369284904991796,0.7192650428877915,0.8834841442445042,0.0240991716759314,0.007081328763677342,0.01701784291225406,0.0003091951797427958,0.0,0.005028537877224023,-0.0034355498622668837
9,Kingdom-aligned transparent recording,0.968744666840708,0.04,0.96,1.6024524503821067,0.04610405724955351,0.95,0.45,0.94,4.04463822712757,0.3287310979618671,0.3379912075139746,0.7215099489039197,0.8881184447521538,0.024220116421854444,0.007069255304571351,0.017150861117283093,0.00032802545140607904,0.0,0.0050744793926244145,-0.0034490815945056002
10,Kingdom-aligned transparent recording,0.9738656744268902,0.04,0.96,1.6027994751296608,0.04264132245913042,0.95,0.45,0.94,4.427191844856294,0.3287310979618671,0.33906284677067416,0.7237750056692953,0.8927950849603964,0.02434232803710456,0.007057086217757257,0.0172852418193473,0.0003470247475540501,0.0,0.00512100758618222,-0.003462734790423093
11,Kingdom-aligned transparent recording,0.9790338069630488,0.04,0.96,1.6031656704930464,0.03916481135974476,0.95,0.45,0.94,4.805919926407731,0.3287310979618671,0.3401435579328669,0.7260604868127666,0.8975146055518219,0.0244658255153359,0.007044820387727965,0.017421005127607934,0.00036619536338548705,0.0,0.005168132536158529,-0.003476511099385652
12,Kingdom-aligned transparent recording,0.9842496715050427,0.04,0.96,1.603551210130438,0.035674399157874494,0.95,0.45,0.94,5.180860727143654,0.3287310979618671,0.3412334942447994,0.7283666711244279,0.9022775564971456,0.024590628231015092,0.007032456680898131,0.017558171550116963,0.0003855396373917016,0.0,0.00521586454199392,-0.0034904122018702684
13,Kingdom-aligned transparent recording,0.9895138856353165,0.04,0.96,1.6039562700828562,0.03216995934764704,0.95,0.45,0.94,5.552052119872217,0.3287310979618671,0.34233281263906773,0.7306938426821711,0.9070844972590473,0.024716755949076647,0.007019993945217868,0.01769676200385878,0.0004050599524180515,0.0,0.005264214130273732,-0.003504439810227455
14,Kingdom-aligned transparent recording,0.9948270776962023,0.04,0.96,1.604381028819614,0.028651363678179633,0.95,0.45,0.94,5.919531598673495,0.3287310979618671,0.34344167384821567,0.7330422909821095,0.9119359970015076,0.024844228834876768,0.007007431009775879,0.01783679782510089,0.00042475873675793484,0.0,0.00531319206088576,-0.0035185956694674093
15,Kingdom-aligned transparent recording,1.0,0.04,0.96,1.6048256672848946,0.02511848212010928,0.95,0.45,0.94,6.28333628268676,0.3287310979618671,0.34456024252040446,0.7354123110730127,0.9168326348048199,0.02497306746445653,0.006994766684391661,0.01797830078006487,0.0004446384652804316,0.0,0.005362809333377703,-0.0035328815580703507
16,Kingdom-aligned transparent recording,1.0,0.04,0.96,1.6052898114751462,0.021571583438327203,0.95,0.45,0.94,6.643502919859892,0.3287310979618671,0.34568868733932917,0.7377377432345538,0.9216,0.025099070024332013,0.0069823603328542936,0.01811670969147772,0.0004641441902514373,0.0,0.005411429100173822,-0.0035468986817820797
17,Kingdom-aligned transparent recording,1.0,0.04,0.96,1.6057583129505038,0.01802155354227491,0.95,0.45,0.94,7.000067890661293,0.3287310979618671,0.34682711935383104,0.7382572097469688,0.9216,0.025110223827057736,0.006979760922426168,0.018130462904631568,0.0004685014753575751,0.0,0.005415276736269056,-0.0035500298960522898
18,Kingdom-aligned transparent recording,1.0,0.04,0.96,1.606231204027338,0.014468369208895285,0.95,0.45,0.94,7.35306721175468,0.3287310979618671,0.34797399469715934,0.7387805289502101,0.9216,0.025121460353409356,0.0069771422331331495,0.018144318120276205,0.0004728910768343631,0.0,0.005419152908856889,-0.0035531843333796273
19,Kingdom-aligned transparent recording,1.0,0.04,0.96,1.606708517418315,0.0109120069303471,0.95,0.45,0.94,7.702536539637133,0.3287310979618671,0.34912941690976157,0.7393077480897825,0.9216,0.025132780617825784,0.006974504028558729,0.018158276589267056,0.0004773133909770965,0.0,0.0054230579678800125,-0.0035563622785481845
20,Kingdom-aligned transparent recording,1.0,0.04,0.96,1.607190286239201,0.007352442909115133,0.95,0.45,0.94,8.04851117424076,0.3287310979618671,0.3502934913099371,0.7398389152224245,0.9216,0.02514418565216444,0.006971846068226989,0.01817233958393745,0.0004817688208856978,0.0,0.005426992269289845,-0.0035595640212319674
21,Kingdom-aligned transparent recording,1.0,0.04,0.96,1.607676544015816,0.0037896530530121017,0.95,0.45,0.94,8.391026062498351,0.3287310979618671,0.35146632503315245,0.740374079234048,0.9216,0.025155676506086487,0.006969168107512825,0.018186508398573664,0.00048625777661519525,0.0,0.005430956175179407,-0.003562789856103031
22,Kingdom-aligned transparent recording,1.0,0.04,0.96,1.6081673246911463,0.00022361297006954963,0.95,0.45,0.94,8.730115801873367,0.3287310979618671,0.3526480270724244,0.740913289858165,0.9216,0.02516725424745244,0.006966469897549743,0.018200784349902698,0.0004907806753302879,0.0,0.0054349500539198105,-0.003566040082942552
23,Kingdom-aligned transparent recording,1.0,0.04,0.96,1.6086626626326104,0.0,0.95,0.45,0.94,9.065814643854633,0.3287310979618671,0.35383870831980113,0.7414565976948155,0.9216,0.025178919962728613,0.006963751185135143,0.01821516877759347,0.0004953379414641136,0.0,0.005438974280300452,-0.0035693150067549226
24,Kingdom-aligned transparent recording,1.0,0.04,0.96,1.609158046198428,0.0,0.95,0.45,0.94,9.398156497416087,0.3287310979618671,0.3538506286379597,0.7414620369358258,0.9216,0.0251790367522035,0.006963723967173129,0.01821531278503037,0.0004953835658177075,0.0,0.00543901456821034,-0.0035693477931399227
25,Kingdom-aligned transparent recording,1.0,0.04,0.96,1.6096531726239987,0.0,0.95,0.45,0.94,9.727174932441926,0.3287310979618671,0.3537834453615626,0.7414313812077384,0.9216,0.025178378523164034,0.006963877368436478,0.018214501154727558,0.0004951264255705107,0.0,0.005438787504322494,-0.003569163008074944
26,Kingdom-aligned transparent recording,1.0,0.04,0.96,1.6101480421403451,0.0,0.95,0.45,0.94,10.052903183117508,0.3287310979618671,0.3537163224447837,0.7414007530217439,0.9216,0.025177720885498727,0.006964030631879194,0.018213690253619533,0.0004948695163463885,0.0,0.005438560644436153,-0.003568978389026815
27,Kingdom-aligned transparent recording,1.0,0.04,0.96,1.6106426549781632,0.0,0.95,0.45,0.94,10.375374151286332,0.3287310979618671,0.35364925980213424,0.7413701523388339,0.9216,0.02517706383837,0.0069641837576964755,0.018212880080673524,0.0004946128378181393,0.0,0.005438333988262388,-0.0035687939357604043
28,Kingdom-aligned transparent recording,1.0,0.04,0.96,1.6111370113678223,0.0,0.95,0.45,0.94,10.694620409773469,0.3287310979618671,0.35358225734829424,0.7413395791200766,0.9216,0.025176407380941936,0.006964336746083137,0.018212070634858798,0.0004943563896592036,0.0,0.005438107535512833,-0.00356860964804104
29,Kingdom-aligned transparent recording,1.0,0.04,0.96,1.611631111539366,0.0,0.95,0.45,0.94,11.010674205675734,0.3287310979618671,0.3535153149981114,0.7413090333266175,0.9216,0.025175751512380242,0.006964489597233607,0.018211261915146635,0.0004941001715436676,0.0,0.005437881285899697,-0.0035684255256345165
30,Kingdom-aligned transparent recording,1.0,0.04,0.96,1.6121249557225124,0.0,0.95,0.45,0.94,11.323567463618977,0.3287310979618671,0.35344843266660136,0.7412785149196778,0.9216,0.02517509623185229,0.006964642311341933,0.018210453920510357,0.0004938441831462583,0.0,0.005437655239135751,-0.0035682415683070865
31,Kingdom-aligned transparent recording,1.0,0.04,0.96,1.6126185441466547,0.0,0.95,0.45,0.94,11.633331788982787,0.3287310979618671,0.3533816102689468,0.7412480238605555,0.9216,0.02517444153852708,0.0069647948886017805,0.018209646649925297,0.0004935884241423403,0.0,0.00543742939493433,-0.003568057775825462
32,Kingdom-aligned transparent recording,1.0,0.04,0.96,1.6131118770408626,0.0,0.95,0.45,0.94,11.93999847109296,0.3287310979618671,0.35331484772049737,0.7412175601106248,0.9216,0.02517378743157525,0.006964947329206434,0.01820884010236882,0.0004933328942079211,0.0,0.005437203753009339,-0.003567874147956817
33,Kingdom-aligned transparent recording,1.0,0.04,0.96,1.6136049546338822,0.0,0.95,0.45,0.94,12.24359848638203,0.3287310979618671,0.3532481449367689,0.7411871236313354,0.9216,0.025173133910169065,0.006965099633348798,0.018208034276820266,0.0004930775930196421,0.0,0.0054369783130752405,-0.003567690684468781
34,Kingdom-aligned transparent recording,1.0,0.04,0.96,1.614097777154137,0.0,0.95,0.45,0.94,12.54416250151821,0.3287310979618671,0.3531815018334433,0.7411567143842129,0.9216,0.025172480973482417,0.006965251801221399,0.018207229172261016,0.000492822520254779,0.0,0.005436753074847056,-0.0035675073851294376
35,Kingdom-aligned transparent recording,1.0,0.04,0.96,1.614590344829728,0.0,0.95,0.45,0.94,12.841720876503027,0.3287310979618671,0.35311491832636793,0.7411263323308587,0.9216,0.02517182862069082,0.0069654038330163835,0.018206424787674435,0.0004925676755912432,0.0,0.005436528038040372,-0.003567324249707332
36,Kingdom-aligned transparent recording,1.0,0.04,0.96,1.6150826578884356,0.0,0.95,0.45,0.94,13.136303667737996,0.3287310979618671,0.35304839433155527,0.7410959774329491,0.9216,0.0251711768509714,0.006965555728925523,0.01820562112204588,0.0004923130587075775,0.0,0.005436303202371329,-0.0035671412779714573
37,Kingdom-aligned transparent recording,1.0,0.04,0.96,1.6155747165577186,0.0,0.95,0.45,0.94,13.427940631060617,0.3287310979618671,0.35298192976518267,0.7410656496522358,0.9216,0.025170525663502908,0.0069657074891402125,0.018204818174362696,0.0004920586692829544,0.0,0.005436078567556626,-0.0035669584696912623
38,Kingdom-aligned transparent recording,1.0,0.04,0.96,1.6160665210647158,0.0,0.95,0.45,0.94,13.71666122475001,0.3287310979618671,0.3529155245435915,0.7410353489505455,0.9216,0.0251698750574657,0.00696585911385147,0.01820401594361423,0.0004918045069971761,0.0,0.005435854133313517,-0.003566775824636649
39,Kingdom-aligned transparent recording,1.0,0.04,0.96,1.6165580716362464,0.0,0.95,0.45,0.94,14.002494612502511,0.3287310979618671,0.3528491785832873,0.7410050752897795,0.9216,0.025169225032041737,0.006966010603249944,0.018203214428791793,0.0004915505715306714,0.0,0.005435629899359809,-0.003566593342577967
40,Kingdom-aligned transparent recording,1.0,0.04,0.96,1.617049368498811,0.0,0.95,0.45,0.94,14.285469666377486,0.3287310979618671,0.35278289180093875,0.740974828631914,0.9216,0.025168575586414575,0.0069661619575259025,0.01820241362888867,0.0004912968625644955,0.0,0.005435405865413862,-0.003566411023286018
41,Kingdom-aligned transparent recording,1.0,0.04,0.96,1.6175404118785912,0.0,0.95,0.45,0.94,14.56561496971371,0.3287310979618671,0.352716664113378,0.7409446089389994,0.9216,0.02516792671976938,0.0069663131768692476,0.018201613542900133,0.0004910433797803273,0.0,0.005435182031194588,-0.0035662288665320517
42,Kingdom-aligned transparent recording,1.0,0.04,0.96,1.6180312020014518,0.0,0.95,0.45,0.94,14.842958820016573,0.3287310979618671,0.35265049543759935,0.74091441617316,0.9216,0.0251672784312929,0.006966464261469508,0.01820081416982339,0.0004907901228604665,0.0,0.005434958396421446,-0.0035660468720877633
43,Kingdom-aligned transparent recording,1.0,0.04,0.96,1.6185217390929396,0.0,0.95,0.45,0.94,15.117529231816407,0.3287310979618671,0.35258438569075967,0.7408842502965948,0.9216,0.025166630720173482,0.00696661521151584,0.018200015508657644,0.0004905370914878378,0.0,0.005434734960814448,-0.003565865039725298
44,Kingdom-aligned transparent recording,1.0,0.04,0.96,1.6190120233782856,0.0,0.95,0.45,0.94,15.389353939498243,0.3287310979618671,0.35251833479017763,0.740854111271576,0.9216,0.02516598358560105,0.006966766027197035,0.018199217558404014,0.0004902842853459803,0.0,0.005434511724094148,-0.0035656833692172406
45,Kingdom-aligned transparent recording,1.0,0.04,0.96,1.6195020550824046,0.0,0.95,0.45,0.94,15.65846040010326,0.3287310979618671,0.3524523426533332,0.7408239990604499,0.9216,0.025165337026767112,0.006966916708701509,0.0181984203180656,0.0004900317041190549,0.0,0.005434288685981648,-0.0035655018603366257
46,Kingdom-aligned transparent recording,1.0,0.04,0.96,1.6199918344298965,0.0,0.95,0.45,0.94,15.924875796102228,0.3287310979618671,0.3523864091978675,0.7407939136256361,0.9216,0.02516469104286476,0.006967067256217318,0.01819762378664744,0.0004897793474918356,0.0,0.005434065846198593,-0.003565320512856926
47,Kingdom-aligned transparent recording,1.0,0.04,0.96,1.6204813616450462,0.0,0.95,0.45,0.94,16.188627038141206,0.3287310979618671,0.3523205343415821,0.7407638549296275,0.9216,0.025164045633088657,0.006967217669932145,0.01819682796315651,0.0004895272151497156,0.0,0.005433843204467174,-0.0035651393265520603
48,Kingdom-aligned transparent recording,1.0,0.04,0.96,1.6209706369518249,0.0,0.95,0.45,0.94,16.449740767759792,0.3287310979618671,0.35225471800243896,0.74073382293499,0.9216,0.025163400796635024,0.006967367950033311,0.018196032846601713,0.000489275306778697,0.0,0.00543362076051012,-0.0035649583011963843
49,Kingdom-aligned transparent recording,1.0,0.04,0.96,1.6214596605738902,0.0,0.95,0.45,0.94,16.708243360082193,0.3287310979618671,0.35218896009855977,0.7407038176043627,0.9216,0.025162756532701662,0.006967518096707769,0.018195238435993893,0.0004890236220653943,0.0,0.0054333985140507,-0.0035647774365646953
50,Kingdom-aligned transparent recording,1.0,0.04,0.96,1.6219484327345872,0.0,0.95,0.45,0.94,16.96416092648137,0.3287310979618671,0.35212326054822557,0.7406738389004571,0.9216,0.025162112840487933,0.006967668110142112,0.018194444730345823,0.0004887721606970354,0.0,0.005433176464812726,-0.0035645967324322288
51,Kingdom-aligned transparent recording,1.0,0.04,0.96,1.6224369536569487,0.0,0.95,0.45,0.94,17.217519317216553,0.3287310979618671,0.35205761926987655,0.7406438867860576,0.9216,0.02516146971919475,0.006967817990522568,0.018193651728672183,0.0004885209223614521,0.0,0.0054329546125205415,-0.003564416188574657
52,Kingdom-aligned transparent recording,1.0,0.04,0.96,1.6229252235636957,0.0,0.95,0.45,0.94,17.468344124044386,0.3287310979618671,0.35199203618211156,0.7406139612240208,0.9216,0.025160827168024584,0.006967967738035,0.018192859429989584,0.0004882699067470871,0.0,0.005432732956899031,-0.00356423580476809
53,Kingdom-aligned transparent recording,1.0,0.04,0.96,1.6234132426772387,0.0,0.95,0.45,0.94,17.71666068280394,0.3287310979618671,0.35192651120368723,0.7405840621772753,0.9216,0.025160185186181447,0.006968117352864914,0.018192067833316533,0.0004880191135429864,0.0,0.005432511497673612,-0.00356405558078907
54,Kingdom-aligned transparent recording,1.0,0.04,0.96,1.6239010112196774,0.0,0.95,0.45,0.94,17.9624940759759,0.3287310979618671,0.3518610442535188,0.7405541896088221,0.9216,0.025159543772870916,0.0069682668351974545,0.018191276937673462,0.0004877685424388003,0.0,0.005432290234570233,-0.003563875516414576
55,Kingdom-aligned transparent recording,1.0,0.04,0.96,1.6243885294128022,0.0,0.95,0.45,0.94,18.20586913521614,0.3287310979618671,0.35179563525067803,0.7405243434817339,0.9216,0.025158902927300098,0.006968416185217405,0.018190486742082693,0.0004875181931247848,0.0,0.005432069167315381,-0.0035636956114220198
56,Kingdom-aligned transparent recording,1.0,0.04,0.96,1.624875797478094,0.0,0.95,0.45,0.94,18.446810443863978,0.3287310979618671,0.3517302841143945,0.7404945237591548,0.9216,0.02515826264867764,0.00696856540310919,0.018189697245568452,0.00048726806529179087,0.0,0.0054318482956360655,-0.0035635158655892437
57,Kingdom-aligned transparent recording,1.0,0.04,0.96,1.6253628156367252,0.0,0.95,0.45,0.94,18.685342339425336,0.3287310979618671,0.35166499076405405,0.7404647304043008,0.9216,0.025157622936213722,0.006968714489056879,0.018188908447156843,0.0004870181586312757,0.0,0.005431627619259832,-0.003563336278694523
58,Kingdom-aligned transparent recording,1.0,0.04,0.96,1.6258495841095606,0.0,0.95,0.45,0.94,18.92148891603108,0.3287310979618671,0.35159975511919883,0.7404349633804588,0.9216,0.02515698378912006,0.006968863443244185,0.01818812034587587,0.0004867684728352886,0.0,0.00543140713791475,-0.003563156850516559
59,Kingdom-aligned transparent recording,1.0,0.04,0.96,1.626336103117157,0.0,0.95,0.45,0.94,19.155274026870767,0.3287310979618671,0.35153457709952696,0.7404052226509873,0.9216,0.025156345206609896,0.00696901226585446,0.018187332940755436,0.0004865190075964819,0.0,0.00543118685132942,-0.003562977580834487
60,Kingdom-aligned transparent recording,1.0,0.04,0.96,1.626822372879765,0.0,0.95,0.45,0.94,19.386721286602057,0.3287310979618671,0.3514694566248918,0.7403755081793152,0.9216,0.025155707187897988,0.006969160957070708,0.01818654623082728,0.0004862697626080961,0.0,0.005430966759232964,-0.0035627984694278658
61,Kingdom-aligned transparent recording,1.0,0.04,0.96,1.627308393617329,0.0,0.95,0.45,0.94,19.615854073736035,0.3287310979618671,0.3514043936153022,0.7403458199289426,0.9216,0.025155069732200625,0.0069693095170755715,0.018185760215125052,0.0004860207375639711,0.0,0.00543074686135503,-0.003562619516076682
62,Kingdom-aligned transparent recording,1.0,0.04,0.96,1.6277941655494874,0.0,0.95,0.45,0.94,19.842695532998672,0.3287310979618671,0.35133938799092135,0.7403161578634398,0.9216,0.025154432838735603,0.006969457946051348,0.018184974892684256,0.0004857719321585344,0.0,0.005430527157425787,-0.003562440720561348
63,Kingdom-aligned transparent recording,1.0,0.04,0.96,1.6282796888955742,0.0,0.95,0.45,0.94,20.067268577668685,0.3287310979618671,0.3512744396720669,0.7402865219464481,0.9216,0.02515379650672224,0.006969606244179974,0.018184190262542265,0.00048552334608680724,0.0,0.00543030764717593,-0.003562262082662701
64,Kingdom-aligned transparent recording,1.0,0.04,0.96,1.6287649638746187,0.0,0.95,0.45,0.94,20.289595891891995,0.3287310979618671,0.35120954857921066,0.7402569121416785,0.9216,0.025153160735381343,0.006969754411643041,0.018183406323738303,0.00048527497904440013,0.0,0.00543008833033667,-0.003562083602162001
65,Kingdom-aligned transparent recording,1.0,0.04,0.96,1.6292499907053462,0.0,0.95,0.45,0.94,20.509699932973074,0.3287310979618671,0.35114471463297775,0.7402273284129124,0.9216,0.025152525523935248,0.0069699024486217865,0.018182623075313462,0.00048502683072751017,0.0,0.005429869206639739,-0.0035619052788409314
66,Kingdom-aligned transparent recording,1.0,0.04,0.96,1.629734769606179,0.0,0.95,0.45,0.94,20.727602933643343,0.3287310979618671,0.3510799377541464,0.7401977707240008,0.9216,0.02515189087160778,0.0069700503552971,0.01818184051631068,0.0004847789008329194,0.0,0.005429650275817386,-0.0035617271124815946
67,Kingdom-aligned transparent recording,1.0,0.04,0.96,1.630219300795237,0.0,0.95,0.45,0.94,20.943326904306907,0.3287310979618671,0.351015217863648,0.7401682390388648,0.9216,0.025151256777624253,0.006970198131849521,0.018181058645774732,0.00048453118905799817,0.0,0.005429431537602377,-0.003561549102866515
68,Kingdom-aligned transparent recording,1.0,0.04,0.96,1.6307035844903377,0.0,0.95,0.45,0.94,21.156893635263838,0.3287310979618671,0.35095055488256593,0.7401387333214946,0.9216,0.025150623241211485,0.006970345778459242,0.018180277462752244,0.0004842836951006969,0.0,0.005429212991727992,-0.0035613712497786373
69,Kingdom-aligned transparent recording,1.0,0.04,0.96,1.6311876209089973,0.0,0.95,0.45,0.94,21.3683246989112,0.3287310979618671,0.35088594873213597,0.7401092535359501,0.9216,0.025149990261597782,0.006970493295306106,0.018179496966291675,0.0004840364186595503,0.0,0.005428994637928027,-0.003561193553001322
70,Kingdom-aligned transparent recording,1.0,0.04,0.96,1.6316714102684309,0.0,0.95,0.45,0.94,21.577641451922084,0.3287310979618671,0.3508213993337454,0.7400797996463605,0.9216,0.025149357838012937,0.006970640682569612,0.018178717155443325,0.00048378935943367205,0.0,0.005428776475936788,-0.0035610160123183483
71,Kingdom-aligned transparent recording,1.0,0.04,0.96,1.6321549527855537,0.0,0.95,0.45,0.94,21.78486503740286,0.3287310979618671,0.350756906608933,0.7400503716169238,0.9216,0.025148725969688226,0.006970787940428914,0.01817793802925931,0.0004835425171227573,0.0,0.005428558505489096,-0.0035608386275139104
72,Kingdom-aligned transparent recording,1.0,0.04,0.96,1.6326382486769808,0.0,0.95,0.45,0.94,21.990016387028827,0.3287310979618671,0.3506924704793882,0.7400209694119069,0.9216,0.0251480946558564,0.006970935069062818,0.01817715958679358,0.00048329589142707583,0.0,0.0054283407263202785,-0.0035606613983726197
73,Kingdom-aligned transparent recording,1.0,0.04,0.96,1.6331212981590284,0.0,0.95,0.45,0.94,22.193116223158537,0.3287310979618671,0.35062809086695096,0.7399915929956454,0.9216,0.025147463895751676,0.006971082068649791,0.018176381827101885,0.00048304948204747403,0.0,0.005428123138166172,-0.0035604843246795
74,Kingdom-aligned transparent recording,1.0,0.04,0.96,1.6336041014477138,0.0,0.95,0.45,0.94,22.39418506092695,0.3287310979618671,0.35056376769361175,0.7399622423325436,0.9216,0.025146833688609767,0.006971228939367952,0.018175604749241816,0.0004828032886853761,0.0,0.005427905740763124,-0.003560307406219988
75,Kingdom-aligned transparent recording,1.0,0.04,0.96,1.6340866587587566,0.0,0.95,0.45,0.94,22.59324321031768,0.3287310979618671,0.35049950088151066,0.739932917387074,0.9216,0.025146204033667838,0.006971375681395082,0.018174828352272757,0.000482557311042777,0.0,0.005427688533847985,-0.0035601306427799338
76,Kingdom-aligned transparent recording,1.0,0.04,0.96,1.6345689703075788,0.0,0.95,0.45,0.94,22.7903107782145,0.3287310979618671,0.3504352903529371,0.7399036181237771,0.9216,0.025145574930164505,0.006971522294908619,0.018174052635255886,0.00048231154882224337,0.0,0.005427471517158111,-0.0035599540341455962
77,Kingdom-aligned transparent recording,1.0,0.04,0.96,1.6350510363093056,0.0,0.95,0.45,0.94,22.985407670432355,0.3287310979618671,0.35037113603032993,0.739874344507262,0.9216,0.025144946377339876,0.006971668780085662,0.018173277597254213,0.00048206600172691377,0.0,0.005427254690431363,-0.003559777580103647
78,Kingdom-aligned transparent recording,1.0,0.04,0.96,1.6355328569787662,0.0,0.95,0.45,0.94,23.17855359372803,0.3287310979618671,0.3503070378362763,0.739845096502205,0.9216,0.025144318374435495,0.006971815137102967,0.018172503237332528,0.000481820669460496,0.0,0.005427038053406105,-0.0035596012804411646
79,Kingdom-aligned transparent recording,1.0,0.04,0.96,1.6360144325304935,0.0,0.95,0.45,0.94,23.369768057790747,0.3287310979618671,0.35024299569351186,0.7398158740733506,0.9216,0.025143690920694364,0.006971961366136954,0.01817172955455741,0.00048157555172726574,0.0,0.005426821605821202,-0.0035594251349456373
80,Kingdom-aligned transparent recording,1.0,0.04,0.96,1.6364957631787256,0.0,0.95,0.45,0.94,23.559070377212837,0.3287310979618671,0.3501790095249202,0.7397866771855104,0.9216,0.025143064015360924,0.006972107467363707,0.01817095654799722,0.00048133064823206143,0.0,0.005426605347416015,-0.003559249143404959
81,Kingdom-aligned transparent recording,1.0,0.04,0.96,1.636976849137406,0.0,0.95,0.45,0.94,23.746479673440707,0.3287310979618671,0.3501150792535328,0.7397575058035637,0.9216,0.02514243765768109,0.0069722534409589676,0.018170184216722122,0.000481085958680293,0.0,0.005426389277930412,-0.00355907330560743
82,Kingdom-aligned transparent recording,1.0,0.04,0.96,1.6374576906201839,0.0,0.95,0.45,0.94,23.932014876706297,0.3287310979618671,0.35005120480252794,0.7397283598924568,0.9216,0.025141811846902184,0.006972399287098146,0.01816941255980404,0.0004808414827779278,0.0,0.00542617339710475,-0.0035588976213417546
83,Kingdom-aligned transparent recording,1.0,0.04,0.96,1.6379382878404154,0.0,0.95,0.45,0.94,24.115694727939232,0.3287310979618671,0.3499873860952311,0.7396992394172031,0.9216,0.025141186582273,0.006972545005956316,0.018168641576316685,0.00048059722023149995,0.0,0.00542595770467989,-0.003558722090397044
84,Kingdom-aligned transparent recording,1.0,0.04,0.96,1.6384186410111634,0.0,0.95,0.45,0.94,24.297537780659837,0.3287310979618671,0.3499236230551142,0.7396701443428828,0.9216,0.025140561863043746,0.006972690597708215,0.018167871265335533,0.0004803531707481013,0.0,0.005425742200397183,-0.0035585467125628105
85,Kingdom-aligned transparent recording,1.0,0.04,0.96,1.6388987503451988,0.0,0.95,0.45,0.94,24.477562402853238,0.3287310979618671,0.3498599156057954,0.7396410746346429,0.9216,0.025139937688466073,0.006972836062528247,0.018167101625937827,0.00048010933403538555,0.0,0.005425526883998478,-0.0035583714876289674
86,Kingdom-aligned transparent recording,1.0,0.04,0.96,1.6393786160550003,0.0,0.95,0.45,0.94,24.6557867788247,0.3287310979618671,0.3497962636710385,0.739612030257697,0.9216,0.025139314057793058,0.006972981400590485,0.018166332657202574,0.0004798657098015626,0.0,0.005425311755226112,-0.0035581964153858308
87,Kingdom-aligned transparent recording,1.0,0.04,0.96,1.6398582383527558,0.0,0.95,0.45,0.94,24.832228911036452,0.3287310979618671,0.3497326671747527,0.7395830111773245,0.9216,0.025138690970279196,0.006973126612068669,0.018165564358210526,0.0004796222977553987,0.0,0.005425096813822917,-0.0035580214956241157
88,Kingdom-aligned transparent recording,1.0,0.04,0.96,1.640337617450362,0.0,0.95,0.45,0.94,25.006906621926085,0.3287310979618671,0.3496691260409928,0.7395540173588718,0.9216,0.025138068425180408,0.006973271697136206,0.0181647967280442,0.00047937909760621715,0.0,0.005424882059532214,-0.003557846728134938
89,Kingdom-aligned transparent recording,1.0,0.04,0.96,1.640816753559426,0.0,0.95,0.45,0.94,25.179837555706822,0.3287310979618671,0.34960564019395773,0.7395250487677509,0.9216,0.025137446421754046,0.006973416655966175,0.01816402976578787,0.00047913610906389514,0.0,0.005424667492097816,-0.0035576721127098094
90,Kingdom-aligned transparent recording,1.0,0.04,0.96,1.641295646891265,0.0,0.95,0.45,0.94,25.35103918014975,0.3287310979618671,0.34954220955799126,0.7394961053694399,0.9216,0.02513682495925885,0.006973561488731322,0.01816326347052753,0.00047889333183886193,0.0,0.005424453111264021,-0.00355749764914064
91,Kingdom-aligned transparent recording,1.0,0.04,0.96,1.641774297656907,0.0,0.95,0.45,0.94,25.52052878834825,0.3287310979618671,0.3494788340575808,0.7394671871294822,0.9216,0.025136204036955,0.006973706195604072,0.01816249784135093,0.0004786507656420973,0.0,0.0054242389167756125,-0.0035573233372197346
92,Kingdom-aligned transparent recording,1.0,0.04,0.96,1.6422527060670922,0.0,0.95,0.45,0.94,25.688323500464765,0.3287310979618671,0.3494155136173579,0.7394382940134875,0.9216,0.025135583654104066,0.006973850776756509,0.018161732877347556,0.0004784084101851333,0.0,0.0054240249083778655,-0.0035571491767397976
93,Kingdom-aligned transparent recording,1.0,0.04,0.96,1.6427308723322722,0.0,0.95,0.45,0.94,25.854440265460116,0.3287310979618671,0.349352248162097,0.7394094259871301,0.9216,0.025134963809969026,0.006973995232360402,0.018160968577608624,0.00047816626518004765,0.0,0.005423811085816533,-0.0035569751674939215
94,Kingdom-aligned transparent recording,1.0,0.04,0.96,1.6432087966626117,0.0,0.95,0.45,0.94,26.018895862805515,0.3287310979618671,0.34928903761671565,0.73938058301615,0.9216,0.025134344503814254,0.006974139562587186,0.018160204941227068,0.0004779243303394666,0.0,0.005423597448837855,-0.003556801309275596
95,Kingdom-aligned transparent recording,1.0,0.04,0.96,1.6436864792679882,0.0,0.95,0.45,0.94,26.181706904177457,0.3287310979618671,0.3492258819062744,0.7393517650663524,0.9216,0.025133725734905535,0.006974283767607973,0.01815944196729756,0.0004776826053765645,0.0,0.005423383997188554,-0.003556627601878704
96,Kingdom-aligned transparent recording,1.0,0.04,0.96,1.6441639203579932,0.0,0.95,0.45,0.94,26.34288983513568,0.3287310979618671,0.34916278095597564,0.7393229721036069,0.9216,0.025133107502510035,0.006974427847593552,0.018158679654916483,0.00047744109000505484,0.0,0.005423170730615829,-0.0035564540450975144
97,Kingdom-aligned transparent recording,1.0,0.04,0.96,1.6446411201419324,0.0,0.95,0.45,0.94,26.50246093678432,0.3287310979618671,0.3490997346911638,0.7392942040938484,0.9216,0.02513248980589632,0.006974571802714383,0.018157918003181936,0.00047719978393920054,0.0,0.005422957648867363,-0.003556280638726693
98,Kingdom-aligned transparent recording,1.0,0.04,0.96,1.6451180788288262,0.0,0.95,0.45,0.94,26.660436327416477,0.3287310979618671,0.34903674303732496,0.739265461003076,0.9216,0.025131872644334332,0.006974715633140608,0.018157157011193723,0.0004769586868938025,0.0,0.005422744751691316,-0.0035561073825612897
99,Kingdom-aligned transparent recording,1.0,0.04,0.96,1.6455947966274105,0.0,0.95,0.45,0.94,26.81683196414231,0.3287310979618671,0.34897380592008653,0.7392367427973537,0.9216,0.02513125601709541,0.006974859339042043,0.01815639667805337,0.0004767177985842038,0.0,0.0054225320388363255,-0.0035559342763967472
100,Kingdom-aligned transparent recording,1.0,0.04,0.96,1.6460712737461367,0.0,0.95,0.45,0.94,26.971663644500886,0.3287310979618671,0.3489109232652167,0.7392080494428095,0.9216,0.025130639923452266,0.006975002920588181,0.018155637002864086,0.00047647711872628683,0.0,0.005422319510051507,-0.003555761320028893
101,Kingdom-aligned transparent recording,1.0,0.04,0.96,1.6465475103931733,0.0,0.95,0.45,0.94,27.124947008055877,0.3287310979618671,0.34884809499862424,0.7391793809056355,0.9216,0.02513002436267899,0.0069751463779482,0.01815487798473079,0.00047623664703647106,0.0,0.005422107165086448,-0.0035555885132539425
102,Kingdom-aligned transparent recording,1.0,0.04,0.96,1.647023506776405,0.0,0.95,0.45,0.94,27.276697537975316,0.3287310979618671,0.34878532104635823,0.7391507371520878,0.9216,0.025129409334051035,0.006975289711290954,0.018154119622760083,0.0004759963832317126,0.0,0.00542189500369121,-0.0035554158558684956
103,Kingdom-aligned transparent recording,1.0,0.04,0.96,1.6474992631034344,0.0,0.95,0.45,0.94,27.42693056259556,0.3287310979618671,0.34872260133460753,0.7391221181484866,0.9216,0.02512879483684526,0.006975432920784974,0.018153361916060286,0.0004757563270295062,0.0,0.005421683025616331,-0.003555243347669538
104,Kingdom-aligned transparent recording,1.0,0.04,0.96,1.6479747795815822,0.0,0.95,0.45,0.94,27.575661256969603,0.3287310979618671,0.34865993578970056,0.7390935238612154,0.9216,0.02512818087033985,0.0069755760065984785,0.01815260486374137,0.0004755164781478754,0.0,0.005421471230612818,-0.00355507098845444
105,Kingdom-aligned transparent recording,1.0,0.04,0.96,1.6484500564178877,0.0,0.95,0.45,0.94,27.722904644399904,0.3287310979618671,0.34859732433810503,0.7390649542567214,0.9216,0.02512756743381437,0.0069757189688993675,0.018151848464915,0.0004752768363053795,0.0,0.005421259618432147,-0.003554898778020951
106,Kingdom-aligned transparent recording,1.0,0.04,0.96,1.6489250938191087,0.0,0.95,0.45,0.94,27.868675597955903,0.3287310979618671,0.34853476690642743,0.7390364093015153,0.9216,0.025126954526549755,0.0069758618078552175,0.01815109271869454,0.00047503740122111106,0.0,0.005421048188826267,-0.003554726716167207
107,Kingdom-aligned transparent recording,1.0,0.04,0.96,1.6493998919917234,0.0,0.95,0.45,0.94,28.01298884197634,0.3287310979618671,0.3484722634214128,0.7390078889621707,0.9216,0.025126342147828287,0.006976004523633298,0.01815033762419499,0.00047479817261468846,0.0,0.005420836941547592,-0.003554554802691723
108,Kingdom-aligned transparent recording,1.0,0.04,0.96,1.6498744511419297,0.0,0.95,0.45,0.94,28.155858953556574,0.3287310979618671,0.3484098138099443,0.7389793932053245,0.9216,0.025125730296933595,0.006976147116400556,0.018149583180533037,0.00047455915020626246,0.0,0.005420625876349004,-0.003554383037393393
109,Kingdom-aligned transparent recording,1.0,0.04,0.96,1.6503487714756462,0.0,0.95,0.45,0.94,28.297300364021005,0.3287310979618671,0.34834741799904323,0.7389509219976764,0.9216,0.025125118973150673,0.006976289586323628,0.018148829386827044,0.00047432033371651083,0.0,0.005420414992983853,-0.0035542114200714926
110,Kingdom-aligned transparent recording,1.0,0.04,0.96,1.6508228531985127,0.0,0.95,0.45,0.94,28.43732736038079,0.3287310979618671,0.34828507591586805,0.7389224753059889,0.9216,0.025124508175765857,0.0069764319335688324,0.018148076242197025,0.0004740817228666352,0.0,0.00542020429120595,-0.0035540399505256727
111,Kingdom-aligned transparent recording,1.0,0.04,0.96,1.651296696515891,0.0,0.95,0.45,0.94,28.57595408677698,0.3287310979618671,0.3482227874877146,0.7388940530970871,0.9216,0.02512389790406683,0.006976574158302176,0.018147323745764655,0.00047384331737836696,0.0,0.005419993770769572,-0.0035538686285559655
112,Kingdom-aligned transparent recording,1.0,0.04,0.96,1.651770301632865,0.0,0.95,0.45,0.94,28.71319454590921,0.3287310979618671,0.3481605526420156,0.7388656553378585,0.9216,0.025123288157342608,0.006976716260689356,0.018146571896653252,0.0004736051169739578,0.0,0.005419783431429461,-0.0035536974539627755
113,Kingdom-aligned transparent recording,1.0,0.04,0.96,1.6522436687542412,0.0,0.95,0.45,0.94,28.849062600450118,0.3287310979618671,0.34809837130634025,0.7388372819952529,0.9216,0.02512267893488355,0.006976858240895755,0.018145820693987798,0.000473367121376182,0.0,0.005419573272940814,-0.0035535264265468837
114,Kingdom-aligned transparent recording,1.0,0.04,0.96,1.6527167980845496,0.0,0.95,0.45,0.94,28.983571974445614,0.3287310979618671,0.34803624340839395,0.7388089330362824,0.9216,0.02512207023598135,0.006977000099086444,0.018145070136894904,0.00047312933030833686,0.0,0.005419363295059294,-0.003553355546109449
115,Kingdom-aligned transparent recording,1.0,0.04,0.96,1.6531896898280438,0.0,0.95,0.45,0.94,29.116736254701156,0.3287310979618671,0.3479741688760181,0.738780608428021,0.9216,0.02512146205992903,0.006977141835426183,0.01814432022450285,0.00047289174349424037,0.0,0.005419153497541023,-0.003553184812452002
116,Kingdom-aligned transparent recording,1.0,0.04,0.96,1.653662344188702,0.0,0.95,0.45,0.94,29.248568892154143,0.3287310979618671,0.34791214763718936,0.7387523081376043,0.9216,0.025120854406020948,0.0069772834500794285,0.018143570955941518,0.0004726543606582253,0.0,0.005418943880142575,-0.003553014225376443
117,Kingdom-aligned transparent recording,1.0,0.04,0.96,1.654134761370227,0.0,0.95,0.45,0.94,29.3790832032326,0.3287310979618671,0.3478501796200198,0.7387240321322299,0.9216,0.02512024727355277,0.006977424943210322,0.018142822330342447,0.0004724171815251455,0.0,0.005418734442620989,-0.0035528437846850474
118,Kingdom-aligned transparent recording,1.0,0.04,0.96,1.6546069415760474,0.0,0.95,0.45,0.94,29.508292371200273,0.3287310979618671,0.34778826475275654,0.7386957803791572,0.9216,0.025119640661821506,0.006977566314982698,0.01814207434683881,0.00047218020582037105,0.0,0.005418525184733756,-0.0035526734901804627
119,Kingdom-aligned transparent recording,1.0,0.04,0.96,1.6550788850093172,0.0,0.95,0.45,0.94,29.63620944748827,0.3287310979618671,0.347726402963781,0.7386675528457063,0.9216,0.025119034570125473,0.006977707565560086,0.01814132700456539,0.0004719434332697848,0.0,0.00541831610623882,-0.0035525033416657042
120,Kingdom-aligned transparent recording,1.0,0.04,0.96,1.655550591872917,0.0,0.95,0.45,0.94,29.762847353013385,0.3287310979618671,0.347664594181609,0.7386393494992591,0.9216,0.02511842899776429,0.006977848695105708,0.018140580302658582,0.0004717068635997864,0.0,0.005418107206894584,-0.0035523333389441574
121,Kingdom-aligned transparent recording,1.0,0.04,0.96,1.6560220623694542,0.0,0.95,0.45,0.94,29.888218879483247,0.3287310979618671,0.34760283833489,0.7386111703072584,0.9216,0.02511782394403891,0.006977989703782479,0.018139834240256433,0.0004714704965372843,0.0,0.005417898486459897,-0.0035521634818195757
122,Kingdom-aligned transparent recording,1.0,0.04,0.96,1.6564932967012638,0.0,0.95,0.45,0.94,30.012336690688414,0.3287310979618671,0.3475411353524075,0.7385830152372083,0.9216,0.025117219408251595,0.00697813059175301,0.018139088816498585,0.00047123433180970364,0.0,0.005417689944694067,-0.003551993770096081
123,Kingdom-aligned transparent recording,1.0,0.04,0.96,1.6569642950704087,0.0,0.95,0.45,0.94,30.135213323781528,0.3287310979618671,0.34747948516307803,0.7385548842566729,0.9216,0.025116615389705887,0.006978271359179609,0.018138344030526277,0.0004709983691449732,0.0,0.005417481581356844,-0.0035518242035781585
124,Kingdom-aligned transparent recording,1.0,0.04,0.96,1.6574350576786803,0.0,0.95,0.45,0.94,30.25686119054371,0.3287310979618671,0.34741788769595106,0.7385267773332779,0.9216,0.02511601188770666,0.006978412006224278,0.01813759988148238,0.00047076260827153563,0.0,0.005417273396208435,-0.0035516547820706643
125,Kingdom-aligned transparent recording,1.0,0.04,0.96,1.6579055847275985,0.0,0.95,0.45,0.94,30.377292578638272,0.3287310979618671,0.3473563428802088,0.738498694434709,0.9216,0.025115408901560065,0.006978552533048717,0.018136856368511346,0.0004705270489183389,0.0,0.005417065389009491,-0.003551485505378815
126,Kingdom-aligned transparent recording,1.0,0.04,0.96,1.6583758764184133,0.0,0.95,0.45,0.94,30.496519652851887,0.3287310979618671,0.3472948506451657,0.7384706355287124,0.9216,0.025114806430573573,0.0069786929398143235,0.018136113490759248,0.0004702916908148404,0.0,0.005416857559521112,-0.0035513163733081944
127,Kingdom-aligned transparent recording,1.0,0.04,0.96,1.6588459329521044,0.0,0.95,0.45,0.94,30.614554456323365,0.3287310979618671,0.34723341092026816,0.7384426005830944,0.9216,0.02511420447405592,0.006978833226682196,0.018135371247373723,0.0004700565336909967,0.0,0.005416649907504842,-0.0035511473856647455
128,Kingdom-aligned transparent recording,1.0,0.04,0.96,1.6593157545293817,0.0,0.95,0.45,0.94,30.73140891176013,0.3287310979618671,0.34717202363509453,0.7384145895657218,0.9216,0.025113603031317162,0.006978973393813128,0.018134629637504035,0.0004698215772772755,0.0,0.005416442432722674,-0.0035509785422547777
129,Kingdom-aligned transparent recording,1.0,0.04,0.96,1.6597853413506864,0.0,0.95,0.45,0.94,30.84709482264253,0.3287310979618671,0.34711068871935424,0.7383866024445209,0.9216,0.025113002101668617,0.006979113441367618,0.018133888660301,0.00046958682130464254,0.0,0.005416235134937041,-0.0035508098428849596
130,Kingdom-aligned transparent recording,1.0,0.04,0.96,1.660254693616191,0.0,0.95,0.45,0.94,30.9616238744161,0.3287310979618671,0.347049406102888,0.7383586391874779,0.9216,0.0251124016844229,0.006979253369505861,0.01813314831491704,0.000469352265504565,0.0,0.005416028013910819,-0.0035506412873623186
131,Kingdom-aligned transparent recording,1.0,0.04,0.96,1.6607238115258,0.0,0.95,0.45,0.94,31.075007635671938,0.3287310979618671,0.34698817571566704,0.738330699762639,0.9216,0.02511180177889391,0.0069793931783877555,0.018132408600506154,0.0004691179096090168,0.0,0.005415821069407332,-0.003550472875494246
132,Kingdom-aligned transparent recording,1.0,0.04,0.96,1.6611926952791505,0.0,0.95,0.45,0.94,31.187257559315217,0.3287310979618671,0.34692699748779326,0.7383027841381093,0.9216,0.025111202384396812,0.006979532868172901,0.01813166951622391,0.00046888375335046216,0.0,0.005415614301190336,-0.0035503046070884873
133,Kingdom-aligned transparent recording,1.0,0.04,0.96,1.6616613450756124,0.0,0.95,0.45,0.94,31.298384983722062,0.3287310979618671,0.3468658713494985,0.7382748922820539,0.9216,0.02511060350024805,0.006979672439020603,0.018130931061227446,0.0004686497964618689,0.0,0.005415407709024032,-0.0035501364819531486
134,Kingdom-aligned transparent recording,1.0,0.04,0.96,1.6621297611142891,0.0,0.95,0.45,0.94,31.40840113388484,0.3287310979618671,0.34680479723114443,0.7382470241626967,0.9216,0.025110005125765347,0.006979811891089867,0.01813019323467548,0.00046841603867670033,0.0,0.005415201292673059,-0.0035499684998966936
135,Kingdom-aligned transparent recording,1.0,0.04,0.96,1.6625979435940181,0.0,0.95,0.45,0.94,31.51731712254599,0.3287310979618671,0.3467437750632224,0.738219179748321,0.9216,0.025109407260267697,0.0069799512245394026,0.018129456035728294,0.00046818247972891684,0.0,0.005414995051902495,-0.0035498006607279403
136,Kingdom-aligned transparent recording,1.0,0.04,0.96,1.663065892713371,0.0,0.95,0.45,0.94,31.625143951320528,0.3287310979618671,0.34668280477635266,0.7381913590072686,0.9216,0.025108809903075336,0.006980090439527628,0.01812871946354771,0.0004679491193529699,0.0,0.005414788986477852,-0.003549632964256062
137,Kingdom-aligned transparent recording,1.0,0.04,0.96,1.663533608670655,0.0,0.95,0.45,0.94,31.73189251180732,0.3287310979618671,0.34662188630128454,0.7381635619079405,0.9216,0.025108213053509784,0.006980229536212666,0.01812798351729712,0.0004677159572838058,0.0,0.005414583096165076,-0.0035494654102905866
138,Kingdom-aligned transparent recording,1.0,0.04,0.96,1.6640010916639119,0.0,0.95,0.45,0.94,31.837573586689246,0.3287310979618671,0.34656101956889596,0.7381357884187966,0.9216,0.025107616710893826,0.006980368514752342,0.018127248196141484,0.00046748299325686653,0.0,0.0054143773807305545,-0.003549297998641399
139,Kingdom-aligned transparent recording,1.0,0.04,0.96,1.6644683418909199,0.0,0.95,0.45,0.94,31.94219785082235,0.3287310979618671,0.34650020451019303,0.7381080385083545,0.9216,0.02510702087455148,0.006980507375304194,0.018126513499247286,0.0004672502270080785,0.0,0.005414171839941101,-0.003549130729118732
140,Kingdom-aligned transparent recording,1.0,0.04,0.96,1.6649353595491938,0.0,0.95,0.45,0.94,32.045775872314124,0.3287310979618671,0.3464394410563098,0.7380803121451911,0.9216,0.025106425543808045,0.0069806461180254645,0.01812577942578258,0.0004670176582738634,0.0,0.005413966473563967,-0.003548963601533174
141,Kingdom-aligned transparent recording,1.0,0.04,0.96,1.665402144835985,0.0,0.95,0.45,0.94,32.14831811359098,0.3287310979618671,0.3463787291385081,0.7380526092979408,0.9216,0.025105830717990045,0.006980784743073104,0.01812504597491694,0.00046678528679112784,0.0,0.0054137612813668304,-0.0035487966156956615
142,Kingdom-aligned transparent recording,1.0,0.04,0.96,1.6658686979482824,0.0,0.95,0.45,0.94,32.24983493245507,0.3287310979618671,0.34631806868817694,0.7380249299352968,0.9216,0.025105236396425274,0.006980923250603776,0.018124313145821497,0.00046655311229727036,0.0,0.005413556263117807,-0.0035486297714174835
143,Kingdom-aligned transparent recording,1.0,0.04,0.96,1.6663350190828126,0.0,0.95,0.45,0.94,32.35033658313052,0.3287310979618671,0.3462574596368326,0.7379972740260097,0.9216,0.025104642578442755,0.006981061640773848,0.018123580937668908,0.00046632113453016984,0.0,0.005413351418585432,-0.0035484630685102786
144,Kingdom-aligned transparent recording,1.0,0.04,0.96,1.6668011084360408,0.0,0.95,0.45,0.94,32.449833217299215,0.3287310979618671,0.34619690191611796,0.7379696415388881,0.9216,0.025104049263372757,0.006981199913739404,0.018122849349633353,0.0004660893532281942,0.0,0.005413146747538678,-0.0035482965067860314
145,Kingdom-aligned transparent recording,1.0,0.04,0.96,1.667266966204171,0.0,0.95,0.45,0.94,32.54833488512622,0.3287310979618671,0.3461363954578022,0.7379420324427985,0.9216,0.02510345645054679,0.006981338069656236,0.018122118380890555,0.00046585776813019467,0.0,0.005412942249746939,-0.0035481300860570777
146,Kingdom-aligned transparent recording,1.0,0.04,0.96,1.6677325925831465,0.0,0.95,0.45,0.94,32.64585153627496,0.3287310979618671,0.3460759401937812,0.7379144467066648,0.9216,0.025102864139297607,0.006981476108679849,0.018121388030617757,0.000465626378975505,0.0,0.005412737924980039,-0.003547963806136097
147,Kingdom-aligned transparent recording,1.0,0.04,0.96,1.6681979877686506,0.0,0.95,0.45,0.94,32.74239302091221,0.3287310979618671,0.34601553605607605,0.7378868842994685,0.9216,0.025102272328959178,0.00698161403096546,0.018120658297993718,0.0004653951855039422,0.0,0.005412533773008227,-0.00354779766683612
148,Kingdom-aligned transparent recording,1.0,0.04,0.96,1.6686631519561064,0.0,0.95,0.45,0.94,32.83796909070309,0.3287310979618671,0.3459551829768337,0.737859345190248,0.9216,0.025101681018866714,0.006981751836668,0.018119929182198714,0.0004651641874558007,0.0,0.005412329793602172,-0.003547631667970516
149,Kingdom-aligned transparent recording,1.0,0.04,0.96,1.6691280853406782,0.0,0.95,0.45,0.94,32.93258939979606,0.3287310979618671,0.3458948808883264,0.7378318293480991,0.9216,0.02510109020835665,0.006981889525942113,0.018119200682414537,0.0004649333845718562,0.0,0.005412125986532973,-0.003547465809353003
150,Kingdom-aligned transparent recording,1.0,0.04,0.96,1.6695927881172716,0.0,0.95,0.45,0.94,33.0262635057981,0.3287310979618671,0.34583462972295115,0.7378043367421747,0.9216,0.02510049989676665,0.006982027098942158,0.01811847279782449,0.0004647027765933625,0.0,0.005411922351572145,-0.003547300090797642
151,Kingdom-aligned transparent recording,1.0,0.04,0.96,1.6700572604805337,0.0,0.95,0.45,0.94,33.119000870740116,0.3287310979618671,0.3457744294132299,0.7377768673416845,0.9216,0.025099910083435588,0.006982164555822211,0.018117745527613378,0.00046447236326205033,0.0,0.0054117188884916295,-0.003547134512118837
152,Kingdom-aligned transparent recording,1.0,0.04,0.96,1.6705215026248539,0.0,0.95,0.45,0.94,33.210810862032716,0.3287310979618671,0.3457142798918086,0.7377494211158948,0.9216,0.02509932076770357,0.006982301896736064,0.018117018870967505,0.0004642421443201267,0.0,0.005411515597063785,-0.0035469690731313335
153,Kingdom-aligned transparent recording,1.0,0.04,0.96,1.6709855147443642,0.0,0.95,0.45,0.94,33.30170275341239,0.3287310979618671,0.34565418109145774,0.737721998034129,0.9216,0.02509873194891191,0.006982439121837219,0.018116292827074693,0.00046401211951027486,0.0,0.005411312477061393,-0.0035468037736502193
154,Kingdom-aligned transparent recording,1.0,0.04,0.96,1.6714492970329398,0.0,0.95,0.45,0.94,33.39168572587827,0.3287310979618671,0.345594132945071,0.7376945980657662,0.9216,0.02509814362640313,0.0069825762312789065,0.018115567395124224,0.0004637822885756476,0.0,0.005411109528257646,-0.0035466386134909204
155,Kingdom-aligned transparent recording,1.0,0.04,0.96,1.6719128496841997,0.0,0.95,0.45,0.94,33.480768868619485,0.3287310979618671,0.3455341353856664,0.7376672211802427,0.9216,0.025097555799520985,0.006982713225214066,0.01811484257430692,0.00046355265125987686,0.0,0.005410906750426164,-0.0035464735924692066
156,Kingdom-aligned transparent recording,1.0,0.04,0.96,1.6723761728915068,0.0,0.95,0.45,0.94,33.56896117993329,0.3287310979618671,0.34547418834638405,0.7376398673470503,0.9216,0.025096968467610403,0.006982850103795361,0.018114118363815043,0.0004633232073070589,0.0,0.005410704143340974,-0.0035463087104011808
157,Kingdom-aligned transparent recording,1.0,0.04,0.96,1.6728392668479686,0.0,0.95,0.45,0.94,33.65627156813396,0.3287310979618671,0.34541429176048793,0.7376125365357373,0.9216,0.02509638163001754,0.006982986867175171,0.018113394762842367,0.00046309395646176513,0.0,0.005410501706776524,-0.0035461439671032892
158,Kingdom-aligned transparent recording,1.0,0.04,0.96,1.6733021317464376,0.0,0.95,0.45,0.94,33.74270885245262,0.3287310979618671,0.3453544455613641,0.7375852287159077,0.9216,0.02509579528608974,0.006983123515505599,0.018112671770584142,0.00046286489846903415,0.0,0.005410299440507674,-0.0035459793623923114
159,Kingdom-aligned transparent recording,1.0,0.04,0.96,1.673764767779512,0.0,0.95,0.45,0.94,33.828281763928096,0.3287310979618671,0.3452946496825211,0.7375579438572217,0.9216,0.025095209435175563,0.0069832600489384625,0.0181119493862371,0.00046263603307437613,0.0,0.0054100973443097005,-0.0035458148960853665
0,Mixed civic audit regime,0.6168037417791029,0.22052349177633976,0.78,1.1383668494146717,0.22702684318909666,0.62,0.62,0.82,0.5084,0.24374542977319177,0.24374542977319177,0.5069999938460387,0.37720800000000004,0.009771476008810741,0.022308237455371138,-0.012536761446560397,-0.011633150585328237,0.0005234917763397706,-0.003196258220897034,0.0070268431890966685
1,Mixed civic audit regime,0.6135817198055195,0.22104775836775903,0.78,1.1267164807164658,0.23406012385626868,0.62,0.62,0.82,1.0117159999999998,0.24374542977319177,0.24356348703168984,0.5056384636658928,0.3750115409829854,0.009728907509934924,0.022341409226168642,-0.012612501716233718,-0.01165036869820598,0.0005242665914192691,-0.003222021973583411,0.007033280667172018
2,Mixed civic audit regime,0.6103338356954939,0.22157279990735984,0.78,1.115048890947559,0.24109983925196785,0.62,0.62,0.82,1.5099988399999997,0.24374542977319177,0.2433974568832658,0.5042775150167129,0.3728016677323185,0.009686236147875248,0.022374707583302032,-0.012688471435426785,-0.011667589768906667,0.0005250415396008,-0.0032478841100255238,0.007039715395699179
3,Mixed civic audit regime,0.6070599910928954,0.22209861654182894,0.78,1.1033640768482458,0.2481459867571806,0.62,0.62,0.82,2.0032988515999994,0.24374542977319177,0.2432473504743085,0.5029171202903537,0.370578357896951,0.009643461627522307,0.02240813383951302,-0.012764672211990711,-0.011684814099313413,0.0005258166344691036,-0.0032738446025984587,0.0070461475052127735
4,Mixed civic audit regime,0.6037600876827859,0.22262520842963576,0.78,1.0916620348969828,0.2551985638654839,0.62,0.62,0.82,2.491665863083999,0.24374542977319177,0.2431131851080848,0.5015572556738609,0.36834158939234934,0.009600583709420496,0.022441689253350782,-0.012841105543930286,-0.011702041951262957,0.000526591887806833,-0.0032999034101095924,0.007052577108303305
5,Mixed civic audit regime,0.6004340272049021,0.22315257573921335,0.78,1.0799427613508144,0.26225756816495266,0.62,0.62,0.82,2.9751492044531593,0.24374542977319177,0.24299498428729377,0.5001979011808589,0.3660913404103102,0.00955760221003703,0.022475375028267568,-0.012917772818230538,-0.011719273546168377,0.000527367309577577,-0.00332606047788379,0.007059004299468758
6,Mixed civic audit regime,0.5970817114670528,0.22368071864712047,0.78,1.0682062522862117,0.2693229973199017,0.62,0.62,0.82,3.453797712408628,0.24374542977319177,0.2428927777625558,0.49883904068656393,0.36382758942867427,0.009514517002070259,0.02250919231164453,-0.012994675309574271,-0.011736509064602649,0.0005281429079071192,-0.0033523157378492763,0.007065429154949043
7,Mixed civic audit regime,0.5937030423584284,0.22420963733618338,0.78,1.0564525036403696,0.2763948490524447,0.62,0.62,0.82,3.9276597352845415,0.24374542977319177,0.24280660158695064,0.497480661966495,0.36155031522093883,0.009471328014797728,0.02254314219374575,-0.013071814178948022,-0.01175374864584219,0.0005289186890628985,-0.0033786691086244414,0.0070718517325429765
8,Mixed civic audit regime,0.5902979218628225,0.224739331993615,0.78,1.044681511253,0.28347312112385215,0.62,0.62,0.82,4.3967831379316955,0.24374542977319177,0.24273649817671678,0.49612275673895123,0.359259496865768,0.009428035234464484,0.022577225706598886,-0.013149190472134403,-0.011770992387369596,0.0005296946574316317,-0.0034051204956058886,0.00707827207140743
9,Mixed civic audit regime,0.5868662520717645,0.22526980280911008,0.78,1.0328932709086653,0.2905578113156905,0.62,0.62,0.82,4.861215306552379,0.24374542977319177,0.24268251637824934,0.49476532071133955,0.35695511375639905,0.00938463870471223,0.022611443822800035,-0.013226805118087805,-0.011788240344334653,0.0005304708154950594,-0.0034316697910580125,0.007084690191838302
10,Mixed civic audit regime,0.5834079351975601,0.22580104997291384,0.78,1.0210877783796928,0.2976489174107233,0.62,0.62,0.82,5.3210031534868545,0.24374542977319177,0.24264471154153297,0.49340835363043795,0.3546371456099446,0.009341138527050007,0.02264579745424094,-0.013304658927190932,-0.011805492528972616,0.0005312471638037677,-0.0034583168742043967,0.007091106095032854
11,Mixed civic audit regime,0.5799228735862387,0.22633307367386288,0.78,1.009265029469714,0.3047464371735563,0.62,0.62,0.82,5.7761931219519855,0.24374542977319177,0.24262314560016837,0.49205185933669016,0.35230557247658867,0.00929753486136711,0.022680287450755926,-0.013382752589388817,-0.011822748909978684,0.0005320237009490407,-0.0034850616113213558,0.007097519762833009
12,Mixed civic audit regime,0.5764109697304048,0.22686587409739556,0.78,0.9974250200578766,0.3118503683310054,0.62,0.62,0.82,6.226831190732465,0.24374542977319177,0.24261788715815774,0.4906958458226346,0.3499603747486753,0.009253827926489103,0.022714914598686336,-0.013461086672197232,-0.011840009411837521,0.0005328004235326885,-0.003511903855833905,0.007103931157449085
13,Mixed civic audit regime,0.5728721262819904,0.22739945142353035,0.78,0.9855677461437701,0.31896070855216885,0.62,0.62,0.82,6.672962878825141,0.24374542977319177,0.24262901158362887,0.48934032529557747,0.34760153316968756,0.009210018000777821,0.022749679619359506,-0.013539661618581686,-0.01185727391410656,0.0005335773261347952,-0.0035388434484144925,0.007110340221163474
14,Mixed civic audit regime,0.5693062460649055,0.22793380582480968,0.78,0.9736932038931183,0.32607745542818256,0.62,0.62,0.82,7.114633250036889,0.24374542977319177,0.24265660110969356,0.48798531424462865,0.3452290288431148,0.009166105422776294,0.022784583167479763,-0.01361847774470347,-0.011874542250651782,0.0005343544012793302,-0.0035658802170848145,0.007116746876013687
15,Mixed civic audit regime,0.5657132320875845,0.22846893746420724,0.78,0.9618013896842839,0.33320060645163674,0.62,0.62,0.82,7.55188691753652,0.24374542977319177,0.24270074494264665,0.48663083351223,0.3428428432412069,0.009122090591899796,0.022819625829428165,-0.013697535237528369,-0.011891814208834497,0.0005351316393975524,-0.003593013977321018,0.007123151023454155
16,Mixed civic audit regime,0.5620929875554218,0.22900484649299638,0.78,0.9498923001556362,0.3403301589956329,0.62,0.62,0.82,7.984768048361155,0.24374542977319177,0.24276153937773068,0.4852769083703093,0.3404429582136114,0.009077973969174013,0.02285480812146797,-0.013776834152293955,-0.011909089528647632,0.0005359090287891434,-0.003620244532162677,0.007129552543996174
17,Mixed civic audit regime,0.5584454158830959,0.22954153304857738,0.78,0.9379659322538363,0.34746611029245816,0.62,0.62,0.82,8.413320367877542,0.24374542977319177,0.24283908792270345,0.4839235686012098,0.3380293559958922,0.00903375607802178,0.022890130487852295,-0.013856374409830514,-0.011926367901799878,0.0005366865555809945,-0.003647571672325836,0.007135951296825248
18,Mixed civic audit regime,0.5547704207067754,0.23007899725226094,0.78,0.9260222832830903,0.3546084574118533,0.62,0.62,0.82,8.837587164198768,0.24374542977319177,0.24293350142946482,0.4825708485835488,0.335602019217925,0.008989437505099583,0.022925593298830503,-0.01393615579373092,-0.01194364897074594,0.0005374642036835673,-0.0036749951763205297,0.007142347119395152
19,Mixed civic audit regime,0.5510679058962024,0.2306172392070057,0.78,0.9140613509554293,0.3617571972388512,0.62,0.62,0.82,9.25761129255678,0.24374542977319177,0.2430448982340151,0.48121878738317425,0.33316093091216953,0.008945018901185422,0.022961196848549355,-0.014016177947363933,-0.011960932327661045,0.000538241954744747,-0.003702514810573086,0.007148739826997866
20,Mixed civic audit regime,0.5473377755666486,0.23115625899510678,0.78,0.9020831334420716,0.3689123264511598,0.62,0.62,0.82,9.67343517963121,0.24374542977319177,0.24317340430503495,0.47986742884939454,0.33070607452181067,0.008900500982119544,0.02299694135284494,-0.014096440370725397,-0.011978217513357712,0.000539019788101097,-0.0037301303295536672,0.007155129212308601
21,Mixed civic audit regime,0.5435799340907392,0.2316960566758332,0.78,0.8900876294259289,0.37607384149606476,0.62,0.62,0.82,10.085100827834898,0.24374542977319177,0.24331915340139734,0.4785168217166737,0.32823743390876786,0.008855884529799749,0.023032826946921083,-0.014176942417121334,-0.011995504016142688,0.0005397976807264209,-0.003757841475909375,0.007161515044904961
22,Mixed civic audit regime,0.5397942861101359,0.23223663228301072,0.78,0.8780748381553171,0.3832417385668241,0.62,0.62,0.82,10.492649819556549,0.24374542977319177,0.24348228723893994,0.47716701971199094,0.3257549933615684,0.00881117039323311,0.023068853682909656,-0.014257683289676547,-0.012012791270611809,0.0005405756071775314,-0.00378564798060336,0.007167897070759341
23,Mixed civic audit regime,0.5359807365470756,0.23277798582254783,0.78,0.8660447594989367,0.3904160135785276,0.62,0.62,0.82,10.896123321360983,0.24374542977319177,0.24366295566685053,0.4758180816680816,0.32325873760307866,0.008766359489646023,0.02310502152730794,-0.014338662037661917,-0.012030078656380373,0.0005413535395371168,-0.003813549563060341,0.0071742750117035105
24,Mixed civic audit regime,0.5321391906157565,0.23332011726990143,0.78,0.8539973940021901,0.39759666214339195,0.62,0.62,0.82,11.295562088147374,0.24374542977319177,0.24386131685403512,0.4744700716427838,0.32074865179809015,0.008721452805654667,0.02314133035828799,-0.014419877552633324,-0.012047365496746551,0.0005421314473535948,-0.0038415459313189924,0.0071806485648643215
25,Mixed civic audit regime,0.5282695538335649,0.23386302656747926,0.78,0.841932742944905,0.40478367954546135,0.62,0.62,0.82,11.6910064672659,0.24374542977319177,0.24407753748586916,0.4731230590447375,0.3182247215607547,0.008676451398498096,0.023177779962872496,-0.0145013285643744,-0.012064651057285084,0.0005429092975778288,-0.0038696367821916245,0.0071870174020693955
26,Mixed civic audit regime,0.5243717320321333,0.23440671362197585,0.78,0.8298508084005366,0.41197706071468293,0.62,0.62,0.82,12.082496402593241,0.24374542977319177,0.24431179297174876,0.4717771187656893,0.3156869329618645,0.00863135639733632,0.023214370033971466,-0.014583013636635146,-0.012081934544368454,0.0005436870544965804,-0.0038978218014316434,0.0071933811692215695
27,Mixed civic audit regime,0.520445631368224,0.23495117830163842,0.78,0.8177515932969242,0.4191768002003237,0.62,0.62,0.82,12.47007143856731,0.24374542977319177,0.24456426766389266,0.4704323313196786,0.31313527253596973,0.008586169004615897,0.023251100167273595,-0.014664931162657697,-0.01209921510361247,0.0005444646796625611,-0.003926100663909281,0.007199739485640802
28,Mixed civic audit regime,0.5164911583344278,0.23549642043345936,0.78,0.8056351014786811,0.4263828921436959,0.62,0.62,0.82,12.853770724181636,0.24374542977319177,0.24483515508786785,0.46908878298939516,0.31056972728832927,0.008540890497505723,0.02328796985798593,-0.014747079360480208,-0.012116491818243084,0.0005452421318209387,-0.003954473033796102,0.007206091943372181
29,Mixed civic audit regime,0.512508219769669,0.23604243980029152,0.78,0.7935013377713002,0.43359533025015445,0.62,0.62,0.82,13.23363301693982,0.24374542977319177,0.24512465818534326,0.4677465659800149,0.30799028470168843,0.008495522229405883,0.02332497849741499,-0.014829456268009108,-0.012133763707380986,0.0005460193668321443,-0.003982938564758827,0.007212438106458573
30,Mixed civic audit regime,0.508496722869506,0.23658923613788232,0.78,0.7813503080470597,0.4408141077603308,0.62,0.62,0.82,13.609696686770421,0.24374542977319177,0.24543298956960735,0.46640577858084287,0.3053969327428752,0.0084500656315326,0.023362125369382016,-0.014912059737849415,-0.01215102972424039,0.0005467963375908176,-0.004011496900163025,0.007218777510176346
31,Mixed civic audit regime,0.5044565751962187,0.23713680913182303,0.78,0.7691820192928216,0.44803921742056335,0.62,0.62,0.82,13.981999719902717,0.24374542977319177,0.24576037179441823,0.46506652533510867,0.3027896598692107,0.008404522214582533,0.02339940964646489,-0.014994887431882358,-0.012168288754238137,0.0005475729939407162,-0.004040147673287253,0.007225109660232566
32,Mixed civic audit regime,0.5003876846886703,0.23768515841440843,0.78,0.7569964796798125,0.45527065145248524,0.62,0.62,0.82,14.35057972270369,0.24374542977319177,0.2461070376367876,0.4637289172182844,0.3001684550347235,0.008358893570479857,0.023436830386058406,-0.01507793681557855,-0.012185539613009076,0.0005483492825854084,-0.004068890507548281,0.007231434031921885
33,Mixed civic audit regime,0.49628995967193235,0.23823428356140297,0.78,0.7447936986354892,0.4625084015217265,0.62,0.62,0.82,14.715473925476653,0.24374542977319177,0.24647323039434113,0.4623930718253156,0.29753330769616326,0.008313181374209827,0.023474386526244395,-0.015161205152034568,-0.012202781044323353,0.0005491251469945509,-0.004097725016737989,0.007237750069241289
34,Mixed civic audit regime,0.49216330886665965,0.23878418408870852,0.78,0.7325736869175881,0.46975245870568727,0.62,0.62,0.82,15.076719186221887,0.24374542977319177,0.24685920419793267,0.4610591135671793,0.29488420781880215,0.008267387385742677,0.023512076881462545,-0.015244689495719868,-0.012220011717901047,0.0005499005273055471,-0.004126650805272676,0.0072440571839607485
35,Mixed civic audit regime,0.48800764139820424,0.23933485944892888,0.78,0.7203364566904688,0.47700281346033496,0.62,0.62,0.82,15.434351994359668,0.24374542977319177,0.24726522434023473,0.4597271738772133,0.29222114588201753,0.008221513452052052,0.02354990013797227,-0.01532838668592022,-0.012237230227119273,0.0005506753602203672,-0.004155667468455424,0.00725035475464767
36,Mixed civic audit regime,0.48382286680545195,0.23988630902782618,0.78,0.7080820216038621,0.48425945558597794,0.62,0.62,0.82,15.788408474416071,0.24374542977319177,0.2476915676210716,0.4583973914276799,0.2895441128846462,0.00817556150923237,0.02358785484909534,-0.015412293339862972,-0.01225443508660657,0.0005514495788972956,-0.004184774592752304,0.0072566421256429585
37,Mixed civic audit regime,0.47960889504936877,0.24043853214066355,0.78,0.695810396874143,0.49152237419196426,0.62,0.62,0.82,16.13892438967191,0.24374542977319177,0.24813852271030645,0.45706991235706473,0.2868531003500998,0.008129533584719776,0.023625939430228445,-0.01549640584550867,-0.012271624729719106,0.0005522231128373598,-0.004213971756083173,0.007262918605986315
38,Mixed civic audit regime,0.47536563652124086,0.24099152802842871,0.78,0.6835215993682502,0.49879155766025257,0.62,0.62,0.82,16.48593514577519,0.24374542977319177,0.24860639052914846,0.4557448905086376,0.2841481003312325,0.008083431799621763,0.023664152153614025,-0.015580720353992262,-0.012288797505892835,0.0005529958877651776,-0.004243258528127896,0.007269183468288301
39,Mixed civic audit regime,0.471093002050592,0.24154529585393267,0.78,0.6712156476903848,0.506066993607799,0.62,0.62,0.82,16.82947579431744,0.24374542977319177,0.249095484650795,0.45442248768083326,0.2814291054149487,0.008037258371160656,0.02370249114285732,-0.015665232771696663,-0.012305951677865468,0.0005537678255039461,-0.004272634470648868,0.007275435947546499
40,Mixed civic audit regime,0.46679090291276126,0.24209983469777693,0.78,0.6588925622716232,0.513348668847702,0.62,0.62,0.82,17.16958103637426,0.24374542977319177,0.24960613172138477,0.4531028738900514,0.27869610872654027,0.007991015615236699,0.023740954367176423,-0.015749938751939724,-0.012323085418761625,0.0005545388438442731,-0.004302099137830731,0.00728167523990297
41,Mixed civic audit regime,0.462459250836123,0.24265514355418347,0.78,0.646552365462589,0.520636569349042,0.62,0.62,0.82,17.50628522601052,0.24374542977319177,0.2501386719022971,0.45178622764650617,0.27594910393374145,0.00794470594911672,0.023779539635371667,-0.015834833686254948,-0.01234019680903422,0.0005553088564065399,-0.004331652076638261,0.0072879005013400016
42,Mixed civic audit regime,0.45809795800892955,0.24321122132667994,0.78,0.6341950816293344,0.5279306801953529,0.62,0.62,0.82,17.839622373750416,0.24374542977319177,0.25069345933489784,0.45047273624379885,0.27318808525048827,0.007898331894254753,0.023818244589499535,-0.01591991269524478,-0.012357283833254644,0.0005560777724964589,-0.00436129282719343,0.0072941108463109704
43,Mixed civic audit regime,0.4537069370857568,0.24376806682363342,0.78,0.6218207372525905,0.5352309855416559,0.62,0.62,0.82,18.16962615001291,0.24374542977319177,0.2512708626289016,0.449162596062927,0.2704130474403693,0.007851896079251424,0.023857066698235733,-0.016005170618984307,-0.01237434437674385,0.0005568454969534732,-0.0043910209231727525,0.007300305346302953
44,Mixed civic audit regime,0.4492861011935308,0.24432567875362504,0.78,0.6094293610305545,0.5425374685699834,0.62,0.62,0.82,18.496329888512783,0.24374542977319177,0.25187126537559623,0.4478560128914941,0.2676239858197543,0.007805401242959371,0.023896003249910515,-0.016090602006951144,-0.012391376222035962,0.0005576119299916183,-0.0044208358922260054,0.00730648302832747
45,Mixed civic audit regime,0.4448353639371132,0.2448840557206575,0.78,0.597020983985389,0.549850111443319,0.62,0.62,0.82,18.819766589627655,0.24374542977319177,0.2524950666872514,0.4465532022589244,0.2648208962605842,0.007758850237742349,0.023935051345198972,-0.016176201107456625,-0.012408377045165443,0.0005583769670324449,-0.004450737256417583,0.007312642873335534
46,Mixed civic audit regime,0.4403546394044215,0.24544319621918706,0.78,0.5845956395736207,0.5571688952578719,0.62,0.62,0.82,19.13996892373138,0.24374542977319177,0.2531426817641209,0.44525438978854787,0.2620037751928102,0.007712246032896289,0.023974207889447284,-0.016261961856550995,-0.012425344411768385,0.0005591404985295773,-0.004480724532691713,0.007318783814552971
47,Mixed civic audit regime,0.43584384217105854,0.24600309862897152,0.78,0.572153363800633,0.5644937999936036,0.62,0.62,0.82,19.456969234494068,0.24374542977319177,0.25381454249053814,0.443959811567468,0.2591726196064611,0.007665591718240983,0.02401346958461512,-0.016347877866374136,-0.012442275772987762,0.0005599024097844492,-0.00451079723336293,0.007324904735731623
48,Mixed civic audit regime,0.4313028873044253,0.24656376120972426,0.78,0.5596941953394611,0.5718248044629155,0.62,0.62,0.82,19.770799542149128,0.24374542977319177,0.2545110980617005,0.4426697145351919,0.25632742705332495,0.00761889050789178,0.02405283292081285,-0.01643394241292107,-0.012459168461171895,0.0005606625807527353,-0.004540954866633236,0.007331004469311869
49,Mixed civic audit regime,0.4267316903672878,0.24712518209556522,0.78,0.5472181756541064,0.579161886257407,0.62,0.62,0.82,20.081491546727634,0.24374542977319177,0.25523281564284456,0.4413843568920598,0.25346819564822526,0.007572145744221169,0.024092294167411044,-0.016520148423189874,-0.012476019685354669,0.00056142088584096,-0.004571196937137453,0.007337081794491515
50,Mixed civic audit regime,0.42213016742076936,0.24768735928925795,0.78,0.5347253491276011,0.5865050216926029,0.62,0.62,0.82,20.38907663126036,0.24374542977319177,0.25598018106262216,0.4401040085285811,0.2505949240698723,0.007525360902020817,0.024131849363698075,-0.016606488461677258,-0.012492826526505308,0.0005621771936927389,-0.004601522946518428,0.007343135435195845
51,Mixed civic audit regime,0.41749823502673555,0.248250290656222,0.78,0.5222157631950665,0.593854185750546,0.62,0.62,0.82,20.693585864947757,0.24374542977319177,0.2567536995426114,0.4388289514768613,0.24770761156126964,0.007478539592875412,0.024171494309060133,-0.016692954716184722,-0.012509585932534642,0.0005629313669640589,-0.004631932394033798,0.007349164057943223
52,Mixed civic audit regime,0.4128358102495394,0.24881397391830898,0.78,0.5096894684820225,0.6012093520201464,0.62,0.62,0.82,20.99505000629828,0.24374542977319177,0.2575538964650201,0.43755948038537534,0.24480625792965324,0.007431685569760283,0.024211224552656313,-0.016779538982896032,-0.01252629471304401,0.0005636832620869804,-0.0046624247771961495,0.007355166269600299
53,Mixed civic audit regime,0.40814281065709085,0.24937840664733008,0.78,0.4971465189482205,0.6085704926351668,0.62,0.62,0.82,21.293499506235293,0.24374542977319177,0.258381318180781,0.43629590301843263,0.24189086354594191,0.0073848027318756514,0.024251035382559454,-0.0168662326506838,-0.012542949533801993,0.0005644327290210897,-0.004692999592448556,0.007361140615020488
54,Mixed civic audit regime,0.4034191543212133,0.24994358625832208,0.78,0.48458697203728734,0.6159375782097257,0.62,0.62,0.82,21.58896451117294,0.24374542977319177,0.25923653286038295,0.4350385407817682,0.2389614293436728,0.007337895129731259,0.024290921814331644,-0.016953026684600386,-0.012559546910933158,0.0005651796109919921,-0.004723656335877556,0.007367085574558906
55,Mixed civic audit regime,0.39866475981724747,0.2505095100025382,0.78,0.4720108888324854,0.6233105777711823,0.62,0.62,0.82,21.88147486606121,0.24374542977319177,0.26012013138994206,0.4337877292757891,0.2360179568173984,0.007290966970495981,0.024330878579001004,-0.017039911608505022,-0.012576083204801945,0.0005659237442160875,-0.004754394503965813,0.0073729995614565565
56,Mixed civic audit regime,0.39387954622286064,0.251076174960149,0.78,0.4594183342189117,0.6306894586902683,0.62,0.62,0.82,22.1710601174006,0.24374542977319177,0.26103272831518815,0.43254381887811455,0.23306044802051643,0.007244022623628081,0.02437090011040416,-0.017126877486776076,-0.012592554613573646,0.000566664957610814,-0.004785213594386828,0.0073788809190860095
57,Mixed civic audit regime,0.3890634331160164,0.2516435780326385,0.78,0.4468093770524784,0.6380741866083186,0.62,0.62,0.82,22.457749516226592,0.24374542977319177,0.261974962836224,0.431307175357154,0.23008890556250475,0.007197066626802831,0.02441098053185646,-0.01721391390505363,-0.01260895716643327,0.0005674030724894971,-0.004816113106844258,0.007384727918050333
58,Mixed civic audit regime,0.38421634057205784,0.25221171593487834,0.78,0.4341840903360368,0.6454647253614451,0.62,0.62,0.82,22.74157202106433,0.24374542977319177,0.26294749985611376,0.43007818051859514,0.22710333260553112,0.007150103692155378,0.024451113642109206,-0.01730100994995383,-0.012625286716441635,0.0005681379022398736,-0.0048470925439585205,0.00739053875312642
59,Mixed civic audit regime,0.3793381891598542,0.25278058518686364,0.78,0.4215425514030301,0.6528610369014883,0.62,0.62,0.82,23.022556300853687,0.24374542977319177,0.2639510310865682,0.4288572328867992,0.22410373286040441,0.00710313871285796,0.02449129290055036,-0.0173881541876924,-0.012641538933006692,0.0005688692519853011,-0.004878151412203637,0.007396311540043267
60,Mixed civic audit regime,0.3744288999369568,0.25335018210509125,0.78,0.40888484210908355,0.6602630812135735,0.62,0.62,0.82,23.30073073784515,0.24374542977319177,0.2649862762142253,0.42764474842324246,0.22109011058183484,0.007056176770051978,0.024531511411602355,-0.017475334641550377,-0.01265770929394655,0.0005695969182275948,-0.0049092892228973575,0.007402044312085099
61,Mixed civic audit regime,0.36948839444370885,0.2539205027935616,0.78,0.3962110490319647,0.667670816230082,0.62,0.62,0.82,23.5761234304667,0.24374542977319177,0.26605398413126913,0.4264411612842944,0.21806247056296546,0.007009223140156779,0.024571761908266914,-0.017562538768110134,-0.012673793077118873,0.0005703206884703492,-0.004940505493247956,0.007407735016508502
62,Mixed civic audit regime,0.36451659469624764,0.25449154313438316,0.78,0.383521263680375,0.6750841977408439,0.62,0.62,0.82,23.848762196162035,0.24374542977319177,0.2671549342344,0.425246924620787,0.21502081812913765,0.00696228330257869,0.024612036734763698,-0.017649753432185007,-0.012689785351589732,0.0005710403408215379,-0.004971799747461211,0.007413381510761964
63,Mixed civic audit regime,0.35951342317833623,0.25506329877795725,0.78,0.37081558271206216,0.6825031792993393,0.62,0.62,0.82,24.118674574200412,0.24374542977319177,0.2682899377964528,0.42406251142200324,0.21196515913084907,0.006915362947845401,0.02465232782820534,-0.01773696488035994,-0.012705680968312842,0.0005717556435740779,-0.0050031715179114115,0.007418981558495398
64,Mixed civic audit regime,0.3544788028319557,0.25563576513272024,0.78,0.35809410816177395,0.6899277121246856,0.62,0.62,0.82,24.385887828458408,0.24374542977319177,0.26945983941527074,0.4228884154069025,0.20889549993586096,0.006868467986192665,0.02469262669924765,-0.017824158713054986,-0.012721474550288239,0.0005724663547629707,-0.005034620346380502,0.007424532825346317
65,Mixed civic audit regime,0.349412657046586,0.25620893735441774,0.78,0.345356947679607,0.697357744999174,0.62,0.62,0.82,24.650428950173826,0.24374542977319177,0.2706655185447822,0.4217251519656121,0.20581184742040887,0.006821604556632308,0.024732924411648993,-0.017911319855016684,-0.012737160482166965,0.0005731722216975134,-0.0050661457853697295,0.00743003287448835
66,Mixed civic audit regime,0.3443149096470974,0.2567828103348847,0.78,0.33260421478034086,0.7047932241611008,0.62,0.62,0.82,24.912324660672084,0.24374542977319177,0.2719078911135821,0.420573259154425,0.20271420895946732,0.006774779036532481,0.024773211560668116,-0.017998432524135636,-0.01275273289926613,0.0005738729804669758,-0.005097747399488578,0.00743547916192678
67,Mixed civic audit regime,0.33918548488017136,0.25735737869030273,0.78,0.319836029104385,0.7122340931926253,0.62,0.62,0.82,25.171601414065364,0.24374542977319177,0.2731879112367208,0.4194332987477952,0.19960259241601677,0.006727998051743596,0.024813478250224577,-0.018085480198480983,-0.012768185675955826,0.0005745683554180121,-0.005129424766926019,0.007440869031524575
68,Mixed civic audit regime,0.3340243073991618,0.2579326367489047,0.78,0.30705251669100825,0.7196802929023666,0.62,0.62,0.82,25.42828539992471,0.24374542977319177,0.2745065730268185,0.4183058573510737,0.1964770061292567,0.006681268487305693,0.02485371406873995,-0.018172445581434257,-0.012783512413376753,0.0005752580586019538,-0.005161177481009593,0.007446199709741242
69,Mixed civic audit regime,0.32883130224730356,0.25850857853809467,0.78,0.2942538102645641,0.7271317612024321,0.62,0.62,0.82,25.682402545925463,0.24374542977319177,0.2758649125110893,0.41719154757801274,0.19333745890170606,0.006634597498775728,0.024893908063572154,-0.018259310564796426,-0.012798706426444153,0.0005759417891899869,-0.005193005151858196,0.007451468300065447
70,Mixed civic audit regime,0.32360639483916864,0.25908519777094874,0.78,0.28144004953447377,0.734588432979553,0.62,0.62,0.82,25.933978520466205,0.24374542977319177,0.2772640096613553,0.41609100929737197,0.19018395998512758,0.006587992524216211,0.024934048713948324,-0.01834605618973211,-0.012813760730090312,0.000576619232854064,-0.005224907408134919,0.00745667177712091
71,Mixed civic audit regime,0.31834951094026187,0.25966248783206,0.78,0.26861138150977937,0.7420502399599765,0.62,0.62,0.82,26.18303873526154,0.24374542977319177,0.27870499054466613,0.4150049109532854,0.18701651906520875,0.006541461296889687,0.02497412390229457,-0.01843266260540488,-0.0128286680246944,0.0005772900611112481,-0.005256883898906786,0.007461806980423553
72,Mixed civic audit regime,0.3130605766446431,0.26024044176268896,0.78,0.2557679608291351,0.7495171105677427,0.62,0.62,0.82,26.429608347908925,0.24374542977319177,0.2801890296027318,0.41393395096441304,0.18383514624492725,0.006495011858707027,0.025014120883853044,-0.018519109025146016,-0.012843420680644254,0.0005779539306289914,-0.005288934295618777,0.00746687060776614
73,Mixed civic audit regime,0.307739518350453,0.26081905224517765,0.78,0.24290995010716449,0.7569889697759475,0.62,0.62,0.82,26.673712264429838,0.24374542977319177,0.28171735206900744,0.4128788592072857,0.18063985202652408,0.006448652574481192,0.025054026254468266,-0.018605373679987075,-0.012858010721970613,0.0005786104824886776,-0.005321058294190104,0.007471859208204848
74,Mixed civic audit regime,0.3023862627332116,0.26139831158658217,0.78,0.23003752029817492,0.7644657389505677,0.62,0.62,0.82,26.91537514178554,0.24374542977319177,0.28329123653295823,0.4118403985896738,0.1774306472920023,0.006402392147042095,0.025093825916415225,-0.018691433769373128,-0.01287242980898957,0.0005792593414045306,-0.005353255617241356,0.007476769174620192
75,Mixed civic audit regime,0.2970007367167498,0.26197821170147695,0.78,0.21715085107829096,0.7719473356863902,0.62,0.62,0.82,27.15462139036768,0.24374542977319177,0.2849120176617877,0.41081936672027564,0.1742075432820633,0.006356239633272634,0.025133505042131958,-0.018777265408859323,-0.012886669219883951,0.0005799001148947778,-0.00538552601646182,0.007481596735822531
76,Mixed civic audit regime,0.29158286744162276,0.26255874409387864,0.78,0.20425013124714203,0.7794336736345603,0.62,0.62,0.82,27.391475176464006,0.24374542977319177,0.28658108909072155,0.4098165976815108,0.17097055157338611,0.006310204461130612,0.025173048035708162,-0.01886284357457755,-0.012900719831148925,0.0005805323924017017,-0.005417869275127069,0.007486337948170095
77,Mixed civic audit regime,0.28613258223084503,0.2631398998382356,0.78,0.191335559150321,0.786924662321225,0.62,0.62,0.82,27.625960424699365,0.24374542977319177,0.2882999064938327,0.40883296391275853,0.16771968405414955,0.006264296447726524,0.02521243849196942,-0.018948142044242895,-0.01291457209682103,0.0005811557443569463,-0.005450285210777704,0.007490988686664809
78,Mixed civic audit regime,0.28064980855277394,0.2637216695594238,0.78,0.1784073431239176,0.7944202069567134,0.62,0.62,0.82,27.85810082045237,0.24374542977319177,0.2900699908483565,0.4078693782119641,0.16445495289768852,0.006218525818532708,0.025251659152983837,-0.019033133334451127,-0.012928216026403391,0.0005817697211881526,-0.005482773678071082,0.007495544635488448
79,Mixed civic audit regime,0.2751344739809551,0.26430404341168645,0.78,0.16546570196252477,0.801920208234652,0.62,0.62,0.82,28.087919812247847,0.24374542977319177,0.2918929319064989,0.40692679586418656,0.16117637053416892,0.006172903227805548,0.025290691861803383,-0.019117788633997834,-0.01294164116139282,0.0005823738522626768,-0.005515334571818851,0.007500001277938623
80,Mixed civic audit regime,0.2695865061507309,0.26488701105645024,0.78,0.15251086541221814,0.8094245621203727,0.62,0.62,0.82,28.31544061412537,0.24374542977319177,0.29377039188988885,0.4060062169063614,0.15788394962015614,0.006127439780309003,0.025329517513237126,-0.019202077732928122,-0.01295483655030662,0.0005829676447637979,-0.005547967830224199,0.007504353885720695
81,Mixed civic audit regime,0.26400583271239697,0.26547056163894467,0.78,0.13954307469011945,0.8169331596279209,0.62,0.62,0.82,28.540686207984116,0.24374542977319177,0.2957041094230775,0.40510868853831955,0.1545777030059437,0.006082147054435048,0.025368116001436333,-0.019285968947001284,-0.0129677907220987,0.0005835505824944415,-0.005580673438333912,0.007508597507548201
82,Mixed civic audit regime,0.2583923812806753,0.2660546837635477,0.78,0.12656258303227433,0.8244458865849212,0.62,0.62,0.82,28.763679345904272,0.24374542977319177,0.29769590372385835,0.4042353076909445,0.15125764370049813,0.006037037126824541,0.02540646616405318,-0.019369429037228637,-0.012980491657845115,0.0005841221246030302,-0.005613451431721657,0.0075127269570002915
83,Mixed civic audit regime,0.25274607938025495,0.2666393654677733,0.78,0.11356965627170496,0.8319626233845017,0.62,0.62,0.82,28.98444255244523,0.24374542977319177,0.2997476790696686,0.403387223763257,0.14792378483386548,0.005992122598600609,0.0254445457227146,-0.01945242312411399,-0.01299292676056938,0.0005846817042256221,-0.005646301900420361,0.007516736799580469
84,Mixed civic audit regime,0.24706685438713186,0.26722459419481126,0.78,0.10056457344863831,0.8394832447234177,0.62,0.62,0.82,29.202998126920775,0.24374542977319177,0.30186142956097367,0.40256564154122615,0.14457613961687235,0.005947416623336171,0.02548233121953066,-0.01953491459619449,-0.013005082823066644,0.000585228727037999,-0.00567922499312309,0.007520621338916098
85,Mixed civic audit regime,0.24135463346545824,0.2678103567645221,0.78,0.08754762745506436,0.8470076193254508,0.62,0.62,0.82,29.419368145651568,0.24374542977319177,0.3040392442043165,0.4017718243121922,0.14121472129794277,0.005902932936887492,0.025519797949332873,-0.019616865012445382,-0.013016945993573954,0.000585762569710828,-0.0057122209216736095,0.007524374602033038
86,Mixed civic audit regime,0.23560934349958854,0.2683966393427825,0.78,0.07451912571594377,0.8545356096490848,0.62,0.62,0.82,29.63357446419505,0.24374542977319177,0.3062833123396696,0.40100709718998667,0.1378395431168367,0.005858685889236949,0.025556919887311298,-0.019698233998074348,-0.013028501739120598,0.0005862825782604269,-0.005745289965869692,0.0075279903236340805
87,Mixed civic audit regime,0.22983091102098419,0.26898342740906955,0.78,0.06147939090956568,0.8620670715783885,0.62,0.62,0.82,29.8456387195531,0.24374542977319177,0.30859592943887193,0.4002728506671473,0.13445061825510096,0.00581469047850059,0.02559366961169036,-0.01977897913318977,-0.01303973480637809,0.000586788066287014,-0.005778432478604358,0.007531461929303648
88,Mixed civic audit regime,0.22401926212961165,0.2695707057221612,0.78,0.04842876172975211,0.8696018540959429,0.62,0.62,0.82,30.055582332357567,0.24374542977319177,0.31097950330427293,0.39957054441206075,0.13104795978300854,0.005770962387269529,0.02563001822105158,-0.01985905583378205,-0.013050629179813578,0.000587278313091611,-0.00581164889137252,0.0075347825175544475
89,Mixed civic audit regime,0.21817432240943857,0.2701584582838232,0.78,0.03536759369281898,0.8771397989365672,0.62,0.62,0.82,30.26342650903399,0.24374542977319177,0.313436560699285,0.39890171133044255,0.12763158060274005,0.0057275180214690895,0.025665935245876462,-0.019938417224407375,-0.013061168036933128,0.0005877525616619908,-0.00584493972017307,0.007537944840624308
90,Mixed civic audit regime,0.2122960168375993,0.2707466683003404,0.78,0.022296259992436736,0.8846807402204905,0.62,0.62,0.82,30.469192243943652,0.24374542977319177,0.3159697544453669,0.39826796191229563,0.12420149338754576,0.005684374551935877,0.025701388553844514,-0.020017014001908636,-0.013071333700382241,0.0005882100165172008,-0.005878305571839269,0.007540941283923237
91,Mixed civic audit regime,0.20638426968676593,0.27133531814173967,0.78,0.009215152405786499,0.8922245040645123,0.62,0.62,0.82,30.672900321504216,0.24374542977319177,0.318581871023059,0.3976709888873827,0.12075771051660134,0.005641549958930701,0.02573634424837947,-0.02009479428944877,-0.013081107586650237,0.0005886498413992606,-0.0059117471508333755,0.007543763844021788
92,Mixed civic audit regime,0.200439004420221,0.27192438929853924,0.78,0.0,0.8997709081695742,0.62,0.62,0.82,30.87457131828917,0.24374542977319177,0.3212758387181007,0.3971125722143397,0.11730024400524822,0.005599063079824955,0.025770766559890225,-0.02017170348006527,-0.013090470151101995,0.0005890711567995897,-0.005945265266544922,0.007546404105061936
93,Mixed civic audit regime,0.19445958900317573,0.2725142378982991,0.78,0.0,0.907323415386381,0.62,0.62,0.82,31.074225605106278,0.24374542977319177,0.3227989212871453,0.3958217606983753,0.11382910543028325,0.005547853076502675,0.025818646207150846,-0.02027079313064817,-0.013107746661329658,0.0005898485997598346,-0.005979415417045273,0.007552507216806798
94,Mixed civic audit regime,0.18844467440605855,0.2731057527738685,0.78,0.0,0.9148906675871099,0.62,0.62,0.82,31.271883349055216,0.24374542977319177,0.32137168656226084,0.392703188428174,0.11034393419708788,0.005475118277870066,0.02589999395306219,-0.020424875675192126,-0.013144775012653178,0.0005915148755693929,-0.006014914597117184,0.007567252200728982
95,Mixed civic audit regime,0.1823942509216748,0.27369893863282585,0.78,0.0,0.92247270071556,0.62,0.62,0.82,31.46756451556466,0.24374542977319177,0.319952965294563,0.3895770140245887,0.10684389280200901,0.0054022778256332254,0.025981850044428066,-0.02057957221879484,-0.013181907976829449,0.0005931858589573252,-0.006050423484383755,0.0075820331284500615
96,Mixed civic audit regime,0.17630831082382975,0.27429380021297034,0.78,0.0,0.9300695509526182,0.62,0.62,0.82,31.661288870409017,0.24374542977319177,0.3185426834343996,0.38644318734333766,0.10332904766471282,0.0053293332015324005,0.026064218330887685,-0.020734885129355285,-0.013219146225433527,0.0005948615801445087,-0.006085940097845036,0.007596850237058219
97,Mixed civic audit regime,0.17018684838580236,0.274890342281786,0.78,0.0,0.9376812547105782,0.62,0.62,0.82,31.853075981704926,0.24374542977319177,0.3171407677704308,0.3833016594418276,0.0997994667062889,0.005256285920258334,0.026147102651407884,-0.02089081673114955,-0.013256490418125162,0.0005965420688156323,-0.006121462438027399,0.007611703757959906
98,Mixed civic audit regime,0.1640298598986265,0.2754885696359047,0.78,0.0,0.9453078486274571,0.62,0.62,0.82,32.04294522188788,0.24374542977319177,0.3157471459192081,0.38015238257934103,0.09625521935731318,0.005183137529268557,0.026230506833911402,-0.021047369304642845,-0.013293941202636984,0.0005982273541186642,-0.006156988487175864,0.007626593916878966
99,Mixed civic audit regime,0.15783734368917401,0.276088487100569,0.78,0.0,0.9529493695613127,0.62,0.62,0.82,32.230915769669,0.24374542977319177,0.3143617463148915,0.37699531021724136,0.09269637656570934,0.00510988960859765,0.026314434694898074,-0.021204545086300423,-0.013331499214762326,0.0005999174646643047,-0.006192516209452486,0.007641520933855657
100,Mixed civic audit regime,0.15160930013803317,0.2766900995290944,0.78,0.0,0.9606058545845584,0.62,0.62,0.82,32.417006611972305,0.24374542977319177,0.3129844981990992,0.3738303970191885,0.0891230108044048,0.0050365437706613595,0.02639889003905946,-0.0213623462683981,-0.01336916507834287,0.0006016124285254291,-0.006228043551140832,0.007656485023245635
101,Mixed civic audit regime,0.1453457316971766,0.2772934118023309,0.78,0.0,0.9682773409782772,0.62,0.62,0.82,32.601236545852586,0.24374542977319177,0.3116153316108917,0.37065759885136834,0.08553519607877746,0.004963101660054599,0.02648387665888641,-0.021520774998831812,-0.01340693940525597,0.0006033122732365186,-0.006263568440856558,0.007671486393718868
102,Mixed civic audit regime,0.13904664290741248,0.277898428828124,0.78,0.0,0.9759638662265357,0.62,0.62,0.82,32.783624180394064,0.24374542977319177,0.31025417737688693,0.36747687278272717,0.08193300793388904,0.004889564953343212,0.026569398334270133,-0.02167983338092692,-0.013444822795401832,0.0006050170257930824,-0.006299088789764118,0.007686525248258532
103,Mixed civic audit regime,0.13271204041561288,0.27850515554077504,0.78,0.0,0.9836654680106957,0.62,0.62,0.82,32.96418793859012,0.24374542977319177,0.30890096710150367,0.36428817708521066,0.07831652346150153,0.004815935358849475,0.02665545883209649,-0.021839523473247014,-0.01348281583669051,0.000606726712651073,-0.0063346024917995845,0.007701601784159874
104,Mixed civic audit regime,0.12634193299171326,0.27911359690050136,0.78,0.0,0.9913821842037247,0.62,0.62,0.82,33.14294605920422,0.24374542977319177,0.3075556331573347,0.3610914712340041,0.07468582130687261,0.004742214616431292,0.026742061905833787,-0.021999847289402494,-0.013520919105028754,0.0006084413597262939,-0.006370107423899628,0.007716716193029081
105,Mixed civic audit regime,0.11993633154547663,0.27972375789289516,0.78,0.0,0.9991140528645068,0.62,0.62,0.82,33.31991659861218,0.24374542977319177,0.30621810867564336,0.3578867159077688,0.07104098167532655,0.004668404497255029,0.02682921129511407,-0.02216080679785904,-0.013559133164306793,0.0006101609923938057,-0.0064056014462366305,0.00773186866078216
106,Mixed civic audit regime,0.11349524914301666,0.28033564352838247,0.78,0.0,1.0068611122321507,0.62,0.62,0.82,33.49511743262606,0.24374542977319177,0.304888327536987,0.354673872988875,0.06738208633859642,0.0045945068035619435,0.026916910725307972,-0.022322403921746028,-0.013597458566385008,0.0006118856354873254,-0.00644108240245997,0.0077470593676438404
107,Mixed civic audit regime,0.10701870102307322,0.2809492588416811,0.78,0.0,1.0146234007202972,0.62,0.62,0.82,33.6685662582998,0.24374542977319177,0.303566224361961,0.3514529055636232,0.0637092186409341,0.004520523368428178,0.02700516390709326,-0.02248464053866508,-0.01363589585108061,0.0006136153132986275,-0.0064765481199434375,0.007762288488146522
108,Mixed civic audit regime,0.10050670461303438,0.28156460889125806,0.78,0.0,1.0224009569114265,0.62,0.62,0.82,33.8402805957168,0.24374542977319177,0.3022517345020646,0.34822377792245585,0.06002246350498425,0.0044464560555182615,0.027093974536017112,-0.02264751848049885,-0.013674445546154317,0.0006153500495769442,-0.006511996410038838,0.007777556191129279
109,Mixed civic audit regime,0.09395927954469865,0.2821816987587864,0.78,0.0,1.0301938195511635,0.62,0.62,0.82,34.010277789759634,0.24374542977319177,0.3009447940306861,0.3449864555601528,0.056321907437418606,0.004372306758832111,0.027183346292052282,-0.02281103953322017,-0.013713108167297018,0.0006170898675283658,-0.0065474250683357224,0.00779286263973693
110,Mixed civic audit regime,0.08737644766977137,0.28280053354860163,0.78,0.0,1.0380020275425828,0.62,0.62,0.82,34.17857501186204,0.24374542977319177,0.2996453397342053,0.3417409051760081,0.05260763853432664,0.004298077402445467,0.02727328283914711,-0.022975205436701642,-0.013751884218116578,0.0006188347898152459,-0.006582831874927283,0.007808207991419213
111,Mixed civic audit regime,0.08075823307508899,0.2834211183871572,0.78,0.0,1.0458256199405127,0.62,0.62,0.82,34.34518926174342,0.24374542977319177,0.29835330910321245,0.33848709467398574,0.04887974648635927,0.0042237699402437575,0.027363787824769673,-0.023140017884525917,-0.013790774190124692,0.0006205848385556111,-0.006618214594682383,0.007823592397930035
112,Mixed civic audit regime,0.07410466209756528,0.2840434584224798,0.78,0.0,1.0536646359458395,0.62,0.62,0.82,34.510137369125985,0.24374542977319177,0.297068640323841,0.33522499316285126,0.045138322583621715,0.004149386355649361,0.027454864879445953,-0.02330547852379659,-0.013829778562723891,0.000622340035322575,-0.006653570977523717,0.00783901600532686
113,Mixed civic audit regime,0.06741576333885319,0.28466755882362355,0.78,0.0,1.0615191148998098,0.62,0.62,0.82,34.67343599543473,0.24374542977319177,0.29579127226921387,0.3319545709562742,0.041383459720311995,0.004074928661342227,0.02754651761629228,-0.023471588954950055,-0.01386889780319471,0.0006241004011437619,-0.006688898758712094,0.00785447895397022
114,Mixed civic audit regime,0.06069156767971637,0.28529342478012426,0.78,0.0,1.0693890962783332,0.62,0.62,0.82,34.835101635480385,0.24374542977319177,0.2945211444910006,0.32867579957290094,0.03761525239910155,0.004000398898973853,0.02763874963054213,-0.023638350731568277,-0.01390813236668307,0.0006258659565007381,-0.00672419565913682,0.007869981378523376
115,Mixed civic audit regime,0.053932108294104206,0.2859210615014527,0.78,0.0,1.0772746196862855,0.62,0.62,0.82,34.99515061912558,0.24374542977319177,0.29325819721108476,0.32538865173639353,0.033833796735254405,0.003925799138874591,0.027731564499067246,-0.023805765360192653,-0.013947482696187872,0.0006276367213284542,-0.006759459385612162,0.007885523407952124
116,Mixed civic audit regime,0.04713742066292433,0.2865504742164674,0.78,0.0,1.0851757248518104,0.62,0.62,0.82,35.15359911293433,0.24374542977319177,0.29200237131333895,0.3220931013754304,0.03003919046048125,0.003851131479754262,0.027824965779893455,-0.023973834300139194,-0.013986949222548893,0.0006294127150147001,-0.006794687631179873,0.0079011051655248
117,Mixed civic audit regime,0.04030754258750657,0.28718166817286694,0.78,0.0,1.0930924516206229,0.62,0.62,0.82,35.310463121804986,0.24374542977319177,0.2907536083355074,0.31878912362366885,0.026231532926525362,0.0037763980483960895,0.027918957011711026,-0.024142558963314936,-0.014026532364434928,0.0006311939563995718,-0.006829878075417763,0.007916726768812459
118,Mixed civic audit regime,0.0334425142027523,0.2878146486366419,0.78,0.0,1.1010248399503122,0.62,0.62,0.82,35.465758490586936,0.24374542977319177,0.2895118504611928,0.31547669481966273,0.022410925108476497,0.0037016009993439034,0.028013541713379796,-0.024311940714035894,-0.014066232528332313,0.0006329804637749541,-0.00686502838475427,0.007932388329689257
119,Mixed civic audit regime,0.026542377989963284,0.2884494208915259,0.78,0.0,1.1089729299046454,0.62,0.62,0.82,35.619500905681065,0.24374542977319177,0.28827704051194836,0.3121557925067348,0.018577469607809767,0.003626742514582648,0.028108723383429297,-0.024481980868846648,-0.014106050108533795,0.0006347722548840207,-0.006900136212789015,0.007948089954333057
120,Mixed civic audit regime,0.01960717878934397,0.28908599023844667,0.78,0.0,1.1169367616478716,0.62,0.62,0.82,35.771705896624255,0.24374542977319177,0.2870491219394703,0.3088263954328003,0.014731270655146025,0.003551824803212171,0.028204505499553757,-0.024652680696341585,-0.014145985487127784,0.0006365693469207503,-0.0069351992006193115,0.007963831743226268
121,Mixed civic audit regime,0.012636963812171394,0.28972436199497614,0.78,0.0,1.1249163754390286,0.62,0.62,0.82,35.92238883765801,0.24374542977319177,0.28582803881789365,0.30548848355013797,0.010872434112730478,0.003476850101114299,0.028300891518102333,-0.024824041416988036,-0.01418603903398805,0.0006383717565294622,-0.006970214977172577,0.007979613791156921
122,Mixed civic audit regime,0.005631782652626776,0.2903645414947805,0.78,0.0,1.1329118116262487,0.62,0.62,0.82,36.07156494928143,0.24374542977319177,0.28461373583618543,0.30214203801510614,0.00700106747662642,0.0034018206706131924,0.028397884873564573,-0.02499606420295138,-0.014226211106763878,0.0006401794998043745,-0.007005181159544618,0.007995436187220017
123,Mixed civic audit regime,0.0,0.2910065340870697,0.78,0.0,1.1409231106410678,0.62,0.62,0.82,36.219249299788615,0.24374542977319177,0.2834061582906375,0.2987870411878015,0.0031172798786208637,0.003326738800129017,0.028495488978051268,-0.02516875017792225,-0.014266502050870704,0.0006419925922891817,-0.007040095353343758,0.008011299014819132
124,Mixed civic audit regime,0.0,0.2916501041053145,0.78,0.0,1.1489479824577298,0.62,0.62,0.82,36.36545680679073,0.24374542977319177,0.2822052520774551,0.29591638607690735,0.0,0.0032646324277885433,0.02857830021545858,-0.025313667787670035,-0.01430155596099536,0.0006435700182447912,-0.007068,0.008024871816662053
125,Mixed civic audit regime,0.0,0.2922942865839637,0.78,0.0,1.1569770889353581,0.62,0.62,0.82,36.510202238722826,0.24374542977319177,0.28101132088057396,0.29502075293597224,0.0,0.003254751552200468,0.0285995534932902,-0.025344801941089734,-0.014315166192204843,0.0006441824786492179,-0.007068,0.008029106477628372
126,Mixed civic audit regime,0.0,0.2929390794363558,0.78,0.0,1.1650104065286506,0.62,0.62,0.82,36.6535002163356,0.24374542977319177,0.2798257305868933,0.2941300996394748,0.0,0.003244925615650585,0.028620717904465846,-0.02537579228881526,-0.014328730053157237,0.0006447928523920756,-0.007068,0.008033317593292606
127,Mixed civic audit regime,0.0,0.293584480598481,0.78,0.0,1.1730479119289365,0.62,0.62,0.82,36.79536521417225,0.24374542977319177,0.27864839902285243,0.29324437613978904,0.0,0.003235154065999472,0.02864179437945089,-0.02540664031345142,-0.014342248047227488,0.0006454011621252369,-0.007068,0.00803750540028594
128,Mixed civic audit regime,0.0,0.29423048802869667,0.78,0.0,1.181089582061205,0.62,0.62,0.82,36.93581156203053,0.24374542977319177,0.27747924504519994,0.2923635330176746,0.0,0.003225436358040231,0.028662783837016818,-0.025437347478976587,-0.014355720671459085,0.0006460074302156588,-0.007068,0.008041670132268473
129,Mixed civic audit regime,0.0,0.29487709970744636,0.78,0.0,1.1891353940811789,0.62,0.62,0.82,37.07485344641022,0.24374542977319177,0.276318188525563,0.29148752147285195,0.0,0.0032157719533945153,0.028683687184417005,-0.02546791523102249,-0.014369148416659455,0.0006466116787496754,-0.007068,0.008045812019973779
130,Mixed civic audit regime,0.0,0.29552431363698356,0.78,0.0,1.1971853253724316,0.62,0.62,0.82,37.21250491194612,0.24374542977319177,0.2751651503352805,0.29061629331473826,0.0,0.0032061603204103207,0.02870450531755965,-0.02549834499714933,-0.014382531767493767,0.0006472139295372194,-0.007068,0.00804993129125272
131,Mixed civic audit regime,0.0,0.29617212784109953,0.78,0.0,1.2052393535435482,0.62,0.62,0.82,37.34877986282666,0.24374542977319177,0.27402005233049553,0.2897498009533432,0.0,0.003196600934061549,0.02872523912117756,-0.025528638187116013,-0.014395871202577086,0.0006478142041159688,-0.007068,0.00805402817111648
132,Mixed civic audit regime,0.0,0.29682054036485495,0.78,0.0,1.2132974564253272,0.62,0.62,0.82,37.483692064198394,0.24374542977319177,0.2728828173375025,0.2888879973903194,0.0,0.003187093275849273,0.028745889468995145,-0.025558796193145873,-0.014409167194564965,0.0006484125237554234,-0.007068,0.008058102881778884
133,Mixed civic audit regime,0.0,0.29746954927431585,0.78,0.0,1.2213596120680252,0.62,0.62,0.82,37.61725514355641,0.24374542977319177,0.27175336913834275,0.2880308362101649,0.0,0.003177636833704678,0.02876645722389254,-0.02558882039018786,-0.014422420210242499,0.0006490089094609125,-0.007068,0.008062155642697995
134,Mixed civic audit regime,0.0,0.2981191526562934,0.78,0.0,1.2294257987386423,0.62,0.62,0.82,37.74948259212085,0.24374542977319177,0.2706316324566459,0.2871782715715763,0.0,0.0031682311018936702,0.02878694323806691,-0.025618712136173238,-0.01443563071061184,0.0006496033819775327,-0.007068,0.008066186670616999
135,Mixed civic audit regime,0.0,0.2987693486180874,0.78,0.0,1.2374959949182467,0.62,0.62,0.82,37.88038776619964,0.24374542977319177,0.26951753294371045,0.2863302581989478,0.0,0.003158875580923088,0.028807348353191035,-0.025648472772267946,-0.014448799150978232,0.0006501959617940204,-0.007068,0.00807019617960439
136,Mixed civic audit regime,0.0,0.29942013528723394,0.78,0.0,1.24557017929934,0.62,0.62,0.82,38.00998388853765,0.24374542977319177,0.2684109971648214,0.28548675137401514,0.0,0.0031495697774485197,0.028827673400569173,-0.025678103623120653,-0.01446192598103458,0.0006507866691465561,-0.007068,0.008074184381093492
137,Mixed civic audit regime,0.0,0.30007151081125644,0.78,0.0,1.2536483307832613,0.62,0.62,0.82,38.13828404965227,0.24374542977319177,0.2673119525857972,0.28464770692763963,0.0,0.00314031320418366,0.028847919201290324,-0.025707605997106663,-0.014475011644944585,0.0006513755240225063,-0.007068,0.008078151483921289
138,Mixed civic audit regime,0.0,0.30072347335742056,0.78,0.0,1.2617304284776278,0.62,0.62,0.82,38.26530120915575,0.24374542977319177,0.26622032755976544,0.28381308123173266,0.0,0.0031311053798112197,0.02886808656637886,-0.025736981186567642,-0.014488056581424475,0.0006519625461641013,-0.007068,0.00808209769436662
139,Mixed civic audit regime,0.0,0.3013760211124926,0.78,0.0,1.2698164516938155,0.62,0.62,0.82,38.391048197064194,0.24374542977319177,0.26513605131416035,0.28298283119131473,0.0,0.003121945828895318,0.02888817629694264,-0.02576623046804732,-0.014501061223823336,0.0006525477550720501,-0.007068,0.008086023216187722
140,Mixed civic audit regime,0.0,0.3020291522825017,0.78,0.0,1.2779063799444748,0.62,0.62,0.82,38.51553771509355,0.24374542977319177,0.26405905393793866,0.28215691423670897,0.0,0.0031128340817953596,0.0289081891843186,-0.02579535510252324,-0.014514026000202114,0.0006531311700090951,-0.007068,0.008089928250659132
141,Mixed civic audit regime,0.0,0.3026828650925052,0.78,0.0,1.2860001929410827,0.62,0.62,0.82,38.638782337942615,0.24374542977319177,0.26298926636901077,0.2813352883158655,0.0,0.003103769674581357,0.028928126010215924,-0.02582435633563457,-0.014526951333411264,0.0006537128100035068,-0.007068,0.00809381299660799
142,Mixed civic audit regime,0.0,0.3033371577863577,0.78,0.0,1.2940978705915325,0.62,0.62,0.82,38.76079451456319,0.24374542977319177,0.2619266203818817,0.2805179118868145,0.0,0.003094752148950666,0.028947987546856825,-0.025853235397906158,-0.014539837641167095,0.0006542926938525193,-0.007068,0.008097677650449714
143,Mixed civic audit regime,0.0,0.30399202862648345,0.78,0.0,1.3021993929977556,0.62,0.62,0.82,38.88158656941756,0.24374542977319177,0.2608710485754985,0.27970474391024525,0.0,0.0030857810521461204,0.028967774557114884,-0.025881993504968764,-0.014552685336126865,0.0006548708401257089,-0.007068,0.008101522406223092
144,Mixed civic audit regime,0.0,0.30464747589365176,0.78,0.0,1.3103047404533803,0.62,0.62,0.82,39.00117070372338,0.24374542977319177,0.2598224843613012,0.2788957438422097,0.0,0.0030768559368755336,0.028987487794651164,-0.02591063185777563,-0.014565494825962552,0.0006554472671683148,-0.007068,0.008105347455624771
145,Mixed civic audit regime,0.0,0.30530349788675626,0.78,0.0,1.3184138934414236,0.62,0.62,0.82,39.11955899668615,0.24374542977319177,0.25878086195147204,0.2780908716269472,0.0,0.003067976361232537,0.029007128004048015,-0.02593915164281548,-0.014578266513433462,0.0006560219931045058,-0.007068,0.008109152988043199
146,Mixed civic audit regime,0.0,0.30596009292259685,0.78,0.0,1.3265268326320154,0.62,0.62,0.82,39.23676340671929,0.24374542977319177,0.2577461163473803,0.27729008768982855,0.0,0.0030591418886187416,0.029026695920940655,-0.025967554032321913,-0.014591000796457589,0.0006565950358405915,-0.007068,0.008112939190591969
147,Mixed civic audit regime,0.0,0.306617259335665,0.78,0.0,1.334643538880158,0.62,0.62,0.82,39.3527957726521,0.24374542977319177,0.2567181833282187,0.27649335293041755,0.0,0.003050352087667187,0.029046192272146533,-0.025995840184479348,-0.014603698068181778,0.00065716641306818,-0.007068,0.008116706248142634
148,Mixed civic audit regime,0.0,0.3072749954779323,0.78,0.0,1.3427639932235151,0.62,0.62,0.82,39.46766781492558,0.24374542977319177,0.25569699943982843,0.2757006287156478,0.0,0.003041606532167067,0.02906561777579259,-0.026024011243625522,-0.01461635871705074,0.0006577361422672833,-0.007068,0.00812045434335697
149,Mixed civic audit regime,0.0,0.3079332997186417,0.78,0.0,1.3508881768802339,0.62,0.62,0.82,39.58139113677633,0.24374542977319177,0.2546825019837078,0.2749118768731112,0.0,0.0030329048009896872,0.029084973141440394,-0.026052068340450707,-0.014628983126874924,0.0006583042407093716,-0.007068,0.008124183656718706
150,Mixed civic audit regime,0.0,0.3085921704441021,0.78,0.0,1.3590160712467987,0.62,0.62,0.82,39.693977225408574,0.24374542977319177,0.2536746290062037,0.2741270596844586,0.0,0.003024246478015659,0.029104259070209172,-0.026080012592193513,-0.014641571676897242,0.0006588707254603759,-0.007068,0.008127894366564718
151,Mixed civic audit regime,0.0,0.30925160605748575,0.78,0.0,1.3671476578959145,0.62,0.62,0.82,39.80543745315449,0.24374542977319177,0.2526733192878796,0.27334613987890866,0.0,0.0030156311520632864,0.029123476254896877,-0.02610784510283359,-0.014654124741858721,0.0006594356133836425,-0.007068,0.008131586649115735
152,Mixed civic audit regime,0.0,0.3099116049786286,0.78,0.0,1.375282918574421,0.62,0.62,0.82,39.915783078622944,0.24374542977319177,0.2516785123330596,0.27256908062686347,0.0,0.0030070584168181333,0.029142625380099187,-0.026135566963281055,-0.014666642692063036,0.0006599989211428366,-0.007068,0.008135260678506515
153,Mixed civic audit regime,0.0,0.3105721656438334,0.78,0.0,1.3834218352012366,0.62,0.62,0.82,40.025025247836716,0.24374542977319177,0.2506901483595426,0.271795845533629,0.0,0.002998527870763745,0.02916170712232659,-0.02616317925156284,-0.014679125893440004,0.0006605606652048001,-0.007068,0.008138916626815538
154,Mixed civic audit regime,0.0,0.3112332865056757,0.78,0.0,1.391564389865331,0.62,0.62,0.82,40.13317499535835,0.24374542977319177,0.24970816828848622,0.2710263986332387,0.0,0.0029900391171135067,0.02918072215011954,-0.026190683033006035,-0.014691574707608037,0.0006611208618423616,-0.007068,0.008142554664094212
155,Mixed civic audit regime,0.0,0.3118949660328128,0.78,0.0,1.3997105648237265,0.62,0.62,0.82,40.24024324540477,0.24374542977319177,0.2487325137344548,0.2702607043823775,0.0,0.0029815917637436157,0.029199671124161743,-0.026218079360418128,-0.014703989491935552,0.0006616795271370998,-0.007068,0.008146174958395593
156,Mixed civic audit regime,0.0,0.31255720270979487,0.78,0.0,1.407860342499529,0.62,0.62,0.82,40.346240812950725,0.24374542977319177,0.24776312699563088,0.26949872765440613,0.0,0.002973185423127152,0.029218554697391534,-0.026245369274264383,-0.014716370599601389,0.0006622366769820625,-0.007068,0.00814977767580265
157,Mixed civic audit regime,0.0,0.3132199950368793,0.78,0.0,1.416013705479985,0.62,0.62,0.82,40.45117840482122,0.24374542977319177,0.24679995104418484,0.2687404337334814,0.0,0.002964819712269212,0.029237373515111492,-0.02627255380284228,-0.014728718379654232,0.0006627923270844404,-0.007068,0.008153362980456052
158,Mixed civic audit regime,0.0,0.3138833415298475,0.78,0.0,1.4241706365145665,0.62,0.62,0.82,40.55506662077301,0.24374542977319177,0.24584292951680228,0.2679857883087735,0.0,0.0029564942526431157,0.029256128215096246,-0.02629963396245313,-0.014741033177071063,0.0006633464929681978,-0.007068,0.008156931034581523
159,Mixed civic audit regime,0.0,0.31454724071982415,0.78,0.0,1.4323311185130834,0.62,0.62,0.82,40.65791595456528,0.24374542977319177,0.2448920067053637,0.267234757468776,0.0,0.002948208670127628,0.029274819427698537,-0.02632661075757091,-0.014753315332814682,0.0006638991899766606,-0.007068,0.008160481998516732
0,World/coercive panoptic regime,0.26063232413029663,0.5819159913418729,0.7,0.8574224146250452,0.4777819594542948,0.18,0.86,0.66,0.5676,0.160812332008546,0.160812332008546,0.2779999906723577,0.08232,0.0012511185609420735,0.07084868897406785,-0.06959757041312577,-0.04257758537495486,0.0019159913418729687,-0.0193676758697034,0.027781959454294798
1,World/coercive panoptic regime,0.24113228228515057,0.5838393717570942,0.7,0.8146806276201273,0.5055744721460211,0.18,0.86,0.66,1.129524,0.160812332008546,0.1612105950941346,0.27111379184194817,0.0762763448007951,0.001206551230110287,0.07143829722978817,-0.07023174599967788,-0.04274178700491788,0.0019233804152213045,-0.019500041845146067,0.02779251269172638
2,World/coercive panoptic regime,0.22150032200202752,0.5857700774958962,0.7,0.7717760556467504,0.5333773887576851,0.18,0.86,0.66,1.6858287600000001,0.160812332008546,0.16176496195323345,0.2643250256675376,0.07024483345980377,0.0011625539466083936,0.07203034400689687,-0.07086779006028847,-0.04290457197337683,0.0019307057388019573,-0.019631960283123064,0.027802916611663987
3,World/coercive panoptic regime,0.20173690847465403,0.5877080407976789,0.7,0.7287102044960225,0.5611905531633927,0.18,0.86,0.66,2.2365704724,0.160812332008546,0.16248001042206267,0.2576381347665475,0.06422644285227373,0.001119142081326101,0.07262456288977058,-0.07150542080844448,-0.04306585115072792,0.0019379633017827563,-0.019763413527373475,0.02781316440570757
4,World/coercive panoptic regime,0.18184252449364355,0.5896531890549771,0.7,0.6854846876671727,0.5890138009582867,0.18,0.86,0.66,2.781804767676,0.160812332008546,0.16336133937672717,0.25105852132827805,0.05822215366690411,0.0010763343061558528,0.07322063496455322,-0.07214430065839737,-0.043225516828849835,0.0019451482572982425,-0.019894383981010493,0.027823247794893986
5,World/coercive panoptic regime,0.1618176703318505,0.5916054439015969,0.7,0.6421012466311787,0.616846957860663,0.18,0.86,0.66,3.3215867199992397,0.160812332008546,0.16441565759923565,0.24459263019317964,0.05223295001411119,0.0010341528430896445,0.07381818307354421,-0.07278403023045456,-0.04338344103599401,0.0019522548466197303,-0.02002485416179305,0.02783315690237635
6,World/coercive panoptic regime,0.14166286356898433,0.5935647202088111,0.7,0.5985617731375296,0.6446898379587586,0.18,0.86,0.66,3.8559708527992473,0.160812332008546,0.16565089223693164,0.23824805020776949,0.046259818950837674,0.000992623774751116,0.07441676499792108,-0.07342414122316995,-0.0435394734936492,0.001959276307214214,-0.020154806762866153,0.02784288009809559
7,World/coercive panoptic regime,0.12137863884865943,0.5955309249707954,0.7,0.5548683339823244,0.6725422417695714,0.18,0.86,0.66,4.385011144271255,0.160812332008546,0.1670763200929584,0.2320336368772473,0.04030374991347681,0.0009517774259711908,0.07501586537479529,-0.0740640879488241,-0.04369343915520513,0.0019662047619842305,-0.020284224720324907,0.02785240381081288
8,World/coercive panoptic regime,0.10096554755944614,0.5975039560570966,0.7,0.5110231987311871,0.7004039540712671,0.18,0.86,0.66,4.908761032828542,0.160812332008546,0.16870272580778903,0.22595966010517637,0.03436573404839481,0.0009116488285421872,0.0756148861079522,-0.07470323727941001,-0.0438451352511373,0.0019730310863011785,-0.02041309128921328,0.027861712301695617
9,World/coercive panoptic regime,0.0804241574295477,0.5994837008056912,0.7,0.46702887098463924,0.7282747414634476,0.18,0.86,0.66,5.427273422500256,0.160812332008546,0.17054259201927174,0.22003798176822162,0.028446763427044296,0.0008722782844297131,0.07621313497297362,-0.0753408566885439,-0.04399432774654782,0.001979744748594652,-0.020541390129898442,0.027870787392180567
10,World/coercive panoptic regime,0.05975505202236159,0.6014700344248788,0.7,0.42288812389158303,0.7561543496004323,0.18,0.86,0.66,5.940600688275253,0.160812332008546,0.17261032788463745,0.2142822690831767,0.02254783012965204,0.0008337120466772807,0.07680981204312312,-0.07597609999644583,-0.04414074709305622,0.00198633361918753,-0.020669105407186108,0.02787960813698465
11,World/coercive panoptic regime,0.03895883011727237,0.6034628181655793,0.7,0.3786040407649042,0.7840425000312075,0.18,0.86,0.66,6.4487946813925,0.160812332008546,0.17492254399730314,0.20870825126249623,0.016669925177787936,0.0007960031422631411,0.0774039934674865,-0.07660799032522336,-0.04428408312667883,0.001992783740700547,-0.02079622190508922,0.0278881504307752
12,World/coercive panoptic regime,0.018036104956402618,0.6054618972171759,0.7,0.3341800618405367,0.811938886565192,0.18,0.86,0.66,6.951906734578575,0.160812332008546,0.17749838384819547,0.20333402892976468,0.010814037291588396,0.0007592123676089449,0.07799461201080313,-0.07723539964319419,-0.04442397892436749,0.001999079051596537,-0.020922725160869755,0.027896386533984557
13,World/coercive panoptic regime,0.0,0.6074670982693409,0.7,0.2896200384590931,0.8398431710645287,0.18,0.86,0.66,7.449987667232789,0.160812332008546,0.18035992472073537,0.19818044832259935,0.004981151441763685,0.0007234094957657229,0.07858043360621357,-0.07785702411044784,-0.0445600233814436,0.002005201052164962,-0.021048601622892692,0.02790428449933665
14,World/coercive panoptic regime,0.0,0.6094773229420257,0.7,0.2449483790660972,0.8677533626910837,0.18,0.86,0.66,7.943087790560461,0.160812332008546,0.1835326644829844,0.1943259294788794,0.0,0.0006948862047049352,0.07906486699163684,-0.0783699807869319,-0.044671659392995916,0.002010224672684816,-0.021156,0.027910191626555027
15,World/coercive panoptic regime,0.0,0.6114868967617255,0.7,0.20029118307276952,0.895659306019479,0.18,0.86,0.66,8.431256912654856,0.160812332008546,0.18704336496188265,0.19709802913163235,0.0,0.0007047989004112215,0.0789656569572964,-0.07826085805688518,-0.04465719599332768,0.0020095738196997458,-0.021156,0.027905943328395192
16,World/coercive panoptic regime,0.0,0.6134955300449353,0.7,0.15565488789033055,0.9235604947132414,0.18,0.86,0.66,8.914544343528307,0.160812332008546,0.1909081012931511,0.20020052347604972,0.0,0.0007158930478875367,0.07884990892310607,-0.07813401587521854,-0.044636295182438966,0.0020086332832097535,-0.021156,0.027901188693762485
17,World/coercive panoptic regime,0.0,0.6155029033136765,0.7,0.11104659302941511,0.9514563714674898,0.18,0.86,0.66,9.392998900093025,0.160812332008546,0.19516245104902322,0.2036666704196958,0.0,0.0007282875734203818,0.07871594405284721,-0.07798765647942682,-0.04460829486091544,0.002007373268741195,-0.021156,0.027895876754248407
18,World/coercive panoptic regime,0.0,0.6175086625461453,0.7,0.06647416564121976,0.9793463198216342,0.18,0.86,0.66,9.866668911092095,0.160812332008546,0.19984771128421766,0.2075350702474168,0.0,0.0007421205069963328,0.0785618146458419,-0.07781969413884557,-0.04457242738819535,0.0020057592324687905,-0.021156,0.02788994835414443
19,World/coercive panoptic regime,0.0,0.6195124135066149,0.7,0.02194636651967395,1.0072296543856822,0.18,0.86,0.66,10.335602221981175,0.160812332008546,0.20501200703309033,0.21185070077516802,0.0,0.0007575526838879078,0.07838525202995193,-0.07762769934606402,-0.04452779912154581,0.0020037509604695614,-0.021156,0.02788333456404804
20,World/coercive panoptic regime,0.0,0.621513714930063,0.7,0.0,1.0351056090926865,0.18,0.86,0.66,10.799846199761364,0.160812332008546,0.21071167061294108,0.21666620533232264,0.0,0.0007747723503237459,0.07818360173576235,-0.0774088293854386,-0.04447336496551427,0.002001301423448142,-0.021156,0.02787595470700411
21,World/coercive panoptic regime,0.0,0.6235160092002205,0.7,0.0,1.062980311204997,0.18,0.86,0.66,11.25944773776375,0.160812332008546,0.21212431964768885,0.21748354846238385,0.0,0.0007776950712756692,0.07818067777028631,-0.07740298269901064,-0.044495428225723416,0.002002294270157554,-0.021156,0.02787470211231043
22,World/coercive panoptic regime,0.0,0.6255229553809346,0.7,0.0,1.0908602465427029,0.18,0.86,0.66,11.714453260386113,0.160812332008546,0.20900004584911971,0.21406876405796438,0.0,0.0007654842120195937,0.07838844789059704,-0.07762296367857745,-0.044598804015866994,0.002006946180714015,-0.021156,0.02787993533770589
23,World/coercive panoptic regime,0.0,0.6275344980675823,0.7,0.0,1.1187452984895299,0.18,0.86,0.66,12.164908727782253,0.160812332008546,0.20595859837520314,0.2107300741086545,0.0,0.0007535454574036554,0.07859266049217564,-0.07783911503477199,-0.044700948592172066,0.002011542686647743,-0.021156,0.027885051946827007
24,World/coercive panoptic regime,0.0,0.6295505842090899,0.7,0.0,1.1466353550209423,0.18,0.86,0.66,12.610859640504431,0.160812332008546,0.20299675020189253,0.20746448241301724,0.0,0.00074186809337106,0.07879345947382065,-0.07805159138044959,-0.04480191425572407,0.0020160861415075833,-0.021156,0.027890056531412404
25,World/coercive panoptic regime,0.0,0.6315711629870131,0.7,0.0,1.1745303084690715,0.18,0.86,0.66,13.052351044099387,0.160812332008546,0.2001114393814845,0.20426914615853622,0.0,0.0007304419543653865,0.07899098135794108,-0.07826053940357569,-0.04490175062051462,0.002020578777923158,-0.021156,0.02789495344812912
26,World/coercive panoptic regime,0.0,0.6335961857022795,0.7,0.0,1.2024300553024667,0.18,0.86,0.66,13.489427533658393,0.160812332008546,0.19729975864090474,0.20114136624949858,0.0,0.000719257388744257,0.07918535575650175,-0.07846609836775749,-0.045000504783697715,0.002025022715266397,-0.021156,0.027899746833395318
27,World/coercive panoptic regime,0.0,0.6356256056690193,0.7,0.0,1.2303344959195641,0.18,0.86,0.66,13.922133258321809,0.160812332008546,0.19455894575539454,0.1980785783562287,0.0,0.000708305226772471,0.07937670580217494,-0.07866840057540248,-0.04509822148310514,0.0020294199667397314,-0.021156,0.027904440617097515
28,World/coercive panoptic regime,0.0,0.6376593781149595,0.7,0.0,1.2582435344548613,0.18,0.86,0.66,14.35051192573859,0.160812332008546,0.19188637463109004,0.19507834462377915,0.0,0.0006975767509732794,0.07956514854768731,-0.07886757179671404,-0.04519494324311736,0.0020337724459402813,-0.021156,0.027909038535297165
29,World/coercive panoptic regime,0.0,0.6396974600879041,0.7,0.0,1.2861570785968737,0.18,0.86,0.66,14.774606806481206,0.160812332008546,0.18927954703641717,0.19213834598417334,0.0,0.0006870636686378857,0.07975079533606048,-0.0790637316674226,-0.04529071050987951,0.002038081972944578,-0.021156,0.027913544142012334
30,World/coercive panoptic regime,0.0,0.6417398103678582,0.7,0.0,1.3140750394170255,0.18,0.86,0.66,15.194460738416394,0.160812332008546,0.18673608492796767,0.18925637502163709,0.0,0.0006767580863123716,0.07993375214418617,-0.0792569940578738,-0.04538556177675764,0.002042350279954094,-0.021156,0.02791796082015184
31,World/coercive panoptic regime,0.0,0.6437863893843963,0.7,0.0,1.3419973312086977,0.18,0.86,0.66,15.61011613103223,0.160812332008546,0.1842537233216528,0.18643032934503473,0.0,0.0006666524860983228,0.08011411990194589,-0.07944746741584757,-0.04547953370084516,0.0020465790165380324,-0.021156,0.027922291791672146
32,World/coercive panoptic regime,0.0,0.6458371591389027,0.7,0.0,1.3699238713357182,0.18,0.86,0.66,16.021614969721906,0.160812332008546,0.1818303036645253,0.1836582054260001,0.0,0.0006567397036187252,0.08029199478887854,-0.07963525508525982,-0.0455726612112543,0.0020507697545064435,-0.021156,0.027926540127020547
33,World/coercive panoptic regime,0.0,0.6478920831313464,0.7,0.0,1.3978545800896407,0.18,0.86,0.66,16.428998820024685,0.160812332008546,0.1794637676667792,0.1809380928650855,0.0,0.0006470129075144019,0.08046746851021412,-0.07982045560269972,-0.045664977609858645,0.002054923992443639,-0.021156,0.0279307087539224
34,World/coercive panoptic regime,0.0,0.6499511262912755,0.7,0.0,1.4257893805552055,0.18,0.86,0.66,16.832308831824438,0.160812332008546,0.17715215155712893,0.1782681690516923,0.0,0.0006374655803485655,0.08064062855392588,-0.08000316297357732,-0.04575651466509249,0.002059043159929162,-0.021156,0.027934800465564902
35,World/coercive panoptic regime,0.0,0.6520142549127466,0.7,0.0,1.4537281984834307,0.18,0.86,0.66,17.23158574350619,0.160812332008546,0.17489358072809347,0.17564669418663412,0.0,0.0006280915008081013,0.0808115584303036,-0.0801834669294955,-0.045847302699357564,0.0020631286214710903,-0.021156,0.0279388179282251
36,World/coercive panoptic regime,0.0,0.6540814365929208,0.7,0.0,1.4816709621718163,0.18,0.86,0.66,17.626869886071127,0.160812332008546,0.172686264740696,0.17307200663896743,0.0,0.0006188847271001509,0.08098033789541696,-0.08036145316831682,-0.0459373706705387,0.0020671816801742415,-0.021156,0.02794276368838565
37,World/coercive panoptic regime,0.0,0.6561526401740847,0.7,0.0,1.5096176023511942,0.18,0.86,0.66,18.018201187210416,0.160812332008546,0.17052849266078293,0.17054251861122738,0.0,0.0006098395814515158,0.0811470431597163,-0.08053720357826478,-0.04602674624808534,0.00207120358116384,-0.021156,0.027946640179377924
38,World/coercive panoptic regime,0.0,0.6582278356888681,0.7,0.0,1.5375680520787829,0.18,0.86,0.66,18.40561917533831,0.160812332008546,0.16841862870159122,0.16805671208946565,0.0,0.0006009506356264785,0.08131174708290974,-0.08071079644728325,-0.046115455884076166,0.0020751955147834274,-0.021156,0.02795044972758865
39,World/coercive panoptic regime,0.0,0.6603069943084523,0.7,0.0,1.565522246637046,0.18,0.86,0.66,18.789162983584923,0.160812332008546,0.16635510814938662,0.16561313505652683,0.0,0.0005922126973859331,0.08147451935615664,-0.0808823066587707,-0.04620352487964754,0.002079158619584139,-0.021156,0.027954194558263173
40,World/coercive panoptic regime,0.0,0.6623900882935734,0.7,0.0,1.5934801234379814,0.18,0.86,0.66,19.168871353749072,0.160812332008546,0.16433643355097552,0.16321039794884407,0.0,0.0005836207978173125,0.08163542667252871,-0.08105180587471139,-0.046290977447134236,0.0020830939851210406,-0.021156,0.02795787680093544
41,World/coercive panoptic regime,0.0,0.6644770909481442,0.7,0.0,1.6214416219324939,0.18,0.86,0.66,19.54478264021158,0.160812332008546,0.16236117114368537,0.16084717033870127,0.0,0.0005751701794707552,0.08179453288660893,-0.08121936270713817,-0.046377836768241046,0.002087002654570847,-0.021156,0.027961498494512533
42,World/coercive panoptic regime,0.0,0.6665679765753284,0.7,0.0,1.649406683524533,0.18,0.86,0.66,19.916934813809462,0.160812332008546,0.16042794751003406,0.15852217782542308,0.0,0.0005668562852423739,0.08195189916402672,-0.08138504287878434,-0.046464125048537516,0.002090885627184188,-0.021156,0.027965061592038983
43,World/coercive panoptic regime,0.0,0.6686627204359128,0.7,0.0,1.6773752514896971,0.18,0.86,0.66,20.285365465671365,0.160812332008546,0.15853544644078155,0.15623419912032346,0.0,0.0005586747479503823,0.08210758412166004,-0.08154890937370966,-0.0465498635685432,0.002094743860584444,-0.021156,0.027968567965164122
44,World/coercive panoptic regime,0.0,0.670761298708837,0.7,0.0,1.705347270898031,0.18,0.86,0.66,20.65011181101465,0.160812332008546,0.15668240599139227,0.1539820633114855,0.0,0.0005506213805542748,0.08226164395917648,-0.08171102257862221,-0.04663507273164963,0.0020985782729242334,-0.021156,0.02797201940833388
45,World/coercive panoptic regime,0.0,0.6728636884537468,0.7,0.0,1.7333226885407576,0.18,0.86,0.66,21.011210692904502,0.160812332008546,0.15486761571815572,0.1517646472955815,0.0,0.000542692166971324,0.08241413258252976,-0.08187144041555844,-0.04671977210910422,0.0021023897449096896,-0.021156,0.027975417642726576
46,World/coercive panoptic regime,0.0,0.6749698675754486,0.7,0.0,1.7613014528607083,0.18,0.86,0.66,21.368698585975455,0.160812332008546,0.15308991408131378,0.14958087336496464,0.0,0.0005348832534483098,0.08256510171997929,-0.08203021846653098,-0.04680398048226416,0.002106179121701887,-0.021156,0.027978764319950725
47,World/coercive panoptic regime,0.0,0.6770798147901527,0.7,0.0,1.7892835138862297,0.18,0.86,0.66,21.722611600115698,0.160812332008546,0.15134818600355474,0.14742970693920568,0.0,0.0005271909404497669,0.08271460103115442,-0.08218741009070465,-0.04688771588231082,0.002109947214703987,-0.021156,0.02798206102552153
48,World/coercive panoptic regime,0.0,0.6791935095933948,0.7,0.0,1.817268823168361,0.18,0.86,0.66,22.07298548411454,0.160812332008546,0.14964136057314623,0.14531015443109718,0.0,0.0005196116750270718,0.08286267820964462,-0.08234306653461755,-0.04697099562760093,0.0021136948032420416,-0.021156,0.027985309282131256
49,World/coercive panoptic regime,0.0,0.6813109322295415,0.7,0.0,1.8452573337210885,0.18,0.86,0.66,22.419855629273393,0.160812332008546,0.14796840888182144,0.14322126123793022,0.0,0.0005121420436354899,0.08300937907955853,-0.08249723703592304,-0.04705383635881644,0.0021174226361467398,-0.021156,0.027988510552727646
50,World/coercive panoptic regime,0.0,0.6834320636627843,0.7,0.0,1.873248999964502,0.18,0.86,0.66,22.763257072980657,0.160812332008546,0.1463283419882935,0.14116210984955754,0.0,0.0005047787653688358,0.08315474768646108,-0.08264996892109225,-0.047136254072062664,0.0021211314332428197,-0.021156,0.027991666243413357
51,World/coercive panoptic regime,0.0,0.6855568855495366,0.7,0.0,1.9012437776706803,0.18,0.86,0.66,23.10322450225085,0.160812332008546,0.1447202089989727,0.13913181806540645,0.0,0.0004975186855837256,0.08329882638306627,-0.08280130769748253,-0.04721826415005287,0.002124821886752379,-0.021156,0.027994777706178402
52,World/coercive panoptic regime,0.0,0.6876853802121544,0.7,0.0,1.929241623912157,0.18,0.86,0.66,23.43979225722834,0.160812332008546,0.1431430952581013,0.13712953731320204,0.0,0.0004903587698875329,0.08344165591003444,-0.0829512971401469,-0.04729988139150677,0.0021284946626178047,-0.021156,0.027997846241476772
53,World/coercive panoptic regime,0.0,0.689817530613904,0.7,0.0,1.9572424970128144,0.18,0.86,0.66,23.772994334656055,0.160812332008546,0.14159612064010402,0.13515445106270282,0.0,0.00048329609846609777,0.08358327547219682,-0.08309997937373072,-0.047381120038880994,0.0021321504017496446,-0.021156,0.028000873100657388
54,World/coercive panoptic regime,0.0,0.6919533203351084,0.7,0.0,1.9852463565010734,0.18,0.86,0.66,24.10286439130949,0.160812332008546,0.14007843793748878,0.13320577332825012,0.0,0.00047632786072902307,0.08372372281050613,-0.0832473949497771,-0.0474619938045406,0.002135789721204327,-0.021156,0.02800385948825899
55,World/coercive panoptic regime,0.0,0.6940927335504047,0.7,0.0,2.0132531630652513,0.18,0.86,0.66,24.429435747396397,0.160812332008546,0.13858923133812537,0.13128274725439174,0.0,0.0004694513502520343,0.08386303426998952,-0.08339358291973749,-0.04754251589547276,0.002139413215296274,-0.021156,0.0280068065641777
56,World/coercive panoptic regime,0.0,0.6962357550070534,0.7,0.0,2.0412628785109668,0.18,0.86,0.66,24.75274138992243,0.160812332008546,0.1371277149861785,0.12938464377925693,0.0,0.0004626639599973693,0.08400124486396043,-0.08353858090396306,-0.04762269903663635,0.0021430214566486357,-0.021156,0.028009715445715413
57,World/coercive panoptic regime,0.0,0.6983823700042399,0.7,0.0,2.0692754657204833,0.18,0.86,0.66,25.072813976023205,0.160812332008546,0.1356931316213885,0.1275107603707493,0.0,0.000455963177794555,0.08413838833472713,-0.08368242515693257,-0.0477025554930342,0.002146614997186539,-0.021156,0.02801258720951662
58,World/coercive panoptic regime,0.0,0.7005325643733163,0.7,0.0,2.097290888613884,0.18,0.86,0.66,25.389685836262974,0.160812332008546,0.13428475129177256,0.12566041983097512,0.0,0.0004493465820651873,0.0842744972110183,-0.08382515062895311,-0.04778209709058859,0.002150194369076486,-0.021156,0.028015422893400633
59,World/coercive panoptic regime,0.0,0.7026863244589316,0.7,0.0,2.12530911211198,0.18,0.86,0.66,25.703388977900342,0.160812332008546,0.1329018701351703,0.12383296916465178,0.0,0.00044281183777649503,0.08440960286233125,-0.08396679102455476,-0.04786133523589518,0.0021537600856152833,-0.021156,0.02801822349809579
60,World/coercive panoptic regime,0.0,0.7048436371010033,0.7,0.0,2.1533301021008615,0.18,0.86,0.66,26.01395508812134,0.160812332008546,0.1315438092253811,0.12202777850754393,0.0,0.0004363566926095562,0.08454373555039227,-0.08410737885778272,-0.047940280934924376,0.0021573126420715966,-0.021156,0.02802098998888162
61,World/coercive panoptic regime,0.0,0.7070044896174864,0.7,0.0,2.181353825398006,0.18,0.86,0.66,26.321415537240124,0.160812332008546,0.13020991347893623,0.12024424011124638,0.0,0.0004299789733290037,0.08467692447790726,-0.08424694550457826,-0.04801894481073539,0.0021608525164830924,-0.021156,0.028023723297144712
62,World/coercive panoptic regime,0.0,0.7091688697878983,0.7,0.0,2.2093802497198594,0.18,0.86,0.66,26.62580138186772,0.160812332008546,0.12889955061882558,0.1184817673808933,0.0,0.00042367658234198876,0.08480919783476663,-0.08438552125242464,-0.04809733712026278,0.0021643801704118253,-0.021156,0.028026424321853434
63,World/coercive panoptic regime,0.0,0.7113367658375587,0.7,0.0,2.237409343650816,0.18,0.86,0.66,26.92714336804904,0.160812332008546,0.1276121101917486,0.1167397939626039,0.0,0.00041744749443499603,0.08494058284185867,-0.08452313534742367,-0.04817546777023173,0.002167896049660428,-0.021156,0.02802909393095643
64,World/coercive panoptic regime,0.0,0.7135081664225101,0.7,0.0,2.2654410766135253,0.18,0.86,0.66,27.22547193436855,0.160812332008546,0.12634700263569634,0.11501777287769638,0.0,0.0004112897536778969,0.0850711057926337,-0.08465981603895581,-0.048253346332254164,0.002171400584951437,-0.021156,0.028031732962709475
65,World/coercive panoptic regime,0.0,0.7156830606150821,0.7,0.0,2.29347541884046,0.18,0.86,0.66,27.520817215024863,0.160812332008546,0.12510365839488488,0.11331517570089908,0.0,0.000405201470485331,0.08520079209255303,-0.0847955906220677,-0.048330982057154415,0.0021748941925719485,-0.021156,0.02803434222693486
66,World/coercive panoptic regime,0.0,0.7178614378900677,0.7,0.0,2.3215123413466774,0.18,0.86,0.66,27.81320904287461,0.160812332008546,0.12388152707925999,0.11163149177997578,0.0,0.0003991808188261798,0.08532966629654651,-0.08493048547772032,-0.04840838388856984,0.0021783772749856428,-0.021156,0.02803692250621735
67,World/coercive panoptic regime,0.0,0.7200432881114819,0.7,0.0,2.349551815903718,0.18,0.86,0.66,28.102676952445865,0.160812332008546,0.12268007666598024,0.10996622749435345,0.0,0.0003932260335725086,0.08545775214459522,-0.08506452611102272,-0.0484855604758688,0.0021818502214140958,-0.021156,0.028039474557040353
68,World/coercive panoptic regime,0.0,0.722228601519871,0.7,0.0,2.3775938150145834,0.18,0.86,0.66,28.389250182921405,0.160812332008546,0.12149879274045318,0.10831890555049825,0.0,0.0003873354079799157,0.08558507259554751,-0.0851977371875676,-0.048562520186425345,0.0021853134083891406,-0.021156,0.028041999110865752
69,World/coercive panoptic regime,0.0,0.724417368720149,0.7,0.0,2.405638311889744,0.18,0.86,0.66,28.67295768109219,0.160812332008546,0.12033717777466076,0.106689064311936,0.0,0.0003815072912917657,0.08571164985926982,-0.08533014256797805,-0.048639271117288024,0.002188767200277961,-0.021156,0.02804449687516067
70,World/coercive panoptic regime,0.0,0.7266095806699314,0.7,0.0,2.4336852804241182,0.18,0.86,0.66,28.953828104281264,0.160812332008546,0.11919475044065536,0.10507625716194707,0.0,0.0003757400864602633,0.08583750542722698,-0.08546176534076672,-0.048715821106276855,0.0021922119497824583,-0.021156,0.028046968534374172
71,World/coercive panoptic regime,0.0,0.7288052286683457,0.7,0.0,2.461734695174985,0.18,0.86,0.66,29.23188982323845,0.160812332008546,0.11807104495724445,0.103480051897093,0.0,0.00037003224797777694,0.0859626601015807,-0.08559262785360292,-0.048792177742541264,0.0021956479984143566,-0.021156,0.02804941475086667
72,World/coercive panoptic regime,0.0,0.7310043043452932,0.7,0.0,2.48978653134078,0.18,0.86,0.66,29.507170925006065,0.160812332008546,0.11696561046800893,0.10190003014985255,0.0,0.00036438227981225476,0.0860871340228893,-0.08572275174307704,-0.048868348376608875,0.002199075676947399,-0.021156,0.02805183616579475
73,World/coercive panoptic regime,0.0,0.7332067996511411,0.7,0.0,2.517840764740734,0.18,0.86,0.66,29.779699215756004,0.160812332008546,0.11587801044891681,0.10033578683874878,0.0,0.000358788733440945,0.08621094669648616,-0.08585215796304521,-0.04894434012995384,0.002202495305847923,-0.021156,0.02805423339995388
74,World/coercive panoptic regime,0.0,0.7354127068468261,0.7,0.0,2.545897371795315,0.18,0.86,0.66,30.04950222359844,0.160812332008546,0.11480782214390407,0.09878692964445623,0.0,0.00035325020597701815,0.08633411701761,-0.08598086681163299,-0.04902015990411097,0.0022059071956849934,-0.021156,0.028056607054581278
75,World/coercive panoptic regime,0.0,0.7376220184943474,0.7,0.0,2.5739563295074364,0.18,0.86,0.66,30.316607201362455,0.160812332008546,0.11375463602689538,0.09725307851046738,0.0,0.0003477653383840101,0.08645666329535523,-0.08610889795697121,-0.04909581438936071,0.0022093116475212318,-0.021156,0.02805895771212114
76,World/coercive panoptic regime,0.0,0.7398347274476328,0.7,0.0,2.6020176154443906,0.18,0.86,0.66,30.58104112934883,0.160812332008546,0.11271805528883183,0.09573386516698712,0.0,0.0003423328137733259,0.08657860327550616,-0.08623627046173284,-0.049171310073008366,0.0022127089532853763,-0.021156,0.02806128593695429
77,World/coercive panoptic regime,0.0,0.7420508268437603,0.7,0.0,2.630081207720485,0.18,0.86,0.66,30.84283071805534,0.160812332008546,0.11169769534836162,0.09422893267680585,0.0,0.0003369513557803365,0.08669995416231553,-0.0863630028065352,-0.0492466532472793,0.0022160993961275687,-0.021156,0.028063592276094142
78,World/coercive panoptic regime,0.0,0.7442703100945186,0.7,0.0,2.6581470849803357,0.18,0.86,0.66,31.102002410874785,0.160812332008546,0.11069318338493055,0.09273793500197772,0.0,0.0003316197270148721,0.08682073263928364,-0.08648911291226877,-0.04932185001685088,0.0022194832507582895,-0.021156,0.02806587725985077
79,World/coercive panoptic regime,0.0,0.7464931708782904,0.7,0.0,2.6862152263828003,0.18,0.86,0.66,31.358582386766034,0.160812332008546,0.10970415789308602,0.09126053659020131,0.0,0.00032633672758216903,0.08694095488899109,-0.08661461816140892,-0.04939690630604037,0.0022228607837718167,-0.021156,0.028068141402464785
80,World/coercive panoptic regime,0.0,0.7487194031322454,0.7,0.0,2.7142856115855127,0.18,0.86,0.66,31.61259656289837,0.160812332008546,0.10873026825687951,0.0897964119798664,0.0,0.0003211011936705647,0.08706063661203509,-0.08673953541836452,-0.04947182786566693,0.002226232253955012,-0.021156,0.028070385202712614
81,World/coercive panoptic regime,0.0,0.7509490010448276,0.7,0.0,2.7423582207299972,0.18,0.86,0.66,31.864070597269386,0.160812332008546,0.10777117434331925,0.08834524542279329,0.0,0.0003159119962024581,0.08717979304511594,-0.08686388104891349,-0.04954662027960488,0.0022295979125822197,-0.021156,0.028072609144484662
82,World/coercive panoptic regime,0.0,0.7531819590485246,0.7,0.0,2.770433034427335,0.18,0.86,0.66,32.11302989129669,0.160812332008546,0.10682654611388533,0.08690673052374576,0.0,0.000310768039545252,0.08729843897831825,-0.08698767093877299,-0.04962128897104423,0.0022329580036969904,-0.021156,0.02807481369733775
83,World/coercive panoptic regime,0.0,0.7554182718129059,0.7,0.0,2.7985100337443582,0.18,0.86,0.66,32.35949959238373,0.160812332008546,0.10589606325318,0.08548056989585742,0.0,0.0003056682602791986,0.08741658877162777,-0.08711092051134857,-0.04969583920847359,0.0022363127643813116,-0.021156,0.0280769993170232
84,World/coercive panoptic regime,0.0,0.7576579342379188,0.7,0.0,2.82658920019035,0.18,0.86,0.66,32.603504596459885,0.160812332008546,0.10497941481383738,0.08406647483115615,0.0,0.00030061162601923466,0.08753425637072344,-0.08723364474470421,-0.04977027611139967,0.002239662425012985,-0.021156,0.028079166445991757
85,World/coercive panoptic regime,0.0,0.7599009414474306,0.7,0.0,2.8546705157042265,0.18,0.86,0.66,32.84506955049528,0.160812332008546,0.1040762988768691,0.08266416498542323,0.0,0.0002955971342880752,0.08765145532208135,-0.08735585818779328,-0.04984460465581692,0.0022430072095117612,-0.021156,0.02808131551387654
86,World/coercive panoptic regime,0.0,0.7621472887830054,0.7,0.0,2.8827539626421816,0.18,0.86,0.66,33.084218854990326,0.160812332008546,0.10318642222666927,0.08127336807666355,0.0,0.00029062381143797963,0.08776819878742495,-0.08747757497598697,-0.04991882967943968,0.0022463473355747855,-0.021156,0.028083446937955153
87,World/coercive panoptic regime,0.0,0.7643969717979073,0.7,0.0,2.9108395237657736,0.18,0.86,0.66,33.32097666644042,0.160812332008546,0.10230950003994674,0.07989381959650899,0.0,0.0002856907116187646,0.08788449955755465,-0.08759880884593588,-0.049992955886709003,0.002249683014901905,-0.021156,0.028085561123591958
88,World/coercive panoptic regime,0.0,0.7666499862513186,0.7,0.0,2.9389271822304353,0.18,0.86,0.66,33.55536689977602,0.160812332008546,0.10144525558789269,0.07852526253390973,0.0,0.00028079691578975716,0.08800037006558759,-0.08771957314979782,-0.05006698785358524,0.0022530144534113356,-0.021156,0.028087658464661533
89,World/coercive panoptic regime,0.0,0.7689063281027648,0.7,0.0,2.9670169215743893,0.18,0.86,0.66,33.787413230778256,0.160812332008546,0.1005934199509332,0.07716744711051168,0.0,0.00027594153077353654,0.08811582239963636,-0.08783988086886282,-0.050140930032137,0.002256341851446165,-0.021156,0.028089739343954197
90,World/coercive panoptic regime,0.0,0.771165993506737,0.7,0.0,2.995108725707954,0.18,0.86,0.66,34.01713909847047,0.160812332008546,0.09975373174544988,0.07582013052714448,0.0,0.00027112368834940543,0.08823086831495473,-0.08795974462660533,-0.050214786754936604,0.002259665403972147,-0.021156,0.02809180413356454
91,World/coercive panoptic regime,0.0,0.7734289788075042,0.7,0.0,3.0232025789032178,0.18,0.86,0.66,34.244567707485764,0.160812332008546,0.09892593686188804,0.07448307672088278,0.0,0.0002663425443846703,0.08834551924557563,-0.08807917670119096,-0.050288562239271216,0.0022629853007672045,-0.021156,0.028093853195263713
92,World/coercive panoptic regime,0.0,0.7756952805341072,0.7,0.0,3.051298465784074,0.18,0.86,0.66,34.46972203041091,0.160812332008546,0.09810978821370236,0.07315605613216863,0.0,0.0002615972780018992,0.08845978631546675,-0.08819818903746485,-0.05036226059117897,0.002266301726603054,-0.021156,0.02809588688085633
93,World/coercive panoptic regime,0.0,0.7779648953955265,0.7,0.0,3.0793963713165966,0.18,0.86,0.66,34.69262481010679,0.160812332008546,0.09730504549662149,0.0718388454815139,0.0,0.0002568870907804359,0.088573680349226,-0.08831679325844556,-0.050435885809318085,0.0022696148614193136,-0.021156,0.02809790553252267
94,World/coercive panoptic regime,0.0,0.780237820276017,0.7,0.0,3.1074962807997437,0.18,0.86,0.66,34.91329856200572,0.160812332008546,0.09651147495773972,0.07053122755532482,0.0,0.0002522112059905349,0.08868721188233974,-0.08843500067634921,-0.05050944178867729,0.0022729248804904782,-0.021156,0.028099909483146914
95,World/coercive panoptic regime,0.0,0.782514052230603,0.7,0.0,3.135598179856376,0.18,0.86,0.66,35.13176557638566,0.160812332008546,0.09572884917397183,0.06923299100041919,0.0,0.000247568867858579,0.08880039117102365,-0.08855282230316507,-0.05058293232413495,0.0022762319545860726,-0.021156,0.02810189905663204
96,World/coercive panoptic regime,0.0,0.7847935884807273,0.7,0.0,3.163702054424578,0.18,0.86,0.66,35.3480479206218,0.160812332008546,0.09495694683943119,0.06794393012682656,0.0,0.00024295934086191658,0.08891322820166644,-0.08867026886080452,-0.05065636111387408,0.0022795362501243335,-0.021156,0.028103874568202035
97,World/coercive panoptic regime,0.0,0.787076426410047,0.7,0.0,3.19180789074927,0.18,0.86,0.66,35.56216744141558,0.160812332008546,0.09419555256131451,0.06666384471848441,0.0,0.00023838190905193404,0.08902573269989454,-0.0887873507908426,-0.05072973176265985,0.002282837929319693,-0.021156,0.02810583632469203
98,World/coercive panoptic regime,0.0,0.7893625635603714,0.7,0.0,3.219915675374097,0.18,0.86,0.66,35.77414576700142,0.160812332008546,0.09344445666389987,0.06539253985146562,0.0,0.0002338358754040589,0.08913791413927594,-0.08890407826387188,-0.05080304778498625,0.002286137150324381,-0.021156,0.028107784624826833
99,World/coercive panoptic regime,0.0,0.7916519976277357,0.7,0.0,3.2480253951335856,0.18,0.86,0.66,35.984004309331404,0.160812332008546,0.092703455000284,0.0641298257193893,0.0,0.00022932056119344982,0.0892497817496791,-0.08902046118848565,-0.05087631260809773,0.002289434067364398,-0.021156,0.028109719759488522
100,World/coercive panoptic regime,0.0,0.7939447264586059,0.7,0.0,3.276137037145559,0.18,0.86,0.66,36.19176426623809,0.160812332008546,0.09197234877150447,0.06287551746568595,0.0,0.00022483530539519708,0.08936134452530335,-0.08913650921990815,-0.050949529574891725,0.0022927288308701274,-0.021156,0.028111642011973487
101,World/coercive panoptic regime,0.0,0.7962407480462077,0.7,0.0,3.3042505888037983,0.18,0.86,0.66,36.3974466235757,0.160812332008546,0.09125094435271248,0.06162943502240659,0.0,0.00022037946410792327,0.08947261123239553,-0.0892522317682876,-0.05102270194670732,0.0022960215876018293,-0.021156,0.028113551658239463
102,World/coercive panoptic regime,0.0,0.7985400605269779,0.7,0.0,3.3323660377709414,0.18,0.86,0.66,36.60107215733994,0.160812332008546,0.09053905312607638,0.06039140295527867,0.0,0.0002159524099997219,0.0895835904166668,-0.08936763800666708,-0.051095832906005445,0.0022993124807702448,-0.021156,0.028115448967142978
103,World/coercive panoptic regime,0.0,0.8008426621771304,0.7,0.0,3.360483371971609,0.18,0.86,0.66,36.80266143576654,0.160812332008546,0.08983649132011517,0.05916125031472946,0.0,0.0002115535317754348,0.08969429041042365,-0.08948273687864822,-0.051168925558945325,0.0023026016501525395,-0.021156,0.02811733420066767
104,World/coercive panoptic regime,0.0,0.8031485514093342,0.7,0.0,3.388602579585753,0.18,0.86,0.66,37.00223482140887,0.160812332008546,0.0891430798551748,0.057938810492610265,0.0,0.0002071822336643152,0.08980471933942533,-0.08959753710576102,-0.05124198293786185,0.0023058892322037833,-0.021156,0.028119207614143864
105,World/coercive panoptic regime,0.0,0.8054577267694983,0.7,0.0,3.4167236490422126,0.18,0.86,0.66,37.19981247319478,0.160812332008546,0.08845864419477519,0.0567239210843688,0.0,0.00020283793492717272,0.08991488512948023,-0.08971204719455306,-0.05131500800364837,0.0023091753601641764,-0.021156,0.028121069456459785
106,World/coercive panoptic regime,0.0,0.8077701869336605,0.7,0.0,3.444846569012477,0.18,0.86,0.66,37.395414348462836,0.160812332008546,0.08778301420256959,0.05551642375642976,0.0,0.00019852006938214206,0.0900247955127925,-0.08982627544341035,-0.05138800364804896,0.002312460164162203,-0.021156,0.028122919970264795
107,World/coercive panoptic regime,0.0,0.8100859307049745,0.7,0.0,3.4729713284046424,0.18,0.86,0.66,37.5890602049782,0.160812332008546,0.08711602400467124,0.05431616411855569,0.0,0.00019422808494826092,0.09013445803407,-0.08994022994912174,-0.05146097269586432,0.002315743771313894,-0.021156,0.028124759392165032
108,World/coercive panoptic regime,0.0,0.8124049570107928,0.7,0.0,3.501097916357554,0.18,0.86,0.66,37.78076960292842,0.160812332008546,0.08645751185711273,0.053122991600971475,0.0,0.00018996144320608188,0.09024388005640391,-0.09005391861319782,-0.05153391790707485,0.002319026305818368,-0.021156,0.028126587952911678
109,World/coercive panoptic regime,0.0,0.8147272648998427,0.7,0.0,3.5292263222351363,0.18,0.86,0.66,37.970561906899135,0.160812332008546,0.08580732001821803,0.05193675933604627,0.0,0.00018571961897458116,0.09035306876692983,-0.09016734914795525,-0.0516068419788847,0.0023223078890498117,-0.021156,0.02812840587758232
110,World/coercive panoptic regime,0.0,0.8170528535394888,0.7,0.0,3.557356535620892,0.18,0.86,0.66,38.15845628783014,0.160812332008546,0.08516529462567472,0.050757324044337304,0.0,0.00018150209990366487,0.09046203118227997,-0.0902805290823763,-0.05167974754769012,0.0023255886396460553,-0.021156,0.02813021338575557
111,World/coercive panoptic regime,0.0,0.8193817222130827,0.7,0.0,3.5854885463125714,0.18,0.86,0.66,38.34447172495184,0.160812332008546,0.08453128557810657,0.0495845459248091,0.0,0.00017730838608160637,0.0905707741538351,-0.09039346576775349,-0.05175263719097529,0.0023288686735938877,-0.021156,0.028132010691679313
112,World/coercive panoptic regime,0.0,0.821713870317394,0.7,0.0,3.613622344317004,0.18,0.86,0.66,38.52862700770232,0.160812332008546,0.08390514642095537,0.048418288549050864,0.0,0.00017313798965678,0.0906793043727851,-0.09050616638312832,-0.05182551342913892,0.0023321481043112515,-0.021156,0.02813379800443281
113,World/coercive panoptic regime,0.0,0.8240492973601204,0.7,0.0,3.641757919845087,0.18,0.86,0.66,38.71094073762529,0.160812332008546,0.08328673423649026,0.04725841875932338,0.0,0.00016899043447308928,0.09078762837500581,-0.09061863794053272,-0.05189837872725434,0.0023354270427264454,-0.021156,0.028135575528082962
114,World/coercive panoptic regime,0.0,0.8263880029574749,0.7,0.0,3.669895263306922,0.18,0.86,0.66,38.89143133024904,0.160812332008546,0.08267590953777151,0.04610480657027452,0.0,0.00016486525571851325,0.09089575254576024,-0.09073088729004172,-0.05197123549676593,0.0023387055973544666,-0.021156,0.028137343461834923
115,World/coercive panoptic regime,0.0,0.8287299868318455,0.7,0.0,3.6980343653070995,0.18,0.86,0.66,39.07011701694655,0.160812332008546,0.08207253616640418,0.04495732507417108,0.0,0.00016076199958622688,0.09100368312423124,-0.09084292112464501,-0.05204408609712474,0.0023419838743706134,-0.021156,0.028139102000177333
116,World/coercive panoptic regime,0.0,0.831075248809527,0.7,0.0,3.726175216640122,0.18,0.86,0.66,39.24701584677708,0.160812332008546,0.08147648119392407,0.043815850349499724,0.0,0.00015668022294776908,0.09111142620789298,-0.09095474598494521,-0.052116932837365626,0.002345261977681453,-0.021156,0.028140851333022385
117,World/coercive panoptic regime,0.0,0.8334237888185203,0.7,0.0,3.754317808285963,0.18,0.86,0.66,39.42214568830931,0.160812332008546,0.08088761482666748,0.04268026137280023,0.0,0.0001526194930377689,0.09121898775672722,-0.09106636826368945,-0.05218977797762828,0.0023485400089932724,-0.021156,0.028142591645840955
118,World/coercive panoptic regime,0.0,0.8357756068863984,0.7,0.0,3.782462131405756,0.18,0.86,0.66,39.59552423142621,0.160812332008546,0.08030581031398064,0.041550439933596806,0.0,0.00014857938714975014,0.09132637359729157,-0.09117779421014181,-0.05226262373062473,0.0023518180678781127,-0.021156,0.028144323119792966
119,World/coercive panoptic regime,0.0,0.8381307031382359,0.7,0.0,3.810608177337609,0.18,0.86,0.66,39.767168989111944,0.160812332008546,0.0797309438596343,0.04042627055230197,0.0,0.00014455949234256556,0.09143358942664515,-0.09128902993430257,-0.05233547226305532,0.0023550962518374893,-0.021156,0.028146045931853186
120,World/coercive panoptic regime,0.0,0.8404890777945998,0.7,0.0,3.8387559375925413,0.18,0.86,0.66,39.937097299220824,0.160812332008546,0.07916289453631288,0.039307640400972926,0.0,0.00014055940515703106,0.09154064081613766,-0.09140008141098063,-0.05240832569697512,0.0023583746563638802,-0.021156,0.0281477602549327
121,World/coercive panoptic regime,0.0,0.8428507311695999,0.7,0.0,3.8669054038505375,0.18,0.86,0.66,40.105326326228614,0.160812332008546,0.07860154420305461,0.03819443922680496,0.0,0.00013657873134234732,0.09164753321506759,-0.09151095448372525,-0.05248118611111322,0.002361653375000095,-0.021156,0.028149466257996136
122,World/coercive panoptic regime,0.0,0.8452156636689965,0.7,0.0,3.895056567956712,0.18,0.86,0.66,40.27187306296633,0.160812332008546,0.07804677742552495,0.03708655927825277,0.0,0.00013261708559191853,0.09175427195421418,-0.09162165486862225,-0.05255405554214623,0.0023649324993965802,-0.021156,0.02815116410617489
123,World/coercive panoptic regime,0.0,0.8475838757883633,0.7,0.0,3.923209421917589,0.18,0.86,0.66,40.43675433233666,0.160812332008546,0.07749848139901018,0.03598389523367457,0.0,0.0001286740912881922,0.09186086224924903,-0.09173218815796083,-0.05262693598592835,0.0023682121193667758,-0.021156,0.028152853960876488
124,World/coercive panoptic regime,0.0,0.8499553681113038,0.7,0.0,3.951363957897479,0.18,0.86,0.66,40.59998678901329,0.160812332008546,0.07695654587402348,0.034886344132399494,0.0,0.0001247493802561647,0.0919673092040314,-0.09184255982377523,-0.05269982939867934,0.0023714923229405703,-0.021156,0.028154535979890215
125,World/coercive panoptic regime,0.0,0.8523301413077198,0.7,0.0,3.979520168214968,0.18,0.86,0.66,40.76158692112316,0.160812332008546,0.07642086308442143,0.03379380530812312,0.0,0.0001208425925252113,0.09207361781379217,-0.09195277522126696,-0.05277273769813228,0.0023747731964159527,-0.021156,0.028156210317489196
126,World/coercive panoptic regime,0.0,0.8547081961321287,0.7,0.0,4.007678045339497,0.18,0.86,0.66,40.921571051911926,0.160812332008546,0.0758913276779316,0.03270618032453901,0.0,0.00011695337609891256,0.09217979296821069,-0.09206283959211177,-0.052845662764642656,0.0023780548244089193,-0.021156,0.028157877124529038
127,World/coercive panoptic regime,0.0,0.8570895334220304,0.7,0.0,4.03583758188804,0.18,0.86,0.66,41.079955341392804,0.160812332008546,0.07536783664899849,0.03162337291312034,0.0,0.00011308138673256876,0.09228583945438878,-0.09217275806765622,-0.052918606442260194,0.002381337289901709,-0.021156,0.028159536548543185
128,World/coercive panoptic regime,0.0,0.8594741540963199,0.7,0.0,4.0639987706218745,0.18,0.86,0.66,41.23675578797887,0.160812332008546,0.07485028927385752,0.030545288912967677,0.0,0.00010922628771810286,0.09239176195972582,-0.09228253567200771,-0.05299157053976505,0.002384620674289427,-0.021156,0.0281611887338351
129,World/coercive panoptic regime,0.0,0.861862059153745,0.7,0.0,4.092161604443442,0.18,0.86,0.66,41.39198823009908,0.160812332008546,0.07433858704775145,0.029471836212643487,0.0,0.00010538774967606759,0.09249756507469865,-0.09239217732502258,-0.05306455683166951,0.0023879050574251276,-0.021156,0.0281628338215674
130,World/coercive panoptic regime,0.0,0.8642532496714085,0.7,0.0,4.12032607639329,0.18,0.86,0.66,41.54566834779809,0.160812332008546,0.0738326336242074,0.028402924693917392,0.0,0.00010156545035448532,0.09260325329555022,-0.09250168784519573,-0.05313756705918689,0.00239119051766341,-0.021156,0.02816447194984808
131,World/coercive panoptic regime,0.0,0.866647726803311,0.7,0.0,4.148492179647104,0.18,0.86,0.66,41.697811664320106,0.160812332008546,0.07333233475629575,0.027338466177349224,0.0,9.775907443425955e-05,0.09270883102689012,-0.09261107195245587,-0.053210602931168395,0.0023944771319025777,-0.021156,0.028166103253813888
132,World/coercive panoptic regime,0.0,0.8690454917789364,0.7,0.0,4.176659907512815,0.18,0.86,0.66,41.848433547676905,0.160812332008546,0.07283759823979641,0.026278374369640645,0.0,9.396831334091058e-05,0.09281430258421051,-0.0927203342708696,-0.05328366612500962,0.002397764975625433,-0.021156,0.028167727865711038
133,World/coercive panoptic regime,0.0,0.8714465459018752,0.7,0.0,4.204829253427788,0.18,0.86,0.66,41.997549212200134,0.160812332008546,0.07234833385819986,0.025222564812687892,0.0,9.019286506239438e-05,0.09291967219632079,-0.09282947933125839,-0.0533567582875276,0.002401054122938742,-0.021156,0.02816934591497326
134,World/coercive panoptic regime,0.0,0.8738508905484866,0.7,0.0,4.233000210956086,0.18,0.86,0.66,42.145173720078134,0.160812332008546,0.071864453329475,0.024170954834272756,0.0,8.643243397277926e-05,0.09302494400770366,-0.09293851157373087,-0.05342988103580955,0.0024043446466114294,-0.021156,0.02817095752829738
135,World/coercive panoptic regime,0.0,0.8762585271665981,0.7,0.0,4.261172773785803,0.18,0.86,0.66,42.29132198287735,0.160812332008546,0.07138587025453763,0.02312346350033037,0.0,8.268673066156137e-05,0.09313012208079598,-0.09304743535013442,-0.05350303595803436,0.002407636618111546,-0.021156,0.028172562829716474
136,World/coercive panoptic regime,0.0,0.8786694572742402,0.7,0.0,4.289346935726473,0.18,0.86,0.66,42.43600876304858,0.160812332008546,0.07091250006735648,0.02208001156873507,0.0,7.895547176840836e-05,0.09323521039819688,-0.09315625492642847,-0.05357622461426792,0.0024109301076420562,-0.021156,0.028174161940670683
137,World/coercive panoptic regime,0.0,0.8810836824584156,0.7,0.0,4.317522690706549,0.18,0.86,0.66,42.579248675418086,0.160812332008546,0.07044425998663663,0.02104052144454857,0.0,7.523837982313235e-05,0.0933402128648059,-0.09326497448498276,-0.05364944853723319,0.0024142251841754933,-0.021156,0.028175754980075803
138,World/coercive panoptic regime,0.0,0.8835012043739031,0.7,0.0,4.345700032770939,0.18,0.86,0.66,42.7210561886639,0.160812332008546,0.06998106896902226,0.02000491713667696,0.0,7.153518309070041e-05,0.09344513330989378,-0.09337359812680307,-0.05372270923305593,0.0024175219154875167,-0.021156,0.0281773420643897
139,World/coercive panoptic regime,0.0,0.8859220247420926,0.7,0.0,4.373878956078616,0.18,0.86,0.66,42.86144562677726,0.160812332008546,0.06952284766376358,0.018973124215884735,0.0,6.784561542109791e-05,0.09354997548910843,-0.09348212987368733,-0.053796008181987015,0.0024208203681894158,-0.021156,0.028178923307676674
140,World/coercive panoptic regime,0.0,0.8883461453498522,0.7,0.0,4.402059454900286,0.18,0.86,0.66,43.000431170509486,0.160812332008546,0.06906951836879453,0.017945069774116806,0.0,6.416941610386881e-05,0.09365474308641819,-0.09359057367031433,-0.053869346839102245,0.002424120607759601,-0.021156,0.028180498821669772
141,World/coercive panoptic regime,0.0,0.8907735680484263,0.7,0.0,4.430241523616117,0.18,0.86,0.66,43.13802685880439,0.160812332008546,0.06862100498817045,0.016920682385081015,0.0,6.05063297271635e-05,0.0937594397159949,-0.09369893338626774,-0.05394272663498028,0.0024274226985741124,-0.021156,0.028182068715831215
142,World/coercive panoptic regime,0.0,0.8932042947523625,0.7,0.0,4.4584251567135285,0.18,0.86,0.66,43.27424659021634,0.160812332008546,0.06817723299081681,0.01589989206604614,0.0,5.685610604113307e-05,0.09386406892403892,-0.0938072128179978,-0.05401614897635979,0.0024307267039361904,-0.021156,0.028183633097410943
143,World/coercive panoptic regime,0.0,0.8956383274384675,0.7,0.0,4.486610348785032,0.18,0.86,0.66,43.409104124314176,0.160812332008546,0.06773812937054227,0.014882630240811628,0.0,5.321849982551349e-05,0.09396863419054793,-0.09391541569072243,-0.054089615246776246,0.002434032686104931,-0.021156,0.028185192071503353
144,World/coercive panoptic regime,0.0,0.8980756681447906,0.7,0.0,4.514797094526134,0.18,0.86,0.66,43.54261308307103,0.160812332008546,0.06730362260727091,0.013868829703807345,0.0,4.959327076125061e-05,0.09407313893103189,-0.09402354566027064,-0.0541631268071793,0.0024373407063230687,-0.021156,0.02818674574110232
145,World/coercive panoptic regime,0.0,0.9005163189696345,0.7,0.0,4.542985388733289,0.18,0.86,0.66,43.67478695224032,0.160812332008546,0.06687364262945071,0.012858424585283912,0.0,4.598018330602503e-05,0.09417758649817579,-0.09413160631486976,-0.05423668499653138,0.002440650824843912,-0.021156,0.02818829420715456
146,World/coercive panoptic regime,0.0,0.902960282070592,0.7,0.0,4.5711752263019,0.18,0.86,0.66,43.80563908271791,0.160812332008546,0.0664481207775967,0.011851350317554188,0.0,4.237900657353567e-05,0.09428198018345206,-0.09423960117687852,-0.0543102911323881,0.002443963100957464,-0.021156,0.02818983756861134
147,World/coercive panoptic regime,0.0,0.9054075596636078,0.7,0.0,4.599366602224379,0.18,0.86,0.66,43.93518269189073,0.160812332008546,0.06602698976892915,0.010847543602249876,0.0,3.878951421641329e-05,0.09438632321868472,-0.0943475337044683,-0.054383946511461306,0.0024472775930157588,-0.021156,0.02819137592247868
148,World/coercive panoptic regime,0.0,0.9078581540220652,0.7,0.0,4.627559511588244,0.18,0.86,0.66,44.06343086497182,0.160812332008546,0.06561018366306863,0.00984694237855771,0.0,3.521148431263694e-05,0.09449061877756638,-0.09445540729325375,-0.054457652410165126,0.002450594358457431,-0.021156,0.028192909363866012
149,World/coercive panoptic regime,0.0,0.9103120674758968,0.7,0.0,4.655753949574278,0.18,0.86,0.66,44.1903965563221,0.160812332008546,0.06519763782875115,0.008849485792400802,0.0,3.164469925533018e-05,0.09459486997713025,-0.09456322527787492,-0.05453141008514576,0.002453913453831559,-0.021156,0.02819443798603343
150,World/coercive panoptic regime,0.0,0.9127693024107175,0.7,0.0,4.683949911454715,0.18,0.86,0.66,44.31609259075888,0.160812332008546,0.06478928891152845,0.007855114166533034,0.0,2.8088945645822145e-05,0.09469907987917861,-0.09467099093353279,-0.05460522077379566,0.0024572349348208045,-0.021156,0.028195961880437506
151,World/coercive panoptic regime,0.0,0.9152298612669814,0.7,0.0,4.712147392591491,0.18,0.86,0.66,44.440531664851285,0.160812332008546,0.06438507480241924,0.006863768971514694,0.0,2.4544014189859964e-05,0.09480325149166889,-0.09477870747747903,-0.054679085694752376,0.002460558856263857,-0.021156,0.028197481136775775
152,World/coercive panoptic regime,0.0,0.9176937465391586,0.7,0.0,4.740346388434521,0.18,0.86,0.66,44.56372634820277,0.160812332008546,0.06398493460747934,0.005875392797539514,0.0,2.1009699596865595e-05,0.09490738777005932,-0.09488637807046245,-0.05475300604838288,0.0024638852721772294,-0.021156,0.028198995843029914
153,World/coercive panoptic regime,0.0,0.920160960774935,0.7,0.0,4.7685468945200284,0.18,0.86,0.66,44.68568908472074,0.160812332008546,0.06358880861825895,0.004889929327083792,0.0,1.7485800482132388e-05,0.09501149161861516,-0.09499400581813303,-0.05482698301725365,0.002467214235776414,-0.021156,0.028200506085507657
154,World/coercive panoptic regime,0.0,0.9226315065744315,0.7,0.0,4.7967489064689115,0.18,0.86,0.66,44.80643219387353,0.160812332008546,0.06319663828311761,0.003907323308350391,0.0,1.3972119271863996e-05,0.09511556589167709,-0.09510159377240524,-0.05490101776658719,0.0024705457994964237,-0.021156,0.028202011948883488
155,World/coercive panoptic regime,0.0,0.9251053865894432,0.7,0.0,4.8249524199851495,0.18,0.86,0.66,44.925967871934795,0.160812332008546,0.06280836617936741,0.0029275205294800044,0.0,1.0468462110956958e-05,0.09521961339489272,-0.09520914493278176,-0.054975111444705196,0.002473880015011734,-0.021156,0.028203513516238163
156,World/coercive panoptic regime,0.0,0.9275826035226988,0.7,0.0,4.853157430854247,0.18,0.86,0.66,45.04430819321544,0.160812332008546,0.062423935986217045,0.0019504677935043846,0.0,6.974638773436459e-06,0.09532363688641292,-0.09531666224763949,-0.05504926518345912,0.0024772169332556607,-0.021156,0.0282050108690971
157,World/coercive panoptic regime,0.0,0.930063160127138,0.7,0.0,4.881363934941715,0.18,0.86,0.66,45.161465111283285,0.160812332008546,0.06204329245848979,0.0009761128940167507,0.0,3.4904625754566187e-06,0.0954276390780537,-0.09542414861547824,-0.05512348009864828,0.0024805566044391724,-0.021156,0.028206504087467662
158,World/coercive panoptic regime,0.0,0.9325470592052072,0.7,0.0,4.90957192819159,0.18,0.86,0.66,45.27745046017045,0.160812332008546,0.06166638140109,4.404591535722702e-06,0.0,1.5750290780760095e-08,0.09553162263642503,-0.09553160688613425,-0.05519775729042615,0.0024838990780691765,-0.021156,0.02820799324987538
159,World/coercive panoptic regime,0.0,0.9350333274565117,0.7,0.0,4.93777992819159,0.18,0.86,0.66,45.39227595556874,0.160812332008546,0.06129314964419294,0.0,0.0,0.0,0.09558440558454537,-0.09558440558454537,-0.055250405584545366,0.0024862682513045412,-0.021156,0.028208
