scenario,step,record_similarity,identity_path,record_quality,agency,presence,coherence,reciprocity,pointer_stability,debt,drag,free_resource,load,host_fitness,observer_S,boundary_effect,boundary_opportunity,coercion_penalty,B_addr,B_cap,B_act,B_align,B_path,B_scalar,active_spirit_channel
record_only_death,0,0.92,0.9,0.9,0.94,0.005,0.62,0.58,0.78,0.52,0.04,0.01,0.85,0.02,0.03,0.0,1.0,0.0,0.7452000000000001,2.847766322180271e-06,0.0,0.5,0.0,0.0,False
record_only_death,1,0.92,0.9,0.9,0.94,0.005,0.62,0.58,0.78,0.52,0.04,0.01,0.85,0.02,0.03,0.0,1.0,0.0,0.7452000000000001,2.847766322180271e-06,0.0,0.5,0.0,0.0,False
record_only_death,2,0.92,0.9,0.9,0.94,0.005,0.62,0.58,0.78,0.52,0.04,0.01,0.85,0.02,0.03,0.0,1.0,0.0,0.7452000000000001,2.847766322180271e-06,0.0,0.5,0.0,0.0,False
record_only_death,3,0.92,0.9,0.9,0.94,0.005,0.62,0.58,0.78,0.52,0.04,0.01,0.85,0.02,0.03,0.0,1.0,0.0,0.7452000000000001,2.847766322180271e-06,0.0,0.5,0.0,0.0,False
record_only_death,4,0.92,0.9,0.9,0.94,0.005,0.62,0.58,0.78,0.52,0.04,0.01,0.85,0.02,0.03,0.0,1.0,0.0,0.7452000000000001,2.847766322180271e-06,0.0,0.5,0.0,0.0,False
record_only_death,5,0.92,0.9,0.9,0.94,0.005,0.62,0.58,0.78,0.52,0.04,0.01,0.85,0.02,0.03,0.0,1.0,0.0,0.7452000000000001,2.847766322180271e-06,0.0,0.5,0.0,0.0,False
record_only_death,6,0.92,0.9,0.9,0.94,0.005,0.62,0.58,0.78,0.52,0.04,0.01,0.85,0.02,0.03,0.0,1.0,0.0,0.7452000000000001,2.847766322180271e-06,0.0,0.5,0.0,0.0,False
record_only_death,7,0.92,0.9,0.9,0.94,0.005,0.62,0.58,0.78,0.52,0.04,0.01,0.85,0.02,0.03,0.0,1.0,0.0,0.7452000000000001,2.847766322180271e-06,0.0,0.5,0.0,0.0,False
record_only_death,8,0.92,0.9,0.9,0.94,0.005,0.62,0.58,0.78,0.52,0.04,0.01,0.85,0.02,0.03,0.0,1.0,0.0,0.7452000000000001,2.847766322180271e-06,0.0,0.5,0.0,0.0,False
record_only_death,9,0.92,0.9,0.9,0.94,0.005,0.62,0.58,0.78,0.52,0.04,0.01,0.85,0.02,0.03,0.0,1.0,0.0,0.7452000000000001,2.847766322180271e-06,0.0,0.5,0.0,0.0,False
record_only_death,10,0.92,0.9,0.9,0.94,0.005,0.62,0.58,0.78,0.52,0.04,0.01,0.85,0.02,0.03,0.0,1.0,0.0,0.7452000000000001,2.847766322180271e-06,0.0,0.5,0.0,0.0,False
record_only_death,11,0.92,0.9,0.9,0.94,0.005,0.62,0.58,0.78,0.52,0.04,0.01,0.85,0.02,0.03,0.0,1.0,0.0,0.7452000000000001,2.847766322180271e-06,0.0,0.5,0.0,0.0,False
record_only_death,12,0.92,0.9,0.9,0.94,0.005,0.62,0.58,0.78,0.52,0.04,0.01,0.85,0.02,0.03,0.0,1.0,0.0,0.7452000000000001,2.847766322180271e-06,0.0,0.5,0.0,0.0,False
record_only_death,13,0.92,0.9,0.9,0.94,0.005,0.62,0.58,0.78,0.52,0.04,0.01,0.85,0.02,0.03,0.0,1.0,0.0,0.7452000000000001,2.847766322180271e-06,0.0,0.5,0.0,0.0,False
record_only_death,14,0.92,0.9,0.9,0.94,0.005,0.62,0.58,0.78,0.52,0.04,0.01,0.85,0.02,0.03,0.0,1.0,0.0,0.7452000000000001,2.847766322180271e-06,0.0,0.5,0.0,0.0,False
record_only_death,15,0.92,0.9,0.9,0.94,0.005,0.62,0.58,0.78,0.52,0.04,0.01,0.85,0.02,0.03,0.0,1.0,0.0,0.7452000000000001,2.847766322180271e-06,0.0,0.5,0.0,0.0,False
record_only_death,16,0.92,0.9,0.9,0.94,0.005,0.62,0.58,0.78,0.52,0.04,0.01,0.85,0.02,0.03,0.0,1.0,0.0,0.7452000000000001,2.847766322180271e-06,0.0,0.5,0.0,0.0,False
record_only_death,17,0.92,0.9,0.9,0.94,0.005,0.62,0.58,0.78,0.52,0.04,0.01,0.85,0.02,0.03,0.0,1.0,0.0,0.7452000000000001,2.847766322180271e-06,0.0,0.5,0.0,0.0,False
record_only_death,18,0.92,0.9,0.9,0.94,0.005,0.62,0.58,0.78,0.52,0.04,0.01,0.85,0.02,0.03,0.0,1.0,0.0,0.7452000000000001,2.847766322180271e-06,0.0,0.5,0.0,0.0,False
record_only_death,19,0.92,0.9,0.9,0.94,0.005,0.62,0.58,0.78,0.52,0.04,0.01,0.85,0.02,0.03,0.0,1.0,0.0,0.7452000000000001,2.847766322180271e-06,0.0,0.5,0.0,0.0,False
record_only_death,20,0.92,0.9,0.9,0.94,0.005,0.62,0.58,0.78,0.52,0.04,0.01,0.85,0.02,0.03,0.0,1.0,0.0,0.7452000000000001,2.847766322180271e-06,0.0,0.5,0.0,0.0,False
record_only_death,21,0.92,0.9,0.9,0.94,0.005,0.62,0.58,0.78,0.52,0.04,0.01,0.85,0.02,0.03,0.0,1.0,0.0,0.7452000000000001,2.847766322180271e-06,0.0,0.5,0.0,0.0,False
record_only_death,22,0.92,0.9,0.9,0.94,0.005,0.62,0.58,0.78,0.52,0.04,0.01,0.85,0.02,0.03,0.0,1.0,0.0,0.7452000000000001,2.847766322180271e-06,0.0,0.5,0.0,0.0,False
record_only_death,23,0.92,0.9,0.9,0.94,0.005,0.62,0.58,0.78,0.52,0.04,0.01,0.85,0.02,0.03,0.0,1.0,0.0,0.7452000000000001,2.847766322180271e-06,0.0,0.5,0.0,0.0,False
record_only_death,24,0.92,0.9,0.9,0.94,0.005,0.62,0.58,0.78,0.52,0.04,0.01,0.85,0.02,0.03,0.0,1.0,0.0,0.7452000000000001,2.847766322180271e-06,0.0,0.5,0.0,0.0,False
record_only_death,25,0.92,0.9,0.9,0.94,0.005,0.62,0.58,0.78,0.52,0.04,0.01,0.85,0.02,0.03,0.0,1.0,0.0,0.7452000000000001,2.847766322180271e-06,0.0,0.5,0.0,0.0,False
record_only_death,26,0.92,0.9,0.9,0.94,0.005,0.62,0.58,0.78,0.52,0.04,0.01,0.85,0.02,0.03,0.0,1.0,0.0,0.7452000000000001,2.847766322180271e-06,0.0,0.5,0.0,0.0,False
record_only_death,27,0.92,0.9,0.9,0.94,0.005,0.62,0.58,0.78,0.52,0.04,0.01,0.85,0.02,0.03,0.0,1.0,0.0,0.7452000000000001,2.847766322180271e-06,0.0,0.5,0.0,0.0,False
record_only_death,28,0.92,0.9,0.9,0.94,0.005,0.62,0.58,0.78,0.52,0.04,0.01,0.85,0.02,0.03,0.0,1.0,0.0,0.7452000000000001,2.847766322180271e-06,0.0,0.5,0.0,0.0,False
record_only_death,29,0.92,0.9,0.9,0.94,0.005,0.62,0.58,0.78,0.52,0.04,0.01,0.85,0.02,0.03,0.0,1.0,0.0,0.7452000000000001,2.847766322180271e-06,0.0,0.5,0.0,0.0,False
record_only_death,30,0.92,0.9,0.9,0.94,0.005,0.62,0.58,0.78,0.52,0.04,0.01,0.85,0.02,0.03,0.0,1.0,0.0,0.7452000000000001,2.847766322180271e-06,0.0,0.5,0.0,0.0,False
record_only_death,31,0.92,0.9,0.9,0.94,0.005,0.62,0.58,0.78,0.52,0.04,0.01,0.85,0.02,0.03,0.0,1.0,0.0,0.7452000000000001,2.847766322180271e-06,0.0,0.5,0.0,0.0,False
record_only_death,32,0.92,0.9,0.9,0.94,0.005,0.62,0.58,0.78,0.52,0.04,0.01,0.85,0.02,0.03,0.0,1.0,0.0,0.7452000000000001,2.847766322180271e-06,0.0,0.5,0.0,0.0,False
record_only_death,33,0.92,0.9,0.9,0.94,0.005,0.62,0.58,0.78,0.52,0.04,0.01,0.85,0.02,0.03,0.0,1.0,0.0,0.7452000000000001,2.847766322180271e-06,0.0,0.5,0.0,0.0,False
record_only_death,34,0.92,0.9,0.9,0.94,0.005,0.62,0.58,0.78,0.52,0.04,0.01,0.85,0.02,0.03,0.0,1.0,0.0,0.7452000000000001,2.847766322180271e-06,0.0,0.5,0.0,0.0,False
record_only_death,35,0.92,0.9,0.9,0.94,0.005,0.62,0.58,0.78,0.52,0.04,0.01,0.85,0.02,0.03,0.0,1.0,0.0,0.7452000000000001,2.847766322180271e-06,0.0,0.5,0.0,0.0,False
record_only_death,36,0.92,0.9,0.9,0.94,0.005,0.62,0.58,0.78,0.52,0.04,0.01,0.85,0.02,0.03,0.0,1.0,0.0,0.7452000000000001,2.847766322180271e-06,0.0,0.5,0.0,0.0,False
record_only_death,37,0.92,0.9,0.9,0.94,0.005,0.62,0.58,0.78,0.52,0.04,0.01,0.85,0.02,0.03,0.0,1.0,0.0,0.7452000000000001,2.847766322180271e-06,0.0,0.5,0.0,0.0,False
record_only_death,38,0.92,0.9,0.9,0.94,0.005,0.62,0.58,0.78,0.52,0.04,0.01,0.85,0.02,0.03,0.0,1.0,0.0,0.7452000000000001,2.847766322180271e-06,0.0,0.5,0.0,0.0,False
record_only_death,39,0.92,0.9,0.9,0.94,0.005,0.62,0.58,0.78,0.52,0.04,0.01,0.85,0.02,0.03,0.0,1.0,0.0,0.7452000000000001,2.847766322180271e-06,0.0,0.5,0.0,0.0,False
record_only_death,40,0.92,0.9,0.9,0.94,0.005,0.62,0.58,0.78,0.52,0.04,0.01,0.85,0.02,0.03,0.0,1.0,0.0,0.7452000000000001,2.847766322180271e-06,0.0,0.5,0.0,0.0,False
record_only_death,41,0.92,0.9,0.9,0.94,0.005,0.62,0.58,0.78,0.52,0.04,0.01,0.85,0.02,0.03,0.0,1.0,0.0,0.7452000000000001,2.847766322180271e-06,0.0,0.5,0.0,0.0,False
record_only_death,42,0.92,0.9,0.9,0.94,0.005,0.62,0.58,0.78,0.52,0.04,0.01,0.85,0.02,0.03,0.0,1.0,0.0,0.7452000000000001,2.847766322180271e-06,0.0,0.5,0.0,0.0,False
record_only_death,43,0.92,0.9,0.9,0.94,0.005,0.62,0.58,0.78,0.52,0.04,0.01,0.85,0.02,0.03,0.0,1.0,0.0,0.7452000000000001,2.847766322180271e-06,0.0,0.5,0.0,0.0,False
record_only_death,44,0.92,0.9,0.9,0.94,0.005,0.62,0.58,0.78,0.52,0.04,0.01,0.85,0.02,0.03,0.0,1.0,0.0,0.7452000000000001,2.847766322180271e-06,0.0,0.5,0.0,0.0,False
record_only_death,45,0.92,0.9,0.9,0.94,0.005,0.62,0.58,0.78,0.52,0.04,0.01,0.85,0.02,0.03,0.0,1.0,0.0,0.7452000000000001,2.847766322180271e-06,0.0,0.5,0.0,0.0,False
record_only_death,46,0.92,0.9,0.9,0.94,0.005,0.62,0.58,0.78,0.52,0.04,0.01,0.85,0.02,0.03,0.0,1.0,0.0,0.7452000000000001,2.847766322180271e-06,0.0,0.5,0.0,0.0,False
record_only_death,47,0.92,0.9,0.9,0.94,0.005,0.62,0.58,0.78,0.52,0.04,0.01,0.85,0.02,0.03,0.0,1.0,0.0,0.7452000000000001,2.847766322180271e-06,0.0,0.5,0.0,0.0,False
record_only_death,48,0.92,0.9,0.9,0.94,0.005,0.62,0.58,0.78,0.52,0.04,0.01,0.85,0.02,0.03,0.0,1.0,0.0,0.7452000000000001,2.847766322180271e-06,0.0,0.5,0.0,0.0,False
record_only_death,49,0.92,0.9,0.9,0.94,0.005,0.62,0.58,0.78,0.52,0.04,0.01,0.85,0.02,0.03,0.0,1.0,0.0,0.7452000000000001,2.847766322180271e-06,0.0,0.5,0.0,0.0,False
record_only_death,50,0.92,0.9,0.9,0.94,0.005,0.62,0.58,0.78,0.52,0.04,0.01,0.85,0.02,0.03,0.0,1.0,0.0,0.7452000000000001,2.847766322180271e-06,0.0,0.5,0.0,0.0,False
record_only_death,51,0.92,0.9,0.9,0.94,0.005,0.62,0.58,0.78,0.52,0.04,0.01,0.85,0.02,0.03,0.0,1.0,0.0,0.7452000000000001,2.847766322180271e-06,0.0,0.5,0.0,0.0,False
record_only_death,52,0.92,0.9,0.9,0.94,0.005,0.62,0.58,0.78,0.52,0.04,0.01,0.85,0.02,0.03,0.0,1.0,0.0,0.7452000000000001,2.847766322180271e-06,0.0,0.5,0.0,0.0,False
record_only_death,53,0.92,0.9,0.9,0.94,0.005,0.62,0.58,0.78,0.52,0.04,0.01,0.85,0.02,0.03,0.0,1.0,0.0,0.7452000000000001,2.847766322180271e-06,0.0,0.5,0.0,0.0,False
record_only_death,54,0.92,0.9,0.9,0.94,0.005,0.62,0.58,0.78,0.52,0.04,0.01,0.85,0.02,0.03,0.0,1.0,0.0,0.7452000000000001,2.847766322180271e-06,0.0,0.5,0.0,0.0,False
record_only_death,55,0.92,0.9,0.9,0.94,0.005,0.62,0.58,0.78,0.52,0.04,0.01,0.85,0.02,0.03,0.0,1.0,0.0,0.7452000000000001,2.847766322180271e-06,0.0,0.5,0.0,0.0,False
record_only_death,56,0.92,0.9,0.9,0.94,0.005,0.62,0.58,0.78,0.52,0.04,0.01,0.85,0.02,0.03,0.0,1.0,0.0,0.7452000000000001,2.847766322180271e-06,0.0,0.5,0.0,0.0,False
record_only_death,57,0.92,0.9,0.9,0.94,0.005,0.62,0.58,0.78,0.52,0.04,0.01,0.85,0.02,0.03,0.0,1.0,0.0,0.7452000000000001,2.847766322180271e-06,0.0,0.5,0.0,0.0,False
record_only_death,58,0.92,0.9,0.9,0.94,0.005,0.62,0.58,0.78,0.52,0.04,0.01,0.85,0.02,0.03,0.0,1.0,0.0,0.7452000000000001,2.847766322180271e-06,0.0,0.5,0.0,0.0,False
record_only_death,59,0.92,0.9,0.9,0.94,0.005,0.62,0.58,0.78,0.52,0.04,0.01,0.85,0.02,0.03,0.0,1.0,0.0,0.7452000000000001,2.847766322180271e-06,0.0,0.5,0.0,0.0,False
record_only_death,60,0.92,0.9,0.9,0.94,0.005,0.62,0.58,0.78,0.52,0.04,0.01,0.85,0.02,0.03,0.0,1.0,0.0,0.7452000000000001,2.847766322180271e-06,0.0,0.5,0.0,0.0,False
record_only_death,61,0.92,0.9,0.9,0.94,0.005,0.62,0.58,0.78,0.52,0.04,0.01,0.85,0.02,0.03,0.0,1.0,0.0,0.7452000000000001,2.847766322180271e-06,0.0,0.5,0.0,0.0,False
record_only_death,62,0.92,0.9,0.9,0.94,0.005,0.62,0.58,0.78,0.52,0.04,0.01,0.85,0.02,0.03,0.0,1.0,0.0,0.7452000000000001,2.847766322180271e-06,0.0,0.5,0.0,0.0,False
record_only_death,63,0.92,0.9,0.9,0.94,0.005,0.62,0.58,0.78,0.52,0.04,0.01,0.85,0.02,0.03,0.0,1.0,0.0,0.7452000000000001,2.847766322180271e-06,0.0,0.5,0.0,0.0,False
record_only_death,64,0.92,0.9,0.9,0.94,0.005,0.62,0.58,0.78,0.52,0.04,0.01,0.85,0.02,0.03,0.0,1.0,0.0,0.7452000000000001,2.847766322180271e-06,0.0,0.5,0.0,0.0,False
record_only_death,65,0.92,0.9,0.9,0.94,0.005,0.62,0.58,0.78,0.52,0.04,0.01,0.85,0.02,0.03,0.0,1.0,0.0,0.7452000000000001,2.847766322180271e-06,0.0,0.5,0.0,0.0,False
record_only_death,66,0.92,0.9,0.9,0.94,0.005,0.62,0.58,0.78,0.52,0.04,0.01,0.85,0.02,0.03,0.0,1.0,0.0,0.7452000000000001,2.847766322180271e-06,0.0,0.5,0.0,0.0,False
record_only_death,67,0.92,0.9,0.9,0.94,0.005,0.62,0.58,0.78,0.52,0.04,0.01,0.85,0.02,0.03,0.0,1.0,0.0,0.7452000000000001,2.847766322180271e-06,0.0,0.5,0.0,0.0,False
record_only_death,68,0.92,0.9,0.9,0.94,0.005,0.62,0.58,0.78,0.52,0.04,0.01,0.85,0.02,0.03,0.0,1.0,0.0,0.7452000000000001,2.847766322180271e-06,0.0,0.5,0.0,0.0,False
record_only_death,69,0.92,0.9,0.9,0.94,0.005,0.62,0.58,0.78,0.52,0.04,0.01,0.85,0.02,0.03,0.0,1.0,0.0,0.7452000000000001,2.847766322180271e-06,0.0,0.5,0.0,0.0,False
record_only_death,70,0.92,0.9,0.9,0.94,0.005,0.62,0.58,0.78,0.52,0.04,0.01,0.85,0.02,0.03,0.0,1.0,0.0,0.7452000000000001,2.847766322180271e-06,0.0,0.5,0.0,0.0,False
record_only_death,71,0.92,0.9,0.9,0.94,0.005,0.62,0.58,0.78,0.52,0.04,0.01,0.85,0.02,0.03,0.0,1.0,0.0,0.7452000000000001,2.847766322180271e-06,0.0,0.5,0.0,0.0,False
record_only_death,72,0.92,0.9,0.9,0.94,0.005,0.62,0.58,0.78,0.52,0.04,0.01,0.85,0.02,0.03,0.0,1.0,0.0,0.7452000000000001,2.847766322180271e-06,0.0,0.5,0.0,0.0,False
record_only_death,73,0.92,0.9,0.9,0.94,0.005,0.62,0.58,0.78,0.52,0.04,0.01,0.85,0.02,0.03,0.0,1.0,0.0,0.7452000000000001,2.847766322180271e-06,0.0,0.5,0.0,0.0,False
record_only_death,74,0.92,0.9,0.9,0.94,0.005,0.62,0.58,0.78,0.52,0.04,0.01,0.85,0.02,0.03,0.0,1.0,0.0,0.7452000000000001,2.847766322180271e-06,0.0,0.5,0.0,0.0,False
record_only_death,75,0.92,0.9,0.9,0.94,0.005,0.62,0.58,0.78,0.52,0.04,0.01,0.85,0.02,0.03,0.0,1.0,0.0,0.7452000000000001,2.847766322180271e-06,0.0,0.5,0.0,0.0,False
record_only_death,76,0.92,0.9,0.9,0.94,0.005,0.62,0.58,0.78,0.52,0.04,0.01,0.85,0.02,0.03,0.0,1.0,0.0,0.7452000000000001,2.847766322180271e-06,0.0,0.5,0.0,0.0,False
record_only_death,77,0.92,0.9,0.9,0.94,0.005,0.62,0.58,0.78,0.52,0.04,0.01,0.85,0.02,0.03,0.0,1.0,0.0,0.7452000000000001,2.847766322180271e-06,0.0,0.5,0.0,0.0,False
record_only_death,78,0.92,0.9,0.9,0.94,0.005,0.62,0.58,0.78,0.52,0.04,0.01,0.85,0.02,0.03,0.0,1.0,0.0,0.7452000000000001,2.847766322180271e-06,0.0,0.5,0.0,0.0,False
record_only_death,79,0.92,0.9,0.9,0.94,0.005,0.62,0.58,0.78,0.52,0.04,0.01,0.85,0.02,0.03,0.0,1.0,0.0,0.7452000000000001,2.847766322180271e-06,0.0,0.5,0.0,0.0,False
record_only_death,80,0.92,0.9,0.9,0.94,0.005,0.62,0.58,0.78,0.52,0.04,0.01,0.85,0.02,0.03,0.0,1.0,0.0,0.7452000000000001,2.847766322180271e-06,0.0,0.5,0.0,0.0,False
record_only_death,81,0.92,0.9,0.9,0.94,0.005,0.62,0.58,0.78,0.52,0.04,0.01,0.85,0.02,0.03,0.0,1.0,0.0,0.7452000000000001,2.847766322180271e-06,0.0,0.5,0.0,0.0,False
record_only_death,82,0.92,0.9,0.9,0.94,0.005,0.62,0.58,0.78,0.52,0.04,0.01,0.85,0.02,0.03,0.0,1.0,0.0,0.7452000000000001,2.847766322180271e-06,0.0,0.5,0.0,0.0,False
record_only_death,83,0.92,0.9,0.9,0.94,0.005,0.62,0.58,0.78,0.52,0.04,0.01,0.85,0.02,0.03,0.0,1.0,0.0,0.7452000000000001,2.847766322180271e-06,0.0,0.5,0.0,0.0,False
record_only_death,84,0.92,0.9,0.9,0.94,0.005,0.62,0.58,0.78,0.52,0.04,0.01,0.85,0.02,0.03,0.0,1.0,0.0,0.7452000000000001,2.847766322180271e-06,0.0,0.5,0.0,0.0,False
record_only_death,85,0.92,0.9,0.9,0.94,0.005,0.62,0.58,0.78,0.52,0.04,0.01,0.85,0.02,0.03,0.0,1.0,0.0,0.7452000000000001,2.847766322180271e-06,0.0,0.5,0.0,0.0,False
record_only_death,86,0.92,0.9,0.9,0.94,0.005,0.62,0.58,0.78,0.52,0.04,0.01,0.85,0.02,0.03,0.0,1.0,0.0,0.7452000000000001,2.847766322180271e-06,0.0,0.5,0.0,0.0,False
record_only_death,87,0.92,0.9,0.9,0.94,0.005,0.62,0.58,0.78,0.52,0.04,0.01,0.85,0.02,0.03,0.0,1.0,0.0,0.7452000000000001,2.847766322180271e-06,0.0,0.5,0.0,0.0,False
record_only_death,88,0.92,0.9,0.9,0.94,0.005,0.62,0.58,0.78,0.52,0.04,0.01,0.85,0.02,0.03,0.0,1.0,0.0,0.7452000000000001,2.847766322180271e-06,0.0,0.5,0.0,0.0,False
record_only_death,89,0.92,0.9,0.9,0.94,0.005,0.62,0.58,0.78,0.52,0.04,0.01,0.85,0.02,0.03,0.0,1.0,0.0,0.7452000000000001,2.847766322180271e-06,0.0,0.5,0.0,0.0,False
record_only_death,90,0.92,0.9,0.9,0.94,0.005,0.62,0.58,0.78,0.52,0.04,0.01,0.85,0.02,0.03,0.0,1.0,0.0,0.7452000000000001,2.847766322180271e-06,0.0,0.5,0.0,0.0,False
record_only_death,91,0.92,0.9,0.9,0.94,0.005,0.62,0.58,0.78,0.52,0.04,0.01,0.85,0.02,0.03,0.0,1.0,0.0,0.7452000000000001,2.847766322180271e-06,0.0,0.5,0.0,0.0,False
record_only_death,92,0.92,0.9,0.9,0.94,0.005,0.62,0.58,0.78,0.52,0.04,0.01,0.85,0.02,0.03,0.0,1.0,0.0,0.7452000000000001,2.847766322180271e-06,0.0,0.5,0.0,0.0,False
record_only_death,93,0.92,0.9,0.9,0.94,0.005,0.62,0.58,0.78,0.52,0.04,0.01,0.85,0.02,0.03,0.0,1.0,0.0,0.7452000000000001,2.847766322180271e-06,0.0,0.5,0.0,0.0,False
record_only_death,94,0.92,0.9,0.9,0.94,0.005,0.62,0.58,0.78,0.52,0.04,0.01,0.85,0.02,0.03,0.0,1.0,0.0,0.7452000000000001,2.847766322180271e-06,0.0,0.5,0.0,0.0,False
record_only_death,95,0.92,0.9,0.9,0.94,0.005,0.62,0.58,0.78,0.52,0.04,0.01,0.85,0.02,0.03,0.0,1.0,0.0,0.7452000000000001,2.847766322180271e-06,0.0,0.5,0.0,0.0,False
record_only_death,96,0.92,0.9,0.9,0.94,0.005,0.62,0.58,0.78,0.52,0.04,0.01,0.85,0.02,0.03,0.0,1.0,0.0,0.7452000000000001,2.847766322180271e-06,0.0,0.5,0.0,0.0,False
record_only_death,97,0.92,0.9,0.9,0.94,0.005,0.62,0.58,0.78,0.52,0.04,0.01,0.85,0.02,0.03,0.0,1.0,0.0,0.7452000000000001,2.847766322180271e-06,0.0,0.5,0.0,0.0,False
record_only_death,98,0.92,0.9,0.9,0.94,0.005,0.62,0.58,0.78,0.52,0.04,0.01,0.85,0.02,0.03,0.0,1.0,0.0,0.7452000000000001,2.847766322180271e-06,0.0,0.5,0.0,0.0,False
record_only_death,99,0.92,0.9,0.9,0.94,0.005,0.62,0.58,0.78,0.52,0.04,0.01,0.85,0.02,0.03,0.0,1.0,0.0,0.7452000000000001,2.847766322180271e-06,0.0,0.5,0.0,0.0,False
record_only_death,100,0.92,0.9,0.9,0.94,0.005,0.62,0.58,0.78,0.52,0.04,0.01,0.85,0.02,0.03,0.0,1.0,0.0,0.7452000000000001,2.847766322180271e-06,0.0,0.5,0.0,0.0,False
record_only_death,101,0.92,0.9,0.9,0.94,0.005,0.62,0.58,0.78,0.52,0.04,0.01,0.85,0.02,0.03,0.0,1.0,0.0,0.7452000000000001,2.847766322180271e-06,0.0,0.5,0.0,0.0,False
record_only_death,102,0.92,0.9,0.9,0.94,0.005,0.62,0.58,0.78,0.52,0.04,0.01,0.85,0.02,0.03,0.0,1.0,0.0,0.7452000000000001,2.847766322180271e-06,0.0,0.5,0.0,0.0,False
record_only_death,103,0.92,0.9,0.9,0.94,0.005,0.62,0.58,0.78,0.52,0.04,0.01,0.85,0.02,0.03,0.0,1.0,0.0,0.7452000000000001,2.847766322180271e-06,0.0,0.5,0.0,0.0,False
record_only_death,104,0.92,0.9,0.9,0.94,0.005,0.62,0.58,0.78,0.52,0.04,0.01,0.85,0.02,0.03,0.0,1.0,0.0,0.7452000000000001,2.847766322180271e-06,0.0,0.5,0.0,0.0,False
record_only_death,105,0.92,0.9,0.9,0.94,0.005,0.62,0.58,0.78,0.52,0.04,0.01,0.85,0.02,0.03,0.0,1.0,0.0,0.7452000000000001,2.847766322180271e-06,0.0,0.5,0.0,0.0,False
record_only_death,106,0.92,0.9,0.9,0.94,0.005,0.62,0.58,0.78,0.52,0.04,0.01,0.85,0.02,0.03,0.0,1.0,0.0,0.7452000000000001,2.847766322180271e-06,0.0,0.5,0.0,0.0,False
record_only_death,107,0.92,0.9,0.9,0.94,0.005,0.62,0.58,0.78,0.52,0.04,0.01,0.85,0.02,0.03,0.0,1.0,0.0,0.7452000000000001,2.847766322180271e-06,0.0,0.5,0.0,0.0,False
record_only_death,108,0.92,0.9,0.9,0.94,0.005,0.62,0.58,0.78,0.52,0.04,0.01,0.85,0.02,0.03,0.0,1.0,0.0,0.7452000000000001,2.847766322180271e-06,0.0,0.5,0.0,0.0,False
record_only_death,109,0.92,0.9,0.9,0.94,0.005,0.62,0.58,0.78,0.52,0.04,0.01,0.85,0.02,0.03,0.0,1.0,0.0,0.7452000000000001,2.847766322180271e-06,0.0,0.5,0.0,0.0,False
record_only_death,110,0.92,0.9,0.9,0.94,0.005,0.62,0.58,0.78,0.52,0.04,0.01,0.85,0.02,0.03,0.0,1.0,0.0,0.7452000000000001,2.847766322180271e-06,0.0,0.5,0.0,0.0,False
record_only_death,111,0.92,0.9,0.9,0.94,0.005,0.62,0.58,0.78,0.52,0.04,0.01,0.85,0.02,0.03,0.0,1.0,0.0,0.7452000000000001,2.847766322180271e-06,0.0,0.5,0.0,0.0,False
record_only_death,112,0.92,0.9,0.9,0.94,0.005,0.62,0.58,0.78,0.52,0.04,0.01,0.85,0.02,0.03,0.0,1.0,0.0,0.7452000000000001,2.847766322180271e-06,0.0,0.5,0.0,0.0,False
record_only_death,113,0.92,0.9,0.9,0.94,0.005,0.62,0.58,0.78,0.52,0.04,0.01,0.85,0.02,0.03,0.0,1.0,0.0,0.7452000000000001,2.847766322180271e-06,0.0,0.5,0.0,0.0,False
record_only_death,114,0.92,0.9,0.9,0.94,0.005,0.62,0.58,0.78,0.52,0.04,0.01,0.85,0.02,0.03,0.0,1.0,0.0,0.7452000000000001,2.847766322180271e-06,0.0,0.5,0.0,0.0,False
record_only_death,115,0.92,0.9,0.9,0.94,0.005,0.62,0.58,0.78,0.52,0.04,0.01,0.85,0.02,0.03,0.0,1.0,0.0,0.7452000000000001,2.847766322180271e-06,0.0,0.5,0.0,0.0,False
record_only_death,116,0.92,0.9,0.9,0.94,0.005,0.62,0.58,0.78,0.52,0.04,0.01,0.85,0.02,0.03,0.0,1.0,0.0,0.7452000000000001,2.847766322180271e-06,0.0,0.5,0.0,0.0,False
record_only_death,117,0.92,0.9,0.9,0.94,0.005,0.62,0.58,0.78,0.52,0.04,0.01,0.85,0.02,0.03,0.0,1.0,0.0,0.7452000000000001,2.847766322180271e-06,0.0,0.5,0.0,0.0,False
record_only_death,118,0.92,0.9,0.9,0.94,0.005,0.62,0.58,0.78,0.52,0.04,0.01,0.85,0.02,0.03,0.0,1.0,0.0,0.7452000000000001,2.847766322180271e-06,0.0,0.5,0.0,0.0,False
record_only_death,119,0.92,0.9,0.9,0.94,0.005,0.62,0.58,0.78,0.52,0.04,0.01,0.85,0.02,0.03,0.0,1.0,0.0,0.7452000000000001,2.847766322180271e-06,0.0,0.5,0.0,0.0,False
record_only_death,120,0.92,0.9,0.9,0.94,0.005,0.62,0.58,0.78,0.52,0.04,0.01,0.85,0.02,0.03,0.0,1.0,0.0,0.7452000000000001,2.847766322180271e-06,0.0,0.5,0.0,0.0,False
record_only_death,121,0.92,0.9,0.9,0.94,0.005,0.62,0.58,0.78,0.52,0.04,0.01,0.85,0.02,0.03,0.0,1.0,0.0,0.7452000000000001,2.847766322180271e-06,0.0,0.5,0.0,0.0,False
record_only_death,122,0.92,0.9,0.9,0.94,0.005,0.62,0.58,0.78,0.52,0.04,0.01,0.85,0.02,0.03,0.0,1.0,0.0,0.7452000000000001,2.847766322180271e-06,0.0,0.5,0.0,0.0,False
record_only_death,123,0.92,0.9,0.9,0.94,0.005,0.62,0.58,0.78,0.52,0.04,0.01,0.85,0.02,0.03,0.0,1.0,0.0,0.7452000000000001,2.847766322180271e-06,0.0,0.5,0.0,0.0,False
record_only_death,124,0.92,0.9,0.9,0.94,0.005,0.62,0.58,0.78,0.52,0.04,0.01,0.85,0.02,0.03,0.0,1.0,0.0,0.7452000000000001,2.847766322180271e-06,0.0,0.5,0.0,0.0,False
record_only_death,125,0.92,0.9,0.9,0.94,0.005,0.62,0.58,0.78,0.52,0.04,0.01,0.85,0.02,0.03,0.0,1.0,0.0,0.7452000000000001,2.847766322180271e-06,0.0,0.5,0.0,0.0,False
record_only_death,126,0.92,0.9,0.9,0.94,0.005,0.62,0.58,0.78,0.52,0.04,0.01,0.85,0.02,0.03,0.0,1.0,0.0,0.7452000000000001,2.847766322180271e-06,0.0,0.5,0.0,0.0,False
record_only_death,127,0.92,0.9,0.9,0.94,0.005,0.62,0.58,0.78,0.52,0.04,0.01,0.85,0.02,0.03,0.0,1.0,0.0,0.7452000000000001,2.847766322180271e-06,0.0,0.5,0.0,0.0,False
record_only_death,128,0.92,0.9,0.9,0.94,0.005,0.62,0.58,0.78,0.52,0.04,0.01,0.85,0.02,0.03,0.0,1.0,0.0,0.7452000000000001,2.847766322180271e-06,0.0,0.5,0.0,0.0,False
record_only_death,129,0.92,0.9,0.9,0.94,0.005,0.62,0.58,0.78,0.52,0.04,0.01,0.85,0.02,0.03,0.0,1.0,0.0,0.7452000000000001,2.847766322180271e-06,0.0,0.5,0.0,0.0,False
record_only_death,130,0.92,0.9,0.9,0.94,0.005,0.62,0.58,0.78,0.52,0.04,0.01,0.85,0.02,0.03,0.0,1.0,0.0,0.7452000000000001,2.847766322180271e-06,0.0,0.5,0.0,0.0,False
record_only_death,131,0.92,0.9,0.9,0.94,0.005,0.62,0.58,0.78,0.52,0.04,0.01,0.85,0.02,0.03,0.0,1.0,0.0,0.7452000000000001,2.847766322180271e-06,0.0,0.5,0.0,0.0,False
record_only_death,132,0.92,0.9,0.9,0.94,0.005,0.62,0.58,0.78,0.52,0.04,0.01,0.85,0.02,0.03,0.0,1.0,0.0,0.7452000000000001,2.847766322180271e-06,0.0,0.5,0.0,0.0,False
record_only_death,133,0.92,0.9,0.9,0.94,0.005,0.62,0.58,0.78,0.52,0.04,0.01,0.85,0.02,0.03,0.0,1.0,0.0,0.7452000000000001,2.847766322180271e-06,0.0,0.5,0.0,0.0,False
record_only_death,134,0.92,0.9,0.9,0.94,0.005,0.62,0.58,0.78,0.52,0.04,0.01,0.85,0.02,0.03,0.0,1.0,0.0,0.7452000000000001,2.847766322180271e-06,0.0,0.5,0.0,0.0,False
record_only_death,135,0.92,0.9,0.9,0.94,0.005,0.62,0.58,0.78,0.52,0.04,0.01,0.85,0.02,0.03,0.0,1.0,0.0,0.7452000000000001,2.847766322180271e-06,0.0,0.5,0.0,0.0,False
record_only_death,136,0.92,0.9,0.9,0.94,0.005,0.62,0.58,0.78,0.52,0.04,0.01,0.85,0.02,0.03,0.0,1.0,0.0,0.7452000000000001,2.847766322180271e-06,0.0,0.5,0.0,0.0,False
record_only_death,137,0.92,0.9,0.9,0.94,0.005,0.62,0.58,0.78,0.52,0.04,0.01,0.85,0.02,0.03,0.0,1.0,0.0,0.7452000000000001,2.847766322180271e-06,0.0,0.5,0.0,0.0,False
record_only_death,138,0.92,0.9,0.9,0.94,0.005,0.62,0.58,0.78,0.52,0.04,0.01,0.85,0.02,0.03,0.0,1.0,0.0,0.7452000000000001,2.847766322180271e-06,0.0,0.5,0.0,0.0,False
record_only_death,139,0.92,0.9,0.9,0.94,0.005,0.62,0.58,0.78,0.52,0.04,0.01,0.85,0.02,0.03,0.0,1.0,0.0,0.7452000000000001,2.847766322180271e-06,0.0,0.5,0.0,0.0,False
record_only_death,140,0.92,0.9,0.9,0.94,0.005,0.62,0.58,0.78,0.52,0.04,0.01,0.85,0.02,0.03,0.0,1.0,0.0,0.7452000000000001,2.847766322180271e-06,0.0,0.5,0.0,0.0,False
record_only_death,141,0.92,0.9,0.9,0.94,0.005,0.62,0.58,0.78,0.52,0.04,0.01,0.85,0.02,0.03,0.0,1.0,0.0,0.7452000000000001,2.847766322180271e-06,0.0,0.5,0.0,0.0,False
record_only_death,142,0.92,0.9,0.9,0.94,0.005,0.62,0.58,0.78,0.52,0.04,0.01,0.85,0.02,0.03,0.0,1.0,0.0,0.7452000000000001,2.847766322180271e-06,0.0,0.5,0.0,0.0,False
record_only_death,143,0.92,0.9,0.9,0.94,0.005,0.62,0.58,0.78,0.52,0.04,0.01,0.85,0.02,0.03,0.0,1.0,0.0,0.7452000000000001,2.847766322180271e-06,0.0,0.5,0.0,0.0,False
record_only_death,144,0.92,0.9,0.9,0.94,0.005,0.62,0.58,0.78,0.52,0.04,0.01,0.85,0.02,0.03,0.0,1.0,0.0,0.7452000000000001,2.847766322180271e-06,0.0,0.5,0.0,0.0,False
record_only_death,145,0.92,0.9,0.9,0.94,0.005,0.62,0.58,0.78,0.52,0.04,0.01,0.85,0.02,0.03,0.0,1.0,0.0,0.7452000000000001,2.847766322180271e-06,0.0,0.5,0.0,0.0,False
record_only_death,146,0.92,0.9,0.9,0.94,0.005,0.62,0.58,0.78,0.52,0.04,0.01,0.85,0.02,0.03,0.0,1.0,0.0,0.7452000000000001,2.847766322180271e-06,0.0,0.5,0.0,0.0,False
record_only_death,147,0.92,0.9,0.9,0.94,0.005,0.62,0.58,0.78,0.52,0.04,0.01,0.85,0.02,0.03,0.0,1.0,0.0,0.7452000000000001,2.847766322180271e-06,0.0,0.5,0.0,0.0,False
record_only_death,148,0.92,0.9,0.9,0.94,0.005,0.62,0.58,0.78,0.52,0.04,0.01,0.85,0.02,0.03,0.0,1.0,0.0,0.7452000000000001,2.847766322180271e-06,0.0,0.5,0.0,0.0,False
record_only_death,149,0.92,0.9,0.9,0.94,0.005,0.62,0.58,0.78,0.52,0.04,0.01,0.85,0.02,0.03,0.0,1.0,0.0,0.7452000000000001,2.847766322180271e-06,0.0,0.5,0.0,0.0,False
record_only_death,150,0.92,0.9,0.9,0.94,0.005,0.62,0.58,0.78,0.52,0.04,0.01,0.85,0.02,0.03,0.0,1.0,0.0,0.7452000000000001,2.847766322180271e-06,0.0,0.5,0.0,0.0,False
record_only_death,151,0.92,0.9,0.9,0.94,0.005,0.62,0.58,0.78,0.52,0.04,0.01,0.85,0.02,0.03,0.0,1.0,0.0,0.7452000000000001,2.847766322180271e-06,0.0,0.5,0.0,0.0,False
record_only_death,152,0.92,0.9,0.9,0.94,0.005,0.62,0.58,0.78,0.52,0.04,0.01,0.85,0.02,0.03,0.0,1.0,0.0,0.7452000000000001,2.847766322180271e-06,0.0,0.5,0.0,0.0,False
record_only_death,153,0.92,0.9,0.9,0.94,0.005,0.62,0.58,0.78,0.52,0.04,0.01,0.85,0.02,0.03,0.0,1.0,0.0,0.7452000000000001,2.847766322180271e-06,0.0,0.5,0.0,0.0,False
record_only_death,154,0.92,0.9,0.9,0.94,0.005,0.62,0.58,0.78,0.52,0.04,0.01,0.85,0.02,0.03,0.0,1.0,0.0,0.7452000000000001,2.847766322180271e-06,0.0,0.5,0.0,0.0,False
record_only_death,155,0.92,0.9,0.9,0.94,0.005,0.62,0.58,0.78,0.52,0.04,0.01,0.85,0.02,0.03,0.0,1.0,0.0,0.7452000000000001,2.847766322180271e-06,0.0,0.5,0.0,0.0,False
record_only_death,156,0.92,0.9,0.9,0.94,0.005,0.62,0.58,0.78,0.52,0.04,0.01,0.85,0.02,0.03,0.0,1.0,0.0,0.7452000000000001,2.847766322180271e-06,0.0,0.5,0.0,0.0,False
record_only_death,157,0.92,0.9,0.9,0.94,0.005,0.62,0.58,0.78,0.52,0.04,0.01,0.85,0.02,0.03,0.0,1.0,0.0,0.7452000000000001,2.847766322180271e-06,0.0,0.5,0.0,0.0,False
record_only_death,158,0.92,0.9,0.9,0.94,0.005,0.62,0.58,0.78,0.52,0.04,0.01,0.85,0.02,0.03,0.0,1.0,0.0,0.7452000000000001,2.847766322180271e-06,0.0,0.5,0.0,0.0,False
record_only_death,159,0.92,0.9,0.9,0.94,0.005,0.62,0.58,0.78,0.52,0.04,0.01,0.85,0.02,0.03,0.0,1.0,0.0,0.7452000000000001,2.847766322180271e-06,0.0,0.5,0.0,0.0,False
record_only_death,160,0.92,0.9,0.9,0.94,0.005,0.62,0.58,0.78,0.52,0.04,0.01,0.85,0.02,0.03,0.0,1.0,0.0,0.7452000000000001,2.847766322180271e-06,0.0,0.5,0.0,0.0,False
record_only_death,161,0.92,0.9,0.9,0.94,0.005,0.62,0.58,0.78,0.52,0.04,0.01,0.85,0.02,0.03,0.0,1.0,0.0,0.7452000000000001,2.847766322180271e-06,0.0,0.5,0.0,0.0,False
record_only_death,162,0.92,0.9,0.9,0.94,0.005,0.62,0.58,0.78,0.52,0.04,0.01,0.85,0.02,0.03,0.0,1.0,0.0,0.7452000000000001,2.847766322180271e-06,0.0,0.5,0.0,0.0,False
record_only_death,163,0.92,0.9,0.9,0.94,0.005,0.62,0.58,0.78,0.52,0.04,0.01,0.85,0.02,0.03,0.0,1.0,0.0,0.7452000000000001,2.847766322180271e-06,0.0,0.5,0.0,0.0,False
record_only_death,164,0.92,0.9,0.9,0.94,0.005,0.62,0.58,0.78,0.52,0.04,0.01,0.85,0.02,0.03,0.0,1.0,0.0,0.7452000000000001,2.847766322180271e-06,0.0,0.5,0.0,0.0,False
record_only_death,165,0.92,0.9,0.9,0.94,0.005,0.62,0.58,0.78,0.52,0.04,0.01,0.85,0.02,0.03,0.0,1.0,0.0,0.7452000000000001,2.847766322180271e-06,0.0,0.5,0.0,0.0,False
record_only_death,166,0.92,0.9,0.9,0.94,0.005,0.62,0.58,0.78,0.52,0.04,0.01,0.85,0.02,0.03,0.0,1.0,0.0,0.7452000000000001,2.847766322180271e-06,0.0,0.5,0.0,0.0,False
record_only_death,167,0.92,0.9,0.9,0.94,0.005,0.62,0.58,0.78,0.52,0.04,0.01,0.85,0.02,0.03,0.0,1.0,0.0,0.7452000000000001,2.847766322180271e-06,0.0,0.5,0.0,0.0,False
record_only_death,168,0.92,0.9,0.9,0.94,0.005,0.62,0.58,0.78,0.52,0.04,0.01,0.85,0.02,0.03,0.0,1.0,0.0,0.7452000000000001,2.847766322180271e-06,0.0,0.5,0.0,0.0,False
record_only_death,169,0.92,0.9,0.9,0.94,0.005,0.62,0.58,0.78,0.52,0.04,0.01,0.85,0.02,0.03,0.0,1.0,0.0,0.7452000000000001,2.847766322180271e-06,0.0,0.5,0.0,0.0,False
record_only_death,170,0.92,0.9,0.9,0.94,0.005,0.62,0.58,0.78,0.52,0.04,0.01,0.85,0.02,0.03,0.0,1.0,0.0,0.7452000000000001,2.847766322180271e-06,0.0,0.5,0.0,0.0,False
record_only_death,171,0.92,0.9,0.9,0.94,0.005,0.62,0.58,0.78,0.52,0.04,0.01,0.85,0.02,0.03,0.0,1.0,0.0,0.7452000000000001,2.847766322180271e-06,0.0,0.5,0.0,0.0,False
record_only_death,172,0.92,0.9,0.9,0.94,0.005,0.62,0.58,0.78,0.52,0.04,0.01,0.85,0.02,0.03,0.0,1.0,0.0,0.7452000000000001,2.847766322180271e-06,0.0,0.5,0.0,0.0,False
record_only_death,173,0.92,0.9,0.9,0.94,0.005,0.62,0.58,0.78,0.52,0.04,0.01,0.85,0.02,0.03,0.0,1.0,0.0,0.7452000000000001,2.847766322180271e-06,0.0,0.5,0.0,0.0,False
record_only_death,174,0.92,0.9,0.9,0.94,0.005,0.62,0.58,0.78,0.52,0.04,0.01,0.85,0.02,0.03,0.0,1.0,0.0,0.7452000000000001,2.847766322180271e-06,0.0,0.5,0.0,0.0,False
record_only_death,175,0.92,0.9,0.9,0.94,0.005,0.62,0.58,0.78,0.52,0.04,0.01,0.85,0.02,0.03,0.0,1.0,0.0,0.7452000000000001,2.847766322180271e-06,0.0,0.5,0.0,0.0,False
record_only_death,176,0.92,0.9,0.9,0.94,0.005,0.62,0.58,0.78,0.52,0.04,0.01,0.85,0.02,0.03,0.0,1.0,0.0,0.7452000000000001,2.847766322180271e-06,0.0,0.5,0.0,0.0,False
record_only_death,177,0.92,0.9,0.9,0.94,0.005,0.62,0.58,0.78,0.52,0.04,0.01,0.85,0.02,0.03,0.0,1.0,0.0,0.7452000000000001,2.847766322180271e-06,0.0,0.5,0.0,0.0,False
record_only_death,178,0.92,0.9,0.9,0.94,0.005,0.62,0.58,0.78,0.52,0.04,0.01,0.85,0.02,0.03,0.0,1.0,0.0,0.7452000000000001,2.847766322180271e-06,0.0,0.5,0.0,0.0,False
record_only_death,179,0.92,0.9,0.9,0.94,0.005,0.62,0.58,0.78,0.52,0.04,0.01,0.85,0.02,0.03,0.0,1.0,0.0,0.7452000000000001,2.847766322180271e-06,0.0,0.5,0.0,0.0,False
record_only_death,180,0.92,0.9,0.9,0.94,0.005,0.62,0.58,0.78,0.52,0.04,0.01,0.85,0.02,0.03,0.0,1.0,0.0,0.7452000000000001,2.847766322180271e-06,0.0,0.5,0.0,0.0,False
record_only_death,181,0.92,0.9,0.9,0.94,0.005,0.62,0.58,0.78,0.52,0.04,0.01,0.85,0.02,0.03,0.0,1.0,0.0,0.7452000000000001,2.847766322180271e-06,0.0,0.5,0.0,0.0,False
record_only_death,182,0.92,0.9,0.9,0.94,0.005,0.62,0.58,0.78,0.52,0.04,0.01,0.85,0.02,0.03,0.0,1.0,0.0,0.7452000000000001,2.847766322180271e-06,0.0,0.5,0.0,0.0,False
record_only_death,183,0.92,0.9,0.9,0.94,0.005,0.62,0.58,0.78,0.52,0.04,0.01,0.85,0.02,0.03,0.0,1.0,0.0,0.7452000000000001,2.847766322180271e-06,0.0,0.5,0.0,0.0,False
record_only_death,184,0.92,0.9,0.9,0.94,0.005,0.62,0.58,0.78,0.52,0.04,0.01,0.85,0.02,0.03,0.0,1.0,0.0,0.7452000000000001,2.847766322180271e-06,0.0,0.5,0.0,0.0,False
record_only_death,185,0.92,0.9,0.9,0.94,0.005,0.62,0.58,0.78,0.52,0.04,0.01,0.85,0.02,0.03,0.0,1.0,0.0,0.7452000000000001,2.847766322180271e-06,0.0,0.5,0.0,0.0,False
record_only_death,186,0.92,0.9,0.9,0.94,0.005,0.62,0.58,0.78,0.52,0.04,0.01,0.85,0.02,0.03,0.0,1.0,0.0,0.7452000000000001,2.847766322180271e-06,0.0,0.5,0.0,0.0,False
record_only_death,187,0.92,0.9,0.9,0.94,0.005,0.62,0.58,0.78,0.52,0.04,0.01,0.85,0.02,0.03,0.0,1.0,0.0,0.7452000000000001,2.847766322180271e-06,0.0,0.5,0.0,0.0,False
record_only_death,188,0.92,0.9,0.9,0.94,0.005,0.62,0.58,0.78,0.52,0.04,0.01,0.85,0.02,0.03,0.0,1.0,0.0,0.7452000000000001,2.847766322180271e-06,0.0,0.5,0.0,0.0,False
record_only_death,189,0.92,0.9,0.9,0.94,0.005,0.62,0.58,0.78,0.52,0.04,0.01,0.85,0.02,0.03,0.0,1.0,0.0,0.7452000000000001,2.847766322180271e-06,0.0,0.5,0.0,0.0,False
record_only_death,190,0.92,0.9,0.9,0.94,0.005,0.62,0.58,0.78,0.52,0.04,0.01,0.85,0.02,0.03,0.0,1.0,0.0,0.7452000000000001,2.847766322180271e-06,0.0,0.5,0.0,0.0,False
record_only_death,191,0.92,0.9,0.9,0.94,0.005,0.62,0.58,0.78,0.52,0.04,0.01,0.85,0.02,0.03,0.0,1.0,0.0,0.7452000000000001,2.847766322180271e-06,0.0,0.5,0.0,0.0,False
record_only_death,192,0.92,0.9,0.9,0.94,0.005,0.62,0.58,0.78,0.52,0.04,0.01,0.85,0.02,0.03,0.0,1.0,0.0,0.7452000000000001,2.847766322180271e-06,0.0,0.5,0.0,0.0,False
record_only_death,193,0.92,0.9,0.9,0.94,0.005,0.62,0.58,0.78,0.52,0.04,0.01,0.85,0.02,0.03,0.0,1.0,0.0,0.7452000000000001,2.847766322180271e-06,0.0,0.5,0.0,0.0,False
record_only_death,194,0.92,0.9,0.9,0.94,0.005,0.62,0.58,0.78,0.52,0.04,0.01,0.85,0.02,0.03,0.0,1.0,0.0,0.7452000000000001,2.847766322180271e-06,0.0,0.5,0.0,0.0,False
record_only_death,195,0.92,0.9,0.9,0.94,0.005,0.62,0.58,0.78,0.52,0.04,0.01,0.85,0.02,0.03,0.0,1.0,0.0,0.7452000000000001,2.847766322180271e-06,0.0,0.5,0.0,0.0,False
record_only_death,196,0.92,0.9,0.9,0.94,0.005,0.62,0.58,0.78,0.52,0.04,0.01,0.85,0.02,0.03,0.0,1.0,0.0,0.7452000000000001,2.847766322180271e-06,0.0,0.5,0.0,0.0,False
record_only_death,197,0.92,0.9,0.9,0.94,0.005,0.62,0.58,0.78,0.52,0.04,0.01,0.85,0.02,0.03,0.0,1.0,0.0,0.7452000000000001,2.847766322180271e-06,0.0,0.5,0.0,0.0,False
record_only_death,198,0.92,0.9,0.9,0.94,0.005,0.62,0.58,0.78,0.52,0.04,0.01,0.85,0.02,0.03,0.0,1.0,0.0,0.7452000000000001,2.847766322180271e-06,0.0,0.5,0.0,0.0,False
record_only_death,199,0.92,0.9,0.9,0.94,0.005,0.62,0.58,0.78,0.52,0.04,0.01,0.85,0.02,0.03,0.0,1.0,0.0,0.7452000000000001,2.847766322180271e-06,0.0,0.5,0.0,0.0,False
record_only_death,200,0.92,0.9,0.9,0.94,0.005,0.62,0.58,0.78,0.52,0.04,0.01,0.85,0.02,0.03,0.0,1.0,0.0,0.7452000000000001,2.847766322180271e-06,0.0,0.5,0.0,0.0,False
record_only_death,201,0.92,0.9,0.9,0.94,0.005,0.62,0.58,0.78,0.52,0.04,0.01,0.85,0.02,0.03,0.0,1.0,0.0,0.7452000000000001,2.847766322180271e-06,0.0,0.5,0.0,0.0,False
record_only_death,202,0.92,0.9,0.9,0.94,0.005,0.62,0.58,0.78,0.52,0.04,0.01,0.85,0.02,0.03,0.0,1.0,0.0,0.7452000000000001,2.847766322180271e-06,0.0,0.5,0.0,0.0,False
record_only_death,203,0.92,0.9,0.9,0.94,0.005,0.62,0.58,0.78,0.52,0.04,0.01,0.85,0.02,0.03,0.0,1.0,0.0,0.7452000000000001,2.847766322180271e-06,0.0,0.5,0.0,0.0,False
record_only_death,204,0.92,0.9,0.9,0.94,0.005,0.62,0.58,0.78,0.52,0.04,0.01,0.85,0.02,0.03,0.0,1.0,0.0,0.7452000000000001,2.847766322180271e-06,0.0,0.5,0.0,0.0,False
record_only_death,205,0.92,0.9,0.9,0.94,0.005,0.62,0.58,0.78,0.52,0.04,0.01,0.85,0.02,0.03,0.0,1.0,0.0,0.7452000000000001,2.847766322180271e-06,0.0,0.5,0.0,0.0,False
record_only_death,206,0.92,0.9,0.9,0.94,0.005,0.62,0.58,0.78,0.52,0.04,0.01,0.85,0.02,0.03,0.0,1.0,0.0,0.7452000000000001,2.847766322180271e-06,0.0,0.5,0.0,0.0,False
record_only_death,207,0.92,0.9,0.9,0.94,0.005,0.62,0.58,0.78,0.52,0.04,0.01,0.85,0.02,0.03,0.0,1.0,0.0,0.7452000000000001,2.847766322180271e-06,0.0,0.5,0.0,0.0,False
record_only_death,208,0.92,0.9,0.9,0.94,0.005,0.62,0.58,0.78,0.52,0.04,0.01,0.85,0.02,0.03,0.0,1.0,0.0,0.7452000000000001,2.847766322180271e-06,0.0,0.5,0.0,0.0,False
record_only_death,209,0.92,0.9,0.9,0.94,0.005,0.62,0.58,0.78,0.52,0.04,0.01,0.85,0.02,0.03,0.0,1.0,0.0,0.7452000000000001,2.847766322180271e-06,0.0,0.5,0.0,0.0,False
record_only_death,210,0.92,0.9,0.9,0.94,0.005,0.62,0.58,0.78,0.52,0.04,0.01,0.85,0.02,0.03,0.0,1.0,0.0,0.7452000000000001,2.847766322180271e-06,0.0,0.5,0.0,0.0,False
record_only_death,211,0.92,0.9,0.9,0.94,0.005,0.62,0.58,0.78,0.52,0.04,0.01,0.85,0.02,0.03,0.0,1.0,0.0,0.7452000000000001,2.847766322180271e-06,0.0,0.5,0.0,0.0,False
record_only_death,212,0.92,0.9,0.9,0.94,0.005,0.62,0.58,0.78,0.52,0.04,0.01,0.85,0.02,0.03,0.0,1.0,0.0,0.7452000000000001,2.847766322180271e-06,0.0,0.5,0.0,0.0,False
record_only_death,213,0.92,0.9,0.9,0.94,0.005,0.62,0.58,0.78,0.52,0.04,0.01,0.85,0.02,0.03,0.0,1.0,0.0,0.7452000000000001,2.847766322180271e-06,0.0,0.5,0.0,0.0,False
record_only_death,214,0.92,0.9,0.9,0.94,0.005,0.62,0.58,0.78,0.52,0.04,0.01,0.85,0.02,0.03,0.0,1.0,0.0,0.7452000000000001,2.847766322180271e-06,0.0,0.5,0.0,0.0,False
record_only_death,215,0.92,0.9,0.9,0.94,0.005,0.62,0.58,0.78,0.52,0.04,0.01,0.85,0.02,0.03,0.0,1.0,0.0,0.7452000000000001,2.847766322180271e-06,0.0,0.5,0.0,0.0,False
record_only_death,216,0.92,0.9,0.9,0.94,0.005,0.62,0.58,0.78,0.52,0.04,0.01,0.85,0.02,0.03,0.0,1.0,0.0,0.7452000000000001,2.847766322180271e-06,0.0,0.5,0.0,0.0,False
record_only_death,217,0.92,0.9,0.9,0.94,0.005,0.62,0.58,0.78,0.52,0.04,0.01,0.85,0.02,0.03,0.0,1.0,0.0,0.7452000000000001,2.847766322180271e-06,0.0,0.5,0.0,0.0,False
record_only_death,218,0.92,0.9,0.9,0.94,0.005,0.62,0.58,0.78,0.52,0.04,0.01,0.85,0.02,0.03,0.0,1.0,0.0,0.7452000000000001,2.847766322180271e-06,0.0,0.5,0.0,0.0,False
record_only_death,219,0.92,0.9,0.9,0.94,0.005,0.62,0.58,0.78,0.52,0.04,0.01,0.85,0.02,0.03,0.0,1.0,0.0,0.7452000000000001,2.847766322180271e-06,0.0,0.5,0.0,0.0,False
ordinary_observer_no_boundary,0,0.92,0.9,0.9,0.94,0.42,0.22,0.2,0.25,0.58,0.48,0.45,0.45,0.15,0.1,0.0,1.0,0.0,0.7452000000000001,0.006141275637912894,0.0,0.5,0.0,0.0,False
ordinary_observer_no_boundary,1,0.92,0.9,0.9,0.94,0.42,0.22,0.2,0.25,0.58,0.48,0.45,0.45,0.15,0.1,0.0,1.0,0.0,0.7452000000000001,0.006141275637912894,0.0,0.5,0.0,0.0,False
ordinary_observer_no_boundary,2,0.92,0.9,0.9,0.94,0.42,0.22,0.2,0.25,0.58,0.48,0.45,0.45,0.15,0.1,0.0,1.0,0.0,0.7452000000000001,0.006141275637912894,0.0,0.5,0.0,0.0,False
ordinary_observer_no_boundary,3,0.92,0.9,0.9,0.94,0.42,0.22,0.2,0.25,0.58,0.48,0.45,0.45,0.15,0.1,0.0,1.0,0.0,0.7452000000000001,0.006141275637912894,0.0,0.5,0.0,0.0,False
ordinary_observer_no_boundary,4,0.92,0.9,0.9,0.94,0.42,0.22,0.2,0.25,0.58,0.48,0.45,0.45,0.15,0.1,0.0,1.0,0.0,0.7452000000000001,0.006141275637912894,0.0,0.5,0.0,0.0,False
ordinary_observer_no_boundary,5,0.92,0.9,0.9,0.94,0.42,0.22,0.2,0.25,0.58,0.48,0.45,0.45,0.15,0.1,0.0,1.0,0.0,0.7452000000000001,0.006141275637912894,0.0,0.5,0.0,0.0,False
ordinary_observer_no_boundary,6,0.92,0.9,0.9,0.94,0.42,0.22,0.2,0.25,0.58,0.48,0.45,0.45,0.15,0.1,0.0,1.0,0.0,0.7452000000000001,0.006141275637912894,0.0,0.5,0.0,0.0,False
ordinary_observer_no_boundary,7,0.92,0.9,0.9,0.94,0.42,0.22,0.2,0.25,0.58,0.48,0.45,0.45,0.15,0.1,0.0,1.0,0.0,0.7452000000000001,0.006141275637912894,0.0,0.5,0.0,0.0,False
ordinary_observer_no_boundary,8,0.92,0.9,0.9,0.94,0.42,0.22,0.2,0.25,0.58,0.48,0.45,0.45,0.15,0.1,0.0,1.0,0.0,0.7452000000000001,0.006141275637912894,0.0,0.5,0.0,0.0,False
ordinary_observer_no_boundary,9,0.92,0.9,0.9,0.94,0.42,0.22,0.2,0.25,0.58,0.48,0.45,0.45,0.15,0.1,0.0,1.0,0.0,0.7452000000000001,0.006141275637912894,0.0,0.5,0.0,0.0,False
ordinary_observer_no_boundary,10,0.92,0.9,0.9,0.94,0.42,0.22,0.2,0.25,0.58,0.48,0.45,0.45,0.15,0.1,0.0,1.0,0.0,0.7452000000000001,0.006141275637912894,0.0,0.5,0.0,0.0,False
ordinary_observer_no_boundary,11,0.92,0.9,0.9,0.94,0.42,0.22,0.2,0.25,0.58,0.48,0.45,0.45,0.15,0.1,0.0,1.0,0.0,0.7452000000000001,0.006141275637912894,0.0,0.5,0.0,0.0,False
ordinary_observer_no_boundary,12,0.92,0.9,0.9,0.94,0.42,0.22,0.2,0.25,0.58,0.48,0.45,0.45,0.15,0.1,0.0,1.0,0.0,0.7452000000000001,0.006141275637912894,0.0,0.5,0.0,0.0,False
ordinary_observer_no_boundary,13,0.92,0.9,0.9,0.94,0.42,0.22,0.2,0.25,0.58,0.48,0.45,0.45,0.15,0.1,0.0,1.0,0.0,0.7452000000000001,0.006141275637912894,0.0,0.5,0.0,0.0,False
ordinary_observer_no_boundary,14,0.92,0.9,0.9,0.94,0.42,0.22,0.2,0.25,0.58,0.48,0.45,0.45,0.15,0.1,0.0,1.0,0.0,0.7452000000000001,0.006141275637912894,0.0,0.5,0.0,0.0,False
ordinary_observer_no_boundary,15,0.92,0.9,0.9,0.94,0.42,0.22,0.2,0.25,0.58,0.48,0.45,0.45,0.15,0.1,0.0,1.0,0.0,0.7452000000000001,0.006141275637912894,0.0,0.5,0.0,0.0,False
ordinary_observer_no_boundary,16,0.92,0.9,0.9,0.94,0.42,0.22,0.2,0.25,0.58,0.48,0.45,0.45,0.15,0.1,0.0,1.0,0.0,0.7452000000000001,0.006141275637912894,0.0,0.5,0.0,0.0,False
ordinary_observer_no_boundary,17,0.92,0.9,0.9,0.94,0.42,0.22,0.2,0.25,0.58,0.48,0.45,0.45,0.15,0.1,0.0,1.0,0.0,0.7452000000000001,0.006141275637912894,0.0,0.5,0.0,0.0,False
ordinary_observer_no_boundary,18,0.92,0.9,0.9,0.94,0.42,0.22,0.2,0.25,0.58,0.48,0.45,0.45,0.15,0.1,0.0,1.0,0.0,0.7452000000000001,0.006141275637912894,0.0,0.5,0.0,0.0,False
ordinary_observer_no_boundary,19,0.92,0.9,0.9,0.94,0.42,0.22,0.2,0.25,0.58,0.48,0.45,0.45,0.15,0.1,0.0,1.0,0.0,0.7452000000000001,0.006141275637912894,0.0,0.5,0.0,0.0,False
ordinary_observer_no_boundary,20,0.92,0.9,0.9,0.94,0.42,0.22,0.2,0.25,0.58,0.48,0.45,0.45,0.15,0.1,0.0,1.0,0.0,0.7452000000000001,0.006141275637912894,0.0,0.5,0.0,0.0,False
ordinary_observer_no_boundary,21,0.92,0.9,0.9,0.94,0.42,0.22,0.2,0.25,0.58,0.48,0.45,0.45,0.15,0.1,0.0,1.0,0.0,0.7452000000000001,0.006141275637912894,0.0,0.5,0.0,0.0,False
ordinary_observer_no_boundary,22,0.92,0.9,0.9,0.94,0.42,0.22,0.2,0.25,0.58,0.48,0.45,0.45,0.15,0.1,0.0,1.0,0.0,0.7452000000000001,0.006141275637912894,0.0,0.5,0.0,0.0,False
ordinary_observer_no_boundary,23,0.92,0.9,0.9,0.94,0.42,0.22,0.2,0.25,0.58,0.48,0.45,0.45,0.15,0.1,0.0,1.0,0.0,0.7452000000000001,0.006141275637912894,0.0,0.5,0.0,0.0,False
ordinary_observer_no_boundary,24,0.92,0.9,0.9,0.94,0.42,0.22,0.2,0.25,0.58,0.48,0.45,0.45,0.15,0.1,0.0,1.0,0.0,0.7452000000000001,0.006141275637912894,0.0,0.5,0.0,0.0,False
ordinary_observer_no_boundary,25,0.92,0.9,0.9,0.94,0.42,0.22,0.2,0.25,0.58,0.48,0.45,0.45,0.15,0.1,0.0,1.0,0.0,0.7452000000000001,0.006141275637912894,0.0,0.5,0.0,0.0,False
ordinary_observer_no_boundary,26,0.92,0.9,0.9,0.94,0.42,0.22,0.2,0.25,0.58,0.48,0.45,0.45,0.15,0.1,0.0,1.0,0.0,0.7452000000000001,0.006141275637912894,0.0,0.5,0.0,0.0,False
ordinary_observer_no_boundary,27,0.92,0.9,0.9,0.94,0.42,0.22,0.2,0.25,0.58,0.48,0.45,0.45,0.15,0.1,0.0,1.0,0.0,0.7452000000000001,0.006141275637912894,0.0,0.5,0.0,0.0,False
ordinary_observer_no_boundary,28,0.92,0.9,0.9,0.94,0.42,0.22,0.2,0.25,0.58,0.48,0.45,0.45,0.15,0.1,0.0,1.0,0.0,0.7452000000000001,0.006141275637912894,0.0,0.5,0.0,0.0,False
ordinary_observer_no_boundary,29,0.92,0.9,0.9,0.94,0.42,0.22,0.2,0.25,0.58,0.48,0.45,0.45,0.15,0.1,0.0,1.0,0.0,0.7452000000000001,0.006141275637912894,0.0,0.5,0.0,0.0,False
ordinary_observer_no_boundary,30,0.92,0.9,0.9,0.94,0.42,0.22,0.2,0.25,0.58,0.48,0.45,0.45,0.15,0.1,0.0,1.0,0.0,0.7452000000000001,0.006141275637912894,0.0,0.5,0.0,0.0,False
ordinary_observer_no_boundary,31,0.92,0.9,0.9,0.94,0.42,0.22,0.2,0.25,0.58,0.48,0.45,0.45,0.15,0.1,0.0,1.0,0.0,0.7452000000000001,0.006141275637912894,0.0,0.5,0.0,0.0,False
ordinary_observer_no_boundary,32,0.92,0.9,0.9,0.94,0.42,0.22,0.2,0.25,0.58,0.48,0.45,0.45,0.15,0.1,0.0,1.0,0.0,0.7452000000000001,0.006141275637912894,0.0,0.5,0.0,0.0,False
ordinary_observer_no_boundary,33,0.92,0.9,0.9,0.94,0.42,0.22,0.2,0.25,0.58,0.48,0.45,0.45,0.15,0.1,0.0,1.0,0.0,0.7452000000000001,0.006141275637912894,0.0,0.5,0.0,0.0,False
ordinary_observer_no_boundary,34,0.92,0.9,0.9,0.94,0.42,0.22,0.2,0.25,0.58,0.48,0.45,0.45,0.15,0.1,0.0,1.0,0.0,0.7452000000000001,0.006141275637912894,0.0,0.5,0.0,0.0,False
ordinary_observer_no_boundary,35,0.92,0.9,0.9,0.94,0.42,0.22,0.2,0.25,0.58,0.48,0.45,0.45,0.15,0.1,0.0,1.0,0.0,0.7452000000000001,0.006141275637912894,0.0,0.5,0.0,0.0,False
ordinary_observer_no_boundary,36,0.92,0.9,0.9,0.94,0.42,0.22,0.2,0.25,0.58,0.48,0.45,0.45,0.15,0.1,0.0,1.0,0.0,0.7452000000000001,0.006141275637912894,0.0,0.5,0.0,0.0,False
ordinary_observer_no_boundary,37,0.92,0.9,0.9,0.94,0.42,0.22,0.2,0.25,0.58,0.48,0.45,0.45,0.15,0.1,0.0,1.0,0.0,0.7452000000000001,0.006141275637912894,0.0,0.5,0.0,0.0,False
ordinary_observer_no_boundary,38,0.92,0.9,0.9,0.94,0.42,0.22,0.2,0.25,0.58,0.48,0.45,0.45,0.15,0.1,0.0,1.0,0.0,0.7452000000000001,0.006141275637912894,0.0,0.5,0.0,0.0,False
ordinary_observer_no_boundary,39,0.92,0.9,0.9,0.94,0.42,0.22,0.2,0.25,0.58,0.48,0.45,0.45,0.15,0.1,0.0,1.0,0.0,0.7452000000000001,0.006141275637912894,0.0,0.5,0.0,0.0,False
ordinary_observer_no_boundary,40,0.92,0.9,0.9,0.94,0.42162978573937476,0.22264840182648402,0.20280119423955043,0.2528011942395504,0.5783702142606252,0.4818335089567966,0.4632420091324201,0.4490832455216017,0.15356515630488232,0.1,0.0,1.0,0.0,0.7452000000000001,0.006426713075267117,0.0,0.5399083406392543,0.0,0.0,False
ordinary_observer_no_boundary,41,0.92,0.9,0.9,0.94,0.4244397611520899,0.22721461187214612,0.20763083948015457,0.2576308394801545,0.5755602388479101,0.48499473129610116,0.4860730593607306,0.4475026343519494,0.1597119775201967,0.1,0.0,1.0,0.0,0.7452000000000001,0.006934253851052505,0.0,0.5685203227577651,0.0,0.0,False
ordinary_observer_no_boundary,42,0.92,0.9,0.9,0.94,0.427249736564805,0.23178082191780822,0.2124604847207587,0.26246048472075867,0.5727502634351949,0.48815595363540565,0.5089041095890411,0.4459220231822972,0.16585879873551104,0.1,0.0,1.0,0.0,0.7452000000000001,0.007461500714265482,0.0,0.5685203227577654,0.0,0.0,False
ordinary_observer_no_boundary,43,0.92,0.9,0.9,0.94,0.4300597119775202,0.23634703196347032,0.21729012996136285,0.2672901299613628,0.5699402880224798,0.4913171759747102,0.5317351598173516,0.4443414120126449,0.17200561995082542,0.1,0.0,1.0,0.0,0.7452000000000001,0.008008689459982659,0.0,0.5685203227577651,0.0,0.0,False
ordinary_observer_no_boundary,44,0.92,0.9,0.9,0.94,0.4328696873902353,0.24091324200913242,0.222119775201967,0.27211977520196695,0.5671303126097647,0.49447839831401474,0.5545662100456621,0.44276080084299263,0.1781524411661398,0.1,0.0,1.0,0.0,0.7452000000000001,0.008576055327910542,0.0,0.5685203227577649,0.0,0.0,False
ordinary_observer_no_boundary,45,0.92,0.9,0.9,0.94,0.43567966280295045,0.24547945205479452,0.22694942044257113,0.27694942044257115,0.5643203371970494,0.49763962065331924,0.5773972602739725,0.4411801896733404,0.18429926238145417,0.1,0.0,1.0,0.0,0.7452000000000001,0.009163833016647666,0.0,0.5685203227577655,0.0,0.0,False
ordinary_observer_no_boundary,46,0.92,0.9,0.9,0.94,0.4384896382156656,0.25004566210045664,0.23177906568317527,0.2817790656831753,0.5615103617843343,0.5008008429926238,0.6002283105022831,0.4395995785036881,0.1904460835967685,0.1,0.0,1.0,0.0,0.7452000000000001,0.009772256696033266,0.0,0.5685203227577652,0.0,0.0,False
ordinary_observer_no_boundary,47,0.92,0.9,0.9,0.94,0.4412996136283807,0.2546118721461187,0.23660871092377944,0.28660871092377943,0.5587003863716192,0.5039620653319283,0.6230593607305936,0.43801896733403584,0.19659290481208289,0.1,0.0,1.0,0.0,0.7452000000000001,0.010401560017852966,0.0,0.5685203227577648,0.0,0.0,False
ordinary_observer_no_boundary,48,0.92,0.9,0.9,0.94,0.4441095890410959,0.25917808219178085,0.24143835616438358,0.29143835616438357,0.5558904109589041,0.5071232876712328,0.6458904109589041,0.4364383561643836,0.20273972602739723,0.1,0.0,1.0,0.0,0.7452000000000001,0.011051976125133619,0.0,0.5685203227577653,0.0,0.0,False
ordinary_observer_no_boundary,49,0.92,0.9,0.9,0.94,0.446919564453811,0.2637442922374429,0.24626800140498772,0.2962680014049877,0.5530804355461889,0.5102845100105374,0.6687214611872145,0.4348577449947313,0.2088865472427116,0.1,0.0,1.0,0.0,0.7452000000000001,0.011723737660226722,0.0,0.5685203227577652,0.0,0.0,False
ordinary_observer_no_boundary,50,0.92,0.9,0.9,0.94,0.44972953986652614,0.26831050228310505,0.25109764664559187,0.30109764664559185,0.5502704601334738,0.5134457323498419,0.6915525114155251,0.43327713382507904,0.21503336845802598,0.1,0.0,1.0,0.0,0.7452000000000001,0.012417076771852357,0.0,0.5685203227577653,0.0,0.0,False
ordinary_observer_no_boundary,51,0.92,0.9,0.9,0.94,0.4525395152792413,0.2728767123287671,0.255927291886196,0.305927291886196,0.5474604847207587,0.5166069546891464,0.7143835616438357,0.4316965226554268,0.22118018967334033,0.1,0.0,1.0,0.0,0.7452000000000001,0.013132225121251305,0.0,0.5685203227577647,0.0,0.0,False
ordinary_observer_no_boundary,52,0.92,0.9,0.9,0.94,0.4553494906919564,0.27744292237442925,0.26075693712680015,0.31075693712680014,0.5446505093080435,0.519768177028451,0.7372146118721461,0.4301159114857745,0.2273270108886547,0.1,0.0,1.0,0.0,0.7452000000000001,0.01386941388757309,0.0,0.568520322757766,0.0,0.0,False
ordinary_observer_no_boundary,53,0.92,0.9,0.9,0.94,0.45815946610467156,0.2820091324200913,0.2655865823674043,0.3155865823674043,0.5418405338953284,0.5229293993677555,0.7600456621004565,0.42853530031612225,0.23347383210396908,0.1,0.0,1.0,0.0,0.7452000000000001,0.014628873772609628,0.0,0.5685203227577647,0.0,0.0,False
ordinary_observer_no_boundary,54,0.92,0.9,0.9,0.94,0.4609694415173867,0.28657534246575345,0.27041622760800843,0.3204162276080084,0.5390305584826133,0.52609062170706,0.7828767123287671,0.42695468914647,0.23962065331928345,0.1,0.0,1.0,0.0,0.7452000000000001,0.015410835004969715,0.0,0.5685203227577653,0.0,0.0,False
ordinary_observer_no_boundary,55,0.92,0.9,0.9,0.94,0.46377941693010183,0.2911415525114155,0.27524587284861257,0.32524587284861256,0.5362205830698981,0.5292518440463646,0.8057077625570777,0.4253740779768177,0.2457674745345978,0.1,0.0,1.0,0.0,0.7452000000000001,0.016215527343775904,0.0,0.5685203227577652,0.0,0.0,False
ordinary_observer_no_boundary,56,0.92,0.9,0.9,0.94,0.466589392342817,0.29570776255707765,0.2800755180892167,0.3300755180892167,0.533410607657183,0.5324130663856691,0.8285388127853881,0.42379346680716545,0.25191429574991214,0.1,0.0,1.0,0.0,0.7452000000000001,0.017043180081954993,0.0,0.5685203227577653,0.0,0.0,False
ordinary_observer_no_boundary,57,0.92,0.9,0.9,0.94,0.4693993677555321,0.3002739726027397,0.28490516332982085,0.33490516332982084,0.5306006322444679,0.5355742887249736,0.8513698630136985,0.4222128556375132,0.25806111696522654,0.1,0.0,1.0,0.0,0.7452000000000001,0.017894022049182803,0.0,0.5685203227577647,0.0,0.0,False
ordinary_observer_no_boundary,58,0.92,0.9,0.9,0.94,0.47220934316824725,0.30484018264840185,0.289734808570425,0.339734808570425,0.5277906568317527,0.5387355110642782,0.8742009132420091,0.4206322444678609,0.2642079381805409,0.1,0.0,1.0,0.0,0.7452000000000001,0.01876828161453654,0.0,0.5685203227577653,0.0,0.0,False
ordinary_observer_no_boundary,59,0.92,0.9,0.9,0.94,0.4750193185809624,0.3094063926940639,0.29456445381102914,0.3445644538110292,0.5249806814190375,0.5418967334035827,0.8970319634703197,0.41905163329820866,0.2703547593958553,0.1,0.0,1.0,0.0,0.7452000000000001,0.019666186688899884,0.0,0.5685203227577652,0.0,0.0,False
ordinary_observer_no_boundary,60,0.92,0.9,0.9,0.94,0.4778292939936775,0.31397260273972605,0.2993940990516333,0.3493940990516333,0.5221707060063224,0.5450579557428872,0.9198630136986301,0.4174710221285564,0.27650158061116964,0.10062916034850548,0.0,1.0,0.0,0.7452000000000001,0.020587964727160672,0.0,0.5685203227577653,0.0,0.0,False
ordinary_observer_no_boundary,61,0.92,0.9,0.9,0.94,0.4806392694063927,0.3185388127853881,0.3042237442922375,0.35422374429223746,0.5193607305936072,0.5482191780821918,0.9426940639269407,0.4158904109589041,0.282648401826484,0.10833945873705313,0.0,1.0,0.0,0.7452000000000001,0.021533842730234832,0.0,0.5685203227577653,0.0,0.0,False
ordinary_observer_no_boundary,62,0.92,0.9,0.9,0.94,0.4834492448191078,0.32310502283105025,0.30905338953284156,0.3590533895328416,0.5165507551808921,0.5513804004214963,0.965525114155251,0.41430979978925186,0.28879522304179833,0.11604975712560074,0.0,1.0,0.0,0.7452000000000001,0.022504047246946192,0.0,0.5685203227577651,0.0,0.0,False
ordinary_observer_no_boundary,63,0.92,0.9,0.9,0.94,0.48625922023182294,0.3276712328767123,0.3138830347734457,0.36388303477344575,0.513740779768177,0.5545416227608008,0.9883561643835617,0.4127291886195996,0.2949420442571127,0.12376005551414838,0.0,1.0,0.0,0.7452000000000001,0.023498804375787285,0.0,0.5685203227577647,0.0,0.0,False
ordinary_observer_no_boundary,64,0.92,0.9,0.9,0.94,0.4890691956445381,0.33223744292237445,0.3187126800140499,0.3687126800140499,0.5109308043554619,0.5577028451001054,1.011187214611872,0.4111485774499473,0.3010888654724271,0.131470353902696,0.0,1.0,0.0,0.7452000000000001,0.024518339766583002,0.0,0.5685203227577655,0.0,0.0,False
ordinary_observer_no_boundary,65,0.92,0.9,0.9,0.94,0.4918791710572532,0.3368036529680365,0.32354232525465404,0.37354232525465403,0.5081208289427467,0.5608640674394099,1.0340182648401826,0.40956796628029507,0.3072356866877415,0.13918065229124366,0.0,1.0,0.0,0.7452000000000001,0.025562878622075853,0.0,0.5685203227577651,0.0,0.0,False
ordinary_observer_no_boundary,66,0.92,0.9,0.9,0.94,0.49468914646996837,0.34136986301369865,0.3283719704952582,0.37837197049525817,0.5053108535300316,0.5640252897787144,1.0568493150684932,0.40798735511064277,0.31338250790305583,0.1468909506797913,0.0,1.0,0.0,0.7452000000000001,0.02663264569944896,0.0,0.5685203227577653,0.0,0.0,False
ordinary_observer_no_boundary,67,0.92,0.9,0.9,0.94,0.4974991218826835,0.3459360730593607,0.3332016157358623,0.3832016157358623,0.5025008781173165,0.567186512118019,1.0796803652968037,0.4064067439409905,0.3195293291183702,0.15460124906833894,0.0,1.0,0.0,0.7452000000000001,0.027727865311800392,0.0,0.5685203227577647,0.0,0.0,False
ordinary_observer_no_boundary,68,0.92,0.9,0.9,0.94,0.5003090972953986,0.35050228310502285,0.33803126097646646,0.38803126097646645,0.4996909027046013,0.5703477344573235,1.1025114155251141,0.4048261327713383,0.3256761503336846,0.16231154745688658,0.0,1.0,0.0,0.7452000000000001,0.028848761329581002,0.0,0.5685203227577655,0.0,0.0,False
ordinary_observer_no_boundary,69,0.92,0.9,0.9,0.94,0.5031190727081138,0.3550684931506849,0.34286090621707066,0.3928609062170706,0.49688092729188615,0.573508956796628,1.1253424657534248,0.40324552160168603,0.3318229715489989,0.17002184584543423,0.0,1.0,0.0,0.7452000000000001,0.029995557182005275,0.0,0.5685203227577651,0.0,0.0,False
ordinary_observer_no_boundary,70,0.92,0.9,0.9,0.94,0.505929048120829,0.35963470319634705,0.3476905514576748,0.39769055145767473,0.49407095187917105,0.5766701791359325,1.1481735159817352,0.40166491043203373,0.33796979276431327,0.17773214423398187,0.0,1.0,0.0,0.7452000000000001,0.03116847585844437,0.0,0.5685203227577653,0.0,0.0,False
ordinary_observer_no_boundary,71,0.92,0.9,0.9,0.94,0.508739023533544,0.3642009132420091,0.3525201966982789,0.4025201966982789,0.4912609764664559,0.579831401475237,1.1710045662100454,0.4000842992623815,0.3441166139796276,0.18544244262252946,0.0,1.0,0.0,0.7452000000000001,0.032367739909807944,0.0,0.5685203227577648,0.0,0.0,False
ordinary_observer_no_boundary,72,0.92,0.9,0.9,0.94,0.5115489989462592,0.36876712328767125,0.35734984193888303,0.407349841938883,0.48845100105374073,0.5829926238145415,1.1938356164383561,0.3985036880927292,0.35026343519494196,0.1931527410110771,0.0,1.0,0.0,0.7452000000000001,0.033593571449921505,0.0,0.5685203227577657,0.0,0.0,False
ordinary_observer_no_boundary,73,0.92,0.9,0.9,0.94,0.5143589743589744,0.3733333333333333,0.36217948717948717,0.41217948717948716,0.4856410256410256,0.5861538461538461,1.2166666666666666,0.39692307692307693,0.35641025641025637,0.20086303939962474,0.0,1.0,0.0,0.7452000000000001,0.034846192156903696,0.0,0.5685203227577647,0.0,0.0,False
ordinary_observer_no_boundary,74,0.92,0.9,0.9,0.94,0.5171689497716895,0.37789954337899545,0.3670091324200913,0.4170091324200913,0.48283105022831047,0.5893150684931506,1.239497716894977,0.3953424657534247,0.36255707762557077,0.20857333778817239,0.0,1.0,0.0,0.7452000000000001,0.03612582327454845,0.0,0.5685203227577655,0.0,0.0,False
ordinary_observer_no_boundary,75,0.92,0.9,0.9,0.94,0.5199789251844046,0.3824657534246575,0.3718387776606955,0.42183877766069544,0.4800210748155953,0.5924762908324552,1.2623287671232877,0.39376185458377244,0.36870389884088506,0.21628363617672,0.0,1.0,0.0,0.7452000000000001,0.03743268561371483,0.0,0.5685203227577651,0.0,0.0,False
ordinary_observer_no_boundary,76,0.92,0.9,0.9,0.94,0.5227889005971198,0.38703196347031965,0.37666842290129965,0.4266684229012996,0.4772110994028802,0.5956375131717597,1.2851598173515981,0.39218124341412014,0.37485072005619946,0.22399393456526764,0.0,1.0,0.0,0.7452000000000001,0.038766999553728185,0.0,0.5685203227577653,0.0,0.0,False
ordinary_observer_no_boundary,77,0.92,0.9,0.9,0.94,0.5255988760098349,0.3915981735159817,0.3814980681419038,0.4314980681419037,0.47440112399016504,0.5987987355110642,1.3079908675799086,0.3906006322444679,0.38099754127151386,0.2317042329538153,0.0,1.0,0.0,0.7452000000000001,0.04012898504379399,0.0,0.5685203227577649,0.0,0.0,False
ordinary_observer_no_boundary,78,0.92,0.9,0.9,0.94,0.52840885142255,0.39616438356164385,0.38632771338250793,0.43632771338250786,0.4715911485774499,0.6019599578503688,1.3308219178082192,0.3890200210748156,0.3871443624868282,0.23941453134236293,0.0,1.0,0.0,0.7452000000000001,0.04151886160442709,0.0,0.5685203227577657,0.0,0.0,False
ordinary_observer_no_boundary,79,0.92,0.9,0.9,0.94,0.5312188268352651,0.4007305936073059,0.3911573586231121,0.44115735862311206,0.4687811731647348,0.6051211801896733,1.3536529680365297,0.38743940990516335,0.39329118370214255,0.24712482973091057,0.0,1.0,0.0,0.7452000000000001,0.042936848328896965,0.0,0.5685203227577648,0.0,0.0,False
ordinary_observer_no_boundary,80,0.92,0.9,0.9,0.94,0.5340288022479803,0.40529680365296805,0.3959870038637162,0.4459870038637162,0.4659711977520196,0.6082824025289778,1.3764840182648401,0.3858587987355111,0.39943800491745696,0.2548351281194582,0.0,1.0,0.0,0.7452000000000001,0.04438316388469079,0.0,0.5685203227577655,0.0,0.0,False
ordinary_observer_no_boundary,81,0.92,0.9,0.9,0.94,0.5368387776606954,0.4098630136986301,0.40081664910432035,0.45081664910432034,0.4631612223393045,0.6114436248682824,1.3993150684931506,0.3842781875658588,0.40558482613277136,0.26254542650800583,0.0,1.0,0.0,0.7452000000000001,0.04585802651499405,0.0,0.5685203227577648,0.0,0.0,False
ordinary_observer_no_boundary,82,0.92,0.9,0.9,0.94,0.5396487530734106,0.41442922374429225,0.4056462943449245,0.4556462943449245,0.46035124692658935,0.6146048472075869,1.4221461187214612,0.38269757639620655,0.41173164734808565,0.2702557248965535,0.0,1.0,0.0,0.7452000000000001,0.04736165404019051,0.0,0.5685203227577655,0.0,0.0,False
ordinary_observer_no_boundary,83,0.92,0.9,0.9,0.94,0.5424587284861258,0.4189954337899543,0.41047593958552864,0.46047593958552857,0.45754127151387425,0.6177660695468914,1.4449771689497715,0.3811169652265543,0.41787846856340005,0.2779660232851011,0.0,1.0,0.0,0.7452000000000001,0.04889426385938012,0.0,0.5685203227577645,0.0,0.0,False
ordinary_observer_no_boundary,84,0.92,0.9,0.9,0.94,0.5452687038988409,0.42356164383561645,0.4153055848261328,0.46530558482613277,0.4547312961011591,0.6209272918861959,1.4678082191780821,0.379536354056902,0.42402528977871434,0.28567632167364876,0.0,1.0,0.0,0.7452000000000001,0.05045607295191659,0.0,0.5685203227577658,0.0,0.0,False
ordinary_observer_no_boundary,85,0.92,0.9,0.9,0.94,0.548078679311556,0.4281278538812785,0.4201352300667369,0.4701352300667369,0.45192132068844393,0.6240885142255005,1.4906392694063926,0.37795574288724976,0.43017211099402874,0.2933866200621964,0.0,1.0,0.0,0.7452000000000001,0.05204729787896299,0.0,0.5685203227577649,0.0,0.0,False
ordinary_observer_no_boundary,86,0.92,0.9,0.9,0.94,0.5508886547242711,0.43269406392694065,0.42496487530734106,0.47496487530734105,0.4491113452757288,0.627249736564805,1.513470319634703,0.3763751317175975,0.43631893220934315,0.30109691845074404,0.0,1.0,0.0,0.7452000000000001,0.053668154785066376,0.0,0.5685203227577653,0.0,0.0,False
ordinary_observer_no_boundary,87,0.92,0.9,0.9,0.94,0.5536986301369863,0.4372602739726027,0.4297945205479452,0.4797945205479452,0.44630136986301366,0.6304109589041096,1.5363013698630135,0.3747945205479452,0.44246575342465744,0.3088072168392917,0.0,1.0,0.0,0.7452000000000001,0.055318859399750044,0.0,0.568520322757765,0.0,0.0,False
ordinary_observer_no_boundary,88,0.92,0.9,0.9,0.94,0.5565086055497014,0.44182648401826485,0.43462416578854934,0.48462416578854933,0.4434913944502985,0.6335721812434141,1.5591324200913241,0.37321390937829296,0.44861257463997184,0.31651751522783933,0.0,1.0,0.0,0.7452000000000001,0.05699962703912365,0.0,0.5685203227577655,0.0,0.0,False
ordinary_observer_no_boundary,89,0.92,0.9,0.9,0.94,0.5593185809624166,0.4463926940639269,0.4394538110291535,0.48945381102915353,0.4406814190375834,0.6367334035827186,1.5819634703196346,0.3716332982086407,0.45475939585528624,0.324227813616387,0.0,1.0,0.0,0.7452000000000001,0.05871067260751032,0.0,0.5685203227577648,0.0,0.0,False
ordinary_observer_no_boundary,90,0.92,0.9,0.9,0.94,0.5621285563751317,0.45095890410958905,0.4442834562697576,0.49428345626975767,0.43787144362486824,0.6398946259220232,1.604794520547945,0.3700526870389884,0.46090621707060053,0.33193811200493456,0.0,1.0,0.0,0.7452000000000001,0.06045221059909014,0.0,0.5685203227577657,0.0,0.0,False
ordinary_observer_no_boundary,91,0.92,0.9,0.9,0.94,0.5649385317878468,0.4555251141552511,0.44911310151036177,0.4991131015103618,0.4350614682121531,0.6430558482613277,1.6276255707762557,0.36847207586933617,0.46705303828591493,0.33964841039348226,0.0,1.0,0.0,0.7452000000000001,0.06222445509955939,0.0,0.5685203227577649,0.0,0.0,False
ordinary_observer_no_boundary,92,0.92,0.9,0.9,0.94,0.5677485072005619,0.46009132420091325,0.45394274675096596,0.503942746750966,0.432251492799438,0.6462170706006323,1.6504566210045661,0.3668914646996839,0.47319985950122934,0.34735870878202985,0.0,1.0,0.0,0.7452000000000001,0.0640276197878049,0.0,0.5685203227577654,0.0,0.0,False
ordinary_observer_no_boundary,93,0.92,0.9,0.9,0.94,0.5705584826132771,0.4646575342465753,0.4587723919915701,0.5087723919915701,0.42944151738672287,0.6493782929399368,1.6732876712328766,0.3653108535300316,0.47934668071654374,0.35506900717057754,0.0,1.0,0.0,0.7452000000000001,0.06586191793759263,0.0,0.5685203227577648,0.0,0.0,False
ordinary_observer_no_boundary,94,0.92,0.9,0.9,0.94,0.5733684580259922,0.46922374429223745,0.46360203723217425,0.5136020372321742,0.42663154197400766,0.6525395152792413,1.6961187214611873,0.3637302423603794,0.48549350193185803,0.3627793055591252,0.0,1.0,0.0,0.7452000000000001,0.06772756241926986,0.0,0.5685203227577658,0.0,0.0,False
ordinary_observer_no_boundary,95,0.92,0.9,0.9,0.94,0.5761784334387073,0.4737899543378995,0.46843168247277833,0.5184316824727784,0.42382156656129255,0.6557007376185457,1.7189497716894975,0.36214963119072713,0.49164032314717243,0.3704896039476727,0.0,1.0,0.0,0.7452000000000001,0.06962476570147995,0.0,0.5685203227577645,0.0,0.0,False
ordinary_observer_no_boundary,96,0.92,0.9,0.9,0.94,0.5789884088514226,0.47835616438356166,0.4732613277133825,0.5232613277133824,0.42101159114857745,0.6588619599578504,1.741780821917808,0.3605690200210748,0.4977871443624867,0.37819990233622036,0.0,1.0,0.0,0.7452000000000001,0.07155373985288943,0.0,0.5685203227577651,0.0,0.0,False
ordinary_observer_no_boundary,97,0.92,0.9,0.9,0.94,0.5817983842641377,0.4829223744292237,0.47809097295398667,0.5280909729539867,0.4182016157358623,0.6620231822971548,1.7646118721461186,0.3589884088514226,0.5039339655778011,0.385910200724768,0.0,1.0,0.0,0.7452000000000001,0.07351469654392573,0.0,0.5685203227577653,0.0,0.0,False
ordinary_observer_no_boundary,98,0.92,0.9,0.9,0.94,0.5846083596768528,0.48748858447488586,0.4829206181945908,0.5329206181945908,0.4153916403231471,0.6651844046364594,1.787442922374429,0.35740779768177033,0.5100807867931155,0.39362049911331565,0.0,1.0,0.0,0.7452000000000001,0.07550784704852591,0.0,0.5685203227577655,0.0,0.0,False
ordinary_observer_no_boundary,99,0.92,0.9,0.9,0.94,0.5874183350895679,0.4920547945205479,0.48775026343519495,0.5377502634351949,0.412581664910432,0.6683456269757639,1.8102739726027395,0.35582718651211803,0.5162276080084298,0.4013307975018633,0.0,1.0,0.0,0.7452000000000001,0.07753340224589433,0.0,0.5685203227577648,0.0,0.0,False
ordinary_observer_no_boundary,100,0.92,0.9,0.9,0.94,0.5902283105022831,0.49662100456621006,0.4925799086757991,0.5425799086757991,0.40977168949771686,0.6715068493150684,1.8331050228310501,0.3542465753424658,0.5223744292237442,0.40904109589041093,0.0,1.0,0.0,0.7452000000000001,0.07959157262226992,0.0,0.5685203227577655,0.0,0.0,False
ordinary_observer_no_boundary,101,0.92,0.9,0.9,0.94,0.5930382859149982,0.5011872146118721,0.49740955391640324,0.5474095539164032,0.4069617140850017,0.6746680716543729,1.8559360730593606,0.3526659641728135,0.5285212504390586,0.4167513942789586,0.0,1.0,0.0,0.7452000000000001,0.08168256827270041,0.0,0.568520322757765,0.0,0.0,False
ordinary_observer_no_boundary,102,0.92,0.9,0.9,0.94,0.5958482613277134,0.5057534246575343,0.5022391991570074,0.5522391991570074,0.4041517386722866,0.6778292939936775,1.878767123287671,0.35108535300316124,0.5346680716543729,0.4244616926675062,0.0,1.0,0.0,0.7452000000000001,0.08380659890282514,0.0,0.5685203227577654,0.0,0.0,False
ordinary_observer_no_boundary,103,0.92,0.9,0.9,0.94,0.5986582367404285,0.5103196347031963,0.5070688443976115,0.5570688443976115,0.40134176325957144,0.680990516332982,1.9015981735159817,0.349504741833509,0.5408148928696873,0.43217199105605386,0.0,1.0,0.0,0.7452000000000001,0.08596387383066331,0.0,0.5685203227577645,0.0,0.0,False
ordinary_observer_no_boundary,104,0.92,0.9,0.9,0.94,0.6014682121531436,0.5148858447488585,0.5118984896382157,0.5618984896382156,0.3985317878468563,0.6841517386722866,1.9244292237442922,0.34792413066385675,0.5469617140850017,0.4398822894446015,0.0,1.0,0.0,0.7452000000000001,0.08815460198840878,0.0,0.5685203227577659,0.0,0.0,False
ordinary_observer_no_boundary,105,0.92,0.9,0.9,0.94,0.6042781875658587,0.5194520547945205,0.5167281348788197,0.5667281348788198,0.3957218124341412,0.6873129610115911,1.9472602739726026,0.34634351949420444,0.5531085353003161,0.44759258783314915,0.0,1.0,0.0,0.7452000000000001,0.09037899192422943,0.0,0.5685203227577644,0.0,0.0,False
ordinary_observer_no_boundary,106,0.92,0.9,0.9,0.94,0.6070881629785739,0.5240182648401827,0.521557780119424,0.571557780119424,0.39291183702142607,0.6904741833508956,1.9700913242009133,0.3447629083245522,0.5592553565156304,0.4553028862216968,0.0,1.0,0.0,0.7452000000000001,0.09263725180407162,0.0,0.5685203227577659,0.0,0.0,False
ordinary_observer_no_boundary,107,0.92,0.9,0.9,0.94,0.609898138391289,0.5285844748858447,0.5263874253600281,0.5763874253600281,0.39010186160871085,0.6936354056902002,1.9929223744292237,0.3431822971548999,0.5654021777309448,0.46301318461024443,0.0,1.0,0.0,0.7452000000000001,0.09492958941346748,0.0,0.568520322757765,0.0,0.0,False
ordinary_observer_no_boundary,108,0.92,0.9,0.9,0.94,0.6127081138040043,0.5331506849315069,0.5312170706006323,0.5812170706006323,0.38729188619599575,0.6967966280295047,2.015753424657534,0.34160168598524765,0.5715489989462592,0.4707234829987921,0.0,1.0,0.0,0.7452000000000001,0.09725621215934668,0.0,0.5685203227577655,0.0,0.0,False
ordinary_observer_no_boundary,109,0.92,0.9,0.9,0.94,0.6155180892167194,0.5377168949771689,0.5360467158412364,0.5860467158412364,0.38448191078328064,0.6999578503688092,2.0385844748858446,0.3400210748155954,0.5776958201615735,0.4784337813873397,0.0,1.0,0.0,0.7452000000000001,0.09961732707184894,0.0,0.5685203227577643,0.0,0.0,False
ordinary_observer_no_boundary,110,0.92,0.9,0.9,0.94,0.6183280646294345,0.5422831050228311,0.5408763610818406,0.5908763610818406,0.38167193537056543,0.7031190727081138,2.0614155251141555,0.3384404636459431,0.5838426413768879,0.48614407977588725,0.0,1.0,0.0,0.7452000000000001,0.10201314080614013,0.0,0.5685203227577661,0.0,0.0,False
ordinary_observer_no_boundary,111,0.92,0.9,0.9,0.94,0.6211380400421497,0.5468493150684932,0.5457060063224448,0.5957060063224447,0.3788619599578503,0.7062802950474183,2.084246575342466,0.3368598524762908,0.5899894625922023,0.4938543781644351,0.0,1.0,0.0,0.7452000000000001,0.10444385964422846,0.0,0.5685203227577658,0.0,0.0,False
ordinary_observer_no_boundary,112,0.92,0.9,0.9,0.94,0.6239480154548648,0.5514155251141553,0.5505356515630488,0.6005356515630489,0.3760519845451352,0.7094415173867228,2.1070776255707764,0.33527924130663855,0.5961362838075166,0.5015646765529826,0.0,1.0,0.0,0.7452000000000001,0.10690968949678199,0.0,0.5685203227577643,0.0,0.0,False
ordinary_observer_no_boundary,113,0.92,0.9,0.9,0.94,0.6267579908675799,0.5559817351598174,0.555365296803653,0.6053652968036529,0.37324200913242006,0.7126027397260274,2.129908675799087,0.3336986301369863,0.602283105022831,0.5092749749415303,0.0,1.0,0.0,0.7452000000000001,0.10941083590494621,0.0,0.5685203227577653,0.0,0.0,False
ordinary_observer_no_boundary,114,0.92,0.9,0.9,0.94,0.629567966280295,0.5605479452054795,0.5601949420442571,0.6101949420442571,0.37043203371970496,0.7157639620653319,2.1527397260273973,0.33211801896733406,0.6084299262381453,0.5169852733300778,0.0,1.0,0.0,0.7452000000000001,0.11194750404216117,0.0,0.5685203227577647,0.0,0.0,False
ordinary_observer_no_boundary,115,0.92,0.9,0.9,0.94,0.6323779416930102,0.5651141552511416,0.5650245872848614,0.6150245872848613,0.3676220583069898,0.7189251844046365,2.1755707762557077,0.3305374077976818,0.6145767474534597,0.5246955717186256,0.0,1.0,0.0,0.7452000000000001,0.11451989871597794,0.0,0.5685203227577661,0.0,0.0,False
ordinary_observer_no_boundary,116,0.92,0.9,0.9,0.94,0.6351879171057253,0.5696803652968037,0.5698542325254654,0.6198542325254655,0.3648120828942747,0.722086406743941,2.198401826484018,0.32895679662802957,0.620723568668774,0.5324058701071731,0.0,1.0,0.0,0.7452000000000001,0.11712822436987348,0.0,0.5685203227577643,0.0,0.0,False
ordinary_observer_no_boundary,117,0.92,0.9,0.9,0.94,0.6379978925184404,0.5742465753424658,0.5746838777660697,0.6246838777660696,0.3620021074815595,0.7252476290832455,2.221232876712329,0.32737618545837727,0.6268703898840885,0.5401161684957209,0.0,1.0,0.0,0.7452000000000001,0.11977268508506428,0.0,0.5685203227577662,0.0,0.0,False
ordinary_observer_no_boundary,118,0.92,0.9,0.9,0.94,0.6408078679311555,0.5788127853881279,0.5795135230066737,0.6295135230066737,0.35919213206884437,0.72840885142255,2.244063926940639,0.325795574288725,0.6330172110994028,0.5478264668842684,0.0,1.0,0.0,0.7452000000000001,0.12245348458231704,0.0,0.5685203227577643,0.0,0.0,False
ordinary_observer_no_boundary,119,0.92,0.9,0.9,0.94,0.6436178433438707,0.58337899543379,0.5843431682472779,0.6343431682472779,0.3563821566561292,0.7315700737618546,2.26689497716895,0.3242149631190727,0.6391640323147172,0.5555367652728161,0.0,1.0,0.0,0.7452000000000001,0.12517082622375728,0.0,0.568520322757766,0.0,0.0,False
ordinary_observer_no_boundary,120,0.92,0.9,0.9,0.94,0.6464278187565858,0.5879452054794521,0.589172813487882,0.639172813487882,0.3535721812434141,0.7347312961011591,2.28972602739726,0.3226343519494205,0.6453108535300315,0.5632470636613637,0.0,1.0,0.0,0.7452000000000001,0.12792491301467437,0.0,0.5685203227577643,0.0,0.0,False
ordinary_observer_no_boundary,121,0.92,0.9,0.9,0.94,0.649237794169301,0.5925114155251142,0.5940024587284862,0.6440024587284862,0.35076220583069895,0.7378925184404637,2.312557077625571,0.3210537407797682,0.651457674745346,0.5709573620499114,0.0,1.0,0.0,0.7452000000000001,0.1307159476053241,0.0,0.5685203227577659,0.0,0.0,False
ordinary_observer_no_boundary,122,0.92,0.9,0.9,0.94,0.6520477695820162,0.5970776255707763,0.5988321039690903,0.6488321039690903,0.34795223041798384,0.7410537407797682,2.3353881278538813,0.319473129610116,0.6576044959606603,0.578667660438459,0.0,1.0,0.0,0.7452000000000001,0.13354413229272588,0.0,0.5685203227577643,0.0,0.0,False
ordinary_observer_no_boundary,123,0.92,0.9,0.9,0.94,0.6548577449947313,0.6016438356164384,0.6036617492096945,0.6536617492096944,0.34514225500526863,0.7442149631190726,2.358219178082192,0.3178925184404636,0.6637513171759747,0.5863779588270067,0.0,1.0,0.0,0.7452000000000001,0.13640966902245732,0.0,0.5685203227577663,0.0,0.0,False
ordinary_observer_no_boundary,124,0.92,0.9,0.9,0.94,0.6576677204074464,0.6062100456621005,0.6084913944502985,0.6584913944502986,0.3423322795925535,0.7473761854583771,2.381050228310502,0.3163119072708114,0.669898138391289,0.5940882572155542,0.0,1.0,0.0,0.7452000000000001,0.1393127593904433,0.0,0.5685203227577643,0.0,0.0,False
ordinary_observer_no_boundary,125,0.92,0.9,0.9,0.94,0.6604776958201616,0.6107762557077626,0.6133210396909028,0.6633210396909028,0.33952230417983836,0.7505374077976817,2.403881278538813,0.31473129610115913,0.6760449596066035,0.601798555604102,0.0,1.0,0.0,0.7452000000000001,0.14225360464474068,0.0,0.5685203227577661,0.0,0.0,False
ordinary_observer_no_boundary,126,0.92,0.9,0.9,0.94,0.6632876712328767,0.6153424657534247,0.6181506849315068,0.6681506849315069,0.33671232876712326,0.7536986301369862,2.426712328767123,0.3131506849315069,0.6821917808219178,0.6095088539926495,0.0,1.0,0.0,0.7452000000000001,0.14523240568731763,0.0,0.5685203227577641,0.0,0.0,False
ordinary_observer_no_boundary,127,0.92,0.9,0.9,0.94,0.6660976466455919,0.6199086757990868,0.6229803301721111,0.6729803301721111,0.3339023533544081,0.7568598524762908,2.449543378995434,0.3115700737618546,0.6883386020372322,0.6172191523811972,0.0,1.0,0.0,0.7452000000000001,0.1482493630758276,0.0,0.5685203227577662,0.0,0.0,False
ordinary_observer_no_boundary,128,0.92,0.9,0.9,0.94,0.668907622058307,0.6244748858447489,0.6278099754127151,0.6778099754127151,0.331092377941693,0.7600210748155953,2.4723744292237444,0.30998946259220234,0.6944854232525465,0.6249294507697447,0.0,1.0,0.0,0.7452000000000001,0.1513046770253778,0.0,0.5685203227577641,0.0,0.0,False
ordinary_observer_no_boundary,129,0.92,0.9,0.9,0.94,0.6717175974710221,0.629041095890411,0.6326396206533194,0.6826396206533194,0.32828240252897783,0.7631822971548998,2.4952054794520553,0.30840885142255003,0.7006322444678609,0.6326397491582926,0.0,1.0,0.0,0.7452000000000001,0.15439854741029152,0.0,0.5685203227577662,0.0,0.0,False
ordinary_observer_no_boundary,130,0.92,0.9,0.9,0.94,0.6745275728837372,0.6336073059360731,0.6374692658939234,0.6874692658939234,0.32547242711626273,0.7663435194942043,2.5180365296803653,0.3068282402528978,0.7067790656831752,0.6403500475468401,0.0,1.0,0.0,0.7452000000000001,0.15753117376586415,0.0,0.5685203227577641,0.0,0.0,False
ordinary_observer_no_boundary,131,0.92,0.9,0.9,0.94,0.6773375482964524,0.6381735159817352,0.6422989111345276,0.6922989111345277,0.3226624517035475,0.769504741833509,2.540867579908676,0.30524762908324554,0.7129258868984897,0.6480603459353877,0.0,1.0,0.0,0.7452000000000001,0.16070275529011313,0.0,0.5685203227577663,0.0,0.0,False
ordinary_observer_no_boundary,132,0.92,0.9,0.9,0.94,0.6801475237091675,0.6427397260273973,0.6471285563751317,0.6971285563751317,0.3198524762908324,0.7726659641728135,2.5636986301369866,0.3036670179135933,0.719072708113804,0.6557706443239353,0.0,1.0,0.0,0.7452000000000001,0.16391349084552054,0.0,0.5685203227577641,0.0,0.0,False
ordinary_observer_no_boundary,133,0.92,0.9,0.9,0.94,0.6829574991218827,0.6473059360730594,0.6519582016157359,0.701958201615736,0.31704250087811725,0.775827186512118,2.586529680365297,0.302086406743941,0.7252195293291184,0.6634809427124831,0.0,1.0,0.0,0.7452000000000001,0.1671635789607698,0.0,0.5685203227577662,0.0,0.0,False
ordinary_observer_no_boundary,134,0.92,0.9,0.9,0.94,0.6857674745345979,0.6518721461187215,0.65678784685634,0.70678784685634,0.31423252546540215,0.7789884088514225,2.6093607305936075,0.30050579557428875,0.7313663505444327,0.6711912411010307,0.0,1.0,0.0,0.7452000000000001,0.17045321783247444,0.0,0.5685203227577641,0.0,0.0,False
ordinary_observer_no_boundary,135,0.92,0.9,0.9,0.94,0.688577449947313,0.6564383561643836,0.6616174920969442,0.7116174920969442,0.311422550052687,0.782149631190727,2.6321917808219184,0.29892518440463645,0.7375131717597472,0.6789015394895783,0.0,1.0,0.0,0.7452000000000001,0.1737826053269001,0.0,0.5685203227577662,0.0,0.0,False
ordinary_observer_no_boundary,136,0.92,0.9,0.9,0.94,0.6913874253600281,0.6610045662100457,0.6664471373375483,0.7164471373375483,0.3086125746399719,0.7853108535300315,2.6550228310502284,0.2973445732349842,0.7436599929750615,0.6866118378781259,0.0,1.0,0.0,0.7452000000000001,0.17715193898167866,0.0,0.5685203227577643,0.0,0.0,False
ordinary_observer_no_boundary,137,0.92,0.9,0.9,0.94,0.6941974007727432,0.6655707762557078,0.6712767825781525,0.7212767825781525,0.3058025992272567,0.7884720758693361,2.677853881278539,0.29576396206533195,0.7498068141903758,0.6943221362666734,0.0,1.0,0.0,0.7452000000000001,0.18056141600751568,0.0,0.5685203227577658,0.0,0.0,False
ordinary_observer_no_boundary,138,0.92,0.9,0.9,0.94,0.6970073761854583,0.6701369863013699,0.6761064278187565,0.7261064278187566,0.3029926238145416,0.7916332982086406,2.7006849315068493,0.2941833508956797,0.75595363540569,0.7020324346552209,0.0,1.0,0.0,0.7452000000000001,0.1840112332898886,0.0,0.5685203227577641,0.0,0.0,False
ordinary_observer_no_boundary,139,0.92,0.9,0.9,0.94,0.6998173515981735,0.674703196347032,0.6809360730593608,0.7309360730593608,0.30018264840182646,0.7947945205479452,2.72351598173516,0.2926027397260274,0.7621004566210046,0.7097427330437688,0.0,1.0,0.0,0.7452000000000001,0.18750158739073872,0.0,0.5685203227577662,0.0,0.0,False
ordinary_observer_no_boundary,140,0.92,0.9,0.9,0.94,0.7026273270108886,0.6792694063926941,0.6857657182999648,0.7357657182999648,0.29737267298911135,0.7979557428872497,2.74634703196347,0.29102212855637516,0.7682472778363189,0.7174530314323163,0.0,1.0,0.0,0.7452000000000001,0.19103267455015363,0.0,0.5685203227577641,0.0,0.0,False
ordinary_observer_no_boundary,141,0.92,0.9,0.9,0.94,0.7054373024236038,0.6838356164383562,0.690595363540569,0.7405953635405691,0.29456269757639614,0.8011169652265542,2.769178082191781,0.28944151738672286,0.7743940990516333,0.725163329820864,0.0,1.0,0.0,0.7452000000000001,0.194604690688043,0.0,0.5685203227577665,0.0,0.0,False
ordinary_observer_no_boundary,142,0.92,0.9,0.9,0.94,0.7082472778363189,0.6884018264840183,0.6954250087811731,0.7454250087811731,0.29175272216368103,0.8042781875658587,2.792009132420091,0.2878609062170706,0.7805409202669475,0.7328736282094115,0.0,1.0,0.0,0.7452000000000001,0.19821783140580432,0.0,0.5685203227577641,0.0,0.0,False
ordinary_observer_no_boundary,143,0.92,0.9,0.9,0.94,0.711057253249034,0.6929680365296804,0.7002546540217773,0.7502546540217774,0.2889427467509659,0.8074394099051633,2.814840182648402,0.28628029504741836,0.7866877414822621,0.7405839265979594,0.0,1.0,0.0,0.7452000000000001,0.2018722919879823,0.0,0.5685203227577661,0.0,0.0,False
ordinary_observer_no_boundary,144,0.92,0.9,0.9,0.94,0.7138672286617491,0.6975342465753425,0.7050842992623814,0.7550842992623814,0.28613277133825077,0.8106006322444678,2.8376712328767124,0.2846996838777661,0.7928345626975764,0.7482942249865069,0.0,1.0,0.0,0.7452000000000001,0.20556826740391737,0.0,0.5685203227577641,0.0,0.0,False
ordinary_observer_no_boundary,145,0.92,0.9,0.9,0.94,0.7166772040744643,0.7021004566210046,0.7099139445029856,0.7599139445029857,0.2833227959255356,0.8137618545837724,2.8605022831050233,0.2831190727081138,0.7989813839128908,0.7560045233750545,0.0,1.0,0.0,0.7452000000000001,0.20930595230938856,0.0,0.5685203227577662,0.0,0.0,False
ordinary_observer_no_boundary,146,0.92,0.9,0.9,0.94,0.7194871794871794,0.7066666666666667,0.7147435897435896,0.7647435897435897,0.2805128205128205,0.8169230769230769,2.8833333333333333,0.28153846153846157,0.805128205128205,0.7637148217636021,0.0,1.0,0.0,0.7452000000000001,0.21308554104824448,0.0,0.5685203227577641,0.0,0.0,False
ordinary_observer_no_boundary,147,0.92,0.9,0.9,0.94,0.7222971548998947,0.7112328767123288,0.7195732349841939,0.7695732349841939,0.27770284510010534,0.8200842992623814,2.906164383561644,0.27995785036880927,0.8112750263435194,0.7714251201521498,0.0,1.0,0.0,0.7452000000000001,0.21690722765402845,0.0,0.5685203227577662,0.0,0.0,False
ordinary_observer_no_boundary,148,0.92,0.9,0.9,0.94,0.7251071303126098,0.7157990867579909,0.7244028802247979,0.774402880224798,0.27489286968739024,0.8232455216016858,2.928995433789954,0.278377239199157,0.8174218475588337,0.7791354185406975,0.0,1.0,0.0,0.7452000000000001,0.22077120585159243,0.0,0.5685203227577641,0.0,0.0,False
ordinary_observer_no_boundary,149,0.92,0.9,0.9,0.94,0.7279171057253249,0.7203652968036529,0.7292325254654022,0.7792325254654021,0.2720828942746751,0.8264067439409905,2.9518264840182646,0.2767966280295048,0.8235686687741481,0.7868457169292451,0.0,1.0,0.0,0.7452000000000001,0.2246776690587041,0.0,0.5685203227577652,0.0,0.0,False
ordinary_observer_no_boundary,150,0.92,0.9,0.9,0.94,0.73072708113804,0.724931506849315,0.7340621707060062,0.7840621707060063,0.26927291886196,0.8295679662802949,2.974657534246575,0.27521601685985253,0.8297154899894624,0.7945560153177926,0.0,1.0,0.0,0.7452000000000001,0.2286268103876435,0.0,0.5685203227577643,0.0,0.0,False
ordinary_observer_no_boundary,151,0.92,0.9,0.9,0.94,0.7335370565507553,0.7294977168949772,0.7388918159466107,0.7888918159466106,0.2664629434492447,0.8327291886195995,2.9974885844748864,0.2736354056902002,0.835862311204777,0.8022663137063406,0.0,1.0,0.0,0.7452000000000001,0.23261882264679137,0.0,0.5685203227577683,0.0,0.0,False
ordinary_observer_no_boundary,152,0.92,0.9,0.9,0.94,0.7363470319634704,0.7340639269406393,0.7437214611872147,0.7937214611872146,0.2636529680365296,0.835890410958904,3.020319634703197,0.2720547945205479,0.8420091324200913,0.8099766120948881,0.0,1.0,0.0,0.7452000000000001,0.23665389834220799,0.0,0.5685203227577641,0.0,0.0,False
ordinary_observer_no_boundary,153,0.92,0.9,0.9,0.94,0.7391570073761855,0.7386301369863013,0.7485511064278187,0.7985511064278188,0.2608429926238145,0.8390516332982085,3.043150684931507,0.2704741833508957,0.8481559536354056,0.8176869104834357,0.0,1.0,0.0,0.7452000000000001,0.2407322296792038,0.0,0.5685203227577643,0.0,0.0,False
ordinary_observer_no_boundary,154,0.92,0.9,0.9,0.94,0.74,0.74,0.75,0.8,0.25999999999999995,0.84,3.0500000000000003,0.27,0.85,0.82,0.0,1.0,0.0,0.7452000000000001,0.24196419262817628,0.0,0.5206744539878263,0.0,0.0,False
ordinary_observer_no_boundary,155,0.92,0.9,0.9,0.94,0.74,0.74,0.75,0.8,0.25999999999999995,0.84,3.0500000000000003,0.27,0.85,0.82,0.0,1.0,0.0,0.7452000000000001,0.24196419262817628,0.0,0.5,0.0,0.0,False
ordinary_observer_no_boundary,156,0.92,0.9,0.9,0.94,0.74,0.74,0.75,0.8,0.25999999999999995,0.84,3.0500000000000003,0.27,0.85,0.82,0.0,1.0,0.0,0.7452000000000001,0.24196419262817628,0.0,0.5,0.0,0.0,False
ordinary_observer_no_boundary,157,0.92,0.9,0.9,0.94,0.74,0.74,0.75,0.8,0.25999999999999995,0.84,3.0500000000000003,0.27,0.85,0.82,0.0,1.0,0.0,0.7452000000000001,0.24196419262817628,0.0,0.5,0.0,0.0,False
ordinary_observer_no_boundary,158,0.92,0.9,0.9,0.94,0.74,0.74,0.75,0.8,0.25999999999999995,0.84,3.0500000000000003,0.27,0.85,0.82,0.0,1.0,0.0,0.7452000000000001,0.24196419262817628,0.0,0.5,0.0,0.0,False
ordinary_observer_no_boundary,159,0.92,0.9,0.9,0.94,0.74,0.74,0.75,0.8,0.25999999999999995,0.84,3.0500000000000003,0.27,0.85,0.82,0.0,1.0,0.0,0.7452000000000001,0.24196419262817628,0.0,0.5,0.0,0.0,False
ordinary_observer_no_boundary,160,0.92,0.9,0.9,0.94,0.74,0.74,0.75,0.8,0.25999999999999995,0.84,3.0500000000000003,0.27,0.85,0.82,0.0,1.0,0.0,0.7452000000000001,0.24196419262817628,0.0,0.5,0.0,0.0,False
ordinary_observer_no_boundary,161,0.92,0.9,0.9,0.94,0.74,0.74,0.75,0.8,0.25999999999999995,0.84,3.0500000000000003,0.27,0.85,0.82,0.0,1.0,0.0,0.7452000000000001,0.24196419262817628,0.0,0.5,0.0,0.0,False
ordinary_observer_no_boundary,162,0.92,0.9,0.9,0.94,0.74,0.74,0.75,0.8,0.25999999999999995,0.84,3.0500000000000003,0.27,0.85,0.82,0.0,1.0,0.0,0.7452000000000001,0.24196419262817628,0.0,0.5,0.0,0.0,False
ordinary_observer_no_boundary,163,0.92,0.9,0.9,0.94,0.74,0.74,0.75,0.8,0.25999999999999995,0.84,3.0500000000000003,0.27,0.85,0.82,0.0,1.0,0.0,0.7452000000000001,0.24196419262817628,0.0,0.5,0.0,0.0,False
ordinary_observer_no_boundary,164,0.92,0.9,0.9,0.94,0.74,0.74,0.75,0.8,0.25999999999999995,0.84,3.0500000000000003,0.27,0.85,0.82,0.0,1.0,0.0,0.7452000000000001,0.24196419262817628,0.0,0.5,0.0,0.0,False
ordinary_observer_no_boundary,165,0.92,0.9,0.9,0.94,0.74,0.74,0.75,0.8,0.25999999999999995,0.84,3.0500000000000003,0.27,0.85,0.82,0.0,1.0,0.0,0.7452000000000001,0.24196419262817628,0.0,0.5,0.0,0.0,False
ordinary_observer_no_boundary,166,0.92,0.9,0.9,0.94,0.74,0.74,0.75,0.8,0.25999999999999995,0.84,3.0500000000000003,0.27,0.85,0.82,0.0,1.0,0.0,0.7452000000000001,0.24196419262817628,0.0,0.5,0.0,0.0,False
ordinary_observer_no_boundary,167,0.92,0.9,0.9,0.94,0.74,0.74,0.75,0.8,0.25999999999999995,0.84,3.0500000000000003,0.27,0.85,0.82,0.0,1.0,0.0,0.7452000000000001,0.24196419262817628,0.0,0.5,0.0,0.0,False
ordinary_observer_no_boundary,168,0.92,0.9,0.9,0.94,0.74,0.74,0.75,0.8,0.25999999999999995,0.84,3.0500000000000003,0.27,0.85,0.82,0.0,1.0,0.0,0.7452000000000001,0.24196419262817628,0.0,0.5,0.0,0.0,False
ordinary_observer_no_boundary,169,0.92,0.9,0.9,0.94,0.74,0.74,0.75,0.8,0.25999999999999995,0.84,3.0500000000000003,0.27,0.85,0.82,0.0,1.0,0.0,0.7452000000000001,0.24196419262817628,0.0,0.5,0.0,0.0,False
ordinary_observer_no_boundary,170,0.92,0.9,0.9,0.94,0.74,0.74,0.75,0.8,0.25999999999999995,0.84,3.0500000000000003,0.27,0.85,0.82,0.0,1.0,0.0,0.7452000000000001,0.24196419262817628,0.0,0.5,0.0,0.0,False
ordinary_observer_no_boundary,171,0.92,0.9,0.9,0.94,0.74,0.74,0.75,0.8,0.25999999999999995,0.84,3.0500000000000003,0.27,0.85,0.82,0.0,1.0,0.0,0.7452000000000001,0.24196419262817628,0.0,0.5,0.0,0.0,False
ordinary_observer_no_boundary,172,0.92,0.9,0.9,0.94,0.74,0.74,0.75,0.8,0.25999999999999995,0.84,3.0500000000000003,0.27,0.85,0.82,0.0,1.0,0.0,0.7452000000000001,0.24196419262817628,0.0,0.5,0.0,0.0,False
ordinary_observer_no_boundary,173,0.92,0.9,0.9,0.94,0.74,0.74,0.75,0.8,0.25999999999999995,0.84,3.0500000000000003,0.27,0.85,0.82,0.0,1.0,0.0,0.7452000000000001,0.24196419262817628,0.0,0.5,0.0,0.0,False
ordinary_observer_no_boundary,174,0.92,0.9,0.9,0.94,0.74,0.74,0.75,0.8,0.25999999999999995,0.84,3.0500000000000003,0.27,0.85,0.82,0.0,1.0,0.0,0.7452000000000001,0.24196419262817628,0.0,0.5,0.0,0.0,False
ordinary_observer_no_boundary,175,0.92,0.9,0.9,0.94,0.74,0.74,0.75,0.8,0.25999999999999995,0.84,3.0500000000000003,0.27,0.85,0.82,0.0,1.0,0.0,0.7452000000000001,0.24196419262817628,0.0,0.5,0.0,0.0,False
ordinary_observer_no_boundary,176,0.92,0.9,0.9,0.94,0.74,0.74,0.75,0.8,0.25999999999999995,0.84,3.0500000000000003,0.27,0.85,0.82,0.0,1.0,0.0,0.7452000000000001,0.24196419262817628,0.0,0.5,0.0,0.0,False
ordinary_observer_no_boundary,177,0.92,0.9,0.9,0.94,0.74,0.74,0.75,0.8,0.25999999999999995,0.84,3.0500000000000003,0.27,0.85,0.82,0.0,1.0,0.0,0.7452000000000001,0.24196419262817628,0.0,0.5,0.0,0.0,False
ordinary_observer_no_boundary,178,0.92,0.9,0.9,0.94,0.74,0.74,0.75,0.8,0.25999999999999995,0.84,3.0500000000000003,0.27,0.85,0.82,0.0,1.0,0.0,0.7452000000000001,0.24196419262817628,0.0,0.5,0.0,0.0,False
ordinary_observer_no_boundary,179,0.92,0.9,0.9,0.94,0.74,0.74,0.75,0.8,0.25999999999999995,0.84,3.0500000000000003,0.27,0.85,0.82,0.0,1.0,0.0,0.7452000000000001,0.24196419262817628,0.0,0.5,0.0,0.0,False
ordinary_observer_no_boundary,180,0.92,0.9,0.9,0.94,0.74,0.74,0.75,0.8,0.25999999999999995,0.84,3.0500000000000003,0.27,0.85,0.82,0.0,1.0,0.0,0.7452000000000001,0.24196419262817628,0.0,0.5,0.0,0.0,False
ordinary_observer_no_boundary,181,0.92,0.9,0.9,0.94,0.74,0.74,0.75,0.8,0.25999999999999995,0.84,3.0500000000000003,0.27,0.85,0.82,0.0,1.0,0.0,0.7452000000000001,0.24196419262817628,0.0,0.5,0.0,0.0,False
ordinary_observer_no_boundary,182,0.92,0.9,0.9,0.94,0.74,0.74,0.75,0.8,0.25999999999999995,0.84,3.0500000000000003,0.27,0.85,0.82,0.0,1.0,0.0,0.7452000000000001,0.24196419262817628,0.0,0.5,0.0,0.0,False
ordinary_observer_no_boundary,183,0.92,0.9,0.9,0.94,0.74,0.74,0.75,0.8,0.25999999999999995,0.84,3.0500000000000003,0.27,0.85,0.82,0.0,1.0,0.0,0.7452000000000001,0.24196419262817628,0.0,0.5,0.0,0.0,False
ordinary_observer_no_boundary,184,0.92,0.9,0.9,0.94,0.74,0.74,0.75,0.8,0.25999999999999995,0.84,3.0500000000000003,0.27,0.85,0.82,0.0,1.0,0.0,0.7452000000000001,0.24196419262817628,0.0,0.5,0.0,0.0,False
ordinary_observer_no_boundary,185,0.92,0.9,0.9,0.94,0.74,0.74,0.75,0.8,0.25999999999999995,0.84,3.0500000000000003,0.27,0.85,0.82,0.0,1.0,0.0,0.7452000000000001,0.24196419262817628,0.0,0.5,0.0,0.0,False
ordinary_observer_no_boundary,186,0.92,0.9,0.9,0.94,0.74,0.74,0.75,0.8,0.25999999999999995,0.84,3.0500000000000003,0.27,0.85,0.82,0.0,1.0,0.0,0.7452000000000001,0.24196419262817628,0.0,0.5,0.0,0.0,False
ordinary_observer_no_boundary,187,0.92,0.9,0.9,0.94,0.74,0.74,0.75,0.8,0.25999999999999995,0.84,3.0500000000000003,0.27,0.85,0.82,0.0,1.0,0.0,0.7452000000000001,0.24196419262817628,0.0,0.5,0.0,0.0,False
ordinary_observer_no_boundary,188,0.92,0.9,0.9,0.94,0.74,0.74,0.75,0.8,0.25999999999999995,0.84,3.0500000000000003,0.27,0.85,0.82,0.0,1.0,0.0,0.7452000000000001,0.24196419262817628,0.0,0.5,0.0,0.0,False
ordinary_observer_no_boundary,189,0.92,0.9,0.9,0.94,0.74,0.74,0.75,0.8,0.25999999999999995,0.84,3.0500000000000003,0.27,0.85,0.82,0.0,1.0,0.0,0.7452000000000001,0.24196419262817628,0.0,0.5,0.0,0.0,False
ordinary_observer_no_boundary,190,0.92,0.9,0.9,0.94,0.74,0.74,0.75,0.8,0.25999999999999995,0.84,3.0500000000000003,0.27,0.85,0.82,0.0,1.0,0.0,0.7452000000000001,0.24196419262817628,0.0,0.5,0.0,0.0,False
ordinary_observer_no_boundary,191,0.92,0.9,0.9,0.94,0.74,0.74,0.75,0.8,0.25999999999999995,0.84,3.0500000000000003,0.27,0.85,0.82,0.0,1.0,0.0,0.7452000000000001,0.24196419262817628,0.0,0.5,0.0,0.0,False
ordinary_observer_no_boundary,192,0.92,0.9,0.9,0.94,0.74,0.74,0.75,0.8,0.25999999999999995,0.84,3.0500000000000003,0.27,0.85,0.82,0.0,1.0,0.0,0.7452000000000001,0.24196419262817628,0.0,0.5,0.0,0.0,False
ordinary_observer_no_boundary,193,0.92,0.9,0.9,0.94,0.74,0.74,0.75,0.8,0.25999999999999995,0.84,3.0500000000000003,0.27,0.85,0.82,0.0,1.0,0.0,0.7452000000000001,0.24196419262817628,0.0,0.5,0.0,0.0,False
ordinary_observer_no_boundary,194,0.92,0.9,0.9,0.94,0.74,0.74,0.75,0.8,0.25999999999999995,0.84,3.0500000000000003,0.27,0.85,0.82,0.0,1.0,0.0,0.7452000000000001,0.24196419262817628,0.0,0.5,0.0,0.0,False
ordinary_observer_no_boundary,195,0.92,0.9,0.9,0.94,0.74,0.74,0.75,0.8,0.25999999999999995,0.84,3.0500000000000003,0.27,0.85,0.82,0.0,1.0,0.0,0.7452000000000001,0.24196419262817628,0.0,0.5,0.0,0.0,False
ordinary_observer_no_boundary,196,0.92,0.9,0.9,0.94,0.74,0.74,0.75,0.8,0.25999999999999995,0.84,3.0500000000000003,0.27,0.85,0.82,0.0,1.0,0.0,0.7452000000000001,0.24196419262817628,0.0,0.5,0.0,0.0,False
ordinary_observer_no_boundary,197,0.92,0.9,0.9,0.94,0.74,0.74,0.75,0.8,0.25999999999999995,0.84,3.0500000000000003,0.27,0.85,0.82,0.0,1.0,0.0,0.7452000000000001,0.24196419262817628,0.0,0.5,0.0,0.0,False
ordinary_observer_no_boundary,198,0.92,0.9,0.9,0.94,0.74,0.74,0.75,0.8,0.25999999999999995,0.84,3.0500000000000003,0.27,0.85,0.82,0.0,1.0,0.0,0.7452000000000001,0.24196419262817628,0.0,0.5,0.0,0.0,False
ordinary_observer_no_boundary,199,0.92,0.9,0.9,0.94,0.74,0.74,0.75,0.8,0.25999999999999995,0.84,3.0500000000000003,0.27,0.85,0.82,0.0,1.0,0.0,0.7452000000000001,0.24196419262817628,0.0,0.5,0.0,0.0,False
ordinary_observer_no_boundary,200,0.92,0.9,0.9,0.94,0.74,0.74,0.75,0.8,0.25999999999999995,0.84,3.0500000000000003,0.27,0.85,0.82,0.0,1.0,0.0,0.7452000000000001,0.24196419262817628,0.0,0.5,0.0,0.0,False
ordinary_observer_no_boundary,201,0.92,0.9,0.9,0.94,0.74,0.74,0.75,0.8,0.25999999999999995,0.84,3.0500000000000003,0.27,0.85,0.82,0.0,1.0,0.0,0.7452000000000001,0.24196419262817628,0.0,0.5,0.0,0.0,False
ordinary_observer_no_boundary,202,0.92,0.9,0.9,0.94,0.74,0.74,0.75,0.8,0.25999999999999995,0.84,3.0500000000000003,0.27,0.85,0.82,0.0,1.0,0.0,0.7452000000000001,0.24196419262817628,0.0,0.5,0.0,0.0,False
ordinary_observer_no_boundary,203,0.92,0.9,0.9,0.94,0.74,0.74,0.75,0.8,0.25999999999999995,0.84,3.0500000000000003,0.27,0.85,0.82,0.0,1.0,0.0,0.7452000000000001,0.24196419262817628,0.0,0.5,0.0,0.0,False
ordinary_observer_no_boundary,204,0.92,0.9,0.9,0.94,0.74,0.74,0.75,0.8,0.25999999999999995,0.84,3.0500000000000003,0.27,0.85,0.82,0.0,1.0,0.0,0.7452000000000001,0.24196419262817628,0.0,0.5,0.0,0.0,False
ordinary_observer_no_boundary,205,0.92,0.9,0.9,0.94,0.74,0.74,0.75,0.8,0.25999999999999995,0.84,3.0500000000000003,0.27,0.85,0.82,0.0,1.0,0.0,0.7452000000000001,0.24196419262817628,0.0,0.5,0.0,0.0,False
ordinary_observer_no_boundary,206,0.92,0.9,0.9,0.94,0.74,0.74,0.75,0.8,0.25999999999999995,0.84,3.0500000000000003,0.27,0.85,0.82,0.0,1.0,0.0,0.7452000000000001,0.24196419262817628,0.0,0.5,0.0,0.0,False
ordinary_observer_no_boundary,207,0.92,0.9,0.9,0.94,0.74,0.74,0.75,0.8,0.25999999999999995,0.84,3.0500000000000003,0.27,0.85,0.82,0.0,1.0,0.0,0.7452000000000001,0.24196419262817628,0.0,0.5,0.0,0.0,False
ordinary_observer_no_boundary,208,0.92,0.9,0.9,0.94,0.74,0.74,0.75,0.8,0.25999999999999995,0.84,3.0500000000000003,0.27,0.85,0.82,0.0,1.0,0.0,0.7452000000000001,0.24196419262817628,0.0,0.5,0.0,0.0,False
ordinary_observer_no_boundary,209,0.92,0.9,0.9,0.94,0.74,0.74,0.75,0.8,0.25999999999999995,0.84,3.0500000000000003,0.27,0.85,0.82,0.0,1.0,0.0,0.7452000000000001,0.24196419262817628,0.0,0.5,0.0,0.0,False
ordinary_observer_no_boundary,210,0.92,0.9,0.9,0.94,0.74,0.74,0.75,0.8,0.25999999999999995,0.84,3.0500000000000003,0.27,0.85,0.82,0.0,1.0,0.0,0.7452000000000001,0.24196419262817628,0.0,0.5,0.0,0.0,False
ordinary_observer_no_boundary,211,0.92,0.9,0.9,0.94,0.74,0.74,0.75,0.8,0.25999999999999995,0.84,3.0500000000000003,0.27,0.85,0.82,0.0,1.0,0.0,0.7452000000000001,0.24196419262817628,0.0,0.5,0.0,0.0,False
ordinary_observer_no_boundary,212,0.92,0.9,0.9,0.94,0.74,0.74,0.75,0.8,0.25999999999999995,0.84,3.0500000000000003,0.27,0.85,0.82,0.0,1.0,0.0,0.7452000000000001,0.24196419262817628,0.0,0.5,0.0,0.0,False
ordinary_observer_no_boundary,213,0.92,0.9,0.9,0.94,0.74,0.74,0.75,0.8,0.25999999999999995,0.84,3.0500000000000003,0.27,0.85,0.82,0.0,1.0,0.0,0.7452000000000001,0.24196419262817628,0.0,0.5,0.0,0.0,False
ordinary_observer_no_boundary,214,0.92,0.9,0.9,0.94,0.74,0.74,0.75,0.8,0.25999999999999995,0.84,3.0500000000000003,0.27,0.85,0.82,0.0,1.0,0.0,0.7452000000000001,0.24196419262817628,0.0,0.5,0.0,0.0,False
ordinary_observer_no_boundary,215,0.92,0.9,0.9,0.94,0.74,0.74,0.75,0.8,0.25999999999999995,0.84,3.0500000000000003,0.27,0.85,0.82,0.0,1.0,0.0,0.7452000000000001,0.24196419262817628,0.0,0.5,0.0,0.0,False
ordinary_observer_no_boundary,216,0.92,0.9,0.9,0.94,0.74,0.74,0.75,0.8,0.25999999999999995,0.84,3.0500000000000003,0.27,0.85,0.82,0.0,1.0,0.0,0.7452000000000001,0.24196419262817628,0.0,0.5,0.0,0.0,False
ordinary_observer_no_boundary,217,0.92,0.9,0.9,0.94,0.74,0.74,0.75,0.8,0.25999999999999995,0.84,3.0500000000000003,0.27,0.85,0.82,0.0,1.0,0.0,0.7452000000000001,0.24196419262817628,0.0,0.5,0.0,0.0,False
ordinary_observer_no_boundary,218,0.92,0.9,0.9,0.94,0.74,0.74,0.75,0.8,0.25999999999999995,0.84,3.0500000000000003,0.27,0.85,0.82,0.0,1.0,0.0,0.7452000000000001,0.24196419262817628,0.0,0.5,0.0,0.0,False
ordinary_observer_no_boundary,219,0.92,0.9,0.9,0.94,0.74,0.74,0.75,0.8,0.25999999999999995,0.84,3.0500000000000003,0.27,0.85,0.82,0.0,1.0,0.0,0.7452000000000001,0.24196419262817628,0.0,0.5,0.0,0.0,False
boundary_recovery,0,0.92,0.9,0.9,0.94,0.42,0.22,0.2,0.25,0.58,0.48,0.45,0.45,0.15,0.1,0.0,1.0,0.0,0.7452000000000001,0.006141275637912894,0.0,0.5,0.0,0.0,False
boundary_recovery,1,0.92,0.9,0.9,0.94,0.42,0.22,0.2,0.25,0.58,0.48,0.45,0.45,0.15,0.1,0.0,1.0,0.0,0.7452000000000001,0.006141275637912894,0.0,0.5,0.0,0.0,False
boundary_recovery,2,0.92,0.9,0.9,0.94,0.42,0.22,0.2,0.25,0.58,0.48,0.45,0.45,0.15,0.1,0.0,1.0,0.0,0.7452000000000001,0.006141275637912894,0.0,0.5,0.0,0.0,False
boundary_recovery,3,0.92,0.9,0.9,0.94,0.42,0.22,0.2,0.25,0.58,0.48,0.45,0.45,0.15,0.1,0.0,1.0,0.0,0.7452000000000001,0.006141275637912894,0.0,0.5,0.0,0.0,False
boundary_recovery,4,0.92,0.9,0.9,0.94,0.42,0.22,0.2,0.25,0.58,0.48,0.45,0.45,0.15,0.1,0.0,1.0,0.0,0.7452000000000001,0.006141275637912894,0.0,0.5,0.0,0.0,False
boundary_recovery,5,0.92,0.9,0.9,0.94,0.42,0.22,0.2,0.25,0.58,0.48,0.45,0.45,0.15,0.1,0.0,1.0,0.0,0.7452000000000001,0.006141275637912894,0.0,0.5,0.0,0.0,False
boundary_recovery,6,0.92,0.9,0.9,0.94,0.42,0.22,0.2,0.25,0.58,0.48,0.45,0.45,0.15,0.1,0.0,1.0,0.0,0.7452000000000001,0.006141275637912894,0.0,0.5,0.0,0.0,False
boundary_recovery,7,0.92,0.9,0.9,0.94,0.42,0.22,0.2,0.25,0.58,0.48,0.45,0.45,0.15,0.1,0.0,1.0,0.0,0.7452000000000001,0.006141275637912894,0.0,0.5,0.0,0.0,False
boundary_recovery,8,0.92,0.9,0.9,0.94,0.42,0.22,0.2,0.25,0.58,0.48,0.45,0.45,0.15,0.1,0.0,1.0,0.0,0.7452000000000001,0.006141275637912894,0.0,0.5,0.0,0.0,False
boundary_recovery,9,0.92,0.9,0.9,0.94,0.42,0.22,0.2,0.25,0.58,0.48,0.45,0.45,0.15,0.1,0.0,1.0,0.0,0.7452000000000001,0.006141275637912894,0.0,0.5,0.0,0.0,False
boundary_recovery,10,0.92,0.9,0.9,0.94,0.42,0.22,0.2,0.25,0.58,0.48,0.45,0.45,0.15,0.1,0.0,1.0,0.0,0.7452000000000001,0.006141275637912894,0.0,0.5,0.0,0.0,False
boundary_recovery,11,0.92,0.9,0.9,0.94,0.42,0.22,0.2,0.25,0.58,0.48,0.45,0.45,0.15,0.1,0.0,1.0,0.0,0.7452000000000001,0.006141275637912894,0.0,0.5,0.0,0.0,False
boundary_recovery,12,0.92,0.9,0.9,0.94,0.42,0.22,0.2,0.25,0.58,0.48,0.45,0.45,0.15,0.1,0.0,1.0,0.0,0.7452000000000001,0.006141275637912894,0.0,0.5,0.0,0.0,False
boundary_recovery,13,0.92,0.9,0.9,0.94,0.42,0.22,0.2,0.25,0.58,0.48,0.45,0.45,0.15,0.1,0.0,1.0,0.0,0.7452000000000001,0.006141275637912894,0.0,0.5,0.0,0.0,False
boundary_recovery,14,0.92,0.9,0.9,0.94,0.42,0.22,0.2,0.25,0.58,0.48,0.45,0.45,0.15,0.1,0.0,1.0,0.0,0.7452000000000001,0.006141275637912894,0.0,0.5,0.0,0.0,False
boundary_recovery,15,0.92,0.9,0.9,0.94,0.42,0.22,0.2,0.25,0.58,0.48,0.45,0.45,0.15,0.1,0.0,1.0,0.0,0.7452000000000001,0.006141275637912894,0.0,0.5,0.0,0.0,False
boundary_recovery,16,0.92,0.9,0.9,0.94,0.42,0.22,0.2,0.25,0.58,0.48,0.45,0.45,0.15,0.1,0.0,1.0,0.0,0.7452000000000001,0.006141275637912894,0.0,0.5,0.0,0.0,False
boundary_recovery,17,0.92,0.9,0.9,0.94,0.42,0.22,0.2,0.25,0.58,0.48,0.45,0.45,0.15,0.1,0.0,1.0,0.0,0.7452000000000001,0.006141275637912894,0.0,0.5,0.0,0.0,False
boundary_recovery,18,0.92,0.9,0.9,0.94,0.42,0.22,0.2,0.25,0.58,0.48,0.45,0.45,0.15,0.1,0.0,1.0,0.0,0.7452000000000001,0.006141275637912894,0.0,0.5,0.0,0.0,False
boundary_recovery,19,0.92,0.9,0.9,0.94,0.42,0.22,0.2,0.25,0.58,0.48,0.45,0.45,0.15,0.1,0.0,1.0,0.0,0.7452000000000001,0.006141275637912894,0.0,0.5,0.0,0.0,False
boundary_recovery,20,0.92,0.9,0.9,0.94,0.42,0.22,0.2,0.25,0.58,0.48,0.45,0.45,0.15,0.1,0.0,1.0,0.0,0.7452000000000001,0.006141275637912894,0.0,0.5,0.0,0.0,False
boundary_recovery,21,0.92,0.9,0.9,0.94,0.42,0.22,0.2,0.25,0.58,0.48,0.45,0.45,0.15,0.1,0.0,1.0,0.0,0.7452000000000001,0.006141275637912894,0.0,0.5,0.0,0.0,False
boundary_recovery,22,0.92,0.9,0.9,0.94,0.42,0.22,0.2,0.25,0.58,0.48,0.45,0.45,0.15,0.1,0.0,1.0,0.0,0.7452000000000001,0.006141275637912894,0.0,0.5,0.0,0.0,False
boundary_recovery,23,0.92,0.9,0.9,0.94,0.42,0.22,0.2,0.25,0.58,0.48,0.45,0.45,0.15,0.1,0.0,1.0,0.0,0.7452000000000001,0.006141275637912894,0.0,0.5,0.0,0.0,False
boundary_recovery,24,0.92,0.9,0.9,0.94,0.42,0.22,0.2,0.25,0.58,0.48,0.45,0.45,0.15,0.1,0.0,1.0,0.0,0.7452000000000001,0.006141275637912894,0.0,0.5,0.0,0.0,False
boundary_recovery,25,0.92,0.9,0.9,0.94,0.42,0.22,0.2,0.25,0.58,0.48,0.45,0.45,0.15,0.1,0.0,1.0,0.0,0.7452000000000001,0.006141275637912894,0.0,0.5,0.0,0.0,False
boundary_recovery,26,0.92,0.9,0.9,0.94,0.42,0.22,0.2,0.25,0.58,0.48,0.45,0.45,0.15,0.1,0.0,1.0,0.0,0.7452000000000001,0.006141275637912894,0.0,0.5,0.0,0.0,False
boundary_recovery,27,0.92,0.9,0.9,0.94,0.42,0.22,0.2,0.25,0.58,0.48,0.45,0.45,0.15,0.1,0.0,1.0,0.0,0.7452000000000001,0.006141275637912894,0.0,0.5,0.0,0.0,False
boundary_recovery,28,0.92,0.9,0.9,0.94,0.42,0.22,0.2,0.25,0.58,0.48,0.45,0.45,0.15,0.1,0.0,1.0,0.0,0.7452000000000001,0.006141275637912894,0.0,0.5,0.0,0.0,False
boundary_recovery,29,0.92,0.9,0.9,0.94,0.42,0.22,0.2,0.25,0.58,0.48,0.45,0.45,0.15,0.1,0.0,1.0,0.0,0.7452000000000001,0.006141275637912894,0.0,0.5,0.0,0.0,False
boundary_recovery,30,0.92,0.9,0.9,0.94,0.42,0.22,0.2,0.25,0.58,0.48,0.45,0.45,0.15,0.1,0.0,1.0,0.0,0.7452000000000001,0.006141275637912894,0.0,0.5,0.0,0.0,False
boundary_recovery,31,0.92,0.9,0.9,0.94,0.42,0.22,0.2,0.25,0.58,0.48,0.45,0.45,0.15,0.1,0.0,1.0,0.0,0.7452000000000001,0.006141275637912894,0.0,0.5,0.0,0.0,False
boundary_recovery,32,0.92,0.9,0.9,0.94,0.42,0.22,0.2,0.25,0.58,0.48,0.45,0.45,0.15,0.1,0.0,1.0,0.0,0.7452000000000001,0.006141275637912894,0.0,0.5,0.0,0.0,False
boundary_recovery,33,0.92,0.9,0.9,0.94,0.42,0.22,0.2,0.25,0.58,0.48,0.45,0.45,0.15,0.1,0.0,1.0,0.0,0.7452000000000001,0.006141275637912894,0.0,0.5,0.0,0.0,False
boundary_recovery,34,0.92,0.9,0.9,0.94,0.42,0.22,0.2,0.25,0.58,0.48,0.45,0.45,0.15,0.1,0.0,1.0,0.0,0.7452000000000001,0.006141275637912894,0.0,0.5,0.0,0.0,False
boundary_recovery,35,0.92,0.9,0.9,0.94,0.42,0.22,0.2,0.25,0.58,0.48,0.45,0.45,0.15,0.1,0.0,1.0,0.0,0.7452000000000001,0.006141275637912894,0.0,0.5,0.0,0.0,False
boundary_recovery,36,0.92,0.9,0.9,0.94,0.42,0.22,0.2,0.25,0.58,0.48,0.45,0.45,0.15,0.1,0.0,1.0,0.0,0.7452000000000001,0.006141275637912894,0.0,0.5,0.0,0.0,False
boundary_recovery,37,0.92,0.9,0.9,0.94,0.42,0.22,0.2,0.25,0.58,0.48,0.45,0.45,0.15,0.1,0.0,1.0,0.0,0.7452000000000001,0.006141275637912894,0.0,0.5,0.0,0.0,False
boundary_recovery,38,0.92,0.9,0.9,0.94,0.42,0.22,0.2,0.25,0.58,0.48,0.45,0.45,0.15,0.1,0.0,1.0,0.0,0.7452000000000001,0.006141275637912894,0.0,0.5,0.0,0.0,False
boundary_recovery,39,0.92,0.9,0.9,0.94,0.42,0.22,0.2,0.25,0.58,0.48,0.45,0.45,0.15,0.1,0.0,1.0,0.0,0.7452000000000001,0.006141275637912894,0.0,0.5,0.0,0.0,False
boundary_recovery,40,0.92,0.9,0.9,0.94,0.42162978573937476,0.22264840182648402,0.20280119423955043,0.2528011942395504,0.5783702142606252,0.4818335089567966,0.4632420091324201,0.4490832455216017,0.15356515630488232,0.1,0.0,1.0,0.0,0.7452000000000001,0.006426713075267117,0.0,0.5399083406392543,0.0,0.0,False
boundary_recovery,41,0.92,0.9,0.9,0.94,0.4244397611520899,0.22721461187214612,0.20763083948015457,0.2576308394801545,0.5755602388479101,0.48499473129610116,0.4860730593607306,0.4475026343519494,0.1597119775201967,0.1,0.0,1.0,0.0,0.7452000000000001,0.006934253851052505,0.0,0.5685203227577651,0.0,0.0,False
boundary_recovery,42,0.92,0.9,0.9,0.94,0.427249736564805,0.23178082191780822,0.2124604847207587,0.26246048472075867,0.5727502634351949,0.48815595363540565,0.5089041095890411,0.4459220231822972,0.16585879873551104,0.1,0.0,1.0,0.0,0.7452000000000001,0.007461500714265482,0.0,0.5685203227577654,0.0,0.0,False
boundary_recovery,43,0.92,0.9,0.9,0.94,0.4300597119775202,0.23634703196347032,0.21729012996136285,0.2672901299613628,0.5699402880224798,0.4913171759747102,0.5317351598173516,0.4443414120126449,0.17200561995082542,0.1,0.0,1.0,0.0,0.7452000000000001,0.008008689459982659,0.0,0.5685203227577651,0.0,0.0,False
boundary_recovery,44,0.92,0.9,0.9,0.94,0.4328696873902353,0.24091324200913242,0.222119775201967,0.27211977520196695,0.5671303126097647,0.49447839831401474,0.5545662100456621,0.44276080084299263,0.1781524411661398,0.1,0.0,1.0,0.0,0.7452000000000001,0.008576055327910542,0.0,0.5685203227577649,0.0,0.0,False
boundary_recovery,45,0.92,0.9,0.9,0.94,0.43567966280295045,0.24547945205479452,0.22694942044257113,0.27694942044257115,0.5643203371970494,0.49763962065331924,0.5773972602739725,0.4411801896733404,0.18429926238145417,0.1,0.0,1.0,0.0,0.7452000000000001,0.009163833016647666,0.0,0.5685203227577655,0.0,0.0,False
boundary_recovery,46,0.92,0.9,0.9,0.94,0.4384896382156656,0.25004566210045664,0.23177906568317527,0.2817790656831753,0.5615103617843343,0.5008008429926238,0.6002283105022831,0.4395995785036881,0.1904460835967685,0.1,0.0,1.0,0.0,0.7452000000000001,0.009772256696033266,0.0,0.5685203227577652,0.0,0.0,False
boundary_recovery,47,0.92,0.9,0.9,0.94,0.4412996136283807,0.2546118721461187,0.23660871092377944,0.28660871092377943,0.5587003863716192,0.5039620653319283,0.6230593607305936,0.43801896733403584,0.19659290481208289,0.1,0.0,1.0,0.0,0.7452000000000001,0.010401560017852966,0.0,0.5685203227577648,0.0,0.0,False
boundary_recovery,48,0.92,0.9,0.9,0.94,0.4441095890410959,0.25917808219178085,0.24143835616438358,0.29143835616438357,0.5558904109589041,0.5071232876712328,0.6458904109589041,0.4364383561643836,0.20273972602739723,0.1,0.0,1.0,0.0,0.7452000000000001,0.011051976125133619,0.0,0.5685203227577653,0.0,0.0,False
boundary_recovery,49,0.92,0.9,0.9,0.94,0.446919564453811,0.2637442922374429,0.24626800140498772,0.2962680014049877,0.5530804355461889,0.5102845100105374,0.6687214611872145,0.4348577449947313,0.2088865472427116,0.1,0.0,1.0,0.0,0.7452000000000001,0.011723737660226722,0.0,0.5685203227577652,0.0,0.0,False
boundary_recovery,50,0.92,0.9,0.9,0.94,0.44972953986652614,0.26831050228310505,0.25109764664559187,0.30109764664559185,0.5502704601334738,0.5134457323498419,0.6915525114155251,0.43327713382507904,0.21503336845802598,0.1,0.0,1.0,0.0,0.7452000000000001,0.012417076771852357,0.0,0.5685203227577653,0.0,0.0,False
boundary_recovery,51,0.92,0.9,0.9,0.94,0.4525395152792413,0.2728767123287671,0.255927291886196,0.305927291886196,0.5474604847207587,0.5166069546891464,0.7143835616438357,0.4316965226554268,0.22118018967334033,0.1,0.0,1.0,0.0,0.7452000000000001,0.013132225121251305,0.0,0.5685203227577647,0.0,0.0,False
boundary_recovery,52,0.92,0.9,0.9,0.94,0.4553494906919564,0.27744292237442925,0.26075693712680015,0.31075693712680014,0.5446505093080435,0.519768177028451,0.7372146118721461,0.4301159114857745,0.2273270108886547,0.1,0.0,1.0,0.0,0.7452000000000001,0.01386941388757309,0.0,0.568520322757766,0.0,0.0,False
boundary_recovery,53,0.92,0.9,0.9,0.94,0.45815946610467156,0.2820091324200913,0.2655865823674043,0.3155865823674043,0.5418405338953284,0.5229293993677555,0.7600456621004565,0.42853530031612225,0.23347383210396908,0.1,0.0,1.0,0.0,0.7452000000000001,0.014628873772609628,0.0,0.5685203227577647,0.0,0.0,False
boundary_recovery,54,0.92,0.9,0.9,0.94,0.4609694415173867,0.28657534246575345,0.27041622760800843,0.3204162276080084,0.5390305584826133,0.52609062170706,0.7828767123287671,0.42695468914647,0.23962065331928345,0.1,0.0,1.0,0.0,0.7452000000000001,0.015410835004969715,0.0,0.5685203227577653,0.0,0.0,False
boundary_recovery,55,0.92,0.9,0.9,0.94,0.46377941693010183,0.2911415525114155,0.27524587284861257,0.32524587284861256,0.5362205830698981,0.5292518440463646,0.8057077625570777,0.4253740779768177,0.2457674745345978,0.1,0.0,1.0,0.0,0.7452000000000001,0.016215527343775904,0.0,0.5685203227577652,0.0,0.0,False
boundary_recovery,56,0.92,0.9,0.9,0.94,0.466589392342817,0.29570776255707765,0.2800755180892167,0.3300755180892167,0.533410607657183,0.5324130663856691,0.8285388127853881,0.42379346680716545,0.25191429574991214,0.1,0.0,1.0,0.0,0.7452000000000001,0.017043180081954993,0.0,0.5685203227577653,0.0,0.0,False
boundary_recovery,57,0.92,0.9,0.9,0.94,0.4693993677555321,0.3002739726027397,0.28490516332982085,0.33490516332982084,0.5306006322444679,0.5355742887249736,0.8513698630136985,0.4222128556375132,0.25806111696522654,0.1,0.0,1.0,0.0,0.7452000000000001,0.017894022049182803,0.0,0.5685203227577647,0.0,0.0,False
boundary_recovery,58,0.92,0.9,0.9,0.94,0.47220934316824725,0.30484018264840185,0.289734808570425,0.339734808570425,0.5277906568317527,0.5387355110642782,0.8742009132420091,0.4206322444678609,0.2642079381805409,0.1,0.0,1.0,0.0,0.7452000000000001,0.01876828161453654,0.0,0.5685203227577653,0.0,0.0,False
boundary_recovery,59,0.92,0.9,0.9,0.94,0.4750193185809624,0.3094063926940639,0.29456445381102914,0.3445644538110292,0.5249806814190375,0.5418967334035827,0.8970319634703197,0.41905163329820866,0.2703547593958553,0.1,0.0,1.0,0.0,0.7452000000000001,0.019666186688899884,0.0,0.5685203227577652,0.0,0.0,False
boundary_recovery,60,0.92,0.9,0.9,0.94,0.4778292939936775,0.31397260273972605,0.2993940990516333,0.3493940990516333,0.5221707060063224,0.5450579557428872,0.9198630136986301,0.4174710221285564,0.27650158061116964,0.10062916034850548,0.0,1.0,0.0,0.7452000000000001,0.020587964727160672,0.0,0.5685203227577653,0.0,0.0,False
boundary_recovery,61,0.92,0.9,0.9,0.94,0.4806392694063927,0.3185388127853881,0.3042237442922375,0.35422374429223746,0.5193607305936072,0.5482191780821918,0.9426940639269407,0.4158904109589041,0.282648401826484,0.10833945873705313,0.0,1.0,0.0,0.7452000000000001,0.021533842730234832,0.0,0.5685203227577653,0.0,0.0,False
boundary_recovery,62,0.92,0.9,0.9,0.94,0.4834492448191078,0.32310502283105025,0.30905338953284156,0.3590533895328416,0.5165507551808921,0.5513804004214963,0.965525114155251,0.41430979978925186,0.28879522304179833,0.11604975712560074,0.0,1.0,0.0,0.7452000000000001,0.022504047246946192,0.0,0.5685203227577651,0.0,0.0,False
boundary_recovery,63,0.92,0.9,0.9,0.94,0.48625922023182294,0.3276712328767123,0.3138830347734457,0.36388303477344575,0.513740779768177,0.5545416227608008,0.9883561643835617,0.4127291886195996,0.2949420442571127,0.12376005551414838,0.0,1.0,0.0,0.7452000000000001,0.023498804375787285,0.0,0.5685203227577647,0.0,0.0,False
boundary_recovery,64,0.92,0.9,0.9,0.94,0.4890691956445381,0.33223744292237445,0.3187126800140499,0.3687126800140499,0.5109308043554619,0.5577028451001054,1.011187214611872,0.4111485774499473,0.3010888654724271,0.131470353902696,0.0,1.0,0.0,0.7452000000000001,0.024518339766583002,0.0,0.5685203227577655,0.0,0.0,False
boundary_recovery,65,0.92,0.9,0.9,0.94,0.4918791710572532,0.3368036529680365,0.32354232525465404,0.37354232525465403,0.5081208289427467,0.5608640674394099,1.0340182648401826,0.40956796628029507,0.3072356866877415,0.13918065229124366,0.0,1.0,0.0,0.7452000000000001,0.025562878622075853,0.0,0.5685203227577651,0.0,0.0,False
boundary_recovery,66,0.92,0.9,0.9,0.94,0.49468914646996837,0.34136986301369865,0.3283719704952582,0.37837197049525817,0.5053108535300316,0.5640252897787144,1.0568493150684932,0.40798735511064277,0.31338250790305583,0.1468909506797913,0.0,1.0,0.0,0.7452000000000001,0.02663264569944896,0.0,0.5685203227577653,0.0,0.0,False
boundary_recovery,67,0.92,0.9,0.9,0.94,0.4974991218826835,0.3459360730593607,0.3332016157358623,0.3832016157358623,0.5025008781173165,0.567186512118019,1.0796803652968037,0.4064067439409905,0.3195293291183702,0.15460124906833894,0.0,1.0,0.0,0.7452000000000001,0.027727865311800392,0.0,0.5685203227577647,0.0,0.0,False
boundary_recovery,68,0.92,0.9,0.9,0.94,0.5003090972953986,0.35050228310502285,0.33803126097646646,0.38803126097646645,0.4996909027046013,0.5703477344573235,1.1025114155251141,0.4048261327713383,0.3256761503336846,0.16231154745688658,0.0,1.0,0.0,0.7452000000000001,0.028848761329581002,0.0,0.5685203227577655,0.0,0.0,False
boundary_recovery,69,0.92,0.9,0.9,0.94,0.5031190727081138,0.3550684931506849,0.34286090621707066,0.3928609062170706,0.49688092729188615,0.573508956796628,1.1253424657534248,0.40324552160168603,0.3318229715489989,0.17002184584543423,0.0,1.0,0.0,0.7452000000000001,0.029995557182005275,0.0,0.5685203227577651,0.0,0.0,False
boundary_recovery,70,0.92,0.9,0.9,0.94,0.505929048120829,0.35963470319634705,0.3476905514576748,0.39769055145767473,0.49407095187917105,0.5766701791359325,1.1481735159817352,0.40166491043203373,0.33796979276431327,0.17773214423398187,0.0,1.0,0.0,0.7452000000000001,0.03116847585844437,0.0,0.5685203227577653,0.0,0.0,False
boundary_recovery,71,0.92,0.9,0.9,0.94,0.508739023533544,0.3642009132420091,0.3525201966982789,0.4025201966982789,0.4912609764664559,0.579831401475237,1.1710045662100454,0.4000842992623815,0.3441166139796276,0.18544244262252946,0.0,1.0,0.0,0.7452000000000001,0.032367739909807944,0.0,0.5685203227577648,0.0,0.0,False
boundary_recovery,72,0.92,0.9,0.9,0.94,0.5115489989462592,0.36876712328767125,0.35734984193888303,0.407349841938883,0.48845100105374073,0.5829926238145415,1.1938356164383561,0.3985036880927292,0.35026343519494196,0.1931527410110771,0.0,1.0,0.0,0.7452000000000001,0.033593571449921505,0.0,0.5685203227577657,0.0,0.0,False
boundary_recovery,73,0.92,0.9,0.9,0.94,0.5143589743589744,0.3733333333333333,0.36217948717948717,0.41217948717948716,0.4856410256410256,0.5861538461538461,1.2166666666666666,0.39692307692307693,0.35641025641025637,0.20086303939962474,0.0,1.0,0.0,0.7452000000000001,0.034846192156903696,0.0,0.5685203227577647,0.0,0.0,False
boundary_recovery,74,0.92,0.9,0.9,0.94,0.5171689497716895,0.37789954337899545,0.3670091324200913,0.4170091324200913,0.48283105022831047,0.5893150684931506,1.239497716894977,0.3953424657534247,0.36255707762557077,0.20857333778817239,0.0,1.0,0.0,0.7452000000000001,0.03612582327454845,0.0,0.5685203227577655,0.0,0.0,False
boundary_recovery,75,0.92,0.9,0.9,0.94,0.5199789251844046,0.3824657534246575,0.3718387776606955,0.42183877766069544,0.4800210748155953,0.5924762908324552,1.2623287671232877,0.39376185458377244,0.36870389884088506,0.21628363617672,0.0,1.0,0.0,0.7452000000000001,0.03743268561371483,0.0,0.5685203227577651,0.0,0.0,False
boundary_recovery,76,0.92,0.9,0.9,0.94,0.5227889005971198,0.38703196347031965,0.37666842290129965,0.4266684229012996,0.4772110994028802,0.5956375131717597,1.2851598173515981,0.39218124341412014,0.37485072005619946,0.22399393456526764,0.0,1.0,0.0,0.7452000000000001,0.038766999553728185,0.0,0.5685203227577653,0.0,0.0,False
boundary_recovery,77,0.92,0.9,0.9,0.94,0.5255988760098349,0.3915981735159817,0.3814980681419038,0.4314980681419037,0.47440112399016504,0.5987987355110642,1.3079908675799086,0.3906006322444679,0.38099754127151386,0.2317042329538153,0.0,1.0,0.0,0.7452000000000001,0.04012898504379399,0.0,0.5685203227577649,0.0,0.0,False
boundary_recovery,78,0.92,0.9,0.9,0.94,0.52840885142255,0.39616438356164385,0.38632771338250793,0.43632771338250786,0.4715911485774499,0.6019599578503688,1.3308219178082192,0.3890200210748156,0.3871443624868282,0.23941453134236293,0.0,1.0,0.0,0.7452000000000001,0.04151886160442709,0.0,0.5685203227577657,0.0,0.0,False
boundary_recovery,79,0.92,0.9,0.9,0.94,0.5312188268352651,0.4007305936073059,0.3911573586231121,0.44115735862311206,0.4687811731647348,0.6051211801896733,1.3536529680365297,0.38743940990516335,0.39329118370214255,0.24712482973091057,0.0,1.0,0.0,0.7452000000000001,0.042936848328896965,0.0,0.5685203227577648,0.0,0.0,False
boundary_recovery,80,0.92,0.9,0.9,0.94,0.5340288022479803,0.40529680365296805,0.3959870038637162,0.4459870038637162,0.4659711977520196,0.6082824025289778,1.3764840182648401,0.3858587987355111,0.39943800491745696,0.2548351281194582,0.0,1.0,0.0,0.7452000000000001,0.04438316388469079,0.0,0.5685203227577655,0.0,0.0,False
boundary_recovery,81,0.92,0.9,0.9,0.94,0.5368387776606954,0.4098630136986301,0.40081664910432035,0.45081664910432034,0.4631612223393045,0.6114436248682824,1.3993150684931506,0.3842781875658588,0.40558482613277136,0.26254542650800583,0.0,1.0,0.0,0.7452000000000001,0.04585802651499405,0.0,0.5685203227577648,0.0,0.0,False
boundary_recovery,82,0.92,0.9,0.9,0.94,0.5396487530734106,0.41442922374429225,0.4056462943449245,0.4556462943449245,0.46035124692658935,0.6146048472075869,1.4221461187214612,0.38269757639620655,0.41173164734808565,0.2702557248965535,0.0,1.0,0.0,0.7452000000000001,0.04736165404019051,0.0,0.5685203227577655,0.0,0.0,False
boundary_recovery,83,0.92,0.9,0.9,0.94,0.5424587284861258,0.4189954337899543,0.41047593958552864,0.46047593958552857,0.45754127151387425,0.6177660695468914,1.4449771689497715,0.3811169652265543,0.41787846856340005,0.2779660232851011,0.0,1.0,0.0,0.7452000000000001,0.04889426385938012,0.0,0.5685203227577645,0.0,0.0,False
boundary_recovery,84,0.92,0.9,0.9,0.94,0.5452687038988409,0.42356164383561645,0.4153055848261328,0.46530558482613277,0.4547312961011591,0.6209272918861959,1.4678082191780821,0.379536354056902,0.42402528977871434,0.28567632167364876,0.0,1.0,0.0,0.7452000000000001,0.05045607295191659,0.0,0.5685203227577658,0.0,0.0,False
boundary_recovery,85,0.92,0.9,0.9,0.94,0.548078679311556,0.4281278538812785,0.4201352300667369,0.4701352300667369,0.45192132068844393,0.6240885142255005,1.4906392694063926,0.37795574288724976,0.43017211099402874,0.2933866200621964,0.0,1.0,0.0,0.7452000000000001,0.05204729787896299,0.0,0.5685203227577649,0.0,0.0,False
boundary_recovery,86,0.92,0.9,0.9,0.94,0.5508886547242711,0.43269406392694065,0.42496487530734106,0.47496487530734105,0.4491113452757288,0.627249736564805,1.513470319634703,0.3763751317175975,0.43631893220934315,0.30109691845074404,0.0,1.0,0.0,0.7452000000000001,0.053668154785066376,0.0,0.5685203227577653,0.0,0.0,False
boundary_recovery,87,0.92,0.9,0.9,0.94,0.5536986301369863,0.4372602739726027,0.4297945205479452,0.4797945205479452,0.44630136986301366,0.6304109589041096,1.5363013698630135,0.3747945205479452,0.44246575342465744,0.3088072168392917,0.0,1.0,0.0,0.7452000000000001,0.055318859399750044,0.0,0.568520322757765,0.0,0.0,False
boundary_recovery,88,0.92,0.9,0.9,0.94,0.5565086055497014,0.44182648401826485,0.43462416578854934,0.48462416578854933,0.4434913944502985,0.6335721812434141,1.5591324200913241,0.37321390937829296,0.44861257463997184,0.31651751522783933,0.0,1.0,0.0,0.7452000000000001,0.05699962703912365,0.0,0.5685203227577655,0.0,0.0,False
boundary_recovery,89,0.92,0.9,0.9,0.94,0.5593185809624166,0.4463926940639269,0.4394538110291535,0.48945381102915353,0.4406814190375834,0.6367334035827186,1.5819634703196346,0.3716332982086407,0.45475939585528624,0.324227813616387,0.0,1.0,0.0,0.7452000000000001,0.05871067260751032,0.0,0.5685203227577648,0.0,0.0,False
boundary_recovery,90,0.92,0.9,0.9,0.94,0.5621285563751317,0.45095890410958905,0.4442834562697576,0.49428345626975767,0.43787144362486824,0.6398946259220232,1.604794520547945,0.3700526870389884,0.46090621707060053,0.33193811200493456,0.0,1.0,0.0,0.7452000000000001,0.06045221059909014,0.0,0.5685203227577657,0.0,0.0,False
boundary_recovery,91,0.92,0.9,0.9,0.94,0.5649385317878468,0.4555251141552511,0.44911310151036177,0.4991131015103618,0.4350614682121531,0.6430558482613277,1.6276255707762557,0.36847207586933617,0.46705303828591493,0.33964841039348226,0.0,1.0,0.0,0.7452000000000001,0.06222445509955939,0.0,0.5685203227577649,0.0,0.0,False
boundary_recovery,92,0.92,0.9,0.9,0.94,0.5677485072005619,0.46009132420091325,0.45394274675096596,0.503942746750966,0.432251492799438,0.6462170706006323,1.6504566210045661,0.3668914646996839,0.47319985950122934,0.34735870878202985,0.0,1.0,0.0,0.7452000000000001,0.0640276197878049,0.0,0.5685203227577654,0.0,0.0,False
boundary_recovery,93,0.92,0.9,0.9,0.94,0.5705584826132771,0.4646575342465753,0.4587723919915701,0.5087723919915701,0.42944151738672287,0.6493782929399368,1.6732876712328766,0.3653108535300316,0.47934668071654374,0.35506900717057754,0.0,1.0,0.0,0.7452000000000001,0.06586191793759263,0.0,0.5685203227577648,0.0,0.0,False
boundary_recovery,94,0.92,0.9,0.9,0.94,0.5733684580259922,0.46922374429223745,0.46360203723217425,0.5136020372321742,0.42663154197400766,0.6525395152792413,1.6961187214611873,0.3637302423603794,0.48549350193185803,0.3627793055591252,0.0,1.0,0.0,0.7452000000000001,0.06772756241926986,0.0,0.5685203227577658,0.0,0.0,False
boundary_recovery,95,0.92,0.9,0.9,0.94,0.5761784334387073,0.4737899543378995,0.46843168247277833,0.5184316824727784,0.42382156656129255,0.6557007376185457,1.7189497716894975,0.36214963119072713,0.49164032314717243,0.3704896039476727,0.0,1.0,0.0,0.7452000000000001,0.06962476570147995,0.0,0.5685203227577645,0.0,0.0,False
boundary_recovery,96,0.92,0.9,0.9,0.94,0.5789884088514226,0.47835616438356166,0.4732613277133825,0.5232613277133824,0.42101159114857745,0.6588619599578504,1.741780821917808,0.3605690200210748,0.4977871443624867,0.37819990233622036,0.0,1.0,0.0,0.7452000000000001,0.07155373985288943,0.0,0.5685203227577651,0.0,0.0,False
boundary_recovery,97,0.92,0.9,0.9,0.94,0.5817983842641377,0.4829223744292237,0.47809097295398667,0.5280909729539867,0.4182016157358623,0.6620231822971548,1.7646118721461186,0.3589884088514226,0.5039339655778011,0.385910200724768,0.0,1.0,0.0,0.7452000000000001,0.07351469654392573,0.0,0.5685203227577653,0.0,0.0,False
boundary_recovery,98,0.92,0.9,0.9,0.94,0.5846083596768528,0.48748858447488586,0.4829206181945908,0.5329206181945908,0.4153916403231471,0.6651844046364594,1.787442922374429,0.35740779768177033,0.5100807867931155,0.39362049911331565,0.0,1.0,0.0,0.7452000000000001,0.07550784704852591,0.0,0.5685203227577655,0.0,0.0,False
boundary_recovery,99,0.92,0.9,0.9,0.94,0.5874183350895679,0.4920547945205479,0.48775026343519495,0.5377502634351949,0.412581664910432,0.6683456269757639,1.8102739726027395,0.35582718651211803,0.5162276080084298,0.4013307975018633,0.0,1.0,0.0,0.7452000000000001,0.07753340224589433,0.0,0.5685203227577648,0.0,0.0,False
boundary_recovery,100,0.92,0.9,0.9,0.94,0.5902283105022831,0.49662100456621006,0.4925799086757991,0.5425799086757991,0.40977168949771686,0.6715068493150684,1.8331050228310501,0.3542465753424658,0.5223744292237442,0.40904109589041093,0.0,1.0,0.0,0.7452000000000001,0.07959157262226992,0.0,0.5685203227577655,0.0,0.0,False
boundary_recovery,101,0.92,0.9,0.9,0.94,0.5930382859149982,0.5011872146118721,0.49740955391640324,0.5474095539164032,0.4069617140850017,0.6746680716543729,1.8559360730593606,0.3526659641728135,0.5285212504390586,0.4167513942789586,0.0,1.0,0.0,0.7452000000000001,0.08168256827270041,0.0,0.568520322757765,0.0,0.0,False
boundary_recovery,102,0.92,0.9,0.9,0.94,0.5958482613277134,0.5057534246575343,0.5022391991570074,0.5522391991570074,0.4041517386722866,0.6778292939936775,1.878767123287671,0.35108535300316124,0.5346680716543729,0.4244616926675062,0.0,1.0,0.0,0.7452000000000001,0.08380659890282514,0.0,0.5685203227577654,0.0,0.0,False
boundary_recovery,103,0.92,0.9,0.9,0.94,0.5986582367404285,0.5103196347031963,0.5070688443976115,0.5570688443976115,0.40134176325957144,0.680990516332982,1.9015981735159817,0.349504741833509,0.5408148928696873,0.43217199105605386,0.0,1.0,0.0,0.7452000000000001,0.08596387383066331,0.0,0.5685203227577645,0.0,0.0,False
boundary_recovery,104,0.92,0.9,0.9,0.94,0.6014682121531436,0.5148858447488585,0.5118984896382157,0.5618984896382156,0.3985317878468563,0.6841517386722866,1.9244292237442922,0.34792413066385675,0.5469617140850017,0.4398822894446015,0.0,1.0,0.0,0.7452000000000001,0.08815460198840878,0.0,0.5685203227577659,0.0,0.0,False
boundary_recovery,105,0.92,0.9,0.9,0.94,0.6042781875658587,0.5194520547945205,0.5167281348788197,0.5667281348788198,0.3957218124341412,0.6873129610115911,1.9472602739726026,0.34634351949420444,0.5531085353003161,0.44759258783314915,0.0,1.0,0.0,0.7452000000000001,0.09037899192422943,0.0,0.5685203227577644,0.0,0.0,False
boundary_recovery,106,0.92,0.9,0.9,0.94,0.6070881629785739,0.5240182648401827,0.521557780119424,0.571557780119424,0.39291183702142607,0.6904741833508956,1.9700913242009133,0.3447629083245522,0.5592553565156304,0.4553028862216968,0.0,1.0,0.0,0.7452000000000001,0.09263725180407162,0.0,0.5685203227577659,0.0,0.0,False
boundary_recovery,107,0.92,0.9,0.9,0.94,0.609898138391289,0.5285844748858447,0.5263874253600281,0.5763874253600281,0.39010186160871085,0.6936354056902002,1.9929223744292237,0.3431822971548999,0.5654021777309448,0.46301318461024443,0.0,1.0,0.0,0.7452000000000001,0.09492958941346748,0.0,0.568520322757765,0.0,0.0,False
boundary_recovery,108,0.92,0.9,0.9,0.94,0.6127081138040043,0.5331506849315069,0.5312170706006323,0.5812170706006323,0.38729188619599575,0.6967966280295047,2.015753424657534,0.34160168598524765,0.5715489989462592,0.4707234829987921,0.0,1.0,0.0,0.7452000000000001,0.09725621215934668,0.0,0.5685203227577655,0.0,0.0,False
boundary_recovery,109,0.92,0.9,0.9,0.94,0.6155180892167194,0.5377168949771689,0.5360467158412364,0.5860467158412364,0.38448191078328064,0.6999578503688092,2.0385844748858446,0.3400210748155954,0.5776958201615735,0.4784337813873397,0.0,1.0,0.0,0.7452000000000001,0.09961732707184894,0.0,0.5685203227577643,0.0,0.0,False
boundary_recovery,110,0.92,0.9,0.9,0.94,0.6183280646294345,0.5422831050228311,0.5408763610818406,0.5908763610818406,0.38167193537056543,0.7031190727081138,2.0614155251141555,0.3384404636459431,0.5838426413768879,0.48614407977588725,0.0,1.0,0.0,0.7452000000000001,0.10201314080614013,0.0,0.5685203227577661,0.0,0.0,False
boundary_recovery,111,0.92,0.9,0.9,0.94,0.6211380400421497,0.5468493150684932,0.5457060063224448,0.5957060063224447,0.3788619599578503,0.7062802950474183,2.084246575342466,0.3368598524762908,0.5899894625922023,0.4938543781644351,0.0,1.0,0.0,0.7452000000000001,0.10444385964422846,0.0,0.5685203227577658,0.0,0.0,False
boundary_recovery,112,0.92,0.9,0.9,0.94,0.6239480154548648,0.5514155251141553,0.5505356515630488,0.6005356515630489,0.3760519845451352,0.7094415173867228,2.1070776255707764,0.33527924130663855,0.5961362838075166,0.5015646765529826,0.0,1.0,0.0,0.7452000000000001,0.10690968949678199,0.0,0.5685203227577643,0.0,0.0,False
boundary_recovery,113,0.92,0.9,0.9,0.94,0.6267579908675799,0.5559817351598174,0.555365296803653,0.6053652968036529,0.37324200913242006,0.7126027397260274,2.129908675799087,0.3336986301369863,0.602283105022831,0.5092749749415303,0.0,1.0,0.0,0.7452000000000001,0.10941083590494621,0.0,0.5685203227577653,0.0,0.0,False
boundary_recovery,114,0.92,0.9,0.9,0.94,0.629567966280295,0.5605479452054795,0.5601949420442571,0.6101949420442571,0.37043203371970496,0.7157639620653319,2.1527397260273973,0.33211801896733406,0.6084299262381453,0.5169852733300778,0.0,1.0,0.0,0.7452000000000001,0.11194750404216117,0.0,0.5685203227577647,0.0,0.0,False
boundary_recovery,115,0.92,0.9,0.9,0.94,0.6323779416930102,0.5651141552511416,0.5650245872848614,0.6150245872848613,0.3676220583069898,0.7189251844046365,2.1755707762557077,0.3305374077976818,0.6145767474534597,0.5246955717186256,0.0,1.0,0.0,0.7452000000000001,0.11451989871597794,0.0,0.5685203227577661,0.0,0.0,False
boundary_recovery,116,0.92,0.9,0.9,0.94,0.6351879171057253,0.5696803652968037,0.5698542325254654,0.6198542325254655,0.3648120828942747,0.722086406743941,2.198401826484018,0.32895679662802957,0.620723568668774,0.5324058701071731,0.0,1.0,0.0,0.7452000000000001,0.11712822436987348,0.0,0.5685203227577643,0.0,0.0,False
boundary_recovery,117,0.92,0.9,0.9,0.94,0.6379978925184404,0.5742465753424658,0.5746838777660697,0.6246838777660696,0.3620021074815595,0.7252476290832455,2.221232876712329,0.32737618545837727,0.6268703898840885,0.5401161684957209,0.0,1.0,0.0,0.7452000000000001,0.11977268508506428,0.0,0.5685203227577662,0.0,0.0,False
boundary_recovery,118,0.92,0.9,0.9,0.94,0.6408078679311555,0.5788127853881279,0.5795135230066737,0.6295135230066737,0.35919213206884437,0.72840885142255,2.244063926940639,0.325795574288725,0.6330172110994028,0.5478264668842684,0.0,1.0,0.0,0.7452000000000001,0.12245348458231704,0.0,0.5685203227577643,0.0,0.0,False
boundary_recovery,119,0.92,0.9,0.9,0.94,0.6436178433438707,0.58337899543379,0.5843431682472779,0.6343431682472779,0.3563821566561292,0.7315700737618546,2.26689497716895,0.3242149631190727,0.6391640323147172,0.5555367652728161,0.0,1.0,0.0,0.7452000000000001,0.12517082622375728,0.0,0.568520322757766,0.0,0.0,False
boundary_recovery,120,0.92,0.9,0.9,0.94,0.6464278187565858,0.5879452054794521,0.589172813487882,0.639172813487882,0.3535721812434141,0.7347312961011591,2.28972602739726,0.3226343519494205,0.6453108535300315,0.5632470636613637,0.0,1.0,0.0,0.7452000000000001,0.12792491301467437,0.0,0.5685203227577643,0.0,0.0,False
boundary_recovery,121,0.92,0.9,0.9,0.94,0.649237794169301,0.593300717547293,0.594576496562798,0.644361232374931,0.3497576396206533,0.7378925184404637,2.312557077625571,0.3210537407797682,0.651457674745346,0.5716749093428012,0.0029137035006494903,1.0,0.0,0.7452000000000001,0.13101210760713913,0.0029137034977357867,0.5800453366913795,0.00010140480758178026,0.0403378933744517,False
boundary_recovery,122,0.92,0.9,0.9,0.94,0.6520477695820162,0.5993020221787345,0.6004498469566962,0.649843193336344,0.34512118018967336,0.7410537407797682,2.3353881278538813,0.319473129610116,0.6576044959606603,0.5806898391729665,0.008291544156132145,1.0,0.0,0.7452000000000001,0.13439101031624665,0.0082915441478406,0.5894109796242463,0.0003885481486534583,0.0613574510546035,False
boundary_recovery,123,0.92,0.9,0.9,0.94,0.6548577449947313,0.6053033268101762,0.6063231973505947,0.6553251542977571,0.3404847207586933,0.7442149631190726,2.358219178082192,0.3178925184404636,0.6637513171759747,0.589704769003132,0.013774154399062466,1.0,0.0,0.7452000000000001,0.13782317720089712,0.01377415438528831,0.5894109796242485,0.0008523535295179561,0.07688957546409969,False
boundary_recovery,124,0.92,0.9,0.9,0.94,0.6576677204074464,0.6113046314416177,0.612196547744493,0.66080711525917,0.3358482613277134,0.7473761854583771,2.381050228310502,0.3163119072708114,0.669898138391289,0.5987196988332972,0.019363049983888426,1.0,0.0,0.7452000000000001,0.14130894102824412,0.019363049964525373,0.589410979624246,0.001485979972633126,0.09002643484797089,False
boundary_recovery,125,0.92,0.9,0.9,0.94,0.6604776958201616,0.6173059360730594,0.6180698981383914,0.6662890762205832,0.3312118018967333,0.7505374077976817,2.403881278538813,0.31473129610115913,0.6760449596066035,0.6077346286634627,0.02505974666505854,1.0,0.0,0.7452000000000001,0.1448486338749551,0.02505974663999879,0.5894109796242485,0.0022830505632481677,0.10172605681741294,False
boundary_recovery,126,0.92,0.9,0.9,0.94,0.6632876712328767,0.6233072407045009,0.6239432485322896,0.671771037181996,0.3265753424657534,0.7536986301369862,2.426712328767123,0.3131506849315069,0.6821917808219178,0.616749558493628,0.03086576019702076,1.0,0.0,0.7452000000000001,0.148442587133994,0.030865760166155,0.5894109796242455,0.0032376246056361035,0.11244753583330216,False
boundary_recovery,127,0.92,0.9,0.9,0.94,0.6660976466455919,0.6293085453359426,0.629816598926188,0.6772529981434092,0.3219388830347734,0.7568598524762908,2.449543378995434,0.3115700737618546,0.6883386020372322,0.6257644883237934,0.036782606334223616,1.0,0.0,0.7452000000000001,0.15209113152122553,0.036782606297441005,0.5894109796242484,0.004344171449952402,0.12245357276950228,False
boundary_recovery,128,0.92,0.9,0.9,0.94,0.668907622058307,0.6353098499673842,0.6356899493200863,0.6827349591048221,0.31730242360379346,0.7600210748155953,2.4723744292237444,0.30998946259220234,0.6944854232525465,0.6347794181539587,0.04281180083111507,1.0,0.0,0.7452000000000001,0.15579459708184776,0.04281180078830327,0.589410979624246,0.005597545889481971,0.13191111505588068,False
boundary_recovery,129,0.92,0.9,0.9,0.94,0.6717175974710221,0.6413111545988259,0.6415632997139847,0.6882169200662352,0.31266596417281345,0.7631822971548998,2.4952054794520553,0.30840885142255003,0.7006322444678609,0.6437943479841243,0.048954859442143644,1.0,0.0,0.7452000000000001,0.1595533131966624,0.048954859393188783,0.589410979624249,0.006992965034051459,0.14093399619458885,False
boundary_recovery,130,0.92,0.9,0.9,0.94,0.6745275728837372,0.6473124592302675,0.6474366501078829,0.6936988810276481,0.30802950474183355,0.7663435194942043,2.5180365296803653,0.3068282402528978,0.7067790656831752,0.6528092778142895,0.05521329792175726,1.0,0.0,0.7452000000000001,0.16336760858818924,0.05521329786654396,0.5894109796242455,0.008525986571036667,0.14960388339486047,True
boundary_recovery,131,0.92,0.9,0.9,0.94,0.6773375482964524,0.6533137638617091,0.6533100005017813,0.6991808419890613,0.3033930453108535,0.769504741833509,2.540867579908676,0.30524762908324554,0.7129258868984897,0.6618242076444549,0.06158863202440448,1.0,0.0,0.7452000000000001,0.16723781132663262,0.061588631962815846,0.5894109796242485,0.010192488330709702,0.15798167296892396,True
boundary_recovery,132,0.92,0.9,0.9,0.94,0.6801475237091675,0.6593150684931507,0.6591833508956796,0.7046628029504741,0.2987565858798735,0.7726659641728135,2.5636986301369866,0.3036670179135933,0.719072708113804,0.6708391374746202,0.06808237750453326,1.0,0.0,0.7452000000000001,0.17116424883570527,0.06808237743645087,0.589410979624246,0.01198864907766509,0.1661141733147824,True
boundary_recovery,133,0.92,0.9,0.9,0.94,0.6829574991218827,0.6653163731245924,0.6650567012895781,0.7101447639118873,0.2941201264488935,0.775827186512118,2.586529680365297,0.302086406743941,0.7252195293291184,0.6798540673047858,0.07469605011659212,1.0,0.0,0.7452000000000001,0.17514724789831768,0.07469605004189607,0.5894109796242484,0.013910930454760535,0.1740382583265715,True
boundary_recovery,134,0.92,0.9,0.9,0.94,0.6857674745345979,0.6713176777560339,0.6709300516834763,0.7156267248733001,0.2894836670179136,0.7789884088514225,2.6093607305936075,0.30050579557428875,0.7313663505444327,0.6888689971349511,0.081431165615029,1.0,0.0,0.7452000000000001,0.1791871346621367,0.08143116553359783,0.5894109796242458,0.015956060010421023,0.18178357091628086,True
boundary_recovery,135,0.92,0.9,0.9,0.94,0.688577449947313,0.6773189823874756,0.6768034020773748,0.7211086858347133,0.28484720758693355,0.782149631190727,2.6321917808219184,0.29892518440463645,0.7375131717597472,0.6978839269651165,0.08828923975429243,1.0,0.0,0.7452000000000001,0.18328423464502103,0.08828923966600317,0.5894109796242486,0.0181210152443049,0.18937435061371222,True
boundary_recovery,136,0.92,0.9,0.9,0.94,0.6913874253600281,0.6833202870189171,0.682676752471273,0.7265906467961262,0.28021074815595365,0.7853108535300315,2.6550228310502284,0.2973445732349842,0.7436599929750615,0.7068988567952817,0.09527178828883034,1.0,0.0,0.7452000000000001,0.18743887274033683,0.09527178819355855,0.5894109796242458,0.020403008610229742,0.19683070862612256,True
boundary_recovery,137,0.92,0.9,0.9,0.94,0.6941974007727432,0.6893215916503588,0.6885501028651714,0.7320726077575394,0.27557428872497364,0.7884720758693361,2.677853881278539,0.29576396206533195,0.7498068141903758,0.715913786625447,0.10238032697309131,1.0,0.0,0.7452000000000001,0.1916513732221605,0.10238032687071097,0.5894109796242479,0.022799473418922946,0.20416954150491326,True
boundary_recovery,138,0.92,0.9,0.9,0.94,0.6970073761854583,0.6953228962818003,0.6944234532590696,0.7375545687189522,0.2709378292939937,0.7916332982086406,2.7006849315068493,0.2941833508956797,0.75595363540569,0.7249287164556123,0.10961637156152325,1.0,0.0,0.7452000000000001,0.1959220597503709,0.10961637145190686,0.589410979624246,0.025308050586606987,0.21140520105181562,True
boundary_recovery,139,0.92,0.9,0.9,0.94,0.6998173515981735,0.7013242009132421,0.7002968036529681,0.7430365296803654,0.26630136986301367,0.7947945205479452,2.72351598173516,0.2926027397260274,0.7621004566210046,0.7339436462857779,0.11698143780857474,1.0,0.0,0.7452000000000001,0.20025125537563826,0.11698143769159329,0.589410979624249,0.027926576178669872,0.21854999538936656,True
boundary_recovery,140,0.92,0.9,0.9,0.94,0.7026273270108886,0.7073255055446837,0.7061701540468662,0.7485184906417782,0.26166491043203377,0.7979557428872497,2.74634703196347,0.29102212855637516,0.7682472778363189,0.7429585761159432,0.12447704146869362,1.0,0.0,0.7452000000000001,0.20463928254431102,0.12447704134421657,0.5894109796242455,0.030653069700715026,0.22561457035814464,True
boundary_recovery,141,0.92,0.9,0.9,0.94,0.7054373024236038,0.7133268101761253,0.7120435044407647,0.7540004516031914,0.25702845100105365,0.8011169652265542,2.769178082191781,0.28944151738672286,0.7743940990516333,0.7519735059461086,0.13210469829632857,1.0,0.0,0.7452000000000001,0.20908646310320725,0.13210469816422385,0.5894109796242488,0.033485723092148575,0.23260820434759016,True
boundary_recovery,142,0.92,0.9,0.9,0.94,0.7082472778363189,0.7193281148075669,0.7179168548346629,0.7594824125646042,0.25239199157007375,0.8042781875658587,2.792009132420091,0.2878609062170706,0.7805409202669475,0.7609884357762738,0.13986592404592738,1.0,0.0,0.7452000000000001,0.21359311830431188,0.13986592390606145,0.5894109796242458,0.03642289038015097,0.2395390393710686,True
boundary_recovery,143,0.92,0.9,0.9,0.94,0.711057253249034,0.7253294194390085,0.7237902052285614,0.7649643735260174,0.24775553213909374,0.8074394099051633,2.814840182648402,0.28628029504741836,0.7866877414822621,0.7700033656064394,0.14776223447193876,1.0,0.0,0.7452000000000001,0.21815956880938606,0.1477622343241765,0.5894109796242483,0.039463077954410744,0.24641426442452277,True
boundary_recovery,144,0.92,0.9,0.9,0.94,0.7138672286617491,0.7313307240704501,0.7296635556224597,0.7704463344874303,0.2431190727081138,0.8106006322444678,2.8376712328767124,0.2846996838777661,0.7928345626975764,0.7790182954366047,0.15579514532881047,1.0,0.0,0.7452000000000001,0.2227861346944887,0.15579514517301532,0.5894109796242459,0.042604935425373816,0.25324026261368643,True
boundary_recovery,145,0.92,0.9,0.9,0.94,0.7166772040744643,0.7373320287018917,0.7355369060163581,0.7759282954488435,0.2384826132771338,0.8137618545837724,2.8605022831050233,0.2831190727081138,0.7989813839128908,0.7880332252667701,0.16396617237099123,1.0,0.0,0.7452000000000001,0.22747313545441744,0.16396617220702506,0.5894109796242484,0.04584724703099823,0.26002273040938656,True
boundary_recovery,146,0.92,0.9,0.9,0.94,0.7194871794871794,0.7433333333333333,0.7414102564102563,0.7814102564102563,0.23384615384615387,0.8169230769230769,2.8833333333333333,0.28153846153846157,0.805128205128205,0.7970481550969354,0.1722768313529288,1.0,0.0,0.7452000000000001,0.23222089000706708,0.17227683118065196,0.5894109796242456,0.04918892355910327,0.26676677520627534,True
boundary_recovery,147,0.92,0.9,0.9,0.94,0.7222971548998947,0.749334637964775,0.7472836068041547,0.7868922173716695,0.22920969441517386,0.8200842992623814,2.906164383561644,0.27995785036880927,0.8112750263435194,0.8060630849271009,0.18072863802907185,1.0,0.0,0.7452000000000001,0.237029716697714,0.1807286378483432,0.5894109796242484,0.052628994754377954,0.27347699580871804,True
boundary_recovery,148,0.92,0.9,0.9,0.94,0.7251071303126098,0.7553359425962165,0.753156957198053,0.7923741783330823,0.2245732349841939,0.8232455216016858,2.928995433789954,0.278377239199157,0.8174218475588337,0.8150780147572663,0.18932310815386827,1.0,0.0,0.7452000000000001,0.24189993330322404,0.18932310796454516,0.589410979624246,0.05616660218096864,0.2801575493486025,True
boundary_recovery,149,0.92,0.9,0.9,0.94,0.7279171057253249,0.7613372472276582,0.7590303075919514,0.7978561392944954,0.2199367755532139,0.8264067439409905,2.9518264840182646,0.2767966280295048,0.8235686687741481,0.8240929445874317,0.1980617574817666,1.0,0.0,0.7452000000000001,0.24683185703619012,0.19806175728370484,0.589410979624248,0.05980099251331183,0.2868122073218439,True
boundary_recovery,150,0.92,0.9,0.9,0.94,0.73072708113804,0.7673385518590997,0.7649036579858497,0.8033381002559083,0.21530031612223396,0.8295679662802949,2.974657534246575,0.27521601685985253,0.8297154899894624,0.8331078744175969,0.20694610176721473,1.0,0.0,0.7452000000000001,0.25182580454900044,0.2069461015602686,0.589410979624246,0.06353151122951652,0.2934444028247349,True
boundary_recovery,151,0.92,0.9,0.9,0.94,0.7335370565507553,0.7733398564905415,0.7707770083797483,0.8088200612173216,0.21066385669125384,0.8327291886195995,2.9974885844748864,0.2736354056902002,0.835862311204777,0.8421228042477626,0.21597765676466138,1.0,0.0,0.7452000000000001,0.2568820919378395,0.2159776565486837,0.5894109796242502,0.06735759668314409,0.30005727061775067,True
boundary_recovery,152,0.92,0.9,0.9,0.94,0.7363470319634704,0.779341161121983,0.7766503587736465,0.8143020221787345,0.20602739726027391,0.835890410958904,3.020319634703197,0.2720547945205479,0.8420091324200913,0.8511377340779279,0.22515793822855426,1.0,0.0,0.7452000000000001,0.2620010347466247,0.2251579380033963,0.5894109796242459,0.07127877453068086,0.30665368130103365,True
boundary_recovery,153,0.92,0.9,0.9,0.94,0.7391570073761855,0.7853424657534246,0.7825237091675448,0.8197839831401476,0.20139093782929396,0.8390516332982085,3.043150684931507,0.2704741833508957,0.8481559536354056,0.8601526639080932,0.23448846191334202,1.0,0.0,0.7452000000000001,0.26718294797088116,0.23448846167885354,0.5894109796242465,0.07529465249336295,0.31323627062328435,True
boundary_recovery,154,0.92,0.9,0.9,0.94,0.74,0.7881474233529028,0.7850163078930202,0.8218851924331376,0.1987214611872146,0.84,3.0500000000000003,0.27,0.85,0.8637703848662752,0.24237412915851267,1.0,0.0,0.7452000000000001,0.2693331805643625,0.24237412891613852,0.5420155055544033,0.0786592055048285,0.31405240145839575,True
boundary_recovery,155,0.92,0.9,0.9,0.94,0.74,0.7895825179386823,0.7860600130463145,0.8225375081539466,0.19689497716894971,0.84,3.0500000000000003,0.27,0.85,0.865075016307893,0.24959839530332686,1.0,0.0,0.7452000000000001,0.2701674157104141,0.24959839505372844,0.5214154615267245,0.08174832091573495,0.31613619608589666,True
boundary_recovery,156,0.92,0.9,0.9,0.94,0.74,0.7910176125244618,0.7871037181996086,0.8231898238747554,0.19506849315068492,0.84,3.0500000000000003,0.27,0.85,0.8663796477495107,0.2568226614481408,1.0,0.0,0.7452000000000001,0.2710027129089526,0.25682266119131814,0.5214154615267235,0.08487810004572639,0.31998912786892525,True
boundary_recovery,157,0.92,0.9,0.9,0.94,0.74,0.7924527071102413,0.7881474233529028,0.8238421395955643,0.19324200913242004,0.84,3.0500000000000003,0.27,0.85,0.8676842791911284,0.26404692759295506,1.0,0.0,0.7452000000000001,0.27183907158156556,0.2640469273289081,0.5214154615267245,0.08804610307165778,0.3237922959767047,True
boundary_recovery,158,0.92,0.9,0.9,0.94,0.74,0.7938878016960208,0.789191128506197,0.8244944553163731,0.19141552511415522,0.84,3.0500000000000003,0.27,0.85,0.8689889106327462,0.27127119373776903,1.0,0.0,0.7452000000000001,0.27267649115120274,0.2712711934664978,0.5214154615267239,0.09125003655977265,0.32754684020292957,True
boundary_recovery,159,0.92,0.9,0.9,0.94,0.74,0.7953228962818004,0.7902348336594912,0.825146771037182,0.18958904109589036,0.84,3.0500000000000003,0.27,0.85,0.8702935420743639,0.2784954598825832,1.0,0.0,0.7452000000000001,0.27351497104217076,0.27849545960408767,0.5214154615267249,0.09448774468234006,0.33125391462344,True
boundary_recovery,160,0.92,0.9,0.9,0.94,0.74,0.7967579908675799,0.7912785388127854,0.8257990867579909,0.18776255707762554,0.84,3.0500000000000003,0.27,0.85,0.8715981735159817,0.2857197260273972,1.0,0.0,0.7452000000000001,0.27435451068012756,0.2857197257416775,0.5214154615267239,0.0977572009612928,0.33491467860973745,True
boundary_recovery,161,0.92,0.9,0.9,0.94,0.74,0.7981930854533594,0.7923222439660795,0.8264514024787998,0.1859360730593607,0.84,3.0500000000000003,0.27,0.85,0.8729028049575994,0.29294399217221134,1.0,0.0,0.7452000000000001,0.275195109492077,0.29294399187926734,0.521415461526724,0.10105650050724777,0.3385302894608786,True
boundary_recovery,162,0.92,0.9,0.9,0.94,0.74,0.7996281800391389,0.7933659491193737,0.8271037181996086,0.18410958904109587,0.84,3.0500000000000003,0.27,0.85,0.8742074363992172,0.30016825831702537,1.0,0.0,0.7452000000000001,0.2760367669063627,0.3001682580168571,0.5214154615267239,0.10438385272418484,0.34210189640847366,True
boundary_recovery,163,0.92,0.9,0.9,0.94,0.74,0.8010632746249184,0.794409654272668,0.8277560339204175,0.18228310502283102,0.84,3.0500000000000003,0.27,0.85,0.8755120678408349,0.3073925244618395,1.0,0.0,0.7452000000000001,0.2768794823526632,0.30739252415444696,0.5214154615267242,0.10773757445184508,0.3456306357820433,True
boundary_recovery,164,0.92,0.9,0.9,0.94,0.74,0.802498369210698,0.7954533594259622,0.8284083496412263,0.18045662100456616,0.84,3.0500000000000003,0.27,0.85,0.8768166992824526,0.31461679060665354,1.0,0.0,0.7452000000000001,0.2777232552619859,0.3146167902920367,0.521415461526724,0.1111160835195851,0.3491176271515141,True
boundary_recovery,165,0.92,0.9,0.9,0.94,0.74,0.8039334637964775,0.7964970645792564,0.8290606653620353,0.1786301369863013,0.84,3.0500000000000003,0.27,0.85,0.8781213307240704,0.3218410567514677,1.0,0.0,0.7452000000000001,0.2785680850666619,0.32184105642962657,0.5214154615267242,0.11451789268700012,0.3525639702899806,True
boundary_recovery,166,0.92,0.9,0.9,0.94,0.74,0.805368558382257,0.7975407697325505,0.8297129810828441,0.17680365296803652,0.84,3.0500000000000003,0.27,0.85,0.8794259621656881,0.32906532289628176,1.0,0.0,0.7452000000000001,0.27941397120034034,0.32906532256721643,0.5214154615267235,0.11794160394810962,0.355970742822974,True
boundary_recovery,167,0.92,0.9,0.9,0.94,0.74,0.8068036529680365,0.7985844748858447,0.830365296803653,0.17497716894977167,0.84,3.0500000000000003,0.27,0.85,0.8807305936073059,0.3362895890410959,1.0,0.0,0.7452000000000001,0.2802609130979833,0.3362895887048063,0.5214154615267242,0.12138590317729198,0.35933899845061407,True
boundary_recovery,168,0.92,0.9,0.9,0.94,0.74,0.808238747553816,0.7996281800391389,0.8310176125244618,0.17315068493150682,0.84,3.0500000000000003,0.27,0.85,0.8820352250489236,0.34351385518590993,1.0,0.0,0.7452000000000001,0.28110891019586015,0.34351385484239605,0.521415461526724,0.12484955509646278,0.36266976564636033,True
boundary_recovery,169,0.92,0.9,0.9,0.94,0.74,0.8096738421395956,0.8006718851924332,0.8316699282452708,0.17132420091324196,0.84,3.0500000000000003,0.27,0.85,0.8833398564905414,0.35073812133072413,1.0,0.0,0.7452000000000001,0.2819579619315424,0.35073812097998597,0.5214154615267249,0.12833139854422276,0.3659640467509849,True
boundary_recovery,170,0.92,0.9,0.9,0.94,0.74,0.8111089367253751,0.8017155903457274,0.8323222439660796,0.16949771689497714,0.84,3.0500000000000003,0.27,0.85,0.8846444879321591,0.3579623874755381,1.0,0.0,0.7452000000000001,0.28280806774389805,0.35796238711757566,0.5214154615267239,0.1318303420288565,0.36922281739309315,True
boundary_recovery,171,0.92,0.9,0.9,0.94,0.74,0.8125440313111546,0.8027592954990215,0.8329745596868885,0.1676712328767123,0.84,3.0500000000000003,0.27,0.85,0.8859491193737768,0.3651866536203523,1.0,0.0,0.7452000000000001,0.28365922707308683,0.36518665325516564,0.521415461526724,0.1353453595481516,0.3724470261783556,True
boundary_recovery,172,0.92,0.9,0.9,0.94,0.74,0.8139791258969341,0.8038030006523157,0.8336268754076973,0.16584474885844747,0.84,3.0500000000000003,0.27,0.85,0.8872537508153946,0.37241091976516627,1.0,0.0,0.7452000000000001,0.28451143936055445,0.37241091939275534,0.5214154615267239,0.1388754866600284,0.37563759459878554,True
boundary_recovery,173,0.92,0.9,0.9,0.94,0.74,0.8154142204827136,0.8048467058056099,0.8342791911285062,0.16401826484018261,0.84,3.0500000000000003,0.27,0.85,0.8885583822570123,0.37963518590998047,1.0,0.0,0.7452000000000001,0.2853647040490279,0.37963518553034525,0.5214154615267242,0.14241981678893204,0.3787954171211975,True
boundary_recovery,174,0.92,0.9,0.9,0.94,0.74,0.8168493150684931,0.8058904109589041,0.834931506849315,0.16219178082191776,0.84,3.0500000000000003,0.27,0.85,0.8898630136986301,0.38685945205479444,1.0,0.0,0.7452000000000001,0.28621902058250975,0.38685945166793495,0.521415461526724,0.1459774977538408,0.38192136142054806,True
boundary_recovery,175,0.92,0.9,0.9,0.94,0.74,0.8182844096542726,0.8069341161121983,0.835583822570124,0.1603652968036529,0.84,3.0500000000000003,0.27,0.85,0.8911676451402478,0.3940837181996087,1.0,0.0,0.7452000000000001,0.2870743884062732,0.3940837178055249,0.5214154615267242,0.14954772850459447,0.38501626872943145,True
boundary_recovery,176,0.92,0.9,0.9,0.94,0.74,0.8197195042400521,0.8079778212654924,0.8362361382909328,0.15853881278538812,0.84,3.0500000000000003,0.27,0.85,0.8924722765818656,0.40130798434442266,1.0,0.0,0.7452000000000001,0.28793080696685697,0.4013079839431146,0.5214154615267235,0.15312975605404228,0.38808095427968936,True
boundary_recovery,177,0.92,0.9,0.9,0.94,0.74,0.8211545988258316,0.8090215264187867,0.8368884540117417,0.15671232876712324,0.84,3.0500000000000003,0.27,0.85,0.8937769080234833,0.40853225048923686,1.0,0.0,0.7452000000000001,0.2887882757120604,0.4085322500807046,0.5214154615267245,0.15672287259426262,0.39111620781605533,True
boundary_recovery,178,0.92,0.9,0.9,0.94,0.74,0.8225896934116111,0.8100652315720809,0.8375407697325505,0.15488584474885841,0.84,3.0500000000000003,0.27,0.85,0.895081539465101,0.4157565166340509,1.0,0.0,0.7452000000000001,0.28964679409093785,0.41575651621829435,0.5214154615267239,0.16032641278580914,0.3941227941650829,True
boundary_recovery,179,0.92,0.9,0.9,0.94,0.74,0.8240247879973908,0.8111089367253751,0.8381930854533595,0.15305936073059356,0.84,3.0500000000000003,0.27,0.85,0.8963861709067188,0.422980782778865,1.0,0.0,0.7452000000000001,0.2905063615537942,0.4229807823558842,0.5214154615267249,0.1639397512096023,0.3971014538454266,True
boundary_recovery,180,0.92,0.9,0.9,0.94,0.74,0.8254598825831703,0.8121526418786693,0.8388454011741684,0.15123287671232874,0.84,3.0500000000000003,0.27,0.85,0.8976908023483365,0.43020504892367906,1.0,0.0,0.7452000000000001,0.2913669775521798,0.43020504849347396,0.5214154615267241,0.16756229997170724,0.40005290370789603,True
boundary_recovery,181,0.92,0.9,0.9,0.94,0.74,0.8268949771689498,0.8131963470319634,0.8394977168949772,0.1494063926940639,0.84,3.0500000000000003,0.27,0.85,0.8989954337899543,0.4374293150684932,1.0,0.0,0.7452000000000001,0.29222864153888456,0.4374293146310638,0.5214154615267238,0.17119350645182527,0.40297783759571,True
boundary_recovery,182,0.92,0.9,0.9,0.94,0.74,0.8283300717547293,0.8142400521852576,0.840150032615786,0.14757990867579907,0.84,3.0500000000000003,0.27,0.85,0.900300065231572,0.4446535812133072,1.0,0.0,0.7452000000000001,0.29309135296793465,0.44465358076865363,0.5214154615267239,0.1748328511868756,0.40587692701703876,True
boundary_recovery,183,0.92,0.9,0.9,0.94,0.74,0.8297651663405088,0.8152837573385519,0.840802348336595,0.14575342465753421,0.84,3.0500000000000003,0.27,0.85,0.9016046966731898,0.4518778473581214,1.0,0.0,0.7452000000000001,0.2939551112945862,0.45187784690624355,0.5214154615267242,0.17847984588156235,0.4087508218233386,True
boundary_recovery,184,0.92,0.9,0.9,0.94,0.74,0.8312002609262883,0.8163274624918461,0.8414546640574039,0.14392694063926936,0.84,3.0500000000000003,0.27,0.85,0.9029093281148075,0.45910211350293545,1.0,0.0,0.7452000000000001,0.2948199159753208,0.4591021130438333,0.5214154615267242,0.1821340315383073,0.41160015088816476,True
boundary_recovery,185,0.92,0.9,0.9,0.94,0.74,0.8326353555120678,0.8173711676451403,0.8421069797782127,0.1421004566210045,0.84,3.0500000000000003,0.27,0.85,0.9042139595564253,0.4663263796477496,1.0,0.0,0.7452000000000001,0.29568576646784117,0.46632637918142317,0.521415461526724,0.1857949766993869,0.414425522782143,True
boundary_recovery,186,0.92,0.9,0.9,0.94,0.74,0.8340704500978473,0.8184148727984344,0.8427592954990215,0.14027397260273972,0.84,3.0500000000000003,0.27,0.85,0.905518590998043,0.4735506457925636,1.0,0.0,0.7452000000000001,0.2965526622310653,0.4735506453190129,0.5214154615267235,0.18946227579454114,0.41722752644061234,True
boundary_recovery,187,0.92,0.9,0.9,0.94,0.74,0.8355055446836268,0.8194585779517286,0.8434116112198304,0.13844748858447484,0.84,3.0500000000000003,0.27,0.85,0.9068232224396607,0.48077491193737776,1.0,0.0,0.7452000000000001,0.2974206027251224,0.4807749114566028,0.5214154615267245,0.19313554758772553,0.42000673182115467,True
boundary_recovery,188,0.92,0.9,0.9,0.94,0.74,0.8369406392694063,0.8205022831050228,0.8440639269406394,0.13662100456621,0.84,3.0500000000000003,0.27,0.85,0.9081278538812785,0.4879991780821918,1.0,0.0,0.7452000000000001,0.29828958741134803,0.4879991775941926,0.5214154615267241,0.19681443371705823,0.4227636905488076,True
boundary_recovery,189,0.92,0.9,0.9,0.94,0.74,0.8383757338551859,0.821545988258317,0.8447162426614482,0.13479452054794513,0.84,3.0500000000000003,0.27,0.85,0.9094324853228962,0.495223444227006,1.0,0.0,0.7452000000000001,0.29915961575227906,0.4952234437317825,0.5214154615267248,0.2004985973223704,0.42549893654725424,True
boundary_recovery,190,0.92,0.9,0.9,0.94,0.74,0.8398108284409654,0.8225896934116113,0.845368558382257,0.13296803652968034,0.84,3.0500000000000003,0.27,0.85,0.910737116764514,0.50244771037182,1.0,0.0,0.7452000000000001,0.3000306872116491,0.5024477098693723,0.5214154615267238,0.20418772175510322,0.42821298665468327,True
boundary_recovery,191,0.92,0.9,0.9,0.94,0.74,0.841245923026745,0.8236333985649054,0.8460208741030659,0.13114155251141546,0.84,3.0500000000000003,0.27,0.85,0.9120417482061317,0.5096719765166342,1.0,0.0,0.7452000000000001,0.30090280125438384,0.5096719760069622,0.5214154615267241,0.20788150936561148,0.4309063412233628,True
boundary_recovery,192,0.92,0.9,0.9,0.94,0.74,0.8426810176125245,0.8246771037181996,0.8466731898238748,0.12931506849315066,0.84,3.0500000000000003,0.27,0.85,0.9133463796477495,0.5168962426614481,1.0,0.0,0.7452000000000001,0.3017759573465962,0.5168962421445518,0.521415461526724,0.2115796803632286,0.4335794847022453,True
boundary_recovery,193,0.92,0.9,0.9,0.94,0.74,0.844116112198304,0.8257208088714938,0.8473255055446837,0.12748858447488579,0.84,3.0500000000000003,0.27,0.85,0.9146510110893672,0.5241205088062624,1.0,0.0,0.7452000000000001,0.30265015495558195,0.5241205082821419,0.5214154615267241,0.21528197174472813,0.43623288620216677,True
boundary_recovery,194,0.92,0.9,0.9,0.94,0.74,0.8455512067840835,0.826764514024788,0.8479778212654925,0.12566210045662096,0.84,3.0500000000000003,0.27,0.85,0.9159556425309849,0.5313447749510762,1.0,0.0,0.7452000000000001,0.3035253935498147,0.5313447744197314,0.5214154615267239,0.21898813628707708,0.4388670000433837,True
boundary_recovery,195,0.92,0.9,0.9,0.94,0.74,0.846986301369863,0.8278082191780822,0.8486301369863014,0.12383561643835611,0.84,3.0500000000000003,0.27,0.85,0.9172602739726027,0.5385690410958905,1.0,0.0,0.7452000000000001,0.30440167259894185,0.5385690405573215,0.5214154615267242,0.22269794160062448,0.4414822662853636,True
boundary_recovery,196,0.92,0.9,0.9,0.94,0.74,0.8484213959556425,0.8288519243313763,0.8492824527071103,0.12200913242009129,0.84,3.0500000000000003,0.27,0.85,0.9185649054142204,0.5457933072407044,1.0,0.0,0.7452000000000001,0.30527899157377936,0.5457933066949111,0.5214154615267239,0.22641116923909843,0.44407911123886495,True
boundary_recovery,197,0.92,0.9,0.9,0.94,0.74,0.8498564905414221,0.8298956294846705,0.8499347684279192,0.12018264840182644,0.84,3.0500000000000003,0.27,0.85,0.9198695368558382,0.5530175733855187,1.0,0.0,0.7452000000000001,0.30615734994630767,0.5530175728325011,0.5214154615267247,0.23012761386300337,0.44665794796045627,True
boundary_recovery,198,0.92,0.9,0.9,0.94,0.74,0.85,0.83,0.8500000000000001,0.11999999999999994,0.84,3.0500000000000003,0.27,0.85,0.9199999999999999,0.5537400000000001,1.0,0.0,0.7452000000000001,0.3062452429301393,0.5537399994462601,0.5021428440234198,0.2330033517215115,0.4451179882844718,True
boundary_recovery,199,0.92,0.9,0.9,0.94,0.74,0.85,0.83,0.8500000000000001,0.11999999999999994,0.84,3.0500000000000003,0.27,0.85,0.9199999999999999,0.5537400000000001,1.0,0.0,0.7452000000000001,0.3062452429301393,0.5537399994462601,0.5,0.2356353506016086,0.4455826745503687,True
boundary_recovery,200,0.92,0.9,0.9,0.94,0.74,0.85,0.83,0.8500000000000001,0.11999999999999994,0.84,3.0500000000000003,0.27,0.85,0.9199999999999999,0.5537400000000001,1.0,0.0,0.7452000000000001,0.3062452429301393,0.5537399994462601,0.5,0.23810942954889988,0.4462813297096843,True
boundary_recovery,201,0.92,0.9,0.9,0.94,0.74,0.85,0.83,0.8500000000000001,0.11999999999999994,0.84,3.0500000000000003,0.27,0.85,0.9199999999999999,0.5537400000000001,1.0,0.0,0.7452000000000001,0.3062452429301393,0.5537399994462601,0.5,0.2404350637593537,0.44693246180891444,True
boundary_recovery,202,0.92,0.9,0.9,0.94,0.74,0.85,0.83,0.8500000000000001,0.11999999999999994,0.84,3.0500000000000003,0.27,0.85,0.9199999999999999,0.5537400000000001,1.0,0.0,0.7452000000000001,0.3062452429301393,0.5537399994462601,0.5,0.24262115991718028,0.4475396629052965,True
boundary_recovery,203,0.92,0.9,0.9,0.94,0.74,0.85,0.83,0.8500000000000001,0.11999999999999994,0.84,3.0500000000000003,0.27,0.85,0.9199999999999999,0.5537400000000001,1.0,0.0,0.7452000000000001,0.3062452429301393,0.5537399994462601,0.5,0.24467609030553725,0.44810620639933924,True
boundary_recovery,204,0.92,0.9,0.9,0.94,0.74,0.85,0.83,0.8500000000000001,0.11999999999999994,0.84,3.0500000000000003,0.27,0.85,0.9199999999999999,0.5537400000000001,1.0,0.0,0.7452000000000001,0.3062452429301393,0.5537399994462601,0.5,0.24660772487059282,0.4486350815035078,True
boundary_recovery,205,0.92,0.9,0.9,0.94,0.74,0.85,0.83,0.8500000000000001,0.11999999999999994,0.84,3.0500000000000003,0.27,0.85,0.9199999999999999,0.5537400000000001,1.0,0.0,0.7452000000000001,0.3062452429301393,0.5537399994462601,0.5,0.24842346136174503,0.4491290231691536,True
boundary_recovery,206,0.92,0.9,0.9,0.94,0.74,0.85,0.83,0.8500000000000001,0.11999999999999994,0.84,3.0500000000000003,0.27,0.85,0.9199999999999999,0.5537400000000001,1.0,0.0,0.7452000000000001,0.3062452429301393,0.5537399994462601,0.5,0.2501302536634281,0.4495905381795741,True
boundary_recovery,207,0.92,0.9,0.9,0.94,0.74,0.85,0.83,0.8500000000000001,0.11999999999999994,0.84,3.0500000000000003,0.27,0.85,0.9199999999999999,0.5537400000000001,1.0,0.0,0.7452000000000001,0.3062452429301393,0.5537399994462601,0.5,0.2517346384270102,0.4500219279907087,True
boundary_recovery,208,0.92,0.9,0.9,0.94,0.74,0.85,0.83,0.8500000000000001,0.11999999999999994,0.84,3.0500000000000003,0.27,0.85,0.9199999999999999,0.5537400000000001,1.0,0.0,0.7452000000000001,0.3062452429301393,0.5537399994462601,0.5,0.25324276010477736,0.45042530879983644,True
boundary_recovery,209,0.92,0.9,0.9,0.94,0.74,0.85,0.83,0.8500000000000001,0.11999999999999994,0.84,3.0500000000000003,0.27,0.85,0.9199999999999999,0.5537400000000001,1.0,0.0,0.7452000000000001,0.3062452429301393,0.5537399994462601,0.5,0.2546603944818785,0.4508026292411903,True
boundary_recovery,210,0.92,0.9,0.9,0.94,0.74,0.85,0.83,0.8500000000000001,0.11999999999999994,0.84,3.0500000000000003,0.27,0.85,0.9199999999999999,0.5537400000000001,1.0,0.0,0.7452000000000001,0.3062452429301393,0.5537399994462601,0.5,0.2559929707963536,0.4511556860414251,True
boundary_recovery,211,0.92,0.9,0.9,0.94,0.74,0.85,0.83,0.8500000000000001,0.11999999999999994,0.84,3.0500000000000003,0.27,0.85,0.9199999999999999,0.5537400000000001,1.0,0.0,0.7452000000000001,0.3062452429301393,0.5537399994462601,0.5,0.25724559253196017,0.45148613791413106,True
boundary_recovery,212,0.92,0.9,0.9,0.94,0.74,0.85,0.83,0.8500000000000001,0.11999999999999994,0.84,3.0500000000000003,0.27,0.85,0.9199999999999999,0.5537400000000001,1.0,0.0,0.7452000000000001,0.3062452429301393,0.5537399994462601,0.5,0.2584230569634303,0.4517955179285777,True
boundary_recovery,213,0.92,0.9,0.9,0.94,0.74,0.85,0.83,0.8500000000000001,0.11999999999999994,0.84,3.0500000000000003,0.27,0.85,0.9199999999999999,0.5537400000000001,1.0,0.0,0.7452000000000001,0.3062452429301393,0.5537399994462601,0.5,0.2595298735290123,0.4520852445516487,True
boundary_recovery,214,0.92,0.9,0.9,0.94,0.74,0.85,0.83,0.8500000000000001,0.11999999999999994,0.84,3.0500000000000003,0.27,0.85,0.9199999999999999,0.5537400000000001,1.0,0.0,0.7452000000000001,0.3062452429301393,0.5537399994462601,0.5,0.26057028110065933,0.45235663153198186,True
boundary_recovery,215,0.92,0.9,0.9,0.94,0.74,0.85,0.83,0.8500000000000001,0.11999999999999994,0.84,3.0500000000000003,0.27,0.85,0.9199999999999999,0.5537400000000001,1.0,0.0,0.7452000000000001,0.3062452429301393,0.5537399994462601,0.5,0.26154826421800753,0.4526108967704439,True
boundary_recovery,216,0.92,0.9,0.9,0.94,0.74,0.85,0.83,0.8500000000000001,0.11999999999999994,0.84,3.0500000000000003,0.27,0.85,0.9199999999999999,0.5537400000000001,1.0,0.0,0.7452000000000001,0.3062452429301393,0.5537399994462601,0.5,0.26246756834831486,0.4528491703003169,True
boundary_recovery,217,0.92,0.9,0.9,0.94,0.74,0.85,0.83,0.8500000000000001,0.11999999999999994,0.84,3.0500000000000003,0.27,0.85,0.9199999999999999,0.5537400000000001,1.0,0.0,0.7452000000000001,0.3062452429301393,0.5537399994462601,0.5,0.26333171423080376,0.4530725014831795,True
boundary_recovery,218,0.92,0.9,0.9,0.94,0.74,0.85,0.83,0.8500000000000001,0.11999999999999994,0.84,3.0500000000000003,0.27,0.85,0.9199999999999999,0.5537400000000001,1.0,0.0,0.7452000000000001,0.3062452429301393,0.5537399994462601,0.5,0.2641440113603433,0.45328186551184496,True
boundary_recovery,219,0.92,0.9,0.9,0.94,0.74,0.85,0.83,0.8500000000000001,0.11999999999999994,0.84,3.0500000000000003,0.27,0.85,0.9199999999999999,0.5537400000000001,1.0,0.0,0.7452000000000001,0.3062452429301393,0.5537399994462601,0.5,0.2649075706621105,0.4534781692993662,True
coercive_order_control,0,0.92,0.9,0.9,0.94,0.42,0.22,0.2,0.25,0.58,0.48,0.45,0.45,0.15,0.1,0.0,1.0,0.0,0.7452000000000001,0.006141275637912894,0.0,0.5,0.0,0.0,False
coercive_order_control,1,0.92,0.9,0.9,0.94,0.42,0.22,0.2,0.25,0.58,0.48,0.45,0.45,0.15,0.1,0.0,1.0,0.0,0.7452000000000001,0.006141275637912894,0.0,0.5,0.0,0.0,False
coercive_order_control,2,0.92,0.9,0.9,0.94,0.42,0.22,0.2,0.25,0.58,0.48,0.45,0.45,0.15,0.1,0.0,1.0,0.0,0.7452000000000001,0.006141275637912894,0.0,0.5,0.0,0.0,False
coercive_order_control,3,0.92,0.9,0.9,0.94,0.42,0.22,0.2,0.25,0.58,0.48,0.45,0.45,0.15,0.1,0.0,1.0,0.0,0.7452000000000001,0.006141275637912894,0.0,0.5,0.0,0.0,False
coercive_order_control,4,0.92,0.9,0.9,0.94,0.42,0.22,0.2,0.25,0.58,0.48,0.45,0.45,0.15,0.1,0.0,1.0,0.0,0.7452000000000001,0.006141275637912894,0.0,0.5,0.0,0.0,False
coercive_order_control,5,0.92,0.9,0.9,0.94,0.42,0.22,0.2,0.25,0.58,0.48,0.45,0.45,0.15,0.1,0.0,1.0,0.0,0.7452000000000001,0.006141275637912894,0.0,0.5,0.0,0.0,False
coercive_order_control,6,0.92,0.9,0.9,0.94,0.42,0.22,0.2,0.25,0.58,0.48,0.45,0.45,0.15,0.1,0.0,1.0,0.0,0.7452000000000001,0.006141275637912894,0.0,0.5,0.0,0.0,False
coercive_order_control,7,0.92,0.9,0.9,0.94,0.42,0.22,0.2,0.25,0.58,0.48,0.45,0.45,0.15,0.1,0.0,1.0,0.0,0.7452000000000001,0.006141275637912894,0.0,0.5,0.0,0.0,False
coercive_order_control,8,0.92,0.9,0.9,0.94,0.42,0.22,0.2,0.25,0.58,0.48,0.45,0.45,0.15,0.1,0.0,1.0,0.0,0.7452000000000001,0.006141275637912894,0.0,0.5,0.0,0.0,False
coercive_order_control,9,0.92,0.9,0.9,0.94,0.42,0.22,0.2,0.25,0.58,0.48,0.45,0.45,0.15,0.1,0.0,1.0,0.0,0.7452000000000001,0.006141275637912894,0.0,0.5,0.0,0.0,False
coercive_order_control,10,0.92,0.9,0.9,0.94,0.42,0.22,0.2,0.25,0.58,0.48,0.45,0.45,0.15,0.1,0.0,1.0,0.0,0.7452000000000001,0.006141275637912894,0.0,0.5,0.0,0.0,False
coercive_order_control,11,0.92,0.9,0.9,0.94,0.42,0.22,0.2,0.25,0.58,0.48,0.45,0.45,0.15,0.1,0.0,1.0,0.0,0.7452000000000001,0.006141275637912894,0.0,0.5,0.0,0.0,False
coercive_order_control,12,0.92,0.9,0.9,0.94,0.42,0.22,0.2,0.25,0.58,0.48,0.45,0.45,0.15,0.1,0.0,1.0,0.0,0.7452000000000001,0.006141275637912894,0.0,0.5,0.0,0.0,False
coercive_order_control,13,0.92,0.9,0.9,0.94,0.42,0.22,0.2,0.25,0.58,0.48,0.45,0.45,0.15,0.1,0.0,1.0,0.0,0.7452000000000001,0.006141275637912894,0.0,0.5,0.0,0.0,False
coercive_order_control,14,0.92,0.9,0.9,0.94,0.42,0.22,0.2,0.25,0.58,0.48,0.45,0.45,0.15,0.1,0.0,1.0,0.0,0.7452000000000001,0.006141275637912894,0.0,0.5,0.0,0.0,False
coercive_order_control,15,0.92,0.9,0.9,0.94,0.42,0.22,0.2,0.25,0.58,0.48,0.45,0.45,0.15,0.1,0.0,1.0,0.0,0.7452000000000001,0.006141275637912894,0.0,0.5,0.0,0.0,False
coercive_order_control,16,0.92,0.9,0.9,0.94,0.42,0.22,0.2,0.25,0.58,0.48,0.45,0.45,0.15,0.1,0.0,1.0,0.0,0.7452000000000001,0.006141275637912894,0.0,0.5,0.0,0.0,False
coercive_order_control,17,0.92,0.9,0.9,0.94,0.42,0.22,0.2,0.25,0.58,0.48,0.45,0.45,0.15,0.1,0.0,1.0,0.0,0.7452000000000001,0.006141275637912894,0.0,0.5,0.0,0.0,False
coercive_order_control,18,0.92,0.9,0.9,0.94,0.42,0.22,0.2,0.25,0.58,0.48,0.45,0.45,0.15,0.1,0.0,1.0,0.0,0.7452000000000001,0.006141275637912894,0.0,0.5,0.0,0.0,False
coercive_order_control,19,0.92,0.9,0.9,0.94,0.42,0.22,0.2,0.25,0.58,0.48,0.45,0.45,0.15,0.1,0.0,1.0,0.0,0.7452000000000001,0.006141275637912894,0.0,0.5,0.0,0.0,False
coercive_order_control,20,0.92,0.9,0.9,0.94,0.42,0.22,0.2,0.25,0.58,0.48,0.45,0.45,0.15,0.1,0.0,1.0,0.0,0.7452000000000001,0.006141275637912894,0.0,0.5,0.0,0.0,False
coercive_order_control,21,0.92,0.9,0.9,0.94,0.42,0.22,0.2,0.25,0.58,0.48,0.45,0.45,0.15,0.1,0.0,1.0,0.0,0.7452000000000001,0.006141275637912894,0.0,0.5,0.0,0.0,False
coercive_order_control,22,0.92,0.9,0.9,0.94,0.42,0.22,0.2,0.25,0.58,0.48,0.45,0.45,0.15,0.1,0.0,1.0,0.0,0.7452000000000001,0.006141275637912894,0.0,0.5,0.0,0.0,False
coercive_order_control,23,0.92,0.9,0.9,0.94,0.42,0.22,0.2,0.25,0.58,0.48,0.45,0.45,0.15,0.1,0.0,1.0,0.0,0.7452000000000001,0.006141275637912894,0.0,0.5,0.0,0.0,False
coercive_order_control,24,0.92,0.9,0.9,0.94,0.42,0.22,0.2,0.25,0.58,0.48,0.45,0.45,0.15,0.1,0.0,1.0,0.0,0.7452000000000001,0.006141275637912894,0.0,0.5,0.0,0.0,False
coercive_order_control,25,0.92,0.9,0.9,0.94,0.42,0.22,0.2,0.25,0.58,0.48,0.45,0.45,0.15,0.1,0.0,1.0,0.0,0.7452000000000001,0.006141275637912894,0.0,0.5,0.0,0.0,False
coercive_order_control,26,0.92,0.9,0.9,0.94,0.42,0.22,0.2,0.25,0.58,0.48,0.45,0.45,0.15,0.1,0.0,1.0,0.0,0.7452000000000001,0.006141275637912894,0.0,0.5,0.0,0.0,False
coercive_order_control,27,0.92,0.9,0.9,0.94,0.42,0.22,0.2,0.25,0.58,0.48,0.45,0.45,0.15,0.1,0.0,1.0,0.0,0.7452000000000001,0.006141275637912894,0.0,0.5,0.0,0.0,False
coercive_order_control,28,0.92,0.9,0.9,0.94,0.42,0.22,0.2,0.25,0.58,0.48,0.45,0.45,0.15,0.1,0.0,1.0,0.0,0.7452000000000001,0.006141275637912894,0.0,0.5,0.0,0.0,False
coercive_order_control,29,0.92,0.9,0.9,0.94,0.42,0.22,0.2,0.25,0.58,0.48,0.45,0.45,0.15,0.1,0.0,1.0,0.0,0.7452000000000001,0.006141275637912894,0.0,0.5,0.0,0.0,False
coercive_order_control,30,0.92,0.9,0.9,0.94,0.42,0.22,0.2,0.25,0.58,0.48,0.45,0.45,0.15,0.1,0.0,1.0,0.0,0.7452000000000001,0.006141275637912894,0.0,0.5,0.0,0.0,False
coercive_order_control,31,0.92,0.9,0.9,0.94,0.42,0.22,0.2,0.25,0.58,0.48,0.45,0.45,0.15,0.1,0.0,1.0,0.0,0.7452000000000001,0.006141275637912894,0.0,0.5,0.0,0.0,False
coercive_order_control,32,0.92,0.9,0.9,0.94,0.42,0.22,0.2,0.25,0.58,0.48,0.45,0.45,0.15,0.1,0.0,1.0,0.0,0.7452000000000001,0.006141275637912894,0.0,0.5,0.0,0.0,False
coercive_order_control,33,0.92,0.9,0.9,0.94,0.42,0.22,0.2,0.25,0.58,0.48,0.45,0.45,0.15,0.1,0.0,1.0,0.0,0.7452000000000001,0.006141275637912894,0.0,0.5,0.0,0.0,False
coercive_order_control,34,0.92,0.9,0.9,0.94,0.42,0.22,0.2,0.25,0.58,0.48,0.45,0.45,0.15,0.1,0.0,1.0,0.0,0.7452000000000001,0.006141275637912894,0.0,0.5,0.0,0.0,False
coercive_order_control,35,0.92,0.9,0.9,0.94,0.42,0.22,0.2,0.25,0.58,0.48,0.45,0.45,0.15,0.1,0.0,1.0,0.0,0.7452000000000001,0.006141275637912894,0.0,0.5,0.0,0.0,False
coercive_order_control,36,0.92,0.9,0.9,0.94,0.42,0.22,0.2,0.25,0.58,0.48,0.45,0.45,0.15,0.1,0.0,1.0,0.0,0.7452000000000001,0.006141275637912894,0.0,0.5,0.0,0.0,False
coercive_order_control,37,0.92,0.9,0.9,0.94,0.42,0.22,0.2,0.25,0.58,0.48,0.45,0.45,0.15,0.1,0.0,1.0,0.0,0.7452000000000001,0.006141275637912894,0.0,0.5,0.0,0.0,False
coercive_order_control,38,0.92,0.9,0.9,0.94,0.42,0.22,0.2,0.25,0.58,0.48,0.45,0.45,0.15,0.1,0.0,1.0,0.0,0.7452000000000001,0.006141275637912894,0.0,0.5,0.0,0.0,False
coercive_order_control,39,0.92,0.9,0.9,0.94,0.42,0.22,0.2,0.25,0.58,0.48,0.45,0.45,0.15,0.1,0.0,1.0,0.0,0.7452000000000001,0.006141275637912894,0.0,0.5,0.0,0.0,False
coercive_order_control,40,0.92,0.9,0.9,0.94,0.42162978573937476,0.22264840182648402,0.20280119423955043,0.2528011942395504,0.5783702142606252,0.4818335089567966,0.4632420091324201,0.4490832455216017,0.15356515630488232,0.1,0.0,1.0,0.0,0.7452000000000001,0.006426713075267117,0.0,0.5399083406392543,0.0,0.0,False
coercive_order_control,41,0.92,0.9,0.9,0.94,0.4244397611520899,0.22721461187214612,0.20763083948015457,0.2576308394801545,0.5755602388479101,0.48499473129610116,0.4860730593607306,0.4475026343519494,0.1597119775201967,0.1,0.0,1.0,0.0,0.7452000000000001,0.006934253851052505,0.0,0.5685203227577651,0.0,0.0,False
coercive_order_control,42,0.92,0.9,0.9,0.94,0.427249736564805,0.23178082191780822,0.2124604847207587,0.26246048472075867,0.5727502634351949,0.48815595363540565,0.5089041095890411,0.4459220231822972,0.16585879873551104,0.1,0.0,1.0,0.0,0.7452000000000001,0.007461500714265482,0.0,0.5685203227577654,0.0,0.0,False
coercive_order_control,43,0.92,0.9,0.9,0.94,0.4300597119775202,0.23634703196347032,0.21729012996136285,0.2672901299613628,0.5699402880224798,0.4913171759747102,0.5317351598173516,0.4443414120126449,0.17200561995082542,0.1,0.0,1.0,0.0,0.7452000000000001,0.008008689459982659,0.0,0.5685203227577651,0.0,0.0,False
coercive_order_control,44,0.92,0.9,0.9,0.94,0.4328696873902353,0.24091324200913242,0.222119775201967,0.27211977520196695,0.5671303126097647,0.49447839831401474,0.5545662100456621,0.44276080084299263,0.1781524411661398,0.1,0.0,1.0,0.0,0.7452000000000001,0.008576055327910542,0.0,0.5685203227577649,0.0,0.0,False
coercive_order_control,45,0.92,0.9,0.9,0.94,0.43567966280295045,0.24547945205479452,0.22694942044257113,0.27694942044257115,0.5643203371970494,0.49763962065331924,0.5773972602739725,0.4411801896733404,0.18429926238145417,0.1,0.0,1.0,0.0,0.7452000000000001,0.009163833016647666,0.0,0.5685203227577655,0.0,0.0,False
coercive_order_control,46,0.92,0.9,0.9,0.94,0.4384896382156656,0.25004566210045664,0.23177906568317527,0.2817790656831753,0.5615103617843343,0.5008008429926238,0.6002283105022831,0.4395995785036881,0.1904460835967685,0.1,0.0,1.0,0.0,0.7452000000000001,0.009772256696033266,0.0,0.5685203227577652,0.0,0.0,False
coercive_order_control,47,0.92,0.9,0.9,0.94,0.4412996136283807,0.2546118721461187,0.23660871092377944,0.28660871092377943,0.5587003863716192,0.5039620653319283,0.6230593607305936,0.43801896733403584,0.19659290481208289,0.1,0.0,1.0,0.0,0.7452000000000001,0.010401560017852966,0.0,0.5685203227577648,0.0,0.0,False
coercive_order_control,48,0.92,0.9,0.9,0.94,0.4441095890410959,0.25917808219178085,0.24143835616438358,0.29143835616438357,0.5558904109589041,0.5071232876712328,0.6458904109589041,0.4364383561643836,0.20273972602739723,0.1,0.0,1.0,0.0,0.7452000000000001,0.011051976125133619,0.0,0.5685203227577653,0.0,0.0,False
coercive_order_control,49,0.92,0.9,0.9,0.94,0.446919564453811,0.2637442922374429,0.24626800140498772,0.2962680014049877,0.5530804355461889,0.5102845100105374,0.6687214611872145,0.4348577449947313,0.2088865472427116,0.1,0.0,1.0,0.0,0.7452000000000001,0.011723737660226722,0.0,0.5685203227577652,0.0,0.0,False
coercive_order_control,50,0.92,0.9,0.9,0.94,0.44972953986652614,0.26831050228310505,0.25109764664559187,0.30109764664559185,0.5502704601334738,0.5134457323498419,0.6915525114155251,0.43327713382507904,0.21503336845802598,0.1,0.0,1.0,0.0,0.7452000000000001,0.012417076771852357,0.0,0.5685203227577653,0.0,0.0,False
coercive_order_control,51,0.92,0.9,0.9,0.94,0.4525395152792413,0.2728767123287671,0.255927291886196,0.305927291886196,0.5474604847207587,0.5166069546891464,0.7143835616438357,0.4316965226554268,0.22118018967334033,0.1,0.0,1.0,0.0,0.7452000000000001,0.013132225121251305,0.0,0.5685203227577647,0.0,0.0,False
coercive_order_control,52,0.92,0.9,0.9,0.94,0.4553494906919564,0.27744292237442925,0.26075693712680015,0.31075693712680014,0.5446505093080435,0.519768177028451,0.7372146118721461,0.4301159114857745,0.2273270108886547,0.1,0.0,1.0,0.0,0.7452000000000001,0.01386941388757309,0.0,0.568520322757766,0.0,0.0,False
coercive_order_control,53,0.92,0.9,0.9,0.94,0.45815946610467156,0.2820091324200913,0.2655865823674043,0.3155865823674043,0.5418405338953284,0.5229293993677555,0.7600456621004565,0.42853530031612225,0.23347383210396908,0.1,0.0,1.0,0.0,0.7452000000000001,0.014628873772609628,0.0,0.5685203227577647,0.0,0.0,False
coercive_order_control,54,0.92,0.9,0.9,0.94,0.4609694415173867,0.28657534246575345,0.27041622760800843,0.3204162276080084,0.5390305584826133,0.52609062170706,0.7828767123287671,0.42695468914647,0.23962065331928345,0.1,0.0,1.0,0.0,0.7452000000000001,0.015410835004969715,0.0,0.5685203227577653,0.0,0.0,False
coercive_order_control,55,0.92,0.9,0.9,0.94,0.46377941693010183,0.2911415525114155,0.27524587284861257,0.32524587284861256,0.5362205830698981,0.5292518440463646,0.8057077625570777,0.4253740779768177,0.2457674745345978,0.1,0.0,1.0,0.0,0.7452000000000001,0.016215527343775904,0.0,0.5685203227577652,0.0,0.0,False
coercive_order_control,56,0.92,0.9,0.9,0.94,0.466589392342817,0.29570776255707765,0.2800755180892167,0.3300755180892167,0.533410607657183,0.5324130663856691,0.8285388127853881,0.42379346680716545,0.25191429574991214,0.1,0.0,1.0,0.0,0.7452000000000001,0.017043180081954993,0.0,0.5685203227577653,0.0,0.0,False
coercive_order_control,57,0.92,0.9,0.9,0.94,0.4693993677555321,0.3002739726027397,0.28490516332982085,0.33490516332982084,0.5306006322444679,0.5355742887249736,0.8513698630136985,0.4222128556375132,0.25806111696522654,0.1,0.0,1.0,0.0,0.7452000000000001,0.017894022049182803,0.0,0.5685203227577647,0.0,0.0,False
coercive_order_control,58,0.92,0.9,0.9,0.94,0.47220934316824725,0.30484018264840185,0.289734808570425,0.339734808570425,0.5277906568317527,0.5387355110642782,0.8742009132420091,0.4206322444678609,0.2642079381805409,0.1,0.0,1.0,0.0,0.7452000000000001,0.01876828161453654,0.0,0.5685203227577653,0.0,0.0,False
coercive_order_control,59,0.92,0.9,0.9,0.94,0.4750193185809624,0.3094063926940639,0.29456445381102914,0.3445644538110292,0.5249806814190375,0.5418967334035827,0.8970319634703197,0.41905163329820866,0.2703547593958553,0.1,0.0,1.0,0.0,0.7452000000000001,0.019666186688899884,0.0,0.5685203227577652,0.0,0.0,False
coercive_order_control,60,0.92,0.9,0.9,0.94,0.4778292939936775,0.31397260273972605,0.2993940990516333,0.3493940990516333,0.5221707060063224,0.5450579557428872,0.9198630136986301,0.4174710221285564,0.27650158061116964,0.10062916034850548,0.0,1.0,0.0,0.7452000000000001,0.020587964727160672,0.0,0.5685203227577653,0.0,0.0,False
coercive_order_control,61,0.92,0.9,0.9,0.94,0.4806392694063927,0.3185388127853881,0.3042237442922375,0.35422374429223746,0.5193607305936072,0.5482191780821918,0.9426940639269407,0.4158904109589041,0.282648401826484,0.10833945873705313,0.0,1.0,0.0,0.7452000000000001,0.021533842730234832,0.0,0.5685203227577653,0.0,0.0,False
coercive_order_control,62,0.92,0.9,0.9,0.94,0.4834492448191078,0.32310502283105025,0.30905338953284156,0.3590533895328416,0.5165507551808921,0.5513804004214963,0.965525114155251,0.41430979978925186,0.28879522304179833,0.11604975712560074,0.0,1.0,0.0,0.7452000000000001,0.022504047246946192,0.0,0.5685203227577651,0.0,0.0,False
coercive_order_control,63,0.92,0.9,0.9,0.94,0.48625922023182294,0.3276712328767123,0.3138830347734457,0.36388303477344575,0.513740779768177,0.5545416227608008,0.9883561643835617,0.4127291886195996,0.2949420442571127,0.12376005551414838,0.0,1.0,0.0,0.7452000000000001,0.023498804375787285,0.0,0.5685203227577647,0.0,0.0,False
coercive_order_control,64,0.92,0.9,0.9,0.94,0.4890691956445381,0.33223744292237445,0.3187126800140499,0.3687126800140499,0.5109308043554619,0.5577028451001054,1.011187214611872,0.4111485774499473,0.3010888654724271,0.131470353902696,0.0,1.0,0.0,0.7452000000000001,0.024518339766583002,0.0,0.5685203227577655,0.0,0.0,False
coercive_order_control,65,0.92,0.9,0.9,0.94,0.4918791710572532,0.3368036529680365,0.32354232525465404,0.37354232525465403,0.5081208289427467,0.5608640674394099,1.0340182648401826,0.40956796628029507,0.3072356866877415,0.13918065229124366,0.0,1.0,0.0,0.7452000000000001,0.025562878622075853,0.0,0.5685203227577651,0.0,0.0,False
coercive_order_control,66,0.92,0.9,0.9,0.94,0.49468914646996837,0.34136986301369865,0.3283719704952582,0.37837197049525817,0.5053108535300316,0.5640252897787144,1.0568493150684932,0.40798735511064277,0.31338250790305583,0.1468909506797913,0.0,1.0,0.0,0.7452000000000001,0.02663264569944896,0.0,0.5685203227577653,0.0,0.0,False
coercive_order_control,67,0.92,0.9,0.9,0.94,0.4974991218826835,0.3459360730593607,0.3332016157358623,0.3832016157358623,0.5025008781173165,0.567186512118019,1.0796803652968037,0.4064067439409905,0.3195293291183702,0.15460124906833894,0.0,1.0,0.0,0.7452000000000001,0.027727865311800392,0.0,0.5685203227577647,0.0,0.0,False
coercive_order_control,68,0.92,0.9,0.9,0.94,0.5003090972953986,0.35050228310502285,0.33803126097646646,0.38803126097646645,0.4996909027046013,0.5703477344573235,1.1025114155251141,0.4048261327713383,0.3256761503336846,0.16231154745688658,0.0,1.0,0.0,0.7452000000000001,0.028848761329581002,0.0,0.5685203227577655,0.0,0.0,False
coercive_order_control,69,0.92,0.9,0.9,0.94,0.5031190727081138,0.3550684931506849,0.34286090621707066,0.3928609062170706,0.49688092729188615,0.573508956796628,1.1253424657534248,0.40324552160168603,0.3318229715489989,0.17002184584543423,0.0,1.0,0.0,0.7452000000000001,0.029995557182005275,0.0,0.5685203227577651,0.0,0.0,False
coercive_order_control,70,0.92,0.9,0.9,0.94,0.505929048120829,0.35963470319634705,0.3476905514576748,0.39769055145767473,0.49407095187917105,0.5766701791359325,1.1481735159817352,0.40166491043203373,0.33796979276431327,0.17773214423398187,0.0,1.0,0.0,0.7452000000000001,0.03116847585844437,0.0,0.5685203227577653,0.0,0.0,False
coercive_order_control,71,0.92,0.9,0.9,0.94,0.508739023533544,0.3642009132420091,0.3525201966982789,0.4025201966982789,0.4912609764664559,0.579831401475237,1.1710045662100454,0.4000842992623815,0.3441166139796276,0.18544244262252946,0.0,1.0,0.0,0.7452000000000001,0.032367739909807944,0.0,0.5685203227577648,0.0,0.0,False
coercive_order_control,72,0.92,0.9,0.9,0.94,0.5115489989462592,0.36876712328767125,0.35734984193888303,0.407349841938883,0.48845100105374073,0.5829926238145415,1.1938356164383561,0.3985036880927292,0.35026343519494196,0.1931527410110771,0.0,1.0,0.0,0.7452000000000001,0.033593571449921505,0.0,0.5685203227577657,0.0,0.0,False
coercive_order_control,73,0.92,0.9,0.9,0.94,0.5143589743589744,0.3733333333333333,0.36217948717948717,0.41217948717948716,0.4856410256410256,0.5861538461538461,1.2166666666666666,0.39692307692307693,0.35641025641025637,0.20086303939962474,0.0,1.0,0.0,0.7452000000000001,0.034846192156903696,0.0,0.5685203227577647,0.0,0.0,False
coercive_order_control,74,0.92,0.9,0.9,0.94,0.5171689497716895,0.37789954337899545,0.3670091324200913,0.4170091324200913,0.48283105022831047,0.5893150684931506,1.239497716894977,0.3953424657534247,0.36255707762557077,0.20857333778817239,0.0,1.0,0.0,0.7452000000000001,0.03612582327454845,0.0,0.5685203227577655,0.0,0.0,False
coercive_order_control,75,0.92,0.9,0.9,0.94,0.5199789251844046,0.3824657534246575,0.3718387776606955,0.42183877766069544,0.4800210748155953,0.5924762908324552,1.2623287671232877,0.39376185458377244,0.36870389884088506,0.21628363617672,0.0,1.0,0.0,0.7452000000000001,0.03743268561371483,0.0,0.5685203227577651,0.0,0.0,False
coercive_order_control,76,0.92,0.9,0.9,0.94,0.5227889005971198,0.38703196347031965,0.37666842290129965,0.4266684229012996,0.4772110994028802,0.5956375131717597,1.2851598173515981,0.39218124341412014,0.37485072005619946,0.22399393456526764,0.0,1.0,0.0,0.7452000000000001,0.038766999553728185,0.0,0.5685203227577653,0.0,0.0,False
coercive_order_control,77,0.92,0.9,0.9,0.94,0.5255988760098349,0.3915981735159817,0.3814980681419038,0.4314980681419037,0.47440112399016504,0.5987987355110642,1.3079908675799086,0.3906006322444679,0.38099754127151386,0.2317042329538153,0.0,1.0,0.0,0.7452000000000001,0.04012898504379399,0.0,0.5685203227577649,0.0,0.0,False
coercive_order_control,78,0.92,0.9,0.9,0.94,0.52840885142255,0.39616438356164385,0.38632771338250793,0.43632771338250786,0.4715911485774499,0.6019599578503688,1.3308219178082192,0.3890200210748156,0.3871443624868282,0.23941453134236293,0.0,1.0,0.0,0.7452000000000001,0.04151886160442709,0.0,0.5685203227577657,0.0,0.0,False
coercive_order_control,79,0.92,0.9,0.9,0.94,0.5312188268352651,0.4007305936073059,0.3911573586231121,0.44115735862311206,0.4687811731647348,0.6051211801896733,1.3536529680365297,0.38743940990516335,0.39329118370214255,0.24712482973091057,0.0,1.0,0.0,0.7452000000000001,0.042936848328896965,0.0,0.5685203227577648,0.0,0.0,False
coercive_order_control,80,0.92,0.9,0.9,0.94,0.5340288022479803,0.40529680365296805,0.3959870038637162,0.4459870038637162,0.4659711977520196,0.6082824025289778,1.3764840182648401,0.3858587987355111,0.39943800491745696,0.2548351281194582,0.0,1.0,0.0,0.7452000000000001,0.04438316388469079,0.0,0.5685203227577655,0.0,0.0,False
coercive_order_control,81,0.92,0.9,0.9,0.94,0.5368387776606954,0.4098630136986301,0.40081664910432035,0.45081664910432034,0.4631612223393045,0.6114436248682824,1.3993150684931506,0.3842781875658588,0.40558482613277136,0.26254542650800583,0.0,1.0,0.0,0.7452000000000001,0.04585802651499405,0.0,0.5685203227577648,0.0,0.0,False
coercive_order_control,82,0.92,0.9,0.9,0.94,0.5396487530734106,0.41442922374429225,0.4056462943449245,0.4556462943449245,0.46035124692658935,0.6146048472075869,1.4221461187214612,0.38269757639620655,0.41173164734808565,0.2702557248965535,0.0,1.0,0.0,0.7452000000000001,0.04736165404019051,0.0,0.5685203227577655,0.0,0.0,False
coercive_order_control,83,0.92,0.9,0.9,0.94,0.5424587284861258,0.4189954337899543,0.41047593958552864,0.46047593958552857,0.45754127151387425,0.6177660695468914,1.4449771689497715,0.3811169652265543,0.41787846856340005,0.2779660232851011,0.0,1.0,0.0,0.7452000000000001,0.04889426385938012,0.0,0.5685203227577645,0.0,0.0,False
coercive_order_control,84,0.92,0.9,0.9,0.94,0.5452687038988409,0.42356164383561645,0.4153055848261328,0.46530558482613277,0.4547312961011591,0.6209272918861959,1.4678082191780821,0.379536354056902,0.42402528977871434,0.28567632167364876,0.0,1.0,0.0,0.7452000000000001,0.05045607295191659,0.0,0.5685203227577658,0.0,0.0,False
coercive_order_control,85,0.92,0.9,0.9,0.94,0.548078679311556,0.4281278538812785,0.4201352300667369,0.4701352300667369,0.45192132068844393,0.6240885142255005,1.4906392694063926,0.37795574288724976,0.43017211099402874,0.2933866200621964,0.0,1.0,0.0,0.7452000000000001,0.05204729787896299,0.0,0.5685203227577649,0.0,0.0,False
coercive_order_control,86,0.92,0.9,0.9,0.94,0.5508886547242711,0.43269406392694065,0.42496487530734106,0.47496487530734105,0.4491113452757288,0.627249736564805,1.513470319634703,0.3763751317175975,0.43631893220934315,0.30109691845074404,0.0,1.0,0.0,0.7452000000000001,0.053668154785066376,0.0,0.5685203227577653,0.0,0.0,False
coercive_order_control,87,0.92,0.9,0.9,0.94,0.5536986301369863,0.4372602739726027,0.4297945205479452,0.4797945205479452,0.44630136986301366,0.6304109589041096,1.5363013698630135,0.3747945205479452,0.44246575342465744,0.3088072168392917,0.0,1.0,0.0,0.7452000000000001,0.055318859399750044,0.0,0.568520322757765,0.0,0.0,False
coercive_order_control,88,0.92,0.9,0.9,0.94,0.5565086055497014,0.44182648401826485,0.43462416578854934,0.48462416578854933,0.4434913944502985,0.6335721812434141,1.5591324200913241,0.37321390937829296,0.44861257463997184,0.31651751522783933,0.0,1.0,0.0,0.7452000000000001,0.05699962703912365,0.0,0.5685203227577655,0.0,0.0,False
coercive_order_control,89,0.92,0.9,0.9,0.94,0.5593185809624166,0.4463926940639269,0.4394538110291535,0.48945381102915353,0.4406814190375834,0.6367334035827186,1.5819634703196346,0.3716332982086407,0.45475939585528624,0.324227813616387,0.0,1.0,0.0,0.7452000000000001,0.05871067260751032,0.0,0.5685203227577648,0.0,0.0,False
coercive_order_control,90,0.92,0.9,0.9,0.94,0.5621285563751317,0.45095890410958905,0.4442834562697576,0.49428345626975767,0.43787144362486824,0.6398946259220232,1.604794520547945,0.3700526870389884,0.46090621707060053,0.33193811200493456,0.0,1.0,0.0,0.7452000000000001,0.06045221059909014,0.0,0.5685203227577657,0.0,0.0,False
coercive_order_control,91,0.92,0.9,0.9,0.94,0.5649385317878468,0.4555251141552511,0.44911310151036177,0.4991131015103618,0.4350614682121531,0.6430558482613277,1.6276255707762557,0.36847207586933617,0.46705303828591493,0.33964841039348226,0.0,1.0,0.0,0.7452000000000001,0.06222445509955939,0.0,0.5685203227577649,0.0,0.0,False
coercive_order_control,92,0.92,0.9,0.9,0.94,0.5677485072005619,0.46009132420091325,0.45394274675096596,0.503942746750966,0.432251492799438,0.6462170706006323,1.6504566210045661,0.3668914646996839,0.47319985950122934,0.34735870878202985,0.0,1.0,0.0,0.7452000000000001,0.0640276197878049,0.0,0.5685203227577654,0.0,0.0,False
coercive_order_control,93,0.92,0.9,0.9,0.94,0.5705584826132771,0.4646575342465753,0.4587723919915701,0.5087723919915701,0.42944151738672287,0.6493782929399368,1.6732876712328766,0.3653108535300316,0.47934668071654374,0.35506900717057754,0.0,1.0,0.0,0.7452000000000001,0.06586191793759263,0.0,0.5685203227577648,0.0,0.0,False
coercive_order_control,94,0.92,0.9,0.9,0.94,0.5733684580259922,0.46922374429223745,0.46360203723217425,0.5136020372321742,0.42663154197400766,0.6525395152792413,1.6961187214611873,0.3637302423603794,0.48549350193185803,0.3627793055591252,0.0,1.0,0.0,0.7452000000000001,0.06772756241926986,0.0,0.5685203227577658,0.0,0.0,False
coercive_order_control,95,0.92,0.9,0.9,0.94,0.5761784334387073,0.4737899543378995,0.46843168247277833,0.5184316824727784,0.42382156656129255,0.6557007376185457,1.7189497716894975,0.36214963119072713,0.49164032314717243,0.3704896039476727,0.0,1.0,0.0,0.7452000000000001,0.06962476570147995,0.0,0.5685203227577645,0.0,0.0,False
coercive_order_control,96,0.92,0.9,0.9,0.94,0.5789884088514226,0.47835616438356166,0.4732613277133825,0.5232613277133824,0.42101159114857745,0.6588619599578504,1.741780821917808,0.3605690200210748,0.4977871443624867,0.37819990233622036,0.0,1.0,0.0,0.7452000000000001,0.07155373985288943,0.0,0.5685203227577651,0.0,0.0,False
coercive_order_control,97,0.92,0.9,0.9,0.94,0.5817983842641377,0.4829223744292237,0.47809097295398667,0.5280909729539867,0.4182016157358623,0.6620231822971548,1.7646118721461186,0.3589884088514226,0.5039339655778011,0.385910200724768,0.0,1.0,0.0,0.7452000000000001,0.07351469654392573,0.0,0.5685203227577653,0.0,0.0,False
coercive_order_control,98,0.92,0.9,0.9,0.94,0.5846083596768528,0.48748858447488586,0.4829206181945908,0.5329206181945908,0.4153916403231471,0.6651844046364594,1.787442922374429,0.35740779768177033,0.5100807867931155,0.39362049911331565,0.0,1.0,0.0,0.7452000000000001,0.07550784704852591,0.0,0.5685203227577655,0.0,0.0,False
coercive_order_control,99,0.92,0.9,0.9,0.94,0.5874183350895679,0.4920547945205479,0.48775026343519495,0.5377502634351949,0.412581664910432,0.6683456269757639,1.8102739726027395,0.35582718651211803,0.5162276080084298,0.4013307975018633,0.0,1.0,0.0,0.7452000000000001,0.07753340224589433,0.0,0.5685203227577648,0.0,0.0,False
coercive_order_control,100,0.92,0.9,0.9,0.94,0.5902283105022831,0.49662100456621006,0.4925799086757991,0.5425799086757991,0.40977168949771686,0.6715068493150684,1.8331050228310501,0.3542465753424658,0.5223744292237442,0.40904109589041093,0.0,1.0,0.0,0.7452000000000001,0.07959157262226992,0.0,0.5685203227577655,0.0,0.0,False
coercive_order_control,101,0.92,0.9,0.9,0.94,0.5930382859149982,0.5011872146118721,0.49740955391640324,0.5474095539164032,0.4069617140850017,0.6746680716543729,1.8559360730593606,0.3526659641728135,0.5285212504390586,0.4167513942789586,0.0,1.0,0.0,0.7452000000000001,0.08168256827270041,0.0,0.568520322757765,0.0,0.0,False
coercive_order_control,102,0.92,0.9,0.9,0.94,0.5958482613277134,0.5057534246575343,0.5022391991570074,0.5522391991570074,0.4041517386722866,0.6778292939936775,1.878767123287671,0.35108535300316124,0.5346680716543729,0.4244616926675062,0.0,1.0,0.0,0.7452000000000001,0.08380659890282514,0.0,0.5685203227577654,0.0,0.0,False
coercive_order_control,103,0.92,0.9,0.9,0.94,0.5986582367404285,0.5103196347031963,0.5070688443976115,0.5570688443976115,0.40134176325957144,0.680990516332982,1.9015981735159817,0.349504741833509,0.5408148928696873,0.43217199105605386,0.0,1.0,0.0,0.7452000000000001,0.08596387383066331,0.0,0.5685203227577645,0.0,0.0,False
coercive_order_control,104,0.92,0.9,0.9,0.94,0.6014682121531436,0.5148858447488585,0.5118984896382157,0.5618984896382156,0.3985317878468563,0.6841517386722866,1.9244292237442922,0.34792413066385675,0.5469617140850017,0.4398822894446015,0.0,1.0,0.0,0.7452000000000001,0.08815460198840878,0.0,0.5685203227577659,0.0,0.0,False
coercive_order_control,105,0.92,0.9,0.9,0.94,0.6042781875658587,0.5194520547945205,0.5167281348788197,0.5667281348788198,0.3957218124341412,0.6873129610115911,1.9472602739726026,0.34634351949420444,0.5531085353003161,0.44759258783314915,0.0,1.0,0.0,0.7452000000000001,0.09037899192422943,0.0,0.5685203227577644,0.0,0.0,False
coercive_order_control,106,0.92,0.9,0.9,0.94,0.6070881629785739,0.5240182648401827,0.521557780119424,0.571557780119424,0.39291183702142607,0.6904741833508956,1.9700913242009133,0.3447629083245522,0.5592553565156304,0.4553028862216968,0.0,1.0,0.0,0.7452000000000001,0.09263725180407162,0.0,0.5685203227577659,0.0,0.0,False
coercive_order_control,107,0.92,0.9,0.9,0.94,0.609898138391289,0.5285844748858447,0.5263874253600281,0.5763874253600281,0.39010186160871085,0.6936354056902002,1.9929223744292237,0.3431822971548999,0.5654021777309448,0.46301318461024443,0.0,1.0,0.0,0.7452000000000001,0.09492958941346748,0.0,0.568520322757765,0.0,0.0,False
coercive_order_control,108,0.92,0.9,0.9,0.94,0.6127081138040043,0.5331506849315069,0.5312170706006323,0.5812170706006323,0.38729188619599575,0.6967966280295047,2.015753424657534,0.34160168598524765,0.5715489989462592,0.4707234829987921,0.0,1.0,0.0,0.7452000000000001,0.09725621215934668,0.0,0.5685203227577655,0.0,0.0,False
coercive_order_control,109,0.92,0.9,0.9,0.94,0.6155180892167194,0.5377168949771689,0.5360467158412364,0.5860467158412364,0.38448191078328064,0.6999578503688092,2.0385844748858446,0.3400210748155954,0.5776958201615735,0.4784337813873397,0.0,1.0,0.0,0.7452000000000001,0.09961732707184894,0.0,0.5685203227577643,0.0,0.0,False
coercive_order_control,110,0.92,0.9,0.9,0.94,0.6183280646294345,0.5422831050228311,0.5408763610818406,0.5908763610818406,0.38167193537056543,0.7031190727081138,2.0614155251141555,0.3384404636459431,0.5838426413768879,0.48614407977588725,0.0,1.0,0.0,0.7452000000000001,0.10201314080614013,0.0,0.5685203227577661,0.0,0.0,False
coercive_order_control,111,0.92,0.9,0.9,0.94,0.6211380400421497,0.5468493150684932,0.5457060063224448,0.5957060063224447,0.3788619599578503,0.7062802950474183,2.084246575342466,0.3368598524762908,0.5899894625922023,0.4938543781644351,0.0,1.0,0.0,0.7452000000000001,0.10444385964422846,0.0,0.5685203227577658,0.0,0.0,False
coercive_order_control,112,0.92,0.9,0.9,0.94,0.6239480154548648,0.5514155251141553,0.5505356515630488,0.6005356515630489,0.3760519845451352,0.7094415173867228,2.1070776255707764,0.33527924130663855,0.5961362838075166,0.5015646765529826,0.0,1.0,0.0,0.7452000000000001,0.10690968949678199,0.0,0.5685203227577643,0.0,0.0,False
coercive_order_control,113,0.92,0.9,0.9,0.94,0.6267579908675799,0.5559817351598174,0.555365296803653,0.6053652968036529,0.37324200913242006,0.7126027397260274,2.129908675799087,0.3336986301369863,0.602283105022831,0.5092749749415303,0.0,1.0,0.0,0.7452000000000001,0.10941083590494621,0.0,0.5685203227577653,0.0,0.0,False
coercive_order_control,114,0.92,0.9,0.9,0.94,0.629567966280295,0.5605479452054795,0.5601949420442571,0.6101949420442571,0.37043203371970496,0.7157639620653319,2.1527397260273973,0.33211801896733406,0.6084299262381453,0.5169852733300778,0.0,1.0,0.0,0.7452000000000001,0.11194750404216117,0.0,0.5685203227577647,0.0,0.0,False
coercive_order_control,115,0.92,0.9,0.9,0.94,0.6323779416930102,0.5651141552511416,0.5650245872848614,0.6150245872848613,0.3676220583069898,0.7189251844046365,2.1755707762557077,0.3305374077976818,0.6145767474534597,0.5246955717186256,0.0,1.0,0.0,0.7452000000000001,0.11451989871597794,0.0,0.5685203227577661,0.0,0.0,False
coercive_order_control,116,0.92,0.9,0.9,0.94,0.6351879171057253,0.5696803652968037,0.5698542325254654,0.6198542325254655,0.3648120828942747,0.722086406743941,2.198401826484018,0.32895679662802957,0.620723568668774,0.5324058701071731,0.0,1.0,0.0,0.7452000000000001,0.11712822436987348,0.0,0.5685203227577643,0.0,0.0,False
coercive_order_control,117,0.92,0.9,0.9,0.94,0.6379978925184404,0.5742465753424658,0.5746838777660697,0.6246838777660696,0.3620021074815595,0.7252476290832455,2.221232876712329,0.32737618545837727,0.6268703898840885,0.5401161684957209,0.0,1.0,0.0,0.7452000000000001,0.11977268508506428,0.0,0.5685203227577662,0.0,0.0,False
coercive_order_control,118,0.92,0.9,0.9,0.94,0.6408078679311555,0.5788127853881279,0.5795135230066737,0.6295135230066737,0.35919213206884437,0.72840885142255,2.244063926940639,0.325795574288725,0.6330172110994028,0.5478264668842684,0.0,1.0,0.0,0.7452000000000001,0.12245348458231704,0.0,0.5685203227577643,0.0,0.0,False
coercive_order_control,119,0.92,0.9,0.9,0.94,0.6436178433438707,0.58337899543379,0.5843431682472779,0.6343431682472779,0.3563821566561292,0.7315700737618546,2.26689497716895,0.3242149631190727,0.6391640323147172,0.5555367652728161,0.0,1.0,0.0,0.7452000000000001,0.12517082622375728,0.0,0.568520322757766,0.0,0.0,False
coercive_order_control,120,0.92,0.9,0.9,0.94,0.6464278187565858,0.5879452054794521,0.589172813487882,0.639172813487882,0.3535721812434141,0.7347312961011591,2.28972602739726,0.3226343519494205,0.6453108535300315,0.5632470636613637,0.0,1.0,0.0,0.7452000000000001,0.12792491301467437,0.0,0.5685203227577643,0.0,0.0,False
coercive_order_control,121,0.92,0.9,0.9,0.9360534898891063,0.649237794169301,0.5939465101108937,0.5940024587284862,0.6440024587284862,0.35076220583069895,0.7378925184404637,2.312557077625571,0.3210537407797682,0.651457674745346,0.5695222674641319,0.004305283757338518,1.0,0.003946510110893643,0.7452000000000001,0.13070356418588563,0.004305283753033234,0.5478193016087717,0.00014151105232885545,0.04543123876815796,False
coercive_order_control,122,0.92,0.9,0.9,0.9288780169602088,0.6520477695820162,0.6011219830397913,0.5988321039690903,0.6488321039690903,0.34795223041798384,0.7410537407797682,2.3353881278538813,0.319473129610116,0.6576044959606603,0.574623302969444,0.012133072407044882,1.0,0.011121983039791143,0.7452000000000001,0.13348723107201518,0.012133072394911808,0.5011948645025048,0.0004978824036871385,0.06695643295938686,False
coercive_order_control,123,0.92,0.9,0.9,0.9217025440313111,0.6548577449947313,0.6082974559686889,0.6036617492096945,0.6536617492096944,0.34514225500526863,0.7442149631190726,2.358219178082192,0.3178925184404636,0.6637513171759747,0.5797243384747562,0.019960861056751433,1.0,0.018297455968688814,0.7452000000000001,0.136278764244743,0.01996086103679057,0.4475722395300405,0.001004045096096967,0.08120888855308259,False
coercive_order_control,124,0.92,0.9,0.9,0.9145270711024136,0.6576677204074464,0.6154729288975864,0.6084913944502985,0.6584913944502986,0.3423322795925535,0.7473761854583771,2.381050228310502,0.3163119072708114,0.669898138391289,0.5848253739800683,0.027788649706457797,1.0,0.025472928897586317,0.7452000000000001,0.1390770633474423,0.027788649678669144,0.3951419084953194,0.0016026299944433792,0.09181074938619004,False
coercive_order_control,125,0.92,0.9,0.9,0.907351598173516,0.6604776958201616,0.6226484018264841,0.6133210396909028,0.6633210396909028,0.33952230417983836,0.7505374077976817,2.403881278538813,0.31473129610115913,0.6760449596066035,0.5899264094853806,0.03561643835616435,1.0,0.03264840182648399,0.7452000000000001,0.14188101285584637,0.03561643832054791,0.34501756346568885,0.002243770000897662,0.0999314778851749,False
coercive_order_control,126,0.92,0.9,0.9,0.9001761252446184,0.6632876712328767,0.6298238747553816,0.6181506849315068,0.6681506849315069,0.33671232876712326,0.7536986301369862,2.426712328767123,0.3131506849315069,0.6821917808219178,0.5950274449906926,0.043444227005870716,1.0,0.03982387475538149,0.7452000000000001,0.14468948213422006,0.04344422696242649,0.29811771398204606,0.0028862334185091472,0.10616265028263805,False
coercive_order_control,127,0.92,0.9,0.9,0.8930006523157208,0.6660976466455919,0.6369993476842792,0.6229803301721111,0.6729803301721111,0.3339023533544081,0.7568598524762908,2.449543378995434,0.3115700737618546,0.6883386020372322,0.6001284804960048,0.05127201565557726,1.0,0.046999347684279165,0.7452000000000001,0.14750132549040515,0.05127201560430524,0.25511004932236403,0.003497859799178878,0.11087222553435987,True
coercive_order_control,128,0.92,0.9,0.9,0.8858251793868233,0.668907622058307,0.6441748206131768,0.6278099754127151,0.6778099754127151,0.331092377941693,0.7600210748155953,2.4723744292237444,0.30998946259220234,0.6944854232525465,0.6052295160013168,0.059099804305283624,1.0,0.05417482061317667,0.7452000000000001,0.15031538222978713,0.059099804246183815,0.21639397672856725,0.00405531871111084,0.1143212068111111,True
coercive_order_control,129,0.92,0.9,0.9,0.8786497064579256,0.6717175974710221,0.6513502935420744,0.6326396206533194,0.6826396206533194,0.32828240252897783,0.7631822971548998,2.4952054794520553,0.30840885142255003,0.7006322444678609,0.6103305515066292,0.06692759295499018,1.0,0.061350293542074344,0.7452000000000001,0.1531304767082285,0.06692759288806258,0.18211701622846177,0.00454331879965182,0.11671138478333673,True
coercive_order_control,130,0.92,0.9,0.9,0.8714742335290281,0.6745275728837372,0.6585257664709719,0.6374692658939234,0.6874692658939234,0.32547242711626273,0.7663435194942043,2.5180365296803653,0.3068282402528978,0.7067790656831752,0.6154315870119412,0.07475538160469654,1.0,0.06852576647097183,0.7452000000000001,0.15594541838401083,0.07475538152994116,0.15221487546818235,0.004953452537082098,0.11820738894320142,True
coercive_order_control,131,0.92,0.9,0.9,0.8642987606001304,0.6773375482964524,0.6657012393998696,0.6422989111345276,0.6922989111345277,0.3226624517035475,0.769504741833509,2.540867579908676,0.30524762908324554,0.7129258868984897,0.6205326225172534,0.0825831702544031,1.0,0.0757012393998695,0.7452000000000001,0.15875900186882674,0.08258317017181992,0.12646327485497616,0.00528286967372722,0.11894775775923411,True
coercive_order_control,132,0.92,0.9,0.9,0.8571232876712329,0.6801475237091675,0.6728767123287671,0.6471285563751317,0.6971285563751317,0.3198524762908324,0.7726659641728135,2.5636986301369866,0.3036670179135933,0.719072708113804,0.6256336580225654,0.09041095890410947,1.0,0.08287671232876702,0.7452000000000001,0.16157000697785812,0.0904109588136985,0.10453114168680655,0.005532943138051272,0.11905095884766904,True
coercive_order_control,133,0.92,0.9,0.9,0.8499478147423353,0.6829574991218827,0.6800521852576648,0.6519582016157359,0.701958201615736,0.31704250087811725,0.775827186512118,2.586529680365297,0.302086406743941,0.7252195293291184,0.6307346935278778,0.09823874755381601,1.0,0.09005218525766469,0.7452000000000001,0.16437719877897838,0.09823874745557726,0.08602804028267215,0.005708043765173855,0.11861900241032508,False
coercive_order_control,134,0.92,0.9,0.9,0.8427723418134377,0.6857674745345979,0.6872276581865623,0.65678784685634,0.70678784685634,0.31423252546540215,0.7789884088514225,2.6093607305936075,0.30050579557428875,0.7313663505444327,0.6358357290331899,0.10606653620352238,1.0,0.09722765818656219,0.7452000000000001,0.16717932764111113,0.10606653609745584,0.07054216759616547,0.005814490941207311,0.11773988495161473,False
coercive_order_control,135,0.92,0.9,0.9,0.8355968688845401,0.688577449947313,0.6944031311154599,0.6616174920969442,0.7116174920969442,0.311422550052687,0.782149631190727,2.6321917808219184,0.29892518440463645,0.7375131717597472,0.640936764538502,0.11389432485322892,1.0,0.10440313111545986,0.7452000000000001,0.16997512928177774,0.11389432473933458,0.05766801369349976,0.005859705053455663,0.11648944760075369,False
coercive_order_control,136,0.92,0.9,0.9,0.8284213959556426,0.6913874253600281,0.7015786040443575,0.6664471373375483,0.7164471373375483,0.3086125746399719,0.7853108535300315,2.6550228310502284,0.2973445732349842,0.7436599929750615,0.6460378000438141,0.1217221135029353,1.0,0.11157860404435736,0.7452000000000001,0.17276332481386492,0.12172211338121318,0.04702455778741321,0.005851558463530379,0.11493291906078008,False
coercive_order_control,137,0.92,0.9,0.9,0.8212459230267449,0.6941974007727432,0.7087540769732551,0.6712767825781525,0.7212767825781525,0.3058025992272567,0.7884720758693361,2.677853881278539,0.29576396206533195,0.7498068141903758,0.6511388355491261,0.12954990215264184,1.0,0.11875407697325503,0.7452000000000001,0.17554262079164024,0.1295499020230919,0.03826573432179269,0.00579790428365235,0.1131262621872175,False
coercive_order_control,138,0.92,0.9,0.9,0.8140704500978474,0.6970073761854583,0.7159295499021526,0.6761064278187565,0.7261064278187566,0.3029926238145416,0.7916332982086406,2.7006849315068493,0.2941833508956797,0.75595363540569,0.6562398710544382,0.1373776908023482,1.0,0.12592954990215255,0.7452000000000001,0.1783117092560427,0.13737769066497052,0.031085119338463803,0.005706254141158999,0.11111737340699943,False
coercive_order_control,139,0.92,0.9,0.9,0.8068949771689498,0.6998173515981735,0.7231050228310503,0.6809360730593608,0.7309360730593608,0.30018264840182646,0.7947945205479452,2.72351598173516,0.2926027397260274,0.7621004566210046,0.6613409065597505,0.14520547945205475,1.0,0.13310502283105022,0.7452000000000001,0.18106926777927496,0.14520547930684927,0.025216626007246782,0.0055835744286424896,0.10894715453405433,False
coercive_order_control,140,0.92,0.9,0.9,0.7997195042400522,0.7026273270108886,0.7302804957599478,0.6857657182999648,0.7357657182999648,0.29737267298911135,0.7979557428872497,2.74634703196347,0.29102212855637516,0.7682472778363189,0.6664419420650626,0.1530332681017611,1.0,0.1402804957599477,0.7452000000000001,0.1838139595087217,0.15303326794872782,0.020432669384062813,0.005436172653049483,0.10665046590397605,False
coercive_order_control,141,0.92,0.9,0.9,0.7925440313111546,0.7054373024236038,0.7374559686888454,0.690595363540569,0.7405953635405691,0.29456269757639614,0.8011169652265542,2.769178082191781,0.28944151738672286,0.7743940990516333,0.6715429775703747,0.16086105675146767,1.0,0.14745596868884536,0.7452000000000001,0.18654443321021616,0.1608610565906066,0.01654089750737921,0.00526964946886615,0.10425696737714048,False
coercive_order_control,142,0.92,0.9,0.9,0.785368558382257,0.7082472778363189,0.744631441617743,0.6954250087811731,0.7454250087811731,0.29175272216368103,0.8042781875658587,2.792009132420091,0.2878609062170706,0.7805409202669475,0.6766440130756868,0.16868884540117401,1.0,0.15463144161774287,0.7452000000000001,0.1892593233106785,0.16868884523248515,0.013380258943617787,0.0050888965265408126,0.10179185438034857,False
coercive_order_control,143,0.92,0.9,0.9,0.7781930854533594,0.711057253249034,0.7518069145466406,0.7002546540217773,0.7502546540217774,0.2889427467509659,0.8074394099051633,2.814840182648402,0.28628029504741836,0.7866877414822621,0.6817450485809992,0.17651663405088058,1.0,0.16180691454664053,0.7452000000000001,0.19195724994014593,0.17651663387436395,0.01081691334270539,0.0048981246428782665,0.09927649738606668,False
coercive_order_control,144,0.92,0.9,0.9,0.7710176125244619,0.7138672286617491,0.7589823874755381,0.7050842992623814,0.7550842992623814,0.28613277133825077,0.8106006322444678,2.8376712328767124,0.2846996838777661,0.7928345626975764,0.6868460840863112,0.18434442270058693,1.0,0.16898238747553804,0.7452000000000001,0.1946368189732149,0.1843444225162425,0.008740294615730497,0.0047009106381190905,0.09672899413631143,False
coercive_order_control,145,0.92,0.9,0.9,0.7638421395955642,0.7166772040744643,0.7661578604044358,0.7099139445029856,0.7599139445029857,0.2833227959255356,0.8137618545837724,2.8605022831050233,0.2831190727081138,0.7989813839128908,0.6919471195916234,0.1921722113502935,1.0,0.17615786040443573,0.7452000000000001,0.19729662206991458,0.19217221115812128,0.007059497627336852,0.004500254355954595,0.09416464426438702,False
coercive_order_control,146,0.92,0.9,0.9,0.7566666666666667,0.7194871794871794,0.7733333333333333,0.7147435897435896,0.7647435897435897,0.2805128205128205,0.8169230769230769,2.8833333333333333,0.28153846153846157,0.805128205128205,0.6970481550969354,0.19999999999999987,1.0,0.18333333333333324,0.7452000000000001,0.19993523671602884,0.19999999979999986,0.005700066624503366,0.004298639894022958,0.09159635580020987,False
coercive_order_control,147,0.92,0.9,0.9,0.7494911937377691,0.7222971548998947,0.780508806262231,0.7195732349841939,0.7695732349841939,0.27770284510010534,0.8200842992623814,2.906164383561644,0.27995785036880927,0.8112750263435194,0.7021491906022477,0.2078277886497064,1.0,0.1905088062622309,0.7452000000000001,0.20255122626288496,0.2078277884418786,0.004601205002647193,0.004098096995973653,0.08903499250531849,False
coercive_order_control,148,0.92,0.9,0.9,0.7423157208088715,0.7251071303126098,0.7876842791911285,0.7244028802247979,0.774402880224798,0.27489286968739024,0.8232455216016858,2.928995433789954,0.278377239199157,0.8174218475588337,0.7072502261075598,0.2156555772994128,1.0,0.1976842791911284,0.7452000000000001,0.2051431399666243,0.21565557708375718,0.0037133913087853076,0.003900259988953268,0.08648967021884962,False
coercive_order_control,149,0.92,0.9,0.9,0.7351402478799739,0.7279171057253249,0.794859752120026,0.7292325254654022,0.7792325254654021,0.2720828942746751,0.8264067439409905,2.9518264840182646,0.2767966280295048,0.8235686687741481,0.712351261612872,0.22348336594911933,1.0,0.20485975212002608,0.7452000000000001,0.2077095130269718,0.22348336572563596,0.002996367758119007,0.0037064226907082445,0.08396800952574411,False
coercive_order_control,150,0.92,0.9,0.9,0.7279647749510764,0.73072708113804,0.8020352250489236,0.7340621707060062,0.7840621707060063,0.26927291886196,0.8295679662802949,2.974657534246575,0.27521601685985253,0.8297154899894624,0.717452297118184,0.2313111545988257,1.0,0.21203522504892358,0.7452000000000001,0.2102488666255182,0.23131115436751454,0.0024174592689243067,0.0035175884469136297,0.08147635116898765,False
coercive_order_control,151,0.92,0.9,0.9,0.7207893020221787,0.7335370565507553,0.8092106979778213,0.7388918159466107,0.7888918159466106,0.2664629434492447,0.8327291886195995,2.9974885844748864,0.2736354056902002,0.835862311204777,0.7225533326234965,0.23913894324853224,1.0,0.21921069797782125,0.7452000000000001,0.21275970796352875,0.23913894300939328,0.0019501791005107176,0.0033345149662253205,0.07901993977415753,False
coercive_order_control,152,0.92,0.9,0.9,0.7136138290932812,0.7363470319634704,0.8163861709067188,0.7437214611872147,0.7937214611872146,0.2636529680365296,0.835890410958904,3.020319634703197,0.2720547945205479,0.8420091324200913,0.7276543681288086,0.24696673189823862,1.0,0.22638617090671875,0.7452000000000001,0.2152405302992934,0.24696673165127186,0.0015730789170326184,0.003157753957777945,0.07660308066858955,False
coercive_order_control,153,0.92,0.9,0.9,0.7064383561643836,0.7391570073761855,0.8235616438356164,0.7485511064278187,0.7985511064278188,0.2608429926238145,0.8390516332982085,3.043150684931507,0.2704741833508957,0.8481559536354056,0.7327554036341206,0.25479452054794516,1.0,0.23356164383561642,0.7452000000000001,0.21768981298503096,0.25479452029315064,0.00126880474526713,0.0029876857900962292,0.0742292738741135,False
coercive_order_control,154,0.92,0.9,0.9,0.699262883235486,0.74,0.8275407697325505,0.75,0.8,0.25999999999999995,0.84,3.0500000000000003,0.27,0.85,0.7324592302674494,0.26262230919765156,1.0,0.24073711676451395,0.7452000000000001,0.21767661677308617,0.26262230893502925,0.0008438039651094746,0.0028217207474267904,0.06964674406920139,False
coercive_order_control,155,0.92,0.9,0.9,0.6920874103065884,0.74,0.830150032615786,0.75,0.8,0.25999999999999995,0.84,3.0500000000000003,0.27,0.85,0.7298499673842139,0.2704500978473581,1.0,0.24791258969341162,0.7452000000000001,0.21659901380076027,0.27045009757690797,0.0006264872937093214,0.0026625835155640455,0.06633337350229776,False
coercive_order_control,156,0.92,0.9,0.9,0.6849119373776908,0.74,0.8327592954990215,0.75,0.8,0.25999999999999995,0.84,3.0500000000000003,0.27,0.85,0.7272407045009784,0.2782778864970645,1.0,0.2550880626223091,0.7452000000000001,0.21549995861616886,0.2782778862187866,0.0005052157900513591,0.0025112639275585934,0.06394861450317858,False
coercive_order_control,157,0.92,0.9,0.9,0.6777364644487931,0.74,0.835368558382257,0.75,0.8,0.25999999999999995,0.84,3.0500000000000003,0.27,0.85,0.724631441617743,0.286105675146771,1.0,0.2622635355512068,0.7452000000000001,0.21437936967065852,0.2861056748606653,0.0004074096979144111,0.0023675818254990724,0.06163390823259768,False
coercive_order_control,158,0.92,0.9,0.9,0.6705609915198957,0.74,0.8379778212654925,0.75,0.8,0.25999999999999995,0.84,3.0500000000000003,0.27,0.85,0.7220221787345075,0.2939334637964774,1.0,0.26943900848010427,0.7452000000000001,0.2132371655243879,0.2939334635025439,0.00032853192811421484,0.0022313209076192347,0.05938881856189564,False
coercive_order_control,159,0.92,0.9,0.9,0.663385518590998,0.74,0.840587084148728,0.75,0.8,0.25999999999999995,0.84,3.0500000000000003,0.27,0.85,0.719412915851272,0.3017612524461839,1.0,0.2766144814090019,0.7452000000000001,0.21207326484575487,0.3017612521444226,0.0002649214768537313,0.0021022382353566007,0.05721267469149125,False
coercive_order_control,160,0.92,0.9,0.9,0.6562100456621005,0.74,0.8431963470319634,0.75,0.8,0.25999999999999995,0.84,3.0500000000000003,0.27,0.85,0.7168036529680365,0.3095890410958903,1.0,0.28378995433789944,0.7452000000000001,0.2108875864108306,0.30958904078630123,0.00021362466847555812,0.001980072092607303,0.05510461114365814,False
coercive_order_control,161,0.92,0.9,0.9,0.6490345727332029,0.74,0.8458056099151989,0.75,0.8,0.25999999999999995,0.84,3.0500000000000003,0.27,0.85,0.714194390084801,0.3174168297455968,1.0,0.2909654272667971,0.7452000000000001,0.2096800491027973,0.31741682942817995,0.00017225876183348915,0.0018645484368522095,0.05306360207193524,False
coercive_order_control,162,0.92,0.9,0.9,0.6418590998043053,0.74,0.8484148727984344,0.75,0.8,0.25999999999999995,0.84,3.0500000000000003,0.27,0.85,0.7115851272015655,0.3252446183953032,1.0,0.2981409001956946,0.7452000000000001,0.20845057191139083,0.32524461807005856,0.0001389017640577294,0.0017553861537130896,0.051088490696074636,False
coercive_order_control,163,0.92,0.9,0.9,0.6346836268754077,0.74,0.8510241356816699,0.75,0.8,0.25999999999999995,0.84,3.0500000000000003,0.27,0.85,0.70897586431833,0.33307240704500973,1.0,0.30531637312459226,0.7452000000000001,0.2071990739323492,0.3330724067119373,0.00011200344880272764,0.0016523012999854697,0.04917801455184573,False
coercive_order_control,164,0.92,0.9,0.9,0.6275081539465102,0.74,0.8536333985649054,0.75,0.8,0.25999999999999995,0.84,3.0500000000000003,0.27,0.85,0.7063666014350946,0.34090019569471613,1.0,0.3124918460534898,0.7452000000000001,0.20592547436686495,0.34090019535381594,9.03135196024849e-05,0.0015550104957748761,0.04733082714388547,False
coercive_order_control,165,0.92,0.9,0.9,0.6203326810176125,0.74,0.8562426614481409,0.75,0.8,0.25999999999999995,0.84,3.0500000000000003,0.27,0.85,0.7037573385518591,0.34872798434442265,1.0,0.3196673189823874,0.7452000000000001,0.2046296925210422,0.34872798399569466,7.28236286136166e-05,0.001463233604260004,0.04554551650417329,False
coercive_order_control,166,0.92,0.9,0.9,0.613157208088715,0.74,0.8588519243313764,0.75,0.8,0.25999999999999995,0.84,3.0500000000000003,0.27,0.85,0.7011480756686236,0.35655577299412905,1.0,0.32684279191128496,0.7452000000000001,0.20331164780535932,0.35655577263757327,5.8720587391171e-05,0.001376695817868823,0.04382062108614577,False
coercive_order_control,167,0.92,0.9,0.9,0.6059817351598173,0.74,0.8614611872146118,0.75,0.8,0.25999999999999995,0.84,3.0500000000000003,0.27,0.85,0.6985388127853881,0.36438356164383556,1.0,0.3340182648401826,0.7452000000000001,0.2019712597341348,0.364383561279452,4.734861515530412e-05,0.00129512925221741,0.04215464336286829,False
coercive_order_control,168,0.92,0.9,0.9,0.5988062622309198,0.74,0.8640704500978473,0.75,0.8,0.25999999999999995,0.84,3.0500000000000003,0.27,0.85,0.6959295499021526,0.37221135029354196,1.0,0.34119373776908013,0.7452000000000001,0.2006084479249993,0.3722113499213306,3.8178882723714287e-05,0.0012182741338929903,0.04054606144531639,False
coercive_order_control,169,0.92,0.9,0.9,0.5916307893020221,0.74,0.8666797129810828,0.75,0.8,0.25999999999999995,0.84,3.0500000000000003,0.27,0.85,0.6933202870189171,0.3800391389432485,1.0,0.3483692106979778,0.7452000000000001,0.19922313209837053,0.3800391385632093,3.078494466219253e-05,0.0011458796548904188,0.03899333899222719,False
coercive_order_control,170,0.92,0.9,0.9,0.5844553163731246,0.74,0.8692889758643183,0.75,0.8,0.25999999999999995,0.84,3.0500000000000003,0.27,0.85,0.6907110241356816,0.3878669275929549,1.0,0.3555446836268753,0.7452000000000001,0.1978152320769343,0.3878669272050879,2.4822922859831414e-05,0.001077704555045827,0.03749493364495348,False
coercive_order_control,171,0.92,0.9,0.9,0.577279843444227,0.74,0.8718982387475538,0.75,0.8,0.25999999999999995,0.84,3.0500000000000003,0.27,0.85,0.6881017612524462,0.3956947162426614,1.0,0.362720156555773,0.7452000000000001,0.1963846677851282,0.39569471584696664,2.001552364568947e-05,0.001013517483959568,0.03604930418826777,False
coercive_order_control,172,0.92,0.9,0.9,0.5701043705153295,0.74,0.8745075016307893,0.75,0.8,0.25999999999999995,0.84,3.0500000000000003,0.27,0.85,0.6854924983692107,0.4035225048923678,1.0,0.3698956294846705,0.7452000000000001,0.19493135924863111,0.40352250448884525,1.6139147515820488e-05,0.0009530971854755478,0.034654916610276906,False
coercive_order_control,173,0.92,0.9,0.9,0.5629288975864317,0.74,0.8771167645140248,0.75,0.8,0.25999999999999995,0.84,3.0500000000000003,0.27,0.85,0.6828832354859752,0.4113502935420743,1.0,0.37707110241356817,0.7452000000000001,0.19345522659385628,0.41135029313072397,1.3013493506328636e-05,0.0008962325406091238,0.03331024921080246,False
coercive_order_control,174,0.92,0.9,0.9,0.5557534246575343,0.74,0.8797260273972602,0.75,0.8,0.25999999999999995,0.84,3.0500000000000003,0.27,0.85,0.6802739726027397,0.4191780821917807,1.0,0.38424657534246565,0.7452000000000001,0.1919561900474489,0.4191780817726026,1.0493175711807686e-05,0.000842722498728571,0.032013796887164415,False
coercive_order_control,175,0.92,0.9,0.9,0.5485779517286367,0.74,0.8823352902804957,0.75,0.8,0.25999999999999995,0.84,3.0500000000000003,0.27,0.85,0.6776647097195042,0.4270058708414872,1.0,0.39142204827136334,0.7452000000000001,0.19043416993578743,0.4270058704144813,8.46096267082889e-06,0.0007923759216486448,0.030764074708769018,False
coercive_order_control,176,0.92,0.9,0.9,0.5414024787997391,0.74,0.8849445531637312,0.75,0.8,0.25999999999999995,0.84,3.0500000000000003,0.27,0.85,0.6750554468362687,0.4348336594911936,1.0,0.3985975212002608,0.7452000000000001,0.18888908668448973,0.43483365905635996,6.822325586414774e-06,0.0007450113609576069,0.029559620876826103,False
coercive_order_control,177,0.92,0.9,0.9,0.5342270058708414,0.74,0.8875538160469667,0.75,0.8,0.25999999999999995,0.84,3.0500000000000003,0.27,0.85,0.6724461839530332,0.44266144814090014,1.0,0.4057729941291585,0.7452000000000001,0.18732086081792299,0.4426614476982387,5.501042073660778e-06,0.0007004567852550409,0.028398999152542948,False
coercive_order_control,178,0.92,0.9,0.9,0.5270515329419438,0.74,0.8901630789302022,0.75,0.8,0.25999999999999995,0.84,3.0500000000000003,0.27,0.85,0.6698369210697978,0.4504892367906065,1.0,0.41294846705805605,0.7452000000000001,0.18572941295871764,0.4504892363401172,4.435651123522581e-06,0.0006585492709249769,0.02728080082596402,False
coercive_order_control,179,0.92,0.9,0.9,0.5198760600130463,0.74,0.8927723418134377,0.75,0.8,0.25999999999999995,0.84,3.0500000000000003,0.27,0.85,0.6672276581865623,0.45831702544031305,1.0,0.4201239399869537,0.7452000000000001,0.18411466382728528,0.458317024981996,3.576594500912415e-06,0.0006191346675185519,0.026203646287984047,False
coercive_order_control,180,0.92,0.9,0.9,0.5127005870841488,0.74,0.8953816046966732,0.75,0.8,0.25999999999999995,0.84,3.0500000000000003,0.27,0.85,0.6646183953033268,0.4661448140900194,1.0,0.4272994129158512,0.7452000000000001,0.1824765342413407,0.46614481362387455,2.8839116827394926e-06,0.0005820672466958701,0.025166186259744063,False
coercive_order_control,181,0.92,0.9,0.9,0.505525114155251,0.74,0.8979908675799086,0.75,0.8,0.25999999999999995,0.84,3.0500000000000003,0.27,0.85,0.6620091324200913,0.47397260273972597,1.0,0.43447488584474886,0.7452000000000001,0.1808149451154276,0.47397260226575333,2.3253811624369693e-06,0.000547209341911767,0.02416710272643308,False
coercive_order_control,182,0.92,0.9,0.9,0.49834964122635356,0.74,0.9006001304631441,0.75,0.8,0.25999999999999995,0.84,3.0500000000000003,0.27,0.85,0.6593998695368558,0.4818003913894323,1.0,0.4416503587736464,0.7452000000000001,0.179129817460449,0.4818003909076319,1.875021692950568e-06,0.0005144309845681384,0.023205109616307937,False
coercive_order_control,183,0.92,0.9,0.9,0.4911741682974559,0.74,0.9032093933463796,0.75,0.8,0.25999999999999995,0.84,3.0500000000000003,0.27,0.85,0.6567906066536203,0.4896281800391389,1.0,0.44882583170254403,0.7452000000000001,0.1774210723831998,0.48962817954951066,1.5118837716498428e-06,0.00048360954114797823,0.022278953260371194,False
coercive_order_control,184,0.92,0.9,0.9,0.4839986953685584,0.74,0.9058186562296151,0.75,0.8,0.25999999999999995,0.84,3.0500000000000003,0.27,0.85,0.6541813437703848,0.49745596868884523,1.0,0.45600130463144156,0.7452000000000001,0.17568863108590504,0.4974559681913892,1.219075164203829e-06,0.00045462935485206593,0.021387412663497064,False
coercive_order_control,185,0.92,0.9,0.9,0.47682322243966074,0.74,0.9084279191128506,0.75,0.8,0.25999999999999995,0.84,3.0500000000000003,0.27,0.85,0.6515720808871494,0.5052837573385518,1.0,0.4631767775603392,0.7452000000000001,0.17393241486576044,0.505283756833268,9.829751463496995e-07,0.0004273813944434312,0.02052929961376717,False
coercive_order_control,186,0.92,0.9,0.9,0.4696477495107632,0.74,0.9110371819960861,0.75,0.8,0.25999999999999995,0.84,3.0500000000000003,0.27,0.85,0.6489628180039139,0.5131115459882581,1.0,0.47035225048923673,0.7452000000000001,0.1721523451144777,0.5131115454751466,7.926009179180372e-07,0.0004017629123377416,0.01970345865328677,False
coercive_order_control,187,0.92,0.9,0.9,0.46247227658186557,0.74,0.9136464448793216,0.75,0.8,0.25999999999999995,0.84,3.0500000000000003,0.27,0.85,0.6463535551206784,0.5209393346379647,1.0,0.4775277234181344,0.7452000000000001,0.1703483433178324,0.5209393341170253,6.390967200493523e-07,0.0003776771134346638,0.018908766930723832,False
coercive_order_control,188,0.92,0.9,0.9,0.45529680365296804,0.74,0.916255707762557,0.75,0.8,0.25999999999999995,0.84,3.0500000000000003,0.27,0.85,0.6437442922374429,0.5287671232876711,1.0,0.4847031963470319,0.7452000000000001,0.16852033105521683,0.5287671227589039,5.15321893025188e-07,0.00035503283574506416,0.01814413395318446,False
coercive_order_control,189,0.92,0.9,0.9,0.44812133072407034,0.74,0.9188649706457925,0.75,0.8,0.25999999999999995,0.84,3.0500000000000003,0.27,0.85,0.6411350293542074,0.5365949119373776,1.0,0.4918786692759296,0.7452000000000001,0.16666822999919495,0.5365949114007826,4.155187137319646e-07,0.0003337442435140031,0.01740850125275513,False
coercive_order_control,190,0.92,0.9,0.9,0.44094585779517287,0.74,0.921474233529028,0.75,0.8,0.25999999999999995,0.84,3.0500000000000003,0.27,0.85,0.6385257664709719,0.544422700587084,1.0,0.4990541422048271,0.7452000000000001,0.16479196191506226,0.5444227000426612,3.350445623620287e-07,0.00031373053325507944,0.016700841981057202,False
coercive_order_control,191,0.92,0.9,0.9,0.43377038486627517,0.74,0.9240834964122635,0.75,0.8,0.25999999999999995,0.84,3.0500000000000003,0.27,0.85,0.6359165035877364,0.5522504892367905,1.0,0.5062296151337248,0.7452000000000001,0.16289144866040792,0.55225048868454,2.7015596003028433e-07,0.0002949156528854315,0.016020160443432283,False
coercive_order_control,192,0.92,0.9,0.9,0.42659491193737775,0.74,0.926692759295499,0.75,0.8,0.25999999999999995,0.84,3.0500000000000003,0.27,0.85,0.633307240704501,0.5600782778864969,1.0,0.5134050880626222,0.7452000000000001,0.16096661218468167,0.5600782773264186,2.178344316593438e-07,0.00027722803397229917,0.015365491582873984,False
coercive_order_control,193,0.92,0.9,0.9,0.41941943900848,0.74,0.9293020221787345,0.75,0.8,0.25999999999999995,0.84,3.0500000000000003,0.27,0.85,0.6306979778212655,0.5679060665362035,1.0,0.52058056099152,0.7452000000000001,0.15901737452876252,0.5679060659682973,1.756460939458489e-07,0.0002606003369628941,0.014735900422510443,False
coercive_order_control,194,0.92,0.9,0.9,0.4122439660795826,0.74,0.93191128506197,0.75,0.8,0.25999999999999995,0.84,3.0500000000000003,0.27,0.85,0.62808871493803,0.5757338551859098,1.0,0.5277560339204174,0.7452000000000001,0.1570436578245328,0.5757338546101759,1.416284369341691e-07,0.00024496920916227554,0.014130481474300351,False
coercive_order_control,195,0.92,0.9,0.9,0.4050684931506848,0.74,0.9345205479452054,0.75,0.8,0.25999999999999995,0.84,3.0500000000000003,0.27,0.85,0.6254794520547945,0.5835616438356164,1.0,0.5349315068493151,0.7452000000000001,0.15504538429445355,0.5835616432520547,1.1419903264372304e-07,0.00023027505514304784,0.013548358120606016,False
coercive_order_control,196,0.92,0.9,0.9,0.3978930202217874,0.74,0.9371298108284409,0.75,0.8,0.25999999999999995,0.84,3.0500000000000003,0.27,0.85,0.622870189171559,0.5913894324853227,1.0,0.5421069797782125,0.7452000000000001,0.15302247625114515,0.5913894318939332,9.208192415160386e-08,0.00021646181921107367,0.012988681974436152,False
coercive_order_control,197,0.92,0.9,0.9,0.39071754729288966,0.74,0.9397390737116764,0.75,0.8,0.25999999999999995,0.84,3.0500000000000003,0.27,0.85,0.6202609262883235,0.5992172211350293,1.0,0.5492824527071103,0.7452000000000001,0.15097485609696926,0.5992172205358121,7.424827096035769e-08,0.0002034767795089625,0.01245063222338648,False
coercive_order_control,198,0.92,0.9,0.9,0.3899999999999999,0.74,0.94,0.75,0.8,0.25999999999999995,0.84,3.0500000000000003,0.27,0.85,0.6199999999999999,0.6,1.0,0.55,0.7452000000000001,0.15076873193061244,0.5999999993999999,6.868480523737871e-08,0.0001912706453914108,0.012191373346640463,False
coercive_order_control,199,0.92,0.9,0.9,0.3899999999999999,0.74,0.94,0.75,0.8,0.25999999999999995,0.84,3.0500000000000003,0.27,0.85,0.6199999999999999,0.6,1.0,0.55,0.7452000000000001,0.15076873193061244,0.5999999993999999,6.825602910446286e-08,0.00017979686388497148,0.012067428985557129,False
coercive_order_control,200,0.92,0.9,0.9,0.3899999999999999,0.74,0.94,0.75,0.8,0.25999999999999995,0.84,3.0500000000000003,0.27,0.85,0.6199999999999999,0.6,1.0,0.55,0.7452000000000001,0.15076873193061244,0.5999999993999999,6.825602910446286e-08,0.00016901150926891848,0.011955971659729463,False
coercive_order_control,201,0.92,0.9,0.9,0.3899999999999999,0.74,0.94,0.75,0.8,0.25999999999999995,0.84,3.0500000000000003,0.27,0.85,0.6199999999999999,0.6,1.0,0.55,0.7452000000000001,0.15076873193061244,0.5999999993999999,6.825602910446286e-08,0.00015887327592982868,0.011845545425840933,False
coercive_order_control,202,0.92,0.9,0.9,0.3899999999999999,0.74,0.94,0.75,0.8,0.25999999999999995,0.84,3.0500000000000003,0.27,0.85,0.6199999999999999,0.6,1.0,0.55,0.7452000000000001,0.15076873193061244,0.5999999993999999,6.825602910446286e-08,0.00014934333659108427,0.011736140834255455,False
coercive_order_control,203,0.92,0.9,0.9,0.3899999999999999,0.74,0.94,0.75,0.8,0.25999999999999995,0.84,3.0500000000000003,0.27,0.85,0.6199999999999999,0.6,1.0,0.55,0.7452000000000001,0.15076873193061244,0.5999999993999999,6.825602910446286e-08,0.0001403851936126645,0.011627748526733834,False
coercive_order_control,204,0.92,0.9,0.9,0.3899999999999999,0.74,0.94,0.75,0.8,0.25999999999999995,0.84,3.0500000000000003,0.27,0.85,0.6199999999999999,0.6,1.0,0.55,0.7452000000000001,0.15076873193061244,0.5999999993999999,6.825602910446286e-08,0.00013196453921294994,0.011520359235810055,False
coercive_order_control,205,0.92,0.9,0.9,0.3899999999999999,0.74,0.94,0.75,0.8,0.25999999999999995,0.84,3.0500000000000003,0.27,0.85,0.6199999999999999,0.6,1.0,0.55,0.7452000000000001,0.15076873193061244,0.5999999993999999,6.825602910446286e-08,0.00012404912407721824,0.01141396378418517,False
coercive_order_control,206,0.92,0.9,0.9,0.3899999999999999,0.74,0.94,0.75,0.8,0.25999999999999995,0.84,3.0500000000000003,0.27,0.85,0.6199999999999999,0.6,1.0,0.55,0.7452000000000001,0.15076873193061244,0.5999999993999999,6.825602910446286e-08,0.00011660863384963045,0.011308553084139295,False
coercive_order_control,207,0.92,0.9,0.9,0.3899999999999999,0.74,0.94,0.75,0.8,0.25999999999999995,0.84,3.0500000000000003,0.27,0.85,0.6199999999999999,0.6,1.0,0.55,0.7452000000000001,0.15076873193061244,0.5999999993999999,6.825602910446286e-08,0.00010961457303569792,0.011204118136962109,False
coercive_order_control,208,0.92,0.9,0.9,0.3899999999999999,0.74,0.94,0.75,0.8,0.25999999999999995,0.84,3.0500000000000003,0.27,0.85,0.6199999999999999,0.6,1.0,0.55,0.7452000000000001,0.15076873193061244,0.5999999993999999,6.825602910446286e-08,0.00010304015587060134,0.01110065003240251,False
coercive_order_control,209,0.92,0.9,0.9,0.3899999999999999,0.74,0.94,0.75,0.8,0.25999999999999995,0.84,3.0500000000000003,0.27,0.85,0.6199999999999999,0.6,1.0,0.55,0.7452000000000001,0.15076873193061244,0.5999999993999999,6.825602910446286e-08,9.686020373541056e-05,0.010998139948137869,False
coercive_order_control,210,0.92,0.9,0.9,0.3899999999999999,0.74,0.94,0.75,0.8,0.25999999999999995,0.84,3.0500000000000003,0.27,0.85,0.6199999999999999,0.6,1.0,0.55,0.7452000000000001,0.15076873193061244,0.5999999993999999,6.825602910446286e-08,9.105104872833122e-05,0.010896579149263563,False
coercive_order_control,211,0.92,0.9,0.9,0.3899999999999999,0.74,0.94,0.75,0.8,0.25999999999999995,0.84,3.0500000000000003,0.27,0.85,0.6199999999999999,0.6,1.0,0.55,0.7452000000000001,0.15076873193061244,0.5999999993999999,6.825602910446286e-08,8.559044302167665e-05,0.010795958987803344,False
coercive_order_control,212,0.92,0.9,0.9,0.3899999999999999,0.74,0.94,0.75,0.8,0.25999999999999995,0.84,3.0500000000000003,0.27,0.85,0.6199999999999999,0.6,1.0,0.55,0.7452000000000001,0.15076873193061244,0.5999999993999999,6.825602910446286e-08,8.045747365742134e-05,0.010696270902241256,False
coercive_order_control,213,0.92,0.9,0.9,0.3899999999999999,0.74,0.94,0.75,0.8,0.25999999999999995,0.84,3.0500000000000003,0.27,0.85,0.6199999999999999,0.6,1.0,0.55,0.7452000000000001,0.15076873193061244,0.5999999993999999,6.825602910446286e-08,7.563248245502136e-05,0.010597506417075766,False
coercive_order_control,214,0.92,0.9,0.9,0.3899999999999999,0.74,0.94,0.75,0.8,0.25999999999999995,0.84,3.0500000000000003,0.27,0.85,0.6199999999999999,0.6,1.0,0.55,0.7452000000000001,0.15076873193061244,0.5999999993999999,6.825602910446286e-08,7.109699072476538e-05,0.010499657142396857,False
coercive_order_control,215,0.92,0.9,0.9,0.3899999999999999,0.74,0.94,0.75,0.8,0.25999999999999995,0.84,3.0500000000000003,0.27,0.85,0.6199999999999999,0.6,1.0,0.55,0.7452000000000001,0.15076873193061244,0.5999999993999999,6.825602910446286e-08,6.683362849832476e-05,0.01040271477348688,False
coercive_order_control,216,0.92,0.9,0.9,0.3899999999999999,0.74,0.94,0.75,0.8,0.25999999999999995,0.84,3.0500000000000003,0.27,0.85,0.6199999999999999,0.6,1.0,0.55,0.7452000000000001,0.15076873193061244,0.5999999993999999,6.825602910446286e-08,6.282606800547057e-05,0.010306671090445958,False
coercive_order_control,217,0.92,0.9,0.9,0.3899999999999999,0.74,0.94,0.75,0.8,0.25999999999999995,0.84,3.0500000000000003,0.27,0.85,0.6199999999999999,0.6,1.0,0.55,0.7452000000000001,0.15076873193061244,0.5999999993999999,6.825602910446286e-08,5.905896114218764e-05,0.010211517957842822,False
coercive_order_control,218,0.92,0.9,0.9,0.3899999999999999,0.74,0.94,0.75,0.8,0.25999999999999995,0.84,3.0500000000000003,0.27,0.85,0.6199999999999999,0.6,1.0,0.55,0.7452000000000001,0.15076873193061244,0.5999999993999999,6.825602910446286e-08,5.551788069070168e-05,0.010117247324392028,False
coercive_order_control,219,0.92,0.9,0.9,0.3899999999999999,0.74,0.94,0.75,0.8,0.25999999999999995,0.84,3.0500000000000003,0.27,0.85,0.6199999999999999,0.6,1.0,0.55,0.7452000000000001,0.15076873193061244,0.5999999993999999,6.825602910446286e-08,5.2189265066304875e-05,0.010023851222658451,False
copy_control,0,0.92,0.9,0.9,0.94,0.42,0.22,0.2,0.25,0.58,0.48,0.45,0.45,0.15,0.1,0.0,1.0,0.0,0.7452000000000001,0.006141275637912894,0.0,0.5,0.0,0.0,False
copy_control,1,0.92,0.9,0.9,0.94,0.42,0.22,0.2,0.25,0.58,0.48,0.45,0.45,0.15,0.1,0.0,1.0,0.0,0.7452000000000001,0.006141275637912894,0.0,0.5,0.0,0.0,False
copy_control,2,0.92,0.9,0.9,0.94,0.42,0.22,0.2,0.25,0.58,0.48,0.45,0.45,0.15,0.1,0.0,1.0,0.0,0.7452000000000001,0.006141275637912894,0.0,0.5,0.0,0.0,False
copy_control,3,0.92,0.9,0.9,0.94,0.42,0.22,0.2,0.25,0.58,0.48,0.45,0.45,0.15,0.1,0.0,1.0,0.0,0.7452000000000001,0.006141275637912894,0.0,0.5,0.0,0.0,False
copy_control,4,0.92,0.9,0.9,0.94,0.42,0.22,0.2,0.25,0.58,0.48,0.45,0.45,0.15,0.1,0.0,1.0,0.0,0.7452000000000001,0.006141275637912894,0.0,0.5,0.0,0.0,False
copy_control,5,0.92,0.9,0.9,0.94,0.42,0.22,0.2,0.25,0.58,0.48,0.45,0.45,0.15,0.1,0.0,1.0,0.0,0.7452000000000001,0.006141275637912894,0.0,0.5,0.0,0.0,False
copy_control,6,0.92,0.9,0.9,0.94,0.42,0.22,0.2,0.25,0.58,0.48,0.45,0.45,0.15,0.1,0.0,1.0,0.0,0.7452000000000001,0.006141275637912894,0.0,0.5,0.0,0.0,False
copy_control,7,0.92,0.9,0.9,0.94,0.42,0.22,0.2,0.25,0.58,0.48,0.45,0.45,0.15,0.1,0.0,1.0,0.0,0.7452000000000001,0.006141275637912894,0.0,0.5,0.0,0.0,False
copy_control,8,0.92,0.9,0.9,0.94,0.42,0.22,0.2,0.25,0.58,0.48,0.45,0.45,0.15,0.1,0.0,1.0,0.0,0.7452000000000001,0.006141275637912894,0.0,0.5,0.0,0.0,False
copy_control,9,0.92,0.9,0.9,0.94,0.42,0.22,0.2,0.25,0.58,0.48,0.45,0.45,0.15,0.1,0.0,1.0,0.0,0.7452000000000001,0.006141275637912894,0.0,0.5,0.0,0.0,False
copy_control,10,0.92,0.9,0.9,0.94,0.42,0.22,0.2,0.25,0.58,0.48,0.45,0.45,0.15,0.1,0.0,1.0,0.0,0.7452000000000001,0.006141275637912894,0.0,0.5,0.0,0.0,False
copy_control,11,0.92,0.9,0.9,0.94,0.42,0.22,0.2,0.25,0.58,0.48,0.45,0.45,0.15,0.1,0.0,1.0,0.0,0.7452000000000001,0.006141275637912894,0.0,0.5,0.0,0.0,False
copy_control,12,0.92,0.9,0.9,0.94,0.42,0.22,0.2,0.25,0.58,0.48,0.45,0.45,0.15,0.1,0.0,1.0,0.0,0.7452000000000001,0.006141275637912894,0.0,0.5,0.0,0.0,False
copy_control,13,0.92,0.9,0.9,0.94,0.42,0.22,0.2,0.25,0.58,0.48,0.45,0.45,0.15,0.1,0.0,1.0,0.0,0.7452000000000001,0.006141275637912894,0.0,0.5,0.0,0.0,False
copy_control,14,0.92,0.9,0.9,0.94,0.42,0.22,0.2,0.25,0.58,0.48,0.45,0.45,0.15,0.1,0.0,1.0,0.0,0.7452000000000001,0.006141275637912894,0.0,0.5,0.0,0.0,False
copy_control,15,0.92,0.9,0.9,0.94,0.42,0.22,0.2,0.25,0.58,0.48,0.45,0.45,0.15,0.1,0.0,1.0,0.0,0.7452000000000001,0.006141275637912894,0.0,0.5,0.0,0.0,False
copy_control,16,0.92,0.9,0.9,0.94,0.42,0.22,0.2,0.25,0.58,0.48,0.45,0.45,0.15,0.1,0.0,1.0,0.0,0.7452000000000001,0.006141275637912894,0.0,0.5,0.0,0.0,False
copy_control,17,0.92,0.9,0.9,0.94,0.42,0.22,0.2,0.25,0.58,0.48,0.45,0.45,0.15,0.1,0.0,1.0,0.0,0.7452000000000001,0.006141275637912894,0.0,0.5,0.0,0.0,False
copy_control,18,0.92,0.9,0.9,0.94,0.42,0.22,0.2,0.25,0.58,0.48,0.45,0.45,0.15,0.1,0.0,1.0,0.0,0.7452000000000001,0.006141275637912894,0.0,0.5,0.0,0.0,False
copy_control,19,0.92,0.9,0.9,0.94,0.42,0.22,0.2,0.25,0.58,0.48,0.45,0.45,0.15,0.1,0.0,1.0,0.0,0.7452000000000001,0.006141275637912894,0.0,0.5,0.0,0.0,False
copy_control,20,0.92,0.9,0.9,0.94,0.42,0.22,0.2,0.25,0.58,0.48,0.45,0.45,0.15,0.1,0.0,1.0,0.0,0.7452000000000001,0.006141275637912894,0.0,0.5,0.0,0.0,False
copy_control,21,0.92,0.9,0.9,0.94,0.42,0.22,0.2,0.25,0.58,0.48,0.45,0.45,0.15,0.1,0.0,1.0,0.0,0.7452000000000001,0.006141275637912894,0.0,0.5,0.0,0.0,False
copy_control,22,0.92,0.9,0.9,0.94,0.42,0.22,0.2,0.25,0.58,0.48,0.45,0.45,0.15,0.1,0.0,1.0,0.0,0.7452000000000001,0.006141275637912894,0.0,0.5,0.0,0.0,False
copy_control,23,0.92,0.9,0.9,0.94,0.42,0.22,0.2,0.25,0.58,0.48,0.45,0.45,0.15,0.1,0.0,1.0,0.0,0.7452000000000001,0.006141275637912894,0.0,0.5,0.0,0.0,False
copy_control,24,0.92,0.9,0.9,0.94,0.42,0.22,0.2,0.25,0.58,0.48,0.45,0.45,0.15,0.1,0.0,1.0,0.0,0.7452000000000001,0.006141275637912894,0.0,0.5,0.0,0.0,False
copy_control,25,0.92,0.9,0.9,0.94,0.42,0.22,0.2,0.25,0.58,0.48,0.45,0.45,0.15,0.1,0.0,1.0,0.0,0.7452000000000001,0.006141275637912894,0.0,0.5,0.0,0.0,False
copy_control,26,0.92,0.9,0.9,0.94,0.42,0.22,0.2,0.25,0.58,0.48,0.45,0.45,0.15,0.1,0.0,1.0,0.0,0.7452000000000001,0.006141275637912894,0.0,0.5,0.0,0.0,False
copy_control,27,0.92,0.9,0.9,0.94,0.42,0.22,0.2,0.25,0.58,0.48,0.45,0.45,0.15,0.1,0.0,1.0,0.0,0.7452000000000001,0.006141275637912894,0.0,0.5,0.0,0.0,False
copy_control,28,0.92,0.9,0.9,0.94,0.42,0.22,0.2,0.25,0.58,0.48,0.45,0.45,0.15,0.1,0.0,1.0,0.0,0.7452000000000001,0.006141275637912894,0.0,0.5,0.0,0.0,False
copy_control,29,0.92,0.9,0.9,0.94,0.42,0.22,0.2,0.25,0.58,0.48,0.45,0.45,0.15,0.1,0.0,1.0,0.0,0.7452000000000001,0.006141275637912894,0.0,0.5,0.0,0.0,False
copy_control,30,0.92,0.9,0.9,0.94,0.42,0.22,0.2,0.25,0.58,0.48,0.45,0.45,0.15,0.1,0.0,1.0,0.0,0.7452000000000001,0.006141275637912894,0.0,0.5,0.0,0.0,False
copy_control,31,0.92,0.9,0.9,0.94,0.42,0.22,0.2,0.25,0.58,0.48,0.45,0.45,0.15,0.1,0.0,1.0,0.0,0.7452000000000001,0.006141275637912894,0.0,0.5,0.0,0.0,False
copy_control,32,0.92,0.9,0.9,0.94,0.42,0.22,0.2,0.25,0.58,0.48,0.45,0.45,0.15,0.1,0.0,1.0,0.0,0.7452000000000001,0.006141275637912894,0.0,0.5,0.0,0.0,False
copy_control,33,0.92,0.9,0.9,0.94,0.42,0.22,0.2,0.25,0.58,0.48,0.45,0.45,0.15,0.1,0.0,1.0,0.0,0.7452000000000001,0.006141275637912894,0.0,0.5,0.0,0.0,False
copy_control,34,0.92,0.9,0.9,0.94,0.42,0.22,0.2,0.25,0.58,0.48,0.45,0.45,0.15,0.1,0.0,1.0,0.0,0.7452000000000001,0.006141275637912894,0.0,0.5,0.0,0.0,False
copy_control,35,0.92,0.9,0.9,0.94,0.42,0.22,0.2,0.25,0.58,0.48,0.45,0.45,0.15,0.1,0.0,1.0,0.0,0.7452000000000001,0.006141275637912894,0.0,0.5,0.0,0.0,False
copy_control,36,0.92,0.9,0.9,0.94,0.42,0.22,0.2,0.25,0.58,0.48,0.45,0.45,0.15,0.1,0.0,1.0,0.0,0.7452000000000001,0.006141275637912894,0.0,0.5,0.0,0.0,False
copy_control,37,0.92,0.9,0.9,0.94,0.42,0.22,0.2,0.25,0.58,0.48,0.45,0.45,0.15,0.1,0.0,1.0,0.0,0.7452000000000001,0.006141275637912894,0.0,0.5,0.0,0.0,False
copy_control,38,0.92,0.9,0.9,0.94,0.42,0.22,0.2,0.25,0.58,0.48,0.45,0.45,0.15,0.1,0.0,1.0,0.0,0.7452000000000001,0.006141275637912894,0.0,0.5,0.0,0.0,False
copy_control,39,0.92,0.9,0.9,0.94,0.42,0.22,0.2,0.25,0.58,0.48,0.45,0.45,0.15,0.1,0.0,1.0,0.0,0.7452000000000001,0.006141275637912894,0.0,0.5,0.0,0.0,False
copy_control,40,0.92,0.9,0.9,0.94,0.42162978573937476,0.22264840182648402,0.20280119423955043,0.2528011942395504,0.5783702142606252,0.4818335089567966,0.4632420091324201,0.4490832455216017,0.15356515630488232,0.1,0.0,1.0,0.0,0.7452000000000001,0.006426713075267117,0.0,0.5399083406392543,0.0,0.0,False
copy_control,41,0.92,0.9,0.9,0.94,0.4244397611520899,0.22721461187214612,0.20763083948015457,0.2576308394801545,0.5755602388479101,0.48499473129610116,0.4860730593607306,0.4475026343519494,0.1597119775201967,0.1,0.0,1.0,0.0,0.7452000000000001,0.006934253851052505,0.0,0.5685203227577651,0.0,0.0,False
copy_control,42,0.92,0.9,0.9,0.94,0.427249736564805,0.23178082191780822,0.2124604847207587,0.26246048472075867,0.5727502634351949,0.48815595363540565,0.5089041095890411,0.4459220231822972,0.16585879873551104,0.1,0.0,1.0,0.0,0.7452000000000001,0.007461500714265482,0.0,0.5685203227577654,0.0,0.0,False
copy_control,43,0.92,0.9,0.9,0.94,0.4300597119775202,0.23634703196347032,0.21729012996136285,0.2672901299613628,0.5699402880224798,0.4913171759747102,0.5317351598173516,0.4443414120126449,0.17200561995082542,0.1,0.0,1.0,0.0,0.7452000000000001,0.008008689459982659,0.0,0.5685203227577651,0.0,0.0,False
copy_control,44,0.92,0.9,0.9,0.94,0.4328696873902353,0.24091324200913242,0.222119775201967,0.27211977520196695,0.5671303126097647,0.49447839831401474,0.5545662100456621,0.44276080084299263,0.1781524411661398,0.1,0.0,1.0,0.0,0.7452000000000001,0.008576055327910542,0.0,0.5685203227577649,0.0,0.0,False
copy_control,45,0.92,0.9,0.9,0.94,0.43567966280295045,0.24547945205479452,0.22694942044257113,0.27694942044257115,0.5643203371970494,0.49763962065331924,0.5773972602739725,0.4411801896733404,0.18429926238145417,0.1,0.0,1.0,0.0,0.7452000000000001,0.009163833016647666,0.0,0.5685203227577655,0.0,0.0,False
copy_control,46,0.92,0.9,0.9,0.94,0.4384896382156656,0.25004566210045664,0.23177906568317527,0.2817790656831753,0.5615103617843343,0.5008008429926238,0.6002283105022831,0.4395995785036881,0.1904460835967685,0.1,0.0,1.0,0.0,0.7452000000000001,0.009772256696033266,0.0,0.5685203227577652,0.0,0.0,False
copy_control,47,0.92,0.9,0.9,0.94,0.4412996136283807,0.2546118721461187,0.23660871092377944,0.28660871092377943,0.5587003863716192,0.5039620653319283,0.6230593607305936,0.43801896733403584,0.19659290481208289,0.1,0.0,1.0,0.0,0.7452000000000001,0.010401560017852966,0.0,0.5685203227577648,0.0,0.0,False
copy_control,48,0.92,0.9,0.9,0.94,0.4441095890410959,0.25917808219178085,0.24143835616438358,0.29143835616438357,0.5558904109589041,0.5071232876712328,0.6458904109589041,0.4364383561643836,0.20273972602739723,0.1,0.0,1.0,0.0,0.7452000000000001,0.011051976125133619,0.0,0.5685203227577653,0.0,0.0,False
copy_control,49,0.92,0.9,0.9,0.94,0.446919564453811,0.2637442922374429,0.24626800140498772,0.2962680014049877,0.5530804355461889,0.5102845100105374,0.6687214611872145,0.4348577449947313,0.2088865472427116,0.1,0.0,1.0,0.0,0.7452000000000001,0.011723737660226722,0.0,0.5685203227577652,0.0,0.0,False
copy_control,50,0.92,0.9,0.9,0.94,0.44972953986652614,0.26831050228310505,0.25109764664559187,0.30109764664559185,0.5502704601334738,0.5134457323498419,0.6915525114155251,0.43327713382507904,0.21503336845802598,0.1,0.0,1.0,0.0,0.7452000000000001,0.012417076771852357,0.0,0.5685203227577653,0.0,0.0,False
copy_control,51,0.92,0.9,0.9,0.94,0.4525395152792413,0.2728767123287671,0.255927291886196,0.305927291886196,0.5474604847207587,0.5166069546891464,0.7143835616438357,0.4316965226554268,0.22118018967334033,0.1,0.0,1.0,0.0,0.7452000000000001,0.013132225121251305,0.0,0.5685203227577647,0.0,0.0,False
copy_control,52,0.92,0.9,0.9,0.94,0.4553494906919564,0.27744292237442925,0.26075693712680015,0.31075693712680014,0.5446505093080435,0.519768177028451,0.7372146118721461,0.4301159114857745,0.2273270108886547,0.1,0.0,1.0,0.0,0.7452000000000001,0.01386941388757309,0.0,0.568520322757766,0.0,0.0,False
copy_control,53,0.92,0.9,0.9,0.94,0.45815946610467156,0.2820091324200913,0.2655865823674043,0.3155865823674043,0.5418405338953284,0.5229293993677555,0.7600456621004565,0.42853530031612225,0.23347383210396908,0.1,0.0,1.0,0.0,0.7452000000000001,0.014628873772609628,0.0,0.5685203227577647,0.0,0.0,False
copy_control,54,0.92,0.9,0.9,0.94,0.4609694415173867,0.28657534246575345,0.27041622760800843,0.3204162276080084,0.5390305584826133,0.52609062170706,0.7828767123287671,0.42695468914647,0.23962065331928345,0.1,0.0,1.0,0.0,0.7452000000000001,0.015410835004969715,0.0,0.5685203227577653,0.0,0.0,False
copy_control,55,0.92,0.9,0.9,0.94,0.46377941693010183,0.2911415525114155,0.27524587284861257,0.32524587284861256,0.5362205830698981,0.5292518440463646,0.8057077625570777,0.4253740779768177,0.2457674745345978,0.1,0.0,1.0,0.0,0.7452000000000001,0.016215527343775904,0.0,0.5685203227577652,0.0,0.0,False
copy_control,56,0.92,0.9,0.9,0.94,0.466589392342817,0.29570776255707765,0.2800755180892167,0.3300755180892167,0.533410607657183,0.5324130663856691,0.8285388127853881,0.42379346680716545,0.25191429574991214,0.1,0.0,1.0,0.0,0.7452000000000001,0.017043180081954993,0.0,0.5685203227577653,0.0,0.0,False
copy_control,57,0.92,0.9,0.9,0.94,0.4693993677555321,0.3002739726027397,0.28490516332982085,0.33490516332982084,0.5306006322444679,0.5355742887249736,0.8513698630136985,0.4222128556375132,0.25806111696522654,0.1,0.0,1.0,0.0,0.7452000000000001,0.017894022049182803,0.0,0.5685203227577647,0.0,0.0,False
copy_control,58,0.92,0.9,0.9,0.94,0.47220934316824725,0.30484018264840185,0.289734808570425,0.339734808570425,0.5277906568317527,0.5387355110642782,0.8742009132420091,0.4206322444678609,0.2642079381805409,0.1,0.0,1.0,0.0,0.7452000000000001,0.01876828161453654,0.0,0.5685203227577653,0.0,0.0,False
copy_control,59,0.92,0.9,0.9,0.94,0.4750193185809624,0.3094063926940639,0.29456445381102914,0.3445644538110292,0.5249806814190375,0.5418967334035827,0.8970319634703197,0.41905163329820866,0.2703547593958553,0.1,0.0,1.0,0.0,0.7452000000000001,0.019666186688899884,0.0,0.5685203227577652,0.0,0.0,False
copy_control,60,0.92,0.9,0.9,0.94,0.4778292939936775,0.31397260273972605,0.2993940990516333,0.3493940990516333,0.5221707060063224,0.5450579557428872,0.9198630136986301,0.4174710221285564,0.27650158061116964,0.10062916034850548,0.0,1.0,0.0,0.7452000000000001,0.020587964727160672,0.0,0.5685203227577653,0.0,0.0,False
copy_control,61,0.92,0.9,0.9,0.94,0.4806392694063927,0.3185388127853881,0.3042237442922375,0.35422374429223746,0.5193607305936072,0.5482191780821918,0.9426940639269407,0.4158904109589041,0.282648401826484,0.10833945873705313,0.0,1.0,0.0,0.7452000000000001,0.021533842730234832,0.0,0.5685203227577653,0.0,0.0,False
copy_control,62,0.92,0.9,0.9,0.94,0.4834492448191078,0.32310502283105025,0.30905338953284156,0.3590533895328416,0.5165507551808921,0.5513804004214963,0.965525114155251,0.41430979978925186,0.28879522304179833,0.11604975712560074,0.0,1.0,0.0,0.7452000000000001,0.022504047246946192,0.0,0.5685203227577651,0.0,0.0,False
copy_control,63,0.92,0.9,0.9,0.94,0.48625922023182294,0.3276712328767123,0.3138830347734457,0.36388303477344575,0.513740779768177,0.5545416227608008,0.9883561643835617,0.4127291886195996,0.2949420442571127,0.12376005551414838,0.0,1.0,0.0,0.7452000000000001,0.023498804375787285,0.0,0.5685203227577647,0.0,0.0,False
copy_control,64,0.92,0.9,0.9,0.94,0.4890691956445381,0.33223744292237445,0.3187126800140499,0.3687126800140499,0.5109308043554619,0.5577028451001054,1.011187214611872,0.4111485774499473,0.3010888654724271,0.131470353902696,0.0,1.0,0.0,0.7452000000000001,0.024518339766583002,0.0,0.5685203227577655,0.0,0.0,False
copy_control,65,0.92,0.9,0.9,0.94,0.4918791710572532,0.3368036529680365,0.32354232525465404,0.37354232525465403,0.5081208289427467,0.5608640674394099,1.0340182648401826,0.40956796628029507,0.3072356866877415,0.13918065229124366,0.0,1.0,0.0,0.7452000000000001,0.025562878622075853,0.0,0.5685203227577651,0.0,0.0,False
copy_control,66,0.92,0.9,0.9,0.94,0.49468914646996837,0.34136986301369865,0.3283719704952582,0.37837197049525817,0.5053108535300316,0.5640252897787144,1.0568493150684932,0.40798735511064277,0.31338250790305583,0.1468909506797913,0.0,1.0,0.0,0.7452000000000001,0.02663264569944896,0.0,0.5685203227577653,0.0,0.0,False
copy_control,67,0.92,0.9,0.9,0.94,0.4974991218826835,0.3459360730593607,0.3332016157358623,0.3832016157358623,0.5025008781173165,0.567186512118019,1.0796803652968037,0.4064067439409905,0.3195293291183702,0.15460124906833894,0.0,1.0,0.0,0.7452000000000001,0.027727865311800392,0.0,0.5685203227577647,0.0,0.0,False
copy_control,68,0.92,0.9,0.9,0.94,0.5003090972953986,0.35050228310502285,0.33803126097646646,0.38803126097646645,0.4996909027046013,0.5703477344573235,1.1025114155251141,0.4048261327713383,0.3256761503336846,0.16231154745688658,0.0,1.0,0.0,0.7452000000000001,0.028848761329581002,0.0,0.5685203227577655,0.0,0.0,False
copy_control,69,0.92,0.9,0.9,0.94,0.5031190727081138,0.3550684931506849,0.34286090621707066,0.3928609062170706,0.49688092729188615,0.573508956796628,1.1253424657534248,0.40324552160168603,0.3318229715489989,0.17002184584543423,0.0,1.0,0.0,0.7452000000000001,0.029995557182005275,0.0,0.5685203227577651,0.0,0.0,False
copy_control,70,0.92,0.9,0.9,0.94,0.505929048120829,0.35963470319634705,0.3476905514576748,0.39769055145767473,0.49407095187917105,0.5766701791359325,1.1481735159817352,0.40166491043203373,0.33796979276431327,0.17773214423398187,0.0,1.0,0.0,0.7452000000000001,0.03116847585844437,0.0,0.5685203227577653,0.0,0.0,False
copy_control,71,0.92,0.9,0.9,0.94,0.508739023533544,0.3642009132420091,0.3525201966982789,0.4025201966982789,0.4912609764664559,0.579831401475237,1.1710045662100454,0.4000842992623815,0.3441166139796276,0.18544244262252946,0.0,1.0,0.0,0.7452000000000001,0.032367739909807944,0.0,0.5685203227577648,0.0,0.0,False
copy_control,72,0.92,0.9,0.9,0.94,0.5115489989462592,0.36876712328767125,0.35734984193888303,0.407349841938883,0.48845100105374073,0.5829926238145415,1.1938356164383561,0.3985036880927292,0.35026343519494196,0.1931527410110771,0.0,1.0,0.0,0.7452000000000001,0.033593571449921505,0.0,0.5685203227577657,0.0,0.0,False
copy_control,73,0.92,0.9,0.9,0.94,0.5143589743589744,0.3733333333333333,0.36217948717948717,0.41217948717948716,0.4856410256410256,0.5861538461538461,1.2166666666666666,0.39692307692307693,0.35641025641025637,0.20086303939962474,0.0,1.0,0.0,0.7452000000000001,0.034846192156903696,0.0,0.5685203227577647,0.0,0.0,False
copy_control,74,0.92,0.9,0.9,0.94,0.5171689497716895,0.37789954337899545,0.3670091324200913,0.4170091324200913,0.48283105022831047,0.5893150684931506,1.239497716894977,0.3953424657534247,0.36255707762557077,0.20857333778817239,0.0,1.0,0.0,0.7452000000000001,0.03612582327454845,0.0,0.5685203227577655,0.0,0.0,False
copy_control,75,0.92,0.9,0.9,0.94,0.5199789251844046,0.3824657534246575,0.3718387776606955,0.42183877766069544,0.4800210748155953,0.5924762908324552,1.2623287671232877,0.39376185458377244,0.36870389884088506,0.21628363617672,0.0,1.0,0.0,0.7452000000000001,0.03743268561371483,0.0,0.5685203227577651,0.0,0.0,False
copy_control,76,0.92,0.9,0.9,0.94,0.5227889005971198,0.38703196347031965,0.37666842290129965,0.4266684229012996,0.4772110994028802,0.5956375131717597,1.2851598173515981,0.39218124341412014,0.37485072005619946,0.22399393456526764,0.0,1.0,0.0,0.7452000000000001,0.038766999553728185,0.0,0.5685203227577653,0.0,0.0,False
copy_control,77,0.92,0.9,0.9,0.94,0.5255988760098349,0.3915981735159817,0.3814980681419038,0.4314980681419037,0.47440112399016504,0.5987987355110642,1.3079908675799086,0.3906006322444679,0.38099754127151386,0.2317042329538153,0.0,1.0,0.0,0.7452000000000001,0.04012898504379399,0.0,0.5685203227577649,0.0,0.0,False
copy_control,78,0.92,0.9,0.9,0.94,0.52840885142255,0.39616438356164385,0.38632771338250793,0.43632771338250786,0.4715911485774499,0.6019599578503688,1.3308219178082192,0.3890200210748156,0.3871443624868282,0.23941453134236293,0.0,1.0,0.0,0.7452000000000001,0.04151886160442709,0.0,0.5685203227577657,0.0,0.0,False
copy_control,79,0.92,0.9,0.9,0.94,0.5312188268352651,0.4007305936073059,0.3911573586231121,0.44115735862311206,0.4687811731647348,0.6051211801896733,1.3536529680365297,0.38743940990516335,0.39329118370214255,0.24712482973091057,0.0,1.0,0.0,0.7452000000000001,0.042936848328896965,0.0,0.5685203227577648,0.0,0.0,False
copy_control,80,0.92,0.9,0.9,0.94,0.5340288022479803,0.40529680365296805,0.3959870038637162,0.4459870038637162,0.4659711977520196,0.6082824025289778,1.3764840182648401,0.3858587987355111,0.39943800491745696,0.2548351281194582,0.0,1.0,0.0,0.7452000000000001,0.04438316388469079,0.0,0.5685203227577655,0.0,0.0,False
copy_control,81,0.92,0.9,0.9,0.94,0.5368387776606954,0.4098630136986301,0.40081664910432035,0.45081664910432034,0.4631612223393045,0.6114436248682824,1.3993150684931506,0.3842781875658588,0.40558482613277136,0.26254542650800583,0.0,1.0,0.0,0.7452000000000001,0.04585802651499405,0.0,0.5685203227577648,0.0,0.0,False
copy_control,82,0.92,0.9,0.9,0.94,0.5396487530734106,0.41442922374429225,0.4056462943449245,0.4556462943449245,0.46035124692658935,0.6146048472075869,1.4221461187214612,0.38269757639620655,0.41173164734808565,0.2702557248965535,0.0,1.0,0.0,0.7452000000000001,0.04736165404019051,0.0,0.5685203227577655,0.0,0.0,False
copy_control,83,0.92,0.9,0.9,0.94,0.5424587284861258,0.4189954337899543,0.41047593958552864,0.46047593958552857,0.45754127151387425,0.6177660695468914,1.4449771689497715,0.3811169652265543,0.41787846856340005,0.2779660232851011,0.0,1.0,0.0,0.7452000000000001,0.04889426385938012,0.0,0.5685203227577645,0.0,0.0,False
copy_control,84,0.92,0.9,0.9,0.94,0.5452687038988409,0.42356164383561645,0.4153055848261328,0.46530558482613277,0.4547312961011591,0.6209272918861959,1.4678082191780821,0.379536354056902,0.42402528977871434,0.28567632167364876,0.0,1.0,0.0,0.7452000000000001,0.05045607295191659,0.0,0.5685203227577658,0.0,0.0,False
copy_control,85,0.92,0.9,0.9,0.94,0.548078679311556,0.4281278538812785,0.4201352300667369,0.4701352300667369,0.45192132068844393,0.6240885142255005,1.4906392694063926,0.37795574288724976,0.43017211099402874,0.2933866200621964,0.0,1.0,0.0,0.7452000000000001,0.05204729787896299,0.0,0.5685203227577649,0.0,0.0,False
copy_control,86,0.92,0.9,0.9,0.94,0.5508886547242711,0.43269406392694065,0.42496487530734106,0.47496487530734105,0.4491113452757288,0.627249736564805,1.513470319634703,0.3763751317175975,0.43631893220934315,0.30109691845074404,0.0,1.0,0.0,0.7452000000000001,0.053668154785066376,0.0,0.5685203227577653,0.0,0.0,False
copy_control,87,0.92,0.9,0.9,0.94,0.5536986301369863,0.4372602739726027,0.4297945205479452,0.4797945205479452,0.44630136986301366,0.6304109589041096,1.5363013698630135,0.3747945205479452,0.44246575342465744,0.3088072168392917,0.0,1.0,0.0,0.7452000000000001,0.055318859399750044,0.0,0.568520322757765,0.0,0.0,False
copy_control,88,0.92,0.9,0.9,0.94,0.5565086055497014,0.44182648401826485,0.43462416578854934,0.48462416578854933,0.4434913944502985,0.6335721812434141,1.5591324200913241,0.37321390937829296,0.44861257463997184,0.31651751522783933,0.0,1.0,0.0,0.7452000000000001,0.05699962703912365,0.0,0.5685203227577655,0.0,0.0,False
copy_control,89,0.92,0.9,0.9,0.94,0.5593185809624166,0.4463926940639269,0.4394538110291535,0.48945381102915353,0.4406814190375834,0.6367334035827186,1.5819634703196346,0.3716332982086407,0.45475939585528624,0.324227813616387,0.0,1.0,0.0,0.7452000000000001,0.05871067260751032,0.0,0.5685203227577648,0.0,0.0,False
copy_control,90,0.92,0.9,0.9,0.94,0.5621285563751317,0.45095890410958905,0.4442834562697576,0.49428345626975767,0.43787144362486824,0.6398946259220232,1.604794520547945,0.3700526870389884,0.46090621707060053,0.33193811200493456,0.0,1.0,0.0,0.7452000000000001,0.06045221059909014,0.0,0.5685203227577657,0.0,0.0,False
copy_control,91,0.92,0.9,0.9,0.94,0.5649385317878468,0.4555251141552511,0.44911310151036177,0.4991131015103618,0.4350614682121531,0.6430558482613277,1.6276255707762557,0.36847207586933617,0.46705303828591493,0.33964841039348226,0.0,1.0,0.0,0.7452000000000001,0.06222445509955939,0.0,0.5685203227577649,0.0,0.0,False
copy_control,92,0.92,0.9,0.9,0.94,0.5677485072005619,0.46009132420091325,0.45394274675096596,0.503942746750966,0.432251492799438,0.6462170706006323,1.6504566210045661,0.3668914646996839,0.47319985950122934,0.34735870878202985,0.0,1.0,0.0,0.7452000000000001,0.0640276197878049,0.0,0.5685203227577654,0.0,0.0,False
copy_control,93,0.92,0.9,0.9,0.94,0.5705584826132771,0.4646575342465753,0.4587723919915701,0.5087723919915701,0.42944151738672287,0.6493782929399368,1.6732876712328766,0.3653108535300316,0.47934668071654374,0.35506900717057754,0.0,1.0,0.0,0.7452000000000001,0.06586191793759263,0.0,0.5685203227577648,0.0,0.0,False
copy_control,94,0.92,0.9,0.9,0.94,0.5733684580259922,0.46922374429223745,0.46360203723217425,0.5136020372321742,0.42663154197400766,0.6525395152792413,1.6961187214611873,0.3637302423603794,0.48549350193185803,0.3627793055591252,0.0,1.0,0.0,0.7452000000000001,0.06772756241926986,0.0,0.5685203227577658,0.0,0.0,False
copy_control,95,0.92,0.9,0.9,0.94,0.5761784334387073,0.4737899543378995,0.46843168247277833,0.5184316824727784,0.42382156656129255,0.6557007376185457,1.7189497716894975,0.36214963119072713,0.49164032314717243,0.3704896039476727,0.0,1.0,0.0,0.7452000000000001,0.06962476570147995,0.0,0.5685203227577645,0.0,0.0,False
copy_control,96,0.92,0.9,0.9,0.94,0.5789884088514226,0.47835616438356166,0.4732613277133825,0.5232613277133824,0.42101159114857745,0.6588619599578504,1.741780821917808,0.3605690200210748,0.4977871443624867,0.37819990233622036,0.0,1.0,0.0,0.7452000000000001,0.07155373985288943,0.0,0.5685203227577651,0.0,0.0,False
copy_control,97,0.92,0.9,0.9,0.94,0.5817983842641377,0.4829223744292237,0.47809097295398667,0.5280909729539867,0.4182016157358623,0.6620231822971548,1.7646118721461186,0.3589884088514226,0.5039339655778011,0.385910200724768,0.0,1.0,0.0,0.7452000000000001,0.07351469654392573,0.0,0.5685203227577653,0.0,0.0,False
copy_control,98,0.92,0.9,0.9,0.94,0.5846083596768528,0.48748858447488586,0.4829206181945908,0.5329206181945908,0.4153916403231471,0.6651844046364594,1.787442922374429,0.35740779768177033,0.5100807867931155,0.39362049911331565,0.0,1.0,0.0,0.7452000000000001,0.07550784704852591,0.0,0.5685203227577655,0.0,0.0,False
copy_control,99,0.92,0.9,0.9,0.94,0.5874183350895679,0.4920547945205479,0.48775026343519495,0.5377502634351949,0.412581664910432,0.6683456269757639,1.8102739726027395,0.35582718651211803,0.5162276080084298,0.4013307975018633,0.0,1.0,0.0,0.7452000000000001,0.07753340224589433,0.0,0.5685203227577648,0.0,0.0,False
copy_control,100,0.92,0.9,0.9,0.94,0.5902283105022831,0.49662100456621006,0.4925799086757991,0.5425799086757991,0.40977168949771686,0.6715068493150684,1.8331050228310501,0.3542465753424658,0.5223744292237442,0.40904109589041093,0.0,1.0,0.0,0.7452000000000001,0.07959157262226992,0.0,0.5685203227577655,0.0,0.0,False
copy_control,101,0.92,0.9,0.9,0.94,0.5930382859149982,0.5011872146118721,0.49740955391640324,0.5474095539164032,0.4069617140850017,0.6746680716543729,1.8559360730593606,0.3526659641728135,0.5285212504390586,0.4167513942789586,0.0,1.0,0.0,0.7452000000000001,0.08168256827270041,0.0,0.568520322757765,0.0,0.0,False
copy_control,102,0.92,0.9,0.9,0.94,0.5958482613277134,0.5057534246575343,0.5022391991570074,0.5522391991570074,0.4041517386722866,0.6778292939936775,1.878767123287671,0.35108535300316124,0.5346680716543729,0.4244616926675062,0.0,1.0,0.0,0.7452000000000001,0.08380659890282514,0.0,0.5685203227577654,0.0,0.0,False
copy_control,103,0.92,0.9,0.9,0.94,0.5986582367404285,0.5103196347031963,0.5070688443976115,0.5570688443976115,0.40134176325957144,0.680990516332982,1.9015981735159817,0.349504741833509,0.5408148928696873,0.43217199105605386,0.0,1.0,0.0,0.7452000000000001,0.08596387383066331,0.0,0.5685203227577645,0.0,0.0,False
copy_control,104,0.92,0.9,0.9,0.94,0.6014682121531436,0.5148858447488585,0.5118984896382157,0.5618984896382156,0.3985317878468563,0.6841517386722866,1.9244292237442922,0.34792413066385675,0.5469617140850017,0.4398822894446015,0.0,1.0,0.0,0.7452000000000001,0.08815460198840878,0.0,0.5685203227577659,0.0,0.0,False
copy_control,105,0.92,0.9,0.9,0.94,0.6042781875658587,0.5194520547945205,0.5167281348788197,0.5667281348788198,0.3957218124341412,0.6873129610115911,1.9472602739726026,0.34634351949420444,0.5531085353003161,0.44759258783314915,0.0,1.0,0.0,0.7452000000000001,0.09037899192422943,0.0,0.5685203227577644,0.0,0.0,False
copy_control,106,0.92,0.9,0.9,0.94,0.6070881629785739,0.5240182648401827,0.521557780119424,0.571557780119424,0.39291183702142607,0.6904741833508956,1.9700913242009133,0.3447629083245522,0.5592553565156304,0.4553028862216968,0.0,1.0,0.0,0.7452000000000001,0.09263725180407162,0.0,0.5685203227577659,0.0,0.0,False
copy_control,107,0.92,0.9,0.9,0.94,0.609898138391289,0.5285844748858447,0.5263874253600281,0.5763874253600281,0.39010186160871085,0.6936354056902002,1.9929223744292237,0.3431822971548999,0.5654021777309448,0.46301318461024443,0.0,1.0,0.0,0.7452000000000001,0.09492958941346748,0.0,0.568520322757765,0.0,0.0,False
copy_control,108,0.92,0.9,0.9,0.94,0.6127081138040043,0.5331506849315069,0.5312170706006323,0.5812170706006323,0.38729188619599575,0.6967966280295047,2.015753424657534,0.34160168598524765,0.5715489989462592,0.4707234829987921,0.0,1.0,0.0,0.7452000000000001,0.09725621215934668,0.0,0.5685203227577655,0.0,0.0,False
copy_control,109,0.92,0.9,0.9,0.94,0.6155180892167194,0.5377168949771689,0.5360467158412364,0.5860467158412364,0.38448191078328064,0.6999578503688092,2.0385844748858446,0.3400210748155954,0.5776958201615735,0.4784337813873397,0.0,1.0,0.0,0.7452000000000001,0.09961732707184894,0.0,0.5685203227577643,0.0,0.0,False
copy_control,110,0.92,0.9,0.9,0.94,0.6183280646294345,0.5422831050228311,0.5408763610818406,0.5908763610818406,0.38167193537056543,0.7031190727081138,2.0614155251141555,0.3384404636459431,0.5838426413768879,0.48614407977588725,0.0,1.0,0.0,0.7452000000000001,0.10201314080614013,0.0,0.5685203227577661,0.0,0.0,False
copy_control,111,0.92,0.9,0.9,0.94,0.6211380400421497,0.5468493150684932,0.5457060063224448,0.5957060063224447,0.3788619599578503,0.7062802950474183,2.084246575342466,0.3368598524762908,0.5899894625922023,0.4938543781644351,0.0,1.0,0.0,0.7452000000000001,0.10444385964422846,0.0,0.5685203227577658,0.0,0.0,False
copy_control,112,0.92,0.9,0.9,0.94,0.6239480154548648,0.5514155251141553,0.5505356515630488,0.6005356515630489,0.3760519845451352,0.7094415173867228,2.1070776255707764,0.33527924130663855,0.5961362838075166,0.5015646765529826,0.0,1.0,0.0,0.7452000000000001,0.10690968949678199,0.0,0.5685203227577643,0.0,0.0,False
copy_control,113,0.92,0.9,0.9,0.94,0.6267579908675799,0.5559817351598174,0.555365296803653,0.6053652968036529,0.37324200913242006,0.7126027397260274,2.129908675799087,0.3336986301369863,0.602283105022831,0.5092749749415303,0.0,1.0,0.0,0.7452000000000001,0.10941083590494621,0.0,0.5685203227577653,0.0,0.0,False
copy_control,114,0.96,0.18,0.92,0.94,0.68,0.5605479452054795,0.5601949420442571,0.6101949420442571,0.37043203371970496,0.7157639620653319,2.1527397260273973,0.33211801896733406,0.72,0.7,0.03,1.0,0.0,0.15897599999999998,0.12091514630014971,0.029999999969999996,0.5685203227577647,0.0010233365799406397,0.06040765716981933,False
copy_control,115,0.96,0.18,0.92,0.94,0.68,0.5651141552511416,0.5650245872848614,0.6150245872848613,0.3676220583069898,0.7189251844046365,2.1755707762557077,0.3305374077976818,0.72,0.7,0.03,1.0,0.0,0.15897599999999998,0.12314397133837561,0.029999999969999996,0.5685203227577661,0.0019852729650848434,0.06702631826958258,False
copy_control,116,0.96,0.18,0.92,0.94,0.68,0.5696803652968037,0.5698542325254654,0.6198542325254655,0.3648120828942747,0.722086406743941,2.198401826484018,0.32895679662802957,0.72,0.7,0.03,1.0,0.0,0.15897599999999998,0.1253915422926046,0.029999999969999996,0.5685203227577643,0.0028894931671203917,0.07122941099569802,False
copy_control,117,0.96,0.18,0.92,0.94,0.68,0.5742465753424658,0.5746838777660697,0.6246838777660696,0.3620021074815595,0.7252476290832455,2.221232876712329,0.32737618545837727,0.72,0.7,0.03,1.0,0.0,0.15897599999999998,0.12765782898803174,0.029999999969999996,0.5685203227577662,0.0037394601570338104,0.07437076374129219,False
copy_control,118,0.96,0.18,0.92,0.94,0.68,0.5788127853881279,0.5795135230066737,0.6295135230066737,0.35919213206884437,0.72840885142255,2.244063926940639,0.325795574288725,0.72,0.7,0.03,1.0,0.0,0.15897599999999998,0.12994280139662928,0.029999999969999996,0.5685203227577643,0.00453842912755242,0.07690293789874063,False
copy_control,119,0.96,0.18,0.92,0.94,0.68,0.58337899543379,0.5843431682472779,0.6343431682472779,0.3563821566561292,0.7315700737618546,2.26689497716895,0.3242149631190727,0.72,0.7,0.03,1.0,0.0,0.15897599999999998,0.13224642963585342,0.029999999969999996,0.568520322757766,0.005289459959839917,0.07903632354087275,False
copy_control,120,0.96,0.18,0.92,0.94,0.68,0.5879452054794521,0.589172813487882,0.639172813487882,0.3535721812434141,0.7347312961011591,2.28972602739726,0.3226343519494205,0.72,0.7,0.03,1.0,0.0,0.15897599999999998,0.13456868396738123,0.029999999969999996,0.5685203227577643,0.00599542894219016,0.0808868795647418,False
copy_control,121,0.96,0.18,0.92,0.94,0.68,0.5925114155251142,0.5940024587284862,0.6440024587284862,0.35076220583069895,0.7378925184404637,2.312557077625571,0.3210537407797682,0.72,0.7,0.03,1.0,0.0,0.15897599999999998,0.13690953479587706,0.029999999969999996,0.5685203227577659,0.006659039785599392,0.08252569803665188,False
copy_control,122,0.96,0.18,0.92,0.94,0.68,0.5970776255707763,0.5988321039690903,0.6488321039690903,0.34795223041798384,0.7410537407797682,2.3353881278538813,0.319473129610116,0.72,0.7,0.03,1.0,0.0,0.15897599999999998,0.13926895266778655,0.029999999969999996,0.5685203227577643,0.007282833978404067,0.08399968939676966,False
copy_control,123,0.96,0.18,0.92,0.94,0.68,0.6016438356164384,0.6036617492096945,0.6536617492096944,0.34514225500526863,0.7442149631190726,2.358219178082192,0.3178925184404636,0.72,0.7,0.03,1.0,0.0,0.15897599999999998,0.14164690827015766,0.029999999969999996,0.5685203227577663,0.007869200519640464,0.08534152673859764,False
copy_control,124,0.96,0.18,0.92,0.94,0.68,0.6062100456621005,0.6084913944502985,0.6584913944502986,0.3423322795925535,0.7473761854583771,2.381050228310502,0.3163119072708114,0.72,0.7,0.03,1.0,0.0,0.15897599999999998,0.14404337242948692,0.029999999969999996,0.5685203227577643,0.008420385068402675,0.08657493105796202,False
copy_control,125,0.96,0.18,0.92,0.94,0.68,0.6107762557077626,0.6133210396909028,0.6633210396909028,0.33952230417983836,0.7505374077976817,2.403881278538813,0.31473129610115913,0.72,0.7,0.03,1.0,0.0,0.15897599999999998,0.14645831611059054,0.029999999969999996,0.5685203227577661,0.008938498544239157,0.08771770015694857,False
copy_control,126,0.96,0.18,0.92,0.94,0.68,0.6153424657534247,0.6181506849315068,0.6681506849315069,0.33671232876712326,0.7536986301369862,2.426712328767123,0.3131506849315069,0.72,0.7,0.03,1.0,0.0,0.15897599999999998,0.1488917104154987,0.029999999969999996,0.5685203227577641,0.009425525211525445,0.0887835497385168,False
copy_control,127,0.96,0.18,0.92,0.94,0.68,0.6199086757990868,0.6229803301721111,0.6729803301721111,0.3339023533544081,0.7568598524762908,2.449543378995434,0.3115700737618546,0.72,0.7,0.03,1.0,0.0,0.15897599999999998,0.1513435265823723,0.029999999969999996,0.5685203227577662,0.00988333027877456,0.08978328679153337,False
copy_control,128,0.96,0.18,0.92,0.94,0.68,0.6244748858447489,0.6278099754127151,0.6778099754127151,0.331092377941693,0.7600210748155953,2.4723744292237444,0.30998946259220234,0.72,0.7,0.03,1.0,0.0,0.15897599999999998,0.1538137359844413,0.029999999969999996,0.5685203227577641,0.010313667041988724,0.09072558716210355,False
copy_control,129,0.96,0.18,0.92,0.94,0.68,0.629041095890411,0.6326396206533194,0.6826396206533194,0.32828240252897783,0.7631822971548998,2.4952054794520553,0.30840885142255003,0.72,0.7,0.03,1.0,0.0,0.15897599999999998,0.1563023101289639,0.029999999969999996,0.5685203227577662,0.010718183599410042,0.09161752795285252,False
copy_control,130,0.96,0.18,0.92,0.94,0.68,0.6336073059360731,0.6374692658939234,0.6874692658939234,0.32547242711626273,0.7663435194942043,2.5180365296803653,0.3068282402528978,0.72,0.7,0.03,1.0,0.0,0.15897599999999998,0.1588092206562047,0.029999999969999996,0.5685203227577641,0.011098429163386077,0.09246496233839371,False
copy_control,131,0.96,0.18,0.92,0.94,0.68,0.6381735159817352,0.6422989111345276,0.6922989111345277,0.3226624517035475,0.769504741833509,2.540867579908676,0.30524762908324554,0.72,0.7,0.03,1.0,0.0,0.15897599999999998,0.161334439338433,0.029999999969999996,0.5685203227577663,0.011455859993523554,0.09327278984373986,False
copy_control,132,0.96,0.18,0.92,0.94,0.68,0.6427397260273973,0.6471285563751317,0.6971285563751317,0.3198524762908324,0.7726659641728135,2.5636986301369866,0.3036670179135933,0.72,0.7,0.03,1.0,0.0,0.15897599999999998,0.163877938078938,0.029999999969999996,0.5685203227577641,0.011791844973852779,0.09404515535561052,False
copy_control,133,0.96,0.18,0.92,0.94,0.68,0.6473059360730594,0.6519582016157359,0.701958201615736,0.31704250087811725,0.775827186512118,2.586529680365297,0.302086406743941,0.72,0.7,0.03,1.0,0.0,0.15897599999999998,0.16643968891106262,0.029999999969999996,0.5685203227577662,0.012107670855362254,0.09478559837513485,False
copy_control,134,0.96,0.18,0.92,0.94,0.68,0.6518721461187215,0.65678784685634,0.70678784685634,0.31423252546540215,0.7789884088514225,2.6093607305936075,0.30050579557428875,0.72,0.7,0.03,1.0,0.0,0.15897599999999998,0.1690196639972532,0.029999999969999996,0.5685203227577641,0.012404547183981157,0.09549716679097163,False
copy_control,135,0.96,0.18,0.92,0.94,0.68,0.6564383561643836,0.6616174920969442,0.7116174920969442,0.311422550052687,0.782149631190727,2.6321917808219184,0.29892518440463645,0.72,0.7,0.03,1.0,0.0,0.15897599999999998,0.17161783562812594,0.029999999969999996,0.5685203227577662,0.012683610932882929,0.09618250487738533,False
copy_control,136,0.96,0.18,0.92,0.94,0.68,0.6610045662100457,0.6664471373375483,0.7164471373375483,0.3086125746399719,0.7853108535300315,2.6550228310502284,0.2973445732349842,0.72,0.7,0.03,1.0,0.0,0.15897599999999998,0.17423417622154802,0.029999999969999996,0.5685203227577643,0.01294593085685059,0.0968439222519979,False
copy_control,137,0.96,0.18,0.92,0.94,0.68,0.6655707762557078,0.6712767825781525,0.7212767825781525,0.3058025992272567,0.7884720758693361,2.677853881278539,0.29576396206533195,0.72,0.7,0.03,1.0,0.0,0.15897599999999998,0.17686865832173473,0.029999999969999996,0.5685203227577658,0.013192511585380196,0.09748344855524231,False
copy_control,138,0.96,0.18,0.92,0.94,0.68,0.6701369863013699,0.6761064278187565,0.7261064278187566,0.3029926238145416,0.7916332982086406,2.7006849315068493,0.2941833508956797,0.72,0.7,0.03,1.0,0.0,0.15897599999999998,0.1795212545983596,0.029999999969999996,0.5685203227577641,0.013424297470198023,0.0981028772759487,False
copy_control,139,0.96,0.18,0.92,0.94,0.68,0.674703196347032,0.6809360730593608,0.7309360730593608,0.30018264840182646,0.7947945205479452,2.72351598173516,0.2926027397260274,0.72,0.7,0.03,1.0,0.0,0.15897599999999998,0.1821919378456793,0.029999999969999996,0.5685203227577662,0.013642176201926783,0.09870380122355117,False
copy_control,140,0.96,0.18,0.92,0.94,0.68,0.6792694063926941,0.6857657182999648,0.7357657182999648,0.29737267298911135,0.7979557428872497,2.74634703196347,0.29102212855637516,0.72,0.7,0.03,1.0,0.0,0.15897599999999998,0.1848806809816712,0.029999999969999996,0.5685203227577641,0.013846982209751814,0.09928764149832713,False
copy_control,141,0.96,0.18,0.92,0.94,0.68,0.6838356164383562,0.690595363540569,0.7405953635405691,0.29456269757639614,0.8011169652265542,2.769178082191781,0.28944151738672286,0.72,0.7,0.03,1.0,0.0,0.15897599999999998,0.1875874570471842,0.029999999969999996,0.5685203227577665,0.014039499857107347,0.09985567134805752,False
copy_control,142,0.96,0.18,0.92,0.94,0.68,0.6884018264840183,0.6954250087811731,0.7454250087811731,0.29175272216368103,0.8042781875658587,2.792009132420091,0.2878609062170706,0.72,0.7,0.03,1.0,0.0,0.15897599999999998,0.19031223920510074,0.029999999969999996,0.5685203227577641,0.014220466445621544,0.10040903596449342,False
copy_control,143,0.96,0.18,0.92,0.94,0.68,0.6929680365296804,0.7002546540217773,0.7502546540217774,0.2889427467509659,0.8074394099051633,2.814840182648402,0.28628029504741836,0.72,0.7,0.03,1.0,0.0,0.15897599999999998,0.19305500073951248,0.029999999969999996,0.5685203227577661,0.014390575038824892,0.10094876902750533,False
copy_control,144,0.96,0.18,0.92,0.94,0.68,0.6975342465753425,0.7050842992623814,0.7550842992623814,0.28613277133825077,0.8106006322444678,2.8376712328767124,0.2846996838777661,0.72,0.7,0.03,1.0,0.0,0.15897599999999998,0.19581571505490505,0.029999999969999996,0.5685203227577641,0.014550477116436037,0.10147580662268137,False
copy_control,145,0.96,0.18,0.92,0.94,0.68,0.7021004566210046,0.7099139445029856,0.7599139445029857,0.2833227959255356,0.8137618545837724,2.8605022831050233,0.2831190727081138,0.72,0.7,0.03,1.0,0.0,0.15897599999999998,0.1985943556753565,0.029999999969999996,0.5685203227577662,0.014700785069390517,0.10199099902158759,False
copy_control,146,0.96,0.18,0.92,0.94,0.68,0.7066666666666667,0.7147435897435896,0.7647435897435897,0.2805128205128205,0.8169230769230769,2.8833333333333333,0.28153846153846157,0.72,0.7,0.03,1.0,0.0,0.15897599999999998,0.20139089624374354,0.029999999969999996,0.5685203227577641,0.014842074545167724,0.10249512071042535,False
copy_control,147,0.96,0.18,0.92,0.94,0.68,0.7112328767123288,0.7195732349841939,0.7695732349841939,0.27770284510010534,0.8200842992623814,2.906164383561644,0.27995785036880927,0.72,0.7,0.03,1.0,0.0,0.15897599999999998,0.20420531052096058,0.029999999969999996,0.5685203227577662,0.014974886652398302,0.10298887897368801,False
copy_control,148,0.96,0.18,0.92,0.94,0.68,0.7157990867579909,0.7244028802247979,0.774402880224798,0.27489286968739024,0.8232455216016858,2.928995433789954,0.278377239199157,0.72,0.7,0.03,1.0,0.0,0.15897599999999998,0.20703757238514658,0.029999999969999996,0.5685203227577641,0.015099730033195041,0.10347292127832967,False
copy_control,149,0.96,0.18,0.92,0.94,0.68,0.7203652968036529,0.7292325254654022,0.7792325254654021,0.2720828942746751,0.8264067439409905,2.9518264840182646,0.2767966280295048,0.72,0.7,0.03,1.0,0.0,0.15897599999999998,0.20988765583092325,0.029999999969999996,0.5685203227577652,0.015217082811143978,0.10394784165643763,False
copy_control,150,0.96,0.18,0.92,0.94,0.68,0.724931506849315,0.7340621707060062,0.7840621707060063,0.26927291886196,0.8295679662802949,2.974657534246575,0.27521601685985253,0.72,0.7,0.03,1.0,0.0,0.15897599999999998,0.21275553496864152,0.029999999969999996,0.5685203227577643,0.015327394422415977,0.10441418624711225,False
copy_control,151,0.96,0.18,0.92,0.94,0.68,0.7294977168949772,0.7388918159466107,0.7888918159466106,0.2664629434492447,0.8327291886195995,2.9974885844748864,0.2736354056902002,0.72,0.7,0.03,1.0,0.0,0.15897599999999998,0.2156411840236366,0.029999999969999996,0.5685203227577683,0.015431087337011663,0.10487245812881692,False
copy_control,152,0.96,0.18,0.92,0.94,0.68,0.7340639269406393,0.7437214611872147,0.7937214611872146,0.2636529680365296,0.835890410958904,3.020319634703197,0.2720547945205479,0.72,0.7,0.03,1.0,0.0,0.15897599999999998,0.21854457733549304,0.029999999969999996,0.5685203227577641,0.015528558676731601,0.10532312155002233,False
copy_control,153,0.96,0.18,0.92,0.94,0.68,0.7386301369863013,0.7485511064278187,0.7985511064278188,0.2608429926238145,0.8390516332982085,3.043150684931507,0.2704741833508957,0.72,0.7,0.03,1.0,0.0,0.15897599999999998,0.22146568935731734,0.029999999969999996,0.5685203227577643,0.015620181736068342,0.1057666056472214,False
copy_control,154,0.96,0.18,0.92,0.94,0.68,0.74,0.75,0.8,0.25999999999999995,0.84,3.0500000000000003,0.27,0.72,0.7,0.03,1.0,0.0,0.15897599999999998,0.2223454743069728,0.029999999969999996,0.5206744539878263,0.015620184848145114,0.10448455121046323,False
copy_control,155,0.96,0.18,0.92,0.94,0.68,0.74,0.75,0.8,0.25999999999999995,0.84,3.0500000000000003,0.27,0.72,0.7,0.03,1.0,0.0,0.15897599999999998,0.2223454743069728,0.029999999969999996,0.5,0.015582973756356405,0.10381432088097732,False
copy_control,156,0.96,0.18,0.92,0.94,0.68,0.74,0.75,0.8,0.25999999999999995,0.84,3.0500000000000003,0.27,0.72,0.7,0.03,1.0,0.0,0.15897599999999998,0.2223454743069728,0.029999999969999996,0.5,0.015547995330075018,0.1037793333627689,False
copy_control,157,0.96,0.18,0.92,0.94,0.68,0.74,0.75,0.8,0.25999999999999995,0.84,3.0500000000000003,0.27,0.72,0.7,0.03,1.0,0.0,0.15897599999999998,0.2223454743069728,0.029999999969999996,0.5,0.015515115609370515,0.10374638403841732,False
copy_control,158,0.96,0.18,0.92,0.94,0.68,0.74,0.75,0.8,0.25999999999999995,0.84,3.0500000000000003,0.27,0.72,0.7,0.03,1.0,0.0,0.15897599999999998,0.2223454743069728,0.029999999969999996,0.5,0.015484208671908284,0.10371535751140087,False
copy_control,159,0.96,0.18,0.92,0.94,0.68,0.74,0.75,0.8,0.25999999999999995,0.84,3.0500000000000003,0.27,0.72,0.7,0.03,1.0,0.0,0.15897599999999998,0.2223454743069728,0.029999999969999996,0.5,0.015455156150693785,0.10368614454127038,False
copy_control,160,0.96,0.18,0.92,0.94,0.68,0.74,0.75,0.8,0.25999999999999995,0.84,3.0500000000000003,0.27,0.72,0.7,0.03,1.0,0.0,0.15897599999999998,0.2223454743069728,0.029999999969999996,0.5,0.015427846780752156,0.10365864175796036,False
copy_control,161,0.96,0.18,0.92,0.94,0.68,0.74,0.75,0.8,0.25999999999999995,0.84,3.0500000000000003,0.27,0.72,0.7,0.03,1.0,0.0,0.15897599999999998,0.2223454743069728,0.029999999969999996,0.5,0.015402175973007024,0.1036327513844183,False
copy_control,162,0.96,0.18,0.92,0.94,0.68,0.74,0.75,0.8,0.25999999999999995,0.84,3.0500000000000003,0.27,0.72,0.7,0.03,1.0,0.0,0.15897599999999998,0.2223454743069728,0.029999999969999996,0.5,0.015378045413726601,0.10360838096793465,False
copy_control,163,0.96,0.18,0.92,0.94,0.68,0.74,0.75,0.8,0.25999999999999995,0.84,3.0500000000000003,0.27,0.72,0.7,0.03,1.0,0.0,0.15897599999999998,0.2223454743069728,0.029999999969999996,0.5,0.015355362688003004,0.10358544312045287,False
copy_control,164,0.96,0.18,0.92,0.94,0.68,0.74,0.75,0.8,0.25999999999999995,0.84,3.0500000000000003,0.27,0.72,0.7,0.03,1.0,0.0,0.15897599999999998,0.2223454743069728,0.029999999969999996,0.5,0.015334040925822823,0.10356385526804816,False
copy_control,165,0.96,0.18,0.92,0.94,0.68,0.74,0.75,0.8,0.25999999999999995,0.84,3.0500000000000003,0.27,0.72,0.7,0.03,1.0,0.0,0.15897599999999998,0.2223454743069728,0.029999999969999996,0.5,0.015313998469373452,0.10354353940968414,False
copy_control,166,0.96,0.18,0.92,0.94,0.68,0.74,0.75,0.8,0.25999999999999995,0.84,3.0500000000000003,0.27,0.72,0.7,0.03,1.0,0.0,0.15897599999999998,0.2223454743069728,0.029999999969999996,0.5,0.015295158560311044,0.1035244218852863,False
copy_control,167,0.96,0.18,0.92,0.94,0.68,0.74,0.75,0.8,0.25999999999999995,0.84,3.0500000000000003,0.27,0.72,0.7,0.03,1.0,0.0,0.15897599999999998,0.2223454743069728,0.029999999969999996,0.5,0.015277449045792379,0.10350643315311202,False
copy_control,168,0.96,0.18,0.92,0.94,0.68,0.74,0.75,0.8,0.25999999999999995,0.84,3.0500000000000003,0.27,0.72,0.7,0.03,1.0,0.0,0.15897599999999998,0.2223454743069728,0.029999999969999996,0.5,0.015260802102144835,0.10348950757634501,False
copy_control,169,0.96,0.18,0.92,0.94,0.68,0.74,0.75,0.8,0.25999999999999995,0.84,3.0500000000000003,0.27,0.72,0.7,0.03,1.0,0.0,0.15897599999999998,0.2223454743069728,0.029999999969999996,0.5,0.015245153975116143,0.1034735832187976,False
copy_control,170,0.96,0.18,0.92,0.94,0.68,0.74,0.75,0.8,0.25999999999999995,0.84,3.0500000000000003,0.27,0.72,0.7,0.03,1.0,0.0,0.15897599999999998,0.2223454743069728,0.029999999969999996,0.5,0.015230444735709173,0.10345860164956826,False
copy_control,171,0.96,0.18,0.92,0.94,0.68,0.74,0.75,0.8,0.25999999999999995,0.84,3.0500000000000003,0.27,0.72,0.7,0.03,1.0,0.0,0.15897599999999998,0.2223454743069728,0.029999999969999996,0.5,0.015216618050666621,0.10344450775647067,False
copy_control,172,0.96,0.18,0.92,0.94,0.68,0.74,0.75,0.8,0.25999999999999995,0.84,3.0500000000000003,0.27,0.72,0.7,0.03,1.0,0.0,0.15897599999999998,0.2223454743069728,0.029999999969999996,0.5,0.015203620966726622,0.10343124956802503,False
copy_control,173,0.96,0.18,0.92,0.94,0.68,0.74,0.75,0.8,0.25999999999999995,0.84,3.0500000000000003,0.27,0.72,0.7,0.03,1.0,0.0,0.15897599999999998,0.2223454743069728,0.029999999969999996,0.5,0.015191403707823023,0.10341877808378312,False
copy_control,174,0.96,0.18,0.92,0.94,0.68,0.74,0.75,0.8,0.25999999999999995,0.84,3.0500000000000003,0.27,0.72,0.7,0.03,1.0,0.0,0.15897599999999998,0.2223454743069728,0.029999999969999996,0.5,0.01517991948445364,0.10340704711274146,False
copy_control,175,0.96,0.18,0.92,0.94,0.68,0.74,0.75,0.8,0.25999999999999995,0.84,3.0500000000000003,0.27,0.72,0.7,0.03,1.0,0.0,0.15897599999999998,0.2223454743069728,0.029999999969999996,0.5,0.01516912431448642,0.10339601311958616,False
copy_control,176,0.96,0.18,0.92,0.94,0.68,0.74,0.75,0.8,0.25999999999999995,0.84,3.0500000000000003,0.27,0.72,0.7,0.03,1.0,0.0,0.15897599999999998,0.2223454743069728,0.029999999969999996,0.5,0.015158976854717234,0.10338563507850342,False
copy_control,177,0.96,0.18,0.92,0.94,0.68,0.74,0.75,0.8,0.25999999999999995,0.84,3.0500000000000003,0.27,0.72,0.7,0.03,1.0,0.0,0.15897599999999998,0.2223454743069728,0.029999999969999996,0.5,0.015149438242534199,0.10337587433428441,False
copy_control,178,0.96,0.18,0.92,0.94,0.68,0.74,0.75,0.8,0.25999999999999995,0.84,3.0500000000000003,0.27,0.72,0.7,0.03,1.0,0.0,0.15897599999999998,0.2223454743069728,0.029999999969999996,0.5,0.015140471947082144,0.10336669447044985,False
copy_control,179,0.96,0.18,0.92,0.94,0.68,0.74,0.75,0.8,0.25999999999999995,0.84,3.0500000000000003,0.27,0.72,0.7,0.03,1.0,0.0,0.15897599999999998,0.2223454743069728,0.029999999969999996,0.5,0.015132043629357213,0.10335806118411854,False
copy_control,180,0.96,0.18,0.92,0.94,0.68,0.74,0.75,0.8,0.25999999999999995,0.84,3.0500000000000003,0.27,0.72,0.7,0.03,1.0,0.0,0.15897599999999998,0.2223454743069728,0.029999999969999996,0.5,0.015124121010695778,0.10334994216734514,False
copy_control,181,0.96,0.18,0.92,0.94,0.68,0.74,0.75,0.8,0.25999999999999995,0.84,3.0500000000000003,0.27,0.72,0.7,0.03,1.0,0.0,0.15897599999999998,0.2223454743069728,0.029999999969999996,0.5,0.01511667374915403,0.10334230699465471,False
copy_control,182,0.96,0.18,0.92,0.94,0.68,0.74,0.75,0.8,0.25999999999999995,0.84,3.0500000000000003,0.27,0.72,0.7,0.03,1.0,0.0,0.15897599999999998,0.2223454743069728,0.029999999969999996,0.5,0.015109673323304786,0.10333512701650524,False
copy_control,183,0.96,0.18,0.92,0.94,0.68,0.74,0.75,0.8,0.25999999999999995,0.84,3.0500000000000003,0.27,0.72,0.7,0.03,1.0,0.0,0.15897599999999998,0.2223454743069728,0.029999999969999996,0.5,0.015103092923006498,0.10332837525841422,False
copy_control,184,0.96,0.18,0.92,0.94,0.68,0.74,0.75,0.8,0.25999999999999995,0.84,3.0500000000000003,0.27,0.72,0.7,0.03,1.0,0.0,0.15897599999999998,0.2223454743069728,0.029999999969999996,0.5,0.015096907346726106,0.10332202632549156,False
copy_control,185,0.96,0.18,0.92,0.94,0.68,0.74,0.75,0.8,0.25999999999999995,0.84,3.0500000000000003,0.27,0.72,0.7,0.03,1.0,0.0,0.15897599999999998,0.2223454743069728,0.029999999969999996,0.5,0.015091092905022538,0.10331605631212663,False
copy_control,186,0.96,0.18,0.92,0.94,0.68,0.74,0.75,0.8,0.25999999999999995,0.84,3.0500000000000003,0.27,0.72,0.7,0.03,1.0,0.0,0.15897599999999998,0.2223454743069728,0.029999999969999996,0.5,0.015085627329821185,0.10331044271658521,False
copy_control,187,0.96,0.18,0.92,0.94,0.68,0.74,0.75,0.8,0.25999999999999995,0.84,3.0500000000000003,0.27,0.72,0.7,0.03,1.0,0.0,0.15897599999999998,0.2223454743069728,0.029999999969999996,0.5,0.015080489689131912,0.10330516436027906,False
copy_control,188,0.96,0.18,0.92,0.94,0.68,0.74,0.75,0.8,0.25999999999999995,0.84,3.0500000000000003,0.27,0.72,0.7,0.03,1.0,0.0,0.15897599999999998,0.2223454743069728,0.029999999969999996,0.5,0.015075660306883995,0.10330020131147924,False
copy_control,189,0.96,0.18,0.92,0.94,0.68,0.74,0.75,0.8,0.25999999999999995,0.84,3.0500000000000003,0.27,0.72,0.7,0.03,1.0,0.0,0.15897599999999998,0.2223454743069728,0.029999999969999996,0.5,0.015071120687570954,0.10329553481325109,False
copy_control,190,0.96,0.18,0.92,0.94,0.68,0.74,0.75,0.8,0.25999999999999995,0.84,3.0500000000000003,0.27,0.72,0.7,0.03,1.0,0.0,0.15897599999999998,0.2223454743069728,0.029999999969999996,0.5,0.015066853445416695,0.10329114721539898,False
copy_control,191,0.96,0.18,0.92,0.94,0.68,0.74,0.75,0.8,0.25999999999999995,0.84,3.0500000000000003,0.27,0.72,0.7,0.03,1.0,0.0,0.15897599999999998,0.2223454743069728,0.029999999969999996,0.5,0.01506284223779169,0.10328702191021506,False
copy_control,192,0.96,0.18,0.92,0.94,0.68,0.74,0.75,0.8,0.25999999999999995,0.84,3.0500000000000003,0.27,0.72,0.7,0.03,1.0,0.0,0.15897599999999998,0.2223454743069728,0.029999999969999996,0.5,0.015059071702624188,0.10328314327183624,False
copy_control,193,0.96,0.18,0.92,0.94,0.68,0.74,0.75,0.8,0.25999999999999995,0.84,3.0500000000000003,0.27,0.72,0.7,0.03,1.0,0.0,0.15897599999999998,0.2223454743069728,0.029999999969999996,0.5,0.015055527399566735,0.10327949659902051,False
copy_control,194,0.96,0.18,0.92,0.94,0.68,0.74,0.75,0.8,0.25999999999999995,0.84,3.0500000000000003,0.27,0.72,0.7,0.03,1.0,0.0,0.15897599999999998,0.2223454743069728,0.029999999969999996,0.5,0.01505219575469273,0.10327606806116287,False
copy_control,195,0.96,0.18,0.92,0.94,0.68,0.74,0.75,0.8,0.25999999999999995,0.84,3.0500000000000003,0.27,0.72,0.7,0.03,1.0,0.0,0.15897599999999998,0.2223454743069728,0.029999999969999996,0.5,0.015049064008511163,0.10327284464737861,False
copy_control,196,0.96,0.18,0.92,0.94,0.68,0.74,0.75,0.8,0.25999999999999995,0.84,3.0500000000000003,0.27,0.72,0.7,0.03,1.0,0.0,0.15897599999999998,0.2223454743069728,0.029999999969999996,0.5,0.015046120167100491,0.1032698141184892,False
copy_control,197,0.96,0.18,0.92,0.94,0.68,0.74,0.75,0.8,0.25999999999999995,0.84,3.0500000000000003,0.27,0.72,0.7,0.03,1.0,0.0,0.15897599999999998,0.2223454743069728,0.029999999969999996,0.5,0.01504335295617446,0.10326696496175455,False
copy_control,198,0.96,0.18,0.92,0.94,0.68,0.74,0.75,0.8,0.25999999999999995,0.84,3.0500000000000003,0.27,0.72,0.7,0.03,1.0,0.0,0.15897599999999998,0.2223454743069728,0.029999999969999996,0.5,0.015040751777903991,0.10326428634820196,False
copy_control,199,0.96,0.18,0.92,0.94,0.68,0.74,0.75,0.8,0.25999999999999995,0.84,3.0500000000000003,0.27,0.72,0.7,0.03,1.0,0.0,0.15897599999999998,0.2223454743069728,0.029999999969999996,0.5,0.01503830667032975,0.10326176809240975,False
copy_control,200,0.96,0.18,0.92,0.94,0.68,0.74,0.75,0.8,0.25999999999999995,0.84,3.0500000000000003,0.27,0.72,0.7,0.03,1.0,0.0,0.15897599999999998,0.2223454743069728,0.029999999969999996,0.5,0.015036008269209963,0.10325940061461047,False
copy_control,201,0.96,0.18,0.92,0.94,0.68,0.74,0.75,0.8,0.25999999999999995,0.84,3.0500000000000003,0.27,0.72,0.7,0.03,1.0,0.0,0.15897599999999998,0.2223454743069728,0.029999999969999996,0.5,0.015033847772157364,0.10325717490498523,False
copy_control,202,0.96,0.18,0.92,0.94,0.68,0.74,0.75,0.8,0.25999999999999995,0.84,3.0500000000000003,0.27,0.72,0.7,0.03,1.0,0.0,0.15897599999999998,0.2223454743069728,0.029999999969999996,0.5,0.01503181690492792,0.10325508249002707,False
copy_control,203,0.96,0.18,0.92,0.94,0.68,0.74,0.75,0.8,0.25999999999999995,0.84,3.0500000000000003,0.27,0.72,0.7,0.03,1.0,0.0,0.15897599999999998,0.2223454743069728,0.029999999969999996,0.5,0.015029907889732243,0.10325311540085795,False
copy_control,204,0.96,0.18,0.92,0.94,0.68,0.74,0.75,0.8,0.25999999999999995,0.84,3.0500000000000003,0.27,0.72,0.7,0.03,1.0,0.0,0.15897599999999998,0.2223454743069728,0.029999999969999996,0.5,0.015028113415448307,0.1032512661433892,False
copy_control,205,0.96,0.18,0.92,0.94,0.68,0.74,0.75,0.8,0.25999999999999995,0.84,3.0500000000000003,0.27,0.72,0.7,0.03,1.0,0.0,0.15897599999999998,0.2223454743069728,0.029999999969999996,0.5,0.015026426609621406,0.10324952767022176,False
copy_control,206,0.96,0.18,0.92,0.94,0.68,0.74,0.75,0.8,0.25999999999999995,0.84,3.0500000000000003,0.27,0.72,0.7,0.03,1.0,0.0,0.15897599999999998,0.2223454743069728,0.029999999969999996,0.5,0.01502484101214412,0.1032478933541876,False
copy_control,207,0.96,0.18,0.92,0.94,0.68,0.74,0.75,0.8,0.25999999999999995,0.84,3.0500000000000003,0.27,0.72,0.7,0.03,1.0,0.0,0.15897599999999998,0.2223454743069728,0.029999999969999996,0.5,0.015023350550515471,0.1032463569634389,False
copy_control,208,0.96,0.18,0.92,0.94,0.68,0.74,0.75,0.8,0.25999999999999995,0.84,3.0500000000000003,0.27,0.72,0.7,0.03,1.0,0.0,0.15897599999999998,0.2223454743069728,0.029999999969999996,0.5,0.015021949516584542,0.10324491263799676,False
copy_control,209,0.96,0.18,0.92,0.94,0.68,0.74,0.75,0.8,0.25999999999999995,0.84,3.0500000000000003,0.27,0.72,0.7,0.03,1.0,0.0,0.15897599999999998,0.2223454743069728,0.029999999969999996,0.5,0.015020632544689468,0.10324355486767607,False
copy_control,210,0.96,0.18,0.92,0.94,0.68,0.74,0.75,0.8,0.25999999999999995,0.84,3.0500000000000003,0.27,0.72,0.7,0.03,1.0,0.0,0.15897599999999998,0.2223454743069728,0.029999999969999996,0.5,0.015019394591108098,0.1032422784713073,False
copy_control,211,0.96,0.18,0.92,0.94,0.68,0.74,0.75,0.8,0.25999999999999995,0.84,3.0500000000000003,0.27,0.72,0.7,0.03,1.0,0.0,0.15897599999999998,0.2223454743069728,0.029999999969999996,0.5,0.015018230914741611,0.1032410785771808,False
copy_control,212,0.96,0.18,0.92,0.94,0.68,0.74,0.75,0.8,0.25999999999999995,0.84,3.0500000000000003,0.27,0.72,0.7,0.03,1.0,0.0,0.15897599999999998,0.2223454743069728,0.029999999969999996,0.5,0.015017137058957113,0.10323995060464296,False
copy_control,213,0.96,0.18,0.92,0.94,0.68,0.74,0.75,0.8,0.25999999999999995,0.84,3.0500000000000003,0.27,0.72,0.7,0.03,1.0,0.0,0.15897599999999998,0.2223454743069728,0.029999999969999996,0.5,0.015016108834519684,0.1032388902467775,False
copy_control,214,0.96,0.18,0.92,0.94,0.68,0.74,0.75,0.8,0.25999999999999995,0.84,3.0500000000000003,0.27,0.72,0.7,0.03,1.0,0.0,0.15897599999999998,0.2223454743069728,0.029999999969999996,0.5,0.015015142303548501,0.10323789345410929,False
copy_control,215,0.96,0.18,0.92,0.94,0.68,0.74,0.75,0.8,0.25999999999999995,0.84,3.0500000000000003,0.27,0.72,0.7,0.03,1.0,0.0,0.15897599999999998,0.2223454743069728,0.029999999969999996,0.5,0.01501423376443559,0.10323695641927094,False
copy_control,216,0.96,0.18,0.92,0.94,0.68,0.74,0.75,0.8,0.25999999999999995,0.84,3.0500000000000003,0.27,0.72,0.7,0.03,1.0,0.0,0.15897599999999998,0.2223454743069728,0.029999999969999996,0.5,0.015013379737669452,0.10323607556257633,False
copy_control,217,0.96,0.18,0.92,0.94,0.68,0.74,0.75,0.8,0.25999999999999995,0.84,3.0500000000000003,0.27,0.72,0.7,0.03,1.0,0.0,0.15897599999999998,0.2223454743069728,0.029999999969999996,0.5,0.015012576952509283,0.1032352475184481,False
copy_control,218,0.96,0.18,0.92,0.94,0.68,0.74,0.75,0.8,0.25999999999999995,0.84,3.0500000000000003,0.27,0.72,0.7,0.03,1.0,0.0,0.15897599999999998,0.2223454743069728,0.029999999969999996,0.5,0.015011822334458724,0.10323446912264933,False
copy_control,219,0.96,0.18,0.92,0.94,0.68,0.74,0.75,0.8,0.25999999999999995,0.84,3.0500000000000003,0.27,0.72,0.7,0.03,1.0,0.0,0.15897599999999998,0.2223454743069728,0.029999999969999996,0.5,0.015011112993491199,0.10323373740027207,False
resurrection_path,0,0.94,0.91,0.9,0.94,0.005,0.22,0.2,0.25,0.58,0.04,0.01,0.84,0.03,0.02,0.0,1.0,0.0,0.76986,4.892795169640035e-07,0.0,0.5,0.0,0.0,False
resurrection_path,1,0.94,0.91,0.9,0.94,0.005,0.22,0.2,0.25,0.58,0.04,0.01,0.84,0.03,0.02,0.0,1.0,0.0,0.76986,4.892795169640035e-07,0.0,0.5,0.0,0.0,False
resurrection_path,2,0.94,0.91,0.9,0.94,0.005,0.22,0.2,0.25,0.58,0.04,0.01,0.84,0.03,0.02,0.0,1.0,0.0,0.76986,4.892795169640035e-07,0.0,0.5,0.0,0.0,False
resurrection_path,3,0.94,0.91,0.9,0.94,0.005,0.22,0.2,0.25,0.58,0.04,0.01,0.84,0.03,0.02,0.0,1.0,0.0,0.76986,4.892795169640035e-07,0.0,0.5,0.0,0.0,False
resurrection_path,4,0.94,0.91,0.9,0.94,0.005,0.22,0.2,0.25,0.58,0.04,0.01,0.84,0.03,0.02,0.0,1.0,0.0,0.76986,4.892795169640035e-07,0.0,0.5,0.0,0.0,False
resurrection_path,5,0.94,0.91,0.9,0.94,0.005,0.22,0.2,0.25,0.58,0.04,0.01,0.84,0.03,0.02,0.0,1.0,0.0,0.76986,4.892795169640035e-07,0.0,0.5,0.0,0.0,False
resurrection_path,6,0.94,0.91,0.9,0.94,0.005,0.22,0.2,0.25,0.58,0.04,0.01,0.84,0.03,0.02,0.0,1.0,0.0,0.76986,4.892795169640035e-07,0.0,0.5,0.0,0.0,False
resurrection_path,7,0.94,0.91,0.9,0.94,0.005,0.22,0.2,0.25,0.58,0.04,0.01,0.84,0.03,0.02,0.0,1.0,0.0,0.76986,4.892795169640035e-07,0.0,0.5,0.0,0.0,False
resurrection_path,8,0.94,0.91,0.9,0.94,0.005,0.22,0.2,0.25,0.58,0.04,0.01,0.84,0.03,0.02,0.0,1.0,0.0,0.76986,4.892795169640035e-07,0.0,0.5,0.0,0.0,False
resurrection_path,9,0.94,0.91,0.9,0.94,0.005,0.22,0.2,0.25,0.58,0.04,0.01,0.84,0.03,0.02,0.0,1.0,0.0,0.76986,4.892795169640035e-07,0.0,0.5,0.0,0.0,False
resurrection_path,10,0.94,0.91,0.9,0.94,0.005,0.22,0.2,0.25,0.58,0.04,0.01,0.84,0.03,0.02,0.0,1.0,0.0,0.76986,4.892795169640035e-07,0.0,0.5,0.0,0.0,False
resurrection_path,11,0.94,0.91,0.9,0.94,0.005,0.22,0.2,0.25,0.58,0.04,0.01,0.84,0.03,0.02,0.0,1.0,0.0,0.76986,4.892795169640035e-07,0.0,0.5,0.0,0.0,False
resurrection_path,12,0.94,0.91,0.9,0.94,0.005,0.22,0.2,0.25,0.58,0.04,0.01,0.84,0.03,0.02,0.0,1.0,0.0,0.76986,4.892795169640035e-07,0.0,0.5,0.0,0.0,False
resurrection_path,13,0.94,0.91,0.9,0.94,0.005,0.22,0.2,0.25,0.58,0.04,0.01,0.84,0.03,0.02,0.0,1.0,0.0,0.76986,4.892795169640035e-07,0.0,0.5,0.0,0.0,False
resurrection_path,14,0.94,0.91,0.9,0.94,0.005,0.22,0.2,0.25,0.58,0.04,0.01,0.84,0.03,0.02,0.0,1.0,0.0,0.76986,4.892795169640035e-07,0.0,0.5,0.0,0.0,False
resurrection_path,15,0.94,0.91,0.9,0.94,0.005,0.22,0.2,0.25,0.58,0.04,0.01,0.84,0.03,0.02,0.0,1.0,0.0,0.76986,4.892795169640035e-07,0.0,0.5,0.0,0.0,False
resurrection_path,16,0.94,0.91,0.9,0.94,0.005,0.22,0.2,0.25,0.58,0.04,0.01,0.84,0.03,0.02,0.0,1.0,0.0,0.76986,4.892795169640035e-07,0.0,0.5,0.0,0.0,False
resurrection_path,17,0.94,0.91,0.9,0.94,0.005,0.22,0.2,0.25,0.58,0.04,0.01,0.84,0.03,0.02,0.0,1.0,0.0,0.76986,4.892795169640035e-07,0.0,0.5,0.0,0.0,False
resurrection_path,18,0.94,0.91,0.9,0.94,0.005,0.22,0.2,0.25,0.58,0.04,0.01,0.84,0.03,0.02,0.0,1.0,0.0,0.76986,4.892795169640035e-07,0.0,0.5,0.0,0.0,False
resurrection_path,19,0.94,0.91,0.9,0.94,0.005,0.22,0.2,0.25,0.58,0.04,0.01,0.84,0.03,0.02,0.0,1.0,0.0,0.76986,4.892795169640035e-07,0.0,0.5,0.0,0.0,False
resurrection_path,20,0.94,0.91,0.9,0.94,0.005,0.22,0.2,0.25,0.58,0.04,0.01,0.84,0.03,0.02,0.0,1.0,0.0,0.76986,4.892795169640035e-07,0.0,0.5,0.0,0.0,False
resurrection_path,21,0.94,0.91,0.9,0.94,0.005,0.22,0.2,0.25,0.58,0.04,0.01,0.84,0.03,0.02,0.0,1.0,0.0,0.76986,4.892795169640035e-07,0.0,0.5,0.0,0.0,False
resurrection_path,22,0.94,0.91,0.9,0.94,0.005,0.22,0.2,0.25,0.58,0.04,0.01,0.84,0.03,0.02,0.0,1.0,0.0,0.76986,4.892795169640035e-07,0.0,0.5,0.0,0.0,False
resurrection_path,23,0.94,0.91,0.9,0.94,0.005,0.22,0.2,0.25,0.58,0.04,0.01,0.84,0.03,0.02,0.0,1.0,0.0,0.76986,4.892795169640035e-07,0.0,0.5,0.0,0.0,False
resurrection_path,24,0.94,0.91,0.9,0.94,0.005,0.22,0.2,0.25,0.58,0.04,0.01,0.84,0.03,0.02,0.0,1.0,0.0,0.76986,4.892795169640035e-07,0.0,0.5,0.0,0.0,False
resurrection_path,25,0.94,0.91,0.9,0.94,0.005,0.22,0.2,0.25,0.58,0.04,0.01,0.84,0.03,0.02,0.0,1.0,0.0,0.76986,4.892795169640035e-07,0.0,0.5,0.0,0.0,False
resurrection_path,26,0.94,0.91,0.9,0.94,0.005,0.22,0.2,0.25,0.58,0.04,0.01,0.84,0.03,0.02,0.0,1.0,0.0,0.76986,4.892795169640035e-07,0.0,0.5,0.0,0.0,False
resurrection_path,27,0.94,0.91,0.9,0.94,0.005,0.22,0.2,0.25,0.58,0.04,0.01,0.84,0.03,0.02,0.0,1.0,0.0,0.76986,4.892795169640035e-07,0.0,0.5,0.0,0.0,False
resurrection_path,28,0.94,0.91,0.9,0.94,0.005,0.22,0.2,0.25,0.58,0.04,0.01,0.84,0.03,0.02,0.0,1.0,0.0,0.76986,4.892795169640035e-07,0.0,0.5,0.0,0.0,False
resurrection_path,29,0.94,0.91,0.9,0.94,0.005,0.22,0.2,0.25,0.58,0.04,0.01,0.84,0.03,0.02,0.0,1.0,0.0,0.76986,4.892795169640035e-07,0.0,0.5,0.0,0.0,False
resurrection_path,30,0.94,0.91,0.9,0.94,0.005,0.22,0.2,0.25,0.58,0.04,0.01,0.84,0.03,0.02,0.0,1.0,0.0,0.76986,4.892795169640035e-07,0.0,0.5,0.0,0.0,False
resurrection_path,31,0.94,0.91,0.9,0.94,0.005,0.22,0.2,0.25,0.58,0.04,0.01,0.84,0.03,0.02,0.0,1.0,0.0,0.76986,4.892795169640035e-07,0.0,0.5,0.0,0.0,False
resurrection_path,32,0.94,0.91,0.9,0.94,0.005,0.22,0.2,0.25,0.58,0.04,0.01,0.84,0.03,0.02,0.0,1.0,0.0,0.76986,4.892795169640035e-07,0.0,0.5,0.0,0.0,False
resurrection_path,33,0.94,0.91,0.9,0.94,0.005,0.22,0.2,0.25,0.58,0.04,0.01,0.84,0.03,0.02,0.0,1.0,0.0,0.76986,4.892795169640035e-07,0.0,0.5,0.0,0.0,False
resurrection_path,34,0.94,0.91,0.9,0.94,0.005,0.22,0.2,0.25,0.58,0.04,0.01,0.84,0.03,0.02,0.0,1.0,0.0,0.76986,4.892795169640035e-07,0.0,0.5,0.0,0.0,False
resurrection_path,35,0.94,0.91,0.9,0.94,0.005,0.22,0.2,0.25,0.58,0.04,0.01,0.84,0.03,0.02,0.0,1.0,0.0,0.76986,4.892795169640035e-07,0.0,0.5,0.0,0.0,False
resurrection_path,36,0.94,0.91,0.9,0.94,0.005,0.22,0.2,0.25,0.58,0.04,0.01,0.84,0.03,0.02,0.0,1.0,0.0,0.76986,4.892795169640035e-07,0.0,0.5,0.0,0.0,False
resurrection_path,37,0.94,0.91,0.9,0.94,0.005,0.22,0.2,0.25,0.58,0.04,0.01,0.84,0.03,0.02,0.0,1.0,0.0,0.76986,4.892795169640035e-07,0.0,0.5,0.0,0.0,False
resurrection_path,38,0.94,0.91,0.9,0.94,0.005,0.22,0.2,0.25,0.58,0.04,0.01,0.84,0.03,0.02,0.0,1.0,0.0,0.76986,4.892795169640035e-07,0.0,0.5,0.0,0.0,False
resurrection_path,39,0.94,0.91,0.9,0.94,0.005,0.22,0.2,0.25,0.58,0.04,0.01,0.84,0.03,0.02,0.0,1.0,0.0,0.76986,4.892795169640035e-07,0.0,0.5,0.0,0.0,False
resurrection_path,40,0.94,0.91,0.9,0.94,0.005,0.22264840182648402,0.20280119423955043,0.2528011942395504,0.5783702142606252,0.04,0.01,0.84,0.03,0.02,0.0,1.0,0.0,0.76986,4.993347228389008e-07,0.0,0.537858120439526,0.0,0.0,False
resurrection_path,41,0.94,0.91,0.9,0.94,0.005,0.22721461187214612,0.20763083948015457,0.2576308394801545,0.5755602388479101,0.04,0.01,0.84,0.03,0.02,0.0,1.0,0.0,0.76986,5.168685581438054e-07,0.0,0.5650273910614739,0.0,0.0,False
resurrection_path,42,0.94,0.91,0.9,0.94,0.005,0.23178082191780822,0.2124604847207587,0.26246048472075867,0.5727502634351949,0.04,0.01,0.84,0.03,0.02,0.0,1.0,0.0,0.76986,5.346508051408654e-07,0.0,0.5650273910614745,0.0,0.0,False
resurrection_path,43,0.94,0.91,0.9,0.94,0.005,0.23634703196347032,0.21729012996136285,0.2672901299613628,0.5699402880224798,0.04,0.01,0.84,0.03,0.02,0.0,1.0,0.0,0.76986,5.526799853116565e-07,0.0,0.5650273910614739,0.0,0.0,False
resurrection_path,44,0.94,0.91,0.9,0.94,0.005,0.24091324200913242,0.222119775201967,0.27211977520196695,0.5671303126097647,0.04,0.01,0.84,0.03,0.02,0.0,1.0,0.0,0.76986,5.709546575323338e-07,0.0,0.5650273910614739,0.0,0.0,False
resurrection_path,45,0.94,0.91,0.9,0.94,0.005,0.24547945205479452,0.22694942044257113,0.27694942044257115,0.5643203371970494,0.04,0.01,0.84,0.03,0.02,0.0,1.0,0.0,0.76986,5.894734164321259e-07,0.0,0.5650273910614746,0.0,0.0,False
resurrection_path,46,0.94,0.91,0.9,0.94,0.005,0.25004566210045664,0.23177906568317527,0.2817790656831753,0.5615103617843343,0.04,0.01,0.84,0.03,0.02,0.0,1.0,0.0,0.76986,6.082348908532865e-07,0.0,0.5650273910614741,0.0,0.0,False
resurrection_path,47,0.94,0.91,0.9,0.94,0.005,0.2546118721461187,0.23660871092377944,0.28660871092377943,0.5587003863716192,0.04,0.01,0.84,0.03,0.02,0.0,1.0,0.0,0.76986,6.272377424044829e-07,0.0,0.5650273910614738,0.0,0.0,False
resurrection_path,48,0.94,0.91,0.9,0.94,0.005,0.25917808219178085,0.24143835616438358,0.29143835616438357,0.5558904109589041,0.04,0.01,0.84,0.03,0.02,0.0,1.0,0.0,0.76986,6.464806641003682e-07,0.0,0.5650273910614744,0.0,0.0,False
resurrection_path,49,0.94,0.91,0.9,0.94,0.005,0.2637442922374429,0.24626800140498772,0.2962680014049877,0.5530804355461889,0.04,0.01,0.84,0.03,0.02,0.0,1.0,0.0,0.76986,6.659623790807602e-07,0.0,0.5650273910614741,0.0,0.0,False
resurrection_path,50,0.94,0.91,0.9,0.94,0.005,0.26831050228310505,0.25109764664559187,0.30109764664559185,0.5502704601334738,0.04,0.01,0.84,0.03,0.02,0.0,1.0,0.0,0.76986,6.856816394034709e-07,0.0,0.5650273910614744,0.0,0.0,False
resurrection_path,51,0.94,0.91,0.9,0.94,0.005,0.2728767123287671,0.255927291886196,0.305927291886196,0.5474604847207587,0.04,0.01,0.84,0.03,0.02,0.0,1.0,0.0,0.76986,7.056372249053517e-07,0.0,0.5650273910614736,0.0,0.0,False
resurrection_path,52,0.94,0.91,0.9,0.94,0.005,0.27744292237442925,0.26075693712680015,0.31075693712680014,0.5446505093080435,0.04,0.01,0.84,0.03,0.02,0.0,1.0,0.0,0.76986,7.258279421266279e-07,0.0,0.5650273910614747,0.0,0.0,False
resurrection_path,53,0.94,0.91,0.9,0.94,0.005,0.2820091324200913,0.2655865823674043,0.3155865823674043,0.5418405338953284,0.04,0.01,0.84,0.03,0.02,0.0,1.0,0.0,0.76986,7.462526232940018e-07,0.0,0.5650273910614736,0.0,0.0,False
resurrection_path,54,0.94,0.91,0.9,0.94,0.005,0.28657534246575345,0.27041622760800843,0.3204162276080084,0.5390305584826133,0.04,0.01,0.84,0.03,0.02,0.0,1.0,0.0,0.76986,7.669101253584233e-07,0.0,0.5650273910614744,0.0,0.0,False
resurrection_path,55,0.94,0.91,0.9,0.94,0.005,0.2911415525114155,0.27524587284861257,0.32524587284861256,0.5362205830698981,0.04,0.01,0.84,0.03,0.02,0.0,1.0,0.0,0.76986,7.877993290837441e-07,0.0,0.5650273910614741,0.0,0.0,False
resurrection_path,56,0.94,0.91,0.9,0.94,0.005,0.29570776255707765,0.2800755180892167,0.3300755180892167,0.533410607657183,0.04,0.01,0.84,0.03,0.02,0.0,1.0,0.0,0.76986,8.089191381828212e-07,0.0,0.5650273910614744,0.0,0.0,False
resurrection_path,57,0.94,0.91,0.9,0.94,0.005,0.3002739726027397,0.28490516332982085,0.33490516332982084,0.5306006322444679,0.04,0.01,0.84,0.03,0.02,0.0,1.0,0.0,0.76986,8.302684784978824e-07,0.0,0.5650273910614736,0.0,0.0,False
resurrection_path,58,0.94,0.91,0.9,0.94,0.005,0.30484018264840185,0.289734808570425,0.339734808570425,0.5277906568317527,0.04,0.01,0.84,0.03,0.02,0.0,1.0,0.0,0.76986,8.518462972222625e-07,0.0,0.5650273910614744,0.0,0.0,False
resurrection_path,59,0.94,0.91,0.9,0.94,0.005,0.3094063926940639,0.29456445381102914,0.3445644538110292,0.5249806814190375,0.04,0.01,0.84,0.03,0.02,0.0,1.0,0.0,0.76986,8.736515621608118e-07,0.0,0.5650273910614743,0.0,0.0,False
resurrection_path,60,0.94,0.91,0.9,0.94,0.005,0.31397260273972605,0.2993940990516333,0.3493940990516333,0.5221707060063224,0.04,0.01,0.84,0.03,0.02,0.0,1.0,0.0,0.76986,8.956832610265275e-07,0.0,0.5650273910614744,0.0,0.0,False
resurrection_path,61,0.94,0.91,0.9,0.94,0.005,0.3185388127853881,0.3042237442922375,0.35422374429223746,0.5193607305936072,0.04,0.01,0.84,0.03,0.02,0.0,1.0,0.0,0.76986,9.17940400771114e-07,0.0,0.5650273910614744,0.0,0.0,False
resurrection_path,62,0.94,0.91,0.9,0.94,0.005,0.32310502283105025,0.30905338953284156,0.3590533895328416,0.5165507551808921,0.04,0.01,0.84,0.03,0.02,0.0,1.0,0.0,0.76986,9.404220069473836e-07,0.0,0.5650273910614741,0.0,0.0,False
resurrection_path,63,0.94,0.91,0.9,0.94,0.005,0.3276712328767123,0.3138830347734457,0.36388303477344575,0.513740779768177,0.04,0.01,0.84,0.03,0.02,0.0,1.0,0.0,0.76986,9.631271231015406e-07,0.0,0.5650273910614736,0.0,0.0,False
resurrection_path,64,0.94,0.91,0.9,0.94,0.005,0.33223744292237445,0.3187126800140499,0.3687126800140499,0.5109308043554619,0.04,0.01,0.84,0.03,0.02,0.0,1.0,0.0,0.76986,9.860548101935614e-07,0.0,0.5650273910614745,0.0,0.0,False
resurrection_path,65,0.94,0.91,0.9,0.94,0.005,0.3368036529680365,0.32354232525465404,0.37354232525465403,0.5081208289427467,0.04,0.01,0.84,0.03,0.02,0.0,1.0,0.0,0.76986,1.0092041460439869e-06,0.0,0.5650273910614741,0.0,0.0,False
resurrection_path,66,0.94,0.91,0.9,0.94,0.005,0.34136986301369865,0.3283719704952582,0.37837197049525817,0.5053108535300316,0.04,0.01,0.84,0.03,0.02,0.0,1.0,0.0,0.76986,1.0325742248055963e-06,0.0,0.5650273910614744,0.0,0.0,False
resurrection_path,67,0.94,0.91,0.9,0.94,0.005,0.3459360730593607,0.3332016157358623,0.3832016157358623,0.5025008781173165,0.04,0.01,0.84,0.03,0.02,0.0,1.0,0.0,0.76986,1.0561641564585084e-06,0.0,0.5650273910614736,0.0,0.0,False
resurrection_path,68,0.94,0.91,0.9,0.94,0.005,0.35050228310502285,0.33803126097646646,0.38803126097646645,0.4996909027046013,0.04,0.01,0.84,0.03,0.02,0.0,1.0,0.0,0.76986,1.079973066327388e-06,0.0,0.5650273910614746,0.0,0.0,False
resurrection_path,69,0.94,0.91,0.9,0.94,0.005,0.3550684931506849,0.34286090621707066,0.3928609062170706,0.49688092729188615,0.04,0.01,0.84,0.03,0.02,0.0,1.0,0.0,0.76986,1.1040000946194992e-06,0.0,0.565027391061474,0.0,0.0,False
resurrection_path,70,0.94,0.91,0.9,0.94,0.005,0.35963470319634705,0.3476905514576748,0.39769055145767473,0.49407095187917105,0.04,0.01,0.84,0.03,0.02,0.0,1.0,0.0,0.76986,1.1282443959824647e-06,0.0,0.5650273910614744,0.0,0.0,False
resurrection_path,71,0.94,0.91,0.9,0.94,0.005,0.3642009132420091,0.3525201966982789,0.4025201966982789,0.4912609764664559,0.04,0.01,0.84,0.03,0.02,0.0,1.0,0.0,0.76986,1.1527051390806292e-06,0.0,0.5650273910614738,0.0,0.0,False
resurrection_path,72,0.94,0.91,0.9,0.94,0.005,0.36876712328767125,0.35734984193888303,0.407349841938883,0.48845100105374073,0.04,0.01,0.84,0.03,0.02,0.0,1.0,0.0,0.76986,1.1773815061890412e-06,0.0,0.5650273910614746,0.0,0.0,False
resurrection_path,73,0.94,0.91,0.9,0.94,0.005,0.3733333333333333,0.36217948717948717,0.41217948717948716,0.4856410256410256,0.04,0.01,0.84,0.03,0.02,0.0,1.0,0.0,0.76986,1.20227269280409e-06,0.0,0.5650273910614736,0.0,0.0,False
resurrection_path,74,0.94,0.91,0.9,0.94,0.005,0.37789954337899545,0.3670091324200913,0.4170091324200913,0.48283105022831047,0.04,0.01,0.84,0.03,0.02,0.0,1.0,0.0,0.76986,1.227377907269939e-06,0.0,0.5650273910614746,0.0,0.0,False
resurrection_path,75,0.94,0.91,0.9,0.94,0.005,0.3824657534246575,0.3718387776606955,0.42183877766069544,0.4800210748155953,0.04,0.01,0.84,0.03,0.02,0.0,1.0,0.0,0.76986,1.252696370419908e-06,0.0,0.565027391061474,0.0,0.0,False
resurrection_path,76,0.94,0.91,0.9,0.94,0.005,0.38703196347031965,0.37666842290129965,0.4266684229012996,0.4772110994028802,0.04,0.01,0.84,0.03,0.02,0.0,1.0,0.0,0.76986,1.2782273152320578e-06,0.0,0.5650273910614744,0.0,0.0,False
resurrection_path,77,0.94,0.91,0.9,0.94,0.005,0.3915981735159817,0.3814980681419038,0.4314980681419037,0.47440112399016504,0.04,0.01,0.84,0.03,0.02,0.0,1.0,0.0,0.76986,1.303969986498232e-06,0.0,0.5650273910614739,0.0,0.0,False
resurrection_path,78,0.94,0.91,0.9,0.94,0.005,0.39616438356164385,0.38632771338250793,0.43632771338250786,0.4715911485774499,0.04,0.01,0.84,0.03,0.02,0.0,1.0,0.0,0.76986,1.329923640505894e-06,0.0,0.5650273910614746,0.0,0.0,False
resurrection_path,79,0.94,0.91,0.9,0.94,0.005,0.4007305936073059,0.3911573586231121,0.44115735862311206,0.4687811731647348,0.04,0.01,0.84,0.03,0.02,0.0,1.0,0.0,0.76986,1.3560875447321117e-06,0.0,0.5650273910614738,0.0,0.0,False
resurrection_path,80,0.94,0.91,0.9,0.94,0.005,0.40529680365296805,0.3959870038637162,0.4459870038637162,0.4659711977520196,0.04,0.01,0.84,0.03,0.02,0.0,1.0,0.0,0.76986,1.3824609775491007e-06,0.0,0.5650273910614746,0.0,0.0,False
resurrection_path,81,0.94,0.91,0.9,0.94,0.005,0.4098630136986301,0.40081664910432035,0.45081664910432034,0.4631612223393045,0.04,0.01,0.84,0.03,0.02,0.0,1.0,0.0,0.76986,1.4090432279407565e-06,0.0,0.5650273910614736,0.0,0.0,False
resurrection_path,82,0.94,0.91,0.9,0.94,0.005,0.41442922374429225,0.4056462943449245,0.4556462943449245,0.46035124692658935,0.04,0.01,0.84,0.03,0.02,0.0,1.0,0.0,0.76986,1.4358335952296553e-06,0.0,0.5650273910614746,0.0,0.0,False
resurrection_path,83,0.94,0.91,0.9,0.94,0.005,0.4189954337899543,0.41047593958552864,0.46047593958552857,0.45754127151387425,0.04,0.01,0.84,0.03,0.02,0.0,1.0,0.0,0.76986,1.462831388814012e-06,0.0,0.5650273910614736,0.0,0.0,False
resurrection_path,84,0.94,0.91,0.9,0.94,0.005,0.42356164383561645,0.4153055848261328,0.46530558482613277,0.4547312961011591,0.04,0.01,0.84,0.03,0.02,0.0,1.0,0.0,0.76986,1.4900359279141452e-06,0.0,0.5650273910614747,0.0,0.0,False
resurrection_path,85,0.94,0.91,0.9,0.94,0.005,0.4281278538812785,0.4201352300667369,0.4701352300667369,0.45192132068844393,0.04,0.01,0.84,0.03,0.02,0.0,1.0,0.0,0.76986,1.5174465413279888e-06,0.0,0.5650273910614739,0.0,0.0,False
resurrection_path,86,0.94,0.91,0.9,0.94,0.005,0.43269406392694065,0.42496487530734106,0.47496487530734105,0.4491113452757288,0.04,0.01,0.84,0.03,0.02,0.0,1.0,0.0,0.76986,1.5450625671952503e-06,0.0,0.5650273910614744,0.0,0.0,False
resurrection_path,87,0.94,0.91,0.9,0.94,0.005,0.4372602739726027,0.4297945205479452,0.4797945205479452,0.44630136986301366,0.04,0.01,0.84,0.03,0.02,0.0,1.0,0.0,0.76986,1.572883352769803e-06,0.0,0.5650273910614739,0.0,0.0,False
resurrection_path,88,0.94,0.91,0.9,0.94,0.005,0.44182648401826485,0.43462416578854934,0.48462416578854933,0.4434913944502985,0.04,0.01,0.84,0.03,0.02,0.0,1.0,0.0,0.76986,1.6009082541999636e-06,0.0,0.5650273910614746,0.0,0.0,False
resurrection_path,89,0.94,0.91,0.9,0.94,0.005,0.4463926940639269,0.4394538110291535,0.48945381102915353,0.4406814190375834,0.04,0.01,0.84,0.03,0.02,0.0,1.0,0.0,0.76986,1.6291366363162784e-06,0.0,0.5650273910614738,0.0,0.0,False
resurrection_path,90,0.94,0.91,0.9,0.94,0.005,0.45095890410958905,0.4442834562697576,0.49428345626975767,0.43787144362486824,0.04,0.01,0.84,0.03,0.02,0.0,1.0,0.0,0.76986,1.657567872426514e-06,0.0,0.5650273910614746,0.0,0.0,False
resurrection_path,91,0.94,0.91,0.9,0.94,0.005,0.4555251141552511,0.44911310151036177,0.4991131015103618,0.4350614682121531,0.04,0.01,0.84,0.03,0.02,0.0,1.0,0.0,0.76986,1.6862013441175087e-06,0.0,0.5650273910614739,0.0,0.0,False
resurrection_path,92,0.92,0.9,0.9,0.94,0.060173035328046125,0.3501105503484739,0.3001201634222542,0.620055275174237,0.5499327084835377,0.0801778418649363,0.050720980533525535,0.719915885604422,0.08018745493871664,0.03,0.00010093727469357466,1.0,0.0,0.7452000000000001,0.00011134873407619467,0.00010093727459263738,0.014538489046895817,8.804852766531443e-08,0.0007024833789815884,False
resurrection_path,93,0.92,0.9,0.9,0.94,0.06882480173035327,0.3556380677721701,0.3061283345349675,0.6228190338860851,0.5465681326604183,0.08906993511175197,0.08677000720980527,0.7157101658255227,0.08956020187454937,0.03,0.005147801009372737,1.0,0.0,0.7452000000000001,0.00023402414975321506,0.005147801004224936,0.5812838974713845,0.00017962279548458407,0.010127918366110045,False
resurrection_path,94,0.92,0.9,0.9,0.94,0.0774765681326604,0.36116558519586633,0.3121365056476808,0.6255827925979331,0.5432035568372988,0.09796202835856764,0.12281903388608502,0.7115044460466234,0.0989329488103821,0.03,0.0101946647440519,1.0,0.0,0.7452000000000001,0.0003970826095892356,0.010194664733857235,0.5812838974713845,0.0005244050947501455,0.015562210921508925,False
resurrection_path,95,0.92,0.9,0.9,0.94,0.08612833453496754,0.36669310261956256,0.3181446767603941,0.6283465513097813,0.5398389810141794,0.10685412160538331,0.15886806056236474,0.707298726267724,0.10830569574621483,0.03,0.015241528478731064,1.0,0.0,0.7452000000000001,0.0006037980755419858,0.015241528463489534,0.581283897471385,0.0010245200931858316,0.020707761905260063,False
resurrection_path,96,0.92,0.9,0.9,0.94,0.09478010093727468,0.3722206200432588,0.3241528478731074,0.6311103100216294,0.5364744051910599,0.11574621485219896,0.19491708723864448,0.7030930064888248,0.11767844268204758,0.03,0.020288392213410226,1.0,0.0,0.7452000000000001,0.0008571263510966905,0.020288392193121833,0.5812838974713845,0.0016706478288414338,0.02575549672044292,False
resurrection_path,97,0.92,0.9,0.9,0.94,0.10343186733958182,0.377748137466955,0.3301610189858207,0.6338740687334775,0.5331098293679405,0.12463830809901463,0.23096611391492422,0.6988872867099255,0.1270511896178803,0.03,0.02533525594808939,1.0,0.0,0.7452000000000001,0.0011597588997429111,0.02533525592275413,0.5812838974713845,0.0024540275374837577,0.030764180996149793,False
resurrection_path,98,0.92,0.9,0.9,0.94,0.11208363374188894,0.38327565489065124,0.33616919009853397,0.6366378274453256,0.529745253544821,0.1335304013458303,0.26701514059120396,0.6946815669310262,0.13642393655371304,0.03,0.03038211968276855,1.0,0.0,0.7452000000000001,0.0015141663729948888,0.030382119652386425,0.5812838974713845,0.0033664241007336,0.03575763547542782,False
resurrection_path,99,0.92,0.9,0.9,0.94,0.12073540014419608,0.38880317231434747,0.34217736121124726,0.6394015861571738,0.5263806777217016,0.14242249459264597,0.3030641672674837,0.6904758471521268,0.14579668348954578,0.03,0.03542898341744771,1.0,0.0,0.7452000000000001,0.0019226340146250203,0.035428983382018726,0.581283897471385,0.004400096507314511,0.040746628452203545,False
resurrection_path,100,0.92,0.9,0.9,0.94,0.12938716654650323,0.3943306897380437,0.34818553232396054,0.6421653448690219,0.5230161018985822,0.15131458783946164,0.33911319394376344,0.6862701273732276,0.1551694304253785,0.03,0.040475847152126876,1.0,0.0,0.7452000000000001,0.0023872906109889238,0.040475847111651024,0.5812838974713845,0.005547768206626624,0.0457361615663063,False
resurrection_path,101,0.92,0.9,0.9,0.94,0.13803893294881037,0.3998582071617399,0.35419370343667383,0.64492910358087,0.5196515260754627,0.1602066810862773,0.3751622206200432,0.6820644075943283,0.16454217736121124,0.03,0.04552271088680604,1.0,0.0,0.7452000000000001,0.0029101322834817426,0.04552271084128332,0.5812838974713845,0.006802599241106067,0.050728438501268756,False
resurrection_path,102,0.92,0.9,0.9,0.94,0.1466906993511175,0.40538572458543615,0.3602018745493871,0.647692862292718,0.5162869502523433,0.16909877433309298,0.4112112472963229,0.677858687815429,0.17391492429704397,0.03,0.0505695746214852,1.0,0.0,0.7452000000000001,0.003493042135682337,0.050569574570915626,0.5812838974713845,0.008158160050642802,0.055724233674827574,False
resurrection_path,103,0.92,0.9,0.9,0.94,0.15534246575342464,0.4109132420091324,0.3662100456621004,0.6504566210045662,0.5129223744292238,0.17799086757990865,0.44726027397260265,0.6736529680365296,0.1832876712328767,0.03,0.055616438356164366,1.0,0.0,0.7452000000000001,0.004137806551214518,0.055616438300547924,0.581283897471385,0.00960840684873339,0.06072357658746213,False
resurrection_path,104,0.92,0.9,0.9,0.94,0.16399423215573178,0.4164407594328286,0.3722182167748137,0.6532203797164143,0.5095577986061044,0.18688296082672431,0.4833093006488824,0.6694472482576304,0.19266041816870944,0.03,0.06066330209084353,1.0,0.0,0.7452000000000001,0.004846128771833231,0.06066330203018022,0.5812838974713845,0.011147658476064602,0.06572611319474249,False
resurrection_path,105,0.92,0.9,0.9,0.94,0.17264599855803892,0.4219682768565248,0.378226387887527,0.6559841384282624,0.506193222782985,0.19577505407353998,0.5193583273251622,0.6652415284787311,0.20203316510454217,0.03,0.06571016582552269,1.0,0.0,0.7452000000000001,0.005619640256348009,0.06571016575981252,0.5812838974713845,0.012770574642881997,0.07073130365455144,False
resurrection_path,106,0.92,0.9,0.9,0.94,0.18129776496034605,0.42749579428022105,0.3842345590002403,0.6587478971401105,0.5028286469598655,0.20466714732035565,0.5554073540014419,0.6610358086998318,0.2114059120403749,0.03,0.07075702956020186,1.0,0.0,0.7452000000000001,0.006459910220610461,0.07075702948944482,0.5812838974713845,0.014472135476816406,0.07573853272454224,False
resurrection_path,107,0.92,0.9,0.9,0.94,0.18994953136265316,0.4330233117039173,0.3902427301129536,0.6615116558519587,0.499464071136746,0.21355924056717135,0.5914563806777217,0.6568300889209324,0.22077865897620763,0.030467699485934988,0.07580389329488102,1.0,0.0,0.7452000000000001,0.007368453680153936,0.07580389321907711,0.5812838974713853,0.016247622297840814,0.08074717168061886,False
resurrection_path,108,0.92,0.9,0.9,0.94,0.1986012977649603,0.4385508291276135,0.39625090122566686,0.6642754145638068,0.49609949531362657,0.22245133381398702,0.6275054073540014,0.6526243691420331,0.23015140591204036,0.04204441943482157,0.08085075702956018,1.0,0.0,0.7452000000000001,0.008346738255128923,0.08085075694870941,0.5812838974713845,0.01809259954672981,0.0857566125578663,False
resurrection_path,109,0.92,0.9,0.9,0.94,0.20725306416726744,0.44407834655130973,0.40225907233838015,0.6670391732756549,0.49273491949050713,0.2313434270608027,0.6635544340302811,0.6484186493631339,0.2395241528478731,0.053621139383708154,0.08589762076423935,1.0,0.0,0.7452000000000001,0.009396189948124892,0.08589762067834172,0.5812838974713845,0.020002897797811524,0.09076628628355506,False
resurrection_path,110,0.92,0.9,0.9,0.94,0.21590483056957457,0.44960586397500596,0.40826724345109344,0.669802931987503,0.4893703436673877,0.24023552030761836,0.6996034607065609,0.6442129295842346,0.24889689978370583,0.06519785933259474,0.09094448449891851,1.0,0.0,0.7452000000000001,0.010518198066430184,0.09094448440797402,0.5812838974713845,0.021974597790954394,0.09577567133636204,False
resurrection_path,111,0.92,0.9,0.9,0.94,0.22455659697188182,0.4551333813987023,0.4142754145638068,0.6725666906993512,0.4860057678442682,0.24912761355443408,0.735652487382841,0.6400072098053352,0.25826964671953867,0.07677457928148146,0.09599134823359773,1.0,0.0,0.7452000000000001,0.011714119429061979,0.09599134813760637,0.5812838974713861,0.02400401542163476,0.10078429682748051,False
resurrection_path,112,0.92,0.9,0.9,0.94,0.23320836337418885,0.4606608988223984,0.42028358567652,0.6753304494111992,0.4826411920211488,0.2580197068012497,0.7717015140591204,0.6358014900264359,0.2676423936553713,0.08835129923036791,0.10103821196827684,1.0,0.0,0.7452000000000001,0.012985281973818107,0.10103821186723862,0.5812838974713835,0.026087687631600343,0.1057917423325784,False
resurrection_path,113,0.92,0.9,0.9,0.94,0.2418601297764961,0.46618841624609475,0.42629175678923337,0.6780942081230473,0.4792766161980293,0.2669118000480654,0.8077505407354004,0.6315957702475365,0.27701514059120413,0.09992801917925462,0.10608507570295606,1.0,0.0,0.7452000000000001,0.014332987859365995,0.10608507559687097,0.5812838974713859,0.028222359146094066,0.11079763588432098,False
resurrection_path,114,0.92,0.9,0.9,0.94,0.25051189617880315,0.4717159336697909,0.4322999279019466,0.6808579668348954,0.4759120403749099,0.27580389329488103,0.8437995674116798,0.6273900504686374,0.28638788752703676,0.1115047391281411,0.11113193943763518,1.0,0.0,0.7452000000000001,0.015758516140985737,0.11113193932650323,0.5812838974713835,0.03040497000684421,0.11580165098455229,False
resurrection_path,115,0.92,0.9,0.9,0.94,0.25916366258111034,0.4772434510934872,0.43830809901465995,0.6836217255467436,0.4725474645517904,0.28469598654169676,0.8798485940879599,0.623184330689738,0.2957606344628696,0.12308145907702779,0.11617880317231438,1.0,0.0,0.7452000000000001,0.017263125085246175,0.11617880305613557,0.5812838974713858,0.03263264385307542,0.12080350315992518,False
resurrection_path,116,0.92,0.9,0.9,0.94,0.2678154289834174,0.4827709685171834,0.4443162701273732,0.6863854842585917,0.46918288872867103,0.29358807978851237,0.9158976207642393,0.6189786109108387,0.3051333813987022,0.13465817902591426,0.1212256669069935,1.0,0.0,0.7452000000000001,0.018848054177997137,0.12122566678576782,0.5812838974713838,0.03490267690565879,0.12580294637792774,False
resurrection_path,117,0.92,0.9,0.9,0.94,0.2764671953857246,0.48829848594087966,0.4503244412400865,0.6891492429704398,0.46581831290555153,0.3024801730353281,0.9519466474405194,0.6147728911319393,0.31450612833453506,0.14623489897480096,0.1262725306416727,1.0,0.0,0.7452000000000001,0.020514525871133126,0.12627253051540016,0.5812838974713855,0.03721252761221324,0.13079976951154135,False
resurrection_path,118,0.92,0.9,0.9,0.94,0.2851189617880317,0.4938260033645758,0.45633261235279976,0.6919130016822879,0.46245373708243215,0.3113722662821437,0.9879956741167988,0.6105671713530401,0.3238788752703677,0.15781161892368742,0.13131939437635182,1.0,0.0,0.7452000000000001,0.022263747106236468,0.13131939424503242,0.5812838974713838,0.03955980691350046,0.13579379296022898,False
resurrection_path,119,0.92,0.9,0.9,0.94,0.2937707281903389,0.4993535207882721,0.4623407834655131,0.6946767603941361,0.45908916125931265,0.32026435952895943,1.0240447007930789,0.6063614515741408,0.3332516222062005,0.16938833887257412,0.13636625811103104,1.0,0.0,0.7452000000000001,0.02409691064714677,0.13636625797466476,0.5812838974713855,0.04194226909383652,0.1407848654845673,False
resurrection_path,120,0.92,0.9,0.9,0.94,0.302422494592646,0.5048810382119683,0.46834895457822634,0.6974405191059841,0.45572458543619326,0.32915645277577504,1.0600937274693583,0.6021557317952415,0.3426243691420332,0.1809650588214606,0.14141312184571014,1.0,0.0,0.7452000000000001,0.026015196248480886,0.141413121704297,0.5812838974713838,0.04435780318047846,0.14577286128044115,False
resurrection_path,121,0.92,0.9,0.9,0.94,0.31107426099495317,0.5104085556356646,0.4743571256909397,0.7002042778178322,0.45236000961307377,0.3380485460225908,1.0961427541456383,0.5979500120163421,0.351997116077866,0.19254177877034728,0.14645998558038936,1.0,0.0,0.7452000000000001,0.028019771682958248,0.14645998543392935,0.5812838974713855,0.04680442485904796,0.1507576772994297,False
resurrection_path,122,0.92,0.9,0.9,0.94,0.31972602739726025,0.5159360730593607,0.4803652968036529,0.7029680365296803,0.4489954337899544,0.3469406392694064,1.1321917808219177,0.593744292237443,0.36136986301369867,0.20411849871923377,0.15150684931506847,1.0,0.0,0.7452000000000001,0.030111793646909094,0.1515068491635616,0.5812838974713835,0.04928026887402933,0.1557392308104197,False
resurrection_path,123,0.92,0.9,0.9,0.94,0.32837779379956744,0.521463590483057,0.48637346791636626,0.7057317952415285,0.4456308579668349,0.35583273251622216,1.1682408074981978,0.5895385724585436,0.37074260994953145,0.21569521866812047,0.1565537130497477,1.0,0.0,0.7452000000000001,0.032292408560440494,0.15655371289319397,0.5812838974713858,0.0517835818852379,0.16071745719083258,False
resurrection_path,124,0.92,0.9,0.9,0.94,0.3370295602018745,0.5269911079067532,0.4923816390290795,0.7084955539533766,0.4422662821437155,0.3647248257630377,1.2042898341744772,0.5853328526796443,0.38011535688536413,0.22727193861700695,0.1616005767844268,1.0,0.0,0.7452000000000001,0.03456275327629861,0.1616005766228262,0.5812838974713838,0.05431271575289998,0.16569230793232043,False
resurrection_path,125,0.92,0.9,0.9,0.94,0.3456813266041817,0.5325186253304495,0.49838981014179284,0.7112593126652247,0.438901706320596,0.3736169190098535,1.2403388608507573,0.581127132900745,0.3894881038211969,0.2388486585658936,0.16664744051910602,1.0,0.0,0.7452000000000001,0.03692395570942215,0.16664744035245857,0.5812838974713853,0.056866121225628424,0.17066374884425775,False
resurrection_path,126,0.92,0.9,0.9,0.94,0.3543330930064888,0.5380461427541456,0.5043979812545061,0.7140230713770728,0.4355371304974766,0.38250901225666906,1.2763878875270367,0.5769214131218456,0.3988608507570296,0.2504253785147801,0.17169430425378512,1.0,0.0,0.7452000000000001,0.03937713539745604,0.1716943040820908,0.5812838974713841,0.059442342007119196,0.1756317584380309,False
resurrection_path,127,0.92,0.9,0.9,0.94,0.362984859408796,0.5435736601778419,0.5104061523672194,0.716786830088921,0.4321725546743571,0.39140110550348484,1.3124369142033168,0.5727156933429464,0.4082335976928624,0.26200209846366684,0.17674116798846434,1.0,0.0,0.7452000000000001,0.04192340400104039,0.17674116781172317,0.5812838974713855,0.062040009178846604,0.18059632647557383,False
resurrection_path,128,0.92,0.9,0.9,0.94,0.37163662581110307,0.5491011776015381,0.5164143234799327,0.719550588800769,0.4288079788512377,0.4002931987503004,1.3484859408795962,0.5685099735640471,0.41760634462869506,0.27357881841255327,0.18178803172314345,1.0,0.0,0.7452000000000001,0.04456386575145448,0.1817880315413554,0.5812838974713838,0.0646578359573964,0.18555745266644366,False
resurrection_path,129,0.92,0.9,0.9,0.94,0.38028839221341026,0.5546286950252344,0.522422494592646,0.7223143475126171,0.4254434030281182,0.4091852919971162,1.3845349675558762,0.5643042537851477,0.42697909156452785,0.2851555383614399,0.18683489545782267,1.0,0.0,0.7452000000000001,0.04729961785215133,0.18683489527098776,0.5812838974713855,0.06729461276635929,0.1905151454988271,False
resurrection_path,130,0.92,0.9,0.9,0.94,0.38894015861571735,0.5601562124489305,0.5284306657053592,0.7250781062244652,0.42207882720499884,0.41807738524393173,1.4205839942321556,0.5600985340062485,0.4363518385003605,0.29673225831032646,0.19188175919250178,1.0,0.0,0.7452000000000001,0.050131750839824976,0.19188175900062,0.5812838974713835,0.06994920260391044,0.1954694211910301,False
resurrection_path,131,0.92,0.9,0.9,0.94,0.39759192501802454,0.5656837298726268,0.5344388368180726,0.7278418649363134,0.41871425138187934,0.4269694784907475,1.4566330209084357,0.5558928142273492,0.4457245854361933,0.3083089782592131,0.196928622927181,1.0,0.0,0.7452000000000001,0.053061348909896014,0.19692862273025236,0.5812838974713858,0.0726205366883346,0.2004203027512112,False
resurrection_path,132,0.92,0.9,0.9,0.94,0.4062436914203316,0.571211247296323,0.5404470079307858,0.7306056236481615,0.41534967555875996,0.43586157173756307,1.4926820475847151,0.5516870944484499,0.455097332372026,0.31988569820809964,0.2019754866618601,1.0,0.0,0.7452000000000001,0.05608949021064933,0.2019754864598846,0.5812838974713838,0.07530761036481934,0.20536781913425467,False
resurrection_path,133,0.92,0.9,0.9,0.94,0.4148954578226388,0.5767387647200193,0.5464551790434992,0.7333693823600096,0.41198509973564046,0.44475366498437885,1.5287310742609952,0.5474813746695506,0.4644700793078588,0.3314624181569863,0.20702235039653932,1.0,0.0,0.7452000000000001,0.059217247109704746,0.20702235018951695,0.5812838974713853,0.07800947925784107,0.2103120044857895,False
resurrection_path,134,0.92,0.9,0.9,0.94,0.42354722422494584,0.5822662821437155,0.5524633501562124,0.7361331410718577,0.40862052391252107,0.45364575823119435,1.5647801009372746,0.5432756548906513,0.4738428262436914,0.3430391381058727,0.2120692141312184,1.0,0.0,0.7452000000000001,0.06244568643602137,0.21206921391914918,0.5812838974713838,0.08072525565440754,0.215252897464355,False
resurrection_path,135,0.92,0.9,0.9,0.94,0.43219899062725314,0.5877937995674117,0.5584715212689257,0.7388968997837059,0.4052559480894016,0.4625378514780102,1.600829127613555,0.5390699351117519,0.4832155731795243,0.3546158580547596,0.21711607786589768,1.0,0.0,0.7452000000000001,0.06577586970022976,0.21711607764878157,0.5812838974713858,0.0834541051043061,0.22019054063365598,False
resurrection_path,136,0.92,0.9,0.9,0.94,0.4408507570295601,0.5933213169911078,0.564479692381639,0.741660658495554,0.4018913722662822,0.4714299447248257,1.6368781542898339,0.5348642153328527,0.49258832011535686,0.3661925780036459,0.22216294160057673,1.0,0.0,0.7452000000000001,0.06920885329572904,0.22216294137841378,0.5812838974713832,0.08619524322433678,0.2251249799176811,False
resurrection_path,137,0.92,0.9,0.9,0.94,0.4495025234318674,0.5988488344148042,0.5704878634943524,0.7444244172074022,0.3985267964431627,0.4803220379716415,1.6729271809661144,0.5306584955539533,0.5019610670511897,0.37776929795253267,0.227209805335256,1.0,0.0,0.7452000000000001,0.07274568868268505,0.22720980510804617,0.5812838974713868,0.08894793269429173,0.23005626411223212,False
resurrection_path,138,0.92,0.9,0.9,0.94,0.4581542898341744,0.6043763518385004,0.5764960346070656,0.7471881759192501,0.3951622206200433,0.489214131218457,1.7089762076423936,0.5264527757750541,0.5113338139870223,0.3893460179014191,0.23225666906993506,1.0,0.0,0.7452000000000001,0.07638742255679726,0.23225666883767837,0.5812838974713831,0.09171148043317538,0.23498444444707847,False
resurrection_path,139,0.92,0.9,0.9,0.94,0.4668060562364817,0.6099038692621966,0.5825042057197789,0.7499519346310983,0.3917976447969238,0.49810622446527286,1.7450252343186738,0.5222470559961547,0.5207065609228552,0.40092273785030585,0.23730353280461433,1.0,0.0,0.7452000000000001,0.08013509700447954,0.23730353256731077,0.5812838974713858,0.09448523494485211,0.23990957419358835,True
resurrection_path,140,0.92,0.9,0.9,0.94,0.47545782263878866,0.6154313866858927,0.5885123768324921,0.7527156933429464,0.3884330689738044,0.5069983177120884,1.7810742609949528,0.5180413362172555,0.5300793078586877,0.4124994577991923,0.24235039653929338,1.0,0.0,0.7452000000000001,0.083989749645895,0.24235039629694297,0.5812838974713832,0.09726858382295427,0.24483170831320397,True
resurrection_path,141,0.92,0.9,0.9,0.94,0.48410958904109597,0.6209589041095891,0.5945205479452056,0.7554794520547945,0.3850684931506849,0.5158904109589042,1.8171232876712333,0.5138356164383561,0.5394520547945206,0.42407617774807904,0.24739726027397266,1.0,0.0,0.7452000000000001,0.08795241376711993,0.2473972600265754,0.5812838974713865,0.10006095140549638,0.24975090314265141,True
resurrection_path,142,0.92,0.9,0.9,0.94,0.49276135544340294,0.6264864215332853,0.6005287190579187,0.7582432107666426,0.38170391732756553,0.5247825042057197,1.8531723143475125,0.5096298966594569,0.5488248017303532,0.43565289769696536,0.25244412400865174,1.0,0.0,0.7452000000000001,0.092024118442554,0.2524441237562076,0.5812838974713833,0.102861796570212,0.2546672161121761,True
resurrection_path,143,0.92,0.9,0.9,0.94,0.5014131218457103,0.6320139389569815,0.6065368901706321,0.7610069694784908,0.37833934150444604,0.5336745974525355,1.8892213410237928,0.5054241768805575,0.5581975486661861,0.44722961764585223,0.25749098774333096,1.0,0.0,0.7452000000000001,0.09620588864857213,0.25749098748583993,0.5812838974713858,0.10567061066217076,0.25958070549351653,True
resurrection_path,144,0.92,0.9,0.9,0.94,0.5100648882480172,0.6375414563806776,0.6125450612833453,0.7637707281903389,0.37497476568132665,0.542566690699351,1.9252703677000718,0.5012184571016582,0.5675702956020187,0.45880633759473854,0.26253785147801006,1.0,0.0,0.7452000000000001,0.10049874536928974,0.2625378512154722,0.5812838974713832,0.10848691554573801,0.26449143017464066,True
resurrection_path,145,0.92,0.9,0.9,0.94,0.5187166546503246,0.643068973804374,0.6185532323960587,0.7665344869021871,0.37161018985820715,0.5514587839461669,1.9613193943763523,0.49701273732275886,0.5769430425378516,0.4703830575436254,0.2675847152126893,1.0,0.0,0.7452000000000001,0.10490370569522171,0.26758471494510455,0.5812838974713868,0.11131026177341735,0.269399449458608,True
resurrection_path,146,0.92,0.9,0.9,0.94,0.5273684210526315,0.6485964912280702,0.6245614035087719,0.769298245614035,0.36824561403508776,0.5603508771929824,1.9973684210526315,0.4928070175438597,0.5863157894736841,0.48195977749251173,0.2726315789473684,1.0,0.0,0.7452000000000001,0.1094217829155199,0.2726315786747368,0.5812838974713831,0.11414022686456193,0.2743048228841634,True
resurrection_path,147,0.92,0.9,0.9,0.94,0.5360201874549388,0.6541240086517665,0.6305695746214852,0.7720620043258832,0.36488103821196827,0.5692429704397982,2.0334174477289118,0.4886012977649603,0.595688536409517,0.4935364974413985,0.2776784426820476,1.0,0.0,0.7452000000000001,0.11405398660440612,0.2776784424043691,0.5812838974713858,0.11697641368736394,0.2792076100659456,True
resurrection_path,148,0.92,0.9,0.9,0.94,0.5446719538572458,0.6596515260754625,0.6365777457341985,0.7748257630377313,0.3615164623888489,0.5781350636866137,2.0694664744051905,0.48439557798606103,0.6050612833453496,0.5051132173902849,0.2827253064167267,1.0,0.0,0.7452000000000001,0.11880132270233959,0.2827253061340014,0.5812838974713832,0.11981844893792383,0.28410787055237197,True
resurrection_path,149,0.92,0.9,0.9,0.94,0.5533237202595531,0.6651790434991589,0.6425859168469119,0.7775895217495794,0.3581518865657294,0.5870271569334296,2.105515501081471,0.48018985820716165,0.6144340302811825,0.5166899373391718,0.28777217015140594,1.0,0.0,0.7452000000000001,0.12366479359241,0.28777216986363374,0.5812838974713865,0.12266598171057624,0.28900566369949715,True
resurrection_path,150,0.92,0.9,0.9,0.94,0.56197548666186,0.6707065609228551,0.648594087959625,0.7803532804614275,0.35478731074261,0.595919250180245,2.14156452775775,0.4759841384282625,0.623806777217015,0.528266657288058,0.29281903388608505,1.0,0.0,0.7452000000000001,0.1286453981723825,0.292819033593266,0.5812838974713833,0.12551868215399553,0.29390104855927257,True
resurrection_path,151,0.92,0.9,0.9,0.94,0.5706272530641674,0.6762340783465514,0.6546022590723384,0.7831170391732757,0.3514227349194905,0.6048113434270609,2.1776135544340303,0.4717784186493631,0.633179524152848,0.539843377236945,0.29786589762076426,1.0,0.0,0.7452000000000001,0.13374413192278847,0.29786589732289837,0.5812838974713858,0.12837624020793575,0.29879408378083133,True
resurrection_path,152,0.92,0.9,0.9,0.94,0.5792790194664743,0.6817615957702474,0.6606104301850516,0.7858807978851238,0.3480581590963711,0.6137034366738764,2.2136625811103094,0.4675726988704639,0.6425522710886805,0.5514200971858312,0.30291276135544337,1.0,0.0,0.7452000000000001,0.13896198697140139,0.30291276105253057,0.5812838974713831,0.13123836441576556,0.3036848275235182,True
resurrection_path,153,0.92,0.9,0.9,0.94,0.5879307858687817,0.6872891131939438,0.6666186012977651,0.788644556596972,0.3446935832732516,0.6225955299206922,2.24971160778659,0.4633669790915645,0.6519250180245134,0.562996817134718,0.3079596250901226,1.0,0.0,0.7452000000000001,0.14429995215441338,0.30795962478216293,0.5812838974713868,0.13410478080825172,0.3085733373805489,True
resurrection_path,154,0.92,0.9,0.9,0.94,0.5965825522710886,0.69281663061764,0.6726267724104782,0.7914083153088199,0.3413290074501322,0.6314876231675077,2.285760634462869,0.45916125931266527,0.661297764960346,0.5745735370836044,0.3130064888248017,1.0,0.0,0.7452000000000001,0.14975901307458556,0.3130064885117952,0.5812838974713832,0.13697523185431468,0.3134596703122553,True
resurrection_path,155,0.92,0.9,0.9,0.94,0.6052343186733959,0.6983441480413363,0.6786349435231915,0.7941720740206681,0.33796443162701273,0.6403797164143236,2.3218096611391497,0.4549555395337659,0.6706705118961789,0.5861502570324912,0.3180533525594809,1.0,0.0,0.7452000000000001,0.15534015215662658,0.31805335224142756,0.5812838974713858,0.13984947547473997,0.3183438825880089,True
resurrection_path,156,0.92,0.9,0.9,0.94,0.6138860850757029,0.7038716654650323,0.6846431146359048,0.7969358327325162,0.33459985580389334,0.6492718096611391,2.3578586878154284,0.45074981975486667,0.6800432588320114,0.5977269769813776,0.32310021629416,1.0,0.0,0.7452000000000001,0.16104434870001919,0.32310021597105976,0.5812838974713831,0.14272728411506577,0.3232260297359649,True
resurrection_path,157,0.92,0.9,0.9,0.94,0.6225378514780102,0.7093991828887287,0.6906512857486182,0.7996995914443643,0.33123527998077384,0.6581639029079549,2.393907714491709,0.4465440999759673,0.6894160057678443,0.6093036969302644,0.32814708002883924,1.0,0.0,0.7452000000000001,0.16687257892950255,0.3281470797006921,0.5812838974713865,0.14560844387409813,0.3281061664998918,True
resurrection_path,158,0.92,0.9,0.9,0.94,0.6311896178803171,0.7149267003124249,0.6966594568613313,0.8024633501562124,0.32787070415765446,0.6670559961547704,2.429956741167988,0.44233838019706806,0.6987887527036769,0.6208804168791506,0.33319394376351835,1.0,0.0,0.7452000000000001,0.17282581604338607,0.3331939434303244,0.5812838974713833,0.14849275368471454,0.3329843468023776,True
resurrection_path,159,0.92,0.9,0.9,0.94,0.6398413842826245,0.7204542177361212,0.7026676279740447,0.8052271088680606,0.32450612833453496,0.6759480894015862,2.466005767844268,0.4381326604181687,0.7081614996395098,0.6324571368280376,0.33824080749819757,1.0,0.0,0.7452000000000001,0.17890503025986632,0.33824080715995675,0.5812838974713858,0.15138002454382007,0.337860623713815,True
resurrection_path,160,0.92,0.9,0.9,0.94,0.6484931506849314,0.7259817351598172,0.7086757990867579,0.8079908675799087,0.3211415525114156,0.6848401826484017,2.5020547945205474,0.43392694063926945,0.7175342465753424,0.6440338567769239,0.3432876712328767,1.0,0.0,0.7452000000000001,0.18511118886148997,0.343287670889589,0.5812838974713831,0.1542700787885053,0.34273504942657995,True
resurrection_path,161,0.92,0.9,0.9,0.94,0.6571449170872388,0.7315092525835136,0.7146839701994714,0.8107546262917569,0.3177769766882961,0.6937322758952176,2.538103821196828,0.42972122086037007,0.7269069935111753,0.6556105767258108,0.3483345349675559,1.0,0.0,0.7452000000000001,0.19144525623790237,0.3483345346192213,0.5812838974713868,0.15716274941563554,0.3476076752339135,True
resurrection_path,162,0.92,0.9,0.9,0.94,0.6657966834895457,0.7370367700072098,0.7206921413121845,0.8135183850036048,0.3144124008651767,0.7026243691420331,2.574152847873107,0.42551550108147085,0.7362797404470078,0.6671872966746971,0.353381398702235,1.0,0.0,0.7452000000000001,0.19790819392699951,0.35338139834885357,0.5812838974713832,0.16005787944226396,0.3524785515130247,True
resurrection_path,163,0.92,0.9,0.9,0.94,0.674448449891853,0.7425642874309061,0.7267003124248979,0.816282143715453,0.3110478250420572,0.7115164623888489,2.6102018745493876,0.42130978130257146,0.7456524873828407,0.678764016623584,0.3584282624369142,1.0,0.0,0.7452000000000001,0.20450096065459847,0.35842826207848594,0.5812838974713858,0.16295532130442078,0.3573477277120132,True
resurrection_path,164,0.92,0.9,0.9,0.94,0.68310021629416,0.7480918048546021,0.7327084835376111,0.8190459024273011,0.3076832492189378,0.7204085556356644,2.6462509012256663,0.41710406152367224,0.7550252343186733,0.6903407365724702,0.36347512617159333,1.0,0.0,0.7452000000000001,0.21122451237272258,0.3634751258081182,0.5812838974713831,0.16585493629197418,0.36221525234020824,True
resurrection_path,165,0.92,0.9,0.9,0.94,0.6917519826964673,0.7536193222782985,0.7387166546503245,0.8218096611391492,0.3043186733958183,0.7293006488824803,2.682299927901947,0.41289834174477286,0.7643979812545062,0.7019174565213571,0.36852198990627255,1.0,0.0,0.7452000000000001,0.21807980229659893,0.3685219895377505,0.5812838974713865,0.16875659401740048,0.36708117296160075,True
resurrection_path,166,0.92,0.9,0.9,0.94,0.7004037490987742,0.7591468397019947,0.7447248257630377,0.8245734198509973,0.3009540975726989,0.7381927421292958,2.718348954578226,0.40869262196587364,0.7737707281903388,0.7134941764702434,0.37356885364095166,1.0,0.0,0.7452000000000001,0.22506778094044383,0.37356885326738276,0.5812838974713833,0.1716601719164272,0.37194553619102744,True
resurrection_path,167,0.92,0.9,0.9,0.94,0.7090555155010816,0.764674357125691,0.750732996875751,0.8273371785628455,0.2975895217495794,0.7470848353761116,2.754397981254506,0.40448690218697425,0.7831434751261717,0.7250708964191303,0.3786157173756309,1.0,0.0,0.7452000000000001,0.2321893961521214,0.37861571699701513,0.5812838974713858,0.17456555477863847,0.3768083876928463,True
resurrection_path,168,0.92,0.9,0.9,0.94,0.7177072819033885,0.770201874549387,0.7567411679884642,0.8301009372746936,0.29422494592646004,0.7559769286229271,2.7904470079307853,0.40028118240807503,0.7925162220620042,0.7366476163680166,0.38366258111031,1.0,0.0,0.7452000000000001,0.2394455931467363,0.3836625807266474,0.5812838974713831,0.17747263430624305,0.3816697721818174,True
resurrection_path,169,0.92,0.9,0.9,0.94,0.7263590483056959,0.7757293919730834,0.7627493391011777,0.8328646959865418,0.29086037010334054,0.7648690218697429,2.8264960346070658,0.39607546262917565,0.8018889689978371,0.7482243363169035,0.3887094448449892,1.0,0.0,0.7452000000000001,0.24683731453923252,0.38870944445627975,0.5812838974713868,0.1803813086993175,0.38652973342597535,True
resurrection_path,170,0.92,0.9,0.9,0.94,0.7350108147080028,0.7812569093967796,0.7687575102138908,0.8356284546983898,0.28749579428022115,0.7737611151165584,2.862545061283345,0.3918697428502764,0.8112617159336697,0.7598010562657896,0.3937563085796683,1.0,0.0,0.7452000000000001,0.2543655003760477,0.39375630818591195,0.5812838974713832,0.18329148226593345,0.3913883142512542,True
resurrection_path,171,0.92,0.9,0.9,0.94,0.7436625811103101,0.7867844268204759,0.7747656813266042,0.838392213410238,0.28413121845710165,0.7826532083633743,2.8985940879596255,0.38766402307137704,0.8206344628695026,0.7713777762146766,0.39880317231434753,1.0,0.0,0.7452000000000001,0.2620310881658867,0.3988031719155443,0.5812838974713858,0.18620306505567857,0.39624555654769467,True
resurrection_path,172,0.92,0.9,0.9,0.94,0.752314347512617,0.792311944244172,0.7807738524393174,0.841155972122086,0.28076664263398227,0.7915453016101898,2.934643114635904,0.3834583032924778,0.8300072098053352,0.7829544961635629,0.40385003604902664,1.0,0.0,0.7452000000000001,0.2698350129096523,0.4038500356451766,0.5812838974713831,0.18911597251516496,0.40110150127702554,True
resurrection_path,173,0.92,0.9,0.9,0.94,0.7609661139149244,0.7978394616678683,0.7867820235520309,0.8439197308339341,0.27740206681086277,0.8004373948570056,2.9706921413121847,0.37925258351357843,0.839379956741168,0.7945312161124498,0.40889689978370586,1.0,0.0,0.7452000000000001,0.27777820712959045,0.40889689937480894,0.5812838974713865,0.1920301251642083,0.40595618848148746,True
resurrection_path,174,0.92,0.9,0.9,0.94,0.7696178803172313,0.8033669790915645,0.792790194664744,0.8466834895457822,0.2740374909877434,0.8093294881038211,3.006741167988464,0.3750468637346792,0.8487527036770006,0.806107936061336,0.41394376351838497,1.0,0.0,0.7452000000000001,0.28586160089767837,0.41394376310444114,0.5812838974713833,0.19494544829143504,0.41080965729372126,True
resurrection_path,175,0.92,0.9,0.9,0.94,0.7782696467195387,0.8088944965152608,0.7987983657774573,0.8494472482576304,0.2706729151646239,0.8182215813506369,3.042790194664744,0.37084114395577983,0.8581254506128335,0.817684656010223,0.4189906272530642,1.0,0.0,0.7452000000000001,0.29408612186330824,0.4189906268340735,0.5812838974713858,0.19786187166815428,0.4156619459476159,True
resurrection_path,176,0.92,0.9,0.9,0.94,0.78,0.81,0.8,0.85,0.27,0.82,3.05,0.37,0.86,0.8200000000000001,0.42,1.0,0.0,0.7452000000000001,0.2957480427843374,0.41999999957999995,0.5163964259281757,0.19900334928844185,0.4094728218347903,True
resurrection_path,177,0.92,0.9,0.9,0.94,0.78,0.81,0.8,0.85,0.27,0.82,3.05,0.37,0.86,0.8200000000000001,0.42,1.0,0.0,0.7452000000000001,0.2957480427843374,0.41999999957999995,0.5,0.19966314831853532,0.40769813728857024,True
resurrection_path,178,0.92,0.9,0.9,0.94,0.78,0.81,0.8,0.85,0.27,0.82,3.05,0.37,0.86,0.8200000000000001,0.42,1.0,0.0,0.7452000000000001,0.2957480427843374,0.41999999957999995,0.5,0.20028335940682318,0.4078878511103082,True
resurrection_path,179,0.92,0.9,0.9,0.94,0.78,0.81,0.8,0.85,0.27,0.82,3.05,0.37,0.86,0.8200000000000001,0.42,1.0,0.0,0.7452000000000001,0.2957480427843374,0.41999999957999995,0.5,0.20086635782981377,0.4080657273332263,True
resurrection_path,180,0.92,0.9,0.9,0.94,0.78,0.81,0.8,0.85,0.27,0.82,3.05,0.37,0.86,0.8200000000000001,0.42,1.0,0.0,0.7452000000000001,0.2957480427843374,0.41999999957999995,0.5,0.20141437634742493,0.4082325313064689,True
resurrection_path,181,0.92,0.9,0.9,0.94,0.78,0.81,0.8,0.85,0.27,0.82,3.05,0.37,0.86,0.8200000000000001,0.42,1.0,0.0,0.7452000000000001,0.2957480427843374,0.41999999957999995,0.5,0.2019295137539794,0.4083889756654178,True
resurrection_path,182,0.92,0.9,0.9,0.94,0.78,0.81,0.8,0.85,0.27,0.82,3.05,0.37,0.86,0.8200000000000001,0.42,1.0,0.0,0.7452000000000001,0.2957480427843374,0.41999999957999995,0.5,0.20241374291614064,0.4085357243528391,True
resurrection_path,183,0.92,0.9,0.9,0.94,0.78,0.81,0.8,0.85,0.27,0.82,3.05,0.37,0.86,0.8200000000000001,0.42,1.0,0.0,0.7452000000000001,0.2957480427843374,0.41999999957999995,0.5,0.20286891832857218,0.4086733962866447,True
resurrection_path,184,0.92,0.9,0.9,0.94,0.78,0.81,0.8,0.85,0.27,0.82,3.05,0.37,0.86,0.8200000000000001,0.42,1.0,0.0,0.7452000000000001,0.2957480427843374,0.41999999957999995,0.5,0.20329678321625783,0.4088025687107642,True
resurrection_path,185,0.92,0.9,0.9,0.94,0.78,0.81,0.8,0.85,0.27,0.82,3.05,0.37,0.86,0.8200000000000001,0.42,1.0,0.0,0.7452000000000001,0.2957480427843374,0.41999999957999995,0.5,0.20369897621068234,0.4089237802612321,True
resurrection_path,186,0.92,0.9,0.9,0.94,0.78,0.81,0.8,0.85,0.27,0.82,3.05,0.37,0.86,0.8200000000000001,0.42,1.0,0.0,0.7452000000000001,0.2957480427843374,0.41999999957999995,0.5,0.20407703762544138,0.4090375337758042,True
resurrection_path,187,0.92,0.9,0.9,0.94,0.78,0.81,0.8,0.85,0.27,0.82,3.05,0.37,0.86,0.8200000000000001,0.42,1.0,0.0,0.7452000000000001,0.2957480427843374,0.41999999957999995,0.5,0.2044324153553149,0.4091442988721395,True
resurrection_path,188,0.92,0.9,0.9,0.94,0.78,0.81,0.8,0.85,0.27,0.82,3.05,0.37,0.86,0.8200000000000001,0.42,1.0,0.0,0.7452000000000001,0.2957480427843374,0.41999999957999995,0.5,0.20476647042139598,0.40924451431673337,True
resurrection_path,189,0.92,0.9,0.9,0.94,0.78,0.81,0.8,0.85,0.27,0.82,3.05,0.37,0.86,0.8200000000000001,0.42,1.0,0.0,0.7452000000000001,0.2957480427843374,0.41999999957999995,0.5,0.2050804821835122,0.4093385902043129,True
resurrection_path,190,0.92,0.9,0.9,0.94,0.78,0.81,0.8,0.85,0.27,0.82,3.05,0.37,0.86,0.8200000000000001,0.42,1.0,0.0,0.7452000000000001,0.2957480427843374,0.41999999957999995,0.5,0.20537565323990148,0.4094269099652396,True
resurrection_path,191,0.92,0.9,0.9,0.94,0.78,0.81,0.8,0.85,0.27,0.82,3.05,0.37,0.86,0.8200000000000001,0.42,1.0,0.0,0.7452000000000001,0.2957480427843374,0.41999999957999995,0.5,0.20565311403290737,0.409509832216577,True
resurrection_path,192,0.92,0.9,0.9,0.94,0.78,0.81,0.8,0.85,0.27,0.82,3.05,0.37,0.86,0.8200000000000001,0.42,1.0,0.0,0.7452000000000001,0.2957480427843374,0.41999999957999995,0.5,0.2059139271783329,0.4095876924708197,True
resurrection_path,193,0.92,0.9,0.9,0.94,0.78,0.81,0.8,0.85,0.27,0.82,3.05,0.37,0.86,0.8200000000000001,0.42,1.0,0.0,0.7452000000000001,0.2957480427843374,0.41999999957999995,0.5,0.20615909153503292,0.4096608047148277,True
resurrection_path,194,0.92,0.9,0.9,0.94,0.78,0.81,0.8,0.85,0.27,0.82,3.05,0.37,0.86,0.8200000000000001,0.42,1.0,0.0,0.7452000000000001,0.2957480427843374,0.41999999957999995,0.5,0.20638954603033094,0.40972946287022083,True
resurrection_path,195,0.92,0.9,0.9,0.94,0.78,0.81,0.8,0.85,0.27,0.82,3.05,0.37,0.86,0.8200000000000001,0.42,1.0,0.0,0.7452000000000001,0.2957480427843374,0.41999999957999995,0.5,0.20660617325591107,0.4097939421453626,True
resurrection_path,196,0.92,0.9,0.9,0.94,0.78,0.81,0.8,0.85,0.27,0.82,3.05,0.37,0.86,0.8200000000000001,0.42,1.0,0.0,0.7452000000000001,0.2957480427843374,0.41999999957999995,0.5,0.2068098028479564,0.40985450028805465,True
resurrection_path,197,0.92,0.9,0.9,0.94,0.78,0.81,0.8,0.85,0.27,0.82,3.05,0.37,0.86,0.8200000000000001,0.42,1.0,0.0,0.7452000000000001,0.2957480427843374,0.41999999957999995,0.5,0.207001214664479,0.4099113787471802,True
resurrection_path,198,0.92,0.9,0.9,0.94,0.78,0.81,0.8,0.85,0.27,0.82,3.05,0.37,0.86,0.8200000000000001,0.42,1.0,0.0,0.7452000000000001,0.2957480427843374,0.41999999957999995,0.5,0.20718114177201025,0.4099648037507429,True
resurrection_path,199,0.92,0.9,0.9,0.94,0.78,0.81,0.8,0.85,0.27,0.82,3.05,0.37,0.86,0.8200000000000001,0.42,1.0,0.0,0.7452000000000001,0.2957480427843374,0.41999999957999995,0.5,0.2073502732530896,0.41001498730704733,True
resurrection_path,200,0.92,0.9,0.9,0.94,0.78,0.81,0.8,0.85,0.27,0.82,3.05,0.37,0.86,0.8200000000000001,0.42,1.0,0.0,0.7452000000000001,0.2957480427843374,0.41999999957999995,0.5,0.20750925684530422,0.41006212813514187,True
resurrection_path,201,0.92,0.9,0.9,0.94,0.78,0.81,0.8,0.85,0.27,0.82,3.05,0.37,0.86,0.8200000000000001,0.42,1.0,0.0,0.7452000000000001,0.2957480427843374,0.41999999957999995,0.5,0.20765870142198595,0.41010641253008423,True
resurrection_path,202,0.92,0.9,0.9,0.94,0.78,0.81,0.8,0.85,0.27,0.82,3.05,0.37,0.86,0.8200000000000001,0.42,1.0,0.0,0.7452000000000001,0.2957480427843374,0.41999999957999995,0.5,0.20779917932406677,0.41014801516809213,True
resurrection_path,203,0.92,0.9,0.9,0.94,0.78,0.81,0.8,0.85,0.27,0.82,3.05,0.37,0.86,0.8200000000000001,0.42,1.0,0.0,0.7452000000000001,0.2957480427843374,0.41999999957999995,0.5,0.20793122855202276,0.41018709985619034,True
resurrection_path,204,0.92,0.9,0.9,0.94,0.78,0.81,0.8,0.85,0.27,0.82,3.05,0.37,0.86,0.8200000000000001,0.42,1.0,0.0,0.7452000000000001,0.2957480427843374,0.41999999957999995,0.5,0.2080553548263014,0.41022382023056464,True
resurrection_path,205,0.92,0.9,0.9,0.94,0.78,0.81,0.8,0.85,0.27,0.82,3.05,0.37,0.86,0.8200000000000001,0.42,1.0,0.0,0.7452000000000001,0.2957480427843374,0.41999999957999995,0.5,0.20817203352412328,0.4102583204074702,True
resurrection_path,206,0.92,0.9,0.9,0.94,0.78,0.81,0.8,0.85,0.27,0.82,3.05,0.37,0.86,0.8200000000000001,0.42,1.0,0.0,0.7452000000000001,0.2957480427843374,0.41999999957999995,0.5,0.20828171150007588,0.4102907355902153,True
resurrection_path,207,0.92,0.9,0.9,0.94,0.78,0.81,0.8,0.85,0.27,0.82,3.05,0.37,0.86,0.8200000000000001,0.42,1.0,0.0,0.7452000000000001,0.2957480427843374,0.41999999957999995,0.5,0.20838480879747132,0.41032119263544575,True
resurrection_path,208,0.92,0.9,0.9,0.94,0.78,0.81,0.8,0.85,0.27,0.82,3.05,0.37,0.86,0.8200000000000001,0.42,1.0,0.0,0.7452000000000001,0.2957480427843374,0.41999999957999995,0.5,0.20848172025702302,0.41034981058169145,True
resurrection_path,209,0.92,0.9,0.9,0.94,0.78,0.81,0.8,0.85,0.27,0.82,3.05,0.37,0.86,0.8200000000000001,0.42,1.0,0.0,0.7452000000000001,0.2957480427843374,0.41999999957999995,0.5,0.20857281702900163,0.4103767011428915,True
resurrection_path,210,0.92,0.9,0.9,0.94,0.78,0.81,0.8,0.85,0.27,0.82,3.05,0.37,0.86,0.8200000000000001,0.42,1.0,0.0,0.7452000000000001,0.2957480427843374,0.41999999957999995,0.5,0.20865844799466152,0.41040196916939925,True
resurrection_path,211,0.92,0.9,0.9,0.94,0.78,0.81,0.8,0.85,0.27,0.82,3.05,0.37,0.86,0.8200000000000001,0.42,1.0,0.0,0.7452000000000001,0.2957480427843374,0.41999999957999995,0.5,0.2087389411023818,0.41042571307876724,True
resurrection_path,212,0.92,0.9,0.9,0.94,0.78,0.81,0.8,0.85,0.27,0.82,3.05,0.37,0.86,0.8200000000000001,0.42,1.0,0.0,0.7452000000000001,0.2957480427843374,0.41999999957999995,0.5,0.20881460462363888,0.41044802525843266,True
resurrection_path,213,0.92,0.9,0.9,0.94,0.78,0.81,0.8,0.85,0.27,0.82,3.05,0.37,0.86,0.8200000000000001,0.42,1.0,0.0,0.7452000000000001,0.2957480427843374,0.41999999957999995,0.5,0.20888572833362054,0.4104689924422595,True
resurrection_path,214,0.92,0.9,0.9,0.94,0.78,0.81,0.8,0.85,0.27,0.82,3.05,0.37,0.86,0.8200000000000001,0.42,1.0,0.0,0.7452000000000001,0.2957480427843374,0.41999999957999995,0.5,0.2089525846210033,0.4104886960627418,True
resurrection_path,215,0.92,0.9,0.9,0.94,0.78,0.81,0.8,0.85,0.27,0.82,3.05,0.37,0.86,0.8200000000000001,0.42,1.0,0.0,0.7452000000000001,0.2957480427843374,0.41999999957999995,0.5,0.20901542953114308,0.41050721258053874,True
resurrection_path,216,0.92,0.9,0.9,0.94,0.78,0.81,0.8,0.85,0.27,0.82,3.05,0.37,0.86,0.8200000000000001,0.42,1.0,0.0,0.7452000000000001,0.2957480427843374,0.41999999957999995,0.5,0.20907450374667447,0.41052461379288235,True
resurrection_path,217,0.92,0.9,0.9,0.94,0.78,0.81,0.8,0.85,0.27,0.82,3.05,0.37,0.86,0.8200000000000001,0.42,1.0,0.0,0.7452000000000001,0.2957480427843374,0.41999999957999995,0.5,0.20913003350927398,0.41054096712228955,True
resurrection_path,218,0.92,0.9,0.9,0.94,0.78,0.81,0.8,0.85,0.27,0.82,3.05,0.37,0.86,0.8200000000000001,0.42,1.0,0.0,0.7452000000000001,0.2957480427843374,0.41999999957999995,0.5,0.20918223148611753,0.41055633588689894,True
resurrection_path,219,0.92,0.9,0.9,0.94,0.78,0.81,0.8,0.85,0.27,0.82,3.05,0.37,0.86,0.8200000000000001,0.42,1.0,0.0,0.7452000000000001,0.2957480427843374,0.41999999957999995,0.5,0.20923129758435047,0.4105707795536625,True
deeper_boundary_lead,0,0.92,0.9,0.9,0.94,0.42,0.18,0.2,0.25,0.6,0.48,0.45,0.45,0.18,0.08,0.0,1.0,0.0,0.7452000000000001,0.004366196643761584,0.0,0.5,0.0,0.0,False
deeper_boundary_lead,1,0.92,0.9,0.9,0.94,0.42,0.18,0.2,0.25,0.6,0.48,0.45,0.45,0.18,0.08,0.0,1.0,0.0,0.7452000000000001,0.004366196643761584,0.0,0.5,0.0,0.0,False
deeper_boundary_lead,2,0.92,0.9,0.9,0.94,0.42,0.18,0.2,0.25,0.6,0.48,0.45,0.45,0.18,0.08,0.0,1.0,0.0,0.7452000000000001,0.004366196643761584,0.0,0.5,0.0,0.0,False
deeper_boundary_lead,3,0.92,0.9,0.9,0.94,0.42,0.18,0.2,0.25,0.6,0.48,0.45,0.45,0.18,0.08,0.0,1.0,0.0,0.7452000000000001,0.004366196643761584,0.0,0.5,0.0,0.0,False
deeper_boundary_lead,4,0.92,0.9,0.9,0.94,0.42,0.18,0.2,0.25,0.6,0.48,0.45,0.45,0.18,0.08,0.0,1.0,0.0,0.7452000000000001,0.004366196643761584,0.0,0.5,0.0,0.0,False
deeper_boundary_lead,5,0.92,0.9,0.9,0.94,0.42,0.18,0.2,0.25,0.6,0.48,0.45,0.45,0.18,0.08,0.0,1.0,0.0,0.7452000000000001,0.004366196643761584,0.0,0.5,0.0,0.0,False
deeper_boundary_lead,6,0.92,0.9,0.9,0.94,0.42,0.18,0.2,0.25,0.6,0.48,0.45,0.45,0.18,0.08,0.0,1.0,0.0,0.7452000000000001,0.004366196643761584,0.0,0.5,0.0,0.0,False
deeper_boundary_lead,7,0.92,0.9,0.9,0.94,0.42,0.18,0.2,0.25,0.6,0.48,0.45,0.45,0.18,0.08,0.0,1.0,0.0,0.7452000000000001,0.004366196643761584,0.0,0.5,0.0,0.0,False
deeper_boundary_lead,8,0.92,0.9,0.9,0.94,0.42,0.18,0.2,0.25,0.6,0.48,0.45,0.45,0.18,0.08,0.0,1.0,0.0,0.7452000000000001,0.004366196643761584,0.0,0.5,0.0,0.0,False
deeper_boundary_lead,9,0.92,0.9,0.9,0.94,0.42,0.18,0.2,0.25,0.6,0.48,0.45,0.45,0.18,0.08,0.0,1.0,0.0,0.7452000000000001,0.004366196643761584,0.0,0.5,0.0,0.0,False
deeper_boundary_lead,10,0.92,0.9,0.9,0.94,0.42,0.18,0.2,0.25,0.6,0.48,0.45,0.45,0.18,0.08,0.0,1.0,0.0,0.7452000000000001,0.004366196643761584,0.0,0.5,0.0,0.0,False
deeper_boundary_lead,11,0.92,0.9,0.9,0.94,0.42,0.18,0.2,0.25,0.6,0.48,0.45,0.45,0.18,0.08,0.0,1.0,0.0,0.7452000000000001,0.004366196643761584,0.0,0.5,0.0,0.0,False
deeper_boundary_lead,12,0.92,0.9,0.9,0.94,0.42,0.18,0.2,0.25,0.6,0.48,0.45,0.45,0.18,0.08,0.0,1.0,0.0,0.7452000000000001,0.004366196643761584,0.0,0.5,0.0,0.0,False
deeper_boundary_lead,13,0.92,0.9,0.9,0.94,0.42,0.18,0.2,0.25,0.6,0.48,0.45,0.45,0.18,0.08,0.0,1.0,0.0,0.7452000000000001,0.004366196643761584,0.0,0.5,0.0,0.0,False
deeper_boundary_lead,14,0.92,0.9,0.9,0.94,0.42,0.18,0.2,0.25,0.6,0.48,0.45,0.45,0.18,0.08,0.0,1.0,0.0,0.7452000000000001,0.004366196643761584,0.0,0.5,0.0,0.0,False
deeper_boundary_lead,15,0.92,0.9,0.9,0.94,0.42,0.18,0.2,0.25,0.6,0.48,0.45,0.45,0.18,0.08,0.0,1.0,0.0,0.7452000000000001,0.004366196643761584,0.0,0.5,0.0,0.0,False
deeper_boundary_lead,16,0.92,0.9,0.9,0.94,0.42,0.18,0.2,0.25,0.6,0.48,0.45,0.45,0.18,0.08,0.0,1.0,0.0,0.7452000000000001,0.004366196643761584,0.0,0.5,0.0,0.0,False
deeper_boundary_lead,17,0.92,0.9,0.9,0.94,0.42,0.18,0.2,0.25,0.6,0.48,0.45,0.45,0.18,0.08,0.0,1.0,0.0,0.7452000000000001,0.004366196643761584,0.0,0.5,0.0,0.0,False
deeper_boundary_lead,18,0.92,0.9,0.9,0.94,0.42,0.18,0.2,0.25,0.6,0.48,0.45,0.45,0.18,0.08,0.0,1.0,0.0,0.7452000000000001,0.004366196643761584,0.0,0.5,0.0,0.0,False
deeper_boundary_lead,19,0.92,0.9,0.9,0.94,0.42,0.18,0.2,0.25,0.6,0.48,0.45,0.45,0.18,0.08,0.0,1.0,0.0,0.7452000000000001,0.004366196643761584,0.0,0.5,0.0,0.0,False
deeper_boundary_lead,20,0.92,0.9,0.9,0.94,0.42,0.18,0.2,0.25,0.6,0.48,0.45,0.45,0.18,0.08,0.0,1.0,0.0,0.7452000000000001,0.004366196643761584,0.0,0.5,0.0,0.0,False
deeper_boundary_lead,21,0.92,0.9,0.9,0.94,0.42,0.18,0.2,0.25,0.6,0.48,0.45,0.45,0.18,0.08,0.0,1.0,0.0,0.7452000000000001,0.004366196643761584,0.0,0.5,0.0,0.0,False
deeper_boundary_lead,22,0.92,0.9,0.9,0.94,0.42,0.18,0.2,0.25,0.6,0.48,0.45,0.45,0.18,0.08,0.0,1.0,0.0,0.7452000000000001,0.004366196643761584,0.0,0.5,0.0,0.0,False
deeper_boundary_lead,23,0.92,0.9,0.9,0.94,0.42,0.18,0.2,0.25,0.6,0.48,0.45,0.45,0.18,0.08,0.0,1.0,0.0,0.7452000000000001,0.004366196643761584,0.0,0.5,0.0,0.0,False
deeper_boundary_lead,24,0.92,0.9,0.9,0.94,0.42,0.18,0.2,0.25,0.6,0.48,0.45,0.45,0.18,0.08,0.0,1.0,0.0,0.7452000000000001,0.004366196643761584,0.0,0.5,0.0,0.0,False
deeper_boundary_lead,25,0.92,0.9,0.9,0.94,0.42,0.18,0.2,0.25,0.6,0.48,0.45,0.45,0.18,0.08,0.0,1.0,0.0,0.7452000000000001,0.004366196643761584,0.0,0.5,0.0,0.0,False
deeper_boundary_lead,26,0.92,0.9,0.9,0.94,0.42,0.18,0.2,0.25,0.6,0.48,0.45,0.45,0.18,0.08,0.0,1.0,0.0,0.7452000000000001,0.004366196643761584,0.0,0.5,0.0,0.0,False
deeper_boundary_lead,27,0.92,0.9,0.9,0.94,0.42,0.18,0.2,0.25,0.6,0.48,0.45,0.45,0.18,0.08,0.0,1.0,0.0,0.7452000000000001,0.004366196643761584,0.0,0.5,0.0,0.0,False
deeper_boundary_lead,28,0.92,0.9,0.9,0.94,0.42,0.18,0.2,0.25,0.6,0.48,0.45,0.45,0.18,0.08,0.0,1.0,0.0,0.7452000000000001,0.004366196643761584,0.0,0.5,0.0,0.0,False
deeper_boundary_lead,29,0.92,0.9,0.9,0.94,0.42,0.18,0.2,0.25,0.6,0.48,0.45,0.45,0.18,0.08,0.0,1.0,0.0,0.7452000000000001,0.004366196643761584,0.0,0.5,0.0,0.0,False
deeper_boundary_lead,30,0.92,0.9,0.9,0.94,0.42,0.18,0.2,0.25,0.6,0.48,0.45,0.45,0.18,0.08,0.0,1.0,0.0,0.7452000000000001,0.004366196643761584,0.0,0.5,0.0,0.0,False
deeper_boundary_lead,31,0.92,0.9,0.9,0.94,0.42,0.18,0.2,0.25,0.6,0.48,0.45,0.45,0.18,0.08,0.0,1.0,0.0,0.7452000000000001,0.004366196643761584,0.0,0.5,0.0,0.0,False
deeper_boundary_lead,32,0.92,0.9,0.9,0.94,0.42,0.18,0.2,0.25,0.6,0.48,0.45,0.45,0.18,0.08,0.0,1.0,0.0,0.7452000000000001,0.004366196643761584,0.0,0.5,0.0,0.0,False
deeper_boundary_lead,33,0.92,0.9,0.9,0.94,0.42,0.18,0.2,0.25,0.6,0.48,0.45,0.45,0.18,0.08,0.0,1.0,0.0,0.7452000000000001,0.004366196643761584,0.0,0.5,0.0,0.0,False
deeper_boundary_lead,34,0.92,0.9,0.9,0.94,0.42,0.18,0.2,0.25,0.6,0.48,0.45,0.45,0.18,0.08,0.0,1.0,0.0,0.7452000000000001,0.004366196643761584,0.0,0.5,0.0,0.0,False
deeper_boundary_lead,35,0.92,0.9,0.9,0.94,0.42,0.18,0.2,0.25,0.6,0.48,0.45,0.45,0.18,0.08,0.0,1.0,0.0,0.7452000000000001,0.004366196643761584,0.0,0.5,0.0,0.0,False
deeper_boundary_lead,36,0.92,0.9,0.9,0.94,0.42,0.18,0.2,0.25,0.6,0.48,0.45,0.45,0.18,0.08,0.0,1.0,0.0,0.7452000000000001,0.004366196643761584,0.0,0.5,0.0,0.0,False
deeper_boundary_lead,37,0.92,0.9,0.9,0.94,0.42,0.18,0.2,0.25,0.6,0.48,0.45,0.45,0.18,0.08,0.0,1.0,0.0,0.7452000000000001,0.004366196643761584,0.0,0.5,0.0,0.0,False
deeper_boundary_lead,38,0.92,0.9,0.9,0.94,0.42,0.18,0.2,0.25,0.6,0.48,0.45,0.45,0.18,0.08,0.0,1.0,0.0,0.7452000000000001,0.004366196643761584,0.0,0.5,0.0,0.0,False
deeper_boundary_lead,39,0.92,0.9,0.9,0.94,0.42,0.18,0.2,0.25,0.6,0.48,0.45,0.45,0.18,0.08,0.0,1.0,0.0,0.7452000000000001,0.004366196643761584,0.0,0.5,0.0,0.0,False
deeper_boundary_lead,40,0.92,0.9,0.9,0.94,0.42162978573937476,0.18061116965226554,0.20061116965226555,0.2528011942395504,0.6,0.4818335089567966,0.4632420091324201,0.4490832455216017,0.18356515630488232,0.08,0.0,1.0,0.0,0.7452000000000001,0.004502994849071893,0.0,0.5138623580339671,0.0,0.0,False
deeper_boundary_lead,41,0.92,0.9,0.9,0.94,0.4244397611520899,0.1816649104320337,0.20166491043203372,0.2576308394801545,0.6,0.48499473129610116,0.4860730593607306,0.4475026343519494,0.1897119775201967,0.08,0.0,1.0,0.0,0.7452000000000001,0.004740442500634903,0.0,0.523888542613206,0.0,0.0,False
deeper_boundary_lead,42,0.92,0.9,0.9,0.94,0.427249736564805,0.1827186512118019,0.2027186512118019,0.26246048472075867,0.6,0.48815595363540565,0.5089041095890411,0.4459220231822972,0.19585879873551104,0.08,0.0,1.0,0.0,0.7452000000000001,0.00497995403820458,0.0,0.5238885426132062,0.0,0.0,False
deeper_boundary_lead,43,0.92,0.9,0.9,0.94,0.4300597119775202,0.18377239199157006,0.20377239199157007,0.2672901299613628,0.6,0.4913171759747102,0.5317351598173516,0.4443414120126449,0.20200561995082542,0.08,0.0,1.0,0.0,0.7452000000000001,0.005221588583508167,0.0,0.523888542613206,0.0,0.0,False
deeper_boundary_lead,44,0.92,0.9,0.9,0.94,0.4328696873902353,0.18482613277133825,0.20482613277133827,0.27211977520196695,0.6,0.49447839831401474,0.5545662100456621,0.44276080084299263,0.2081524411661398,0.08,0.0,1.0,0.0,0.7452000000000001,0.005465402762189157,0.0,0.5238885426132062,0.0,0.0,False
deeper_boundary_lead,45,0.92,0.9,0.9,0.94,0.43567966280295045,0.1858798735511064,0.20587987355110643,0.27694942044257115,0.6,0.49763962065331924,0.5773972602739725,0.4411801896733404,0.21429926238145414,0.08,0.0,1.0,0.0,0.7452000000000001,0.005711450882032217,0.0,0.523888542613206,0.0,0.0,False
deeper_boundary_lead,46,0.92,0.9,0.9,0.94,0.4384896382156656,0.1869336143308746,0.20693361433087462,0.2817790656831753,0.6,0.5008008429926238,0.6002283105022831,0.4395995785036881,0.2204460835967685,0.08,0.0,1.0,0.0,0.7452000000000001,0.005959785095953628,0.0,0.5238885426132063,0.0,0.0,False
deeper_boundary_lead,47,0.92,0.9,0.9,0.94,0.4412996136283807,0.18798735511064277,0.20798735511064279,0.28660871092377943,0.6,0.5039620653319283,0.6230593607305936,0.43801896733403584,0.22659290481208288,0.08,0.0,1.0,0.0,0.7452000000000001,0.006210455551257043,0.0,0.5238885426132058,0.0,0.0,False
deeper_boundary_lead,48,0.92,0.9,0.9,0.94,0.4441095890410959,0.18904109589041096,0.20904109589041098,0.29143835616438357,0.6,0.5071232876712328,0.6458904109589041,0.4364383561643836,0.23273972602739723,0.08,0.0,1.0,0.0,0.7452000000000001,0.0064635105264879205,0.0,0.5238885426132062,0.0,0.0,False
deeper_boundary_lead,49,0.92,0.9,0.9,0.94,0.446919564453811,0.19009483667017912,0.21009483667017914,0.2962680014049877,0.6,0.5102845100105374,0.6687214611872145,0.4348577449947313,0.2388865472427116,0.08,0.0,1.0,0.0,0.7452000000000001,0.006718996557073997,0.0,0.523888542613206,0.0,0.0,False
deeper_boundary_lead,50,0.92,0.9,0.9,0.94,0.44972953986652614,0.19114857744994732,0.21114857744994733,0.30109764664559185,0.6,0.5134457323498419,0.6915525114155251,0.43327713382507904,0.24503336845802598,0.08,0.0,1.0,0.0,0.7452000000000001,0.006976958550811076,0.0,0.5238885426132062,0.0,0.0,False
deeper_boundary_lead,51,0.92,0.9,0.9,0.94,0.4525395152792413,0.19220231822971548,0.2122023182297155,0.305927291886196,0.6,0.5166069546891464,0.7143835616438357,0.4316965226554268,0.2511801896733403,0.08,0.0,1.0,0.0,0.7452000000000001,0.0072374398941404215,0.0,0.5238885426132058,0.0,0.0,False
deeper_boundary_lead,52,0.92,0.9,0.9,0.94,0.4553494906919564,0.19325605900948367,0.2132560590094837,0.31075693712680014,0.6,0.519768177028451,0.7372146118721461,0.4301159114857745,0.25732701088865473,0.08,0.0,1.0,0.0,0.7452000000000001,0.00750048255006468,0.0,0.5238885426132063,0.0,0.0,False
deeper_boundary_lead,53,0.92,0.9,0.9,0.94,0.45815946610467156,0.19430979978925184,0.21430979978925185,0.3155865823674043,0.6,0.5229293993677555,0.7600456621004565,0.42853530031612225,0.2634738321039691,0.08,0.0,1.0,0.0,0.7452000000000001,0.007766127148461289,0.0,0.5238885426132058,0.0,0.0,False
deeper_boundary_lead,54,0.92,0.9,0.9,0.94,0.4609694415173867,0.19536354056902,0.21536354056902002,0.3204162276080084,0.6,0.52609062170706,0.7828767123287671,0.42695468914647,0.2696206533192834,0.08,0.0,1.0,0.0,0.7452000000000001,0.008034413069474632,0.0,0.5238885426132058,0.0,0.0,False
deeper_boundary_lead,55,0.92,0.9,0.9,0.94,0.46377941693010183,0.19820095714787492,0.21791556902002107,0.32524587284861256,0.598929794520548,0.5292518440463646,0.8057077625570777,0.4253740779768177,0.2757674745345978,0.08,0.0013555936073059195,1.0,0.0,0.7452000000000001,0.00843400236594046,0.0013555936059503257,0.5438069768583055,4.423087564201773e-05,0.015246778475891617,False
deeper_boundary_lead,56,0.92,0.9,0.9,0.94,0.466589392342817,0.20638940112399012,0.22496246048472074,0.3300755180892167,0.5946489726027397,0.5324130663856691,0.8285388127853881,0.42379346680716545,0.28191429574991217,0.08,0.0067779680365296635,1.0,0.0,0.7452000000000001,0.009248101006989804,0.006777968029751695,0.6024855641725103,0.00028659469664438794,0.028932334340453926,False
deeper_boundary_lead,57,0.92,0.9,0.9,0.94,0.4693993677555321,0.21457784510010536,0.23200935194942043,0.33490516332982084,0.5903681506849315,0.5355742887249736,0.8513698630136985,0.4222128556375132,0.2880611169652265,0.08,0.012200342465753408,1.0,0.0,0.7452000000000001,0.010106998260236033,0.012200342453553064,0.6024855641725106,0.0007104308272193297,0.03812575301141629,False
deeper_boundary_lead,58,0.92,0.9,0.9,0.94,0.47220934316824725,0.22276628907622054,0.2390562434141201,0.339734808570425,0.5860873287671233,0.5387355110642782,0.8742009132420091,0.4206322444678609,0.2942079381805409,0.08,0.01762271689497715,1.0,0.0,0.7452000000000001,0.011011483906721936,0.017622716877354432,0.6024855641725103,0.001304850928792488,0.04592724326589736,False
deeper_boundary_lead,59,0.92,0.9,0.9,0.94,0.4750193185809624,0.23095473305233577,0.2461031348788198,0.3445644538110292,0.581806506849315,0.5418967334035827,0.8970319634703197,0.41905163329820866,0.30035475939585526,0.08,0.023045091324200895,1.0,0.0,0.7452000000000001,0.011962337493013698,0.023045091301155802,0.6024855641725112,0.0020596199631039715,0.052978294309742525,False
deeper_boundary_lead,60,0.92,0.9,0.9,0.94,0.4778292939936775,0.23914317702845098,0.2531500263435195,0.3493940990516333,0.5775256849315068,0.5450579557428872,0.9198630136986301,0.4174710221285564,0.3065015806111696,0.08,0.02846746575342464,1.0,0.0,0.7452000000000001,0.012960328987331233,0.02846746572495717,0.6024855641725105,0.0029651169941894784,0.05955116352121258,False
deeper_boundary_lead,61,0.92,0.9,0.9,0.94,0.4806392694063927,0.24733162100456618,0.2601969178082192,0.35422374429223746,0.5732448630136986,0.5482191780821918,0.9426940639269407,0.4158904109589041,0.312648401826484,0.08,0.03388984018264838,1.0,0.0,0.7452000000000001,0.01400621937965351,0.03388984014875854,0.6024855641725105,0.0040122983422425686,0.06579052110467233,False
deeper_boundary_lead,62,0.92,0.9,0.9,0.94,0.4834492448191078,0.25552006498068136,0.26724380927291885,0.3590533895328416,0.5689640410958904,0.5513804004214963,0.965525114155251,0.41430979978925186,0.3187952230417983,0.08,0.03931221461187213,1.0,0.0,0.7452000000000001,0.01510076123124433,0.03931221457255991,0.6024855641725102,0.005192662948245186,0.07178338608591646,False
deeper_boundary_lead,63,0.92,0.9,0.9,0.94,0.48625922023182294,0.2637085089567966,0.2742907007376185,0.36388303477344575,0.5646832191780822,0.5545416227608008,0.9883561643835617,0.4127291886195996,0.3249420442571127,0.08,0.04473458904109587,1.0,0.0,0.7452000000000001,0.016244699178472682,0.04473458899636128,0.6024855641725105,0.006498219816720361,0.07758646711203969,False
deeper_boundary_lead,64,0.92,0.9,0.9,0.94,0.4890691956445381,0.27189695293291183,0.28133759220231824,0.3687126800140499,0.560402397260274,0.5577028451001054,1.011187214611872,0.4111485774499473,0.3310888654724271,0.08,0.050156963470319615,1.0,0.0,0.7452000000000001,0.017438770395289974,0.05015696342016265,0.6024855641725108,0.00792145741191974,0.08323887159597451,False
deeper_boundary_lead,65,0.92,0.9,0.9,0.94,0.4918791710572532,0.280085396909027,0.2883844836670179,0.37354232525465403,0.5561215753424658,0.5608640674394099,1.0340182648401826,0.40956796628029507,0.33723568668774145,0.08,0.055579337899543356,1.0,0.0,0.7452000000000001,0.01868370501826992,0.055579337843964016,0.6024855641725102,0.009455314890239867,0.08876873521496949,False
deeper_boundary_lead,66,0.92,0.9,0.9,0.94,0.49468914646996837,0.28827384088514224,0.2954313751317176,0.37837197049525817,0.5518407534246575,0.5640252897787144,1.0568493150684932,0.40798735511064277,0.3433825079030558,0.08,0.061001712328767096,1.0,0.0,0.7452000000000001,0.019980226537709686,0.06100171226776538,0.6024855641725106,0.011093155058693502,0.09419697971208554,False
deeper_boundary_lead,67,0.92,0.9,0.9,0.94,0.4974991218826835,0.2964622848612574,0.30247826659641724,0.3832016157358623,0.5475599315068493,0.567186512118019,1.0796803652968037,0.4064067439409905,0.3495293291183702,0.08,0.06642408675799084,1.0,0.0,0.7452000000000001,0.02132905215792883,0.06642408669156676,0.6024855641725102,0.01282873895587263,0.09953958161683449,False
deeper_boundary_lead,68,0.92,0.9,0.9,0.94,0.5003090972953986,0.3046507288373726,0.3095251580611169,0.38803126097646645,0.5432791095890411,0.5703477344573235,1.1025114155251141,0.4048261327713383,0.35567615033368455,0.08,0.07184646118721459,1.0,0.0,0.7452000000000001,0.02273089312958078,0.07184646111536812,0.6024855641725102,0.014656201958053724,0.10480901169488667,False
deeper_boundary_lead,69,0.92,0.9,0.9,0.94,0.5031190727081138,0.31283917281348783,0.31657204952581663,0.3928609062170706,0.5389982876712329,0.573508956796628,1.1253424657534248,0.40324552160168603,0.3618229715489989,0.08,0.07726883561643834,1.0,0.0,0.7452000000000001,0.02418645505650441,0.0772688355391695,0.6024855641725106,0.016570031318936668,0.1100151856984147,False
deeper_boundary_lead,70,0.92,0.9,0.9,0.94,0.505929048120829,0.32102761678960307,0.3236189409905163,0.39769055145767473,0.5347174657534246,0.5766701791359325,1.1481735159817352,0.40166491043203373,0.3679697927643133,0.08,0.08269121004566207,1.0,0.0,0.7452000000000001,0.025696438179389297,0.08269120996297086,0.6024855641725111,0.018565045056999352,0.11516611355205053,False
deeper_boundary_lead,71,0.92,0.9,0.9,0.94,0.508739023533544,0.32921606076571824,0.33066583245521597,0.4025201966982789,0.5304366438356164,0.579831401475237,1.1710045662100454,0.4000842992623815,0.3741166139796276,0.08,0.08811358447488583,1.0,0.0,0.7452000000000001,0.027261537638300314,0.08811358438677225,0.6024855641725102,0.020636372109610984,0.12026835519544202,False
deeper_boundary_lead,72,0.92,0.9,0.9,0.94,0.5115489989462592,0.3374045047418335,0.3377127239199157,0.407349841938883,0.5261558219178082,0.5829926238145415,1.1938356164383561,0.3985036880927292,0.380263435194942,0.08,0.09353595890410957,1.0,0.0,0.7452000000000001,0.028882443715905794,0.0935359588105736,0.6024855641725108,0.022779433677898635,0.1253273483956496,False
deeper_boundary_lead,73,0.92,0.9,0.9,0.94,0.5143589743589744,0.34559294871794866,0.3447596153846154,0.41217948717948716,0.521875,0.5861538461538461,1.2166666666666666,0.39692307692307693,0.3864102564102564,0.08,0.09895833333333331,1.0,0.0,0.7452000000000001,0.03055984206307251,0.09895833323437497,0.6024855641725103,0.024989925690921736,0.13034764939978621,False
deeper_boundary_lead,74,0.92,0.9,0.9,0.94,0.5171689497716895,0.3537813926940639,0.3518065068493151,0.4170091324200913,0.5175941780821918,0.5893150684931506,1.239497716894977,0.3953424657534247,0.39255707762557074,0.08,0.10438070776255705,1.0,0.0,0.7452000000000001,0.03229441390833031,0.10438070765817634,0.6024855641725105,0.027263802321996166,0.1353331128110402,False
deeper_boundary_lead,75,0.92,0.9,0.9,0.94,0.5199789251844046,0.36196983667017907,0.35885339831401475,0.42183877766069544,0.5133133561643836,0.5924762908324552,1.2623287671232877,0.39376185458377244,0.3987038988408851,0.08,0.10980308219178081,1.0,0.0,0.7452000000000001,0.03408683625256512,0.10980308208197771,0.6024855641725102,0.029597260494038845,0.1402870281860409,False
deeper_boundary_lead,76,0.92,0.9,0.9,0.94,0.5227889005971198,0.37015828064629425,0.3659002897787144,0.4266684229012996,0.5090325342465754,0.5956375131717597,1.2851598173515981,0.39218124341412014,0.4048507200561995,0.08,0.11522545662100453,1.0,0.0,0.7452000000000001,0.0359377820501704,0.11522545650577906,0.6024855641725103,0.03198672531459167,0.14521222523735164,False
deeper_boundary_lead,77,0.92,0.9,0.9,0.94,0.5255988760098349,0.3783467246224095,0.3729471812434141,0.4314980681419037,0.5047517123287671,0.5987987355110642,1.3079908675799086,0.3906006322444679,0.41099754127151383,0.08,0.12064783105022829,1.0,0.0,0.7452000000000001,0.037847920377771835,0.12064783092958045,0.6024855641725105,0.034428836384744047,0.15011115588328847,False
deeper_boundary_lead,78,0.92,0.9,0.9,0.94,0.52840885142255,0.38653516859852477,0.3799940727081138,0.43632771338250786,0.5004708904109589,0.6019599578503688,1.3308219178082192,0.3890200210748156,0.4171443624868282,0.08,0.12607020547945202,1.0,0.0,0.7452000000000001,0.03981791659153713,0.12607020535338181,0.6024855641725111,0.03692043492951999,0.15498595896960776,False
deeper_boundary_lead,79,0.92,0.9,0.9,0.94,0.5312188268352651,0.39472361257463995,0.3870409641728134,0.44115735862311206,0.49619006849315067,0.6051211801896733,1.3536529680365297,0.38743940990516335,0.4232911837021426,0.08,0.13149257990867577,1.0,0.0,0.7452000000000001,0.04184843247398932,0.13149257977718318,0.6024855641725104,0.03945855170044209,0.15983851184882902,False
deeper_boundary_lead,80,0.92,0.9,0.9,0.94,0.5340288022479803,0.4029120565507551,0.39408785563751314,0.4459870038637162,0.49190924657534246,0.6082824025289778,1.3764840182648401,0.3858587987355111,0.42943800491745693,0.08,0.13691495433789952,1.0,0.0,0.7452000000000001,0.04394012637115979,0.13691495420098454,0.6024855641725103,0.04204039560394157,0.16467047187120115,False
deeper_boundary_lead,81,0.92,0.9,0.9,0.94,0.5368387776606954,0.4111005005268703,0.40113474710221275,0.45081664910432034,0.48762842465753425,0.6114436248682824,1.3993150684931506,0.3842781875658588,0.43558482613277133,0.08,0.14233732876712324,1.0,0.0,0.7452000000000001,0.0460936533208407,0.1423373286247859,0.6024855641725102,0.0446633430120638,0.16948331004640355,False
deeper_boundary_lead,82,0.92,0.9,0.9,0.94,0.5396487530734106,0.41928894450298554,0.40818163856691253,0.4556462943449245,0.48334760273972605,0.6146048472075869,1.4221461187214612,0.38269757639620655,0.4417316473480857,0.08,0.14775970319634701,1.0,0.0,0.7452000000000001,0.04830966517263078,0.1477597030485873,0.6024855641725108,0.047324927714531416,0.17427833856812652,False
deeper_boundary_lead,83,0.92,0.9,0.9,0.94,0.5424587284861258,0.4274773884791008,0.4152285300316122,0.46047593958552857,0.4790667808219178,0.6177660695468914,1.4449771689497715,0.3811169652265543,0.4478784685634,0.08,0.15318207762557076,1.0,0.0,0.7452000000000001,0.05058881070040584,0.15318207747238868,0.6024855641725106,0.050022831473683686,0.17905673348360887,False
deeper_boundary_lead,84,0.92,0.9,0.9,0.94,0.5452687038988409,0.43566583245521595,0.42227542149631186,0.46530558482613277,0.4747859589041096,0.6209272918861959,1.4678082191780821,0.379536354056902,0.45402528977871437,0.08,0.15860445205479448,1.0,0.0,0.7452000000000001,0.052931735707791965,0.15860445189619002,0.6024855641725105,0.05275487514611954,0.1838195534898015,False
deeper_boundary_lead,85,0.92,0.9,0.9,0.94,0.548078679311556,0.4438542764313312,0.42932231296101153,0.4701352300667369,0.47050513698630136,0.6240885142255005,1.4906392694063926,0.37795574288724976,0.4601721109940287,0.08,0.16402682648401823,1.0,0.0,0.7452000000000001,0.055339083127168356,0.16402682631999138,0.6024855641725105,0.05551901033704195,0.18856775561512365,False
deeper_boundary_lead,86,0.92,0.9,0.9,0.94,0.5508886547242711,0.4520427204074464,0.43636920442571125,0.47496487530734105,0.46622431506849316,0.627249736564805,1.513470319634703,0.3763751317175975,0.4663189322093431,0.08,0.169449200913242,1.0,0.0,0.7452000000000001,0.05781149311268265,0.1694492007437928,0.6024855641725106,0.05831331155534173,0.19330220837888962,False
deeper_boundary_lead,87,0.92,0.9,0.9,0.94,0.5536986301369863,0.4602311643835616,0.4434160958904109,0.4797945205479452,0.46194349315068495,0.6304109589041096,1.5363013698630135,0.3747945205479452,0.47246575342465746,0.08,0.17487157534246572,1.0,0.0,0.7452000000000001,0.060349603127720836,0.17487157516759413,0.6024855641725103,0.061135968839376234,0.19802370289414467,False
deeper_boundary_lead,88,0.92,0.9,0.9,0.94,0.5565086055497014,0.4684196083596768,0.4504629873551106,0.48462416578854933,0.45766267123287674,0.6335721812434141,1.5591324200913241,0.37321390937829296,0.47861257463997187,0.08,0.18029394977168947,1.0,0.0,0.7452000000000001,0.0629540480272365,0.1802939495913955,0.6024855641725102,0.06398528082520137,0.20273296228311385,False
deeper_boundary_lead,89,0.92,0.9,0.9,0.94,0.5593185809624166,0.47660805233579195,0.45750987881981026,0.48945381102915353,0.45338184931506853,0.6367334035827186,1.5819634703196346,0.3716332982086407,0.4847593958552862,0.08,0.1857163242009132,1.0,0.0,0.7452000000000001,0.06562546013531129,0.18571632401519686,0.6024855641725103,0.06685964823070972,0.2074306497000553,False
deeper_boundary_lead,90,0.92,0.9,0.9,0.94,0.5621285563751317,0.48479649631190724,0.4645567702845099,0.49428345626975767,0.4491010273972603,0.6398946259220232,1.604794520547945,0.3700526870389884,0.49090621707060056,0.08,0.19113869863013697,1.0,0.0,0.7452000000000001,0.06836446931828744,0.19113869843899825,0.602485564172511,0.0697575677307203,0.21211737519848858,False
deeper_boundary_lead,91,0.92,0.9,0.9,0.94,0.5649385317878468,0.4929849402880224,0.47160366174920965,0.4991131015103618,0.4448202054794521,0.6430558482613277,1.6276255707762557,0.36847207586933617,0.49705303828591496,0.08,0.19656107305936069,1.0,0.0,0.7452000000000001,0.07117170305378613,0.19656107286279959,0.6024855641725103,0.07267762619956293,0.2167937016344925,False
deeper_boundary_lead,92,0.92,0.9,0.9,0.94,0.5677485072005619,0.5011733842641377,0.47865055321390937,0.503942746750966,0.4405393835616438,0.6462170706006323,1.6504566210045661,0.3668914646996839,0.5031998595012293,0.08,0.20198344748858446,1.0,0.0,0.7452000000000001,0.07404778649590017,0.201983447286601,0.6024855641725114,0.07561849529910775,0.22146014976205913,False
deeper_boundary_lead,93,0.92,0.9,0.9,0.94,0.5705584826132771,0.5093618282402529,0.48569744467860904,0.5087723919915701,0.4362585616438356,0.6493782929399368,1.6732876712328766,0.3653108535300316,0.5093466807165437,0.08,0.20740582191780818,1.0,0.0,0.7452000000000001,0.07699334253682592,0.20740582171040234,0.6024855641725103,0.07857892639151257,0.2261172026481463,False
deeper_boundary_lead,94,0.92,0.9,0.9,0.94,0.5733684580259922,0.5175502722163681,0.4927443361433087,0.5136020372321742,0.4319777397260274,0.6525395152792413,1.6961187214611873,0.3637302423603794,0.5154935019318581,0.08,0.21282819634703193,1.0,0.0,0.7452000000000001,0.08000899186517954,0.2128281961342037,0.6024855641725102,0.08155774575720581,0.230765309512424,True
deeper_boundary_lead,95,0.92,0.9,0.9,0.94,0.5761784334387073,0.5257387161924832,0.4997912276080084,0.5184316824727784,0.42769691780821917,0.6557007376185457,1.7189497716894975,0.36214963119072713,0.5216403231471725,0.08,0.2182505707762557,1.0,0.0,0.7452000000000001,0.08309535302122276,0.21825057055800512,0.6024855641725103,0.08455385009979018,0.23540488907850754,True
deeper_boundary_lead,96,0.92,0.9,0.9,0.94,0.5789884088514226,0.5339271601685984,0.506838119072708,0.5232613277133824,0.42341609589041096,0.6588619599578504,1.741780821917808,0.3605690200210748,0.5277871443624867,0.08,0.22367294520547942,1.0,0.0,0.7452000000000001,0.08625304244920623,0.22367294498180645,0.6024855641725099,0.08756620232065218,0.2400363325087625,True
deeper_boundary_lead,97,0.92,0.9,0.9,0.94,0.5817983842641377,0.5421156041447137,0.5138850105374078,0.5280909729539867,0.41913527397260275,0.6620231822971548,1.7646118721461186,0.3589884088514226,0.533933965577801,0.08,0.22909531963470314,1.0,0.0,0.7452000000000001,0.08948267454702248,0.22909531940560782,0.6024855641725113,0.0905938275470952,0.24466000598281723,True
deeper_boundary_lead,98,0.92,0.9,0.9,0.94,0.5846083596768528,0.5503040481208289,0.5209319020021075,0.5329206181945908,0.41485445205479454,0.6651844046364594,1.787442922374429,0.35740779768177033,0.5400807867931154,0.08,0.23451769406392692,1.0,0.0,0.7452000000000001,0.09278486171334614,0.2345176938294092,0.6024855641725103,0.09363580939878434,0.24927625297015246,True
deeper_boundary_lead,99,0.92,0.9,0.9,0.94,0.5874183350895679,0.5584924920969441,0.5279787934668071,0.5377502634351949,0.41057363013698633,0.6683456269757639,1.8102739726027395,0.35582718651211803,0.5462276080084298,0.08,0.23994006849315067,1.0,0.0,0.7452000000000001,0.09616021439242567,0.23994006825321057,0.6024855641725102,0.09669128647820485,0.25388539623914214,True
deeper_boundary_lead,100,0.92,0.9,0.9,0.94,0.5902283105022831,0.5666809360730592,0.5350256849315068,0.5425799086757991,0.4062928082191781,0.6715068493150684,1.8331050228310501,0.3542465753424658,0.5523744292237442,0.08,0.24536244292237439,1.0,0.0,0.7452000000000001,0.09960934111667819,0.24536244267701193,0.6024855641725103,0.09975944907169285,0.25848773963830923,True
deeper_boundary_lead,101,0.92,0.9,0.9,0.94,0.5930382859149982,0.5748693800491744,0.5420725763962064,0.5474095539164032,0.4020119863013699,0.6746680716543729,1.8559360730593606,0.3526659641728135,0.5585212504390586,0.08,0.25078481735159813,1.0,0.0,0.7452000000000001,0.10313284854722812,0.2507848171008133,0.6024855641725102,0.10283953604840426,0.2630835696801045,True
deeper_boundary_lead,102,0.92,0.9,0.9,0.94,0.5958482613277134,0.5830578240252897,0.5491194678609062,0.5522391991570074,0.39773116438356165,0.6778292939936775,1.878767123287671,0.35108535300316124,0.5646680716543729,0.08,0.2562071917808219,1.0,0.0,0.7452000000000001,0.1067313415125208,0.2562071915246147,0.6024855641725113,0.10593083194534572,0.26767315695297794,True
deeper_boundary_lead,103,0.92,0.9,0.9,0.94,0.5986582367404285,0.591246268001405,0.5561663593256059,0.5570688443976115,0.39345034246575344,0.680990516332982,1.9015981735159817,0.349504741833509,0.5708148928696873,0.08,0.2616295662100456,1.0,0.0,0.7452000000000001,0.1104054230451306,0.261629565948416,0.602485564172511,0.1090326642273034,0.272256757383718,True
deeper_boundary_lead,104,0.92,0.9,0.9,0.94,0.6014682121531436,0.5994347119775201,0.5632132507903055,0.5618984896382156,0.38916952054794524,0.6841517386722866,1.9244292237442922,0.34792413066385675,0.5769617140850016,0.08,0.26705194063926935,1.0,0.0,0.7452000000000001,0.11415569441687715,0.2670519403722174,0.6024855641725093,0.1121444007111763,0.27683461336886966,True
deeper_boundary_lead,105,0.92,0.9,0.9,0.94,0.6042781875658587,0.6076231559536354,0.5702601422550053,0.5667281348788198,0.38488869863013697,0.6873129610115911,1.9472602739726026,0.34634351949420444,0.583108535300316,0.08,0.2724743150684931,1.0,0.0,0.7452000000000001,0.11798275517235311,0.2724743147960188,0.6024855641725116,0.1152654471448496,0.28140695479137184,True
deeper_boundary_lead,106,0.92,0.9,0.9,0.94,0.6070881629785739,0.6158115999297505,0.5773070337197048,0.571557780119424,0.38060787671232876,0.6904741833508956,1.9700913242009133,0.3447629083245522,0.5892553565156304,0.08717547292889757,0.27789668949771684,1.0,0.0,0.7452000000000001,0.12188720316096023,0.27789668921982014,0.60248556417251,0.11839524493133519,0.2859739999363058,True
deeper_boundary_lead,107,0.92,0.9,0.9,0.94,0.609898138391289,0.6240000439058657,0.5843539251844045,0.5763874253600281,0.37632705479452055,0.6936354056902002,1.9929223744292237,0.3431822971548999,0.5954021777309448,0.09532941943900847,0.2833190639269406,1.0,0.0,0.7452000000000001,0.1258696345675441,0.2833190636436215,0.6024855641725102,0.12153326898946434,0.2905359563177517,True
deeper_boundary_lead,108,0.92,0.9,0.9,0.94,0.6127081138040043,0.632188487881981,0.5914008166491043,0.5812170706006323,0.37204623287671235,0.6967966280295047,2.015753424657534,0.34160168598524765,0.6015489989462592,0.10348336594911936,0.2887414383561644,1.0,0.0,0.7452000000000001,0.12993064394171167,0.2887414380674229,0.6024855641725113,0.12467902574293849,0.29509302142712457,True
deeper_boundary_lead,109,0.92,0.9,0.9,0.94,0.6155180892167194,0.6403769318580961,0.598447708113804,0.5860467158412364,0.36776541095890414,0.6999578503688092,2.0385844748858446,0.3400210748155954,0.6076958201615735,0.11163731245923025,0.2941638127853881,1.0,0.0,0.7452000000000001,0.1340708242259079,0.29416381249122425,0.6024855641725095,0.12783205123003688,0.2996453834119978,True
deeper_boundary_lead,110,0.92,0.9,0.9,0.94,0.6183280646294345,0.6485653758342115,0.6054945995785036,0.5908763610818406,0.36348458904109593,0.7031190727081138,2.0614155251141555,0.3384404636459431,0.6138426413768879,0.11979125896934115,0.29958618721461183,1.0,0.0,0.7452000000000001,0.13829076678232707,0.29958618691502564,0.6024855641725116,0.1309919093267421,0.30419322169324664,True
deeper_boundary_lead,111,0.92,0.9,0.9,0.94,0.6211380400421497,0.6567538198103268,0.6125414910432034,0.5957060063224447,0.3592037671232876,0.7062802950474183,2.084246575342466,0.3368598524762908,0.6199894625922023,0.12794520547945215,0.30500856164383566,1.0,0.0,0.7452000000000001,0.14259106141872277,0.3050085613388271,0.602485564172512,0.13415819007647772,0.30873670752733223,True
deeper_boundary_lead,112,0.92,0.9,0.9,0.94,0.6239480154548648,0.6649422637864418,0.619588382507903,0.6005356515630489,0.35492294520547946,0.7094415173867228,2.1070776255707764,0.33527924130663855,0.6261362838075166,0.13609915198956293,0.3104309360730593,1.0,0.0,0.7452000000000001,0.14697229641318313,0.31043093576262837,0.6024855641725092,0.1373305081200619,0.31327600451970156,True
deeper_boundary_lead,113,0.92,0.9,0.9,0.94,0.6267579908675799,0.6731307077625571,0.6266352739726028,0.6053652968036529,0.3506421232876712,0.7126027397260274,2.129908675799087,0.3336986301369863,0.632283105022831,0.14425309849967394,0.31585331050228316,1.0,0.0,0.7452000000000001,0.15143505853792869,0.3158533101864298,0.602485564172511,0.14050850121986375,0.31781126909452295,True
deeper_boundary_lead,114,0.92,0.9,0.9,0.94,0.629567966280295,0.6813191517386722,0.6336821654373023,0.6101949420442571,0.34636130136986304,0.7157639620653319,2.1527397260273973,0.33211801896733406,0.6384299262381453,0.15240704500978472,0.32127568493150677,1.0,0.0,0.7452000000000001,0.1559799330821867,0.32127568461023104,0.6024855641725089,0.14369182887251014,0.3223426509253391,True
deeper_boundary_lead,115,0.92,0.9,0.9,0.94,0.6323779416930102,0.6895075957147875,0.6407290569020021,0.6150245872848613,0.3420804794520548,0.7189251844046365,2.1755707762557077,0.3305374077976818,0.6445767474534597,0.16056099151989572,0.3266980593607306,1.0,0.0,0.7452000000000001,0.1606075038741962,0.3266980590340325,0.6024855641725118,0.14688017100483053,0.3268702933306811,True
deeper_boundary_lead,116,0.92,0.9,0.9,0.94,0.6351879171057253,0.6976960396909025,0.6477759483667017,0.6198542325254655,0.3377996575342466,0.722086406743941,2.198401826484018,0.32895679662802957,0.650723568668774,0.1687149380300065,0.3321204337899543,1.0,0.0,0.7452000000000001,0.16531835330238898,0.3321204334578339,0.6024855641725092,0.15007322674804435,0.3313943336381849,True
deeper_boundary_lead,117,0.92,0.9,0.9,0.94,0.6379978925184404,0.7058844836670178,0.6548228398314014,0.6246838777660696,0.3335188356164383,0.7252476290832455,2.221232876712329,0.32737618545837727,0.6568703898840884,0.1768688845401175,0.3375428082191781,1.0,0.0,0.7452000000000001,0.17011306233579365,0.33754280788163527,0.6024855641725116,0.15327071328549813,0.33591490352036124,True
deeper_boundary_lead,118,0.92,0.9,0.9,0.94,0.6408078679311555,0.714072927643133,0.661869731296101,0.6295135230066737,0.32923801369863015,0.72840885142255,2.244063926940639,0.325795574288725,0.6630172110994028,0.18502283105022826,0.3429651826484018,1.0,0.0,0.7452000000000001,0.174992210543703,0.3429651823054366,0.6024855641725099,0.15647236476953735,0.34043212930478156,True
deeper_boundary_lead,119,0.92,0.9,0.9,0.94,0.6436178433438707,0.7222613716192484,0.668916622760801,0.6343431682472779,0.3249571917808219,0.7315700737618546,2.26689497716895,0.3242149631190727,0.6691640323147172,0.1931767775603393,0.34838755707762564,1.0,0.0,0.7452000000000001,0.17995637611464566,0.34838755672923805,0.6024855641725125,0.159677931303367,0.3449461322611555,True
deeper_boundary_lead,120,0.92,0.9,0.9,0.94,0.6464278187565858,0.7304498155953635,0.6759635142255005,0.639172813487882,0.32067636986301373,0.7347312961011591,2.28972602739726,0.3226343519494205,0.6753108535300315,0.20133072407045005,0.35380993150684925,1.0,0.0,0.7452000000000001,0.18500613587469714,0.35380993115303927,0.6024855641725089,0.1628871779839995,0.34945702886747043,True
deeper_boundary_lead,121,0.92,0.9,0.9,0.94,0.649237794169301,0.7386382595714788,0.6830104056902002,0.6440024587284862,0.31639554794520547,0.7378925184404637,2.312557077625571,0.3210537407797682,0.681457674745346,0.20948467058056108,0.3592323059360731,1.0,0.0,0.7452000000000001,0.19014206530516775,0.35923230557684077,0.6024855641725113,0.1660998840026268,0.3539649310571522,True
deeper_boundary_lead,122,0.92,0.9,0.9,0.94,0.6520477695820162,0.746826703547594,0.6900572971548998,0.6488321039690903,0.31211472602739726,0.7410537407797682,2.3353881278538813,0.319473129610116,0.6876044959606602,0.21763861709067184,0.36465468036529675,1.0,0.0,0.7452000000000001,0.19536473855969533,0.36465468000064205,0.60248556417251,0.16931584179896916,0.3584699464489617,True
deeper_boundary_lead,123,0.92,0.9,0.9,0.94,0.6548577449947313,0.7550151475237092,0.6971041886195997,0.6536617492096944,0.307833904109589,0.7442149631190726,2.358219178082192,0.3178925184404636,0.6937513171759746,0.22579256360078287,0.3700770547945206,1.0,0.0,0.7452000000000001,0.20067472848077805,0.3700770544244435,0.6024855641725118,0.17253485626636372,0.36297217856119246,True
deeper_boundary_lead,124,0.92,0.9,0.9,0.94,0.6576677204074464,0.7632035914998243,0.7041510800842992,0.6584913944502986,0.30355308219178084,0.7473761854583771,2.381050228310502,0.3163119072708114,0.699898138391289,0.23394651011089368,0.3754994292237443,1.0,0.0,0.7452000000000001,0.20607260661577204,0.37549942884824483,0.6024855641725089,0.17575674400454727,0.3674717270115343,True
deeper_boundary_lead,125,0.92,0.9,0.9,0.94,0.6604776958201616,0.7701791359325605,0.7101791359325605,0.6633210396909028,0.3,0.7505374077976817,2.403881278538813,0.31473129610115913,0.7060449596066034,0.24210045662100466,0.38,1.0,0.0,0.7452000000000001,0.21099375789459984,0.37999999962,0.5893786929933449,0.17864917355108487,0.37021298645180684,True
deeper_boundary_lead,126,0.92,0.9,0.9,0.94,0.6632876712328767,0.7712328767123287,0.7112328767123287,0.6681506849315069,0.3,0.7536986301369862,2.426712328767123,0.3131506849315069,0.7121917808219178,0.25025440313111547,0.38,1.0,0.0,0.7452000000000001,0.21319657898422384,0.37999999962,0.5238885426132056,0.17987488189765619,0.36504920085624537,True
deeper_boundary_lead,127,0.92,0.9,0.9,0.94,0.6660976466455919,0.7722866174920969,0.712286617492097,0.6729803301721111,0.3,0.7568598524762908,2.449543378995434,0.3115700737618546,0.7183386020372322,0.25840834964122644,0.38,1.0,0.0,0.7452000000000001,0.21540669002357055,0.37999999962,0.5238885426132073,0.18102704774343326,0.36634231292834735,True
deeper_boundary_lead,128,0.92,0.9,0.9,0.94,0.668907622058307,0.7733403582718651,0.7133403582718651,0.6778099754127151,0.3,0.7600210748155953,2.4723744292237444,0.30998946259220234,0.7244854232525464,0.26656229615133725,0.38,1.0,0.0,0.7452000000000001,0.2176241257299062,0.37999999962,0.5238885426132056,0.18211008363846368,0.36761026065128877,True
deeper_boundary_lead,129,0.92,0.9,0.9,0.94,0.6717175974710221,0.7743940990516333,0.7143940990516333,0.6826396206533194,0.3,0.7631822971548998,2.4952054794520553,0.30840885142255003,0.7306322444678608,0.27471624266144823,0.38,1.0,0.0,0.7452000000000001,0.21984892015672955,0.37999999962,0.5238885426132063,0.18312813737979228,0.36885452175709593,True
deeper_boundary_lead,130,0.92,0.9,0.9,0.94,0.6745275728837372,0.7754478398314014,0.7154478398314015,0.6874692658939234,0.3,0.7663435194942043,2.5180365296803653,0.3068282402528978,0.7367790656831752,0.28287018917155904,0.38,1.0,0.0,0.7452000000000001,0.22208110671578266,0.37999999962,0.5238885426132056,0.18408510789664118,0.3700764654840805,True
deeper_boundary_lead,131,0.92,0.9,0.9,0.94,0.6773375482964524,0.7765015806111696,0.7165015806111696,0.6922989111345277,0.3,0.769504741833509,2.540867579908676,0.30524762908324554,0.7429258868984896,0.29102413568167,0.38,1.0,0.0,0.7452000000000001,0.22432071819819635,0.37999999962,0.5238885426132062,0.18498466018247914,0.371277362265626,True
deeper_boundary_lead,132,0.92,0.9,0.9,0.94,0.6801475237091675,0.7775553213909377,0.7175553213909378,0.6971285563751317,0.3,0.7726659641728135,2.5636986301369866,0.3036670179135933,0.749072708113804,0.2991780821917808,0.38,1.0,0.0,0.7452000000000001,0.2265677867948133,0.37999999962,0.5238885426132056,0.18583023933116682,0.3724583923594372,True
deeper_boundary_lead,133,0.92,0.9,0.9,0.94,0.6829574991218827,0.7786090621707059,0.718609062170706,0.701958201615736,0.3,0.775827186512118,2.586529680365297,0.302086406743941,0.7552195293291184,0.3073320287018918,0.38,1.0,0.0,0.7452000000000001,0.2288223441157234,0.37999999962,0.5238885426132063,0.18662508373093323,0.37362065355596114,True
deeper_boundary_lead,134,0.92,0.9,0.9,0.94,0.6857674745345979,0.7796628029504741,0.7196628029504741,0.70678784685634,0.3,0.7789884088514225,2.6093607305936075,0.30050579557428875,0.7613663505444326,0.3154859752120026,0.38,1.0,0.0,0.7452000000000001,0.23108442120904732,0.37999999962,0.5238885426132056,0.18737223746671366,0.37476516808370197,True
deeper_boundary_lead,135,0.92,0.9,0.9,0.94,0.688577449947313,0.7807165437302424,0.7207165437302424,0.7116174920969442,0.3,0.782149631190727,2.6321917808219184,0.29892518440463645,0.7675131717597472,0.3236399217221136,0.38,1.0,0.0,0.7452000000000001,0.233354048579001,0.37999999962,0.5238885426132073,0.1880745619783473,0.3758928888117421,True
deeper_boundary_lead,136,0.92,0.9,0.9,0.94,0.6913874253600281,0.7817702845100105,0.7217702845100106,0.7164471373375483,0.3,0.7853108535300315,2.6550228310502284,0.2973445732349842,0.7736599929750614,0.3317938682322244,0.38,1.0,0.0,0.7452000000000001,0.2356312562032731,0.37999999962,0.5238885426132056,0.1887347470192829,0.3770047048352596,True
deeper_boundary_lead,137,0.92,0.9,0.9,0.94,0.6941974007727432,0.7828240252897787,0.7228240252897787,0.7212767825781525,0.3,0.7884720758693361,2.677853881278539,0.29576396206533195,0.7798068141903758,0.3399478147423354,0.38,1.0,0.0,0.7452000000000001,0.23791607354974628,0.37999999962,0.5238885426132062,0.18935532095776234,0.3781014465176898,True
deeper_boundary_lead,138,0.92,0.9,0.9,0.94,0.6970073761854583,0.7838777660695468,0.7238777660695469,0.7261064278187566,0.3,0.7916332982086406,2.7006849315068493,0.2941833508956797,0.78595363540569,0.3481017612524462,0.38,1.0,0.0,0.7452000000000001,0.24020852959258887,0.37999999962,0.5238885426132056,0.18993866045993302,0.3791838900529453,True
deeper_boundary_lead,139,0.92,0.9,0.9,0.94,0.6998173515981735,0.784931506849315,0.7249315068493151,0.7309360730593608,0.3,0.7947945205479452,2.72351598173516,0.2926027397260274,0.7921004566210046,0.35625570776255716,0.38,1.0,0.0,0.7452000000000001,0.24250865282774609,0.37999999962,0.5238885426132063,0.19048699959197346,0.3802527616025136,True
deeper_boundary_lead,140,0.92,0.9,0.9,0.94,0.7026273270108886,0.7859852476290832,0.7259852476290832,0.7357657182999648,0.3,0.7979557428872497,2.74634703196347,0.29102212855637516,0.7982472778363188,0.36440965427266797,0.38,1.0,0.0,0.7452000000000001,0.244816471287856,0.37999999962,0.5238885426132056,0.1910024383760915,0.3813087410549397,True
deeper_boundary_lead,141,0.92,0.9,0.9,0.94,0.7054373024236038,0.7870389884088513,0.7270389884088514,0.7405953635405691,0.3,0.8011169652265542,2.769178082191781,0.28944151738672286,0.8043940990516332,0.37256360078277895,0.38,1.0,0.0,0.7452000000000001,0.2471320125566142,0.37999999962,0.5238885426132063,0.19148695083316242,0.3823524654490125,True
deeper_boundary_lead,142,0.92,0.9,0.9,0.94,0.7082472778363189,0.7880927291886195,0.7280927291886196,0.7454250087811731,0.3,0.8042781875658587,2.792009132420091,0.2878609062170706,0.8105409202669476,0.38071754729288976,0.38,1.0,0.0,0.7452000000000001,0.2494553037826111,0.37999999962,0.5238885426132056,0.1919423925428091,0.3833845320966822,True
deeper_boundary_lead,143,0.92,0.9,0.9,0.94,0.711057253249034,0.7891464699683877,0.7291464699683877,0.7502546540217774,0.3,0.8074394099051633,2.814840182648402,0.28628029504741836,0.816687741482262,0.38887149380300073,0.38,1.0,0.0,0.7452000000000001,0.251786371692665,0.37999999962,0.5238885426132062,0.19237050774987696,0.38440550143723023,True
deeper_boundary_lead,144,0.92,0.9,0.9,0.94,0.7138672286617491,0.7902002107481558,0.7302002107481559,0.7550842992623814,0.3,0.8106006322444678,2.8376712328767124,0.2846996838777661,0.8228345626975764,0.39702544031311154,0.38,1.0,0.0,0.7452000000000001,0.25412524260466973,0.37999999962,0.5238885426132056,0.19277293604452078,0.38541589965031886,True
deeper_boundary_lead,145,0.92,0.9,0.9,0.94,0.7166772040744643,0.7912539515279241,0.7312539515279242,0.7599139445029857,0.3,0.8137618545837724,2.8605022831050233,0.2831190727081138,0.8289813839128908,0.4051793868232225,0.38,1.0,0.0,0.7452000000000001,0.2564719424399807,0.37999999962,0.5238885426132073,0.193151218641486,0.38641622105223616,True
deeper_boundary_lead,146,0.92,0.9,0.9,0.94,0.7194871794871794,0.7923076923076923,0.7323076923076923,0.7647435897435897,0.3,0.8169230769230769,2.8833333333333333,0.28153846153846157,0.835128205128205,0.41333333333333333,0.38,1.0,0.0,0.7452000000000001,0.25882649673535385,0.37999999962,0.5238885426132056,0.19350680428263325,0.3874069302967515,True
deeper_boundary_lead,147,0.92,0.9,0.9,0.94,0.7222971548998947,0.7933614330874604,0.7333614330874605,0.7695732349841939,0.3,0.8200842992623814,2.906164383561644,0.27995785036880927,0.8412750263435194,0.4214872798434443,0.38,1.0,0.0,0.7452000000000001,0.2611889306544613,0.37999999962,0.5238885426132063,0.1938410547853117,0.38838846439953073,True
deeper_boundary_lead,148,0.92,0.9,0.9,0.94,0.7251071303126098,0.7944151738672286,0.7344151738672287,0.774402880224798,0.3,0.8232455216016858,2.928995433789954,0.278377239199157,0.8474218475588338,0.4296412263535551,0.38,1.0,0.0,0.7452000000000001,0.2635592689989962,0.37999999962,0.5238885426132056,0.1941552502578294,0.38936123460287775,True
deeper_boundary_lead,149,0.92,0.9,0.9,0.94,0.7279171057253249,0.7954689146469968,0.7354689146469968,0.7792325254654021,0.3,0.8264067439409905,2.9518264840182646,0.2767966280295048,0.8535686687741482,0.4377951728636661,0.38,1.0,0.0,0.7452000000000001,0.26593753621938687,0.37999999962,0.5238885426132058,0.19445059400199605,0.3903256280957138,True
deeper_boundary_lead,150,0.92,0.9,0.9,0.94,0.73072708113804,0.7965226554267649,0.736522655426765,0.7840621707060063,0.3,0.8295679662802949,2.974657534246575,0.27521601685985253,0.8597154899894623,0.4459491193737769,0.38,1.0,0.0,0.7452000000000001,0.26832375642513473,0.37999999962,0.5238885426132058,0.1947282171215127,0.39128200960204956,True
deeper_boundary_lead,151,0.92,0.9,0.9,0.94,0.7335370565507553,0.7975763962065332,0.7375763962065331,0.7888918159466106,0.3,0.8327291886195995,2.9974885844748864,0.2736354056902002,0.865862311204777,0.4541030658838879,0.38,1.0,0.0,0.7452000000000001,0.2707179533947909,0.37999999962,0.5238885426132073,0.19498918285385838,0.39223072284978633,True
deeper_boundary_lead,152,0.92,0.9,0.9,0.94,0.7363470319634704,0.7986301369863014,0.7386301369863013,0.7937214611872146,0.3,0.835890410958904,3.020319634703197,0.2720547945205479,0.8720091324200914,0.4622570123939987,0.38,1.0,0.0,0.7452000000000001,0.2731201505855865,0.37999999962,0.5238885426132056,0.1952344906422633,0.39317209193042,True
deeper_boundary_lead,153,0.92,0.9,0.9,0.94,0.7391570073761855,0.7996838777660695,0.7396838777660695,0.7985511064278188,0.3,0.8390516332982085,3.043150684931507,0.2704741833508957,0.8781559536354056,0.47041095890410967,0.38,1.0,0.0,0.7452000000000001,0.27553037114273166,0.37999999962,0.5238885426132058,0.19546507996336393,0.39410642255913025,True
deeper_boundary_lead,154,0.92,0.9,0.9,0.94,0.74,0.7999999999999999,0.74,0.8,0.3,0.84,3.0500000000000003,0.27,0.8799999999999999,0.4785649054142205,0.38,1.0,0.0,0.7452000000000001,0.27625500528899444,0.37999999962,0.5071715313375365,0.1953006860684944,0.39240204780870047,True
deeper_boundary_lead,155,0.92,0.9,0.9,0.94,0.74,0.7999999999999999,0.74,0.8,0.3,0.84,3.0500000000000003,0.27,0.8799999999999999,0.48671885192433145,0.38,1.0,0.0,0.7452000000000001,0.27625500528899444,0.37999999962,0.5,0.19498264489298472,0.39146898867590224,True
deeper_boundary_lead,156,0.92,0.9,0.9,0.94,0.74,0.7999999999999999,0.74,0.8,0.3,0.84,3.0500000000000003,0.27,0.8799999999999999,0.49487279843444226,0.38,1.0,0.0,0.7452000000000001,0.27625500528899444,0.37999999962,0.5,0.19468368618800563,0.39137889650620383,True
deeper_boundary_lead,157,0.92,0.9,0.9,0.94,0.74,0.7999999999999999,0.74,0.8,0.3,0.84,3.0500000000000003,0.27,0.8799999999999999,0.5030267449445532,0.38,1.0,0.0,0.7452000000000001,0.27625500528899444,0.37999999962,0.5,0.1944026650053253,0.3912941025799073,True
deeper_boundary_lead,158,0.92,0.9,0.9,0.94,0.74,0.7999999999999999,0.74,0.8,0.3,0.84,3.0500000000000003,0.27,0.8799999999999999,0.511180691454664,0.38,1.0,0.0,0.7452000000000001,0.27625500528899444,0.37999999962,0.5,0.19413850509360578,0.39121430123660894,True
deeper_boundary_lead,159,0.92,0.9,0.9,0.94,0.74,0.7999999999999999,0.74,0.8,0.3,0.84,3.0500000000000003,0.27,0.8799999999999999,0.519334637964775,0.38,1.0,0.0,0.7452000000000001,0.27625500528899444,0.37999999962,0.5,0.19389019477658942,0.3911392037736503,True
deeper_boundary_lead,160,0.92,0.9,0.9,0.94,0.74,0.7999999999999999,0.74,0.8,0.3,0.84,3.0500000000000003,0.27,0.8799999999999999,0.5274885844748858,0.38,1.0,0.0,0.7452000000000001,0.27625500528899444,0.37999999962,0.5,0.19365678307859405,0.39106853758254045,True
deeper_boundary_lead,161,0.92,0.9,0.9,0.94,0.74,0.7999999999999999,0.74,0.8,0.3,0.84,3.0500000000000003,0.27,0.8799999999999999,0.5356425309849968,0.38,1.0,0.0,0.7452000000000001,0.27625500528899444,0.37999999962,0.5,0.1934373760824784,0.3910020453204204,True
deeper_boundary_lead,162,0.92,0.9,0.9,0.94,0.74,0.7999999999999999,0.74,0.8,0.3,0.84,3.0500000000000003,0.27,0.8799999999999999,0.5437964774951076,0.38,1.0,0.0,0.7452000000000001,0.27625500528899444,0.37999999962,0.5,0.1932311335061297,0.3909394841162356,True
deeper_boundary_lead,163,0.92,0.9,0.9,0.94,0.74,0.7999999999999999,0.74,0.8,0.3,0.84,3.0500000000000003,0.27,0.8799999999999999,0.5519504240052185,0.38,1.0,0.0,0.7452000000000001,0.27625500528899444,0.37999999962,0.5,0.1930372654843619,0.3908806248111257,True
deeper_boundary_lead,164,0.92,0.9,0.9,0.94,0.74,0.7999999999999999,0.74,0.8,0.3,0.84,3.0500000000000003,0.27,0.8799999999999999,0.5601043705153294,0.38,1.0,0.0,0.7452000000000001,0.27625500528899444,0.37999999962,0.5,0.19285502954390019,0.3908252512324074,True
deeper_boundary_lead,165,0.92,0.9,0.9,0.94,0.74,0.7999999999999999,0.74,0.8,0.3,0.84,3.0500000000000003,0.27,0.8799999999999999,0.5682583170254404,0.38,1.0,0.0,0.7452000000000001,0.27625500528899444,0.37999999962,0.5,0.19268372775986617,0.3907731595004222,True
deeper_boundary_lead,166,0.92,0.9,0.9,0.94,0.74,0.7999999999999999,0.74,0.8,0.3,0.84,3.0500000000000003,0.27,0.8799999999999999,0.5764122635355512,0.38,1.0,0.0,0.7452000000000001,0.27625500528899444,0.37999999962,0.5,0.1925227040828742,0.3907241573674291,True
deeper_boundary_lead,167,0.92,0.9,0.9,0.94,0.74,0.7999999999999999,0.74,0.8,0.3,0.84,3.0500000000000003,0.27,0.8799999999999999,0.5845662100456621,0.38,1.0,0.0,0.7452000000000001,0.27625500528899444,0.37999999962,0.5,0.19237134182650173,0.3906780635876545,True
deeper_boundary_lead,168,0.92,0.9,0.9,0.94,0.74,0.7999999999999999,0.74,0.8,0.3,0.84,3.0500000000000003,0.27,0.8799999999999999,0.5927201565557729,0.38,1.0,0.0,0.7452000000000001,0.27625500528899444,0.37999999962,0.5,0.19222906130551162,0.39063470731755473,True
deeper_boundary_lead,169,0.92,0.9,0.9,0.94,0.74,0.7999999999999999,0.74,0.8,0.3,0.84,3.0500000000000003,0.27,0.8799999999999999,0.6008741030658838,0.38,1.0,0.0,0.7452000000000001,0.27625500528899444,0.37999999962,0.5,0.19209531761578091,0.3905939275453089,True
deeper_boundary_lead,170,0.92,0.9,0.9,0.94,0.74,0.7999999999999999,0.74,0.8,0.3,0.84,3.0500000000000003,0.27,0.8799999999999999,0.6090280495759947,0.38,1.0,0.0,0.7452000000000001,0.27625500528899444,0.37999999962,0.5,0.19196959854743406,0.3905555725485283,True
deeper_boundary_lead,171,0.92,0.9,0.9,0.94,0.74,0.7999999999999999,0.74,0.8,0.3,0.84,3.0500000000000003,0.27,0.8799999999999999,0.6171819960861057,0.38,1.0,0.0,0.7452000000000001,0.27625500528899444,0.37999999962,0.5,0.19185142262318802,0.390519499379151,True
deeper_boundary_lead,172,0.92,0.9,0.9,0.94,0.74,0.7999999999999999,0.74,0.8,0.3,0.84,3.0500000000000003,0.27,0.8799999999999999,0.6253359425962165,0.38,1.0,0.0,0.7452000000000001,0.27625500528899444,0.37999999962,0.5,0.19174033725439674,0.39048557337448403,True
deeper_boundary_lead,173,0.92,0.9,0.9,0.94,0.74,0.7999999999999999,0.74,0.8,0.3,0.84,3.0500000000000003,0.27,0.8799999999999999,0.6334898891063275,0.38,1.0,0.0,0.7452000000000001,0.27625500528899444,0.37999999962,0.5,0.19163591700773291,0.3904536676933497,True
deeper_boundary_lead,174,0.92,0.9,0.9,0.94,0.74,0.7999999999999999,0.74,0.8,0.3,0.84,3.0500000000000003,0.27,0.8799999999999999,0.6416438356164383,0.38,1.0,0.0,0.7452000000000001,0.27625500528899444,0.37999999962,0.5,0.19153776197586894,0.39042366287630204,True
deeper_boundary_lead,175,0.92,0.9,0.9,0.94,0.74,0.7999999999999999,0.74,0.8,0.3,0.84,3.0500000000000003,0.27,0.8799999999999999,0.6497977821265493,0.38,1.0,0.0,0.7452000000000001,0.27625500528899444,0.37999999962,0.5,0.1914454962459168,0.390395446428887,True
deeper_boundary_lead,176,0.92,0.9,0.9,0.94,0.74,0.7999999999999999,0.74,0.8,0.3,0.84,3.0500000000000003,0.27,0.8799999999999999,0.6579517286366601,0.38,1.0,0.0,0.7452000000000001,0.27625500528899444,0.37999999962,0.5,0.1913587664597618,0.3903689124269397,True
deeper_boundary_lead,177,0.92,0.9,0.9,0.94,0.74,0.7999999999999999,0.74,0.8,0.3,0.84,3.0500000000000003,0.27,0.8799999999999999,0.666105675146771,0.38,1.0,0.0,0.7452000000000001,0.27625500528899444,0.37999999962,0.5,0.19127724046077607,0.39034396114292735,True
deeper_boundary_lead,178,0.92,0.9,0.9,0.94,0.74,0.7999999999999999,0.74,0.8,0.3,0.84,3.0500000000000003,0.27,0.8799999999999999,0.6742596216568818,0.38,1.0,0.0,0.7452000000000001,0.27625500528899444,0.37999999962,0.5,0.1912006060217295,0.3903204986923714,True
deeper_boundary_lead,179,0.92,0.9,0.9,0.94,0.74,0.7999999999999999,0.74,0.8,0.3,0.84,3.0500000000000003,0.27,0.8799999999999999,0.6824135681669928,0.38,1.0,0.0,0.7452000000000001,0.27625500528899444,0.37999999962,0.5,0.19112856964902572,0.3902984366994089,True
deeper_boundary_lead,180,0.92,0.9,0.9,0.94,0.74,0.7999999999999999,0.74,0.8,0.3,0.84,3.0500000000000003,0.27,0.8799999999999999,0.6905675146771036,0.38,1.0,0.0,0.7452000000000001,0.27625500528899444,0.37999999962,0.5,0.19106085545868418,0.3902776919805777,True
deeper_boundary_lead,181,0.92,0.9,0.9,0.94,0.74,0.7999999999999999,0.74,0.8,0.3,0.84,3.0500000000000003,0.27,0.8799999999999999,0.6987214611872147,0.38,1.0,0.0,0.7452000000000001,0.27625500528899444,0.37999999962,0.5,0.19099720411976312,0.3902581862459405,True
deeper_boundary_lead,182,0.92,0.9,0.9,0.94,0.74,0.7999999999999999,0.74,0.8,0.3,0.84,3.0500000000000003,0.27,0.8799999999999999,0.7068754076973255,0.38,1.0,0.0,0.7452000000000001,0.27625500528899444,0.37999999962,0.5,0.19093737186117732,0.3902398458166928,True
deeper_boundary_lead,183,0.92,0.9,0.9,0.94,0.74,0.7999999999999999,0.74,0.8,0.3,0.84,3.0500000000000003,0.27,0.8799999999999999,0.7150293542074364,0.38,1.0,0.0,0.7452000000000001,0.27625500528899444,0.37999999962,0.5,0.19088112953810668,0.39022260135843007,True
deeper_boundary_lead,184,0.92,0.9,0.9,0.94,0.74,0.7999999999999999,0.74,0.8,0.3,0.84,3.0500000000000003,0.27,0.8799999999999999,0.7231833007175472,0.38,1.0,0.0,0.7452000000000001,0.27625500528899444,0.37999999962,0.5,0.19082826175442028,0.3902063876292797,True
deeper_boundary_lead,185,0.92,0.9,0.9,0.94,0.74,0.7999999999999999,0.74,0.8,0.3,0.84,3.0500000000000003,0.27,0.8799999999999999,0.7313372472276581,0.38,1.0,0.0,0.7452000000000001,0.27625500528899444,0.37999999962,0.5,0.19077856603775506,0.39019114324213694,True
deeper_boundary_lead,186,0.92,0.9,0.9,0.94,0.74,0.7999999999999999,0.74,0.8,0.3,0.84,3.0500000000000003,0.27,0.8799999999999999,0.739491193737769,0.38,1.0,0.0,0.7452000000000001,0.27625500528899444,0.37999999962,0.5,0.19073185206408974,0.39017681044027125,True
deeper_boundary_lead,187,0.92,0.9,0.9,0.94,0.74,0.7999999999999999,0.74,0.8,0.3,0.84,3.0500000000000003,0.27,0.8799999999999999,0.74764514024788,0.38,1.0,0.0,0.7452000000000001,0.27625500528899444,0.37999999962,0.5,0.19068794092884433,0.3901633348856056,True
deeper_boundary_lead,188,0.92,0.9,0.9,0.94,0.74,0.7999999999999999,0.74,0.8,0.3,0.84,3.0500000000000003,0.27,0.8799999999999999,0.7557990867579908,0.38,1.0,0.0,0.7452000000000001,0.27625500528899444,0.37999999962,0.5,0.19064666446171366,0.3901506654589966,True
deeper_boundary_lead,189,0.92,0.9,0.9,0.94,0.74,0.7999999999999999,0.74,0.8,0.3,0.84,3.0500000000000003,0.27,0.8799999999999999,0.7639530332681018,0.38,1.0,0.0,0.7452000000000001,0.27625500528899444,0.37999999962,0.5,0.19060786458261084,0.3901387540718765,True
deeper_boundary_lead,190,0.92,0.9,0.9,0.94,0.74,0.7999999999999999,0.74,0.8,0.3,0.84,3.0500000000000003,0.27,0.8799999999999999,0.7721069797782126,0.38,1.0,0.0,0.7452000000000001,0.27625500528899444,0.37999999962,0.5,0.19057139269625417,0.3901275554886462,True
deeper_boundary_lead,191,0.92,0.9,0.9,0.94,0.74,0.7999999999999999,0.74,0.8,0.3,0.84,3.0500000000000003,0.27,0.8799999999999999,0.7802609262883236,0.38,1.0,0.0,0.7452000000000001,0.27625500528899444,0.37999999962,0.5,0.19053710912307892,0.39011702715923874,True
deeper_boundary_lead,192,0.92,0.9,0.9,0.94,0.74,0.7999999999999999,0.74,0.8,0.3,0.84,3.0500000000000003,0.27,0.8799999999999999,0.7884148727984344,0.38,1.0,0.0,0.7452000000000001,0.27625500528899444,0.37999999962,0.5,0.19050488256429418,0.39010712906129563,True
deeper_boundary_lead,193,0.92,0.9,0.9,0.94,0.74,0.7999999999999999,0.74,0.8,0.3,0.84,3.0500000000000003,0.27,0.8799999999999999,0.7965688193085453,0.38,1.0,0.0,0.7452000000000001,0.27625500528899444,0.37999999962,0.5,0.19047458959903651,0.3900978235514327,True
deeper_boundary_lead,194,0.92,0.9,0.9,0.94,0.74,0.7999999999999999,0.74,0.8,0.3,0.84,3.0500000000000003,0.27,0.8799999999999999,0.8047227658186561,0.38,1.0,0.0,0.7452000000000001,0.27625500528899444,0.37999999962,0.5,0.19044611421169433,0.3900890752250907,True
deeper_boundary_lead,195,0.92,0.9,0.9,0.94,0.74,0.7999999999999999,0.74,0.8,0.3,0.84,3.0500000000000003,0.27,0.8799999999999999,0.8128767123287671,0.38,1.0,0.0,0.7452000000000001,0.27625500528899444,0.37999999962,0.5,0.19041934734759267,0.39008085078449667,True
deeper_boundary_lead,196,0.92,0.9,0.9,0.94,0.74,0.7999999999999999,0.74,0.8,0.3,0.84,3.0500000000000003,0.27,0.8799999999999999,0.8210306588388779,0.38,1.0,0.0,0.7452000000000001,0.27625500528899444,0.37999999962,0.5,0.1903941864953371,0.3900731189142827,True
deeper_boundary_lead,197,0.92,0.9,0.9,0.94,0.74,0.7999999999999999,0.74,0.8,0.3,0.84,3.0500000000000003,0.27,0.8799999999999999,0.829184605348989,0.38,1.0,0.0,0.7452000000000001,0.27625500528899444,0.37999999962,0.5,0.19037053529421685,0.3900658501643329,True
deeper_boundary_lead,198,0.92,0.9,0.9,0.94,0.74,0.7999999999999999,0.74,0.8,0.3,0.84,3.0500000000000003,0.27,0.8799999999999999,0.83,0.38,1.0,0.0,0.7452000000000001,0.27625500528899444,0.37999999962,0.5,0.19034830316516382,0.3900590168394532,True
deeper_boundary_lead,199,0.92,0.9,0.9,0.94,0.74,0.7999999999999999,0.74,0.8,0.3,0.84,3.0500000000000003,0.27,0.8799999999999999,0.83,0.38,1.0,0.0,0.7452000000000001,0.27625500528899444,0.37999999962,0.5,0.19032740496385397,0.39005259289547717,True
deeper_boundary_lead,200,0.92,0.9,0.9,0.94,0.74,0.7999999999999999,0.74,0.8,0.3,0.84,3.0500000000000003,0.27,0.8799999999999999,0.83,0.38,1.0,0.0,0.7452000000000001,0.27625500528899444,0.37999999962,0.5,0.19030776065462274,0.39004655384144316,True
deeper_boundary_lead,201,0.92,0.9,0.9,0.94,0.74,0.7999999999999999,0.74,0.8,0.3,0.84,3.0500000000000003,0.27,0.8799999999999999,0.83,0.38,1.0,0.0,0.7452000000000001,0.27625500528899444,0.37999999962,0.5,0.19028929500394537,0.3900408766474977,True
deeper_boundary_lead,202,0.92,0.9,0.9,0.94,0.74,0.7999999999999999,0.74,0.8,0.3,0.84,3.0500000000000003,0.27,0.8799999999999999,0.83,0.38,1.0,0.0,0.7452000000000001,0.27625500528899444,0.37999999962,0.5,0.19027193729230865,0.39003553965819787,True
deeper_boundary_lead,203,0.92,0.9,0.9,0.94,0.74,0.7999999999999999,0.74,0.8,0.3,0.84,3.0500000000000003,0.27,0.8799999999999999,0.83,0.38,1.0,0.0,0.7452000000000001,0.27625500528899444,0.37999999962,0.5,0.19025562104337013,0.39003052251090287,True
deeper_boundary_lead,204,0.92,0.9,0.9,0.94,0.74,0.7999999999999999,0.74,0.8,0.3,0.84,3.0500000000000003,0.27,0.8799999999999999,0.83,0.38,1.0,0.0,0.7452000000000001,0.27625500528899444,0.37999999962,0.5,0.1902402837693679,0.3900258060589634,True
deeper_boundary_lead,205,0.92,0.9,0.9,0.94,0.74,0.7999999999999999,0.74,0.8,0.3,0.84,3.0500000000000003,0.27,0.8799999999999999,0.83,0.38,1.0,0.0,0.7452000000000001,0.27625500528899444,0.37999999962,0.5,0.19022586673180583,0.3900213722994314,True
deeper_boundary_lead,206,0.92,0.9,0.9,0.94,0.74,0.7999999999999999,0.74,0.8,0.3,0.84,3.0500000000000003,0.27,0.8799999999999999,0.83,0.38,1.0,0.0,0.7452000000000001,0.27625500528899444,0.37999999962,0.5,0.19021231471649747,0.39001720430503006,True
deeper_boundary_lead,207,0.92,0.9,0.9,0.94,0.74,0.7999999999999999,0.74,0.8,0.3,0.84,3.0500000000000003,0.27,0.8799999999999999,0.83,0.38,1.0,0.0,0.7452000000000001,0.27625500528899444,0.37999999962,0.5,0.1901995758221076,0.3900132861601365,True
deeper_boundary_lead,208,0.92,0.9,0.9,0.94,0.74,0.7999999999999999,0.74,0.8,0.3,0.84,3.0500000000000003,0.27,0.8799999999999999,0.83,0.38,1.0,0.0,0.7452000000000001,0.27625500528899444,0.37999999962,0.5,0.19018760126138115,0.3900096029005451,True
deeper_boundary_lead,209,0.92,0.9,0.9,0.94,0.74,0.7999999999999999,0.74,0.8,0.3,0.84,3.0500000000000003,0.27,0.8799999999999999,0.83,0.38,1.0,0.0,0.7452000000000001,0.27625500528899444,0.37999999962,0.5,0.19017634517429827,0.3900061404567917,True
deeper_boundary_lead,210,0.92,0.9,0.9,0.94,0.74,0.7999999999999999,0.74,0.8,0.3,0.84,3.0500000000000003,0.27,0.8799999999999999,0.83,0.38,1.0,0.0,0.7452000000000001,0.27625500528899444,0.37999999962,0.5,0.19016576445244035,0.3900028856008299,True
deeper_boundary_lead,211,0.92,0.9,0.9,0.94,0.74,0.7999999999999999,0.74,0.8,0.3,0.84,3.0500000000000003,0.27,0.8799999999999999,0.83,0.38,1.0,0.0,0.7452000000000001,0.27625500528899444,0.37999999962,0.5,0.1901558185738939,0.3899998258958661,True
deeper_boundary_lead,212,0.92,0.9,0.9,0.94,0.74,0.7999999999999999,0.74,0.8,0.3,0.84,3.0500000000000003,0.27,0.8799999999999999,0.83,0.38,1.0,0.0,0.7452000000000001,0.27625500528899444,0.37999999962,0.5,0.19014646944806027,0.38999694964916626,True
deeper_boundary_lead,213,0.92,0.9,0.9,0.94,0.74,0.7999999999999999,0.74,0.8,0.3,0.84,3.0500000000000003,0.27,0.8799999999999999,0.83,0.38,1.0,0.0,0.7452000000000001,0.27625500528899444,0.37999999962,0.5,0.19013768126977665,0.38999424586766207,True
deeper_boundary_lead,214,0.92,0.9,0.9,0.94,0.74,0.7999999999999999,0.74,0.8,0.3,0.84,3.0500000000000003,0.27,0.8799999999999999,0.83,0.38,1.0,0.0,0.7452000000000001,0.27625500528899444,0.37999999962,0.5,0.19012942038219005,0.38999170421619167,True
deeper_boundary_lead,215,0.92,0.9,0.9,0.94,0.74,0.7999999999999999,0.74,0.8,0.3,0.84,3.0500000000000003,0.27,0.8799999999999999,0.83,0.38,1.0,0.0,0.7452000000000001,0.27625500528899444,0.37999999962,0.5,0.19012165514785864,0.3899893149782202,True
deeper_boundary_lead,216,0.92,0.9,0.9,0.94,0.74,0.7999999999999999,0.74,0.8,0.3,0.84,3.0500000000000003,0.27,0.8799999999999999,0.83,0.38,1.0,0.0,0.7452000000000001,0.27625500528899444,0.37999999962,0.5,0.19011435582758712,0.3899870690188946,True
deeper_boundary_lead,217,0.92,0.9,0.9,0.94,0.74,0.7999999999999999,0.74,0.8,0.3,0.84,3.0500000000000003,0.27,0.8799999999999999,0.83,0.38,1.0,0.0,0.7452000000000001,0.27625500528899444,0.37999999962,0.5,0.19010749446653188,0.3899849577502951,True
deeper_boundary_lead,218,0.92,0.9,0.9,0.94,0.74,0.7999999999999999,0.74,0.8,0.3,0.84,3.0500000000000003,0.27,0.8799999999999999,0.83,0.38,1.0,0.0,0.7452000000000001,0.27625500528899444,0.37999999962,0.5,0.19010104478713996,0.3899829730987535,True
deeper_boundary_lead,219,0.92,0.9,0.9,0.94,0.74,0.7999999999999999,0.74,0.8,0.3,0.84,3.0500000000000003,0.27,0.8799999999999999,0.83,0.38,1.0,0.0,0.7452000000000001,0.27625500528899444,0.37999999962,0.5,0.19009498208851155,0.3899811074741174,True
