scenario,step,status,mean_agency,mean_presence,mean_damage_q,mean_coherence,mean_selfhood_S,record_integrity,declared_spirit_channel,path_overlap
death_frozen_record,0,alive,0.92,0.06718402678581947,0.3044032344055376,0.3227427135596574,0.1423638778028321,0.5288871372235084,0.0,1.0
death_frozen_record,1,alive,0.92,0.06716681676843246,0.3044032344055376,0.32262095226589516,0.13812183398481087,0.5216327269472391,0.0,1.0
death_frozen_record,2,alive,0.92,0.06714960675104546,0.3044032344055376,0.32249919097213287,0.1340235843233079,0.5146666339376404,0.0,1.0
death_frozen_record,3,alive,0.92,0.06713239673365845,0.3044032344055376,0.3223774296783707,0.13006422892740593,0.5079773255040457,0.0,1.0
death_frozen_record,4,alive,0.92,0.06711518671627144,0.3044032344055376,0.3222556683846085,0.12623903566719044,0.5015537302634149,0.0,1.0
death_frozen_record,5,alive,0.92,0.06709797669888443,0.3044032344055376,0.3221339070908463,0.12254343440159698,0.4953852196880291,0.0,1.0
death_frozen_record,6,alive,0.92,0.0670807666814974,0.3044032344055376,0.32201214579708404,0.1189730114058752,0.4894615903912788,0.0,1.0
death_frozen_record,7,alive,0.92,0.06706355666411039,0.3044032344055376,0.3218903845033218,0.11552350399172957,0.4837730471220185,0.0,1.0
death_frozen_record,8,alive,0.92,0.06704634664672339,0.3044032344055376,0.3217686232095597,0.1121907953134404,0.47831018643914847,0.0,1.0
death_frozen_record,9,alive,0.92,0.06702913662933638,0.3044032344055376,0.3216468619157974,0.10897090935350219,0.47306398103921343,0.0,1.0
death_frozen_record,10,alive,0.92,0.06701192661194935,0.3044032344055376,0.3215251006220352,0.1058600060815423,0.4680257647108956,0.0,1.0
death_frozen_record,11,alive,0.92,0.06699471659456235,0.3044032344055376,0.3214033393282729,0.10285437678050027,0.4631872178913304,0.0,1.0
death_frozen_record,12,alive,0.92,0.06697750657717533,0.3044032344055376,0.3212815780345108,0.09995043953425974,0.4585403538001679,0.0,1.0
death_frozen_record,13,alive,0.92,0.06696029655978832,0.3044032344055376,0.32115981674074856,0.0971447348711256,0.4540775051282718,0.0,1.0
death_frozen_record,14,alive,0.92,0.06694308654240129,0.3044032344055376,0.3210380554469863,0.09443392155773664,0.4497913112588717,0.0,1.0
death_frozen_record,15,alive,0.92,0.06692587652501429,0.3044032344055376,0.3209162941532241,0.09181477253819201,0.44567470599986725,0.0,1.0
death_frozen_record,16,alive,0.92,0.06690866650762728,0.3044032344055376,0.3207945328594619,0.08928417101335147,0.44172090580684314,0.0,1.0
death_frozen_record,17,alive,0.92,0.06689145649024025,0.3044032344055376,0.3206727715656996,0.08683910665544631,0.43792339847716,0.0,1.0
death_frozen_record,18,alive,0.92,0.06687424647285325,0.3044032344055376,0.32055101027193744,0.08447667195330673,0.4342759322962841,0.0,1.0
death_frozen_record,19,alive,0.92,0.06685703645546623,0.3044032344055376,0.32042924897817526,0.08219405868367541,0.43077250561826314,0.0,1.0
death_frozen_record,20,alive,0.92,0.06683982643807923,0.3044032344055376,0.32030748768441303,0.07998855450423473,0.4274073568629831,0.0,1.0
death_frozen_record,21,alive,0.92,0.06682261642069222,0.3044032344055376,0.3201857263906508,0.07785753966412809,0.42417495491353424,0.0,1.0
death_frozen_record,22,alive,0.92,0.06680540640330519,0.3044032344055376,0.3200639650968886,0.07579848382790219,0.4210699898976833,0.0,1.0
death_frozen_record,23,alive,0.92,0.06678819638591818,0.3044032344055376,0.3199422038031264,0.07380894300893927,0.41808736433808635,0.0,1.0
death_frozen_record,24,alive,0.92,0.06677098636853117,0.3044032344055376,0.3198204425093642,0.07188655660858564,0.4152221846564932,0.0,1.0
death_frozen_record,25,alive,0.92,0.06675377635114416,0.3044032344055376,0.31969868121560197,0.07002904455731462,0.41246975301778377,0.0,1.0
death_frozen_record,26,alive,0.92,0.06673656633375714,0.3044032344055376,0.3195769199218397,0.06823420455438925,0.4098255595002428,0.0,1.0
death_frozen_record,27,alive,0.92,0.06671935631637013,0.3044032344055376,0.3194551586280775,0.0664999094026141,0.4072852745790233,0.0,1.0
death_frozen_record,28,alive,0.92,0.06670214629898312,0.3044032344055376,0.3193333973343153,0.06482410443488328,0.4048447419102726,0.0,1.0
death_frozen_record,29,alive,0.92,0.06668493628159611,0.3044032344055376,0.3192116360405531,0.06320480502934704,0.40249997140389193,0.0,1.0
death_frozen_record,30,alive,0.92,0.0666677262642091,0.3044032344055376,0.3190898747467909,0.06164009421012964,0.40024713257338645,0.0,1.0
death_frozen_record,31,alive,0.92,0.06665051624682208,0.3044032344055376,0.3189681134530286,0.06012812033063773,0.3980825481517211,0.0,1.0
death_frozen_record,32,alive,0.92,0.06663330622943507,0.3044032344055376,0.3188463521592664,0.05866709483660208,0.3960026879625424,0.0,1.0
death_frozen_record,33,alive,0.92,0.06661609621204805,0.3044032344055376,0.3187245908655042,0.05725529010609409,0.3940041630365508,0.0,1.0
death_frozen_record,34,alive,0.92,0.06659888619466105,0.3044032344055376,0.318602829571742,0.055891037363855076,0.3920837199632188,0.0,1.0
death_frozen_record,35,alive,0.92,0.06658167617727404,0.3044032344055376,0.3184810682779798,0.05457272466736848,0.3902382354684401,0.0,1.0
death_frozen_record,36,alive,0.92,0.06656446615988701,0.3044032344055376,0.3183593069842176,0.05329879496219478,0.38846471120907256,0.0,1.0
death_frozen_record,37,alive,0.92,0.06654725614250001,0.3044032344055376,0.31823754569045537,0.0520677442041746,0.3867602687756996,0.0,1.0
death_frozen_record,38,alive,0.92,0.066530046125113,0.3044032344055376,0.3181157843966931,0.0508781195461895,0.3851221448952816,0.0,1.0
death_frozen_record,39,alive,0.92,0.06651283610772599,0.3044032344055376,0.3179940231029309,0.04972851758724933,0.38354768682570023,0.0,1.0
death_frozen_record,40,alive,0.92,0.06649562609033896,0.3044032344055376,0.3178722618091687,0.04861758268175309,0.3820343479345221,0.0,1.0
death_frozen_record,41,alive,0.92,0.06647841607295195,0.3044032344055376,0.3177505005154065,0.047544005306844904,0.38057968345461113,0.0,1.0
death_frozen_record,42,alive,0.92,0.06646120605556494,0.3044032344055376,0.31762873922164425,0.04650652048585869,0.37918134640951656,0.0,1.0
death_frozen_record,43,alive,0.92,0.06644399603817792,0.3044032344055376,0.3175069779278821,0.045503906265914974,0.3778370837018457,0.0,1.0
death_frozen_record,44,alive,0.92,0.06642678602079091,0.3044032344055376,0.31738521663411984,0.04453498224780036,0.3765447323581017,0.0,1.0
death_frozen_record,45,alive,0.92,0.0664095760034039,0.3044032344055376,0.31726345534035766,0.04359860816632527,0.37530221592372737,0.0,1.0
death_frozen_record,46,alive,0.92,0.06639236598601689,0.3044032344055376,0.3171416940465954,0.04269368251941769,0.37410754100234805,0.0,1.0
death_frozen_record,47,alive,0.92,0.06637515596862988,0.3044032344055376,0.3170199327528332,0.04181914124427171,0.37295879393344383,0.0,1.0
death_frozen_record,48,alive,0.92,0.06635794595124286,0.3044032344055376,0.31689817145907095,0.040973956438927546,0.3718541376029158,0.0,1.0
death_frozen_record,49,alive,0.92,0.06634073593385584,0.3044032344055376,0.31677641016530883,0.04015713512771601,0.37079180838122877,0.0,1.0
death_frozen_record,50,alive,0.92,0.06632352591646883,0.3044032344055376,0.31665464887154654,0.03936771806905501,0.3697701131840293,0.0,1.0
death_frozen_record,51,alive,0.92,0.06630631589908181,0.3044032344055376,0.3165328875777843,0.038604778604137725,0.3687874266503377,0.0,1.0
death_frozen_record,52,alive,0.92,0.0662891058816948,0.3044032344055376,0.3164111262840221,0.03786742154510315,0.36784218843361377,0.0,1.0
death_frozen_record,53,alive,0.92,0.0662718958643078,0.3044032344055376,0.3162893649902599,0.03715478210132786,0.3669329006011787,0.0,1.0
death_frozen_record,54,alive,0.92,0.06625468584692079,0.3044032344055376,0.31616760369649766,0.036466024842525875,0.3660581251376611,0.0,1.0
death_frozen_record,55,alive,0.92,0.06623747582953377,0.3044032344055376,0.31604584240273553,0.03580034269738815,0.3652164815483042,0.0,1.0
death_frozen_record,56,alive,0.92,0.06622026581214675,0.3044032344055376,0.3159240811089733,0.03515695598653777,0.36440664455814153,0.0,1.0
death_frozen_record,57,alive,0.92,0.06620305579475975,0.3044032344055376,0.31580231981521106,0.034535111488618805,0.36362734190320534,0.0,1.0
death_frozen_record,58,alive,0.92,0.06618584577737273,0.3044032344055376,0.31568055852144883,0.033934081538378215,0.3628773522100865,0.0,1.0
death_frozen_record,59,alive,0.92,0.06616863575998573,0.3044032344055376,0.3155587972276866,0.03335316315563908,0.3621555029603124,0.0,1.0
death_frozen_record,60,alive,0.92,0.06615142574259872,0.3044032344055376,0.3154370359339244,0.032791677204102164,0.36146066853614933,0.0,1.0
death_frozen_record,61,alive,0.92,0.06613421572521169,0.3044032344055376,0.31531527464016224,0.03224896757894909,0.3607917683445726,0.0,1.0
death_frozen_record,62,alive,0.92,0.06611700570782468,0.3044032344055376,0.3151935133464,0.0317244004222562,0.36014776501627904,0.0,1.0
death_frozen_record,63,alive,0.92,0.06609979569043767,0.3044032344055376,0.3150717520526377,0.03121736336526236,0.35952766267673714,0.0,1.0
death_frozen_record,64,alive,0.92,0.06608258567305066,0.3044032344055376,0.3149499907588755,0.03072726479656712,0.3589305052863969,0.0,1.0
death_frozen_record,65,alive,0.92,0.06606537565566364,0.3044032344055376,0.3148282294651133,0.03025353315536736,0.35835537504729026,0.0,1.0
death_frozen_record,66,alive,0.92,0.06604816563827662,0.3044032344055376,0.3147064681713511,0.02979561624887167,0.3578013908733678,0.0,1.0
death_frozen_record,67,alive,0.92,0.06603095562088962,0.3044032344055376,0.31458470687758894,0.029352980593061274,0.35726770692202225,0.0,1.0
death_frozen_record,68,alive,0.92,0.06601374560350261,0.3044032344055376,0.31446294558382665,0.028925110775994984,0.35675351118435045,0.0,1.0
death_frozen_record,69,alive,0.92,0.0659965355861156,0.3044032344055376,0.31434118429006447,0.02851150884288363,0.35625802413180563,0.0,1.0
death_frozen_record,70,alive,0.92,0.06597932556872858,0.3044032344055376,0.3142194229963022,0.02811169370218582,0.3557804974169825,0.0,1.0
death_frozen_record,71,alive,0.92,0.06596211555134156,0.3044032344055376,0.31409766170254,0.0277252005520031,0.35532021262637226,0.0,1.0
death_frozen_record,72,alive,0.92,0.06594490553395455,0.3044032344055376,0.3139759004087778,0.027351580326077166,0.3548764800830063,0.0,1.0
death_frozen_record,73,alive,0.92,0.06592769551656753,0.3044032344055376,0.31385413911501564,0.026990399158716018,0.3544486376969951,0.0,1.0
death_frozen_record,74,alive,0.92,0.06591048549918052,0.3044032344055376,0.31373237782125335,0.02664123786799932,0.35403604986204423,0.0,1.0
death_frozen_record,75,alive,0.92,0.06589327548179351,0.3044032344055376,0.31361061652749117,0.02630369145663525,0.3536381063961114,0.0,1.0
death_frozen_record,76,alive,0.92,0.0658760654644065,0.3044032344055376,0.313488855233729,0.025977368629863162,0.3532542215244359,0.0,1.0
death_frozen_record,77,alive,0.92,0.06585885544701948,0.3044032344055376,0.3133670939399667,0.02566189132981711,0.3528838329032473,0.0,1.0
death_frozen_record,78,alive,0.92,0.06584164542963247,0.3044032344055376,0.3132453326462045,0.025356894285785556,0.35252640068252633,0.0,1.0
death_frozen_record,79,alive,0.92,0.06582443541224546,0.3044032344055376,0.31312357135244223,0.025062024579821703,0.3521814066062541,0.0,1.0
death_frozen_record,80,alive,0.92,0.06580722539485845,0.3044032344055376,0.31300181005868005,0.024776941227178363,0.3518483531486528,0.0,1.0
death_frozen_record,81,alive,0.92,0.06579001537747145,0.3044032344055376,0.3128800487649179,0.024501314771058706,0.3515267626849754,0.0,1.0
death_frozen_record,82,alive,0.92,0.06577280536008441,0.3044032344055376,0.3127582874711557,0.0242348268911922,0.3512161766954652,0.0,1.0
death_frozen_record,83,alive,0.92,0.06575559534269741,0.3044032344055376,0.3126365261773934,0.02397717002576188,0.35091615500115525,0.0,1.0
death_frozen_record,84,alive,0.92,0.0657383853253104,0.3044032344055376,0.3125147648836312,0.023728047006225217,0.3506262750302377,0.0,1.0
death_frozen_record,85,alive,0.92,0.06572117530792339,0.3044032344055376,0.312393003589869,0.023487170704586908,0.3503461311137769,0.0,1.0
death_frozen_record,86,alive,0.92,0.06570396529053638,0.3044032344055376,0.31227124229610675,0.023254263692696956,0.35007533380959444,0.0,1.0
death_frozen_record,87,alive,0.92,0.06568675527314936,0.3044032344055376,0.3121494810023446,0.023029057913161975,0.3498135092531994,0.0,1.0
death_frozen_record,88,alive,0.92,0.06566954525576234,0.3044032344055376,0.3120277197085823,0.022811294361472223,0.34956029853467996,0.0,1.0
death_frozen_record,89,alive,0.92,0.06565233523837534,0.3044032344055376,0.3119059584148201,0.022600722778960133,0.3493153571005213,0.0,1.0
death_frozen_record,90,alive,0.92,0.06563512522098833,0.3044032344055376,0.3117841971210579,0.02239710135621951,0.34907835417934896,0.0,1.0
death_frozen_record,91,alive,0.92,0.0656179152036013,0.3044032344055376,0.3116624358272957,0.022200196446627487,0.34884897223064354,0.0,1.0
death_frozen_record,92,alive,0.92,0.06560070518621429,0.3044032344055376,0.3115406745335335,0.02200978228962325,0.3486269064155062,0.0,1.0
death_frozen_record,93,alive,0.92,0.06558349516882728,0.3044032344055376,0.31141891323977133,0.021825640743409837,0.3484118640885944,0.0,1.0
death_frozen_record,94,alive,0.92,0.06556628515144027,0.3044032344055376,0.31129715194600904,0.021647561026756586,0.3482035643103791,0.0,1.0
death_frozen_record,95,alive,0.92,0.06554907513405325,0.3044032344055376,0.3111753906522468,0.02147533946959083,0.3480017373789123,0.0,1.0
death_frozen_record,96,alive,0.92,0.06553186511666624,0.3044032344055376,0.31105362935848463,0.021308779272078446,0.3478061243803241,0.0,1.0
death_frozen_record,97,alive,0.92,0.06551465509927923,0.3044032344055376,0.3109318680647224,0.021147690271902726,0.34761647675729956,0.0,1.0
death_frozen_record,98,alive,0.92,0.06549744508189222,0.3044032344055376,0.3108101067709602,0.020991888719461515,0.3474325558948159,0.0,1.0
death_frozen_record,99,alive,0.92,0.06548023506450519,0.3044032344055376,0.310688345477198,0.020841197060711754,0.34725413272245154,0.0,1.0
death_frozen_record,100,alive,0.92,0.06546302504711819,0.3044032344055376,0.31056658418343575,0.020695443727400245,0.34708098733260173,0.0,1.0
death_frozen_record,101,alive,0.92,0.06544581502973118,0.3044032344055376,0.3104448228896735,0.020554462934428055,0.34691290861396595,0.0,1.0
death_frozen_record,102,alive,0.92,0.06542860501234417,0.3044032344055376,0.31032306159591133,0.020418094484104976,0.34674969389969545,0.0,1.0
death_frozen_record,103,alive,0.92,0.06541139499495716,0.3044032344055376,0.3102013003021491,0.020286183577058636,0.3465911486296158,0.0,1.0
death_frozen_record,104,alive,0.92,0.06539418497757013,0.3044032344055376,0.3100795390083869,0.02015858062957092,0.3464370860259593,0.0,1.0
death_frozen_record,105,alive,0.92,0.06537697496018312,0.3044032344055376,0.3099577777146247,0.020035141097122334,0.346287326782069,0.0,1.0
death_frozen_record,106,alive,0.92,0.06535976494279612,0.3044032344055376,0.30983601642086245,0.01991572530393229,0.3461416987635544,0.0,1.0
death_frozen_record,107,alive,0.92,0.0653425549254091,0.3044032344055376,0.30971425512710027,0.019800198278290625,0.34600003672140023,0.0,1.0
death_frozen_record,108,alive,0.92,0.06532534490802208,0.3044032344055376,0.30959249383333803,0.019688429593482715,0.34586218201655233,0.0,1.0
death_frozen_record,109,alive,0.92,0.06530813489063508,0.3044032344055376,0.3094707325395758,0.019580293214117344,0.3457279823555182,0.0,1.0
death_frozen_record,110,alive,0.92,0.06529092487324806,0.3044032344055376,0.3093489712458136,0.019475667347672934,0.3455972915365455,0.0,1.0
death_frozen_record,111,alive,0.92,0.06527371485586105,0.3044032344055376,0.3092272099520514,0.019374434301084126,0.34546996920595163,0.0,1.0
death_frozen_record,112,alive,0.92,0.06525650483847403,0.3044032344055376,0.3091054486582891,0.019276480342196846,0.34534588062420146,0.0,1.0
death_frozen_record,113,alive,0.92,0.06523929482108702,0.3044032344055376,0.30898368736452697,0.019181695565925805,0.3452248964413413,0.0,1.0
death_frozen_record,114,alive,0.92,0.06522208480370001,0.3044032344055376,0.30886192607076474,0.019089973764954048,0.3451068924814156,0.0,1.0
death_frozen_record,115,alive,0.92,0.065204874786313,0.3044032344055376,0.3087401647770025,0.019001212304819843,0.34499174953550676,0.0,1.0
death_frozen_record,116,alive,0.92,0.06518766476892598,0.3044032344055376,0.3086184034832403,0.018915312003241244,0.3448793531630543,0.0,1.0
death_frozen_record,117,alive,0.92,0.06517045475153897,0.3044032344055376,0.30849664218947814,0.01883217701353393,0.34476959350111996,0.0,1.0
death_frozen_record,118,alive,0.92,0.06515324473415196,0.3044032344055376,0.3083748808957158,0.018751714711982947,0.3446623650812829,0.0,1.0
death_frozen_record,119,alive,0.92,0.06513603471676495,0.3044032344055376,0.3082531196019537,0.018673835589033558,0.34455756665385934,0.0,1.0
death_frozen_record,120,alive,0.92,0.06511882469937792,0.3044032344055376,0.30813135830819144,0.018598453144171138,0.3444551010191526,0.0,1.0
death_frozen_record,121,alive,0.92,0.06510161468199091,0.3044032344055376,0.3080095970144292,0.018525483784364475,0.34435487486545424,0.0,1.0
death_frozen_record,122,alive,0.92,0.06508440466460391,0.3044032344055376,0.307887835720667,0.018454846725951213,0.3442567986135237,0.0,1.0
death_frozen_record,123,alive,0.92,0.06506719464721689,0.3044032344055376,0.30776607442690485,0.01838646389984812,0.34416078626729035,0.0,1.0
death_frozen_record,124,alive,0.92,0.06504998462982989,0.3044032344055376,0.30764431313314256,0.01832025985997312,0.3440667552705264,0.0,1.0
death_frozen_record,125,alive,0.92,0.06503277461244288,0.3044032344055376,0.3075225518393803,0.018256161694769735,0.3439746263692529,0.0,1.0
death_frozen_record,126,alive,0.92,0.06501556459505585,0.3044032344055376,0.30740079054561814,0.018194098941728375,0.3438843234796503,0.0,1.0
death_frozen_record,127,alive,0.92,0.06499835457766884,0.3044032344055376,0.3072790292518559,0.018134003504802505,0.3437957735612518,0.0,1.0
death_frozen_record,128,alive,0.92,0.06498114456028184,0.3044032344055376,0.3071572679580937,0.018075809574621217,0.34370890649520924,0.0,1.0
death_frozen_record,129,alive,0.92,0.06496393454289481,0.3044032344055376,0.30703550666433155,0.01801945355140317,0.34362365496742836,0.0,1.0
death_frozen_record,130,alive,0.92,0.0649467245255078,0.3044032344055376,0.3069137453705693,0.017964873970479873,0.3435399543563786,0.0,1.0
death_frozen_record,131,alive,0.92,0.0649295145081208,0.3044032344055376,0.3067919840768071,0.01791201143033977,0.34345774262539086,0.0,1.0
death_frozen_record,132,alive,0.92,0.06491230449073376,0.3044032344055376,0.30667022278304484,0.01786080852310736,0.3433769602192626,0.0,1.0
death_frozen_record,133,alive,0.92,0.06489509447334676,0.3044032344055376,0.30654846148928266,0.0178112097673745,0.34329754996499945,0.0,1.0
death_frozen_record,134,alive,0.92,0.06487788445595975,0.3044032344055376,0.30642670019552043,0.01776316154330416,0.34321945697652684,0.0,1.0
death_frozen_record,135,alive,0.92,0.06486067443857274,0.3044032344055376,0.30630493890175825,0.017716612029929222,0.34314262856321304,0.0,1.0
death_frozen_record,136,alive,0.92,0.06484346442118573,0.3044032344055376,0.30618317760799596,0.017671511144571824,0.34306701414205176,0.0,1.0
death_frozen_record,137,alive,0.92,0.0648262544037987,0.3044032344055376,0.3060614163142338,0.017627810484311286,0.34299256515335697,0.0,1.0
death_frozen_record,138,alive,0.92,0.06480904438641169,0.3044032344055376,0.3059396550204715,0.017585463269430907,0.34291923497982985,0.0,1.0
death_frozen_record,139,alive,0.92,0.06479183436902469,0.3044032344055376,0.3058178937267093,0.01754442428877658,0.3428469788688639,0.0,1.0
death_frozen_record,140,alive,0.92,0.06477462435163767,0.3044032344055376,0.30569613243294713,0.017504649846962213,0.34277575385795644,0.0,1.0
death_frozen_record,141,alive,0.92,0.06475741433425067,0.3044032344055376,0.30557437113918495,0.017466097713359344,0.34270551870310534,0.0,1.0
death_frozen_record,142,alive,0.92,0.06474020431686363,0.3044032344055376,0.3054526098454227,0.0174287270728103,0.3426362338100682,0.0,1.0
death_frozen_record,143,alive,0.92,0.06472299429947663,0.3044032344055376,0.3053308485516604,0.01739249847800652,0.34256786116837257,0.0,1.0
death_frozen_record,144,alive,0.92,0.06470578428208962,0.3044032344055376,0.3052090872578982,0.017357373803475476,0.34250036428796476,0.0,1.0
death_frozen_record,145,alive,0.92,0.0646885742647026,0.3044032344055376,0.305087325964136,0.01732331620112166,0.34243370813839313,0.0,1.0
death_frozen_record,146,alive,0.92,0.0646713642473156,0.3044032344055376,0.30496556467037383,0.01729029005726886,0.34236785909042444,0.0,1.0
death_frozen_record,147,alive,0.92,0.06465415422992858,0.3044032344055376,0.30484380337661166,0.017258260951152907,0.3423027848599943,0.0,1.0
death_frozen_record,148,alive,0.92,0.06463694421254157,0.3044032344055376,0.3047220420828494,0.017227195614815657,0.34223845445440154,0.0,1.0
death_frozen_record,149,alive,0.92,0.06461973419515456,0.3044032344055376,0.3046002807890872,0.017197061894352692,0.3421748381206524,0.0,1.0
death_frozen_record,150,alive,0.92,0.06460252417776755,0.3044032344055376,0.3044785194953249,0.017167828712468858,0.34211190729587315,0.0,1.0
death_frozen_record,151,alive,0.92,0.06458531416038053,0.3044032344055376,0.3043567582015627,0.01713946603229739,0.34204963455970516,0.0,1.0
death_frozen_record,152,alive,0.92,0.06456810414299352,0.3044032344055376,0.30423499690780054,0.017111944822439683,0.3419879935886038,0.0,1.0
death_frozen_record,153,alive,0.92,0.0645508941256065,0.3044032344055376,0.30411323561403836,0.017085237023184437,0.34192695911196636,0.0,1.0
death_frozen_record,154,alive,0.92,0.0645336841082195,0.3044032344055376,0.3039914743202761,0.01705931551386621,0.3418665068700144,0.0,1.0
death_frozen_record,155,alive,0.92,0.06451647409083248,0.3044032344055376,0.30386971302651394,0.01703415408132476,0.3418066135733607,0.0,1.0
death_frozen_record,156,alive,0.92,0.06449926407344547,0.3044032344055376,0.3037479517327517,0.01700972738942793,0.34174725686419294,0.0,1.0
death_frozen_record,157,alive,0.92,0.06448205405605846,0.3044032344055376,0.3036261904389894,0.016986010949622054,0.3416884152790119,0.0,1.0
death_frozen_record,158,alive,0.92,0.06446484403867145,0.3044032344055376,0.30350442914522724,0.016962981092475075,0.3416300682128582,0.0,1.0
death_frozen_record,159,alive,0.92,0.06444763402128442,0.3044032344055376,0.303382667851465,0.0169406149401788,0.3415721958849704,0.0,1.0
death_frozen_record,160,alive,0.92,0.06443042400389741,0.3044032344055376,0.3032609065577028,0.016918890379977854,0.3415147793058182,0.0,1.0
death_frozen_record,161,alive,0.92,0.0644132139865104,0.3044032344055376,0.3031391452639406,0.016897786038493876,0.341457800245452,0.0,1.0
death_frozen_record,162,alive,0.92,0.06439600396912339,0.3044032344055376,0.30301738397017836,0.016877281256914813,0.3414012412031205,0.0,1.0
death_frozen_record,163,alive,0.92,0.06437879395173637,0.3044032344055376,0.3028956226764162,0.016857356067019894,0.34134508537810226,0.0,1.0
death_frozen_record,164,alive,0.92,0.06436158393434938,0.3044032344055376,0.30277386138265394,0.01683799116801216,0.34128931664170464,0.0,1.0
death_frozen_record,165,alive,0.92,0.06434437391696235,0.3044032344055376,0.3026521000888917,0.016819167904131124,0.3412339195103829,0.0,1.0
death_frozen_record,166,alive,0.92,0.06432716389957534,0.3044032344055376,0.3025303387951295,0.01680086824301925,0.341178879119934,0.0,1.0
death_frozen_record,167,alive,0.92,0.06430995388218833,0.3044032344055376,0.3024085775013673,0.016783074754816767,0.3411241812007231,0.0,1.0
death_frozen_record,168,alive,0.92,0.06429274386480131,0.3044032344055376,0.30228681620760506,0.016765770591960126,0.3410698120539006,0.0,1.0
death_frozen_record,169,alive,0.92,0.0642755338474143,0.3044032344055376,0.3021650549138428,0.01674893946966043,0.3410157585285709,0.0,1.0
death_frozen_record,170,alive,0.92,0.06425832383002729,0.3044032344055376,0.30204329362008064,0.016732565647038764,0.34096200799987436,0.0,1.0
death_frozen_record,171,alive,0.92,0.06424111381264028,0.3044032344055376,0.3019215323263184,0.01671663390889627,0.34090854834794565,0.0,1.0
death_frozen_record,172,alive,0.92,0.06422390379525325,0.3044032344055376,0.30179977103255623,0.016701129548097538,0.3408553679377142,0.0,1.0
death_frozen_record,173,alive,0.92,0.06420669377786624,0.3044032344055376,0.30167800973879405,0.01668603834854655,0.3408024555995119,0.0,1.0
death_frozen_record,174,alive,0.92,0.06418948376047923,0.3044032344055376,0.3015562484450317,0.016671346568735222,0.34074980061045756,0.0,1.0
death_frozen_record,175,alive,0.92,0.06417227374309221,0.3044032344055376,0.3014344871512695,0.016657040925845145,0.34069739267658544,0.0,1.0
death_frozen_record,176,alive,0.92,0.0641550637257052,0.3044032344055376,0.30131272585750735,0.01664310858038393,0.34064522191568825,0.0,1.0
death_frozen_record,177,alive,0.92,0.06413785370831819,0.3044032344055376,0.3011909645637451,0.016629537121338012,0.3405932788408469,0.0,1.0
death_frozen_record,178,alive,0.92,0.06412064369093119,0.3044032344055376,0.30106920326998293,0.01661631455182458,0.3405415543446191,0.0,1.0
death_frozen_record,179,alive,0.92,0.06410343367354417,0.3044032344055376,0.30094744197622075,0.01660342927522569,0.34049003968386043,0.0,1.0
death_frozen_record,180,alive,0.92,0.06408622365615715,0.3044032344055376,0.3008256806824585,0.01659087008178839,0.340438726465152,0.0,1.0
death_frozen_record,181,alive,0.92,0.06406901363877014,0.3044032344055376,0.3007039193886963,0.016578626135675067,0.34038760663081197,0.0,1.0
death_frozen_record,182,alive,0.92,0.06405180362138313,0.3044032344055376,0.30058215809493405,0.01656668696244883,0.34033667244546545,0.0,1.0
death_frozen_record,183,alive,0.92,0.06403459360399612,0.3044032344055376,0.3004603968011718,0.016555042436979302,0.3402859164831529,0.0,1.0
death_frozen_record,184,alive,0.92,0.0640173835866091,0.3044032344055376,0.30033863550740963,0.016543682771754612,0.3402353316149526,0.0,1.0
death_frozen_record,185,alive,0.92,0.0640001735692221,0.3044032344055376,0.30021687421364746,0.016532598505585888,0.34018491099710046,0.0,1.0
death_frozen_record,186,alive,0.92,0.0639829635518351,0.3044032344055376,0.3000951129198852,0.016521780492691013,0.3401346480595823,0.0,1.0
death_frozen_record,187,alive,0.92,0.06396575353444806,0.3044032344055376,0.29997335162612293,0.016511219892144914,0.34008453649518494,0.0,1.0
death_frozen_record,188,alive,0.92,0.06394854351706106,0.3044032344055376,0.29985159033236075,0.01650090815768394,0.34003457024898337,0.0,1.0
death_frozen_record,189,alive,0.92,0.06393133349967405,0.3044032344055376,0.2997298290385985,0.016490837027852482,0.33998474350824986,0.0,1.0
death_frozen_record,190,alive,0.92,0.06391412348228703,0.3044032344055376,0.29960806774483634,0.01648099851648025,0.33993505069276553,0.0,1.0
death_frozen_record,191,alive,0.92,0.06389691346490002,0.3044032344055376,0.2994863064510741,0.016471384903479096,0.3398854864455207,0.0,1.0
death_frozen_record,192,alive,0.92,0.063879703447513,0.3044032344055376,0.2993645451573119,0.016461988725948604,0.3398360456237856,0.0,1.0
death_frozen_record,193,alive,0.92,0.06386249343012598,0.3044032344055376,0.29924278386354963,0.016452802769580038,0.3397867232905399,0.0,1.0
death_frozen_record,194,alive,0.92,0.06384528341273898,0.3044032344055376,0.29912102256978745,0.016443820060348658,0.33973751470624397,0.0,1.0
death_frozen_record,195,alive,0.92,0.06382807339535196,0.3044032344055376,0.2989992612760252,0.0164350338564846,0.3396884153209399,0.0,1.0
death_frozen_record,196,alive,0.92,0.06381086337796496,0.3044032344055376,0.29887749998226304,0.016426437640713044,0.33963942076666787,0.0,1.0
death_frozen_record,197,alive,0.92,0.06379365336057793,0.3044032344055376,0.2987557386885008,0.016418025112754503,0.3395905268501867,0.0,1.0
death_frozen_record,198,alive,0.92,0.06377644334319092,0.3044032344055376,0.29863397739473857,0.016409790182076608,0.3395417295459849,0.0,1.0
death_frozen_record,199,alive,0.92,0.06375923332580391,0.3044032344055376,0.2985122161009764,0.01640172696088876,0.33949302498957096,0.0,1.0
death_frozen_record,200,alive,0.92,0.0637420233084169,0.3044032344055376,0.29839045480721416,0.016393829757371633,0.33944440947103366,0.0,1.0
death_frozen_record,201,alive,0.92,0.06372481329102989,0.3044032344055376,0.2982686935134519,0.016386093069133568,0.33939587942885774,0.0,1.0
death_frozen_record,202,alive,0.92,0.06370760327364287,0.3044032344055376,0.29814693221968974,0.016378511576886152,0.33934743144398893,0.0,1.0
death_frozen_record,203,alive,0.92,0.06369039325625585,0.3044032344055376,0.29802517092592756,0.016371080138331752,0.33929906223413475,0.0,1.0
death_frozen_record,204,alive,0.92,0.06367318323886884,0.3044032344055376,0.29790340963216533,0.01636379378225577,0.33925076864829484,0.0,1.0
death_frozen_record,205,alive,0.92,0.06365597322148182,0.3044032344055376,0.2977816483384031,0.016356647702816772,0.3392025476615083,0.0,1.0
death_frozen_record,206,alive,0.92,0.06363876320409483,0.3044032344055376,0.2976598870446408,0.01634963725402784,0.33915439636981337,0.0,1.0
death_frozen_record,207,alive,0.92,0.06362155318670781,0.3044032344055376,0.2975381257508786,0.016342757944422713,0.33910631198540614,0.0,1.0
death_frozen_record,208,alive,0.92,0.06360434316932079,0.3044032344055376,0.29741636445711644,0.01633600543190053,0.3390582918319952,0.0,1.0
death_frozen_record,209,alive,0.92,0.06358713315193379,0.3044032344055376,0.29729460316335427,0.016329375518743094,0.33901033334034064,0.0,1.0
death_frozen_record,210,alive,0.92,0.06356992313454676,0.3044032344055376,0.29717284186959203,0.016322864146799013,0.33896243404397225,0.0,1.0
death_frozen_record,211,alive,0.92,0.06355271311715975,0.3044032344055376,0.2970510805758298,0.016316467392828923,0.3389145915750785,0.0,1.0
death_frozen_record,212,alive,0.92,0.06353550309977275,0.3044032344055376,0.2969293192820676,0.01631018146400653,0.3388668036605606,0.0,1.0
death_frozen_record,213,alive,0.92,0.06351829308238573,0.3044032344055376,0.2968075579883053,0.016304002693570196,0.3388190681182433,0.0,1.0
death_frozen_record,214,alive,0.92,0.06350108306499871,0.3044032344055376,0.29668579669454315,0.01629792753661995,0.3387713828532387,0.0,1.0
death_frozen_record,215,alive,0.92,0.0634838730476117,0.3044032344055376,0.29656403540078097,0.016291952566055142,0.33872374585445425,0.0,1.0
death_frozen_record,216,alive,0.92,0.06346666303022469,0.3044032344055376,0.29644227410701873,0.016286074468647962,0.3386761551912411,0.0,1.0
death_frozen_record,217,alive,0.92,0.06344945301283768,0.3044032344055376,0.29632051281325655,0.016280290041248233,0.3386286090101766,0.0,1.0
death_frozen_record,218,alive,0.92,0.06343224299545067,0.3044032344055376,0.2961987515194942,0.016274596187115173,0.33858110553197446,0.0,1.0
death_frozen_record,219,alive,0.92,0.06341503297806364,0.3044032344055376,0.29607699022573203,0.016268989912371752,0.33853364304852046,0.0,1.0
death_frozen_record,220,alive,0.92,0.06339782296067664,0.3044032344055376,0.29595522893196985,0.016263468322577614,0.33848621992002464,0.0,1.0
death_frozen_record,221,alive,0.92,0.06338061294328963,0.3044032344055376,0.29583346763820767,0.016258028619416512,0.33843883457228857,0.0,1.0
death_frozen_record,222,alive,0.92,0.06336340292590262,0.3044032344055376,0.29571170634444544,0.01625266809749452,0.3383914854940819,0.0,1.0
death_frozen_record,223,alive,0.92,0.0633461929085156,0.3044032344055376,0.2955899450506832,0.016247384141245175,0.3383441712346235,0.0,1.0
death_frozen_record,224,alive,0.92,0.0633289828911286,0.3044032344055376,0.295468183756921,0.01624217422193808,0.3382968904011634,0.0,1.0
death_frozen_record,225,alive,0.92,0.06331177287374157,0.3044032344055376,0.2953464224631588,0.016237035894787425,0.3382496416566617,0.0,1.0
death_frozen_record,226,alive,0.92,0.06329456285635456,0.3044032344055376,0.29522466116939655,0.016231966796157103,0.33820242371756,0.0,1.0
death_frozen_record,227,alive,0.92,0.06327735283896754,0.3044032344055376,0.2951028998756344,0.01622696464085919,0.3381552353516424,0.0,1.0
death_frozen_record,228,alive,0.92,0.06326014282158055,0.3044032344055376,0.29498113858187214,0.016222027219542644,0.3381080753759813,0.0,1.0
death_frozen_record,229,alive,0.92,0.06324293280419352,0.3044032344055376,0.2948593772881099,0.016217152396169204,0.3380609426549669,0.0,1.0
death_frozen_record,230,alive,0.92,0.0632257227868065,0.3044032344055376,0.2947376159943476,0.016212338105573557,0.3380138360984128,0.0,1.0
death_frozen_record,231,alive,0.92,0.0632085127694195,0.3044032344055376,0.29461585470058543,0.016207582351105,0.33796675465974096,0.0,1.0
death_frozen_record,232,alive,0.92,0.06319130275203248,0.3044032344055376,0.29449409340682325,0.016202883202347765,0.33791969733423594,0.0,1.0
death_frozen_record,233,alive,0.92,0.06317409273464547,0.3044032344055376,0.294372332113061,0.016198238792917513,0.33787266315737113,0.0,1.0
death_frozen_record,234,alive,0.92,0.06315688271725846,0.3044032344055376,0.29425057081929884,0.016193647318331277,0.33782565120320085,0.0,1.0
death_frozen_record,235,alive,0.92,0.06313967269987145,0.3044032344055376,0.29412880952553666,0.016189107033948578,0.33777866058281736,0.0,1.0
death_frozen_record,236,alive,0.92,0.06312246268248443,0.3044032344055376,0.29400704823177437,0.01618461625298117,0.33773169044286916,0.0,1.0
death_frozen_record,237,alive,0.92,0.06310525266509742,0.3044032344055376,0.29388528693801214,0.01618017334456918,0.33768473996413895,0.0,1.0
death_frozen_record,238,alive,0.92,0.06308804264771041,0.3044032344055376,0.29376352564424996,0.016175776731921533,0.3376378083601778,0.0,1.0
death_frozen_record,239,alive,0.92,0.0630708326303234,0.3044032344055376,0.2936417643504877,0.016171424890518215,0.3375908948759951,0.0,1.0
death_frozen_record,240,alive,0.92,0.06305362261293639,0.3044032344055376,0.29352000305672554,0.016167116346372676,0.33754399878679975,0.0,1.0
death_frozen_record,241,alive,0.92,0.06303641259554936,0.3044032344055376,0.29339824176296336,0.01616284967435206,0.3374971193967921,0.0,1.0
death_frozen_record,242,alive,0.92,0.06301920257816235,0.3044032344055376,0.2932764804692011,0.016158623496553486,0.3374502560380048,0.0,1.0
death_frozen_record,243,alive,0.92,0.06300199256077534,0.3044032344055376,0.29315471917543884,0.016154436480734467,0.33740340806918884,0.0,1.0
death_frozen_record,244,alive,0.92,0.06298478254338834,0.3044032344055376,0.29303295788167666,0.016150287338795602,0.33735657487474563,0.0,1.0
death_frozen_record,245,alive,0.92,0.06296757252600131,0.3044032344055376,0.2929111965879144,0.016146174825313934,0.3373097558637001,0.0,1.0
death_frozen_record,246,alive,0.92,0.0629503625086143,0.3044032344055376,0.29278943529415224,0.016142097736125075,0.33726295046871635,0.0,1.0
death_frozen_record,247,alive,0.92,0.06293315249122729,0.3044032344055376,0.29266767400039,0.01613805490695268,0.3372161581451519,0.0,1.0
death_frozen_record,248,alive,0.92,0.06291594247384028,0.3044032344055376,0.2925459127066279,0.01613404521208352,0.33716937837015,0.0,1.0
death_frozen_record,249,alive,0.92,0.06289873245645326,0.3044032344055376,0.2924241514128656,0.016130067563086724,0.3371226106417681,0.0,1.0
death_frozen_record,250,death_frozen,0.92,0.0,0.3044032344055376,0.2924241514128656,0.016049417225271288,0.3374633465320811,0.0,0.9996
death_frozen_record,251,death_frozen,0.92,0.0,0.3044032344055376,0.2924241514128656,0.01596917013914493,0.33780340095061334,0.0,0.9992001600000001
death_frozen_record,252,death_frozen,0.92,0.0,0.3044032344055376,0.2924241514128656,0.015889324288449205,0.3381427752603086,0.0,0.9988004799360002
death_frozen_record,253,death_frozen,0.92,0.0,0.3044032344055376,0.2924241514128656,0.01580987766700696,0.33848147082138447,0.0,0.9984009597440259
death_frozen_record,254,death_frozen,0.92,0.0,0.3044032344055376,0.2924241514128656,0.015730828278671925,0.3388194889913381,0.0,0.9980015993601283
death_frozen_record,255,death_frozen,0.92,0.0,0.3044032344055376,0.2924241514128656,0.015652174137278565,0.33915683112495193,0.0,0.9976023987203844
death_frozen_record,256,death_frozen,0.92,0.0,0.3044032344055376,0.2924241514128656,0.01557391326659217,0.3394934985742985,0.0,0.9972033577608963
death_frozen_record,257,death_frozen,0.92,0.0,0.3044032344055376,0.2924241514128656,0.015496043700259211,0.33982949268874635,0.0,0.996804476417792
death_frozen_record,258,death_frozen,0.92,0.0,0.3044032344055376,0.2924241514128656,0.015418563481757916,0.3401648148149653,0.0,0.9964057546272249
death_frozen_record,259,death_frozen,0.92,0.0,0.3044032344055376,0.2924241514128656,0.015341470664349125,0.34049946629693184,0.0,0.996007192325374
death_frozen_record,260,death_frozen,0.92,0.0,0.3044032344055376,0.2924241514128656,0.01526476331102738,0.34083344847593444,0.0,0.9956087894484439
death_frozen_record,261,death_frozen,0.92,0.0,0.3044032344055376,0.2924241514128656,0.015188439494472244,0.34116676269057905,0.0,0.9952105459326646
death_frozen_record,262,death_frozen,0.92,0.0,0.3044032344055376,0.2924241514128656,0.015112497296999882,0.34149941027679437,0.0,0.9948124617142915
death_frozen_record,263,death_frozen,0.92,0.0,0.3044032344055376,0.2924241514128656,0.015036934810514883,0.3418313925678373,0.0,0.9944145367296058
death_frozen_record,264,death_frozen,0.92,0.0,0.3044032344055376,0.2924241514128656,0.014961750136462311,0.34216271089429795,0.0,0.994016770914914
death_frozen_record,265,death_frozen,0.92,0.0,0.3044032344055376,0.2924241514128656,0.014886941385779997,0.3424933665841059,0.0,0.9936191642065481
death_frozen_record,266,death_frozen,0.92,0.0,0.3044032344055376,0.2924241514128656,0.014812506678851095,0.34282336096253413,0.0,0.9932217165408654
death_frozen_record,267,death_frozen,0.92,0.0,0.3044032344055376,0.2924241514128656,0.01473844414545684,0.34315269535220555,0.0,0.9928244278542492
death_frozen_record,268,death_frozen,0.92,0.0,0.3044032344055376,0.2924241514128656,0.014664751924729554,0.3434813710730975,0.0,0.9924272980831075
death_frozen_record,269,death_frozen,0.92,0.0,0.3044032344055376,0.2924241514128656,0.01459142816510591,0.3438093894425478,0.0,0.9920303271638743
death_frozen_record,270,death_frozen,0.92,0.0,0.3044032344055376,0.2924241514128656,0.014518471024280378,0.34413675177525915,0.0,0.9916335150330088
death_frozen_record,271,death_frozen,0.92,0.0,0.3044032344055376,0.2924241514128656,0.014445878669158977,0.3444634593833051,0.0,0.9912368616269956
death_frozen_record,272,death_frozen,0.92,0.0,0.3044032344055376,0.2924241514128656,0.014373649275813182,0.34478951357613496,0.0,0.9908403668823449
death_frozen_record,273,death_frozen,0.92,0.0,0.3044032344055376,0.2924241514128656,0.014301781029434118,0.34511491566057917,0.0,0.990444030735592
death_frozen_record,274,death_frozen,0.92,0.0,0.3044032344055376,0.2924241514128656,0.014230272124286944,0.34543966694085443,0.0,0.9900478531232978
death_frozen_record,275,death_frozen,0.92,0.0,0.3044032344055376,0.2924241514128656,0.014159120763665512,0.3457637687185692,0.0,0.9896518339820485
death_frozen_record,276,death_frozen,0.92,0.0,0.3044032344055376,0.2924241514128656,0.014088325159847181,0.34608722229272854,0.0,0.9892559732484557
death_frozen_record,277,death_frozen,0.92,0.0,0.3044032344055376,0.2924241514128656,0.014017883534047947,0.34641002895973955,0.0,0.9888602708591564
death_frozen_record,278,death_frozen,0.92,0.0,0.3044032344055376,0.2924241514128656,0.013947794116377707,0.3467321900134165,0.0,0.9884647267508128
death_frozen_record,279,death_frozen,0.92,0.0,0.3044032344055376,0.2924241514128656,0.013878055145795818,0.34705370674498615,0.0,0.9880693408601124
death_frozen_record,280,death_frozen,0.92,0.0,0.3044032344055376,0.2924241514128656,0.013808664870066838,0.34737458044309266,0.0,0.9876741131237684
death_frozen_record,281,death_frozen,0.92,0.0,0.3044032344055376,0.2924241514128656,0.013739621545716505,0.34769481239380295,0.0,0.9872790434785189
death_frozen_record,282,death_frozen,0.92,0.0,0.3044032344055376,0.2924241514128656,0.013670923437987923,0.3480144038806117,0.0,0.9868841318611276
death_frozen_record,283,death_frozen,0.92,0.0,0.3044032344055376,0.2924241514128656,0.013602568820797984,0.34833335618444694,0.0,0.9864893782083831
death_frozen_record,284,death_frozen,0.92,0.0,0.3044032344055376,0.2924241514128656,0.013534555976693992,0.3486516705836745,0.0,0.9860947824570998
death_frozen_record,285,death_frozen,0.92,0.0,0.3044032344055376,0.2924241514128656,0.013466883196810523,0.3489693483541037,0.0,0.985700344544117
death_frozen_record,286,death_frozen,0.92,0.0,0.3044032344055376,0.2924241514128656,0.013399548780826472,0.34928639076899193,0.0,0.9853060644062994
death_frozen_record,287,death_frozen,0.92,0.0,0.3044032344055376,0.2924241514128656,0.013332551036922338,0.3496027990990504,0.0,0.984911941980537
death_frozen_record,288,death_frozen,0.92,0.0,0.3044032344055376,0.2924241514128656,0.013265888281737727,0.34991857461244874,0.0,0.9845179772037448
death_frozen_record,289,death_frozen,0.92,0.0,0.3044032344055376,0.2924241514128656,0.013199558840329037,0.35023371857482033,0.0,0.9841241700128633
death_frozen_record,290,death_frozen,0.92,0.0,0.3044032344055376,0.2924241514128656,0.013133561046127392,0.3505482322492671,0.0,0.9837305203448582
death_frozen_record,291,death_frozen,0.92,0.0,0.3044032344055376,0.2924241514128656,0.013067893240896756,0.35086211689636504,0.0,0.9833370281367203
death_frozen_record,292,death_frozen,0.92,0.0,0.3044032344055376,0.2924241514128656,0.013002553774692274,0.3511753737741688,0.0,0.9829436933254656
death_frozen_record,293,death_frozen,0.92,0.0,0.3044032344055376,0.2924241514128656,0.012937541005818813,0.3514880041382169,0.0,0.9825505158481355
death_frozen_record,294,death_frozen,0.92,0.0,0.3044032344055376,0.2924241514128656,0.012872853300789718,0.351800009241537,0.0,0.9821574956417962
death_frozen_record,295,death_frozen,0.92,0.0,0.3044032344055376,0.2924241514128656,0.012808489034285768,0.35211139033465033,0.0,0.9817646326435395
death_frozen_record,296,death_frozen,0.92,0.0,0.3044032344055376,0.2924241514128656,0.012744446589114338,0.3524221486655775,0.0,0.9813719267904821
death_frozen_record,297,death_frozen,0.92,0.0,0.3044032344055376,0.2924241514128656,0.012680724356168767,0.35273228547984276,0.0,0.980979378019766
death_frozen_record,298,death_frozen,0.92,0.0,0.3044032344055376,0.2924241514128656,0.012617320734387923,0.3530418020204795,0.0,0.9805869862685581
death_frozen_record,299,death_frozen,0.92,0.0,0.3044032344055376,0.2924241514128656,0.012554234130715982,0.35335069952803505,0.0,0.9801947514740508
death_frozen_record,300,death_frozen,0.92,0.0,0.3044032344055376,0.2924241514128656,0.012491462960062401,0.3536589792405755,0.0,0.9798026735734612
death_frozen_record,301,death_frozen,0.92,0.0,0.3044032344055376,0.2924241514128656,0.01242900564526209,0.35396664239369074,0.0,0.9794107525040319
death_frozen_record,302,death_frozen,0.92,0.0,0.3044032344055376,0.2924241514128656,0.01236686061703578,0.35427369022049987,0.0,0.9790189882030303
death_frozen_record,303,death_frozen,0.92,0.0,0.3044032344055376,0.2924241514128656,0.012305026313950602,0.3545801239516553,0.0,0.9786273806077492
death_frozen_record,304,death_frozen,0.92,0.0,0.3044032344055376,0.2924241514128656,0.012243501182380849,0.35488594481534846,0.0,0.9782359296555062
death_frozen_record,305,death_frozen,0.92,0.0,0.3044032344055376,0.2924241514128656,0.012182283676468945,0.3551911540373142,0.0,0.9778446352836441
death_frozen_record,306,death_frozen,0.92,0.0,0.3044032344055376,0.2924241514128656,0.012121372258086597,0.35549575284083607,0.0,0.9774534974295307
death_frozen_record,307,death_frozen,0.92,0.0,0.3044032344055376,0.2924241514128656,0.012060765396796166,0.3557997424467508,0.0,0.9770625160305589
death_frozen_record,308,death_frozen,0.92,0.0,0.3044032344055376,0.2924241514128656,0.012000461569812187,0.3561031240734538,0.0,0.9766716910241467
death_frozen_record,309,death_frozen,0.92,0.0,0.3044032344055376,0.2924241514128656,0.011940459261963127,0.35640589893690333,0.0,0.9762810223477372
death_frozen_record,310,death_frozen,0.92,0.0,0.3044032344055376,0.2924241514128656,0.011880756965653308,0.356708068250626,0.0,0.9758905099387981
death_frozen_record,311,death_frozen,0.92,0.0,0.3044032344055376,0.2924241514128656,0.011821353180825046,0.3570096332257212,0.0,0.9755001537348227
death_frozen_record,312,death_frozen,0.92,0.0,0.3044032344055376,0.2924241514128656,0.011762246414920918,0.3573105950708662,0.0,0.9751099536733288
death_frozen_record,313,death_frozen,0.92,0.0,0.3044032344055376,0.2924241514128656,0.011703435182846313,0.35761095499232093,0.0,0.9747199096918595
death_frozen_record,314,death_frozen,0.92,0.0,0.3044032344055376,0.2924241514128656,0.01164491800693208,0.3579107141939328,0.0,0.9743300217279828
death_frozen_record,315,death_frozen,0.92,0.0,0.3044032344055376,0.2924241514128656,0.01158669341689742,0.35820987387714137,0.0,0.9739402897192916
death_frozen_record,316,death_frozen,0.92,0.0,0.3044032344055376,0.2924241514128656,0.011528759949812933,0.3585084352409835,0.0,0.973550713603404
death_frozen_record,317,death_frozen,0.92,0.0,0.3044032344055376,0.2924241514128656,0.011471116150063866,0.358806399482098,0.0,0.9731612933179626
death_frozen_record,318,death_frozen,0.92,0.0,0.3044032344055376,0.2924241514128656,0.011413760569313548,0.35910376779473024,0.0,0.9727720288006355
death_frozen_record,319,death_frozen,0.92,0.0,0.3044032344055376,0.2924241514128656,0.01135669176646698,0.3594005413707373,0.0,0.9723829199891153
death_frozen_record,320,death_frozen,0.92,0.0,0.3044032344055376,0.2924241514128656,0.011299908307634644,0.3596967213995923,0.0,0.9719939668211197
death_frozen_record,321,death_frozen,0.92,0.0,0.3044032344055376,0.2924241514128656,0.011243408766096473,0.3599923090683895,0.0,0.9716051692343913
death_frozen_record,322,death_frozen,0.92,0.0,0.3044032344055376,0.2924241514128656,0.011187191722265991,0.36028730556184924,0.0,0.9712165271666976
death_frozen_record,323,death_frozen,0.92,0.0,0.3044032344055376,0.2924241514128656,0.011131255763654662,0.360581712062322,0.0,0.9708280405558309
death_frozen_record,324,death_frozen,0.92,0.0,0.3044032344055376,0.2924241514128656,0.011075599484836387,0.3608755297497938,0.0,0.9704397093396087
death_frozen_record,325,death_frozen,0.92,0.0,0.3044032344055376,0.2924241514128656,0.011020221487412206,0.3611687598018906,0.0,0.9700515334558728
death_frozen_record,326,death_frozen,0.92,0.0,0.3044032344055376,0.2924241514128656,0.010965120379975145,0.36146140339388333,0.0,0.9696635128424905
death_frozen_record,327,death_frozen,0.92,0.0,0.3044032344055376,0.2924241514128656,0.010910294778075268,0.361753461698692,0.0,0.9692756474373536
death_frozen_record,328,death_frozen,0.92,0.0,0.3044032344055376,0.2924241514128656,0.010855743304184892,0.3620449358868911,0.0,0.9688879371783787
death_frozen_record,329,death_frozen,0.92,0.0,0.3044032344055376,0.2924241514128656,0.010801464587663968,0.3623358271267138,0.0,0.9685003820035074
death_frozen_record,330,death_frozen,0.92,0.0,0.3044032344055376,0.2924241514128656,0.010747457264725648,0.3626261365840568,0.0,0.968112981850706
death_frozen_record,331,death_frozen,0.92,0.0,0.3044032344055376,0.2924241514128656,0.01069371997840202,0.36291586542248516,0.0,0.9677257366579658
death_frozen_record,332,death_frozen,0.92,0.0,0.3044032344055376,0.2924241514128656,0.01064025137851001,0.36320501480323664,0.0,0.9673386463633027
death_frozen_record,333,death_frozen,0.92,0.0,0.3044032344055376,0.2924241514128656,0.01058705012161746,0.3634935858852266,0.0,0.9669517109047574
death_frozen_record,334,death_frozen,0.92,0.0,0.3044032344055376,0.2924241514128656,0.010534114871009371,0.36378157982505266,0.0,0.9665649302203956
death_frozen_record,335,death_frozen,0.92,0.0,0.3044032344055376,0.2924241514128656,0.010481444296654326,0.36406899777699897,0.0,0.9661783042483074
death_frozen_record,336,death_frozen,0.92,0.0,0.3044032344055376,0.2924241514128656,0.010429037075171052,0.3643558408930414,0.0,0.9657918329266081
death_frozen_record,337,death_frozen,0.92,0.0,0.3044032344055376,0.2924241514128656,0.0103768918897952,0.3646421103228519,0.0,0.9654055161934375
death_frozen_record,338,death_frozen,0.92,0.0,0.3044032344055376,0.2924241514128656,0.010325007430346223,0.3649278072138026,0.0,0.9650193539869601
death_frozen_record,339,death_frozen,0.92,0.0,0.3044032344055376,0.2924241514128656,0.010273382393194494,0.36521293271097144,0.0,0.9646333462453655
death_frozen_record,340,death_frozen,0.92,0.0,0.3044032344055376,0.2924241514128656,0.010222015481228518,0.36549748795714593,0.0,0.9642474929068674
death_frozen_record,341,death_frozen,0.92,0.0,0.3044032344055376,0.2924241514128656,0.010170905403822376,0.36578147409282813,0.0,0.9638617939097047
death_frozen_record,342,death_frozen,0.92,0.0,0.3044032344055376,0.2924241514128656,0.010120050876803264,0.36606489225623895,0.0,0.9634762491921409
death_frozen_record,343,death_frozen,0.92,0.0,0.3044032344055376,0.2924241514128656,0.01006945062241925,0.36634774358332295,0.0,0.9630908586924641
death_frozen_record,344,death_frozen,0.92,0.0,0.3044032344055376,0.2924241514128656,0.010019103369307152,0.3666300292077528,0.0,0.9627056223489872
death_frozen_record,345,death_frozen,0.92,0.0,0.3044032344055376,0.2924241514128656,0.009969007852460616,0.36691175026093364,0.0,0.9623205401000476
death_frozen_record,346,death_frozen,0.92,0.0,0.3044032344055376,0.2924241514128656,0.009919162813198313,0.36719290787200826,0.0,0.9619356118840077
death_frozen_record,347,death_frozen,0.92,0.0,0.3044032344055376,0.2924241514128656,0.00986956699913232,0.3674735031678607,0.0,0.9615508376392541
death_frozen_record,348,death_frozen,0.92,0.0,0.3044032344055376,0.2924241514128656,0.009820219164136659,0.3677535372731215,0.0,0.9611662173041984
death_frozen_record,349,death_frozen,0.92,0.0,0.3044032344055376,0.2924241514128656,0.009771118068315977,0.3680330113101717,0.0,0.9607817508172768
death_frozen_record,350,death_frozen,0.92,0.0,0.3044032344055376,0.2924241514128656,0.009722262477974395,0.3683119263991477,0.0,0.9603974381169499
death_frozen_record,351,death_frozen,0.92,0.0,0.3044032344055376,0.2924241514128656,0.009673651165584525,0.368590283657946,0.0,0.9600132791417032
death_frozen_record,352,death_frozen,0.92,0.0,0.3044032344055376,0.2924241514128656,0.009625282909756602,0.3688680842022265,0.0,0.9596292738300466
death_frozen_record,353,death_frozen,0.92,0.0,0.3044032344055376,0.2924241514128656,0.009577156495207817,0.36914532914541853,0.0,0.9592454221205147
death_frozen_record,354,death_frozen,0.92,0.0,0.3044032344055376,0.2924241514128656,0.009529270712731781,0.3694220195987241,0.0,0.9588617239516665
death_frozen_record,355,death_frozen,0.92,0.0,0.3044032344055376,0.2924241514128656,0.00948162435916812,0.36969815667112305,0.0,0.9584781792620859
death_frozen_record,356,death_frozen,0.92,0.0,0.3044032344055376,0.2924241514128656,0.009434216237372277,0.36997374146937734,0.0,0.9580947879903811
death_frozen_record,357,death_frozen,0.92,0.0,0.3044032344055376,0.2924241514128656,0.009387045156185417,0.370248775098035,0.0,0.9577115500751849
death_frozen_record,358,death_frozen,0.92,0.0,0.3044032344055376,0.2924241514128656,0.009340109930404492,0.37052325865943536,0.0,0.9573284654551549
death_frozen_record,359,death_frozen,0.92,0.0,0.3044032344055376,0.2924241514128656,0.009293409380752467,0.37079719325371296,0.0,0.9569455340689729
death_frozen_record,360,death_frozen,0.92,0.0,0.3044032344055376,0.2924241514128656,0.009246942333848705,0.37107057997880205,0.0,0.9565627558553453
death_frozen_record,361,death_frozen,0.92,0.0,0.3044032344055376,0.2924241514128656,0.009200707622179461,0.37134341993044084,0.0,0.9561801307530032
death_frozen_record,362,death_frozen,0.92,0.0,0.3044032344055376,0.2924241514128656,0.009154704084068564,0.37161571420217643,0.0,0.9557976587007021
death_frozen_record,363,death_frozen,0.92,0.0,0.3044032344055376,0.2924241514128656,0.009108930563648221,0.3718874638853686,0.0,0.9554153396372219
death_frozen_record,364,death_frozen,0.92,0.0,0.3044032344055376,0.2924241514128656,0.009063385910829981,0.37215867006919434,0.0,0.9550331735013671
death_frozen_record,365,death_frozen,0.92,0.0,0.3044032344055376,0.2924241514128656,0.009018068981275832,0.3724293338406524,0.0,0.9546511602319666
death_frozen_record,366,death_frozen,0.92,0.0,0.3044032344055376,0.2924241514128656,0.008972978636369451,0.3726994562845675,0.0,0.9542692997678739
death_frozen_record,367,death_frozen,0.92,0.0,0.3044032344055376,0.2924241514128656,0.008928113743187603,0.3729690384835948,0.0,0.9538875920479668
death_frozen_record,368,death_frozen,0.92,0.0,0.3044032344055376,0.2924241514128656,0.008883473174471666,0.3732380815182241,0.0,0.9535060370111477
death_frozen_record,369,death_frozen,0.92,0.0,0.3044032344055376,0.2924241514128656,0.008839055808599307,0.37350658646678403,0.0,0.9531246345963432
death_frozen_record,370,death_frozen,0.92,0.0,0.3044032344055376,0.2924241514128656,0.008794860529556312,0.373774554405447,0.0,0.9527433847425048
death_frozen_record,371,death_frozen,0.92,0.0,0.3044032344055376,0.2924241514128656,0.00875088622690853,0.37404198640823255,0.0,0.9523622873886078
death_frozen_record,372,death_frozen,0.92,0.0,0.3044032344055376,0.2924241514128656,0.008707131795773988,0.3743088835470126,0.0,0.9519813424736524
death_frozen_record,373,death_frozen,0.92,0.0,0.3044032344055376,0.2924241514128656,0.008663596136795116,0.37457524689151506,0.0,0.951600549936663
death_frozen_record,374,death_frozen,0.92,0.0,0.3044032344055376,0.2924241514128656,0.00862027815611114,0.37484107750932844,0.0,0.9512199097166883
death_frozen_record,375,death_frozen,0.92,0.0,0.3044032344055376,0.2924241514128656,0.008577176765330586,0.3751063764659062,0.0,0.9508394217528017
death_frozen_record,376,death_frozen,0.92,0.0,0.3044032344055376,0.2924241514128656,0.008534290881503932,0.37537114482457085,0.0,0.9504590859841006
death_frozen_record,377,death_frozen,0.92,0.0,0.3044032344055376,0.2924241514128656,0.008491619427096413,0.3756353836465182,0.0,0.9500789023497069
death_frozen_record,378,death_frozen,0.92,0.0,0.3044032344055376,0.2924241514128656,0.00844916132996093,0.3758990939908216,0.0,0.9496988707887671
death_frozen_record,379,death_frozen,0.92,0.0,0.3044032344055376,0.2924241514128656,0.008406915523311126,0.3761622769144364,0.0,0.9493189912404517
death_frozen_record,380,death_frozen,0.92,0.0,0.3044032344055376,0.2924241514128656,0.008364880945694571,0.376424933472204,0.0,0.9489392636439555
death_frozen_record,381,death_frozen,0.92,0.0,0.3044032344055376,0.2924241514128656,0.008323056540966099,0.37668706471685603,0.0,0.948559687938498
death_frozen_record,382,death_frozen,0.92,0.0,0.3044032344055376,0.2924241514128656,0.008281441258261265,0.3769486716990188,0.0,0.9481802640633227
death_frozen_record,383,death_frozen,0.92,0.0,0.3044032344055376,0.2924241514128656,0.00824003405196996,0.37720975546721724,0.0,0.9478009919576974
death_frozen_record,384,death_frozen,0.92,0.0,0.3044032344055376,0.2924241514128656,0.00819883388171011,0.37747031706787926,0.0,0.9474218715609144
death_frozen_record,385,death_frozen,0.92,0.0,0.3044032344055376,0.2924241514128656,0.00815783971230156,0.37773035754533996,0.0,0.9470429028122901
death_frozen_record,386,death_frozen,0.92,0.0,0.3044032344055376,0.2924241514128656,0.008117050513740051,0.37798987794184574,0.0,0.9466640856511652
death_frozen_record,387,death_frozen,0.92,0.0,0.3044032344055376,0.2924241514128656,0.008076465261171352,0.3782488792975585,0.0,0.9462854200169047
death_frozen_record,388,death_frozen,0.92,0.0,0.3044032344055376,0.2924241514128656,0.008036082934865494,0.37850736265055984,0.0,0.945906905848898
death_frozen_record,389,death_frozen,0.92,0.0,0.3044032344055376,0.2924241514128656,0.007995902520191167,0.3787653290368552,0.0,0.9455285430865585
death_frozen_record,390,death_frozen,0.92,0.0,0.3044032344055376,0.2924241514128656,0.007955923007590212,0.379022779490378,0.0,0.9451503316693239
death_frozen_record,391,death_frozen,0.92,0.0,0.3044032344055376,0.2924241514128656,0.00791614339255226,0.3792797150429937,0.0,0.9447722715366562
death_frozen_record,392,death_frozen,0.92,0.0,0.3044032344055376,0.2924241514128656,0.007876562675589498,0.37953613672450404,0.0,0.9443943626280416
death_frozen_record,393,death_frozen,0.92,0.0,0.3044032344055376,0.2924241514128656,0.00783717986221155,0.37979204556265156,0.0,0.9440166048829903
death_frozen_record,394,death_frozen,0.92,0.0,0.3044032344055376,0.2924241514128656,0.0077979939629004924,0.38004744258312273,0.0,0.9436389982410371
death_frozen_record,395,death_frozen,0.92,0.0,0.3044032344055376,0.2924241514128656,0.007759003993085991,0.38030232880955295,0.0,0.9432615426417408
death_frozen_record,396,death_frozen,0.92,0.0,0.3044032344055376,0.2924241514128656,0.007720208973120561,0.38055670526353025,0.0,0.9428842380246841
death_frozen_record,397,death_frozen,0.92,0.0,0.3044032344055376,0.2924241514128656,0.007681607928254958,0.3808105729645997,0.0,0.9425070843294743
death_frozen_record,398,death_frozen,0.92,0.0,0.3044032344055376,0.2924241514128656,0.007643199888613683,0.38106393293026697,0.0,0.9421300814957425
death_frozen_record,399,death_frozen,0.92,0.0,0.3044032344055376,0.2924241514128656,0.007604983889170615,0.38131678617600284,0.0,0.9417532294631442
death_frozen_record,400,death_frozen,0.92,0.0,0.3044032344055376,0.2924241514128656,0.007566958969724761,0.38156913371524737,0.0,0.941376528171359
death_frozen_record,401,death_frozen,0.92,0.0,0.3044032344055376,0.2924241514128656,0.007529124174876137,0.38182097655941327,0.0,0.9409999775600905
death_frozen_record,402,death_frozen,0.92,0.0,0.3044032344055376,0.2924241514128656,0.007491478554001757,0.3820723157178909,0.0,0.9406235775690664
death_frozen_record,403,death_frozen,0.92,0.0,0.3044032344055376,0.2924241514128656,0.007454021161231748,0.3823231521980516,0.0,0.9402473281380389
death_frozen_record,404,death_frozen,0.92,0.0,0.3044032344055376,0.2924241514128656,0.0074167510554255895,0.3825734870052519,0.0,0.9398712292067838
death_frozen_record,405,death_frozen,0.92,0.0,0.3044032344055376,0.2924241514128656,0.007379667300148461,0.3828233211428379,0.0,0.9394952807151011
death_frozen_record,406,death_frozen,0.92,0.0,0.3044032344055376,0.2924241514128656,0.007342768963647719,0.3830726556121487,0.0,0.9391194826028151
death_frozen_record,407,death_frozen,0.92,0.0,0.3044032344055376,0.2924241514128656,0.007306055118829481,0.3833214914125208,0.0,0.938743834809774
death_frozen_record,408,death_frozen,0.92,0.0,0.3044032344055376,0.2924241514128656,0.0072695248432353326,0.38356982954129226,0.0,0.9383683372758501
death_frozen_record,409,death_frozen,0.92,0.0,0.3044032344055376,0.2924241514128656,0.007233177219019156,0.3838176709938061,0.0,0.9379929899409398
death_frozen_record,410,death_frozen,0.92,0.0,0.3044032344055376,0.2924241514128656,0.0071970113329240595,0.384065016763415,0.0,0.9376177927449635
death_frozen_record,411,death_frozen,0.92,0.0,0.3044032344055376,0.2924241514128656,0.007161026276259441,0.3843118678414847,0.0,0.9372427456278656
death_frozen_record,412,death_frozen,0.92,0.0,0.3044032344055376,0.2924241514128656,0.007125221144878143,0.384558225217398,0.0,0.9368678485296145
death_frozen_record,413,death_frozen,0.92,0.0,0.3044032344055376,0.2924241514128656,0.007089595039153751,0.3848040898785598,0.0,0.9364931013902027
death_frozen_record,414,death_frozen,0.92,0.0,0.3044032344055376,0.2924241514128656,0.007054147063957982,0.38504946281039915,0.0,0.9361185041496467
death_frozen_record,415,death_frozen,0.92,0.0,0.3044032344055376,0.2924241514128656,0.007018876328638195,0.38529434499637477,0.0,0.9357440567479869
death_frozen_record,416,death_frozen,0.92,0.0,0.3044032344055376,0.2924241514128656,0.006983781946995002,0.3855387374179785,0.0,0.9353697591252877
death_frozen_record,417,death_frozen,0.92,0.0,0.3044032344055376,0.2924241514128656,0.006948863037260028,0.38578264105473903,0.0,0.9349956112216377
death_frozen_record,418,death_frozen,0.92,0.0,0.3044032344055376,0.2924241514128656,0.006914118722073727,0.3860260568842259,0.0,0.9346216129771491
death_frozen_record,419,death_frozen,0.92,0.0,0.3044032344055376,0.2924241514128656,0.006879548128463359,0.386268985882054,0.0,0.9342477643319582
death_frozen_record,420,death_frozen,0.92,0.0,0.3044032344055376,0.2924241514128656,0.006845150387821041,0.3865114290218864,0.0,0.9338740652262255
death_frozen_record,421,death_frozen,0.92,0.0,0.3044032344055376,0.2924241514128656,0.006810924635881936,0.38675338727543906,0.0,0.933500515600135
death_frozen_record,422,death_frozen,0.92,0.0,0.3044032344055376,0.2924241514128656,0.0067768700127025265,0.38699486161248464,0.0,0.933127115393895
death_frozen_record,423,death_frozen,0.92,0.0,0.3044032344055376,0.2924241514128656,0.006742985662639013,0.3872358530008561,0.0,0.9327538645477376
death_frozen_record,424,death_frozen,0.92,0.0,0.3044032344055376,0.2924241514128656,0.006709270734325818,0.3874763624064509,0.0,0.9323807630019185
death_frozen_record,425,death_frozen,0.92,0.0,0.3044032344055376,0.2924241514128656,0.00667572438065419,0.3877163907932345,0.0,0.9320078106967178
death_frozen_record,426,death_frozen,0.92,0.0,0.3044032344055376,0.2924241514128656,0.00664234575875092,0.3879559391232444,0.0,0.9316350075724391
death_frozen_record,427,death_frozen,0.92,0.0,0.3044032344055376,0.2924241514128656,0.0066091340299571635,0.3881950083565943,0.0,0.9312623535694102
death_frozen_record,428,death_frozen,0.92,0.0,0.3044032344055376,0.2924241514128656,0.006576088359807378,0.3884335994514777,0.0,0.9308898486279825
death_frozen_record,429,death_frozen,0.92,0.0,0.3044032344055376,0.2924241514128656,0.006543207918008341,0.38867171336417117,0.0,0.9305174926885313
death_frozen_record,430,death_frozen,0.92,0.0,0.3044032344055376,0.2924241514128656,0.0065104918784183,0.3889093510490393,0.0,0.9301452856914559
death_frozen_record,431,death_frozen,0.92,0.0,0.3044032344055376,0.2924241514128656,0.006477939419026207,0.3891465134585376,0.0,0.9297732275771794
death_frozen_record,432,death_frozen,0.92,0.0,0.3044032344055376,0.2924241514128656,0.0064455497219310775,0.38938320154321704,0.0,0.9294013182861486
death_frozen_record,433,death_frozen,0.92,0.0,0.3044032344055376,0.2924241514128656,0.006413321973321421,0.389619416251727,0.0,0.9290295577588341
death_frozen_record,434,death_frozen,0.92,0.0,0.3044032344055376,0.2924241514128656,0.0063812553634548155,0.38985515853082003,0.0,0.9286579459357306
death_frozen_record,435,death_frozen,0.92,0.0,0.3044032344055376,0.2924241514128656,0.006349349086637541,0.39009042932535487,0.0,0.9282864827573564
death_frozen_record,436,death_frozen,0.92,0.0,0.3044032344055376,0.2924241514128656,0.006317602341204352,0.39032522957830057,0.0,0.9279151681642535
death_frozen_record,437,death_frozen,0.92,0.0,0.3044032344055376,0.2924241514128656,0.006286014329498332,0.39055956023074045,0.0,0.9275440020969878
death_frozen_record,438,death_frozen,0.92,0.0,0.3044032344055376,0.2924241514128656,0.006254584257850839,0.39079342222187535,0.0,0.927172984496149
death_frozen_record,439,death_frozen,0.92,0.0,0.3044032344055376,0.2924241514128656,0.006223311336561585,0.39102681648902815,0.0,0.9268021153023506
death_frozen_record,440,death_frozen,0.92,0.0,0.3044032344055376,0.2924241514128656,0.006192194779878777,0.39125974396764657,0.0,0.9264313944562297
death_frozen_record,441,death_frozen,0.92,0.0,0.3044032344055376,0.2924241514128656,0.006161233805979383,0.39149220559130776,0.0,0.9260608218984472
death_frozen_record,442,death_frozen,0.92,0.0,0.3044032344055376,0.2924241514128656,0.006130427636949485,0.3917242022917215,0.0,0.9256903975696879
death_frozen_record,443,death_frozen,0.92,0.0,0.3044032344055376,0.2924241514128656,0.006099775498764738,0.3919557349987346,0.0,0.92532012141066
death_frozen_record,444,death_frozen,0.92,0.0,0.3044032344055376,0.2924241514128656,0.006069276621270915,0.39218680464033356,0.0,0.9249499933620958
death_frozen_record,445,death_frozen,0.92,0.0,0.3044032344055376,0.2924241514128656,0.006038930238164561,0.3924174121426494,0.0,0.924580013364751
death_frozen_record,446,death_frozen,0.92,0.0,0.3044032344055376,0.2924241514128656,0.006008735586973738,0.3926475584299606,0.0,0.9242101813594051
death_frozen_record,447,death_frozen,0.92,0.0,0.3044032344055376,0.2924241514128656,0.005978691909038868,0.3928772444246971,0.0,0.9238404972868615
death_frozen_record,448,death_frozen,0.92,0.0,0.3044032344055376,0.2924241514128656,0.005948798449493674,0.3931064710474441,0.0,0.9234709610879468
death_frozen_record,449,death_frozen,0.92,0.0,0.3044032344055376,0.2924241514128656,0.005919054457246206,0.39333523921694563,0.0,0.9231015727035117
death_frozen_record,450,death_frozen,0.92,0.0,0.3044032344055376,0.2924241514128656,0.005889459184959974,0.3935635498501083,0.0,0.9227323320744303
death_frozen_record,451,death_frozen,0.92,0.0,0.3044032344055376,0.2924241514128656,0.0058600118890351745,0.39379140386200456,0.0,0.9223632391416006
death_frozen_record,452,death_frozen,0.92,0.0,0.3044032344055376,0.2924241514128656,0.005830711829589999,0.394018802165877,0.0,0.921994293845944
death_frozen_record,453,death_frozen,0.92,0.0,0.3044032344055376,0.2924241514128656,0.005801558270442048,0.39424574567314163,0.0,0.9216254961284057
death_frozen_record,454,death_frozen,0.92,0.0,0.3044032344055376,0.2924241514128656,0.0057725504790898385,0.39447223529339187,0.0,0.9212568459299544
death_frozen_record,455,death_frozen,0.92,0.0,0.3044032344055376,0.2924241514128656,0.0057436877266943895,0.39469827193440155,0.0,0.9208883431915824
death_frozen_record,456,death_frozen,0.92,0.0,0.3044032344055376,0.2924241514128656,0.005714969288060917,0.3949238565021292,0.0,0.9205199878543058
death_frozen_record,457,death_frozen,0.92,0.0,0.3044032344055376,0.2924241514128656,0.0056863944416206125,0.39514898990072145,0.0,0.9201517798591641
death_frozen_record,458,death_frozen,0.92,0.0,0.3044032344055376,0.2924241514128656,0.005657962469412509,0.3953736730325164,0.0,0.9197837191472205
death_frozen_record,459,death_frozen,0.92,0.0,0.3044032344055376,0.2924241514128656,0.005629672657065448,0.39559790679804785,0.0,0.9194158056595616
death_frozen_record,460,death_frozen,0.92,0.0,0.3044032344055376,0.2924241514128656,0.005601524293780121,0.3958216920960483,0.0,0.9190480393372978
death_frozen_record,461,death_frozen,0.92,0.0,0.3044032344055376,0.2924241514128656,0.005573516672311219,0.3960450298234525,0.0,0.9186804201215629
death_frozen_record,462,death_frozen,0.92,0.0,0.3044032344055376,0.2924241514128656,0.005545649088949663,0.39626792087540214,0.0,0.9183129479535144
death_frozen_record,463,death_frozen,0.92,0.0,0.3044032344055376,0.2924241514128656,0.005517920843504916,0.3964903661452478,0.0,0.917945622774333
death_frozen_record,464,death_frozen,0.92,0.0,0.3044032344055376,0.2924241514128656,0.005490331239287391,0.3967123665245538,0.0,0.9175784445252233
death_frozen_record,465,death_frozen,0.92,0.0,0.3044032344055376,0.2924241514128656,0.005462879583090954,0.3969339229031011,0.0,0.9172114131474133
death_frozen_record,466,death_frozen,0.92,0.0,0.3044032344055376,0.2924241514128656,0.005435565185175498,0.39715503616889136,0.0,0.9168445285821544
death_frozen_record,467,death_frozen,0.92,0.0,0.3044032344055376,0.2924241514128656,0.005408387359249621,0.3973757072081501,0.0,0.9164777907707216
death_frozen_record,468,death_frozen,0.92,0.0,0.3044032344055376,0.2924241514128656,0.005381345422453373,0.3975959369053302,0.0,0.9161111996544133
death_frozen_record,469,death_frozen,0.92,0.0,0.3044032344055376,0.2924241514128656,0.0053544386953411046,0.39781572614311606,0.0,0.9157447551745517
death_frozen_record,470,death_frozen,0.92,0.0,0.3044032344055376,0.2924241514128656,0.0053276665018644,0.3980350758024262,0.0,0.9153784572724819
death_frozen_record,471,death_frozen,0.92,0.0,0.3044032344055376,0.2924241514128656,0.005301028169355079,0.3982539867624178,0.0,0.9150123058895729
death_frozen_record,472,death_frozen,0.92,0.0,0.3044032344055376,0.2924241514128656,0.005274523028508303,0.39847245990048946,0.0,0.9146463009672171
death_frozen_record,473,death_frozen,0.92,0.0,0.3044032344055376,0.2924241514128656,0.005248150413365762,0.398690496092285,0.0,0.9142804424468303
death_frozen_record,474,death_frozen,0.92,0.0,0.3044032344055376,0.2924241514128656,0.0052219096612989326,0.39890809621169687,0.0,0.9139147302698516
death_frozen_record,475,death_frozen,0.92,0.0,0.3044032344055376,0.2924241514128656,0.005195800112992437,0.39912526113087,0.0,0.9135491643777437
death_frozen_record,476,death_frozen,0.92,0.0,0.3044032344055376,0.2924241514128656,0.005169821112427477,0.3993419917202047,0.0,0.9131837447119926
death_frozen_record,477,death_frozen,0.92,0.0,0.3044032344055376,0.2924241514128656,0.005143972006865339,0.39955828884836075,0.0,0.9128184712141079
death_frozen_record,478,death_frozen,0.92,0.0,0.3044032344055376,0.2924241514128656,0.005118252146831013,0.3997741533822606,0.0,0.9124533438256223
death_frozen_record,479,death_frozen,0.92,0.0,0.3044032344055376,0.2924241514128656,0.005092660886096857,0.39998958618709235,0.0,0.9120883624880921
death_frozen_record,480,death_frozen,0.92,0.0,0.3044032344055376,0.2924241514128656,0.005067197581666372,0.4002045881263147,0.0,0.9117235271430969
death_frozen_record,481,death_frozen,0.92,0.0,0.3044032344055376,0.2924241514128656,0.005041861593758041,0.40041916006165845,0.0,0.9113588377322397
death_frozen_record,482,death_frozen,0.92,0.0,0.3044032344055376,0.2924241514128656,0.00501665228578925,0.40063330285313165,0.0,0.9109942941971468
death_frozen_record,483,death_frozen,0.92,0.0,0.3044032344055376,0.2924241514128656,0.004991569024360303,0.40084701735902184,0.0,0.910629896479468
death_frozen_record,484,death_frozen,0.92,0.0,0.3044032344055376,0.2924241514128656,0.004966611179238502,0.4010603044359002,0.0,0.9102656445208762
death_frozen_record,485,death_frozen,0.92,0.0,0.3044032344055376,0.2924241514128656,0.00494177812334231,0.4012731649386249,0.0,0.9099015382630679
death_frozen_record,486,death_frozen,0.92,0.0,0.3044032344055376,0.2924241514128656,0.004917069232725599,0.40148559972034414,0.0,0.9095375776477627
death_frozen_record,487,death_frozen,0.92,0.0,0.3044032344055376,0.2924241514128656,0.00489248388656197,0.4016976096324999,0.0,0.9091737626167036
death_frozen_record,488,death_frozen,0.92,0.0,0.3044032344055376,0.2924241514128656,0.00486802146712916,0.40190919552483134,0.0,0.908810093111657
death_frozen_record,489,death_frozen,0.92,0.0,0.3044032344055376,0.2924241514128656,0.004843681359793513,0.4021203582453781,0.0,0.9084465690744123
death_frozen_record,490,death_frozen,0.92,0.0,0.3044032344055376,0.2924241514128656,0.004819462952994548,0.40233109864048383,0.0,0.9080831904467827
death_frozen_record,491,death_frozen,0.92,0.0,0.3044032344055376,0.2924241514128656,0.004795365638229575,0.4025414175547994,0.0,0.9077199571706039
death_frozen_record,492,death_frozen,0.92,0.0,0.3044032344055376,0.2924241514128656,0.004771388810038427,0.4027513158312862,0.0,0.9073568691877357
death_frozen_record,493,death_frozen,0.92,0.0,0.3044032344055376,0.2924241514128656,0.004747531865988234,0.4029607943112201,0.0,0.9069939264400607
death_frozen_record,494,death_frozen,0.92,0.0,0.3044032344055376,0.2924241514128656,0.004723794206658294,0.4031698538341941,0.0,0.9066311288694847
death_frozen_record,495,death_frozen,0.92,0.0,0.3044032344055376,0.2924241514128656,0.004700175235625002,0.40337849523812214,0.0,0.906268476417937
death_frozen_record,496,death_frozen,0.92,0.0,0.3044032344055376,0.2924241514128656,0.004676674359446876,0.40358671935924245,0.0,0.9059059690273699
death_frozen_record,497,death_frozen,0.92,0.0,0.3044032344055376,0.2924241514128656,0.004653290987649642,0.40379452703212043,0.0,0.905543606639759
death_frozen_record,498,death_frozen,0.92,0.0,0.3044032344055376,0.2924241514128656,0.004630024532711394,0.40400191908965255,0.0,0.9051813891971031
death_frozen_record,499,death_frozen,0.92,0.0,0.3044032344055376,0.2924241514128656,0.004606874410047836,0.4042088963630698,0.0,0.9048193166414243
death_frozen_record,500,death_frozen,0.92,0.0,0.3044032344055376,0.2924241514128656,0.004583840037997598,0.40441545968194004,0.0,0.9044573889147678
death_frozen_record,501,death_frozen,0.92,0.0,0.3044032344055376,0.2924241514128656,0.00456092083780761,0.40462160987417256,0.0,0.9040956059592019
death_frozen_record,502,death_frozen,0.92,0.0,0.3044032344055376,0.2924241514128656,0.004538116233618571,0.40482734776602075,0.0,0.9037339677168182
death_frozen_record,503,death_frozen,0.92,0.0,0.3044032344055376,0.2924241514128656,0.004515425652450479,0.4050326741820852,0.0,0.9033724741297315
death_frozen_record,504,death_frozen,0.92,0.0,0.3044032344055376,0.2924241514128656,0.0044928485241882265,0.40523758994531744,0.0,0.9030111251400796
death_frozen_record,505,death_frozen,0.92,0.0,0.3044032344055376,0.2924241514128656,0.004470384281567286,0.40544209587702335,0.0,0.9026499206900237
death_frozen_record,506,death_frozen,0.92,0.0,0.3044032344055376,0.2924241514128656,0.0044480323601594485,0.4056461927968657,0.0,0.9022888607217477
death_frozen_record,507,death_frozen,0.92,0.0,0.3044032344055376,0.2924241514128656,0.004425792198358651,0.4058498815228685,0.0,0.9019279451774591
death_frozen_record,508,death_frozen,0.92,0.0,0.3044032344055376,0.2924241514128656,0.004403663237366858,0.4060531628714192,0.0,0.9015671739993881
death_frozen_record,509,death_frozen,0.92,0.0,0.3044032344055376,0.2924241514128656,0.004381644921180024,0.4062560376572728,0.0,0.9012065471297884
death_frozen_record,510,death_frozen,0.92,0.0,0.3044032344055376,0.2924241514128656,0.004359736696574123,0.40645850669355477,0.0,0.9008460645109365
death_frozen_record,511,death_frozen,0.92,0.0,0.3044032344055376,0.2924241514128656,0.004337938013091253,0.406660570791764,0.0,0.9004857260851322
death_frozen_record,512,death_frozen,0.92,0.0,0.3044032344055376,0.2924241514128656,0.004316248323025796,0.40686223076177697,0.0,0.9001255317946982
death_frozen_record,513,death_frozen,0.92,0.0,0.3044032344055376,0.2924241514128656,0.0042946670814106675,0.40706348741184983,0.0,0.8997654815819804
death_frozen_record,514,death_frozen,0.92,0.0,0.3044032344055376,0.2924241514128656,0.004273193746003615,0.4072643415486227,0.0,0.8994055753893477
death_frozen_record,515,death_frozen,0.92,0.0,0.3044032344055376,0.2924241514128656,0.004251827777273596,0.4074647939771219,0.0,0.8990458131591921
death_frozen_record,516,death_frozen,0.92,0.0,0.3044032344055376,0.2924241514128656,0.004230568638387228,0.4076648455007641,0.0,0.8986861948339284
death_frozen_record,517,death_frozen,0.92,0.0,0.3044032344055376,0.2924241514128656,0.004209415795195292,0.40786449692135907,0.0,0.8983267203559949
death_frozen_record,518,death_frozen,0.92,0.0,0.3044032344055376,0.2924241514128656,0.004188368716219315,0.40806374903911274,0.0,0.8979673896678526
death_frozen_record,519,death_frozen,0.92,0.0,0.3044032344055376,0.2924241514128656,0.00416742687263822,0.408262602652631,0.0,0.8976082027119855
death_frozen_record,520,death_frozen,0.92,0.0,0.3044032344055376,0.2924241514128656,0.004146589738275028,0.4084610585589222,0.0,0.8972491594309008
death_frozen_record,521,death_frozen,0.92,0.0,0.3044032344055376,0.2924241514128656,0.0041258567895836535,0.40865911755340084,0.0,0.8968902597671284
death_frozen_record,522,death_frozen,0.92,0.0,0.3044032344055376,0.2924241514128656,0.004105227505635734,0.40885678042989043,0.0,0.8965315036632217
death_frozen_record,523,death_frozen,0.92,0.0,0.3044032344055376,0.2924241514128656,0.004084701368107555,0.40905404798062717,0.0,0.8961728910617563
death_frozen_record,524,death_frozen,0.92,0.0,0.3044032344055376,0.2924241514128656,0.004064277861267018,0.4092509209962624,0.0,0.8958144219053317
death_frozen_record,525,death_frozen,0.92,0.0,0.3044032344055376,0.2924241514128656,0.004043956471960683,0.4094474002658663,0.0,0.8954560961365696
death_frozen_record,526,death_frozen,0.92,0.0,0.3044032344055376,0.2924241514128656,0.00402373668960088,0.409643486576931,0.0,0.8950979136981151
death_frozen_record,527,death_frozen,0.92,0.0,0.3044032344055376,0.2924241514128656,0.0040036180061528755,0.4098391807153736,0.0,0.8947398745326359
death_frozen_record,528,death_frozen,0.92,0.0,0.3044032344055376,0.2924241514128656,0.0039835999161221105,0.41003448346553933,0.0,0.8943819785828229
death_frozen_record,529,death_frozen,0.92,0.0,0.3044032344055376,0.2924241514128656,0.0039636819165415,0.4102293956102048,0.0,0.8940242257913897
death_frozen_record,530,death_frozen,0.92,0.0,0.3044032344055376,0.2924241514128656,0.003943863506958792,0.41042391793058075,0.0,0.8936666161010732
death_frozen_record,531,death_frozen,0.92,0.0,0.3044032344055376,0.2924241514128656,0.003924144189423999,0.41061805120631606,0.0,0.8933091494546328
death_frozen_record,532,death_frozen,0.92,0.0,0.3044032344055376,0.2924241514128656,0.0039045234684768784,0.4108117962154999,0.0,0.892951825794851
death_frozen_record,533,death_frozen,0.92,0.0,0.3044032344055376,0.2924241514128656,0.0038850008511344945,0.41100515373466534,0.0,0.8925946450645331
death_frozen_record,534,death_frozen,0.92,0.0,0.3044032344055376,0.2924241514128656,0.0038655758468788214,0.4111981245387925,0.0,0.8922376072065074
death_frozen_record,535,death_frozen,0.92,0.0,0.3044032344055376,0.2924241514128656,0.003846247967644428,0.41139070940131134,0.0,0.8918807121636247
death_frozen_record,536,death_frozen,0.92,0.0,0.3044032344055376,0.2924241514128656,0.003827016727806205,0.41158290909410516,0.0,0.8915239598787593
death_frozen_record,537,death_frozen,0.92,0.0,0.3044032344055376,0.2924241514128656,0.0038078816441671744,0.4117747243875134,0.0,0.8911673502948079
death_frozen_record,538,death_frozen,0.92,0.0,0.3044032344055376,0.2924241514128656,0.003788842235946339,0.4119661560503348,0.0,0.8908108833546899
death_frozen_record,539,death_frozen,0.92,0.0,0.3044032344055376,0.2924241514128656,0.003769898024766607,0.4121572048498306,0.0,0.8904545590013481
death_frozen_record,540,death_frozen,0.92,0.0,0.3044032344055376,0.2924241514128656,0.003751048534642774,0.41234787155172736,0.0,0.8900983771777475
death_frozen_record,541,death_frozen,0.92,0.0,0.3044032344055376,0.2924241514128656,0.00373229329196956,0.4125381569202204,0.0,0.8897423378268765
death_frozen_record,542,death_frozen,0.92,0.0,0.3044032344055376,0.2924241514128656,0.003713631825509712,0.4127280617179765,0.0,0.8893864408917458
death_frozen_record,543,death_frozen,0.92,0.0,0.3044032344055376,0.2924241514128656,0.003695063666382163,0.412917586706137,0.0,0.8890306863153892
death_frozen_record,544,death_frozen,0.92,0.0,0.3044032344055376,0.2924241514128656,0.003676588348050252,0.4131067326443212,0.0,0.8886750740408631
death_frozen_record,545,death_frozen,0.92,0.0,0.3044032344055376,0.2924241514128656,0.003658205406310001,0.413295500290629,0.0,0.8883196040112468
death_frozen_record,546,death_frozen,0.92,0.0,0.3044032344055376,0.2924241514128656,0.003639914379278451,0.4134838904016442,0.0,0.8879642761696424
death_frozen_record,547,death_frozen,0.92,0.0,0.3044032344055376,0.2924241514128656,0.0036217148073820586,0.4136719037324374,0.0,0.8876090904591746
death_frozen_record,548,death_frozen,0.92,0.0,0.3044032344055376,0.2924241514128656,0.003603606233345149,0.4138595410365689,0.0,0.8872540468229909
death_frozen_record,549,death_frozen,0.92,0.0,0.3044032344055376,0.2924241514128656,0.0035855882021784227,0.41404680306609226,0.0,0.8868991452042617
death_frozen_record,550,death_frozen,0.92,0.0,0.3044032344055376,0.2924241514128656,0.0035676602611675306,0.41423369057155657,0.0,0.8865443855461801
death_frozen_record,551,death_frozen,0.92,0.0,0.3044032344055376,0.2924241514128656,0.003549821959861693,0.4144202043020099,0.0,0.8861897677919617
death_frozen_record,552,death_frozen,0.92,0.0,0.3044032344055376,0.2924241514128656,0.0035320728500623844,0.4146063450050024,0.0,0.8858352918848449
death_frozen_record,553,death_frozen,0.92,0.0,0.3044032344055376,0.2924241514128656,0.003514412485812072,0.41479211342658884,0.0,0.885480957768091
death_frozen_record,554,death_frozen,0.92,0.0,0.3044032344055376,0.2924241514128656,0.0034968404233830124,0.41497751031133207,0.0,0.8851267653849838
death_frozen_record,555,death_frozen,0.92,0.0,0.3044032344055376,0.2924241514128656,0.0034793562212660973,0.4151625364023059,0.0,0.8847727146788299
death_frozen_record,556,death_frozen,0.92,0.0,0.3044032344055376,0.2924241514128656,0.003461959440159766,0.41534719244109763,0.0,0.8844188055929584
death_frozen_record,557,death_frozen,0.92,0.0,0.3044032344055376,0.2924241514128656,0.0034446496429589675,0.415531479167812,0.0,0.8840650380707212
death_frozen_record,558,death_frozen,0.92,0.0,0.3044032344055376,0.2924241514128656,0.003427426394744173,0.4157153973210728,0.0,0.883711412055493
death_frozen_record,559,death_frozen,0.92,0.0,0.3044032344055376,0.2924241514128656,0.003410289262770452,0.41589894763802715,0.0,0.8833579274906708
death_frozen_record,560,death_frozen,0.92,0.0,0.3044032344055376,0.2924241514128656,0.0033932378164565997,0.41608213085434753,0.0,0.8830045843196745
death_frozen_record,561,death_frozen,0.92,0.0,0.3044032344055376,0.2924241514128656,0.0033762716273743167,0.4162649477042353,0.0,0.8826513824859468
death_frozen_record,562,death_frozen,0.92,0.0,0.3044032344055376,0.2924241514128656,0.0033593902692374447,0.41644739892042326,0.0,0.8822983219329524
death_frozen_record,563,death_frozen,0.92,0.0,0.3044032344055376,0.2924241514128656,0.0033425933178912576,0.416629485234179,0.0,0.8819454026041793
death_frozen_record,564,death_frozen,0.92,0.0,0.3044032344055376,0.2924241514128656,0.0033258803513018017,0.4168112073753069,0.0,0.8815926244431377
death_frozen_record,565,death_frozen,0.92,0.0,0.3044032344055376,0.2924241514128656,0.0033092509495452928,0.4169925660721528,0.0,0.8812399873933605
death_frozen_record,566,death_frozen,0.92,0.0,0.3044032344055376,0.2924241514128656,0.003292704694797566,0.41717356205160494,0.0,0.8808874913984032
death_frozen_record,567,death_frozen,0.92,0.0,0.3044032344055376,0.2924241514128656,0.0032762411713235778,0.4173541960390983,0.0,0.8805351364018439
death_frozen_record,568,death_frozen,0.92,0.0,0.3044032344055376,0.2924241514128656,0.0032598599654669607,0.41753446875861655,0.0,0.8801829223472832
death_frozen_record,569,death_frozen,0.92,0.0,0.3044032344055376,0.2924241514128656,0.0032435606656396254,0.4177143809326957,0.0,0.8798308491783443
death_frozen_record,570,death_frozen,0.92,0.0,0.3044032344055376,0.2924241514128656,0.0032273428623114274,0.4178939332824268,0.0,0.879478916838673
death_frozen_record,571,death_frozen,0.92,0.0,0.3044032344055376,0.2924241514128656,0.0032112061479998705,0.4180731265274584,0.0,0.8791271252719375
death_frozen_record,572,death_frozen,0.92,0.0,0.3044032344055376,0.2924241514128656,0.003195150117259871,0.41825196138599996,0.0,0.8787754744218288
death_frozen_record,573,death_frozen,0.92,0.0,0.3044032344055376,0.2924241514128656,0.0031791743666735716,0.4184304385748245,0.0,0.8784239642320602
death_frozen_record,574,death_frozen,0.92,0.0,0.3044032344055376,0.2924241514128656,0.003163278494840204,0.41860855880927117,0.0,0.8780725946463673
death_frozen_record,575,death_frozen,0.92,0.0,0.3044032344055376,0.2924241514128656,0.0031474621023660026,0.4187863228032491,0.0,0.8777213656085088
death_frozen_record,576,death_frozen,0.92,0.0,0.3044032344055376,0.2924241514128656,0.003131724791854173,0.4189637312692391,0.0,0.8773702770622654
death_frozen_record,577,death_frozen,0.92,0.0,0.3044032344055376,0.2924241514128656,0.0031160661678949018,0.4191407849182971,0.0,0.8770193289514405
death_frozen_record,578,death_frozen,0.92,0.0,0.3044032344055376,0.2924241514128656,0.0031004858370554276,0.41931748446005696,0.0,0.8766685212198599
death_frozen_record,579,death_frozen,0.92,0.0,0.3044032344055376,0.2924241514128656,0.0030849834078701503,0.4194938306027332,0.0,0.8763178538113721
death_frozen_record,580,death_frozen,0.92,0.0,0.3044032344055376,0.2924241514128656,0.003069558490830799,0.41966982405312436,0.0,0.8759673266698476
death_frozen_record,581,death_frozen,0.92,0.0,0.3044032344055376,0.2924241514128656,0.0030542106983766455,0.41984546551661456,0.0,0.8756169397391796
death_frozen_record,582,death_frozen,0.92,0.0,0.3044032344055376,0.2924241514128656,0.003038939644884762,0.4200207556971778,0.0,0.875266692963284
death_frozen_record,583,death_frozen,0.92,0.0,0.3044032344055376,0.2924241514128656,0.0030237449466603383,0.42019569529737993,0.0,0.8749165862860987
death_frozen_record,584,death_frozen,0.92,0.0,0.3044032344055376,0.2924241514128656,0.003008626221927037,0.4203702850183816,0.0,0.8745666196515843
death_frozen_record,585,death_frozen,0.92,0.0,0.3044032344055376,0.2924241514128656,0.0029935830908174015,0.42054452555994126,0.0,0.8742167930037238
death_frozen_record,586,death_frozen,0.92,0.0,0.3044032344055376,0.2924241514128656,0.0029786151753633146,0.42071841762041773,0.0,0.8738671062865223
death_frozen_record,587,death_frozen,0.92,0.0,0.3044032344055376,0.2924241514128656,0.0029637220994864974,0.42089196189677347,0.0,0.8735175594440078
death_frozen_record,588,death_frozen,0.92,0.0,0.3044032344055376,0.2924241514128656,0.002948903488989065,0.42106515908457626,0.0,0.8731681524202302
death_frozen_record,589,death_frozen,0.92,0.0,0.3044032344055376,0.2924241514128656,0.00293415897154412,0.42123800987800375,0.0,0.8728188851592621
death_frozen_record,590,death_frozen,0.92,0.0,0.3044032344055376,0.2924241514128656,0.002919488176686399,0.42141051496984416,0.0,0.8724697576051984
death_frozen_record,591,death_frozen,0.92,0.0,0.3044032344055376,0.2924241514128656,0.002904890735802967,0.4215826750515009,0.0,0.8721207697021564
death_frozen_record,592,death_frozen,0.92,0.0,0.3044032344055376,0.2924241514128656,0.002890366282123953,0.4217544908129943,0.0,0.8717719213942755
death_frozen_record,593,death_frozen,0.92,0.0,0.3044032344055376,0.2924241514128656,0.002875914450713333,0.4219259629429648,0.0,0.8714232126257179
death_frozen_record,594,death_frozen,0.92,0.0,0.3044032344055376,0.2924241514128656,0.002861534878459766,0.4220970921286753,0.0,0.8710746433406676
death_frozen_record,595,death_frozen,0.92,0.0,0.3044032344055376,0.2924241514128656,0.0028472272040674673,0.4222678790560144,0.0,0.8707262134833315
death_frozen_record,596,death_frozen,0.92,0.0,0.3044032344055376,0.2924241514128656,0.0028329910680471304,0.42243832440949897,0.0,0.8703779229979381
death_frozen_record,597,death_frozen,0.92,0.0,0.3044032344055376,0.2924241514128656,0.0028188261127068946,0.42260842887227634,0.0,0.870029771828739
death_frozen_record,598,death_frozen,0.92,0.0,0.3044032344055376,0.2924241514128656,0.0028047319821433597,0.4227781931261282,0.0,0.8696817599200075
death_frozen_record,599,death_frozen,0.92,0.0,0.3044032344055376,0.2924241514128656,0.002790708322232643,0.4229476178514725,0.0,0.8693338872160395
death_frozen_record,600,death_frozen,0.92,0.0,0.3044032344055376,0.2924241514128656,0.0027767547806214804,0.42311670372736604,0.0,0.8689861536611532
death_frozen_record,601,death_frozen,0.92,0.0,0.3044032344055376,0.2924241514128656,0.0027628710067183725,0.42328545143150775,0.0,0.8686385591996888
death_frozen_record,602,death_frozen,0.92,0.0,0.3044032344055376,0.2924241514128656,0.0027490566516847805,0.4234538616402411,0.0,0.8682911037760089
death_frozen_record,603,death_frozen,0.92,0.0,0.3044032344055376,0.2924241514128656,0.002735311368426357,0.42362193502855705,0.0,0.8679437873344986
death_frozen_record,604,death_frozen,0.92,0.0,0.3044032344055376,0.2924241514128656,0.002721634811584225,0.42378967227009645,0.0,0.8675966098195649
death_frozen_record,605,death_frozen,0.92,0.0,0.3044032344055376,0.2924241514128656,0.002708026637526304,0.4239570740371527,0.0,0.8672495711756371
death_frozen_record,606,death_frozen,0.92,0.0,0.3044032344055376,0.2924241514128656,0.0026944865043386722,0.42412414100067486,0.0,0.8669026713471668
death_frozen_record,607,death_frozen,0.92,0.0,0.3044032344055376,0.2924241514128656,0.002681014071816979,0.42429087383027,0.0,0.866555910278628
death_frozen_record,608,death_frozen,0.92,0.0,0.3044032344055376,0.2924241514128656,0.0026676090014578937,0.4244572731942059,0.0,0.8662092879145166
death_frozen_record,609,death_frozen,0.92,0.0,0.3044032344055376,0.2924241514128656,0.0026542709564506043,0.42462333975941396,0.0,0.8658628041993508
death_frozen_record,610,death_frozen,0.92,0.0,0.3044032344055376,0.2924241514128656,0.002640999601668352,0.42478907419149153,0.0,0.865516459077671
death_frozen_record,611,death_frozen,0.92,0.0,0.3044032344055376,0.2924241514128656,0.0026277946036600097,0.42495447715470513,0.0,0.86517025249404
death_frozen_record,612,death_frozen,0.92,0.0,0.3044032344055376,0.2924241514128656,0.00261465563064171,0.42511954931199214,0.0,0.8648241843930424
death_frozen_record,613,death_frozen,0.92,0.0,0.3044032344055376,0.2924241514128656,0.002601582352488501,0.4252842913249647,0.0,0.8644782547192853
death_frozen_record,614,death_frozen,0.92,0.0,0.3044032344055376,0.2924241514128656,0.0025885744407260582,0.4254487038539111,0.0,0.8641324634173976
death_frozen_record,615,death_frozen,0.92,0.0,0.3044032344055376,0.2924241514128656,0.0025756315685224285,0.42561278755779974,0.0,0.8637868104320306
death_frozen_record,616,death_frozen,0.92,0.0,0.3044032344055376,0.2924241514128656,0.0025627534106798166,0.4257765430942806,0.0,0.8634412957078579
death_frozen_record,617,death_frozen,0.92,0.0,0.3044032344055376,0.2924241514128656,0.002549939643626417,0.4259399711196885,0.0,0.8630959191895747
death_frozen_record,618,death_frozen,0.92,0.0,0.3044032344055376,0.2924241514128656,0.0025371899454082847,0.42610307228904565,0.0,0.862750680821899
death_frozen_record,619,death_frozen,0.92,0.0,0.3044032344055376,0.2924241514128656,0.0025245039956812436,0.42626584725606403,0.0,0.8624055805495703
death_frozen_record,620,death_frozen,0.92,0.0,0.3044032344055376,0.2924241514128656,0.002511881475702837,0.42642829667314824,0.0,0.8620606183173505
death_frozen_record,621,death_frozen,0.92,0.0,0.3044032344055376,0.2924241514128656,0.0024993220683243223,0.42659042119139845,0.0,0.8617157940700236
death_frozen_record,622,death_frozen,0.92,0.0,0.3044032344055376,0.2924241514128656,0.002486825457982701,0.4267522214606121,0.0,0.8613711077523957
death_frozen_record,623,death_frozen,0.92,0.0,0.3044032344055376,0.2924241514128656,0.002474391330692788,0.42691369812928726,0.0,0.8610265593092947
death_frozen_record,624,death_frozen,0.92,0.0,0.3044032344055376,0.2924241514128656,0.0024620193740393236,0.42707485184462524,0.0,0.860682148685571
death_frozen_record,625,death_frozen,0.92,0.0,0.3044032344055376,0.2924241514128656,0.0024497092771691266,0.42723568325253247,0.0,0.8603378758260969
death_frozen_record,626,death_frozen,0.92,0.0,0.3044032344055376,0.2924241514128656,0.0024374607307832818,0.42739619299762394,0.0,0.8599937406757665
death_frozen_record,627,death_frozen,0.92,0.0,0.3044032344055376,0.2924241514128656,0.002425273427129365,0.4275563817232251,0.0,0.8596497431794963
death_frozen_record,628,death_frozen,0.92,0.0,0.3044032344055376,0.2924241514128656,0.0024131470599937184,0.4277162500713751,0.0,0.8593058832822245
death_frozen_record,629,death_frozen,0.92,0.0,0.3044032344055376,0.2924241514128656,0.0024010813246937495,0.4278757986828288,0.0,0.8589621609289116
death_frozen_record,630,death_frozen,0.92,0.0,0.3044032344055376,0.2924241514128656,0.002389075918070281,0.42803502819705963,0.0,0.8586185760645401
death_frozen_record,631,death_frozen,0.92,0.0,0.3044032344055376,0.2924241514128656,0.0023771305384799294,0.4281939392522619,0.0,0.8582751286341143
death_frozen_record,632,death_frozen,0.92,0.0,0.3044032344055376,0.2924241514128656,0.00236524488578753,0.4283525324853539,0.0,0.8579318185826607
death_frozen_record,633,death_frozen,0.92,0.0,0.3044032344055376,0.2924241514128656,0.0023534186613585924,0.42851080853197965,0.0,0.8575886458552276
death_frozen_record,634,death_frozen,0.92,0.0,0.3044032344055376,0.2924241514128656,0.002341651568051799,0.42866876802651216,0.0,0.8572456103968856
death_frozen_record,635,death_frozen,0.92,0.0,0.3044032344055376,0.2924241514128656,0.0023299433102115397,0.42882641160205553,0.0,0.856902712152727
death_frozen_record,636,death_frozen,0.92,0.0,0.3044032344055376,0.2924241514128656,0.0023182935936604822,0.4289837398904479,0.0,0.8565599510678659
death_frozen_record,637,death_frozen,0.92,0.0,0.3044032344055376,0.2924241514128656,0.00230670212569218,0.4291407535222635,0.0,0.8562173270874388
death_frozen_record,638,death_frozen,0.92,0.0,0.3044032344055376,0.2924241514128656,0.002295168615063719,0.42929745312681544,0.0,0.8558748401566039
death_frozen_record,639,death_frozen,0.92,0.0,0.3044032344055376,0.2924241514128656,0.0022836927719884,0.42945383933215825,0.0,0.8555324902205412
death_frozen_record,640,death_frozen,0.92,0.0,0.3044032344055376,0.2924241514128656,0.002272274308128458,0.4296099127650904,0.0,0.8551902772244531
death_frozen_record,641,death_frozen,0.92,0.0,0.3044032344055376,0.2924241514128656,0.002260912936587816,0.4297656740511567,0.0,0.8548482011135633
death_frozen_record,642,death_frozen,0.92,0.0,0.3044032344055376,0.2924241514128656,0.0022496083719048773,0.4299211238146508,0.0,0.854506261833118
death_frozen_record,643,death_frozen,0.92,0.0,0.3044032344055376,0.2924241514128656,0.0022383603300453526,0.43007626267861804,0.0,0.8541644593283847
death_frozen_record,644,death_frozen,0.92,0.0,0.3044032344055376,0.2924241514128656,0.002227168528395126,0.4302310912648572,0.0,0.8538227935446534
death_frozen_record,645,death_frozen,0.92,0.0,0.3044032344055376,0.2924241514128656,0.00221603268575315,0.43038561019392396,0.0,0.8534812644272356
death_frozen_record,646,death_frozen,0.92,0.0,0.3044032344055376,0.2924241514128656,0.0022049525223243843,0.43053982008513253,0.0,0.8531398719214648
death_frozen_record,647,death_frozen,0.92,0.0,0.3044032344055376,0.2924241514128656,0.0021939277597127623,0.4306937215565587,0.0,0.8527986159726962
death_frozen_record,648,death_frozen,0.92,0.0,0.3044032344055376,0.2924241514128656,0.002182958120914199,0.43084731522504205,0.0,0.8524574965263072
death_frozen_record,649,death_frozen,0.92,0.0,0.3044032344055376,0.2924241514128656,0.002172043330309628,0.43100060170618854,0.0,0.8521165135276967
death_frozen_record,650,death_frozen,0.92,0.0,0.3044032344055376,0.2924241514128656,0.0021611831136580796,0.43115358161437256,0.0,0.8517756669222857
death_frozen_record,651,death_frozen,0.92,0.0,0.3044032344055376,0.2924241514128656,0.0021503771980897887,0.4313062555627403,0.0,0.8514349566555168
death_frozen_record,652,death_frozen,0.92,0.0,0.3044032344055376,0.2924241514128656,0.0021396253120993403,0.43145862416321124,0.0,0.8510943826728546
death_frozen_record,653,death_frozen,0.92,0.0,0.3044032344055376,0.2924241514128656,0.0021289271855388435,0.4316106880264813,0.0,0.8507539449197855
death_frozen_record,654,death_frozen,0.92,0.0,0.3044032344055376,0.2924241514128656,0.002118282549611149,0.4317624477620249,0.0,0.8504136433418177
death_frozen_record,655,death_frozen,0.92,0.0,0.3044032344055376,0.2924241514128656,0.0021076911368630934,0.4319139039780972,0.0,0.850073477884481
death_frozen_record,656,death_frozen,0.92,0.0,0.3044032344055376,0.2924241514128656,0.002097152681178778,0.43206505728173744,0.0,0.8497334484933272
death_frozen_record,657,death_frozen,0.92,0.0,0.3044032344055376,0.2924241514128656,0.002086666917772884,0.4322159082787705,0.0,0.8493935551139299
death_frozen_record,658,death_frozen,0.92,0.0,0.3044032344055376,0.2924241514128656,0.0020762335831840196,0.43236645757380937,0.0,0.8490537976918844
death_frozen_record,659,death_frozen,0.92,0.0,0.3044032344055376,0.2924241514128656,0.0020658524152680994,0.43251670577025814,0.0,0.8487141761728076
death_frozen_record,660,death_frozen,0.92,0.0,0.3044032344055376,0.2924241514128656,0.0020555231531917593,0.4326666534703142,0.0,0.8483746905023386
death_frozen_record,661,death_frozen,0.92,0.0,0.3044032344055376,0.2924241514128656,0.0020452455374258003,0.4328163012749699,0.0,0.8480353406261377
death_frozen_record,662,death_frozen,0.92,0.0,0.3044032344055376,0.2924241514128656,0.0020350193097386712,0.43296564978401647,0.0,0.8476961264898873
death_frozen_record,663,death_frozen,0.92,0.0,0.3044032344055376,0.2924241514128656,0.0020248442131899783,0.43311469959604504,0.0,0.8473570480392915
death_frozen_record,664,death_frozen,0.92,0.0,0.3044032344055376,0.2924241514128656,0.002014719992124028,0.4332634513084494,0.0,0.8470181052200758
death_frozen_record,665,death_frozen,0.92,0.0,0.3044032344055376,0.2924241514128656,0.0020046463921634078,0.43341190551742886,0.0,0.8466792979779878
death_frozen_record,666,death_frozen,0.92,0.0,0.3044032344055376,0.2924241514128656,0.001994623160202591,0.4335600628179905,0.0,0.8463406262587967
death_frozen_record,667,death_frozen,0.92,0.0,0.3044032344055376,0.2924241514128656,0.0019846500444015776,0.43370792380395096,0.0,0.8460020900082932
death_frozen_record,668,death_frozen,0.92,0.0,0.3044032344055376,0.2924241514128656,0.0019747267941795698,0.4338554890679396,0.0,0.84566368917229
death_frozen_record,669,death_frozen,0.92,0.0,0.3044032344055376,0.2924241514128656,0.001964853160208672,0.4340027592014001,0.0,0.8453254236966211
death_frozen_record,670,death_frozen,0.92,0.0,0.3044032344055376,0.2924241514128656,0.0019550288944076293,0.4341497347945938,0.0,0.8449872935271425
death_frozen_record,671,death_frozen,0.92,0.0,0.3044032344055376,0.2924241514128656,0.0019452537499355907,0.43429641643660105,0.0,0.8446492986097317
death_frozen_record,672,death_frozen,0.92,0.0,0.3044032344055376,0.2924241514128656,0.0019355274811859128,0.4344428047153243,0.0,0.8443114388902878
death_frozen_record,673,death_frozen,0.92,0.0,0.3044032344055376,0.2924241514128656,0.001925849843779983,0.43458890021749014,0.0,0.8439737143147318
death_frozen_record,674,death_frozen,0.92,0.0,0.3044032344055376,0.2924241514128656,0.0019162205945610833,0.43473470352865157,0.0,0.843636124829006
death_frozen_record,675,death_frozen,0.92,0.0,0.3044032344055376,0.2924241514128656,0.0019066394915882778,0.4348802152331908,0.0,0.8432986703790744
death_frozen_record,676,death_frozen,0.92,0.0,0.3044032344055376,0.2924241514128656,0.0018971062941303366,0.4350254359143208,0.0,0.8429613509109227
death_frozen_record,677,death_frozen,0.92,0.0,0.3044032344055376,0.2924241514128656,0.0018876207626596848,0.4351703661540887,0.0,0.8426241663705584
death_frozen_record,678,death_frozen,0.92,0.0,0.3044032344055376,0.2924241514128656,0.0018781826588463862,0.43531500653337696,0.0,0.8422871167040101
death_frozen_record,679,death_frozen,0.92,0.0,0.3044032344055376,0.2924241514128656,0.0018687917455521544,0.4354593576319067,0.0,0.8419502018573286
death_frozen_record,680,death_frozen,0.92,0.0,0.3044032344055376,0.2924241514128656,0.0018594477868243934,0.43560342002823926,0.0,0.8416134217765857
death_frozen_record,681,death_frozen,0.92,0.0,0.3044032344055376,0.2924241514128656,0.0018501505478902716,0.4357471942997793,0.0,0.8412767764078751
death_frozen_record,682,death_frozen,0.92,0.0,0.3044032344055376,0.2924241514128656,0.0018408997951508206,0.4358906810227761,0.0,0.8409402656973121
death_frozen_record,683,death_frozen,0.92,0.0,0.3044032344055376,0.2924241514128656,0.001831695296175066,0.43603388077232696,0.0,0.8406038895910332
death_frozen_record,684,death_frozen,0.92,0.0,0.3044032344055376,0.2924241514128656,0.0018225368196941908,0.4361767941223789,0.0,0.8402676480351968
death_frozen_record,685,death_frozen,0.92,0.0,0.3044032344055376,0.2924241514128656,0.0018134241355957197,0.4363194216457306,0.0,0.8399315409759828
death_frozen_record,686,death_frozen,0.92,0.0,0.3044032344055376,0.2924241514128656,0.0018043570149177412,0.43646176391403546,0.0,0.8395955683595924
death_frozen_record,687,death_frozen,0.92,0.0,0.3044032344055376,0.2924241514128656,0.0017953352298431522,0.4366038214978039,0.0,0.8392597301322485
death_frozen_record,688,death_frozen,0.92,0.0,0.3044032344055376,0.2924241514128656,0.0017863585536939369,0.43674559496640486,0.0,0.8389240262401957
death_frozen_record,689,death_frozen,0.92,0.0,0.3044032344055376,0.2924241514128656,0.001777426760925467,0.43688708488806854,0.0,0.8385884566296996
death_frozen_record,690,death_frozen,0.92,0.0,0.3044032344055376,0.2924241514128656,0.0017685396271208398,0.4370282918298889,0.0,0.8382530212470478
death_frozen_record,691,death_frozen,0.92,0.0,0.3044032344055376,0.2924241514128656,0.0017596969289852354,0.4371692163578256,0.0,0.837917720038549
death_frozen_record,692,death_frozen,0.92,0.0,0.3044032344055376,0.2924241514128656,0.0017508984443403096,0.43730985903670627,0.0,0.8375825529505336
death_frozen_record,693,death_frozen,0.92,0.0,0.3044032344055376,0.2924241514128656,0.001742143952118608,0.4374502204302293,0.0,0.8372475199293534
death_frozen_record,694,death_frozen,0.92,0.0,0.3044032344055376,0.2924241514128656,0.0017334332323580145,0.43759030110096536,0.0,0.8369126209213817
death_frozen_record,695,death_frozen,0.92,0.0,0.3044032344055376,0.2924241514128656,0.0017247660661962247,0.4377301016103598,0.0,0.8365778558730133
death_frozen_record,696,death_frozen,0.92,0.0,0.3044032344055376,0.2924241514128656,0.0017161422358652435,0.43786962251873557,0.0,0.836243224730664
death_frozen_record,697,death_frozen,0.92,0.0,0.3044032344055376,0.2924241514128656,0.0017075615246859173,0.4380088643852945,0.0,0.8359087274407718
death_frozen_record,698,death_frozen,0.92,0.0,0.3044032344055376,0.2924241514128656,0.0016990237170624878,0.43814782776812056,0.0,0.8355743639497956
death_frozen_record,699,death_frozen,0.92,0.0,0.3044032344055376,0.2924241514128656,0.0016905285984771753,0.43828651322418066,0.0,0.8352401342042157
death_frozen_record,700,death_frozen,0.92,0.0,0.3044032344055376,0.2924241514128656,0.0016820759554847895,0.4384249213093288,0.0,0.8349060381505341
death_frozen_record,701,death_frozen,0.92,0.0,0.3044032344055376,0.2924241514128656,0.0016736655757073654,0.43856305257830663,0.0,0.8345720757352739
death_frozen_record,702,death_frozen,0.92,0.0,0.3044032344055376,0.2924241514128656,0.0016652972478288285,0.43870090758474634,0.0,0.8342382469049798
death_frozen_record,703,death_frozen,0.92,0.0,0.3044032344055376,0.2924241514128656,0.0016569707615896843,0.43883848688117333,0.0,0.8339045516062179
death_frozen_record,704,death_frozen,0.92,0.0,0.3044032344055376,0.2924241514128656,0.0016486859077817358,0.4389757910190076,0.0,0.8335709897855754
death_frozen_record,705,death_frozen,0.92,0.0,0.3044032344055376,0.2924241514128656,0.0016404424782428275,0.43911282054856593,0.0,0.8332375613896612
death_frozen_record,706,death_frozen,0.92,0.0,0.3044032344055376,0.2924241514128656,0.0016322402658516132,0.4392495760190653,0.0,0.8329042663651054
death_frozen_record,707,death_frozen,0.92,0.0,0.3044032344055376,0.2924241514128656,0.001624079064522355,0.4393860579786237,0.0,0.8325711046585594
death_frozen_record,708,death_frozen,0.92,0.0,0.3044032344055376,0.2924241514128656,0.0016159586691997434,0.4395222669742629,0.0,0.8322380762166961
death_frozen_record,709,death_frozen,0.92,0.0,0.3044032344055376,0.2924241514128656,0.0016078788758537444,0.43965820355191076,0.0,0.8319051809862095
death_frozen_record,710,death_frozen,0.92,0.0,0.3044032344055376,0.2924241514128656,0.0015998394814744756,0.4397938682564034,0.0,0.8315724189138151
death_frozen_record,711,death_frozen,0.92,0.0,0.3044032344055376,0.2924241514128656,0.0015918402840671034,0.43992926163148705,0.0,0.8312397899462496
death_frozen_record,712,death_frozen,0.92,0.0,0.3044032344055376,0.2924241514128656,0.0015838810826467676,0.4400643842198206,0.0,0.8309072940302711
death_frozen_record,713,death_frozen,0.92,0.0,0.3044032344055376,0.2924241514128656,0.0015759616772335336,0.4401992365629773,0.0,0.830574931112659
death_frozen_record,714,death_frozen,0.92,0.0,0.3044032344055376,0.2924241514128656,0.0015680818688473663,0.440333819201448,0.0,0.830242701140214
death_frozen_record,715,death_frozen,0.92,0.0,0.3044032344055376,0.2924241514128656,0.0015602414595031293,0.4404681326746414,0.0,0.829910604059758
death_frozen_record,716,death_frozen,0.92,0.0,0.3044032344055376,0.2924241514128656,0.0015524402522056138,0.4406021775208886,0.0,0.8295786398181342
death_frozen_record,717,death_frozen,0.92,0.0,0.3044032344055376,0.2924241514128656,0.0015446780509445856,0.4407359542774433,0.0,0.829246808362207
death_frozen_record,718,death_frozen,0.92,0.0,0.3044032344055376,0.2924241514128656,0.0015369546606898625,0.4408694634804849,0.0,0.8289151096388622
death_frozen_record,719,death_frozen,0.92,0.0,0.3044032344055376,0.2924241514128656,0.0015292698873864132,0.4410027056651204,0.0,0.8285835435950066
death_frozen_record,720,death_frozen,0.92,0.0,0.3044032344055376,0.2924241514128656,0.0015216235379494813,0.44113568136538667,0.0,0.8282521101775686
death_frozen_record,721,death_frozen,0.92,0.0,0.3044032344055376,0.2924241514128656,0.0015140154202597338,0.44126839111425226,0.0,0.8279208093334977
death_frozen_record,722,death_frozen,0.92,0.0,0.3044032344055376,0.2924241514128656,0.0015064453431584352,0.4414008354436203,0.0,0.8275896410097643
death_frozen_record,723,death_frozen,0.92,0.0,0.3044032344055376,0.2924241514128656,0.0014989131164426434,0.44153301488432956,0.0,0.8272586051533605
death_frozen_record,724,death_frozen,0.92,0.0,0.3044032344055376,0.2924241514128656,0.0014914185508604295,0.44166492996615725,0.0,0.8269277017112991
death_frozen_record,725,death_frozen,0.92,0.0,0.3044032344055376,0.2924241514128656,0.0014839614581061277,0.4417965812178215,0.0,0.8265969306306147
death_frozen_record,726,death_frozen,0.92,0.0,0.3044032344055376,0.2924241514128656,0.001476541650815597,0.44192796916698224,0.0,0.8262662918583624
death_frozen_record,727,death_frozen,0.92,0.0,0.3044032344055376,0.2924241514128656,0.001469158942561519,0.44205909434024476,0.0,0.8259357853416192
death_frozen_record,728,death_frozen,0.92,0.0,0.3044032344055376,0.2924241514128656,0.0014618131478487115,0.4421899572631607,0.0,0.8256054110274825
death_frozen_record,729,death_frozen,0.92,0.0,0.3044032344055376,0.2924241514128656,0.0014545040821094678,0.4423205584602309,0.0,0.8252751688630716
death_frozen_record,730,death_frozen,0.92,0.0,0.3044032344055376,0.2924241514128656,0.0014472315616989207,0.4424508984549069,0.0,0.8249450587955264
death_frozen_record,731,death_frozen,0.92,0.0,0.3044032344055376,0.2924241514128656,0.0014399954038904258,0.4425809777695935,0.0,0.8246150807720082
death_frozen_record,732,death_frozen,0.92,0.0,0.3044032344055376,0.2924241514128656,0.0014327954268709738,0.4427107969256508,0.0,0.8242852347396994
death_frozen_record,733,death_frozen,0.92,0.0,0.3044032344055376,0.2924241514128656,0.0014256314497366192,0.442840356443396,0.0,0.8239555206458036
death_frozen_record,734,death_frozen,0.92,0.0,0.3044032344055376,0.2924241514128656,0.0014185032924879358,0.4429696568421057,0.0,0.8236259384375453
death_frozen_record,735,death_frozen,0.92,0.0,0.3044032344055376,0.2924241514128656,0.0014114107760254963,0.44309869864001783,0.0,0.8232964880621703
death_frozen_record,736,death_frozen,0.92,0.0,0.3044032344055376,0.2924241514128656,0.0014043537221453686,0.44322748235433435,0.0,0.8229671694669455
death_frozen_record,737,death_frozen,0.92,0.0,0.3044032344055376,0.2924241514128656,0.0013973319535346418,0.4433560085012221,0.0,0.8226379825991588
death_frozen_record,738,death_frozen,0.92,0.0,0.3044032344055376,0.2924241514128656,0.0013903452937669685,0.4434842775958161,0.0,0.8223089274061192
death_frozen_record,739,death_frozen,0.92,0.0,0.3044032344055376,0.2924241514128656,0.0013833935672981335,0.4436122901522209,0.0,0.8219800038351568
death_frozen_record,740,death_frozen,0.92,0.0,0.3044032344055376,0.2924241514128656,0.0013764765994616428,0.44374004668351313,0.0,0.8216512118336228
death_frozen_record,741,death_frozen,0.92,0.0,0.3044032344055376,0.2924241514128656,0.0013695942164643352,0.44386754770174236,0.0,0.8213225513488893
death_frozen_record,742,death_frozen,0.92,0.0,0.3044032344055376,0.2924241514128656,0.0013627462453820133,0.4439947937179354,0.0,0.8209940223283498
death_frozen_record,743,death_frozen,0.92,0.0,0.3044032344055376,0.2924241514128656,0.001355932514155103,0.44412178524209595,0.0,0.8206656247194185
death_frozen_record,744,death_frozen,0.92,0.0,0.3044032344055376,0.2924241514128656,0.0013491528515843275,0.4442485227832082,0.0,0.8203373584695308
death_frozen_record,745,death_frozen,0.92,0.0,0.3044032344055376,0.2924241514128656,0.0013424070873264062,0.4443750068492383,0.0,0.820009223526143
death_frozen_record,746,death_frozen,0.92,0.0,0.3044032344055376,0.2924241514128656,0.0013356950518897742,0.44450123794713636,0.0,0.8196812198367326
death_frozen_record,747,death_frozen,0.92,0.0,0.3044032344055376,0.2924241514128656,0.0013290165766303252,0.4446272165828385,0.0,0.819353347348798
death_frozen_record,748,death_frozen,0.92,0.0,0.3044032344055376,0.2924241514128656,0.0013223714937471733,0.4447529432612692,0.0,0.8190256060098584
death_frozen_record,749,death_frozen,0.92,0.0,0.3044032344055376,0.2924241514128656,0.0013157596362784376,0.44487841848634324,0.0,0.8186979957674545
death_frozen_record,750,death_frozen,0.92,0.0,0.3044032344055376,0.2924241514128656,0.0013091808380970452,0.44500364276096704,0.0,0.8183705165691476
death_frozen_record,751,death_frozen,0.92,0.0,0.3044032344055376,0.2924241514128656,0.0013026349339065604,0.44512861658704145,0.0,0.81804316836252
death_frozen_record,752,death_frozen,0.92,0.0,0.3044032344055376,0.2924241514128656,0.0012961217592370275,0.44525334046546383,0.0,0.817715951095175
death_frozen_record,753,death_frozen,0.92,0.0,0.3044032344055376,0.2924241514128656,0.0012896411504408423,0.4453778148961294,0.0,0.817388864714737
death_frozen_record,754,death_frozen,0.92,0.0,0.3044032344055376,0.2924241514128656,0.0012831929446886381,0.4455020403779337,0.0,0.8170619091688511
death_frozen_record,755,death_frozen,0.92,0.0,0.3044032344055376,0.2924241514128656,0.0012767769799651946,0.4456260174087742,0.0,0.8167350844051836
death_frozen_record,756,death_frozen,0.92,0.0,0.3044032344055376,0.2924241514128656,0.0012703930950653686,0.44574974648555316,0.0,0.8164083903714215
death_frozen_record,757,death_frozen,0.92,0.0,0.3044032344055376,0.2924241514128656,0.0012640411295900419,0.4458732281041784,0.0,0.816081827015273
death_frozen_record,758,death_frozen,0.92,0.0,0.3044032344055376,0.2924241514128656,0.0012577209239420916,0.44599646275956656,0.0,0.8157553942844669
death_frozen_record,759,death_frozen,0.92,0.0,0.3044032344055376,0.2924241514128656,0.001251432319322381,0.44611945094564376,0.0,0.8154290921267531
death_frozen_record,760,death_frozen,0.92,0.0,0.3044032344055376,0.2924241514128656,0.0012451751577257694,0.4462421931553491,0.0,0.8151029204899024
death_frozen_record,761,death_frozen,0.92,0.0,0.3044032344055376,0.2924241514128656,0.0012389492819371406,0.4463646898806349,0.0,0.8147768793217065
death_frozen_record,762,death_frozen,0.92,0.0,0.3044032344055376,0.2924241514128656,0.001232754535527455,0.44648694161247005,0.0,0.8144509685699779
death_frozen_record,763,death_frozen,0.92,0.0,0.3044032344055376,0.2924241514128656,0.0012265907628498177,0.44660894884084157,0.0,0.81412518818255
death_frozen_record,764,death_frozen,0.92,0.0,0.3044032344055376,0.2924241514128656,0.0012204578090355685,0.4467307120547563,0.0,0.813799538107277
death_frozen_record,765,death_frozen,0.92,0.0,0.3044032344055376,0.2924241514128656,0.0012143555199903902,0.44685223174224326,0.0,0.8134740182920341
death_frozen_record,766,death_frozen,0.92,0.0,0.3044032344055376,0.2924241514128656,0.001208283742390439,0.44697350839035516,0.0,0.8131486286847174
death_frozen_record,767,death_frozen,0.92,0.0,0.3044032344055376,0.2924241514128656,0.0012022423236784864,0.44709454248517105,0.0,0.8128233692332435
death_frozen_record,768,death_frozen,0.92,0.0,0.3044032344055376,0.2924241514128656,0.001196231112060094,0.4472153345117971,0.0,0.8124982398855503
death_frozen_record,769,death_frozen,0.92,0.0,0.3044032344055376,0.2924241514128656,0.0011902499564997936,0.44733588495436993,0.0,0.8121732405895961
death_frozen_record,770,death_frozen,0.92,0.0,0.3044032344055376,0.2924241514128656,0.0011842987067172941,0.4474561942960578,0.0,0.8118483712933603
death_frozen_record,771,death_frozen,0.92,0.0,0.3044032344055376,0.2924241514128656,0.0011783772131837083,0.44757626301906217,0.0,0.811523631944843
death_frozen_record,772,death_frozen,0.92,0.0,0.3044032344055376,0.2924241514128656,0.0011724853271177895,0.4476960916046205,0.0,0.8111990224920651
death_frozen_record,773,death_frozen,0.92,0.0,0.3044032344055376,0.2924241514128656,0.0011666229004822005,0.44781568053300774,0.0,0.8108745428830683
death_frozen_record,774,death_frozen,0.92,0.0,0.3044032344055376,0.2924241514128656,0.0011607897859797895,0.4479350302835381,0.0,0.810550193065915
death_frozen_record,775,death_frozen,0.92,0.0,0.3044032344055376,0.2924241514128656,0.0011549858370498906,0.44805414133456745,0.0,0.8102259729886887
death_frozen_record,776,death_frozen,0.92,0.0,0.3044032344055376,0.2924241514128656,0.0011492109078646412,0.4481730141634948,0.0,0.8099018825994933
death_frozen_record,777,death_frozen,0.92,0.0,0.3044032344055376,0.2924241514128656,0.001143464853325318,0.44829164924676435,0.0,0.8095779218464535
death_frozen_record,778,death_frozen,0.92,0.0,0.3044032344055376,0.2924241514128656,0.0011377475290586913,0.4484100470598672,0.0,0.8092540906777149
death_frozen_record,779,death_frozen,0.92,0.0,0.3044032344055376,0.2924241514128656,0.0011320587914133975,0.44852820807734395,0.0,0.8089303890414439
death_frozen_record,780,death_frozen,0.92,0.0,0.3044032344055376,0.2924241514128656,0.0011263984974563307,0.4486461327727857,0.0,0.8086068168858274
death_frozen_record,781,death_frozen,0.92,0.0,0.3044032344055376,0.2924241514128656,0.0011207665049690493,0.44876382161883666,0.0,0.808283374159073
death_frozen_record,782,death_frozen,0.92,0.0,0.3044032344055376,0.2924241514128656,0.0011151626724442039,0.4488812750871954,0.0,0.8079600608094094
death_frozen_record,783,death_frozen,0.92,0.0,0.3044032344055376,0.2924241514128656,0.001109586859081983,0.4489984936486175,0.0,0.8076368767850857
death_frozen_record,784,death_frozen,0.92,0.0,0.3044032344055376,0.2924241514128656,0.001104038924786573,0.4491154777729166,0.0,0.8073138220343716
death_frozen_record,785,death_frozen,0.92,0.0,0.3044032344055376,0.2924241514128656,0.0010985187301626401,0.4492322279289674,0.0,0.8069908965055579
death_frozen_record,786,death_frozen,0.92,0.0,0.3044032344055376,0.2924241514128656,0.001093026136511827,0.4493487445847059,0.0,0.8066681001469557
death_frozen_record,787,death_frozen,0.92,0.0,0.3044032344055376,0.2924241514128656,0.001087561005829268,0.449465028207133,0.0,0.806345432906897
death_frozen_record,788,death_frozen,0.92,0.0,0.3044032344055376,0.2924241514128656,0.0010821232008001215,0.4495810792623152,0.0,0.8060228947337342
death_frozen_record,789,death_frozen,0.92,0.0,0.3044032344055376,0.2924241514128656,0.0010767125847961209,0.44969689821538683,0.0,0.8057004855758407
death_frozen_record,790,death_frozen,0.92,0.0,0.3044032344055376,0.2924241514128656,0.0010713290218721404,0.4498124855305527,0.0,0.8053782053816104
death_frozen_record,791,death_frozen,0.92,0.0,0.3044032344055376,0.2924241514128656,0.0010659723767627795,0.44992784167108807,0.0,0.8050560540994578
death_frozen_record,792,death_frozen,0.92,0.0,0.3044032344055376,0.2924241514128656,0.0010606425148789657,0.45004296709934233,0.0,0.8047340316778181
death_frozen_record,793,death_frozen,0.92,0.0,0.3044032344055376,0.2924241514128656,0.0010553393023045709,0.45015786227674004,0.0,0.804412138065147
death_frozen_record,794,death_frozen,0.92,0.0,0.3044032344055376,0.2924241514128656,0.001050062605793048,0.450272527663783,0.0,0.8040903732099209
death_frozen_record,795,death_frozen,0.92,0.0,0.3044032344055376,0.2924241514128656,0.0010448122927640827,0.45038696372005205,0.0,0.803768737060637
death_frozen_record,796,death_frozen,0.92,0.0,0.3044032344055376,0.2924241514128656,0.0010395882313002623,0.4505011709042083,0.0,0.8034472295658128
death_frozen_record,797,death_frozen,0.92,0.0,0.3044032344055376,0.2924241514128656,0.001034390290143761,0.4506151496739964,0.0,0.8031258506739866
death_frozen_record,798,death_frozen,0.92,0.0,0.3044032344055376,0.2924241514128656,0.001029218338693042,0.45072890048624487,0.0,0.802804600333717
death_frozen_record,799,death_frozen,0.92,0.0,0.3044032344055376,0.2924241514128656,0.0010240722469995768,0.4508424237968688,0.0,0.8024834784935836
death_frozen_record,800,death_frozen,0.92,0.0,0.3044032344055376,0.2924241514128656,0.001018951885764579,0.4509557200608715,0.0,0.8021624851021862
death_frozen_record,801,death_frozen,0.92,0.0,0.3044032344055376,0.2924241514128656,0.0010138571263357563,0.4510687897323462,0.0,0.8018416201081454
death_frozen_record,802,death_frozen,0.92,0.0,0.3044032344055376,0.2924241514128656,0.0010087878407040772,0.45118163326447797,0.0,0.8015208834601022
death_frozen_record,803,death_frozen,0.92,0.0,0.3044032344055376,0.2924241514128656,0.001003743901500557,0.45129425110954546,0.0,0.8012002751067182
death_frozen_record,804,death_frozen,0.92,0.0,0.3044032344055376,0.2924241514128656,0.000998725181993054,0.4514066437189229,0.0,0.8008797949966756
death_frozen_record,805,death_frozen,0.92,0.0,0.3044032344055376,0.2924241514128656,0.000993731556083089,0.45151881154308154,0.0,0.800559443078677
death_frozen_record,806,death_frozen,0.92,0.0,0.3044032344055376,0.2924241514128656,0.0009887628983026734,0.4516307550315918,0.0,0.8002392193014456
death_frozen_record,807,death_frozen,0.92,0.0,0.3044032344055376,0.2924241514128656,0.00098381908381116,0.45174247463312517,0.0,0.7999191236137251
death_frozen_record,808,death_frozen,0.92,0.0,0.3044032344055376,0.2924241514128656,0.0009788999883921041,0.45185397079545536,0.0,0.7995991559642797
death_frozen_record,809,death_frozen,0.92,0.0,0.3044032344055376,0.2924241514128656,0.0009740054884501436,0.45196524396546084,0.0,0.799279316301894
death_frozen_record,810,death_frozen,0.92,0.0,0.3044032344055376,0.2924241514128656,0.000969135461007893,0.45207629458912635,0.0,0.7989596045753733
death_frozen_record,811,death_frozen,0.92,0.0,0.3044032344055376,0.2924241514128656,0.0009642897837028535,0.45218712311154446,0.0,0.7986400207335432
death_frozen_record,812,death_frozen,0.92,0.0,0.3044032344055376,0.2924241514128656,0.0009594683347843392,0.452297729976918,0.0,0.7983205647252498
death_frozen_record,813,death_frozen,0.92,0.0,0.3044032344055376,0.2924241514128656,0.0009546709931104175,0.4524081156285607,0.0,0.7980012364993597
death_frozen_record,814,death_frozen,0.92,0.0,0.3044032344055376,0.2924241514128656,0.0009498976381448655,0.45251828050890003,0.0,0.7976820360047601
death_frozen_record,815,death_frozen,0.92,0.0,0.3044032344055376,0.2924241514128656,0.0009451481499541412,0.45262822505947864,0.0,0.7973629631903582
death_frozen_record,816,death_frozen,0.92,0.0,0.3044032344055376,0.2924241514128656,0.0009404224092043704,0.45273794972095616,0.0,0.7970440180050821
death_frozen_record,817,death_frozen,0.92,0.0,0.3044032344055376,0.2924241514128656,0.0009357202971583485,0.4528474549331107,0.0,0.7967252003978801
death_frozen_record,818,death_frozen,0.92,0.0,0.3044032344055376,0.2924241514128656,0.0009310416956725567,0.45295674113484097,0.0,0.7964065103177209
death_frozen_record,819,death_frozen,0.92,0.0,0.3044032344055376,0.2924241514128656,0.0009263864871941941,0.4530658087641676,0.0,0.7960879477135938
death_frozen_record,820,death_frozen,0.92,0.0,0.3044032344055376,0.2924241514128656,0.0009217545547582231,0.45317465825823583,0.0,0.7957695125345084
death_frozen_record,821,death_frozen,0.92,0.0,0.3044032344055376,0.2924241514128656,0.0009171457819844319,0.4532832900533158,0.0,0.7954512047294947
death_frozen_record,822,death_frozen,0.92,0.0,0.3044032344055376,0.2924241514128656,0.0009125600530745096,0.4533917045848057,0.0,0.7951330242476029
death_frozen_record,823,death_frozen,0.92,0.0,0.3044032344055376,0.2924241514128656,0.0009079972528091372,0.45349990228723247,0.0,0.7948149710379039
death_frozen_record,824,death_frozen,0.92,0.0,0.3044032344055376,0.2924241514128656,0.0009034572665450914,0.4536078835942545,0.0,0.7944970450494887
death_frozen_record,825,death_frozen,0.92,0.0,0.3044032344055376,0.2924241514128656,0.0008989399802123662,0.45371564893866234,0.0,0.794179246231469
death_frozen_record,826,death_frozen,0.92,0.0,0.3044032344055376,0.2924241514128656,0.0008944452803113043,0.45382319875238164,0.0,0.7938615745329765
death_frozen_record,827,death_frozen,0.92,0.0,0.3044032344055376,0.2924241514128656,0.0008899730539097477,0.4539305334664733,0.0,0.7935440299031633
death_frozen_record,828,death_frozen,0.92,0.0,0.3044032344055376,0.2924241514128656,0.0008855231886401989,0.4540376535111368,0.0,0.7932266122912021
death_frozen_record,829,death_frozen,0.92,0.0,0.3044032344055376,0.2924241514128656,0.0008810955726969978,0.45414455931571107,0.0,0.7929093216462856
death_frozen_record,830,death_frozen,0.92,0.0,0.3044032344055376,0.2924241514128656,0.000876690094833513,0.45425125130867605,0.0,0.792592157917627
death_frozen_record,831,death_frozen,0.92,0.0,0.3044032344055376,0.2924241514128656,0.0008723066443593454,0.45435772991765516,0.0,0.7922751210544601
death_frozen_record,832,death_frozen,0.92,0.0,0.3044032344055376,0.2924241514128656,0.0008679451111375487,0.4544639955694164,0.0,0.7919582110060384
death_frozen_record,833,death_frozen,0.92,0.0,0.3044032344055376,0.2924241514128656,0.0008636053855818609,0.45457004868987394,0.0,0.7916414277216359
death_frozen_record,834,death_frozen,0.92,0.0,0.3044032344055376,0.2924241514128656,0.0008592873586539515,0.4546758897040906,0.0,0.7913247711505473
death_frozen_record,835,death_frozen,0.92,0.0,0.3044032344055376,0.2924241514128656,0.0008549909218606818,0.45478151903627895,0.0,0.7910082412420871
death_frozen_record,836,death_frozen,0.92,0.0,0.3044032344055376,0.2924241514128656,0.0008507159672513784,0.4548869371098028,0.0,0.7906918379455903
death_frozen_record,837,death_frozen,0.92,0.0,0.3044032344055376,0.2924241514128656,0.0008464623874151217,0.4549921443471797,0.0,0.7903755612104121
death_frozen_record,838,death_frozen,0.92,0.0,0.3044032344055376,0.2924241514128656,0.0008422300754780459,0.45509714117008176,0.0,0.7900594109859279
death_frozen_record,839,death_frozen,0.92,0.0,0.3044032344055376,0.2924241514128656,0.0008380189251006556,0.45520192799933806,0.0,0.7897433872215336
death_frozen_record,840,death_frozen,0.92,0.0,0.3044032344055376,0.2924241514128656,0.0008338288304751524,0.45530650525493593,0.0,0.789427489866645
death_frozen_record,841,death_frozen,0.92,0.0,0.3044032344055376,0.2924241514128656,0.0008296596863227766,0.45541087335602254,0.0,0.7891117188706984
death_frozen_record,842,death_frozen,0.92,0.0,0.3044032344055376,0.2924241514128656,0.0008255113878911627,0.4555150327209069,0.0,0.7887960741831501
death_frozen_record,843,death_frozen,0.92,0.0,0.3044032344055376,0.2924241514128656,0.0008213838309517069,0.45561898376706167,0.0,0.7884805557534769
death_frozen_record,844,death_frozen,0.92,0.0,0.3044032344055376,0.2924241514128656,0.0008172769117969483,0.45572272691112387,0.0,0.7881651635311755
death_frozen_record,845,death_frozen,0.92,0.0,0.3044032344055376,0.2924241514128656,0.0008131905272379636,0.4558262625688981,0.0,0.7878498974657631
death_frozen_record,846,death_frozen,0.92,0.0,0.3044032344055376,0.2924241514128656,0.0008091245746017736,0.4559295911553568,0.0,0.7875347575067768
death_frozen_record,847,death_frozen,0.92,0.0,0.3044032344055376,0.2924241514128656,0.0008050789517287648,0.45603271308464255,0.0,0.7872197436037741
death_frozen_record,848,death_frozen,0.92,0.0,0.3044032344055376,0.2924241514128656,0.000801053556970121,0.4561356287700697,0.0,0.7869048557063326
death_frozen_record,849,death_frozen,0.92,0.0,0.3044032344055376,0.2924241514128656,0.0007970482891852704,0.456238338624126,0.0,0.7865900937640501
death_frozen_record,850,death_frozen,0.92,0.0,0.3044032344055376,0.2924241514128656,0.0007930630477393442,0.4563408430584743,0.0,0.7862754577265445
death_frozen_record,851,death_frozen,0.92,0.0,0.3044032344055376,0.2924241514128656,0.0007890977325006474,0.4564431424839538,0.0,0.7859609475434539
death_frozen_record,852,death_frozen,0.92,0.0,0.3044032344055376,0.2924241514128656,0.000785152243838144,0.4565452373105823,0.0,0.7856465631644366
death_frozen_record,853,death_frozen,0.92,0.0,0.3044032344055376,0.2924241514128656,0.0007812264826189533,0.45664712794755763,0.0,0.7853323045391708
death_frozen_record,854,death_frozen,0.92,0.0,0.3044032344055376,0.2924241514128656,0.0007773203502058585,0.45674881480325896,0.0,0.7850181716173552
death_frozen_record,855,death_frozen,0.92,0.0,0.3044032344055376,0.2924241514128656,0.0007734337484548294,0.456850298285249,0.0,0.7847041643487083
death_frozen_record,856,death_frozen,0.92,0.0,0.3044032344055376,0.2924241514128656,0.000769566579712555,0.45695157880027487,0.0,0.7843902826829688
death_frozen_record,857,death_frozen,0.92,0.0,0.3044032344055376,0.2924241514128656,0.0007657187468139924,0.4570526567542708,0.0,0.7840765265698957
death_frozen_record,858,death_frozen,0.92,0.0,0.3044032344055376,0.2924241514128656,0.0007618901530799223,0.45715353255235874,0.0,0.7837628959592677
death_frozen_record,859,death_frozen,0.92,0.0,0.3044032344055376,0.2924241514128656,0.0007580807023145228,0.4572542065988505,0.0,0.783449390800884
death_frozen_record,860,death_frozen,0.92,0.0,0.3044032344055376,0.2924241514128656,0.0007542902988029502,0.45735467929724916,0.0,0.7831360110445638
death_frozen_record,861,death_frozen,0.92,0.0,0.3044032344055376,0.2924241514128656,0.0007505188473089354,0.45745495105025125,0.0,0.782822756640146
death_frozen_record,862,death_frozen,0.92,0.0,0.3044032344055376,0.2924241514128656,0.0007467662530723909,0.4575550222597472,0.0,0.78250962753749
death_frozen_record,863,death_frozen,0.92,0.0,0.3044032344055376,0.2924241514128656,0.0007430324218070288,0.4576548933268242,0.0,0.782196623686475
death_frozen_record,864,death_frozen,0.92,0.0,0.3044032344055376,0.2924241514128656,0.0007393172596979935,0.45775456465176695,0.0,0.7818837450370004
death_frozen_record,865,death_frozen,0.92,0.0,0.3044032344055376,0.2924241514128656,0.0007356206733995038,0.4578540366340599,0.0,0.7815709915389857
death_frozen_record,866,death_frozen,0.92,0.0,0.3044032344055376,0.2924241514128656,0.0007319425700325061,0.4579533096723883,0.0,0.7812583631423701
death_frozen_record,867,death_frozen,0.92,0.0,0.3044032344055376,0.2924241514128656,0.0007282828571823436,0.4580523841646399,0.0,0.7809458597971132
death_frozen_record,868,death_frozen,0.92,0.0,0.3044032344055376,0.2924241514128656,0.0007246414428964318,0.4581512605079071,0.0,0.7806334814531943
death_frozen_record,869,death_frozen,0.92,0.0,0.3044032344055376,0.2924241514128656,0.0007210182356819497,0.4582499390984877,0.0,0.7803212280606131
death_frozen_record,870,death_frozen,0.92,0.0,0.3044032344055376,0.2924241514128656,0.00071741314450354,0.45834842033188733,0.0,0.7800090995693889
death_frozen_record,871,death_frozen,0.92,0.0,0.3044032344055376,0.2924241514128656,0.0007138260787810224,0.45844670460281983,0.0,0.7796970959295612
death_frozen_record,872,death_frozen,0.92,0.0,0.3044032344055376,0.2924241514128656,0.0007102569483871172,0.4585447923052107,0.0,0.7793852170911894
death_frozen_record,873,death_frozen,0.92,0.0,0.3044032344055376,0.2924241514128656,0.0007067056636451816,0.4586426838321968,0.0,0.7790734630043529
death_frozen_record,874,death_frozen,0.92,0.0,0.3044032344055376,0.2924241514128656,0.0007031721353269558,0.45874037957612884,0.0,0.7787618336191512
death_frozen_record,875,death_frozen,0.92,0.0,0.3044032344055376,0.2924241514128656,0.0006996562746503208,0.45883787992857317,0.0,0.7784503288857035
death_frozen_record,876,death_frozen,0.92,0.0,0.3044032344055376,0.2924241514128656,0.0006961579932770693,0.4589351852803124,0.0,0.7781389487541492
death_frozen_record,877,death_frozen,0.92,0.0,0.3044032344055376,0.2924241514128656,0.0006926772033106839,0.4590322960213482,0.0,0.7778276931746476
death_frozen_record,878,death_frozen,0.92,0.0,0.3044032344055376,0.2924241514128656,0.0006892138172941305,0.459129212540902,0.0,0.7775165620973777
death_frozen_record,879,death_frozen,0.92,0.0,0.3044032344055376,0.2924241514128656,0.0006857677482076599,0.45922593522741667,0.0,0.7772055554725388
death_frozen_record,880,death_frozen,0.92,0.0,0.3044032344055376,0.2924241514128656,0.0006823389094666215,0.45932246446855823,0.0,0.7768946732503498
death_frozen_record,881,death_frozen,0.92,0.0,0.3044032344055376,0.2924241514128656,0.0006789272149192883,0.45941880065121765,0.0,0.7765839153810496
death_frozen_record,882,death_frozen,0.92,0.0,0.3044032344055376,0.2924241514128656,0.000675532578844692,0.4595149441615116,0.0,0.7762732818148973
death_frozen_record,883,death_frozen,0.92,0.0,0.3044032344055376,0.2924241514128656,0.0006721549159504685,0.45961089538478517,0.0,0.7759627725021714
death_frozen_record,884,death_frozen,0.92,0.0,0.3044032344055376,0.2924241514128656,0.000668794141370716,0.459706654705612,0.0,0.7756523873931706
death_frozen_record,885,death_frozen,0.92,0.0,0.3044032344055376,0.2924241514128656,0.0006654501706638629,0.4598022225077973,0.0,0.7753421264382133
death_frozen_record,886,death_frozen,0.92,0.0,0.3044032344055376,0.2924241514128656,0.0006621229198105433,0.45989759917437806,0.0,0.7750319895876381
death_frozen_record,887,death_frozen,0.92,0.0,0.3044032344055376,0.2924241514128656,0.0006588123052114904,0.4599927850876258,0.0,0.7747219767918031
death_frozen_record,888,death_frozen,0.92,0.0,0.3044032344055376,0.2924241514128656,0.0006555182436854332,0.46008778062904704,0.0,0.7744120880010864
death_frozen_record,889,death_frozen,0.92,0.0,0.3044032344055376,0.2924241514128656,0.000652240652467006,0.46018258617938546,0.0,0.774102323165886
death_frozen_record,890,death_frozen,0.92,0.0,0.3044032344055376,0.2924241514128656,0.0006489794492046709,0.4602772021186231,0.0,0.7737926822366197
death_frozen_record,891,death_frozen,0.92,0.0,0.3044032344055376,0.2924241514128656,0.0006457345519586475,0.46037162882598226,0.0,0.7734831651637251
death_frozen_record,892,death_frozen,0.92,0.0,0.3044032344055376,0.2924241514128656,0.0006425058791988544,0.4604658666799267,0.0,0.7731737718976596
death_frozen_record,893,death_frozen,0.92,0.0,0.3044032344055376,0.2924241514128656,0.00063929334980286,0.46055991605816343,0.0,0.7728645023889006
death_frozen_record,894,death_frozen,0.92,0.0,0.3044032344055376,0.2924241514128656,0.0006360968830538457,0.46065377733764357,0.0,0.772555356587945
death_frozen_record,895,death_frozen,0.92,0.0,0.3044032344055376,0.2924241514128656,0.0006329163986385765,0.46074745089456465,0.0,0.7722463344453099
death_frozen_record,896,death_frozen,0.92,0.0,0.3044032344055376,0.2924241514128656,0.0006297518166453835,0.4608409371043721,0.0,0.7719374359115317
death_frozen_record,897,death_frozen,0.92,0.0,0.3044032344055376,0.2924241514128656,0.0006266030575621566,0.4609342363417597,0.0,0.7716286609371672
death_frozen_record,898,death_frozen,0.92,0.0,0.3044032344055376,0.2924241514128656,0.000623470042274346,0.46102734898067277,0.0,0.7713200094727923
death_frozen_record,899,death_frozen,0.92,0.0,0.3044032344055376,0.2924241514128656,0.0006203526920629741,0.4611202753943078,0.0,0.7710114814690032
active_spirit_channel,0,alive,0.92,0.06718402678581947,0.3044032344055376,0.3227427135596574,0.1423638778028321,0.5288871372235084,0.0,1.0
active_spirit_channel,1,alive,0.92,0.06716681676843246,0.3044032344055376,0.32262095226589516,0.13812183398481087,0.5216327269472391,0.0,1.0
active_spirit_channel,2,alive,0.92,0.06714960675104546,0.3044032344055376,0.32249919097213287,0.1340235843233079,0.5146666339376404,0.0,1.0
active_spirit_channel,3,alive,0.92,0.06713239673365845,0.3044032344055376,0.3223774296783707,0.13006422892740593,0.5079773255040457,0.0,1.0
active_spirit_channel,4,alive,0.92,0.06711518671627144,0.3044032344055376,0.3222556683846085,0.12623903566719044,0.5015537302634149,0.0,1.0
active_spirit_channel,5,alive,0.92,0.06709797669888443,0.3044032344055376,0.3221339070908463,0.12254343440159698,0.4953852196880291,0.0,1.0
active_spirit_channel,6,alive,0.92,0.0670807666814974,0.3044032344055376,0.32201214579708404,0.1189730114058752,0.4894615903912788,0.0,1.0
active_spirit_channel,7,alive,0.92,0.06706355666411039,0.3044032344055376,0.3218903845033218,0.11552350399172957,0.4837730471220185,0.0,1.0
active_spirit_channel,8,alive,0.92,0.06704634664672339,0.3044032344055376,0.3217686232095597,0.1121907953134404,0.47831018643914847,0.0,1.0
active_spirit_channel,9,alive,0.92,0.06702913662933638,0.3044032344055376,0.3216468619157974,0.10897090935350219,0.47306398103921343,0.0,1.0
active_spirit_channel,10,alive,0.92,0.06701192661194935,0.3044032344055376,0.3215251006220352,0.1058600060815423,0.4680257647108956,0.0,1.0
active_spirit_channel,11,alive,0.92,0.06699471659456235,0.3044032344055376,0.3214033393282729,0.10285437678050027,0.4631872178913304,0.0,1.0
active_spirit_channel,12,alive,0.92,0.06697750657717533,0.3044032344055376,0.3212815780345108,0.09995043953425974,0.4585403538001679,0.0,1.0
active_spirit_channel,13,alive,0.92,0.06696029655978832,0.3044032344055376,0.32115981674074856,0.0971447348711256,0.4540775051282718,0.0,1.0
active_spirit_channel,14,alive,0.92,0.06694308654240129,0.3044032344055376,0.3210380554469863,0.09443392155773664,0.4497913112588717,0.0,1.0
active_spirit_channel,15,alive,0.92,0.06692587652501429,0.3044032344055376,0.3209162941532241,0.09181477253819201,0.44567470599986725,0.0,1.0
active_spirit_channel,16,alive,0.92,0.06690866650762728,0.3044032344055376,0.3207945328594619,0.08928417101335147,0.44172090580684314,0.0,1.0
active_spirit_channel,17,alive,0.92,0.06689145649024025,0.3044032344055376,0.3206727715656996,0.08683910665544631,0.43792339847716,0.0,1.0
active_spirit_channel,18,alive,0.92,0.06687424647285325,0.3044032344055376,0.32055101027193744,0.08447667195330673,0.4342759322962841,0.0,1.0
active_spirit_channel,19,alive,0.92,0.06685703645546623,0.3044032344055376,0.32042924897817526,0.08219405868367541,0.43077250561826314,0.0,1.0
active_spirit_channel,20,alive,0.92,0.06683982643807923,0.3044032344055376,0.32030748768441303,0.07998855450423473,0.4274073568629831,0.0,1.0
active_spirit_channel,21,alive,0.92,0.06682261642069222,0.3044032344055376,0.3201857263906508,0.07785753966412809,0.42417495491353424,0.0,1.0
active_spirit_channel,22,alive,0.92,0.06680540640330519,0.3044032344055376,0.3200639650968886,0.07579848382790219,0.4210699898976833,0.0,1.0
active_spirit_channel,23,alive,0.92,0.06678819638591818,0.3044032344055376,0.3199422038031264,0.07380894300893927,0.41808736433808635,0.0,1.0
active_spirit_channel,24,alive,0.92,0.06677098636853117,0.3044032344055376,0.3198204425093642,0.07188655660858564,0.4152221846564932,0.0,1.0
active_spirit_channel,25,alive,0.92,0.06675377635114416,0.3044032344055376,0.31969868121560197,0.07002904455731462,0.41246975301778377,0.0,1.0
active_spirit_channel,26,alive,0.92,0.06673656633375714,0.3044032344055376,0.3195769199218397,0.06823420455438925,0.4098255595002428,0.0,1.0
active_spirit_channel,27,alive,0.92,0.06671935631637013,0.3044032344055376,0.3194551586280775,0.0664999094026141,0.4072852745790233,0.0,1.0
active_spirit_channel,28,alive,0.92,0.06670214629898312,0.3044032344055376,0.3193333973343153,0.06482410443488328,0.4048447419102726,0.0,1.0
active_spirit_channel,29,alive,0.92,0.06668493628159611,0.3044032344055376,0.3192116360405531,0.06320480502934704,0.40249997140389193,0.0,1.0
active_spirit_channel,30,alive,0.92,0.0666677262642091,0.3044032344055376,0.3190898747467909,0.06164009421012964,0.40024713257338645,0.0,1.0
active_spirit_channel,31,alive,0.92,0.06665051624682208,0.3044032344055376,0.3189681134530286,0.06012812033063773,0.3980825481517211,0.0,1.0
active_spirit_channel,32,alive,0.92,0.06663330622943507,0.3044032344055376,0.3188463521592664,0.05866709483660208,0.3960026879625424,0.0,1.0
active_spirit_channel,33,alive,0.92,0.06661609621204805,0.3044032344055376,0.3187245908655042,0.05725529010609409,0.3940041630365508,0.0,1.0
active_spirit_channel,34,alive,0.92,0.06659888619466105,0.3044032344055376,0.318602829571742,0.055891037363855076,0.3920837199632188,0.0,1.0
active_spirit_channel,35,alive,0.92,0.06658167617727404,0.3044032344055376,0.3184810682779798,0.05457272466736848,0.3902382354684401,0.0,1.0
active_spirit_channel,36,alive,0.92,0.06656446615988701,0.3044032344055376,0.3183593069842176,0.05329879496219478,0.38846471120907256,0.0,1.0
active_spirit_channel,37,alive,0.92,0.06654725614250001,0.3044032344055376,0.31823754569045537,0.0520677442041746,0.3867602687756996,0.0,1.0
active_spirit_channel,38,alive,0.92,0.066530046125113,0.3044032344055376,0.3181157843966931,0.0508781195461895,0.3851221448952816,0.0,1.0
active_spirit_channel,39,alive,0.92,0.06651283610772599,0.3044032344055376,0.3179940231029309,0.04972851758724933,0.38354768682570023,0.0,1.0
active_spirit_channel,40,alive,0.92,0.06649562609033896,0.3044032344055376,0.3178722618091687,0.04861758268175309,0.3820343479345221,0.0,1.0
active_spirit_channel,41,alive,0.92,0.06647841607295195,0.3044032344055376,0.3177505005154065,0.047544005306844904,0.38057968345461113,0.0,1.0
active_spirit_channel,42,alive,0.92,0.06646120605556494,0.3044032344055376,0.31762873922164425,0.04650652048585869,0.37918134640951656,0.0,1.0
active_spirit_channel,43,alive,0.92,0.06644399603817792,0.3044032344055376,0.3175069779278821,0.045503906265914974,0.3778370837018457,0.0,1.0
active_spirit_channel,44,alive,0.92,0.06642678602079091,0.3044032344055376,0.31738521663411984,0.04453498224780036,0.3765447323581017,0.0,1.0
active_spirit_channel,45,alive,0.92,0.0664095760034039,0.3044032344055376,0.31726345534035766,0.04359860816632527,0.37530221592372737,0.0,1.0
active_spirit_channel,46,alive,0.92,0.06639236598601689,0.3044032344055376,0.3171416940465954,0.04269368251941769,0.37410754100234805,0.0,1.0
active_spirit_channel,47,alive,0.92,0.06637515596862988,0.3044032344055376,0.3170199327528332,0.04181914124427171,0.37295879393344383,0.0,1.0
active_spirit_channel,48,alive,0.92,0.06635794595124286,0.3044032344055376,0.31689817145907095,0.040973956438927546,0.3718541376029158,0.0,1.0
active_spirit_channel,49,alive,0.92,0.06634073593385584,0.3044032344055376,0.31677641016530883,0.04015713512771601,0.37079180838122877,0.0,1.0
active_spirit_channel,50,alive,0.92,0.06632352591646883,0.3044032344055376,0.31665464887154654,0.03936771806905501,0.3697701131840293,0.0,1.0
active_spirit_channel,51,alive,0.92,0.06630631589908181,0.3044032344055376,0.3165328875777843,0.038604778604137725,0.3687874266503377,0.0,1.0
active_spirit_channel,52,alive,0.92,0.0662891058816948,0.3044032344055376,0.3164111262840221,0.03786742154510315,0.36784218843361377,0.0,1.0
active_spirit_channel,53,alive,0.92,0.0662718958643078,0.3044032344055376,0.3162893649902599,0.03715478210132786,0.3669329006011787,0.0,1.0
active_spirit_channel,54,alive,0.92,0.06625468584692079,0.3044032344055376,0.31616760369649766,0.036466024842525875,0.3660581251376611,0.0,1.0
active_spirit_channel,55,alive,0.92,0.06623747582953377,0.3044032344055376,0.31604584240273553,0.03580034269738815,0.3652164815483042,0.0,1.0
active_spirit_channel,56,alive,0.92,0.06622026581214675,0.3044032344055376,0.3159240811089733,0.03515695598653777,0.36440664455814153,0.0,1.0
active_spirit_channel,57,alive,0.92,0.06620305579475975,0.3044032344055376,0.31580231981521106,0.034535111488618805,0.36362734190320534,0.0,1.0
active_spirit_channel,58,alive,0.92,0.06618584577737273,0.3044032344055376,0.31568055852144883,0.033934081538378215,0.3628773522100865,0.0,1.0
active_spirit_channel,59,alive,0.92,0.06616863575998573,0.3044032344055376,0.3155587972276866,0.03335316315563908,0.3621555029603124,0.0,1.0
active_spirit_channel,60,alive,0.92,0.06615142574259872,0.3044032344055376,0.3154370359339244,0.032791677204102164,0.36146066853614933,0.0,1.0
active_spirit_channel,61,alive,0.92,0.06613421572521169,0.3044032344055376,0.31531527464016224,0.03224896757894909,0.3607917683445726,0.0,1.0
active_spirit_channel,62,alive,0.92,0.06611700570782468,0.3044032344055376,0.3151935133464,0.0317244004222562,0.36014776501627904,0.0,1.0
active_spirit_channel,63,alive,0.92,0.06609979569043767,0.3044032344055376,0.3150717520526377,0.03121736336526236,0.35952766267673714,0.0,1.0
active_spirit_channel,64,alive,0.92,0.06608258567305066,0.3044032344055376,0.3149499907588755,0.03072726479656712,0.3589305052863969,0.0,1.0
active_spirit_channel,65,alive,0.92,0.06606537565566364,0.3044032344055376,0.3148282294651133,0.03025353315536736,0.35835537504729026,0.0,1.0
active_spirit_channel,66,alive,0.92,0.06604816563827662,0.3044032344055376,0.3147064681713511,0.02979561624887167,0.3578013908733678,0.0,1.0
active_spirit_channel,67,alive,0.92,0.06603095562088962,0.3044032344055376,0.31458470687758894,0.029352980593061274,0.35726770692202225,0.0,1.0
active_spirit_channel,68,alive,0.92,0.06601374560350261,0.3044032344055376,0.31446294558382665,0.028925110775994984,0.35675351118435045,0.0,1.0
active_spirit_channel,69,alive,0.92,0.0659965355861156,0.3044032344055376,0.31434118429006447,0.02851150884288363,0.35625802413180563,0.0,1.0
active_spirit_channel,70,alive,0.92,0.06597932556872858,0.3044032344055376,0.3142194229963022,0.02811169370218582,0.3557804974169825,0.0,1.0
active_spirit_channel,71,alive,0.92,0.06596211555134156,0.3044032344055376,0.31409766170254,0.0277252005520031,0.35532021262637226,0.0,1.0
active_spirit_channel,72,alive,0.92,0.06594490553395455,0.3044032344055376,0.3139759004087778,0.027351580326077166,0.3548764800830063,0.0,1.0
active_spirit_channel,73,alive,0.92,0.06592769551656753,0.3044032344055376,0.31385413911501564,0.026990399158716018,0.3544486376969951,0.0,1.0
active_spirit_channel,74,alive,0.92,0.06591048549918052,0.3044032344055376,0.31373237782125335,0.02664123786799932,0.35403604986204423,0.0,1.0
active_spirit_channel,75,alive,0.92,0.06589327548179351,0.3044032344055376,0.31361061652749117,0.02630369145663525,0.3536381063961114,0.0,1.0
active_spirit_channel,76,alive,0.92,0.0658760654644065,0.3044032344055376,0.313488855233729,0.025977368629863162,0.3532542215244359,0.0,1.0
active_spirit_channel,77,alive,0.92,0.06585885544701948,0.3044032344055376,0.3133670939399667,0.02566189132981711,0.3528838329032473,0.0,1.0
active_spirit_channel,78,alive,0.92,0.06584164542963247,0.3044032344055376,0.3132453326462045,0.025356894285785556,0.35252640068252633,0.0,1.0
active_spirit_channel,79,alive,0.92,0.06582443541224546,0.3044032344055376,0.31312357135244223,0.025062024579821703,0.3521814066062541,0.0,1.0
active_spirit_channel,80,alive,0.92,0.06580722539485845,0.3044032344055376,0.31300181005868005,0.024776941227178363,0.3518483531486528,0.0,1.0
active_spirit_channel,81,alive,0.92,0.06579001537747145,0.3044032344055376,0.3128800487649179,0.024501314771058706,0.3515267626849754,0.0,1.0
active_spirit_channel,82,alive,0.92,0.06577280536008441,0.3044032344055376,0.3127582874711557,0.0242348268911922,0.3512161766954652,0.0,1.0
active_spirit_channel,83,alive,0.92,0.06575559534269741,0.3044032344055376,0.3126365261773934,0.02397717002576188,0.35091615500115525,0.0,1.0
active_spirit_channel,84,alive,0.92,0.0657383853253104,0.3044032344055376,0.3125147648836312,0.023728047006225217,0.3506262750302377,0.0,1.0
active_spirit_channel,85,alive,0.92,0.06572117530792339,0.3044032344055376,0.312393003589869,0.023487170704586908,0.3503461311137769,0.0,1.0
active_spirit_channel,86,alive,0.92,0.06570396529053638,0.3044032344055376,0.31227124229610675,0.023254263692696956,0.35007533380959444,0.0,1.0
active_spirit_channel,87,alive,0.92,0.06568675527314936,0.3044032344055376,0.3121494810023446,0.023029057913161975,0.3498135092531994,0.0,1.0
active_spirit_channel,88,alive,0.92,0.06566954525576234,0.3044032344055376,0.3120277197085823,0.022811294361472223,0.34956029853467996,0.0,1.0
active_spirit_channel,89,alive,0.92,0.06565233523837534,0.3044032344055376,0.3119059584148201,0.022600722778960133,0.3493153571005213,0.0,1.0
active_spirit_channel,90,alive,0.92,0.06563512522098833,0.3044032344055376,0.3117841971210579,0.02239710135621951,0.34907835417934896,0.0,1.0
active_spirit_channel,91,alive,0.92,0.0656179152036013,0.3044032344055376,0.3116624358272957,0.022200196446627487,0.34884897223064354,0.0,1.0
active_spirit_channel,92,alive,0.92,0.06560070518621429,0.3044032344055376,0.3115406745335335,0.02200978228962325,0.3486269064155062,0.0,1.0
active_spirit_channel,93,alive,0.92,0.06558349516882728,0.3044032344055376,0.31141891323977133,0.021825640743409837,0.3484118640885944,0.0,1.0
active_spirit_channel,94,alive,0.92,0.06556628515144027,0.3044032344055376,0.31129715194600904,0.021647561026756586,0.3482035643103791,0.0,1.0
active_spirit_channel,95,alive,0.92,0.06554907513405325,0.3044032344055376,0.3111753906522468,0.02147533946959083,0.3480017373789123,0.0,1.0
active_spirit_channel,96,alive,0.92,0.06553186511666624,0.3044032344055376,0.31105362935848463,0.021308779272078446,0.3478061243803241,0.0,1.0
active_spirit_channel,97,alive,0.92,0.06551465509927923,0.3044032344055376,0.3109318680647224,0.021147690271902726,0.34761647675729956,0.0,1.0
active_spirit_channel,98,alive,0.92,0.06549744508189222,0.3044032344055376,0.3108101067709602,0.020991888719461515,0.3474325558948159,0.0,1.0
active_spirit_channel,99,alive,0.92,0.06548023506450519,0.3044032344055376,0.310688345477198,0.020841197060711754,0.34725413272245154,0.0,1.0
active_spirit_channel,100,alive,0.92,0.06546302504711819,0.3044032344055376,0.31056658418343575,0.020695443727400245,0.34708098733260173,0.0,1.0
active_spirit_channel,101,alive,0.92,0.06544581502973118,0.3044032344055376,0.3104448228896735,0.020554462934428055,0.34691290861396595,0.0,1.0
active_spirit_channel,102,alive,0.92,0.06542860501234417,0.3044032344055376,0.31032306159591133,0.020418094484104976,0.34674969389969545,0.0,1.0
active_spirit_channel,103,alive,0.92,0.06541139499495716,0.3044032344055376,0.3102013003021491,0.020286183577058636,0.3465911486296158,0.0,1.0
active_spirit_channel,104,alive,0.92,0.06539418497757013,0.3044032344055376,0.3100795390083869,0.02015858062957092,0.3464370860259593,0.0,1.0
active_spirit_channel,105,alive,0.92,0.06537697496018312,0.3044032344055376,0.3099577777146247,0.020035141097122334,0.346287326782069,0.0,1.0
active_spirit_channel,106,alive,0.92,0.06535976494279612,0.3044032344055376,0.30983601642086245,0.01991572530393229,0.3461416987635544,0.0,1.0
active_spirit_channel,107,alive,0.92,0.0653425549254091,0.3044032344055376,0.30971425512710027,0.019800198278290625,0.34600003672140023,0.0,1.0
active_spirit_channel,108,alive,0.92,0.06532534490802208,0.3044032344055376,0.30959249383333803,0.019688429593482715,0.34586218201655233,0.0,1.0
active_spirit_channel,109,alive,0.92,0.06530813489063508,0.3044032344055376,0.3094707325395758,0.019580293214117344,0.3457279823555182,0.0,1.0
active_spirit_channel,110,alive,0.92,0.06529092487324806,0.3044032344055376,0.3093489712458136,0.019475667347672934,0.3455972915365455,0.0,1.0
active_spirit_channel,111,alive,0.92,0.06527371485586105,0.3044032344055376,0.3092272099520514,0.019374434301084126,0.34546996920595163,0.0,1.0
active_spirit_channel,112,alive,0.92,0.06525650483847403,0.3044032344055376,0.3091054486582891,0.019276480342196846,0.34534588062420146,0.0,1.0
active_spirit_channel,113,alive,0.92,0.06523929482108702,0.3044032344055376,0.30898368736452697,0.019181695565925805,0.3452248964413413,0.0,1.0
active_spirit_channel,114,alive,0.92,0.06522208480370001,0.3044032344055376,0.30886192607076474,0.019089973764954048,0.3451068924814156,0.0,1.0
active_spirit_channel,115,alive,0.92,0.065204874786313,0.3044032344055376,0.3087401647770025,0.019001212304819843,0.34499174953550676,0.0,1.0
active_spirit_channel,116,alive,0.92,0.06518766476892598,0.3044032344055376,0.3086184034832403,0.018915312003241244,0.3448793531630543,0.0,1.0
active_spirit_channel,117,alive,0.92,0.06517045475153897,0.3044032344055376,0.30849664218947814,0.01883217701353393,0.34476959350111996,0.0,1.0
active_spirit_channel,118,alive,0.92,0.06515324473415196,0.3044032344055376,0.3083748808957158,0.018751714711982947,0.3446623650812829,0.0,1.0
active_spirit_channel,119,alive,0.92,0.06513603471676495,0.3044032344055376,0.3082531196019537,0.018673835589033558,0.34455756665385934,0.0,1.0
active_spirit_channel,120,alive,0.92,0.06511882469937792,0.3044032344055376,0.30813135830819144,0.018598453144171138,0.3444551010191526,0.0,1.0
active_spirit_channel,121,alive,0.92,0.06510161468199091,0.3044032344055376,0.3080095970144292,0.018525483784364475,0.34435487486545424,0.0,1.0
active_spirit_channel,122,alive,0.92,0.06508440466460391,0.3044032344055376,0.307887835720667,0.018454846725951213,0.3442567986135237,0.0,1.0
active_spirit_channel,123,alive,0.92,0.06506719464721689,0.3044032344055376,0.30776607442690485,0.01838646389984812,0.34416078626729035,0.0,1.0
active_spirit_channel,124,alive,0.92,0.06504998462982989,0.3044032344055376,0.30764431313314256,0.01832025985997312,0.3440667552705264,0.0,1.0
active_spirit_channel,125,alive,0.92,0.06503277461244288,0.3044032344055376,0.3075225518393803,0.018256161694769735,0.3439746263692529,0.0,1.0
active_spirit_channel,126,alive,0.92,0.06501556459505585,0.3044032344055376,0.30740079054561814,0.018194098941728375,0.3438843234796503,0.0,1.0
active_spirit_channel,127,alive,0.92,0.06499835457766884,0.3044032344055376,0.3072790292518559,0.018134003504802505,0.3437957735612518,0.0,1.0
active_spirit_channel,128,alive,0.92,0.06498114456028184,0.3044032344055376,0.3071572679580937,0.018075809574621217,0.34370890649520924,0.0,1.0
active_spirit_channel,129,alive,0.92,0.06496393454289481,0.3044032344055376,0.30703550666433155,0.01801945355140317,0.34362365496742836,0.0,1.0
active_spirit_channel,130,alive,0.92,0.0649467245255078,0.3044032344055376,0.3069137453705693,0.017964873970479873,0.3435399543563786,0.0,1.0
active_spirit_channel,131,alive,0.92,0.0649295145081208,0.3044032344055376,0.3067919840768071,0.01791201143033977,0.34345774262539086,0.0,1.0
active_spirit_channel,132,alive,0.92,0.06491230449073376,0.3044032344055376,0.30667022278304484,0.01786080852310736,0.3433769602192626,0.0,1.0
active_spirit_channel,133,alive,0.92,0.06489509447334676,0.3044032344055376,0.30654846148928266,0.0178112097673745,0.34329754996499945,0.0,1.0
active_spirit_channel,134,alive,0.92,0.06487788445595975,0.3044032344055376,0.30642670019552043,0.01776316154330416,0.34321945697652684,0.0,1.0
active_spirit_channel,135,alive,0.92,0.06486067443857274,0.3044032344055376,0.30630493890175825,0.017716612029929222,0.34314262856321304,0.0,1.0
active_spirit_channel,136,alive,0.92,0.06484346442118573,0.3044032344055376,0.30618317760799596,0.017671511144571824,0.34306701414205176,0.0,1.0
active_spirit_channel,137,alive,0.92,0.0648262544037987,0.3044032344055376,0.3060614163142338,0.017627810484311286,0.34299256515335697,0.0,1.0
active_spirit_channel,138,alive,0.92,0.06480904438641169,0.3044032344055376,0.3059396550204715,0.017585463269430907,0.34291923497982985,0.0,1.0
active_spirit_channel,139,alive,0.92,0.06479183436902469,0.3044032344055376,0.3058178937267093,0.01754442428877658,0.3428469788688639,0.0,1.0
active_spirit_channel,140,alive,0.92,0.06477462435163767,0.3044032344055376,0.30569613243294713,0.017504649846962213,0.34277575385795644,0.0,1.0
active_spirit_channel,141,alive,0.92,0.06475741433425067,0.3044032344055376,0.30557437113918495,0.017466097713359344,0.34270551870310534,0.0,1.0
active_spirit_channel,142,alive,0.92,0.06474020431686363,0.3044032344055376,0.3054526098454227,0.0174287270728103,0.3426362338100682,0.0,1.0
active_spirit_channel,143,alive,0.92,0.06472299429947663,0.3044032344055376,0.3053308485516604,0.01739249847800652,0.34256786116837257,0.0,1.0
active_spirit_channel,144,alive,0.92,0.06470578428208962,0.3044032344055376,0.3052090872578982,0.017357373803475476,0.34250036428796476,0.0,1.0
active_spirit_channel,145,alive,0.92,0.0646885742647026,0.3044032344055376,0.305087325964136,0.01732331620112166,0.34243370813839313,0.0,1.0
active_spirit_channel,146,alive,0.92,0.0646713642473156,0.3044032344055376,0.30496556467037383,0.01729029005726886,0.34236785909042444,0.0,1.0
active_spirit_channel,147,alive,0.92,0.06465415422992858,0.3044032344055376,0.30484380337661166,0.017258260951152907,0.3423027848599943,0.0,1.0
active_spirit_channel,148,alive,0.92,0.06463694421254157,0.3044032344055376,0.3047220420828494,0.017227195614815657,0.34223845445440154,0.0,1.0
active_spirit_channel,149,alive,0.92,0.06461973419515456,0.3044032344055376,0.3046002807890872,0.017197061894352692,0.3421748381206524,0.0,1.0
active_spirit_channel,150,alive,0.92,0.06460252417776755,0.3044032344055376,0.3044785194953249,0.017167828712468858,0.34211190729587315,0.0,1.0
active_spirit_channel,151,alive,0.92,0.06458531416038053,0.3044032344055376,0.3043567582015627,0.01713946603229739,0.34204963455970516,0.0,1.0
active_spirit_channel,152,alive,0.92,0.06456810414299352,0.3044032344055376,0.30423499690780054,0.017111944822439683,0.3419879935886038,0.0,1.0
active_spirit_channel,153,alive,0.92,0.0645508941256065,0.3044032344055376,0.30411323561403836,0.017085237023184437,0.34192695911196636,0.0,1.0
active_spirit_channel,154,alive,0.92,0.0645336841082195,0.3044032344055376,0.3039914743202761,0.01705931551386621,0.3418665068700144,0.0,1.0
active_spirit_channel,155,alive,0.92,0.06451647409083248,0.3044032344055376,0.30386971302651394,0.01703415408132476,0.3418066135733607,0.0,1.0
active_spirit_channel,156,alive,0.92,0.06449926407344547,0.3044032344055376,0.3037479517327517,0.01700972738942793,0.34174725686419294,0.0,1.0
active_spirit_channel,157,alive,0.92,0.06448205405605846,0.3044032344055376,0.3036261904389894,0.016986010949622054,0.3416884152790119,0.0,1.0
active_spirit_channel,158,alive,0.92,0.06446484403867145,0.3044032344055376,0.30350442914522724,0.016962981092475075,0.3416300682128582,0.0,1.0
active_spirit_channel,159,alive,0.92,0.06444763402128442,0.3044032344055376,0.303382667851465,0.0169406149401788,0.3415721958849704,0.0,1.0
active_spirit_channel,160,alive,0.92,0.06443042400389741,0.3044032344055376,0.3032609065577028,0.016918890379977854,0.3415147793058182,0.0,1.0
active_spirit_channel,161,alive,0.92,0.0644132139865104,0.3044032344055376,0.3031391452639406,0.016897786038493876,0.341457800245452,0.0,1.0
active_spirit_channel,162,alive,0.92,0.06439600396912339,0.3044032344055376,0.30301738397017836,0.016877281256914813,0.3414012412031205,0.0,1.0
active_spirit_channel,163,alive,0.92,0.06437879395173637,0.3044032344055376,0.3028956226764162,0.016857356067019894,0.34134508537810226,0.0,1.0
active_spirit_channel,164,alive,0.92,0.06436158393434938,0.3044032344055376,0.30277386138265394,0.01683799116801216,0.34128931664170464,0.0,1.0
active_spirit_channel,165,alive,0.92,0.06434437391696235,0.3044032344055376,0.3026521000888917,0.016819167904131124,0.3412339195103829,0.0,1.0
active_spirit_channel,166,alive,0.92,0.06432716389957534,0.3044032344055376,0.3025303387951295,0.01680086824301925,0.341178879119934,0.0,1.0
active_spirit_channel,167,alive,0.92,0.06430995388218833,0.3044032344055376,0.3024085775013673,0.016783074754816767,0.3411241812007231,0.0,1.0
active_spirit_channel,168,alive,0.92,0.06429274386480131,0.3044032344055376,0.30228681620760506,0.016765770591960126,0.3410698120539006,0.0,1.0
active_spirit_channel,169,alive,0.92,0.0642755338474143,0.3044032344055376,0.3021650549138428,0.01674893946966043,0.3410157585285709,0.0,1.0
active_spirit_channel,170,alive,0.92,0.06425832383002729,0.3044032344055376,0.30204329362008064,0.016732565647038764,0.34096200799987436,0.0,1.0
active_spirit_channel,171,alive,0.92,0.06424111381264028,0.3044032344055376,0.3019215323263184,0.01671663390889627,0.34090854834794565,0.0,1.0
active_spirit_channel,172,alive,0.92,0.06422390379525325,0.3044032344055376,0.30179977103255623,0.016701129548097538,0.3408553679377142,0.0,1.0
active_spirit_channel,173,alive,0.92,0.06420669377786624,0.3044032344055376,0.30167800973879405,0.01668603834854655,0.3408024555995119,0.0,1.0
active_spirit_channel,174,alive,0.92,0.06418948376047923,0.3044032344055376,0.3015562484450317,0.016671346568735222,0.34074980061045756,0.0,1.0
active_spirit_channel,175,alive,0.92,0.06417227374309221,0.3044032344055376,0.3014344871512695,0.016657040925845145,0.34069739267658544,0.0,1.0
active_spirit_channel,176,alive,0.92,0.0641550637257052,0.3044032344055376,0.30131272585750735,0.01664310858038393,0.34064522191568825,0.0,1.0
active_spirit_channel,177,alive,0.92,0.06413785370831819,0.3044032344055376,0.3011909645637451,0.016629537121338012,0.3405932788408469,0.0,1.0
active_spirit_channel,178,alive,0.92,0.06412064369093119,0.3044032344055376,0.30106920326998293,0.01661631455182458,0.3405415543446191,0.0,1.0
active_spirit_channel,179,alive,0.92,0.06410343367354417,0.3044032344055376,0.30094744197622075,0.01660342927522569,0.34049003968386043,0.0,1.0
active_spirit_channel,180,alive,0.92,0.06408622365615715,0.3044032344055376,0.3008256806824585,0.01659087008178839,0.340438726465152,0.0,1.0
active_spirit_channel,181,alive,0.92,0.06406901363877014,0.3044032344055376,0.3007039193886963,0.016578626135675067,0.34038760663081197,0.0,1.0
active_spirit_channel,182,alive,0.92,0.06405180362138313,0.3044032344055376,0.30058215809493405,0.01656668696244883,0.34033667244546545,0.0,1.0
active_spirit_channel,183,alive,0.92,0.06403459360399612,0.3044032344055376,0.3004603968011718,0.016555042436979302,0.3402859164831529,0.0,1.0
active_spirit_channel,184,alive,0.92,0.0640173835866091,0.3044032344055376,0.30033863550740963,0.016543682771754612,0.3402353316149526,0.0,1.0
active_spirit_channel,185,alive,0.92,0.0640001735692221,0.3044032344055376,0.30021687421364746,0.016532598505585888,0.34018491099710046,0.0,1.0
active_spirit_channel,186,alive,0.92,0.0639829635518351,0.3044032344055376,0.3000951129198852,0.016521780492691013,0.3401346480595823,0.0,1.0
active_spirit_channel,187,alive,0.92,0.06396575353444806,0.3044032344055376,0.29997335162612293,0.016511219892144914,0.34008453649518494,0.0,1.0
active_spirit_channel,188,alive,0.92,0.06394854351706106,0.3044032344055376,0.29985159033236075,0.01650090815768394,0.34003457024898337,0.0,1.0
active_spirit_channel,189,alive,0.92,0.06393133349967405,0.3044032344055376,0.2997298290385985,0.016490837027852482,0.33998474350824986,0.0,1.0
active_spirit_channel,190,alive,0.92,0.06391412348228703,0.3044032344055376,0.29960806774483634,0.01648099851648025,0.33993505069276553,0.0,1.0
active_spirit_channel,191,alive,0.92,0.06389691346490002,0.3044032344055376,0.2994863064510741,0.016471384903479096,0.3398854864455207,0.0,1.0
active_spirit_channel,192,alive,0.92,0.063879703447513,0.3044032344055376,0.2993645451573119,0.016461988725948604,0.3398360456237856,0.0,1.0
active_spirit_channel,193,alive,0.92,0.06386249343012598,0.3044032344055376,0.29924278386354963,0.016452802769580038,0.3397867232905399,0.0,1.0
active_spirit_channel,194,alive,0.92,0.06384528341273898,0.3044032344055376,0.29912102256978745,0.016443820060348658,0.33973751470624397,0.0,1.0
active_spirit_channel,195,alive,0.92,0.06382807339535196,0.3044032344055376,0.2989992612760252,0.0164350338564846,0.3396884153209399,0.0,1.0
active_spirit_channel,196,alive,0.92,0.06381086337796496,0.3044032344055376,0.29887749998226304,0.016426437640713044,0.33963942076666787,0.0,1.0
active_spirit_channel,197,alive,0.92,0.06379365336057793,0.3044032344055376,0.2987557386885008,0.016418025112754503,0.3395905268501867,0.0,1.0
active_spirit_channel,198,alive,0.92,0.06377644334319092,0.3044032344055376,0.29863397739473857,0.016409790182076608,0.3395417295459849,0.0,1.0
active_spirit_channel,199,alive,0.92,0.06375923332580391,0.3044032344055376,0.2985122161009764,0.01640172696088876,0.33949302498957096,0.0,1.0
active_spirit_channel,200,alive,0.92,0.0637420233084169,0.3044032344055376,0.29839045480721416,0.016393829757371633,0.33944440947103366,0.0,1.0
active_spirit_channel,201,alive,0.92,0.06372481329102989,0.3044032344055376,0.2982686935134519,0.016386093069133568,0.33939587942885774,0.0,1.0
active_spirit_channel,202,alive,0.92,0.06370760327364287,0.3044032344055376,0.29814693221968974,0.016378511576886152,0.33934743144398893,0.0,1.0
active_spirit_channel,203,alive,0.92,0.06369039325625585,0.3044032344055376,0.29802517092592756,0.016371080138331752,0.33929906223413475,0.0,1.0
active_spirit_channel,204,alive,0.92,0.06367318323886884,0.3044032344055376,0.29790340963216533,0.01636379378225577,0.33925076864829484,0.0,1.0
active_spirit_channel,205,alive,0.92,0.06365597322148182,0.3044032344055376,0.2977816483384031,0.016356647702816772,0.3392025476615083,0.0,1.0
active_spirit_channel,206,alive,0.92,0.06363876320409483,0.3044032344055376,0.2976598870446408,0.01634963725402784,0.33915439636981337,0.0,1.0
active_spirit_channel,207,alive,0.92,0.06362155318670781,0.3044032344055376,0.2975381257508786,0.016342757944422713,0.33910631198540614,0.0,1.0
active_spirit_channel,208,alive,0.92,0.06360434316932079,0.3044032344055376,0.29741636445711644,0.01633600543190053,0.3390582918319952,0.0,1.0
active_spirit_channel,209,alive,0.92,0.06358713315193379,0.3044032344055376,0.29729460316335427,0.016329375518743094,0.33901033334034064,0.0,1.0
active_spirit_channel,210,alive,0.92,0.06356992313454676,0.3044032344055376,0.29717284186959203,0.016322864146799013,0.33896243404397225,0.0,1.0
active_spirit_channel,211,alive,0.92,0.06355271311715975,0.3044032344055376,0.2970510805758298,0.016316467392828923,0.3389145915750785,0.0,1.0
active_spirit_channel,212,alive,0.92,0.06353550309977275,0.3044032344055376,0.2969293192820676,0.01631018146400653,0.3388668036605606,0.0,1.0
active_spirit_channel,213,alive,0.92,0.06351829308238573,0.3044032344055376,0.2968075579883053,0.016304002693570196,0.3388190681182433,0.0,1.0
active_spirit_channel,214,alive,0.92,0.06350108306499871,0.3044032344055376,0.29668579669454315,0.01629792753661995,0.3387713828532387,0.0,1.0
active_spirit_channel,215,alive,0.92,0.0634838730476117,0.3044032344055376,0.29656403540078097,0.016291952566055142,0.33872374585445425,0.0,1.0
active_spirit_channel,216,alive,0.92,0.06346666303022469,0.3044032344055376,0.29644227410701873,0.016286074468647962,0.3386761551912411,0.0,1.0
active_spirit_channel,217,alive,0.92,0.06344945301283768,0.3044032344055376,0.29632051281325655,0.016280290041248233,0.3386286090101766,0.0,1.0
active_spirit_channel,218,alive,0.92,0.06343224299545067,0.3044032344055376,0.2961987515194942,0.016274596187115173,0.33858110553197446,0.0,1.0
active_spirit_channel,219,alive,0.92,0.06341503297806364,0.3044032344055376,0.29607699022573203,0.016268989912371752,0.33853364304852046,0.0,1.0
active_spirit_channel,220,alive,0.92,0.06339782296067664,0.3044032344055376,0.29595522893196985,0.016263468322577614,0.33848621992002464,0.0,1.0
active_spirit_channel,221,alive,0.92,0.06338061294328963,0.3044032344055376,0.29583346763820767,0.016258028619416512,0.33843883457228857,0.0,1.0
active_spirit_channel,222,alive,0.92,0.06336340292590262,0.3044032344055376,0.29571170634444544,0.01625266809749452,0.3383914854940819,0.0,1.0
active_spirit_channel,223,alive,0.92,0.0633461929085156,0.3044032344055376,0.2955899450506832,0.016247384141245175,0.3383441712346235,0.0,1.0
active_spirit_channel,224,alive,0.92,0.0633289828911286,0.3044032344055376,0.295468183756921,0.01624217422193808,0.3382968904011634,0.0,1.0
active_spirit_channel,225,alive,0.92,0.06331177287374157,0.3044032344055376,0.2953464224631588,0.016237035894787425,0.3382496416566617,0.0,1.0
active_spirit_channel,226,alive,0.92,0.06329456285635456,0.3044032344055376,0.29522466116939655,0.016231966796157103,0.33820242371756,0.0,1.0
active_spirit_channel,227,alive,0.92,0.06327735283896754,0.3044032344055376,0.2951028998756344,0.01622696464085919,0.3381552353516424,0.0,1.0
active_spirit_channel,228,alive,0.92,0.06326014282158055,0.3044032344055376,0.29498113858187214,0.016222027219542644,0.3381080753759813,0.0,1.0
active_spirit_channel,229,alive,0.92,0.06324293280419352,0.3044032344055376,0.2948593772881099,0.016217152396169204,0.3380609426549669,0.0,1.0
active_spirit_channel,230,alive,0.92,0.0632257227868065,0.3044032344055376,0.2947376159943476,0.016212338105573557,0.3380138360984128,0.0,1.0
active_spirit_channel,231,alive,0.92,0.0632085127694195,0.3044032344055376,0.29461585470058543,0.016207582351105,0.33796675465974096,0.0,1.0
active_spirit_channel,232,alive,0.92,0.06319130275203248,0.3044032344055376,0.29449409340682325,0.016202883202347765,0.33791969733423594,0.0,1.0
active_spirit_channel,233,alive,0.92,0.06317409273464547,0.3044032344055376,0.294372332113061,0.016198238792917513,0.33787266315737113,0.0,1.0
active_spirit_channel,234,alive,0.92,0.06315688271725846,0.3044032344055376,0.29425057081929884,0.016193647318331277,0.33782565120320085,0.0,1.0
active_spirit_channel,235,alive,0.92,0.06313967269987145,0.3044032344055376,0.29412880952553666,0.016189107033948578,0.33777866058281736,0.0,1.0
active_spirit_channel,236,alive,0.92,0.06312246268248443,0.3044032344055376,0.29400704823177437,0.01618461625298117,0.33773169044286916,0.0,1.0
active_spirit_channel,237,alive,0.92,0.06310525266509742,0.3044032344055376,0.29388528693801214,0.01618017334456918,0.33768473996413895,0.0,1.0
active_spirit_channel,238,alive,0.92,0.06308804264771041,0.3044032344055376,0.29376352564424996,0.016175776731921533,0.3376378083601778,0.0,1.0
active_spirit_channel,239,alive,0.92,0.0630708326303234,0.3044032344055376,0.2936417643504877,0.016171424890518215,0.3375908948759951,0.0,1.0
active_spirit_channel,240,alive,0.92,0.06305362261293639,0.3044032344055376,0.29352000305672554,0.016167116346372676,0.33754399878679975,0.0,1.0
active_spirit_channel,241,alive,0.92,0.06303641259554936,0.3044032344055376,0.29339824176296336,0.01616284967435206,0.3374971193967921,0.0,1.0
active_spirit_channel,242,alive,0.92,0.06301920257816235,0.3044032344055376,0.2932764804692011,0.016158623496553486,0.3374502560380048,0.0,1.0
active_spirit_channel,243,alive,0.92,0.06300199256077534,0.3044032344055376,0.29315471917543884,0.016154436480734467,0.33740340806918884,0.0,1.0
active_spirit_channel,244,alive,0.92,0.06298478254338834,0.3044032344055376,0.29303295788167666,0.016150287338795602,0.33735657487474563,0.0,1.0
active_spirit_channel,245,alive,0.92,0.06296757252600131,0.3044032344055376,0.2929111965879144,0.016146174825313934,0.3373097558637001,0.0,1.0
active_spirit_channel,246,alive,0.92,0.0629503625086143,0.3044032344055376,0.29278943529415224,0.016142097736125075,0.33726295046871635,0.0,1.0
active_spirit_channel,247,alive,0.92,0.06293315249122729,0.3044032344055376,0.29266767400039,0.01613805490695268,0.3372161581451519,0.0,1.0
active_spirit_channel,248,alive,0.92,0.06291594247384028,0.3044032344055376,0.2925459127066279,0.01613404521208352,0.33716937837015,0.0,1.0
active_spirit_channel,249,alive,0.92,0.06289873245645326,0.3044032344055376,0.2924241514128656,0.016130067563086724,0.3371226106417681,0.0,1.0
active_spirit_channel,250,death_with_declared_channel,0.92,0.009385480717969552,0.3044032344055376,0.2924241514128656,0.016226380341205267,0.3374633465320811,0.055,0.9998
active_spirit_channel,251,death_with_declared_channel,0.92,0.009385480717969552,0.3044032344055376,0.2924241514128656,0.01632226000182485,0.33780340095061334,0.055,0.99960004
active_spirit_channel,252,death_with_declared_channel,0.92,0.009385480717969552,0.3044032344055376,0.2924241514128656,0.016417708513169583,0.3381427752603086,0.055,0.9994001199920001
active_spirit_channel,253,death_with_declared_channel,0.92,0.009385480717969552,0.3044032344055376,0.2924241514128656,0.016512727834418244,0.33848147082138447,0.055,0.9992002399680017
active_spirit_channel,254,death_with_declared_channel,0.92,0.009385480717969552,0.3044032344055376,0.2924241514128656,0.016607319915746377,0.3388194889913381,0.055,0.9990003999200081
active_spirit_channel,255,death_with_declared_channel,0.92,0.009385480717969552,0.3044032344055376,0.2924241514128656,0.01670148669836812,0.33915683112495193,0.055,0.9988005998400241
active_spirit_channel,256,death_with_declared_channel,0.92,0.009385480717969552,0.3044032344055376,0.2924241514128656,0.016795230114577883,0.3394934985742985,0.055,0.9986008397200561
active_spirit_channel,257,death_with_declared_channel,0.92,0.009385480717969552,0.3044032344055376,0.2924241514128656,0.016888552087791858,0.33982949268874635,0.055,0.9984011195521121
active_spirit_channel,258,death_with_declared_channel,0.92,0.009385480717969552,0.3044032344055376,0.2924241514128656,0.016981454532589254,0.3401648148149653,0.055,0.9982014393282017
active_spirit_channel,259,death_with_declared_channel,0.92,0.009385480717969552,0.3044032344055376,0.2924241514128656,0.01707393935475342,0.34049946629693184,0.055,0.9980017990403361
active_spirit_channel,260,death_with_declared_channel,0.92,0.009385480717969552,0.3044032344055376,0.2924241514128656,0.01716600845131269,0.34083344847593444,0.055,0.9978021986805281
active_spirit_channel,261,death_with_declared_channel,0.92,0.009385480717969552,0.3044032344055376,0.2924241514128656,0.017257663710581135,0.34116676269057905,0.055,0.997602638240792
active_spirit_channel,262,death_with_declared_channel,0.92,0.009385480717969552,0.3044032344055376,0.2924241514128656,0.01734890701219904,0.34149941027679437,0.055,0.9974031177131438
active_spirit_channel,263,death_with_declared_channel,0.92,0.009385480717969552,0.3044032344055376,0.2924241514128656,0.017439740227173227,0.3418313925678373,0.055,0.9972036370896012
active_spirit_channel,264,death_with_declared_channel,0.92,0.009385480717969552,0.3044032344055376,0.2924241514128656,0.017530165217917188,0.34216271089429795,0.055,0.9970041963621834
active_spirit_channel,265,death_with_declared_channel,0.92,0.009385480717969552,0.3044032344055376,0.2924241514128656,0.01762018383829102,0.3424933665841059,0.055,0.996804795522911
active_spirit_channel,266,death_with_declared_channel,0.92,0.009385480717969552,0.3044032344055376,0.2924241514128656,0.017709797933641174,0.34282336096253413,0.055,0.9966054345638065
active_spirit_channel,267,death_with_declared_channel,0.92,0.009385480717969552,0.3044032344055376,0.2924241514128656,0.01779900934084002,0.34315269535220555,0.055,0.9964061134768937
active_spirit_channel,268,death_with_declared_channel,0.92,0.009385480717969552,0.3044032344055376,0.2924241514128656,0.01788781988832522,0.3434813710730975,0.055,0.9962068322541984
active_spirit_channel,269,death_with_declared_channel,0.92,0.009385480717969552,0.3044032344055376,0.2924241514128656,0.01797623139613895,0.3438093894425478,0.055,0.9960075908877476
active_spirit_channel,270,death_with_declared_channel,0.92,0.009385480717969552,0.3044032344055376,0.2924241514128656,0.01806424567596686,0.34413675177525915,0.055,0.9958083893695701
active_spirit_channel,271,death_with_declared_channel,0.92,0.009385480717969552,0.3044032344055376,0.2924241514128656,0.018151864531176922,0.3444634593833051,0.055,0.9956092276916961
active_spirit_channel,272,death_with_declared_channel,0.92,0.009385480717969552,0.3044032344055376,0.2924241514128656,0.018239089756858083,0.34478951357613496,0.055,0.9954101058461579
active_spirit_channel,273,death_with_declared_channel,0.92,0.009385480717969552,0.3044032344055376,0.2924241514128656,0.018325923139858726,0.34511491566057917,0.055,0.9952110238249886
active_spirit_channel,274,death_with_declared_channel,0.92,0.009385480717969552,0.3044032344055376,0.2924241514128656,0.018412366458824915,0.34543966694085443,0.055,0.9950119816202236
active_spirit_channel,275,death_with_declared_channel,0.92,0.009385480717969552,0.3044032344055376,0.2924241514128656,0.018498421484238536,0.3457637687185692,0.055,0.9948129792238997
active_spirit_channel,276,death_with_declared_channel,0.92,0.009385480717969552,0.3044032344055376,0.2924241514128656,0.018584089978455183,0.34608722229272854,0.055,0.9946140166280549
active_spirit_channel,277,death_with_declared_channel,0.92,0.009385480717969552,0.3044032344055376,0.2924241514128656,0.018669373695741925,0.34641002895973955,0.055,0.9944150938247294
active_spirit_channel,278,death_with_declared_channel,0.92,0.009385480717969552,0.3044032344055376,0.2924241514128656,0.018754274382314865,0.3467321900134165,0.055,0.9942162108059645
active_spirit_channel,279,death_with_declared_channel,0.92,0.009385480717969552,0.3044032344055376,0.2924241514128656,0.018838793776376525,0.34705370674498615,0.055,0.9940173675638033
active_spirit_channel,280,death_with_declared_channel,0.92,0.009385480717969552,0.3044032344055376,0.2924241514128656,0.018922933608153038,0.34737458044309266,0.055,0.9938185640902906
active_spirit_channel,281,death_with_declared_channel,0.92,0.009385480717969552,0.3044032344055376,0.2924241514128656,0.01900669559993123,0.34769481239380295,0.055,0.9936198003774726
active_spirit_channel,282,death_with_declared_channel,0.92,0.009385480717969552,0.3044032344055376,0.2924241514128656,0.01909008146609543,0.3480144038806117,0.055,0.9934210764173971
active_spirit_channel,283,death_with_declared_channel,0.92,0.009385480717969552,0.3044032344055376,0.2924241514128656,0.019173092913164227,0.34833335618444694,0.055,0.9932223922021136
active_spirit_channel,284,death_with_declared_channel,0.92,0.009385480717969552,0.3044032344055376,0.2924241514128656,0.0192557316398269,0.3486516705836745,0.055,0.9930237477236732
active_spirit_channel,285,death_with_declared_channel,0.92,0.009385480717969552,0.3044032344055376,0.2924241514128656,0.01933799933697984,0.3489693483541037,0.055,0.9928251429741285
active_spirit_channel,286,death_with_declared_channel,0.92,0.009385480717969552,0.3044032344055376,0.2924241514128656,0.01941989768776269,0.34928639076899193,0.055,0.9926265779455337
active_spirit_channel,287,death_with_declared_channel,0.92,0.009385480717969552,0.3044032344055376,0.2924241514128656,0.019501428367594352,0.3496027990990504,0.055,0.9924280526299446
active_spirit_channel,288,death_with_declared_channel,0.92,0.009385480717969552,0.3044032344055376,0.2924241514128656,0.019582593044208826,0.34991857461244874,0.055,0.9922295670194187
active_spirit_channel,289,death_with_declared_channel,0.92,0.009385480717969552,0.3044032344055376,0.2924241514128656,0.019663393377690876,0.35023371857482033,0.055,0.9920311211060148
active_spirit_channel,290,death_with_declared_channel,0.92,0.009385480717969552,0.3044032344055376,0.2924241514128656,0.019743831020511537,0.3505482322492671,0.055,0.9918327148817936
active_spirit_channel,291,death_with_declared_channel,0.92,0.009385480717969552,0.3044032344055376,0.2924241514128656,0.019823907617563436,0.35086211689636504,0.055,0.9916343483388173
active_spirit_channel,292,death_with_declared_channel,0.92,0.009385480717969552,0.3044032344055376,0.2924241514128656,0.01990362480619597,0.3511753737741688,0.055,0.9914360214691496
active_spirit_channel,293,death_with_declared_channel,0.92,0.009385480717969552,0.3044032344055376,0.2924241514128656,0.019982984216250284,0.3514880041382169,0.055,0.9912377342648557
active_spirit_channel,294,death_with_declared_channel,0.92,0.009385480717969552,0.3044032344055376,0.2924241514128656,0.02006198747009416,0.351800009241537,0.055,0.9910394867180028
active_spirit_channel,295,death_with_declared_channel,0.92,0.009385480717969552,0.3044032344055376,0.2924241514128656,0.02014063618265663,0.35211139033465033,0.055,0.9908412788206592
active_spirit_channel,296,death_with_declared_channel,0.92,0.009385480717969552,0.3044032344055376,0.2924241514128656,0.020218931961462516,0.3524221486655775,0.055,0.9906431105648951
active_spirit_channel,297,death_with_declared_channel,0.92,0.009385480717969552,0.3044032344055376,0.2924241514128656,0.020296876406666782,0.35273228547984276,0.055,0.9904449819427821
active_spirit_channel,298,death_with_declared_channel,0.92,0.009385480717969552,0.3044032344055376,0.2924241514128656,0.02037447111108872,0.3530418020204795,0.055,0.9902468929463936
active_spirit_channel,299,death_with_declared_channel,0.92,0.009385480717969552,0.3044032344055376,0.2924241514128656,0.020451717660245956,0.35335069952803505,0.055,0.9900488435678043
active_spirit_channel,300,death_with_declared_channel,0.92,0.009385480717969552,0.3044032344055376,0.2924241514128656,0.020528617632388356,0.3536589792405755,0.055,0.9898508337990908
active_spirit_channel,301,death_with_declared_channel,0.92,0.009385480717969552,0.3044032344055376,0.2924241514128656,0.020605172598531694,0.35396664239369074,0.055,0.989652863632331
active_spirit_channel,302,death_with_declared_channel,0.92,0.009385480717969552,0.3044032344055376,0.2924241514128656,0.020681384122491226,0.35427369022049987,0.055,0.9894549330596045
active_spirit_channel,303,death_with_declared_channel,0.92,0.009385480717969552,0.3044032344055376,0.2924241514128656,0.020757253760915077,0.3545801239516553,0.055,0.9892570420729926
active_spirit_channel,304,death_with_declared_channel,0.92,0.009385480717969552,0.3044032344055376,0.2924241514128656,0.020832783063317466,0.35488594481534846,0.055,0.989059190664578
active_spirit_channel,305,death_with_declared_channel,0.92,0.009385480717969552,0.3044032344055376,0.2924241514128656,0.0209079735721118,0.3551911540373142,0.055,0.9888613788264451
active_spirit_channel,306,death_with_declared_channel,0.92,0.009385480717969552,0.3044032344055376,0.2924241514128656,0.02098282682264359,0.35549575284083607,0.055,0.9886636065506799
active_spirit_channel,307,death_with_declared_channel,0.92,0.009385480717969552,0.3044032344055376,0.2924241514128656,0.02105734434322324,0.3557997424467508,0.055,0.9884658738293698
active_spirit_channel,308,death_with_declared_channel,0.92,0.009385480717969552,0.3044032344055376,0.2924241514128656,0.02113152765515862,0.3561031240734538,0.055,0.988268180654604
active_spirit_channel,309,death_with_declared_channel,0.92,0.009385480717969552,0.3044032344055376,0.2924241514128656,0.02120537827278756,0.35640589893690333,0.055,0.9880705270184731
active_spirit_channel,310,death_with_declared_channel,0.92,0.009385480717969552,0.3044032344055376,0.2924241514128656,0.021278897703510158,0.356708068250626,0.055,0.9878729129130694
active_spirit_channel,311,death_with_declared_channel,0.92,0.009385480717969552,0.3044032344055376,0.2924241514128656,0.021352087447820946,0.3570096332257212,0.055,0.9876753383304868
active_spirit_channel,312,death_with_declared_channel,0.92,0.009385480717969552,0.3044032344055376,0.2924241514128656,0.02142494899934088,0.3573105950708662,0.055,0.9874778032628208
active_spirit_channel,313,death_with_declared_channel,0.92,0.009385480717969552,0.3044032344055376,0.2924241514128656,0.021497483844849192,0.35761095499232093,0.055,0.9872803077021682
active_spirit_channel,314,death_with_declared_channel,0.92,0.009385480717969552,0.3044032344055376,0.2924241514128656,0.021569693464315132,0.3579107141939328,0.055,0.9870828516406278
active_spirit_channel,315,death_with_declared_channel,0.92,0.009385480717969552,0.3044032344055376,0.2924241514128656,0.021641579330929497,0.35820987387714137,0.055,0.9868854350702997
active_spirit_channel,316,death_with_declared_channel,0.92,0.009385480717969552,0.3044032344055376,0.2924241514128656,0.021713142911136046,0.3585084352409835,0.055,0.9866880579832856
active_spirit_channel,317,death_with_declared_channel,0.92,0.009385480717969552,0.3044032344055376,0.2924241514128656,0.02178438566466278,0.358806399482098,0.055,0.986490720371689
active_spirit_channel,318,death_with_declared_channel,0.92,0.009385480717969552,0.3044032344055376,0.2924241514128656,0.021855309044553045,0.35910376779473024,0.055,0.9862934222276146
active_spirit_channel,319,death_with_declared_channel,0.92,0.009385480717969552,0.3044032344055376,0.2924241514128656,0.02192591449719651,0.3594005413707373,0.055,0.9860961635431691
active_spirit_channel,320,death_with_declared_channel,0.92,0.009385480717969552,0.3044032344055376,0.2924241514128656,0.021996203462359983,0.3596967213995923,0.055,0.9858989443104604
active_spirit_channel,321,death_with_declared_channel,0.92,0.009385480717969552,0.3044032344055376,0.2924241514128656,0.02206617737321811,0.3599923090683895,0.055,0.9857017645215984
active_spirit_channel,322,death_with_declared_channel,0.92,0.009385480717969552,0.3044032344055376,0.2924241514128656,0.022135837656383897,0.36028730556184924,0.055,0.9855046241686941
active_spirit_channel,323,death_with_declared_channel,0.92,0.009385480717969552,0.3044032344055376,0.2924241514128656,0.022205185731939123,0.360581712062322,0.055,0.9853075232438604
active_spirit_channel,324,death_with_declared_channel,0.92,0.009385480717969552,0.3044032344055376,0.2924241514128656,0.022274223013464566,0.3608755297497938,0.055,0.9851104617392117
active_spirit_channel,325,death_with_declared_channel,0.92,0.009385480717969552,0.3044032344055376,0.2924241514128656,0.022342950908070126,0.3611687598018906,0.055,0.9849134396468638
active_spirit_channel,326,death_with_declared_channel,0.92,0.009385480717969552,0.3044032344055376,0.2924241514128656,0.0224113708164248,0.36146140339388333,0.055,0.9847164569589345
active_spirit_channel,327,death_with_declared_channel,0.92,0.009385480717969552,0.3044032344055376,0.2924241514128656,0.02247948413278651,0.361753461698692,0.055,0.9845195136675428
active_spirit_channel,328,death_with_declared_channel,0.92,0.009385480717969552,0.3044032344055376,0.2924241514128656,0.022547292245031773,0.3620449358868911,0.055,0.9843226097648092
active_spirit_channel,329,death_with_declared_channel,0.92,0.009385480717969552,0.3044032344055376,0.2924241514128656,0.022614796534685285,0.3623358271267138,0.055,0.9841257452428563
active_spirit_channel,330,death_with_declared_channel,0.92,0.009385480717969552,0.3044032344055376,0.2924241514128656,0.022681998376949286,0.3626261365840568,0.055,0.9839289200938078
active_spirit_channel,331,death_with_declared_channel,0.92,0.009385480717969552,0.3044032344055376,0.2924241514128656,0.022748899140732887,0.36291586542248516,0.055,0.9837321343097891
active_spirit_channel,332,death_with_declared_channel,0.92,0.009385480717969552,0.3044032344055376,0.2924241514128656,0.022815500188681146,0.36320501480323664,0.055,0.9835353878829272
active_spirit_channel,333,death_with_declared_channel,0.92,0.009385480717969552,0.3044032344055376,0.2924241514128656,0.02288180287720413,0.3634935858852266,0.055,0.9833386808053506
active_spirit_channel,334,death_with_declared_channel,0.92,0.009385480717969552,0.3044032344055376,0.2924241514128656,0.02294780855650572,0.36378157982505266,0.055,0.9831420130691896
active_spirit_channel,335,death_with_declared_channel,0.92,0.009385480717969552,0.3044032344055376,0.2924241514128656,0.023013518570612377,0.36406899777699897,0.055,0.9829453846665758
active_spirit_channel,336,death_with_declared_channel,0.92,0.009385480717969552,0.3044032344055376,0.2924241514128656,0.023078934257401727,0.3643558408930414,0.055,0.9827487955896425
active_spirit_channel,337,death_with_declared_channel,0.92,0.009385480717969552,0.3044032344055376,0.2924241514128656,0.023144056948631014,0.3646421103228519,0.055,0.9825522458305246
active_spirit_channel,338,death_with_declared_channel,0.92,0.009385480717969552,0.3044032344055376,0.2924241514128656,0.02320888796996545,0.3649278072138026,0.055,0.9823557353813585
active_spirit_channel,339,death_with_declared_channel,0.92,0.009385480717969552,0.3044032344055376,0.2924241514128656,0.023273428641006347,0.36521293271097144,0.055,0.9821592642342822
active_spirit_channel,340,death_with_declared_channel,0.92,0.009385480717969552,0.3044032344055376,0.2924241514128656,0.023337680275319267,0.36549748795714593,0.055,0.9819628323814354
active_spirit_channel,341,death_with_declared_channel,0.92,0.009385480717969552,0.3044032344055376,0.2924241514128656,0.023401644180461867,0.36578147409282813,0.055,0.9817664398149591
active_spirit_channel,342,death_with_declared_channel,0.92,0.009385480717969552,0.3044032344055376,0.2924241514128656,0.023465321658011767,0.36606489225623895,0.055,0.9815700865269962
active_spirit_channel,343,death_with_declared_channel,0.92,0.009385480717969552,0.3044032344055376,0.2924241514128656,0.023528714003594173,0.36634774358332295,0.055,0.9813737725096908
active_spirit_channel,344,death_with_declared_channel,0.92,0.009385480717969552,0.3044032344055376,0.2924241514128656,0.023591822506909436,0.3666300292077528,0.055,0.9811774977551889
active_spirit_channel,345,death_with_declared_channel,0.92,0.009385480717969552,0.3044032344055376,0.2924241514128656,0.023654648451760456,0.36691175026093364,0.055,0.9809812622556379
active_spirit_channel,346,death_with_declared_channel,0.92,0.009385480717969552,0.3044032344055376,0.2924241514128656,0.023717193116079966,0.36719290787200826,0.055,0.9807850660031867
active_spirit_channel,347,death_with_declared_channel,0.92,0.009385480717969552,0.3044032344055376,0.2924241514128656,0.0237794577719577,0.3674735031678607,0.055,0.9805889089899861
active_spirit_channel,348,death_with_declared_channel,0.92,0.009385480717969552,0.3044032344055376,0.2924241514128656,0.023841443685667388,0.3677535372731215,0.055,0.9803927912081881
active_spirit_channel,349,death_with_declared_channel,0.92,0.009385480717969552,0.3044032344055376,0.2924241514128656,0.023903152117693702,0.3680330113101717,0.055,0.9801967126499465
active_spirit_channel,350,death_with_declared_channel,0.92,0.009385480717969552,0.3044032344055376,0.2924241514128656,0.023964584322758962,0.3683119263991477,0.055,0.9800006733074165
active_spirit_channel,351,death_with_declared_channel,0.92,0.009385480717969552,0.3044032344055376,0.2924241514128656,0.02402574154984988,0.368590283657946,0.055,0.979804673172755
active_spirit_channel,352,death_with_declared_channel,0.92,0.009385480717969552,0.3044032344055376,0.2924241514128656,0.024086625042244,0.3688680842022265,0.055,0.9796087122381205
active_spirit_channel,353,death_with_declared_channel,0.92,0.009385480717969552,0.3044032344055376,0.2924241514128656,0.02414723603753613,0.36914532914541853,0.055,0.9794127904956729
active_spirit_channel,354,death_with_declared_channel,0.92,0.009385480717969552,0.3044032344055376,0.2924241514128656,0.02420757576766464,0.3694220195987241,0.055,0.9792169079375738
active_spirit_channel,355,death_with_declared_channel,0.92,0.009385480717969552,0.3044032344055376,0.2924241514128656,0.02426764545893757,0.36969815667112305,0.055,0.9790210645559863
active_spirit_channel,356,death_with_declared_channel,0.92,0.009385480717969552,0.3044032344055376,0.2924241514128656,0.024327446332058713,0.36997374146937734,0.055,0.978825260343075
active_spirit_channel,357,death_with_declared_channel,0.92,0.009385480717969552,0.3044032344055376,0.2924241514128656,0.024386979602153483,0.370248775098035,0.055,0.9786294952910064
active_spirit_channel,358,death_with_declared_channel,0.92,0.009385480717969552,0.3044032344055376,0.2924241514128656,0.024446246478794724,0.37052325865943536,0.055,0.9784337693919483
active_spirit_channel,359,death_with_declared_channel,0.92,0.009385480717969552,0.3044032344055376,0.2924241514128656,0.024505248166028375,0.37079719325371296,0.055,0.9782380826380699
active_spirit_channel,360,death_with_declared_channel,0.92,0.009385480717969552,0.3044032344055376,0.2924241514128656,0.024563985862399006,0.37107057997880205,0.055,0.9780424350215423
active_spirit_channel,361,death_with_declared_channel,0.92,0.009385480717969552,0.3044032344055376,0.2924241514128656,0.02462246076097527,0.37134341993044084,0.055,0.977846826534538
active_spirit_channel,362,death_with_declared_channel,0.92,0.009385480717969552,0.3044032344055376,0.2924241514128656,0.02468067404937518,0.37161571420217643,0.055,0.9776512571692312
active_spirit_channel,363,death_with_declared_channel,0.92,0.009385480717969552,0.3044032344055376,0.2924241514128656,0.024738626909791353,0.3718874638853686,0.055,0.9774557269177974
active_spirit_channel,364,death_with_declared_channel,0.92,0.009385480717969552,0.3044032344055376,0.2924241514128656,0.024796320519015997,0.37215867006919434,0.055,0.9772602357724138
active_spirit_channel,365,death_with_declared_channel,0.92,0.009385480717969552,0.3044032344055376,0.2924241514128656,0.024853756048465955,0.3724293338406524,0.055,0.9770647837252594
active_spirit_channel,366,death_with_declared_channel,0.92,0.009385480717969552,0.3044032344055376,0.2924241514128656,0.024910934664207487,0.3726994562845675,0.055,0.9768693707685143
active_spirit_channel,367,death_with_declared_channel,0.92,0.009385480717969552,0.3044032344055376,0.2924241514128656,0.02496785752698102,0.3729690384835948,0.055,0.9766739968943606
active_spirit_channel,368,death_with_declared_channel,0.92,0.009385480717969552,0.3044032344055376,0.2924241514128656,0.025024525792225756,0.3732380815182241,0.055,0.9764786620949818
active_spirit_channel,369,death_with_declared_channel,0.92,0.009385480717969552,0.3044032344055376,0.2924241514128656,0.02508094061010413,0.37350658646678403,0.055,0.9762833663625629
active_spirit_channel,370,death_with_declared_channel,0.92,0.009385480717969552,0.3044032344055376,0.2924241514128656,0.025137103125526233,0.373774554405447,0.055,0.9760881096892904
active_spirit_channel,371,death_with_declared_channel,0.92,0.009385480717969552,0.3044032344055376,0.2924241514128656,0.025193014478174045,0.37404198640823255,0.055,0.9758928920673525
active_spirit_channel,372,death_with_declared_channel,0.92,0.009385480717969552,0.3044032344055376,0.2924241514128656,0.025248675802525603,0.3743088835470126,0.055,0.9756977134889391
active_spirit_channel,373,death_with_declared_channel,0.92,0.009385480717969552,0.3044032344055376,0.2924241514128656,0.025304088227879017,0.37457524689151506,0.055,0.9755025739462413
active_spirit_channel,374,death_with_declared_channel,0.92,0.009385480717969552,0.3044032344055376,0.2924241514128656,0.025359252878376422,0.37484107750932844,0.055,0.9753074734314521
active_spirit_channel,375,death_with_declared_channel,0.92,0.009385480717969552,0.3044032344055376,0.2924241514128656,0.02541417087302776,0.3751063764659062,0.055,0.9751124119367658
active_spirit_channel,376,death_with_declared_channel,0.92,0.009385480717969552,0.3044032344055376,0.2924241514128656,0.025468843325734514,0.37537114482457085,0.055,0.9749173894543784
active_spirit_channel,377,death_with_declared_channel,0.92,0.009385480717969552,0.3044032344055376,0.2924241514128656,0.02552327134531327,0.3756353836465182,0.055,0.9747224059764876
active_spirit_channel,378,death_with_declared_channel,0.92,0.009385480717969552,0.3044032344055376,0.2924241514128656,0.025577456035519232,0.3758990939908216,0.055,0.9745274614952923
active_spirit_channel,379,death_with_declared_channel,0.92,0.009385480717969552,0.3044032344055376,0.2924241514128656,0.025631398495069534,0.3761622769144364,0.055,0.9743325560029933
active_spirit_channel,380,death_with_declared_channel,0.92,0.009385480717969552,0.3044032344055376,0.2924241514128656,0.025685099817666573,0.376424933472204,0.055,0.9741376894917927
active_spirit_channel,381,death_with_declared_channel,0.92,0.009385480717969552,0.3044032344055376,0.2924241514128656,0.025738561092021106,0.37668706471685603,0.055,0.9739428619538943
active_spirit_channel,382,death_with_declared_channel,0.92,0.009385480717969552,0.3044032344055376,0.2924241514128656,0.025791783401875334,0.3769486716990188,0.055,0.9737480733815036
active_spirit_channel,383,death_with_declared_channel,0.92,0.009385480717969552,0.3044032344055376,0.2924241514128656,0.02584476782602581,0.37720975546721724,0.055,0.9735533237668273
active_spirit_channel,384,death_with_declared_channel,0.92,0.009385480717969552,0.3044032344055376,0.2924241514128656,0.025897515438346272,0.37747031706787926,0.055,0.973358613102074
active_spirit_channel,385,death_with_declared_channel,0.92,0.009385480717969552,0.3044032344055376,0.2924241514128656,0.0259500273078104,0.37773035754533996,0.055,0.9731639413794536
active_spirit_channel,386,death_with_declared_channel,0.92,0.009385480717969552,0.3044032344055376,0.2924241514128656,0.02600230449851437,0.37798987794184574,0.055,0.9729693085911777
active_spirit_channel,387,death_with_declared_channel,0.92,0.009385480717969552,0.3044032344055376,0.2924241514128656,0.026054348069699435,0.3782488792975585,0.055,0.9727747147294595
active_spirit_channel,388,death_with_declared_channel,0.92,0.009385480717969552,0.3044032344055376,0.2924241514128656,0.026106159075774283,0.37850736265055984,0.055,0.9725801597865137
active_spirit_channel,389,death_with_declared_channel,0.92,0.009385480717969552,0.3044032344055376,0.2924241514128656,0.026157738566337355,0.3787653290368552,0.055,0.9723856437545564
active_spirit_channel,390,death_with_declared_channel,0.92,0.009385480717969552,0.3044032344055376,0.2924241514128656,0.026209087586199064,0.379022779490378,0.055,0.9721911666258055
active_spirit_channel,391,death_with_declared_channel,0.92,0.009385480717969552,0.3044032344055376,0.2924241514128656,0.026260207175403807,0.3792797150429937,0.055,0.9719967283924804
active_spirit_channel,392,death_with_declared_channel,0.92,0.009385480717969552,0.3044032344055376,0.2924241514128656,0.026311098369252085,0.37953613672450404,0.055,0.971802329046802
active_spirit_channel,393,death_with_declared_channel,0.92,0.009385480717969552,0.3044032344055376,0.2924241514128656,0.026361762198322272,0.37979204556265156,0.055,0.9716079685809926
active_spirit_channel,394,death_with_declared_channel,0.92,0.009385480717969552,0.3044032344055376,0.2924241514128656,0.02641219968849247,0.38004744258312273,0.055,0.9714136469872765
active_spirit_channel,395,death_with_declared_channel,0.92,0.009385480717969552,0.3044032344055376,0.2924241514128656,0.026462411860962168,0.38030232880955295,0.055,0.971219364257879
active_spirit_channel,396,death_with_declared_channel,0.92,0.009385480717969552,0.3044032344055376,0.2924241514128656,0.02651239973227382,0.38055670526353025,0.055,0.9710251203850274
active_spirit_channel,397,death_with_declared_channel,0.92,0.009385480717969552,0.3044032344055376,0.2924241514128656,0.026562164314334353,0.3808105729645997,0.055,0.9708309153609505
active_spirit_channel,398,death_with_declared_channel,0.92,0.009385480717969552,0.3044032344055376,0.2924241514128656,0.026611706614436514,0.38106393293026697,0.055,0.9706367491778782
active_spirit_channel,399,death_with_declared_channel,0.92,0.009385480717969552,0.3044032344055376,0.2924241514128656,0.026661027635280162,0.38131678617600284,0.055,0.9704426218280426
active_spirit_channel,400,death_with_declared_channel,0.92,0.009385480717969552,0.3044032344055376,0.2924241514128656,0.026710128374993484,0.38156913371524737,0.055,0.9702485333036771
active_spirit_channel,401,death_with_declared_channel,0.92,0.009385480717969552,0.3044032344055376,0.2924241514128656,0.026759009827154026,0.38182097655941327,0.055,0.9700544835970164
active_spirit_channel,402,death_with_declared_channel,0.92,0.009385480717969552,0.3044032344055376,0.2924241514128656,0.02680767298080972,0.3820723157178909,0.055,0.9698604727002971
active_spirit_channel,403,death_with_declared_channel,0.92,0.009385480717969552,0.3044032344055376,0.2924241514128656,0.02685611882049974,0.3823231521980516,0.055,0.969666500605757
active_spirit_channel,404,death_with_declared_channel,0.92,0.009385480717969552,0.3044032344055376,0.2924241514128656,0.026904348326275324,0.3825734870052519,0.055,0.9694725673056358
active_spirit_channel,405,death_with_declared_channel,0.92,0.009385480717969552,0.3044032344055376,0.2924241514128656,0.02695236247372042,0.3828233211428379,0.055,0.9692786727921747
active_spirit_channel,406,death_with_declared_channel,0.92,0.009385480717969552,0.3044032344055376,0.2924241514128656,0.027000162233972346,0.3830726556121487,0.055,0.9690848170576163
active_spirit_channel,407,death_with_declared_channel,0.92,0.009385480717969552,0.3044032344055376,0.2924241514128656,0.027047748573742238,0.3833214914125208,0.055,0.9688910000942048
active_spirit_channel,408,death_with_declared_channel,0.92,0.009385480717969552,0.3044032344055376,0.2924241514128656,0.027095122455335463,0.38356982954129226,0.055,0.968697221894186
active_spirit_channel,409,death_with_declared_channel,0.92,0.009385480717969552,0.3044032344055376,0.2924241514128656,0.02714228483667195,0.3838176709938061,0.055,0.9685034824498071
active_spirit_channel,410,death_with_declared_channel,0.92,0.009385480717969552,0.3044032344055376,0.2924241514128656,0.027189236671306384,0.384065016763415,0.055,0.9683097817533172
active_spirit_channel,411,death_with_declared_channel,0.92,0.009385480717969552,0.3044032344055376,0.2924241514128656,0.027235978908448328,0.3843118678414847,0.055,0.9681161197969665
active_spirit_channel,412,death_with_declared_channel,0.92,0.009385480717969552,0.3044032344055376,0.2924241514128656,0.027282512492982282,0.384558225217398,0.055,0.9679224965730072
active_spirit_channel,413,death_with_declared_channel,0.92,0.009385480717969552,0.3044032344055376,0.2924241514128656,0.027328838365487544,0.3848040898785598,0.055,0.9677289120736926
active_spirit_channel,414,death_with_declared_channel,0.92,0.009385480717969552,0.3044032344055376,0.2924241514128656,0.027374957462258126,0.38504946281039915,0.055,0.9675353662912779
active_spirit_channel,415,death_with_declared_channel,0.92,0.009385480717969552,0.3044032344055376,0.2924241514128656,0.027420870715322457,0.38529434499637477,0.055,0.9673418592180196
active_spirit_channel,416,death_with_declared_channel,0.92,0.009385480717969552,0.3044032344055376,0.2924241514128656,0.027466579052463056,0.3855387374179785,0.055,0.9671483908461761
active_spirit_channel,417,death_with_declared_channel,0.92,0.009385480717969552,0.3044032344055376,0.2924241514128656,0.027512083397236094,0.38578264105473903,0.055,0.9669549611680068
active_spirit_channel,418,death_with_declared_channel,0.92,0.009385480717969552,0.3044032344055376,0.2924241514128656,0.027557384668990853,0.3860260568842259,0.055,0.9667615701757732
active_spirit_channel,419,death_with_declared_channel,0.92,0.009385480717969552,0.3044032344055376,0.2924241514128656,0.02760248378288912,0.386268985882054,0.055,0.9665682178617381
active_spirit_channel,420,death_with_declared_channel,0.92,0.009385480717969552,0.3044032344055376,0.2924241514128656,0.027647381649924457,0.3865114290218864,0.055,0.9663749042181657
active_spirit_channel,421,death_with_declared_channel,0.92,0.009385480717969552,0.3044032344055376,0.2924241514128656,0.02769207917694147,0.38675338727543906,0.055,0.9661816292373221
active_spirit_channel,422,death_with_declared_channel,0.92,0.009385480717969552,0.3044032344055376,0.2924241514128656,0.02773657726665482,0.38699486161248464,0.055,0.9659883929114746
active_spirit_channel,423,death_with_declared_channel,0.92,0.009385480717969552,0.3044032344055376,0.2924241514128656,0.027780876817668314,0.3872358530008561,0.055,0.9657951952328924
active_spirit_channel,424,death_with_declared_channel,0.92,0.009385480717969552,0.3044032344055376,0.2924241514128656,0.02782497872449384,0.3874763624064509,0.055,0.9656020361938458
active_spirit_channel,425,death_with_declared_channel,0.92,0.009385480717969552,0.3044032344055376,0.2924241514128656,0.027868883877570163,0.3877163907932345,0.055,0.965408915786607
active_spirit_channel,426,death_with_declared_channel,0.92,0.009385480717969552,0.3044032344055376,0.2924241514128656,0.027912593163281738,0.3879559391232444,0.055,0.9652158340034498
active_spirit_channel,427,death_with_declared_channel,0.92,0.009385480717969552,0.3044032344055376,0.2924241514128656,0.027956107463977347,0.3881950083565943,0.055,0.9650227908366491
active_spirit_channel,428,death_with_declared_channel,0.92,0.009385480717969552,0.3044032344055376,0.2924241514128656,0.02799942765798869,0.3884335994514777,0.055,0.9648297862784818
active_spirit_channel,429,death_with_declared_channel,0.92,0.009385480717969552,0.3044032344055376,0.2924241514128656,0.028042554619648892,0.38867171336417117,0.055,0.9646368203212261
active_spirit_channel,430,death_with_declared_channel,0.92,0.009385480717969552,0.3044032344055376,0.2924241514128656,0.0280854892193109,0.3889093510490393,0.055,0.9644438929571619
active_spirit_channel,431,death_with_declared_channel,0.92,0.009385480717969552,0.3044032344055376,0.2924241514128656,0.028128232323365813,0.3891465134585376,0.055,0.9642510041785706
active_spirit_channel,432,death_with_declared_channel,0.92,0.009385480717969552,0.3044032344055376,0.2924241514128656,0.02817078479426113,0.38938320154321704,0.055,0.9640581539777349
active_spirit_channel,433,death_with_declared_channel,0.92,0.009385480717969552,0.3044032344055376,0.2924241514128656,0.02821314749051888,0.389619416251727,0.055,0.9638653423469393
active_spirit_channel,434,death_with_declared_channel,0.92,0.009385480717969552,0.3044032344055376,0.2924241514128656,0.02825532126675373,0.38985515853082003,0.055,0.96367256927847
active_spirit_channel,435,death_with_declared_channel,0.92,0.009385480717969552,0.3044032344055376,0.2924241514128656,0.028297306973690924,0.39009042932535487,0.055,0.9634798347646143
active_spirit_channel,436,death_with_declared_channel,0.92,0.009385480717969552,0.3044032344055376,0.2924241514128656,0.02833910545818424,0.39032522957830057,0.055,0.9632871387976614
active_spirit_channel,437,death_with_declared_channel,0.92,0.009385480717969552,0.3044032344055376,0.2924241514128656,0.028380717563233748,0.39055956023074045,0.055,0.9630944813699018
active_spirit_channel,438,death_with_declared_channel,0.92,0.009385480717969552,0.3044032344055376,0.2924241514128656,0.028422144128003597,0.39079342222187535,0.055,0.9629018624736279
active_spirit_channel,439,death_with_declared_channel,0.92,0.009385480717969552,0.3044032344055376,0.2924241514128656,0.02846338598783964,0.39102681648902815,0.055,0.9627092821011332
active_spirit_channel,440,death_with_declared_channel,0.92,0.009385480717969552,0.3044032344055376,0.2924241514128656,0.028504443974287006,0.39125974396764657,0.055,0.9625167402447129
active_spirit_channel,441,death_with_declared_channel,0.92,0.009385480717969552,0.3044032344055376,0.2924241514128656,0.02854531891510761,0.39149220559130776,0.055,0.962324236896664
active_spirit_channel,442,death_with_declared_channel,0.92,0.009385480717969552,0.3044032344055376,0.2924241514128656,0.028586011634297536,0.3917242022917215,0.055,0.9621317720492847
active_spirit_channel,443,death_with_declared_channel,0.92,0.009385480717969552,0.3044032344055376,0.2924241514128656,0.028626522952104366,0.3919557349987346,0.055,0.9619393456948748
active_spirit_channel,444,death_with_declared_channel,0.92,0.009385480717969552,0.3044032344055376,0.2924241514128656,0.028666853685044447,0.39218680464033356,0.055,0.9617469578257358
active_spirit_channel,445,death_with_declared_channel,0.92,0.009385480717969552,0.3044032344055376,0.2924241514128656,0.028707004645920027,0.3924174121426494,0.055,0.9615546084341707
active_spirit_channel,446,death_with_declared_channel,0.92,0.009385480717969552,0.3044032344055376,0.2924241514128656,0.028746976643836374,0.3926475584299606,0.055,0.9613622975124839
active_spirit_channel,447,death_with_declared_channel,0.92,0.009385480717969552,0.3044032344055376,0.2924241514128656,0.02878677048421874,0.3928772444246971,0.055,0.9611700250529814
active_spirit_channel,448,death_with_declared_channel,0.92,0.009385480717969552,0.3044032344055376,0.2924241514128656,0.028826386968829342,0.3931064710474441,0.055,0.9609777910479709
active_spirit_channel,449,death_with_declared_channel,0.92,0.009385480717969552,0.3044032344055376,0.2924241514128656,0.02886582689578415,0.39333523921694563,0.055,0.9607855954897613
active_spirit_channel,450,death_with_declared_channel,0.92,0.009385480717969552,0.3044032344055376,0.2924241514128656,0.02890509105956969,0.3935635498501083,0.055,0.9605934383706634
active_spirit_channel,451,death_with_declared_channel,0.92,0.009385480717969552,0.3044032344055376,0.2924241514128656,0.02894418025105977,0.39379140386200456,0.055,0.9604013196829893
active_spirit_channel,452,death_with_declared_channel,0.92,0.009385480717969552,0.3044032344055376,0.2924241514128656,0.028983095257531993,0.394018802165877,0.055,0.9602092394190527
active_spirit_channel,453,death_with_declared_channel,0.92,0.009385480717969552,0.3044032344055376,0.2924241514128656,0.029021836862684402,0.39424574567314163,0.055,0.9600171975711689
active_spirit_channel,454,death_with_declared_channel,0.92,0.009385480717969552,0.3044032344055376,0.2924241514128656,0.029060405846651885,0.39447223529339187,0.055,0.9598251941316547
active_spirit_channel,455,death_with_declared_channel,0.92,0.009385480717969552,0.3044032344055376,0.2924241514128656,0.02909880298602256,0.39469827193440155,0.055,0.9596332290928283
active_spirit_channel,456,death_with_declared_channel,0.92,0.009385480717969552,0.3044032344055376,0.2924241514128656,0.029137029053854093,0.3949238565021292,0.055,0.9594413024470098
active_spirit_channel,457,death_with_declared_channel,0.92,0.009385480717969552,0.3044032344055376,0.2924241514128656,0.029175084819689927,0.39514898990072145,0.055,0.9592494141865204
active_spirit_channel,458,death_with_declared_channel,0.92,0.009385480717969552,0.3044032344055376,0.2924241514128656,0.029212971049575417,0.3953736730325164,0.055,0.9590575643036832
active_spirit_channel,459,death_with_declared_channel,0.92,0.009385480717969552,0.3044032344055376,0.2924241514128656,0.029250688506073964,0.39559790679804785,0.055,0.9588657527908224
active_spirit_channel,460,death_with_declared_channel,0.92,0.009385480717969552,0.3044032344055376,0.2924241514128656,0.029288237948282954,0.3958216920960483,0.055,0.9586739796402642
active_spirit_channel,461,death_with_declared_channel,0.92,0.009385480717969552,0.3044032344055376,0.2924241514128656,0.029325620131849736,0.3960450298234525,0.055,0.9584822448443362
active_spirit_channel,462,death_with_declared_channel,0.92,0.009385480717969552,0.3044032344055376,0.2924241514128656,0.029362835808987454,0.39626792087540214,0.055,0.9582905483953673
active_spirit_channel,463,death_with_declared_channel,0.92,0.009385480717969552,0.3044032344055376,0.2924241514128656,0.029399885728490855,0.3964903661452478,0.055,0.9580988902856883
active_spirit_channel,464,death_with_declared_channel,0.92,0.009385480717969552,0.3044032344055376,0.2924241514128656,0.029436770635751956,0.3967123665245538,0.055,0.9579072705076311
active_spirit_channel,465,death_with_declared_channel,0.92,0.009385480717969552,0.3044032344055376,0.2924241514128656,0.029473491272775737,0.3969339229031011,0.055,0.9577156890535297
active_spirit_channel,466,death_with_declared_channel,0.92,0.009385480717969552,0.3044032344055376,0.2924241514128656,0.02951004837819566,0.39715503616889136,0.055,0.957524145915719
active_spirit_channel,467,death_with_declared_channel,0.92,0.009385480717969552,0.3044032344055376,0.2924241514128656,0.029546442687289176,0.3973757072081501,0.055,0.9573326410865358
active_spirit_channel,468,death_with_declared_channel,0.92,0.009385480717969552,0.3044032344055376,0.2924241514128656,0.029582674931993156,0.3975959369053302,0.055,0.9571411745583185
active_spirit_channel,469,death_with_declared_channel,0.92,0.009385480717969552,0.3044032344055376,0.2924241514128656,0.029618745840919215,0.39781572614311606,0.055,0.9569497463234068
active_spirit_channel,470,death_with_declared_channel,0.92,0.009385480717969552,0.3044032344055376,0.2924241514128656,0.029654656139369018,0.3980350758024262,0.055,0.9567583563741421
active_spirit_channel,471,death_with_declared_channel,0.92,0.009385480717969552,0.3044032344055376,0.2924241514128656,0.029690406549349454,0.3982539867624178,0.055,0.9565670047028673
active_spirit_channel,472,death_with_declared_channel,0.92,0.009385480717969552,0.3044032344055376,0.2924241514128656,0.029725997789587788,0.39847245990048946,0.055,0.9563756913019267
active_spirit_channel,473,death_with_declared_channel,0.92,0.009385480717969552,0.3044032344055376,0.2924241514128656,0.02976143057554673,0.398690496092285,0.055,0.9561844161636663
active_spirit_channel,474,death_with_declared_channel,0.92,0.009385480717969552,0.3044032344055376,0.2924241514128656,0.029796705619439427,0.39890809621169687,0.055,0.9559931792804336
active_spirit_channel,475,death_with_declared_channel,0.92,0.009385480717969552,0.3044032344055376,0.2924241514128656,0.029831823630244378,0.39912526113087,0.055,0.9558019806445776
active_spirit_channel,476,death_with_declared_channel,0.92,0.009385480717969552,0.3044032344055376,0.2924241514128656,0.02986678531372029,0.3993419917202047,0.055,0.9556108202484487
active_spirit_channel,477,death_with_declared_channel,0.92,0.009385480717969552,0.3044032344055376,0.2924241514128656,0.02990159137242089,0.39955828884836075,0.055,0.955419698084399
active_spirit_channel,478,death_with_declared_channel,0.92,0.009385480717969552,0.3044032344055376,0.2924241514128656,0.029936242505709594,0.3997741533822606,0.055,0.9552286141447821
active_spirit_channel,479,death_with_declared_channel,0.92,0.009385480717969552,0.3044032344055376,0.2924241514128656,0.029970739409774214,0.39998958618709235,0.055,0.9550375684219532
active_spirit_channel,480,death_with_declared_channel,0.92,0.009385480717969552,0.3044032344055376,0.2924241514128656,0.030005082777641492,0.4002045881263147,0.055,0.9548465609082688
active_spirit_channel,481,death_with_declared_channel,0.92,0.009385480717969552,0.3044032344055376,0.2924241514128656,0.030039273299191628,0.40041916006165845,0.055,0.9546555915960871
active_spirit_channel,482,death_with_declared_channel,0.92,0.009385480717969552,0.3044032344055376,0.2924241514128656,0.03007331166117276,0.40063330285313165,0.055,0.9544646604777679
active_spirit_channel,483,death_with_declared_channel,0.92,0.009385480717969552,0.3044032344055376,0.2924241514128656,0.03010719854721528,0.40084701735902184,0.055,0.9542737675456724
active_spirit_channel,484,death_with_declared_channel,0.92,0.009385480717969552,0.3044032344055376,0.2924241514128656,0.030140934637846194,0.4010603044359002,0.055,0.9540829127921633
active_spirit_channel,485,death_with_declared_channel,0.92,0.009385480717969552,0.3044032344055376,0.2924241514128656,0.03017452061050335,0.4012731649386249,0.055,0.9538920962096049
active_spirit_channel,486,death_with_declared_channel,0.92,0.009385480717969552,0.3044032344055376,0.2924241514128656,0.030207957139549633,0.40148559972034414,0.055,0.953701317790363
active_spirit_channel,487,death_with_declared_channel,0.92,0.009385480717969552,0.3044032344055376,0.2924241514128656,0.030241244896287035,0.4016976096324999,0.055,0.953510577526805
active_spirit_channel,488,death_with_declared_channel,0.92,0.009385480717969552,0.3044032344055376,0.2924241514128656,0.03027438454897077,0.40190919552483134,0.055,0.9533198754112997
active_spirit_channel,489,death_with_declared_channel,0.92,0.009385480717969552,0.3044032344055376,0.2924241514128656,0.0303073767628232,0.4021203582453781,0.055,0.9531292114362174
active_spirit_channel,490,death_with_declared_channel,0.92,0.009385480717969552,0.3044032344055376,0.2924241514128656,0.030340222200047787,0.40233109864048383,0.055,0.9529385855939302
active_spirit_channel,491,death_with_declared_channel,0.92,0.009385480717969552,0.3044032344055376,0.2924241514128656,0.030372921519842923,0.4025414175547994,0.055,0.9527479978768114
active_spirit_channel,492,death_with_declared_channel,0.92,0.009385480717969552,0.3044032344055376,0.2924241514128656,0.030405475378415727,0.4027513158312862,0.055,0.9525574482772361
active_spirit_channel,493,death_with_declared_channel,0.92,0.009385480717969552,0.3044032344055376,0.2924241514128656,0.03043788442899579,0.4029607943112201,0.055,0.9523669367875807
active_spirit_channel,494,death_with_declared_channel,0.92,0.009385480717969552,0.3044032344055376,0.2924241514128656,0.030470149321848806,0.4031698538341941,0.055,0.9521764634002232
active_spirit_channel,495,death_with_declared_channel,0.92,0.009385480717969552,0.3044032344055376,0.2924241514128656,0.030502270704290183,0.40337849523812214,0.055,0.9519860281075432
active_spirit_channel,496,death_with_declared_channel,0.92,0.009385480717969552,0.3044032344055376,0.2924241514128656,0.030534249220698577,0.40358671935924245,0.055,0.9517956309019217
active_spirit_channel,497,death_with_declared_channel,0.92,0.009385480717969552,0.3044032344055376,0.2924241514128656,0.03056608551252937,0.40379452703212043,0.055,0.9516052717757413
active_spirit_channel,498,death_with_declared_channel,0.92,0.009385480717969552,0.3044032344055376,0.2924241514128656,0.030597780218328083,0.40400191908965255,0.055,0.9514149507213862
active_spirit_channel,499,death_with_declared_channel,0.92,0.009385480717969552,0.3044032344055376,0.2924241514128656,0.030629333973743685,0.4042088963630698,0.055,0.9512246677312419
active_spirit_channel,500,death_with_declared_channel,0.92,0.009385480717969552,0.3044032344055376,0.2924241514128656,0.030660747411541935,0.40441545968194004,0.055,0.9510344227976957
active_spirit_channel,501,death_with_declared_channel,0.92,0.009385480717969552,0.3044032344055376,0.2924241514128656,0.030692021161618566,0.40462160987417256,0.055,0.9508442159131362
active_spirit_channel,502,death_with_declared_channel,0.92,0.009385480717969552,0.3044032344055376,0.2924241514128656,0.03072315585101245,0.40482734776602075,0.055,0.9506540470699536
active_spirit_channel,503,death_with_declared_channel,0.92,0.009385480717969552,0.3044032344055376,0.2924241514128656,0.030754152103918738,0.4050326741820852,0.055,0.9504639162605396
active_spirit_channel,504,death_with_declared_channel,0.92,0.009385480717969552,0.3044032344055376,0.2924241514128656,0.030785010541701834,0.40523758994531744,0.055,0.9502738234772875
active_spirit_channel,505,death_with_declared_channel,0.92,0.009385480717969552,0.3044032344055376,0.2924241514128656,0.030815731782908442,0.40544209587702335,0.055,0.950083768712592
active_spirit_channel,506,death_with_declared_channel,0.92,0.009385480717969552,0.3044032344055376,0.2924241514128656,0.030846316443280435,0.4056461927968657,0.055,0.9498937519588495
active_spirit_channel,507,death_with_declared_channel,0.92,0.009385480717969552,0.3044032344055376,0.2924241514128656,0.030876765135767734,0.4058498815228685,0.055,0.9497037732084578
active_spirit_channel,508,death_with_declared_channel,0.92,0.009385480717969552,0.3044032344055376,0.2924241514128656,0.030907078470541128,0.4060531628714192,0.055,0.9495138324538162
active_spirit_channel,509,death_with_declared_channel,0.92,0.009385480717969552,0.3044032344055376,0.2924241514128656,0.030937257055004972,0.4062560376572728,0.055,0.9493239296873254
active_spirit_channel,510,death_with_declared_channel,0.92,0.009385480717969552,0.3044032344055376,0.2924241514128656,0.030967301493809916,0.40645850669355477,0.055,0.949134064901388
active_spirit_channel,511,death_with_declared_channel,0.92,0.009385480717969552,0.3044032344055376,0.2924241514128656,0.030997212388865474,0.406660570791764,0.055,0.9489442380884077
active_spirit_channel,512,death_with_declared_channel,0.92,0.009385480717969552,0.3044032344055376,0.2924241514128656,0.031026990339352644,0.40686223076177697,0.055,0.94875444924079
active_spirit_channel,513,death_with_declared_channel,0.92,0.009385480717969552,0.3044032344055376,0.2924241514128656,0.031056635941736372,0.40706348741184983,0.055,0.9485646983509418
active_spirit_channel,514,death_with_declared_channel,0.92,0.009385480717969552,0.3044032344055376,0.2924241514128656,0.031086149789778025,0.4072643415486227,0.055,0.9483749854112716
active_spirit_channel,515,death_with_declared_channel,0.92,0.009385480717969552,0.3044032344055376,0.2924241514128656,0.031115532474547763,0.4074647939771219,0.055,0.9481853104141894
active_spirit_channel,516,death_with_declared_channel,0.92,0.009385480717969552,0.3044032344055376,0.2924241514128656,0.03114478458443689,0.4076648455007641,0.055,0.9479956733521065
active_spirit_channel,517,death_with_declared_channel,0.92,0.009385480717969552,0.3044032344055376,0.2924241514128656,0.031173906705170104,0.40786449692135907,0.055,0.9478060742174361
active_spirit_channel,518,death_with_declared_channel,0.92,0.009385480717969552,0.3044032344055376,0.2924241514128656,0.031202899419817756,0.40806374903911274,0.055,0.9476165130025926
active_spirit_channel,519,death_with_declared_channel,0.92,0.009385480717969552,0.3044032344055376,0.2924241514128656,0.031231763308807965,0.408262602652631,0.055,0.9474269896999922
active_spirit_channel,520,death_with_declared_channel,0.92,0.009385480717969552,0.3044032344055376,0.2924241514128656,0.03126049894993876,0.4084610585589222,0.055,0.9472375043020522
active_spirit_channel,521,death_with_declared_channel,0.92,0.009385480717969552,0.3044032344055376,0.2924241514128656,0.03128910691839011,0.40865911755340084,0.055,0.9470480568011919
active_spirit_channel,522,death_with_declared_channel,0.92,0.009385480717969552,0.3044032344055376,0.2924241514128656,0.03131758778673593,0.40885678042989043,0.055,0.9468586471898316
active_spirit_channel,523,death_with_declared_channel,0.92,0.009385480717969552,0.3044032344055376,0.2924241514128656,0.03134594212495599,0.40905404798062717,0.055,0.9466692754603937
active_spirit_channel,524,death_with_declared_channel,0.92,0.009385480717969552,0.3044032344055376,0.2924241514128656,0.031374170500447864,0.4092509209962624,0.055,0.9464799416053017
active_spirit_channel,525,death_with_declared_channel,0.92,0.009385480717969552,0.3044032344055376,0.2924241514128656,0.031402273478038666,0.4094474002658663,0.055,0.9462906456169806
active_spirit_channel,526,death_with_declared_channel,0.92,0.009385480717969552,0.3044032344055376,0.2924241514128656,0.03143025161999691,0.409643486576931,0.055,0.9461013874878572
active_spirit_channel,527,death_with_declared_channel,0.92,0.009385480717969552,0.3044032344055376,0.2924241514128656,0.031458105486044156,0.4098391807153736,0.055,0.9459121672103596
active_spirit_channel,528,death_with_declared_channel,0.92,0.009385480717969552,0.3044032344055376,0.2924241514128656,0.03148583563336673,0.41003448346553933,0.055,0.9457229847769176
active_spirit_channel,529,death_with_declared_channel,0.92,0.009385480717969552,0.3044032344055376,0.2924241514128656,0.031513442616627314,0.4102293956102048,0.055,0.9455338401799622
active_spirit_channel,530,death_with_declared_channel,0.92,0.009385480717969552,0.3044032344055376,0.2924241514128656,0.031540926987976475,0.41042391793058075,0.055,0.9453447334119263
active_spirit_channel,531,death_with_declared_channel,0.92,0.009385480717969552,0.3044032344055376,0.2924241514128656,0.03156828929706421,0.41061805120631606,0.055,0.9451556644652439
active_spirit_channel,532,death_with_declared_channel,0.92,0.009385480717969552,0.3044032344055376,0.2924241514128656,0.03159553009105139,0.4108117962154999,0.055,0.9449666333323509
active_spirit_channel,533,death_with_declared_channel,0.92,0.009385480717969552,0.3044032344055376,0.2924241514128656,0.03162264991462111,0.41100515373466534,0.055,0.9447776400056844
active_spirit_channel,534,death_with_declared_channel,0.92,0.009385480717969552,0.3044032344055376,0.2924241514128656,0.03164964930999009,0.4111981245387925,0.055,0.9445886844776833
active_spirit_channel,535,death_with_declared_channel,0.92,0.009385480717969552,0.3044032344055376,0.2924241514128656,0.031676528816919944,0.41139070940131134,0.055,0.9443997667407877
active_spirit_channel,536,death_with_declared_channel,0.92,0.009385480717969552,0.3044032344055376,0.2924241514128656,0.0317032889727284,0.41158290909410516,0.055,0.9442108867874396
active_spirit_channel,537,death_with_declared_channel,0.92,0.009385480717969552,0.3044032344055376,0.2924241514128656,0.03172993031230052,0.4117747243875134,0.055,0.9440220446100821
active_spirit_channel,538,death_with_declared_channel,0.92,0.009385480717969552,0.3044032344055376,0.2924241514128656,0.03175645336809982,0.4119661560503348,0.055,0.9438332402011601
active_spirit_channel,539,death_with_declared_channel,0.92,0.009385480717969552,0.3044032344055376,0.2924241514128656,0.03178285867017932,0.4121572048498306,0.055,0.9436444735531199
active_spirit_channel,540,death_with_declared_channel,0.92,0.009385480717969552,0.3044032344055376,0.2924241514128656,0.03180914674619265,0.41234787155172736,0.055,0.9434557446584093
active_spirit_channel,541,death_with_declared_channel,0.92,0.009385480717969552,0.3044032344055376,0.2924241514128656,0.03183531812140498,0.4125381569202204,0.055,0.9432670535094777
active_spirit_channel,542,death_with_declared_channel,0.92,0.009385480717969552,0.3044032344055376,0.2924241514128656,0.03186137331870393,0.4127280617179765,0.055,0.9430784000987759
active_spirit_channel,543,death_with_declared_channel,0.92,0.009385480717969552,0.3044032344055376,0.2924241514128656,0.031887312858610496,0.412917586706137,0.055,0.9428897844187561
active_spirit_channel,544,death_with_declared_channel,0.92,0.009385480717969552,0.3044032344055376,0.2924241514128656,0.031913137259289875,0.4131067326443212,0.055,0.9427012064618724
active_spirit_channel,545,death_with_declared_channel,0.92,0.009385480717969552,0.3044032344055376,0.2924241514128656,0.03193884703656222,0.413295500290629,0.055,0.94251266622058
active_spirit_channel,546,death_with_declared_channel,0.92,0.009385480717969552,0.3044032344055376,0.2924241514128656,0.03196444270391336,0.4134838904016442,0.055,0.942324163687336
active_spirit_channel,547,death_with_declared_channel,0.92,0.009385480717969552,0.3044032344055376,0.2924241514128656,0.031989924772505535,0.4136719037324374,0.055,0.9421356988545985
active_spirit_channel,548,death_with_declared_channel,0.92,0.009385480717969552,0.3044032344055376,0.2924241514128656,0.03201529375118797,0.4138595410365689,0.055,0.9419472717148276
active_spirit_channel,549,death_with_declared_channel,0.92,0.009385480717969552,0.3044032344055376,0.2924241514128656,0.03204055014650746,0.41404680306609226,0.055,0.9417588822604847
active_spirit_channel,550,death_with_declared_channel,0.92,0.009385480717969552,0.3044032344055376,0.2924241514128656,0.03206569446271895,0.41423369057155657,0.055,0.9415705304840326
active_spirit_channel,551,death_with_declared_channel,0.92,0.009385480717969552,0.3044032344055376,0.2924241514128656,0.032090727201795954,0.4144202043020099,0.055,0.9413822163779358
active_spirit_channel,552,death_with_declared_channel,0.92,0.009385480717969552,0.3044032344055376,0.2924241514128656,0.03211564886344105,0.4146063450050024,0.055,0.9411939399346603
active_spirit_channel,553,death_with_declared_channel,0.92,0.009385480717969552,0.3044032344055376,0.2924241514128656,0.03214045994509622,0.41479211342658884,0.055,0.9410057011466734
active_spirit_channel,554,death_with_declared_channel,0.92,0.009385480717969552,0.3044032344055376,0.2924241514128656,0.0321651609419532,0.41497751031133207,0.055,0.940817500006444
active_spirit_channel,555,death_with_declared_channel,0.92,0.009385480717969552,0.3044032344055376,0.2924241514128656,0.03218975234696379,0.4151625364023059,0.055,0.9406293365064428
active_spirit_channel,556,death_with_declared_channel,0.92,0.009385480717969552,0.3044032344055376,0.2924241514128656,0.03221423465085009,0.41534719244109763,0.055,0.9404412106391415
active_spirit_channel,557,death_with_declared_channel,0.92,0.009385480717969552,0.3044032344055376,0.2924241514128656,0.03223860834211465,0.415531479167812,0.055,0.9402531223970138
active_spirit_channel,558,death_with_declared_channel,0.92,0.009385480717969552,0.3044032344055376,0.2924241514128656,0.032262873907050696,0.4157153973210728,0.055,0.9400650717725344
active_spirit_channel,559,death_with_declared_channel,0.92,0.009385480717969552,0.3044032344055376,0.2924241514128656,0.03228703182975218,0.41589894763802715,0.055,0.93987705875818
active_spirit_channel,560,death_with_declared_channel,0.92,0.009385480717969552,0.3044032344055376,0.2924241514128656,0.03231108259212383,0.41608213085434753,0.055,0.9396890833464283
active_spirit_channel,561,death_with_declared_channel,0.92,0.009385480717969552,0.3044032344055376,0.2924241514128656,0.0323350266738912,0.4162649477042353,0.055,0.939501145529759
active_spirit_channel,562,death_with_declared_channel,0.92,0.009385480717969552,0.3044032344055376,0.2924241514128656,0.03235886455261059,0.41644739892042326,0.055,0.9393132453006531
active_spirit_channel,563,death_with_declared_channel,0.92,0.009385480717969552,0.3044032344055376,0.2924241514128656,0.03238259670367898,0.416629485234179,0.055,0.939125382651593
active_spirit_channel,564,death_with_declared_channel,0.92,0.009385480717969552,0.3044032344055376,0.2924241514128656,0.0324062236003439,0.4168112073753069,0.055,0.9389375575750627
active_spirit_channel,565,death_with_declared_channel,0.92,0.009385480717969552,0.3044032344055376,0.2924241514128656,0.03242974571371326,0.4169925660721528,0.055,0.9387497700635477
active_spirit_channel,566,death_with_declared_channel,0.92,0.009385480717969552,0.3044032344055376,0.2924241514128656,0.032453163512765094,0.41717356205160494,0.055,0.9385620201095349
active_spirit_channel,567,death_with_declared_channel,0.92,0.009385480717969552,0.3044032344055376,0.2924241514128656,0.03247647746435736,0.4173541960390983,0.055,0.938374307705513
active_spirit_channel,568,death_with_declared_channel,0.92,0.009385480717969552,0.3044032344055376,0.2924241514128656,0.03249968803323756,0.41753446875861655,0.055,0.938186632843972
active_spirit_channel,569,death_with_declared_channel,0.92,0.009385480717969552,0.3044032344055376,0.2924241514128656,0.032522795682052415,0.4177143809326957,0.055,0.9379989955174032
active_spirit_channel,570,death_with_declared_channel,0.92,0.009385480717969552,0.3044032344055376,0.2924241514128656,0.032545800871357465,0.4178939332824268,0.055,0.9378113957182997
active_spirit_channel,571,death_with_declared_channel,0.92,0.009385480717969552,0.3044032344055376,0.2924241514128656,0.032568704059626655,0.4180731265274584,0.055,0.9376238334391561
active_spirit_channel,572,death_with_declared_channel,0.92,0.009385480717969552,0.3044032344055376,0.2924241514128656,0.03259150570326174,0.41825196138599996,0.055,0.9374363086724683
active_spirit_channel,573,death_with_declared_channel,0.92,0.009385480717969552,0.3044032344055376,0.2924241514128656,0.03261420625660189,0.4184304385748245,0.055,0.9372488214107338
active_spirit_channel,574,death_with_declared_channel,0.92,0.009385480717969552,0.3044032344055376,0.2924241514128656,0.03263680617193303,0.41860855880927117,0.055,0.9370613716464518
active_spirit_channel,575,death_with_declared_channel,0.92,0.009385480717969552,0.3044032344055376,0.2924241514128656,0.0326593058994972,0.4187863228032491,0.055,0.9368739593721225
active_spirit_channel,576,death_with_declared_channel,0.92,0.009385480717969552,0.3044032344055376,0.2924241514128656,0.032681705887501966,0.4189637312692391,0.055,0.9366865845802481
active_spirit_channel,577,death_with_declared_channel,0.92,0.009385480717969552,0.3044032344055376,0.2924241514128656,0.03270400658212968,0.4191407849182971,0.055,0.9364992472633321
active_spirit_channel,578,death_with_declared_channel,0.92,0.009385480717969552,0.3044032344055376,0.2924241514128656,0.03272620842754668,0.41931748446005696,0.055,0.9363119474138795
active_spirit_channel,579,death_with_declared_channel,0.92,0.009385480717969552,0.3044032344055376,0.2924241514128656,0.03274831186591258,0.4194938306027332,0.055,0.9361246850243967
active_spirit_channel,580,death_with_declared_channel,0.92,0.009385480717969552,0.3044032344055376,0.2924241514128656,0.032770317337389394,0.41966982405312436,0.055,0.9359374600873919
active_spirit_channel,581,death_with_declared_channel,0.92,0.009385480717969552,0.3044032344055376,0.2924241514128656,0.03279222528015064,0.41984546551661456,0.055,0.9357502725953745
active_spirit_channel,582,death_with_declared_channel,0.92,0.009385480717969552,0.3044032344055376,0.2924241514128656,0.03281403613039047,0.4200207556971778,0.055,0.9355631225408554
active_spirit_channel,583,death_with_declared_channel,0.92,0.009385480717969552,0.3044032344055376,0.2924241514128656,0.032835750322332644,0.42019569529737993,0.055,0.9353760099163473
active_spirit_channel,584,death_with_declared_channel,0.92,0.009385480717969552,0.3044032344055376,0.2924241514128656,0.03285736828823958,0.4203702850183816,0.055,0.935188934714364
active_spirit_channel,585,death_with_declared_channel,0.92,0.009385480717969552,0.3044032344055376,0.2924241514128656,0.03287889045842132,0.42054452555994126,0.055,0.9350018969274212
active_spirit_channel,586,death_with_declared_channel,0.92,0.009385480717969552,0.3044032344055376,0.2924241514128656,0.03290031726124436,0.42071841762041773,0.055,0.9348148965480357
active_spirit_channel,587,death_with_declared_channel,0.92,0.009385480717969552,0.3044032344055376,0.2924241514128656,0.032921649123140606,0.42089196189677347,0.055,0.9346279335687262
active_spirit_channel,588,death_with_declared_channel,0.92,0.009385480717969552,0.3044032344055376,0.2924241514128656,0.032942886468616185,0.42106515908457626,0.055,0.9344410079820125
active_spirit_channel,589,death_with_declared_channel,0.92,0.009385480717969552,0.3044032344055376,0.2924241514128656,0.032964029720260205,0.42123800987800375,0.055,0.9342541197804161
active_spirit_channel,590,death_with_declared_channel,0.92,0.009385480717969552,0.3044032344055376,0.2924241514128656,0.03298507929875355,0.42141051496984416,0.055,0.93406726895646
active_spirit_channel,591,death_with_declared_channel,0.92,0.009385480717969552,0.3044032344055376,0.2924241514128656,0.03300603562287756,0.4215826750515009,0.055,0.9338804555026687
active_spirit_channel,592,death_with_declared_channel,0.92,0.009385480717969552,0.3044032344055376,0.2924241514128656,0.033026899109522695,0.4217544908129943,0.055,0.9336936794115682
active_spirit_channel,593,death_with_declared_channel,0.92,0.009385480717969552,0.3044032344055376,0.2924241514128656,0.0330476701736972,0.4219259629429648,0.055,0.933506940675686
active_spirit_channel,594,death_with_declared_channel,0.92,0.009385480717969552,0.3044032344055376,0.2924241514128656,0.03306834922853566,0.4220970921286753,0.055,0.9333202392875508
active_spirit_channel,595,death_with_declared_channel,0.92,0.009385480717969552,0.3044032344055376,0.2924241514128656,0.03308893668530756,0.4222678790560144,0.055,0.9331335752396933
active_spirit_channel,596,death_with_declared_channel,0.92,0.009385480717969552,0.3044032344055376,0.2924241514128656,0.0331094329534258,0.42243832440949897,0.055,0.9329469485246454
active_spirit_channel,597,death_with_declared_channel,0.92,0.009385480717969552,0.3044032344055376,0.2924241514128656,0.033129838440455174,0.42260842887227634,0.055,0.9327603591349405
active_spirit_channel,598,death_with_declared_channel,0.92,0.009385480717969552,0.3044032344055376,0.2924241514128656,0.03315015355212078,0.4227781931261282,0.055,0.9325738070631135
active_spirit_channel,599,death_with_declared_channel,0.92,0.009385480717969552,0.3044032344055376,0.2924241514128656,0.03317037869231644,0.4229476178514725,0.055,0.9323872923017009
active_spirit_channel,600,death_with_declared_channel,0.92,0.009385480717969552,0.3044032344055376,0.2924241514128656,0.03319051426311302,0.42311670372736604,0.055,0.9322008148432406
active_spirit_channel,601,death_with_declared_channel,0.92,0.009385480717969552,0.3044032344055376,0.2924241514128656,0.03321056066476679,0.42328545143150775,0.055,0.9320143746802719
active_spirit_channel,602,death_with_declared_channel,0.92,0.009385480717969552,0.3044032344055376,0.2924241514128656,0.03323051829572766,0.4234538616402411,0.055,0.9318279718053359
active_spirit_channel,603,death_with_declared_channel,0.92,0.009385480717969552,0.3044032344055376,0.2924241514128656,0.033250387552647455,0.42362193502855705,0.055,0.9316416062109749
active_spirit_channel,604,death_with_declared_channel,0.92,0.009385480717969552,0.3044032344055376,0.2924241514128656,0.033270168830388074,0.42378967227009645,0.055,0.9314552778897327
active_spirit_channel,605,death_with_declared_channel,0.92,0.009385480717969552,0.3044032344055376,0.2924241514128656,0.03328986252202971,0.4239570740371527,0.055,0.9312689868341548
active_spirit_channel,606,death_with_declared_channel,0.92,0.009385480717969552,0.3044032344055376,0.2924241514128656,0.03330946901887891,0.42412414100067486,0.055,0.931082733036788
active_spirit_channel,607,death_with_declared_channel,0.92,0.009385480717969552,0.3044032344055376,0.2924241514128656,0.03332898871047673,0.42429087383027,0.055,0.9308965164901807
active_spirit_channel,608,death_with_declared_channel,0.92,0.009385480717969552,0.3044032344055376,0.2924241514128656,0.03334842198460674,0.4244572731942059,0.055,0.9307103371868827
active_spirit_channel,609,death_with_declared_channel,0.92,0.009385480717969552,0.3044032344055376,0.2924241514128656,0.03336776922730306,0.42462333975941396,0.055,0.9305241951194453
active_spirit_channel,610,death_with_declared_channel,0.92,0.009385480717969552,0.3044032344055376,0.2924241514128656,0.03338703082285831,0.42478907419149153,0.055,0.9303380902804215
active_spirit_channel,611,death_with_declared_channel,0.92,0.009385480717969552,0.3044032344055376,0.2924241514128656,0.03340620715383158,0.42495447715470513,0.055,0.9301520226623654
active_spirit_channel,612,death_with_declared_channel,0.92,0.009385480717969552,0.3044032344055376,0.2924241514128656,0.033425298601056336,0.42511954931199214,0.055,0.9299659922578329
active_spirit_channel,613,death_with_declared_channel,0.92,0.009385480717969552,0.3044032344055376,0.2924241514128656,0.03344430554364828,0.4252842913249647,0.055,0.9297799990593814
active_spirit_channel,614,death_with_declared_channel,0.92,0.009385480717969552,0.3044032344055376,0.2924241514128656,0.03346322835901313,0.4254487038539111,0.055,0.9295940430595695
active_spirit_channel,615,death_with_declared_channel,0.92,0.009385480717969552,0.3044032344055376,0.2924241514128656,0.0334820674228545,0.42561278755779974,0.055,0.9294081242509576
active_spirit_channel,616,death_with_declared_channel,0.92,0.009385480717969552,0.3044032344055376,0.2924241514128656,0.03350082310918162,0.4257765430942806,0.055,0.9292222426261074
active_spirit_channel,617,death_with_declared_channel,0.92,0.009385480717969552,0.3044032344055376,0.2924241514128656,0.033519495790317044,0.4259399711196885,0.055,0.9290363981775822
active_spirit_channel,618,death_with_declared_channel,0.92,0.009385480717969552,0.3044032344055376,0.2924241514128656,0.03353808583690436,0.42610307228904565,0.055,0.9288505908979467
active_spirit_channel,619,death_with_declared_channel,0.92,0.009385480717969552,0.3044032344055376,0.2924241514128656,0.03355659361791581,0.42626584725606403,0.055,0.9286648207797672
active_spirit_channel,620,death_with_declared_channel,0.92,0.009385480717969552,0.3044032344055376,0.2924241514128656,0.03357501950065996,0.42642829667314824,0.055,0.9284790878156113
active_spirit_channel,621,death_with_declared_channel,0.92,0.009385480717969552,0.3044032344055376,0.2924241514128656,0.033593363850789267,0.42659042119139845,0.055,0.9282933919980482
active_spirit_channel,622,death_with_declared_channel,0.92,0.009385480717969552,0.3044032344055376,0.2924241514128656,0.03361162703230756,0.4267522214606121,0.055,0.9281077333196486
active_spirit_channel,623,death_with_declared_channel,0.92,0.009385480717969552,0.3044032344055376,0.2924241514128656,0.03362980940757763,0.42691369812928726,0.055,0.9279221117729847
active_spirit_channel,624,death_with_declared_channel,0.92,0.009385480717969552,0.3044032344055376,0.2924241514128656,0.03364791133732868,0.42707485184462524,0.055,0.9277365273506301
active_spirit_channel,625,death_with_declared_channel,0.92,0.009385480717969552,0.3044032344055376,0.2924241514128656,0.033665933180663785,0.42723568325253247,0.055,0.9275509800451599
active_spirit_channel,626,death_with_declared_channel,0.92,0.009385480717969552,0.3044032344055376,0.2924241514128656,0.03368387529506725,0.42739619299762394,0.055,0.9273654698491509
active_spirit_channel,627,death_with_declared_channel,0.92,0.009385480717969552,0.3044032344055376,0.2924241514128656,0.03370173803641205,0.4275563817232251,0.055,0.9271799967551811
active_spirit_channel,628,death_with_declared_channel,0.92,0.009385480717969552,0.3044032344055376,0.2924241514128656,0.033719521758967114,0.4277162500713751,0.055,0.9269945607558301
active_spirit_channel,629,death_with_declared_channel,0.92,0.009385480717969552,0.3044032344055376,0.2924241514128656,0.03373722681540467,0.4278757986828288,0.055,0.9268091618436789
active_spirit_channel,630,death_with_declared_channel,0.92,0.009385480717969552,0.3044032344055376,0.2924241514128656,0.033754853556807504,0.42803502819705963,0.055,0.9266238000113102
active_spirit_channel,631,death_with_declared_channel,0.92,0.009385480717969552,0.3044032344055376,0.2924241514128656,0.033772402332676185,0.4281939392522619,0.055,0.926438475251308
active_spirit_channel,632,death_with_declared_channel,0.92,0.009385480717969552,0.3044032344055376,0.2924241514128656,0.03378987349093632,0.4283525324853539,0.055,0.9262531875562577
active_spirit_channel,633,death_with_declared_channel,0.92,0.009385480717969552,0.3044032344055376,0.2924241514128656,0.033807267377945635,0.42851080853197965,0.055,0.9260679369187466
active_spirit_channel,634,death_with_declared_channel,0.92,0.009385480717969552,0.3044032344055376,0.2924241514128656,0.033824584338501246,0.42866876802651216,0.055,0.9258827233313628
active_spirit_channel,635,death_with_declared_channel,0.92,0.009385480717969552,0.3044032344055376,0.2924241514128656,0.03384182471584664,0.42882641160205553,0.055,0.9256975467866966
active_spirit_channel,636,death_with_declared_channel,0.92,0.009385480717969552,0.3044032344055376,0.2924241514128656,0.03385898885167882,0.4289837398904479,0.055,0.9255124072773393
active_spirit_channel,637,death_with_declared_channel,0.92,0.009385480717969552,0.3044032344055376,0.2924241514128656,0.03387607708615532,0.4291407535222635,0.055,0.9253273047958839
active_spirit_channel,638,death_with_declared_channel,0.92,0.009385480717969552,0.3044032344055376,0.2924241514128656,0.03389308975790124,0.42929745312681544,0.055,0.9251422393349247
active_spirit_channel,639,death_with_declared_channel,0.92,0.009385480717969552,0.3044032344055376,0.2924241514128656,0.03391002720401619,0.42945383933215825,0.055,0.9249572108870577
active_spirit_channel,640,death_with_declared_channel,0.92,0.009385480717969552,0.3044032344055376,0.2924241514128656,0.03392688976008126,0.4296099127650904,0.055,0.9247722194448803
active_spirit_channel,641,death_with_declared_channel,0.92,0.009385480717969552,0.3044032344055376,0.2924241514128656,0.03394367776016591,0.4297656740511567,0.055,0.9245872650009913
active_spirit_channel,642,death_with_declared_channel,0.92,0.009385480717969552,0.3044032344055376,0.2924241514128656,0.03396039153683488,0.4299211238146508,0.055,0.9244023475479911
active_spirit_channel,643,death_with_declared_channel,0.92,0.009385480717969552,0.3044032344055376,0.2924241514128656,0.03397703142115503,0.43007626267861804,0.055,0.9242174670784815
active_spirit_channel,644,death_with_declared_channel,0.92,0.009385480717969552,0.3044032344055376,0.2924241514128656,0.03399359774270214,0.4302310912648572,0.055,0.9240326235850659
active_spirit_channel,645,death_with_declared_channel,0.92,0.009385480717969552,0.3044032344055376,0.2924241514128656,0.0340100908295677,0.43038561019392396,0.055,0.9238478170603489
active_spirit_channel,646,death_with_declared_channel,0.92,0.009385480717969552,0.3044032344055376,0.2924241514128656,0.03402651100836569,0.43053982008513253,0.055,0.9236630474969368
active_spirit_channel,647,death_with_declared_channel,0.92,0.009385480717969552,0.3044032344055376,0.2924241514128656,0.034042858604239286,0.4306937215565587,0.055,0.9234783148874375
active_spirit_channel,648,death_with_declared_channel,0.92,0.009385480717969552,0.3044032344055376,0.2924241514128656,0.034059133940867556,0.43084731522504205,0.055,0.92329361922446
active_spirit_channel,649,death_with_declared_channel,0.92,0.009385480717969552,0.3044032344055376,0.2924241514128656,0.034075337340472106,0.43100060170618854,0.055,0.9231089605006151
active_spirit_channel,650,death_with_declared_channel,0.92,0.009385480717969552,0.3044032344055376,0.2924241514128656,0.034091469123823756,0.43115358161437256,0.055,0.922924338708515
active_spirit_channel,651,death_with_declared_channel,0.92,0.009385480717969552,0.3044032344055376,0.2924241514128656,0.03410752961024908,0.4313062555627403,0.055,0.9227397538407733
active_spirit_channel,652,death_with_declared_channel,0.92,0.009385480717969552,0.3044032344055376,0.2924241514128656,0.03412351911763702,0.43145862416321124,0.055,0.9225552058900052
active_spirit_channel,653,death_with_declared_channel,0.92,0.009385480717969552,0.3044032344055376,0.2924241514128656,0.03413943796244546,0.4316106880264813,0.055,0.9223706948488272
active_spirit_channel,654,death_with_declared_channel,0.92,0.009385480717969552,0.3044032344055376,0.2924241514128656,0.034155286459707605,0.4317624477620249,0.055,0.9221862207098575
active_spirit_channel,655,death_with_declared_channel,0.92,0.009385480717969552,0.3044032344055376,0.2924241514128656,0.03417106492303864,0.4319139039780972,0.055,0.9220017834657155
active_spirit_channel,656,death_with_declared_channel,0.92,0.009385480717969552,0.3044032344055376,0.2924241514128656,0.03418677366464202,0.43206505728173744,0.055,0.9218173831090224
active_spirit_channel,657,death_with_declared_channel,0.92,0.009385480717969552,0.3044032344055376,0.2924241514128656,0.034202412995316005,0.4322159082787705,0.055,0.9216330196324006
active_spirit_channel,658,death_with_declared_channel,0.92,0.009385480717969552,0.3044032344055376,0.2924241514128656,0.03421798322445998,0.43236645757380937,0.055,0.9214486930284742
active_spirit_channel,659,death_with_declared_channel,0.92,0.009385480717969552,0.3044032344055376,0.2924241514128656,0.034233484660080866,0.43251670577025814,0.055,0.9212644032898686
active_spirit_channel,660,death_with_declared_channel,0.92,0.009385480717969552,0.3044032344055376,0.2924241514128656,0.03424891760879943,0.4326666534703142,0.055,0.9210801504092107
active_spirit_channel,661,death_with_declared_channel,0.92,0.009385480717969552,0.3044032344055376,0.2924241514128656,0.03426428237585657,0.4328163012749699,0.055,0.9208959343791289
active_spirit_channel,662,death_with_declared_channel,0.92,0.009385480717969552,0.3044032344055376,0.2924241514128656,0.034279579265119625,0.43296564978401647,0.055,0.920711755192253
active_spirit_channel,663,death_with_declared_channel,0.92,0.009385480717969552,0.3044032344055376,0.2924241514128656,0.034294808579088606,0.43311469959604504,0.055,0.9205276128412145
active_spirit_channel,664,death_with_declared_channel,0.92,0.009385480717969552,0.3044032344055376,0.2924241514128656,0.03430997061890242,0.4332634513084494,0.055,0.9203435073186463
active_spirit_channel,665,death_with_declared_channel,0.92,0.009385480717969552,0.3044032344055376,0.2924241514128656,0.03432506568434503,0.43341190551742886,0.055,0.9201594386171826
active_spirit_channel,666,death_with_declared_channel,0.92,0.009385480717969552,0.3044032344055376,0.2924241514128656,0.034340094073851656,0.4335600628179905,0.055,0.9199754067294592
active_spirit_channel,667,death_with_declared_channel,0.92,0.009385480717969552,0.3044032344055376,0.2924241514128656,0.03435505608451488,0.43370792380395096,0.055,0.9197914116481133
active_spirit_channel,668,death_with_declared_channel,0.92,0.009385480717969552,0.3044032344055376,0.2924241514128656,0.03436995201209076,0.4338554890679396,0.055,0.9196074533657836
active_spirit_channel,669,death_with_declared_channel,0.92,0.009385480717969552,0.3044032344055376,0.2924241514128656,0.034384782151004906,0.4340027592014001,0.055,0.9194235318751105
active_spirit_channel,670,death_with_declared_channel,0.92,0.009385480717969552,0.3044032344055376,0.2924241514128656,0.034399546794358526,0.4341497347945938,0.055,0.9192396471687355
active_spirit_channel,671,death_with_declared_channel,0.92,0.009385480717969552,0.3044032344055376,0.2924241514128656,0.03441424623393442,0.43429641643660105,0.055,0.9190557992393018
active_spirit_channel,672,death_with_declared_channel,0.92,0.009385480717969552,0.3044032344055376,0.2924241514128656,0.03442888076020304,0.4344428047153243,0.055,0.9188719880794539
active_spirit_channel,673,death_with_declared_channel,0.92,0.009385480717969552,0.3044032344055376,0.2924241514128656,0.03444345066232839,0.43458890021749014,0.055,0.9186882136818381
active_spirit_channel,674,death_with_declared_channel,0.92,0.009385480717969552,0.3044032344055376,0.2924241514128656,0.03445795622817396,0.43473470352865157,0.055,0.9185044760391017
active_spirit_channel,675,death_with_declared_channel,0.92,0.009385480717969552,0.3044032344055376,0.2924241514128656,0.034472397744308686,0.4348802152331908,0.055,0.9183207751438939
active_spirit_channel,676,death_with_declared_channel,0.92,0.009385480717969552,0.3044032344055376,0.2924241514128656,0.03448677549601282,0.4350254359143208,0.055,0.9181371109888651
active_spirit_channel,677,death_with_declared_channel,0.92,0.009385480717969552,0.3044032344055376,0.2924241514128656,0.03450108976728375,0.4351703661540887,0.055,0.9179534835666673
active_spirit_channel,678,death_with_declared_channel,0.92,0.009385480717969552,0.3044032344055376,0.2924241514128656,0.03451534084084186,0.43531500653337696,0.055,0.9177698928699539
active_spirit_channel,679,death_with_declared_channel,0.92,0.009385480717969552,0.3044032344055376,0.2924241514128656,0.034529528998136313,0.4354593576319067,0.055,0.91758633889138
active_spirit_channel,680,death_with_declared_channel,0.92,0.009385480717969552,0.3044032344055376,0.2924241514128656,0.03454365451935086,0.43560342002823926,0.055,0.9174028216236018
active_spirit_channel,681,death_with_declared_channel,0.92,0.009385480717969552,0.3044032344055376,0.2924241514128656,0.03455771768340956,0.4357471942997793,0.055,0.917219341059277
active_spirit_channel,682,death_with_declared_channel,0.92,0.009385480717969552,0.3044032344055376,0.2924241514128656,0.034571718767982484,0.4358906810227761,0.055,0.9170358971910653
active_spirit_channel,683,death_with_declared_channel,0.92,0.009385480717969552,0.3044032344055376,0.2924241514128656,0.03458565804949147,0.43603388077232696,0.055,0.916852490011627
active_spirit_channel,684,death_with_declared_channel,0.92,0.009385480717969552,0.3044032344055376,0.2924241514128656,0.03459953580311574,0.4361767941223789,0.055,0.9166691195136247
active_spirit_channel,685,death_with_declared_channel,0.92,0.009385480717969552,0.3044032344055376,0.2924241514128656,0.03461335230279756,0.4363194216457306,0.055,0.916485785689722
active_spirit_channel,686,death_with_declared_channel,0.92,0.009385480717969552,0.3044032344055376,0.2924241514128656,0.03462710782124786,0.43646176391403546,0.055,0.9163024885325841
active_spirit_channel,687,death_with_declared_channel,0.92,0.009385480717969552,0.3044032344055376,0.2924241514128656,0.03464080262995186,0.4366038214978039,0.055,0.9161192280348777
active_spirit_channel,688,death_with_declared_channel,0.92,0.009385480717969552,0.3044032344055376,0.2924241514128656,0.03465443699917455,0.43674559496640486,0.055,0.9159360041892707
active_spirit_channel,689,death_with_declared_channel,0.92,0.009385480717969552,0.3044032344055376,0.2924241514128656,0.03466801119796634,0.43688708488806854,0.055,0.9157528169884328
active_spirit_channel,690,death_with_declared_channel,0.92,0.009385480717969552,0.3044032344055376,0.2924241514128656,0.03468152549416848,0.4370282918298889,0.055,0.9155696664250351
active_spirit_channel,691,death_with_declared_channel,0.92,0.009385480717969552,0.3044032344055376,0.2924241514128656,0.03469498015441859,0.4371692163578256,0.055,0.9153865524917502
active_spirit_channel,692,death_with_declared_channel,0.92,0.009385480717969552,0.3044032344055376,0.2924241514128656,0.03470837544415616,0.43730985903670627,0.055,0.9152034751812518
active_spirit_channel,693,death_with_declared_channel,0.92,0.009385480717969552,0.3044032344055376,0.2924241514128656,0.034721711627627924,0.4374502204302293,0.055,0.9150204344862155
active_spirit_channel,694,death_with_declared_channel,0.92,0.009385480717969552,0.3044032344055376,0.2924241514128656,0.03473498896789332,0.43759030110096536,0.055,0.9148374303993183
active_spirit_channel,695,death_with_declared_channel,0.92,0.009385480717969552,0.3044032344055376,0.2924241514128656,0.03474820772682986,0.4377301016103598,0.055,0.9146544629132385
active_spirit_channel,696,death_with_declared_channel,0.92,0.009385480717969552,0.3044032344055376,0.2924241514128656,0.03476136816513852,0.43786962251873557,0.055,0.9144715320206559
active_spirit_channel,697,death_with_declared_channel,0.92,0.009385480717969552,0.3044032344055376,0.2924241514128656,0.03477447054234903,0.4380088643852945,0.055,0.9142886377142518
active_spirit_channel,698,death_with_declared_channel,0.92,0.009385480717969552,0.3044032344055376,0.2924241514128656,0.03478751511682525,0.43814782776812056,0.055,0.914105779986709
active_spirit_channel,699,death_with_declared_channel,0.92,0.009385480717969552,0.3044032344055376,0.2924241514128656,0.03480050214577042,0.43828651322418066,0.055,0.9139229588307117
active_spirit_channel,700,death_with_declared_channel,0.92,0.009385480717969552,0.3044032344055376,0.2924241514128656,0.03481343188523245,0.4384249213093288,0.055,0.9137401742389456
active_spirit_channel,701,death_with_declared_channel,0.92,0.009385480717969552,0.3044032344055376,0.2924241514128656,0.034826304590109165,0.43856305257830663,0.055,0.9135574262040979
active_spirit_channel,702,death_with_declared_channel,0.92,0.009385480717969552,0.3044032344055376,0.2924241514128656,0.034839120514153485,0.43870090758474634,0.055,0.913374714718857
active_spirit_channel,703,death_with_declared_channel,0.92,0.009385480717969552,0.3044032344055376,0.2924241514128656,0.03485187990997868,0.43883848688117333,0.055,0.9131920397759132
active_spirit_channel,704,death_with_declared_channel,0.92,0.009385480717969552,0.3044032344055376,0.2924241514128656,0.0348645830290635,0.4389757910190076,0.055,0.913009401367958
active_spirit_channel,705,death_with_declared_channel,0.92,0.009385480717969552,0.3044032344055376,0.2924241514128656,0.03487723012175733,0.43911282054856593,0.055,0.9128267994876845
active_spirit_channel,706,death_with_declared_channel,0.92,0.009385480717969552,0.3044032344055376,0.2924241514128656,0.03488982143728533,0.4392495760190653,0.055,0.9126442341277871
active_spirit_channel,707,death_with_declared_channel,0.92,0.009385480717969552,0.3044032344055376,0.2924241514128656,0.03490235722375351,0.4393860579786237,0.055,0.9124617052809615
active_spirit_channel,708,death_with_declared_channel,0.92,0.009385480717969552,0.3044032344055376,0.2924241514128656,0.03491483772815383,0.4395222669742629,0.055,0.9122792129399053
active_spirit_channel,709,death_with_declared_channel,0.92,0.009385480717969552,0.3044032344055376,0.2924241514128656,0.03492726319636926,0.43965820355191076,0.055,0.9120967570973174
active_spirit_channel,710,death_with_declared_channel,0.92,0.009385480717969552,0.3044032344055376,0.2924241514128656,0.03493963387317876,0.4397938682564034,0.055,0.9119143377458979
active_spirit_channel,711,death_with_declared_channel,0.92,0.009385480717969552,0.3044032344055376,0.2924241514128656,0.034951950002262366,0.43992926163148705,0.055,0.9117319548783488
active_spirit_channel,712,death_with_declared_channel,0.92,0.009385480717969552,0.3044032344055376,0.2924241514128656,0.034964211826206106,0.4400643842198206,0.055,0.9115496084873731
active_spirit_channel,713,death_with_declared_channel,0.92,0.009385480717969552,0.3044032344055376,0.2924241514128656,0.03497641958650699,0.4401992365629773,0.055,0.9113672985656757
active_spirit_channel,714,death_with_declared_channel,0.92,0.009385480717969552,0.3044032344055376,0.2924241514128656,0.034988573523577954,0.440333819201448,0.055,0.9111850251059626
active_spirit_channel,715,death_with_declared_channel,0.92,0.009385480717969552,0.3044032344055376,0.2924241514128656,0.03500067387675277,0.4404681326746414,0.055,0.9110027881009414
active_spirit_channel,716,death_with_declared_channel,0.92,0.009385480717969552,0.3044032344055376,0.2924241514128656,0.035012720884290936,0.4406021775208886,0.055,0.9108205875433212
active_spirit_channel,717,death_with_declared_channel,0.92,0.009385480717969552,0.3044032344055376,0.2924241514128656,0.03502471478338257,0.4407359542774433,0.055,0.9106384234258126
active_spirit_channel,718,death_with_declared_channel,0.92,0.009385480717969552,0.3044032344055376,0.2924241514128656,0.03503665581015322,0.4408694634804849,0.055,0.9104562957411274
active_spirit_channel,719,death_with_declared_channel,0.92,0.009385480717969552,0.3044032344055376,0.2924241514128656,0.03504854419966872,0.4410027056651204,0.055,0.9102742044819792
active_spirit_channel,720,death_with_declared_channel,0.92,0.009385480717969552,0.3044032344055376,0.2924241514128656,0.035060380185939974,0.44113568136538667,0.055,0.9100921496410828
active_spirit_channel,721,death_with_declared_channel,0.92,0.009385480717969552,0.3044032344055376,0.2924241514128656,0.03507216400192778,0.44126839111425226,0.055,0.9099101312111546
active_spirit_channel,722,death_with_declared_channel,0.92,0.009385480717969552,0.3044032344055376,0.2924241514128656,0.03508389587954753,0.4414008354436203,0.055,0.9097281491849124
active_spirit_channel,723,death_with_declared_channel,0.92,0.009385480717969552,0.3044032344055376,0.2924241514128656,0.035095576049674004,0.44153301488432956,0.055,0.9095462035550754
active_spirit_channel,724,death_with_declared_channel,0.92,0.009385480717969552,0.3044032344055376,0.2924241514128656,0.03510720474214606,0.44166492996615725,0.055,0.9093642943143644
active_spirit_channel,725,death_with_declared_channel,0.92,0.009385480717969552,0.3044032344055376,0.2924241514128656,0.03511878218577132,0.4417965812178215,0.055,0.9091824214555015
active_spirit_channel,726,death_with_declared_channel,0.92,0.009385480717969552,0.3044032344055376,0.2924241514128656,0.0351303086083309,0.44192796916698224,0.055,0.9090005849712105
active_spirit_channel,727,death_with_declared_channel,0.92,0.009385480717969552,0.3044032344055376,0.2924241514128656,0.035141784236583956,0.44205909434024476,0.055,0.9088187848542163
active_spirit_channel,728,death_with_declared_channel,0.92,0.009385480717969552,0.3044032344055376,0.2924241514128656,0.035153209296272435,0.4421899572631607,0.055,0.9086370210972454
active_spirit_channel,729,death_with_declared_channel,0.92,0.009385480717969552,0.3044032344055376,0.2924241514128656,0.035164584012125605,0.4423205584602309,0.055,0.908455293693026
active_spirit_channel,730,death_with_declared_channel,0.92,0.009385480717969552,0.3044032344055376,0.2924241514128656,0.03517590860786469,0.4424508984549069,0.055,0.9082736026342875
active_spirit_channel,731,death_with_declared_channel,0.92,0.009385480717969552,0.3044032344055376,0.2924241514128656,0.03518718330620738,0.4425809777695935,0.055,0.9080919479137606
active_spirit_channel,732,death_with_declared_channel,0.92,0.009385480717969552,0.3044032344055376,0.2924241514128656,0.03519840832887248,0.4427107969256508,0.055,0.9079103295241778
active_spirit_channel,733,death_with_declared_channel,0.92,0.009385480717969552,0.3044032344055376,0.2924241514128656,0.0352095838965843,0.442840356443396,0.055,0.907728747458273
active_spirit_channel,734,death_with_declared_channel,0.92,0.009385480717969552,0.3044032344055376,0.2924241514128656,0.035220710229077294,0.4429696568421057,0.055,0.9075472017087814
active_spirit_channel,735,death_with_declared_channel,0.92,0.009385480717969552,0.3044032344055376,0.2924241514128656,0.03523178754510043,0.44309869864001783,0.055,0.9073656922684397
active_spirit_channel,736,death_with_declared_channel,0.92,0.009385480717969552,0.3044032344055376,0.2924241514128656,0.035242816062421765,0.44322748235433435,0.055,0.907184219129986
active_spirit_channel,737,death_with_declared_channel,0.92,0.009385480717969552,0.3044032344055376,0.2924241514128656,0.03525379599783279,0.4433560085012221,0.055,0.90700278228616
active_spirit_channel,738,death_with_declared_channel,0.92,0.009385480717969552,0.3044032344055376,0.2924241514128656,0.03526472756715291,0.4434842775958161,0.055,0.9068213817297028
active_spirit_channel,739,death_with_declared_channel,0.92,0.009385480717969552,0.3044032344055376,0.2924241514128656,0.035275610985233824,0.4436122901522209,0.055,0.9066400174533569
active_spirit_channel,740,death_with_declared_channel,0.92,0.009385480717969552,0.3044032344055376,0.2924241514128656,0.03528644646596394,0.44374004668351313,0.055,0.9064586894498662
active_spirit_channel,741,death_with_declared_channel,0.92,0.009385480717969552,0.3044032344055376,0.2924241514128656,0.0352972342222727,0.44386754770174236,0.055,0.9062773977119762
active_spirit_channel,742,death_with_declared_channel,0.92,0.009385480717969552,0.3044032344055376,0.2924241514128656,0.035307974466134935,0.4439947937179354,0.055,0.9060961422324338
active_spirit_channel,743,death_with_declared_channel,0.92,0.009385480717969552,0.3044032344055376,0.2924241514128656,0.0353186674085752,0.44412178524209595,0.055,0.9059149230039873
active_spirit_channel,744,death_with_declared_channel,0.92,0.009385480717969552,0.3044032344055376,0.2924241514128656,0.03532931325967207,0.4442485227832082,0.055,0.9057337400193866
active_spirit_channel,745,death_with_declared_channel,0.92,0.009385480717969552,0.3044032344055376,0.2924241514128656,0.03533991222856241,0.4443750068492383,0.055,0.9055525932713827
active_spirit_channel,746,death_with_declared_channel,0.92,0.009385480717969552,0.3044032344055376,0.2924241514128656,0.03535046452344568,0.44450123794713636,0.055,0.9053714827527285
active_spirit_channel,747,death_with_declared_channel,0.92,0.009385480717969552,0.3044032344055376,0.2924241514128656,0.035360970351588125,0.4446272165828385,0.055,0.9051904084561779
active_spirit_channel,748,death_with_declared_channel,0.92,0.009385480717969552,0.3044032344055376,0.2924241514128656,0.03537142991932703,0.4447529432612692,0.055,0.9050093703744867
active_spirit_channel,749,death_with_declared_channel,0.92,0.009385480717969552,0.3044032344055376,0.2924241514128656,0.035381843432074934,0.44487841848634324,0.055,0.9048283685004118
active_spirit_channel,750,death_with_declared_channel,0.92,0.009385480717969552,0.3044032344055376,0.2924241514128656,0.035392211094323806,0.44500364276096704,0.055,0.9046474028267117
active_spirit_channel,751,death_with_declared_channel,0.92,0.009385480717969552,0.3044032344055376,0.2924241514128656,0.035402533109649185,0.44512861658704145,0.055,0.9044664733461464
active_spirit_channel,752,death_with_declared_channel,0.92,0.009385480717969552,0.3044032344055376,0.2924241514128656,0.035412809680714405,0.44525334046546383,0.055,0.9042855800514772
active_spirit_channel,753,death_with_declared_channel,0.92,0.009385480717969552,0.3044032344055376,0.2924241514128656,0.03542304100927463,0.4453778148961294,0.055,0.904104722935467
active_spirit_channel,754,death_with_declared_channel,0.92,0.009385480717969552,0.3044032344055376,0.2924241514128656,0.03543322729618102,0.4455020403779337,0.055,0.9039239019908799
active_spirit_channel,755,death_with_declared_channel,0.92,0.009385480717969552,0.3044032344055376,0.2924241514128656,0.035443368741384824,0.4456260174087742,0.055,0.9037431172104817
active_spirit_channel,756,death_with_declared_channel,0.92,0.009385480717969552,0.3044032344055376,0.2924241514128656,0.035453465543941444,0.44574974648555316,0.055,0.9035623685870396
active_spirit_channel,757,death_with_declared_channel,0.92,0.009385480717969552,0.3044032344055376,0.2924241514128656,0.03546351790201445,0.4458732281041784,0.055,0.9033816561133222
active_spirit_channel,758,death_with_declared_channel,0.92,0.009385480717969552,0.3044032344055376,0.2924241514128656,0.03547352601287969,0.44599646275956656,0.055,0.9032009797820996
active_spirit_channel,759,death_with_declared_channel,0.92,0.009385480717969552,0.3044032344055376,0.2924241514128656,0.03548349007292926,0.44611945094564376,0.055,0.9030203395861431
active_spirit_channel,760,death_with_declared_channel,0.92,0.009385480717969552,0.3044032344055376,0.2924241514128656,0.0354934102776755,0.4462421931553491,0.055,0.9028397355182259
active_spirit_channel,761,death_with_declared_channel,0.92,0.009385480717969552,0.3044032344055376,0.2924241514128656,0.03550328682175499,0.4463646898806349,0.055,0.9026591675711223
active_spirit_channel,762,death_with_declared_channel,0.92,0.009385480717969552,0.3044032344055376,0.2924241514128656,0.03551311989893252,0.44648694161247005,0.055,0.9024786357376081
active_spirit_channel,763,death_with_declared_channel,0.92,0.009385480717969552,0.3044032344055376,0.2924241514128656,0.03552290970210502,0.44660894884084157,0.055,0.9022981400104606
active_spirit_channel,764,death_with_declared_channel,0.92,0.009385480717969552,0.3044032344055376,0.2924241514128656,0.03553265642330547,0.4467307120547563,0.055,0.9021176803824585
active_spirit_channel,765,death_with_declared_channel,0.92,0.009385480717969552,0.3044032344055376,0.2924241514128656,0.03554236025370686,0.44685223174224326,0.055,0.901937256846382
active_spirit_channel,766,death_with_declared_channel,0.92,0.009385480717969552,0.3044032344055376,0.2924241514128656,0.035552021383626016,0.44697350839035516,0.055,0.9017568693950128
active_spirit_channel,767,death_with_declared_channel,0.92,0.009385480717969552,0.3044032344055376,0.2924241514128656,0.035561640002527525,0.44709454248517105,0.055,0.9015765180211338
active_spirit_channel,768,death_with_declared_channel,0.92,0.009385480717969552,0.3044032344055376,0.2924241514128656,0.03557121629902758,0.4472153345117971,0.055,0.9013962027175296
active_spirit_channel,769,death_with_declared_channel,0.92,0.009385480717969552,0.3044032344055376,0.2924241514128656,0.035580750460897766,0.44733588495436993,0.055,0.9012159234769861
active_spirit_channel,770,death_with_declared_channel,0.92,0.009385480717969552,0.3044032344055376,0.2924241514128656,0.03559024267506897,0.4474561942960578,0.055,0.9010356802922908
active_spirit_channel,771,death_with_declared_channel,0.92,0.009385480717969552,0.3044032344055376,0.2924241514128656,0.0355996931276351,0.44757626301906217,0.055,0.9008554731562323
active_spirit_channel,772,death_with_declared_channel,0.92,0.009385480717969552,0.3044032344055376,0.2924241514128656,0.035609102003856904,0.4476960916046205,0.055,0.9006753020616011
active_spirit_channel,773,death_with_declared_channel,0.92,0.009385480717969552,0.3044032344055376,0.2924241514128656,0.03561846948816575,0.44781568053300774,0.055,0.9004951670011888
active_spirit_channel,774,death_with_declared_channel,0.92,0.009385480717969552,0.3044032344055376,0.2924241514128656,0.03562779576416739,0.4479350302835381,0.055,0.9003150679677886
active_spirit_channel,775,death_with_declared_channel,0.92,0.009385480717969552,0.3044032344055376,0.2924241514128656,0.035637081014645605,0.44805414133456745,0.055,0.9001350049541951
active_spirit_channel,776,death_with_declared_channel,0.92,0.009385480717969552,0.3044032344055376,0.2924241514128656,0.03564632542156605,0.4481730141634948,0.055,0.8999549779532042
active_spirit_channel,777,death_with_declared_channel,0.92,0.009385480717969552,0.3044032344055376,0.2924241514128656,0.03565552916607983,0.44829164924676435,0.055,0.8997749869576136
active_spirit_channel,778,death_with_declared_channel,0.92,0.009385480717969552,0.3044032344055376,0.2924241514128656,0.03566469242852726,0.4484100470598672,0.055,0.8995950319602221
active_spirit_channel,779,death_with_declared_channel,0.92,0.009385480717969552,0.3044032344055376,0.2924241514128656,0.035673815388441533,0.44852820807734395,0.055,0.89941511295383
active_spirit_channel,780,death_with_declared_channel,0.92,0.009385480717969552,0.3044032344055376,0.2924241514128656,0.035682898224552305,0.4486461327727857,0.055,0.8992352299312393
active_spirit_channel,781,death_with_declared_channel,0.92,0.009385480717969552,0.3044032344055376,0.2924241514128656,0.035691941114789405,0.44876382161883666,0.055,0.899055382885253
active_spirit_channel,782,death_with_declared_channel,0.92,0.009385480717969552,0.3044032344055376,0.2924241514128656,0.03570094423628637,0.4488812750871954,0.055,0.8988755718086759
active_spirit_channel,783,death_with_declared_channel,0.92,0.009385480717969552,0.3044032344055376,0.2924241514128656,0.03570990776538414,0.4489984936486175,0.055,0.8986957966943142
active_spirit_channel,784,death_with_declared_channel,0.92,0.009385480717969552,0.3044032344055376,0.2924241514128656,0.035718831877634534,0.4491154777729166,0.055,0.8985160575349753
active_spirit_channel,785,death_with_declared_channel,0.92,0.009385480717969552,0.3044032344055376,0.2924241514128656,0.03572771674780391,0.4492322279289674,0.055,0.8983363543234684
active_spirit_channel,786,death_with_declared_channel,0.92,0.009385480717969552,0.3044032344055376,0.2924241514128656,0.03573656254987665,0.4493487445847059,0.055,0.8981566870526037
active_spirit_channel,787,death_with_declared_channel,0.92,0.009385480717969552,0.3044032344055376,0.2924241514128656,0.035745369457058716,0.449465028207133,0.055,0.8979770557151932
active_spirit_channel,788,death_with_declared_channel,0.92,0.009385480717969552,0.3044032344055376,0.2924241514128656,0.03575413764178118,0.4495810792623152,0.055,0.8977974603040502
active_spirit_channel,789,death_with_declared_channel,0.92,0.009385480717969552,0.3044032344055376,0.2924241514128656,0.03576286727570371,0.44969689821538683,0.055,0.8976179008119893
active_spirit_channel,790,death_with_declared_channel,0.92,0.009385480717969552,0.3044032344055376,0.2924241514128656,0.03577155852971807,0.4498124855305527,0.055,0.897438377231827
active_spirit_channel,791,death_with_declared_channel,0.92,0.009385480717969552,0.3044032344055376,0.2924241514128656,0.03578021157395156,0.44992784167108807,0.055,0.8972588895563806
active_spirit_channel,792,death_with_declared_channel,0.92,0.009385480717969552,0.3044032344055376,0.2924241514128656,0.035788826577770515,0.45004296709934233,0.055,0.8970794377784693
active_spirit_channel,793,death_with_declared_channel,0.92,0.009385480717969552,0.3044032344055376,0.2924241514128656,0.035797403709783675,0.45015786227674004,0.055,0.8969000218909137
active_spirit_channel,794,death_with_declared_channel,0.92,0.009385480717969552,0.3044032344055376,0.2924241514128656,0.0358059431378457,0.450272527663783,0.055,0.8967206418865356
active_spirit_channel,795,death_with_declared_channel,0.92,0.009385480717969552,0.3044032344055376,0.2924241514128656,0.03581444502906049,0.45038696372005205,0.055,0.8965412977581583
active_spirit_channel,796,death_with_declared_channel,0.92,0.009385480717969552,0.3044032344055376,0.2924241514128656,0.03582290954978463,0.4505011709042083,0.055,0.8963619894986067
active_spirit_channel,797,death_with_declared_channel,0.92,0.009385480717969552,0.3044032344055376,0.2924241514128656,0.03583133686563072,0.4506151496739964,0.055,0.896182717100707
active_spirit_channel,798,death_with_declared_channel,0.92,0.009385480717969552,0.3044032344055376,0.2924241514128656,0.035839727141470795,0.45072890048624487,0.055,0.8960034805572868
active_spirit_channel,799,death_with_declared_channel,0.92,0.009385480717969552,0.3044032344055376,0.2924241514128656,0.03584808054143961,0.4508424237968688,0.055,0.8958242798611754
active_spirit_channel,800,death_with_declared_channel,0.92,0.009385480717969552,0.3044032344055376,0.2924241514128656,0.03585639722893804,0.4509557200608715,0.055,0.8956451150052032
active_spirit_channel,801,death_with_declared_channel,0.92,0.009385480717969552,0.3044032344055376,0.2924241514128656,0.03586467736663628,0.4510687897323462,0.055,0.8954659859822022
active_spirit_channel,802,death_with_declared_channel,0.92,0.009385480717969552,0.3044032344055376,0.2924241514128656,0.03587292111647728,0.45118163326447797,0.055,0.8952868927850057
active_spirit_channel,803,death_with_declared_channel,0.92,0.009385480717969552,0.3044032344055376,0.2924241514128656,0.03588112863967993,0.45129425110954546,0.055,0.8951078354064488
active_spirit_channel,804,death_with_declared_channel,0.92,0.009385480717969552,0.3044032344055376,0.2924241514128656,0.035889300096742384,0.4514066437189229,0.055,0.8949288138393675
active_spirit_channel,805,death_with_declared_channel,0.92,0.009385480717969552,0.3044032344055376,0.2924241514128656,0.03589743564744525,0.45151881154308154,0.055,0.8947498280765996
active_spirit_channel,806,death_with_declared_channel,0.92,0.009385480717969552,0.3044032344055376,0.2924241514128656,0.03590553545085495,0.4516307550315918,0.055,0.8945708781109843
active_spirit_channel,807,death_with_declared_channel,0.92,0.009385480717969552,0.3044032344055376,0.2924241514128656,0.035913599665326784,0.45174247463312517,0.055,0.8943919639353621
active_spirit_channel,808,death_with_declared_channel,0.92,0.009385480717969552,0.3044032344055376,0.2924241514128656,0.03592162844850828,0.45185397079545536,0.055,0.8942130855425751
active_spirit_channel,809,death_with_declared_channel,0.92,0.009385480717969552,0.3044032344055376,0.2924241514128656,0.03592962195734229,0.45196524396546084,0.055,0.8940342429254665
active_spirit_channel,810,death_with_declared_channel,0.92,0.009385480717969552,0.3044032344055376,0.2924241514128656,0.03593758034807027,0.45207629458912635,0.055,0.8938554360768814
active_spirit_channel,811,death_with_declared_channel,0.92,0.009385480717969552,0.3044032344055376,0.2924241514128656,0.03594550377623532,0.45218712311154446,0.055,0.8936766649896661
active_spirit_channel,812,death_with_declared_channel,0.92,0.009385480717969552,0.3044032344055376,0.2924241514128656,0.03595339239668546,0.452297729976918,0.055,0.8934979296566682
active_spirit_channel,813,death_with_declared_channel,0.92,0.009385480717969552,0.3044032344055376,0.2924241514128656,0.035961246363576685,0.4524081156285607,0.055,0.8933192300707369
active_spirit_channel,814,death_with_declared_channel,0.92,0.009385480717969552,0.3044032344055376,0.2924241514128656,0.03596906583037613,0.45251828050890003,0.055,0.8931405662247227
active_spirit_channel,815,death_with_declared_channel,0.92,0.009385480717969552,0.3044032344055376,0.2924241514128656,0.03597685094986514,0.45262822505947864,0.055,0.8929619381114778
active_spirit_channel,816,death_with_declared_channel,0.92,0.009385480717969552,0.3044032344055376,0.2924241514128656,0.035984601874142416,0.45273794972095616,0.055,0.8927833457238555
active_spirit_channel,817,death_with_declared_channel,0.92,0.009385480717969552,0.3044032344055376,0.2924241514128656,0.03599231875462705,0.4528474549331107,0.055,0.8926047890547107
active_spirit_channel,818,death_with_declared_channel,0.92,0.009385480717969552,0.3044032344055376,0.2924241514128656,0.03600000174206161,0.45295674113484097,0.055,0.8924262680968998
active_spirit_channel,819,death_with_declared_channel,0.92,0.009385480717969552,0.3044032344055376,0.2924241514128656,0.0360076509865152,0.4530658087641676,0.055,0.8922477828432804
active_spirit_channel,820,death_with_declared_channel,0.92,0.009385480717969552,0.3044032344055376,0.2924241514128656,0.0360152666373865,0.45317465825823583,0.055,0.8920693332867118
active_spirit_channel,821,death_with_declared_channel,0.92,0.009385480717969552,0.3044032344055376,0.2924241514128656,0.03602284884340675,0.4532832900533158,0.055,0.8918909194200545
active_spirit_channel,822,death_with_declared_channel,0.92,0.009385480717969552,0.3044032344055376,0.2924241514128656,0.036030397752642815,0.4533917045848057,0.055,0.8917125412361705
active_spirit_channel,823,death_with_declared_channel,0.92,0.009385480717969552,0.3044032344055376,0.2924241514128656,0.03603791351250015,0.45349990228723247,0.055,0.8915341987279233
active_spirit_channel,824,death_with_declared_channel,0.92,0.009385480717969552,0.3044032344055376,0.2924241514128656,0.0360453962697258,0.4536078835942545,0.055,0.8913558918881778
active_spirit_channel,825,death_with_declared_channel,0.92,0.009385480717969552,0.3044032344055376,0.2924241514128656,0.036052846170411365,0.45371564893866234,0.055,0.8911776207098001
active_spirit_channel,826,death_with_declared_channel,0.92,0.009385480717969552,0.3044032344055376,0.2924241514128656,0.03606026335999594,0.45382319875238164,0.055,0.8909993851856581
active_spirit_channel,827,death_with_declared_channel,0.92,0.009385480717969552,0.3044032344055376,0.2924241514128656,0.03606764798326905,0.4539305334664733,0.055,0.890821185308621
active_spirit_channel,828,death_with_declared_channel,0.92,0.009385480717969552,0.3044032344055376,0.2924241514128656,0.03607500018437367,0.4540376535111368,0.055,0.8906430210715592
active_spirit_channel,829,death_with_declared_channel,0.92,0.009385480717969552,0.3044032344055376,0.2924241514128656,0.036082320106809014,0.45414455931571107,0.055,0.890464892467345
active_spirit_channel,830,death_with_declared_channel,0.92,0.009385480717969552,0.3044032344055376,0.2924241514128656,0.03608960789343352,0.45425125130867605,0.055,0.8902867994888515
active_spirit_channel,831,death_with_declared_channel,0.92,0.009385480717969552,0.3044032344055376,0.2924241514128656,0.03609686368646768,0.45435772991765516,0.055,0.8901087421289537
active_spirit_channel,832,death_with_declared_channel,0.92,0.009385480717969552,0.3044032344055376,0.2924241514128656,0.03610408762749701,0.4544639955694164,0.055,0.889930720380528
active_spirit_channel,833,death_with_declared_channel,0.92,0.009385480717969552,0.3044032344055376,0.2924241514128656,0.036111279857474796,0.45457004868987394,0.055,0.889752734236452
active_spirit_channel,834,death_with_declared_channel,0.92,0.009385480717969552,0.3044032344055376,0.2924241514128656,0.036118440516725046,0.4546758897040906,0.055,0.8895747836896047
active_spirit_channel,835,death_with_declared_channel,0.92,0.009385480717969552,0.3044032344055376,0.2924241514128656,0.03612556974494527,0.45478151903627895,0.055,0.8893968687328668
active_spirit_channel,836,death_with_declared_channel,0.92,0.009385480717969552,0.3044032344055376,0.2924241514128656,0.036132667681209325,0.4548869371098028,0.055,0.8892189893591202
active_spirit_channel,837,death_with_declared_channel,0.92,0.009385480717969552,0.3044032344055376,0.2924241514128656,0.036139734463970195,0.4549921443471797,0.055,0.8890411455612485
active_spirit_channel,838,death_with_declared_channel,0.92,0.009385480717969552,0.3044032344055376,0.2924241514128656,0.03614677023106284,0.45509714117008176,0.055,0.8888633373321363
active_spirit_channel,839,death_with_declared_channel,0.92,0.009385480717969552,0.3044032344055376,0.2924241514128656,0.036153775119706945,0.45520192799933806,0.055,0.8886855646646699
active_spirit_channel,840,death_with_declared_channel,0.92,0.009385480717969552,0.3044032344055376,0.2924241514128656,0.03616074926650973,0.45530650525493593,0.055,0.888507827551737
active_spirit_channel,841,death_with_declared_channel,0.92,0.009385480717969552,0.3044032344055376,0.2924241514128656,0.03616769280746864,0.45541087335602254,0.055,0.8883301259862266
active_spirit_channel,842,death_with_declared_channel,0.92,0.009385480717969552,0.3044032344055376,0.2924241514128656,0.03617460587797417,0.4555150327209069,0.055,0.8881524599610294
active_spirit_channel,843,death_with_declared_channel,0.92,0.009385480717969552,0.3044032344055376,0.2924241514128656,0.036181488612812576,0.45561898376706167,0.055,0.8879748294690373
active_spirit_channel,844,death_with_declared_channel,0.92,0.009385480717969552,0.3044032344055376,0.2924241514128656,0.03618834114616855,0.45572272691112387,0.055,0.8877972345031435
active_spirit_channel,845,death_with_declared_channel,0.92,0.009385480717969552,0.3044032344055376,0.2924241514128656,0.03619516361162804,0.4558262625688981,0.055,0.887619675056243
active_spirit_channel,846,death_with_declared_channel,0.92,0.009385480717969552,0.3044032344055376,0.2924241514128656,0.03620195614218081,0.4559295911553568,0.055,0.8874421511212317
active_spirit_channel,847,death_with_declared_channel,0.92,0.009385480717969552,0.3044032344055376,0.2924241514128656,0.036208718870223235,0.45603271308464255,0.055,0.8872646626910075
active_spirit_channel,848,death_with_declared_channel,0.92,0.009385480717969552,0.3044032344055376,0.2924241514128656,0.03621545192756092,0.4561356287700697,0.055,0.8870872097584692
active_spirit_channel,849,death_with_declared_channel,0.92,0.009385480717969552,0.3044032344055376,0.2924241514128656,0.036222155445411394,0.456238338624126,0.055,0.8869097923165176
active_spirit_channel,850,death_with_declared_channel,0.92,0.009385480717969552,0.3044032344055376,0.2924241514128656,0.03622882955440671,0.4563408430584743,0.055,0.8867324103580543
active_spirit_channel,851,death_with_declared_channel,0.92,0.009385480717969552,0.3044032344055376,0.2924241514128656,0.03623547438459617,0.4564431424839538,0.055,0.8865550638759827
active_spirit_channel,852,death_with_declared_channel,0.92,0.009385480717969552,0.3044032344055376,0.2924241514128656,0.036242090065448845,0.4565452373105823,0.055,0.8863777528632075
active_spirit_channel,853,death_with_declared_channel,0.92,0.009385480717969552,0.3044032344055376,0.2924241514128656,0.03624867672585626,0.45664712794755763,0.055,0.8862004773126348
active_spirit_channel,854,death_with_declared_channel,0.92,0.009385480717969552,0.3044032344055376,0.2924241514128656,0.03625523449413497,0.45674881480325896,0.055,0.8860232372171724
active_spirit_channel,855,death_with_declared_channel,0.92,0.009385480717969552,0.3044032344055376,0.2924241514128656,0.03626176349802917,0.456850298285249,0.055,0.8858460325697289
active_spirit_channel,856,death_with_declared_channel,0.92,0.009385480717969552,0.3044032344055376,0.2924241514128656,0.03626826386471321,0.45695157880027487,0.055,0.885668863363215
active_spirit_channel,857,death_with_declared_channel,0.92,0.009385480717969552,0.3044032344055376,0.2924241514128656,0.036274735720794274,0.4570526567542708,0.055,0.8854917295905425
active_spirit_channel,858,death_with_declared_channel,0.92,0.009385480717969552,0.3044032344055376,0.2924241514128656,0.03628117919231483,0.45715353255235874,0.055,0.8853146312446244
active_spirit_channel,859,death_with_declared_channel,0.92,0.009385480717969552,0.3044032344055376,0.2924241514128656,0.03628759440475522,0.4572542065988505,0.055,0.8851375683183755
active_spirit_channel,860,death_with_declared_channel,0.92,0.009385480717969552,0.3044032344055376,0.2924241514128656,0.03629398148303617,0.45735467929724916,0.055,0.8849605408047119
active_spirit_channel,861,death_with_declared_channel,0.92,0.009385480717969552,0.3044032344055376,0.2924241514128656,0.03630034055152136,0.45745495105025125,0.055,0.884783548696551
active_spirit_channel,862,death_with_declared_channel,0.92,0.009385480717969552,0.3044032344055376,0.2924241514128656,0.036306671734019844,0.4575550222597472,0.055,0.8846065919868117
active_spirit_channel,863,death_with_declared_channel,0.92,0.009385480717969552,0.3044032344055376,0.2924241514128656,0.03631297515378864,0.4576548933268242,0.055,0.8844296706684144
active_spirit_channel,864,death_with_declared_channel,0.92,0.009385480717969552,0.3044032344055376,0.2924241514128656,0.03631925093353515,0.45775456465176695,0.055,0.8842527847342807
active_spirit_channel,865,death_with_declared_channel,0.92,0.009385480717969552,0.3044032344055376,0.2924241514128656,0.036325499195419685,0.4578540366340599,0.055,0.8840759341773339
active_spirit_channel,866,death_with_declared_channel,0.92,0.009385480717969552,0.3044032344055376,0.2924241514128656,0.03633172006105787,0.4579533096723883,0.055,0.8838991189904984
active_spirit_channel,867,death_with_declared_channel,0.92,0.009385480717969552,0.3044032344055376,0.2924241514128656,0.036337913651523134,0.4580523841646399,0.055,0.8837223391667004
active_spirit_channel,868,death_with_declared_channel,0.92,0.009385480717969552,0.3044032344055376,0.2924241514128656,0.03634408008734916,0.4581512605079071,0.055,0.8835455946988671
active_spirit_channel,869,death_with_declared_channel,0.92,0.009385480717969552,0.3044032344055376,0.2924241514128656,0.03635021948853228,0.4582499390984877,0.055,0.8833688855799273
active_spirit_channel,870,death_with_declared_channel,0.92,0.009385480717969552,0.3044032344055376,0.2924241514128656,0.03635633197453394,0.45834842033188733,0.055,0.8831922118028114
active_spirit_channel,871,death_with_declared_channel,0.92,0.009385480717969552,0.3044032344055376,0.2924241514128656,0.036362417664283025,0.45844670460281983,0.055,0.8830155733604509
active_spirit_channel,872,death_with_declared_channel,0.92,0.009385480717969552,0.3044032344055376,0.2924241514128656,0.03636847667617837,0.4585447923052107,0.055,0.8828389702457788
active_spirit_channel,873,death_with_declared_channel,0.92,0.009385480717969552,0.3044032344055376,0.2924241514128656,0.03637450912809105,0.4586426838321968,0.055,0.8826624024517297
active_spirit_channel,874,death_with_declared_channel,0.92,0.009385480717969552,0.3044032344055376,0.2924241514128656,0.036380515137366794,0.45874037957612884,0.055,0.8824858699712393
active_spirit_channel,875,death_with_declared_channel,0.92,0.009385480717969552,0.3044032344055376,0.2924241514128656,0.03638649482082836,0.45883787992857317,0.055,0.8823093727972451
active_spirit_channel,876,death_with_declared_channel,0.92,0.009385480717969552,0.3044032344055376,0.2924241514128656,0.036392448294777856,0.4589351852803124,0.055,0.8821329109226856
active_spirit_channel,877,death_with_declared_channel,0.92,0.009385480717969552,0.3044032344055376,0.2924241514128656,0.0363983756749991,0.4590322960213482,0.055,0.8819564843405011
active_spirit_channel,878,death_with_declared_channel,0.92,0.009385480717969552,0.3044032344055376,0.2924241514128656,0.036404277076759965,0.459129212540902,0.055,0.881780093043633
active_spirit_channel,879,death_with_declared_channel,0.92,0.009385480717969552,0.3044032344055376,0.2924241514128656,0.03641015261481469,0.45922593522741667,0.055,0.8816037370250244
active_spirit_channel,880,death_with_declared_channel,0.92,0.009385480717969552,0.3044032344055376,0.2924241514128656,0.03641600240340616,0.45932246446855823,0.055,0.8814274162776193
active_spirit_channel,881,death_with_declared_channel,0.92,0.009385480717969552,0.3044032344055376,0.2924241514128656,0.03642182655626827,0.45941880065121765,0.055,0.8812511307943638
active_spirit_channel,882,death_with_declared_channel,0.92,0.009385480717969552,0.3044032344055376,0.2924241514128656,0.03642762518662814,0.4595149441615116,0.055,0.8810748805682049
active_spirit_channel,883,death_with_declared_channel,0.92,0.009385480717969552,0.3044032344055376,0.2924241514128656,0.03643339840720848,0.45961089538478517,0.055,0.8808986655920913
active_spirit_channel,884,death_with_declared_channel,0.92,0.009385480717969552,0.3044032344055376,0.2924241514128656,0.036439146330229766,0.459706654705612,0.055,0.8807224858589728
active_spirit_channel,885,death_with_declared_channel,0.92,0.009385480717969552,0.3044032344055376,0.2924241514128656,0.03644486906741257,0.4598022225077973,0.055,0.8805463413618011
active_spirit_channel,886,death_with_declared_channel,0.92,0.009385480717969552,0.3044032344055376,0.2924241514128656,0.036450566729979796,0.45989759917437806,0.055,0.8803702320935287
active_spirit_channel,887,death_with_declared_channel,0.92,0.009385480717969552,0.3044032344055376,0.2924241514128656,0.03645623942865887,0.4599927850876258,0.055,0.88019415804711
active_spirit_channel,888,death_with_declared_channel,0.92,0.009385480717969552,0.3044032344055376,0.2924241514128656,0.03646188727368402,0.46008778062904704,0.055,0.8800181192155005
active_spirit_channel,889,death_with_declared_channel,0.92,0.009385480717969552,0.3044032344055376,0.2924241514128656,0.036467510374798486,0.46018258617938546,0.055,0.8798421155916575
active_spirit_channel,890,death_with_declared_channel,0.92,0.009385480717969552,0.3044032344055376,0.2924241514128656,0.036473108841256714,0.4602772021186231,0.055,0.8796661471685392
active_spirit_channel,891,death_with_declared_channel,0.92,0.009385480717969552,0.3044032344055376,0.2924241514128656,0.03647868278182656,0.46037162882598226,0.055,0.8794902139391055
active_spirit_channel,892,death_with_declared_channel,0.92,0.009385480717969552,0.3044032344055376,0.2924241514128656,0.03648423230479147,0.4604658666799267,0.055,0.8793143158963177
active_spirit_channel,893,death_with_declared_channel,0.92,0.009385480717969552,0.3044032344055376,0.2924241514128656,0.03648975751795269,0.46055991605816343,0.055,0.8791384530331384
active_spirit_channel,894,death_with_declared_channel,0.92,0.009385480717969552,0.3044032344055376,0.2924241514128656,0.03649525852863136,0.46065377733764357,0.055,0.8789626253425318
active_spirit_channel,895,death_with_declared_channel,0.92,0.009385480717969552,0.3044032344055376,0.2924241514128656,0.036500735443670766,0.46074745089456465,0.055,0.8787868328174633
active_spirit_channel,896,death_with_declared_channel,0.92,0.009385480717969552,0.3044032344055376,0.2924241514128656,0.03650618836943842,0.4608409371043721,0.055,0.8786110754508998
active_spirit_channel,897,death_with_declared_channel,0.92,0.009385480717969552,0.3044032344055376,0.2924241514128656,0.03651161741182825,0.4609342363417597,0.055,0.8784353532358096
active_spirit_channel,898,death_with_declared_channel,0.92,0.009385480717969552,0.3044032344055376,0.2924241514128656,0.03651702267626265,0.46102734898067277,0.055,0.8782596661651624
active_spirit_channel,899,death_with_declared_channel,0.92,0.009385480717969552,0.3044032344055376,0.2924241514128656,0.036522404267694715,0.4611202753943078,0.055,0.8780840142319294
resurrection_rehost,0,alive,0.92,0.06718402678581947,0.3044032344055376,0.3227427135596574,0.1423638778028321,0.5288871372235084,0.0,1.0
resurrection_rehost,1,alive,0.92,0.06716681676843246,0.3044032344055376,0.32262095226589516,0.13812183398481087,0.5216327269472391,0.0,1.0
resurrection_rehost,2,alive,0.92,0.06714960675104546,0.3044032344055376,0.32249919097213287,0.1340235843233079,0.5146666339376404,0.0,1.0
resurrection_rehost,3,alive,0.92,0.06713239673365845,0.3044032344055376,0.3223774296783707,0.13006422892740593,0.5079773255040457,0.0,1.0
resurrection_rehost,4,alive,0.92,0.06711518671627144,0.3044032344055376,0.3222556683846085,0.12623903566719044,0.5015537302634149,0.0,1.0
resurrection_rehost,5,alive,0.92,0.06709797669888443,0.3044032344055376,0.3221339070908463,0.12254343440159698,0.4953852196880291,0.0,1.0
resurrection_rehost,6,alive,0.92,0.0670807666814974,0.3044032344055376,0.32201214579708404,0.1189730114058752,0.4894615903912788,0.0,1.0
resurrection_rehost,7,alive,0.92,0.06706355666411039,0.3044032344055376,0.3218903845033218,0.11552350399172957,0.4837730471220185,0.0,1.0
resurrection_rehost,8,alive,0.92,0.06704634664672339,0.3044032344055376,0.3217686232095597,0.1121907953134404,0.47831018643914847,0.0,1.0
resurrection_rehost,9,alive,0.92,0.06702913662933638,0.3044032344055376,0.3216468619157974,0.10897090935350219,0.47306398103921343,0.0,1.0
resurrection_rehost,10,alive,0.92,0.06701192661194935,0.3044032344055376,0.3215251006220352,0.1058600060815423,0.4680257647108956,0.0,1.0
resurrection_rehost,11,alive,0.92,0.06699471659456235,0.3044032344055376,0.3214033393282729,0.10285437678050027,0.4631872178913304,0.0,1.0
resurrection_rehost,12,alive,0.92,0.06697750657717533,0.3044032344055376,0.3212815780345108,0.09995043953425974,0.4585403538001679,0.0,1.0
resurrection_rehost,13,alive,0.92,0.06696029655978832,0.3044032344055376,0.32115981674074856,0.0971447348711256,0.4540775051282718,0.0,1.0
resurrection_rehost,14,alive,0.92,0.06694308654240129,0.3044032344055376,0.3210380554469863,0.09443392155773664,0.4497913112588717,0.0,1.0
resurrection_rehost,15,alive,0.92,0.06692587652501429,0.3044032344055376,0.3209162941532241,0.09181477253819201,0.44567470599986725,0.0,1.0
resurrection_rehost,16,alive,0.92,0.06690866650762728,0.3044032344055376,0.3207945328594619,0.08928417101335147,0.44172090580684314,0.0,1.0
resurrection_rehost,17,alive,0.92,0.06689145649024025,0.3044032344055376,0.3206727715656996,0.08683910665544631,0.43792339847716,0.0,1.0
resurrection_rehost,18,alive,0.92,0.06687424647285325,0.3044032344055376,0.32055101027193744,0.08447667195330673,0.4342759322962841,0.0,1.0
resurrection_rehost,19,alive,0.92,0.06685703645546623,0.3044032344055376,0.32042924897817526,0.08219405868367541,0.43077250561826314,0.0,1.0
resurrection_rehost,20,alive,0.92,0.06683982643807923,0.3044032344055376,0.32030748768441303,0.07998855450423473,0.4274073568629831,0.0,1.0
resurrection_rehost,21,alive,0.92,0.06682261642069222,0.3044032344055376,0.3201857263906508,0.07785753966412809,0.42417495491353424,0.0,1.0
resurrection_rehost,22,alive,0.92,0.06680540640330519,0.3044032344055376,0.3200639650968886,0.07579848382790219,0.4210699898976833,0.0,1.0
resurrection_rehost,23,alive,0.92,0.06678819638591818,0.3044032344055376,0.3199422038031264,0.07380894300893927,0.41808736433808635,0.0,1.0
resurrection_rehost,24,alive,0.92,0.06677098636853117,0.3044032344055376,0.3198204425093642,0.07188655660858564,0.4152221846564932,0.0,1.0
resurrection_rehost,25,alive,0.92,0.06675377635114416,0.3044032344055376,0.31969868121560197,0.07002904455731462,0.41246975301778377,0.0,1.0
resurrection_rehost,26,alive,0.92,0.06673656633375714,0.3044032344055376,0.3195769199218397,0.06823420455438925,0.4098255595002428,0.0,1.0
resurrection_rehost,27,alive,0.92,0.06671935631637013,0.3044032344055376,0.3194551586280775,0.0664999094026141,0.4072852745790233,0.0,1.0
resurrection_rehost,28,alive,0.92,0.06670214629898312,0.3044032344055376,0.3193333973343153,0.06482410443488328,0.4048447419102726,0.0,1.0
resurrection_rehost,29,alive,0.92,0.06668493628159611,0.3044032344055376,0.3192116360405531,0.06320480502934704,0.40249997140389193,0.0,1.0
resurrection_rehost,30,alive,0.92,0.0666677262642091,0.3044032344055376,0.3190898747467909,0.06164009421012964,0.40024713257338645,0.0,1.0
resurrection_rehost,31,alive,0.92,0.06665051624682208,0.3044032344055376,0.3189681134530286,0.06012812033063773,0.3980825481517211,0.0,1.0
resurrection_rehost,32,alive,0.92,0.06663330622943507,0.3044032344055376,0.3188463521592664,0.05866709483660208,0.3960026879625424,0.0,1.0
resurrection_rehost,33,alive,0.92,0.06661609621204805,0.3044032344055376,0.3187245908655042,0.05725529010609409,0.3940041630365508,0.0,1.0
resurrection_rehost,34,alive,0.92,0.06659888619466105,0.3044032344055376,0.318602829571742,0.055891037363855076,0.3920837199632188,0.0,1.0
resurrection_rehost,35,alive,0.92,0.06658167617727404,0.3044032344055376,0.3184810682779798,0.05457272466736848,0.3902382354684401,0.0,1.0
resurrection_rehost,36,alive,0.92,0.06656446615988701,0.3044032344055376,0.3183593069842176,0.05329879496219478,0.38846471120907256,0.0,1.0
resurrection_rehost,37,alive,0.92,0.06654725614250001,0.3044032344055376,0.31823754569045537,0.0520677442041746,0.3867602687756996,0.0,1.0
resurrection_rehost,38,alive,0.92,0.066530046125113,0.3044032344055376,0.3181157843966931,0.0508781195461895,0.3851221448952816,0.0,1.0
resurrection_rehost,39,alive,0.92,0.06651283610772599,0.3044032344055376,0.3179940231029309,0.04972851758724933,0.38354768682570023,0.0,1.0
resurrection_rehost,40,alive,0.92,0.06649562609033896,0.3044032344055376,0.3178722618091687,0.04861758268175309,0.3820343479345221,0.0,1.0
resurrection_rehost,41,alive,0.92,0.06647841607295195,0.3044032344055376,0.3177505005154065,0.047544005306844904,0.38057968345461113,0.0,1.0
resurrection_rehost,42,alive,0.92,0.06646120605556494,0.3044032344055376,0.31762873922164425,0.04650652048585869,0.37918134640951656,0.0,1.0
resurrection_rehost,43,alive,0.92,0.06644399603817792,0.3044032344055376,0.3175069779278821,0.045503906265914974,0.3778370837018457,0.0,1.0
resurrection_rehost,44,alive,0.92,0.06642678602079091,0.3044032344055376,0.31738521663411984,0.04453498224780036,0.3765447323581017,0.0,1.0
resurrection_rehost,45,alive,0.92,0.0664095760034039,0.3044032344055376,0.31726345534035766,0.04359860816632527,0.37530221592372737,0.0,1.0
resurrection_rehost,46,alive,0.92,0.06639236598601689,0.3044032344055376,0.3171416940465954,0.04269368251941769,0.37410754100234805,0.0,1.0
resurrection_rehost,47,alive,0.92,0.06637515596862988,0.3044032344055376,0.3170199327528332,0.04181914124427171,0.37295879393344383,0.0,1.0
resurrection_rehost,48,alive,0.92,0.06635794595124286,0.3044032344055376,0.31689817145907095,0.040973956438927546,0.3718541376029158,0.0,1.0
resurrection_rehost,49,alive,0.92,0.06634073593385584,0.3044032344055376,0.31677641016530883,0.04015713512771601,0.37079180838122877,0.0,1.0
resurrection_rehost,50,alive,0.92,0.06632352591646883,0.3044032344055376,0.31665464887154654,0.03936771806905501,0.3697701131840293,0.0,1.0
resurrection_rehost,51,alive,0.92,0.06630631589908181,0.3044032344055376,0.3165328875777843,0.038604778604137725,0.3687874266503377,0.0,1.0
resurrection_rehost,52,alive,0.92,0.0662891058816948,0.3044032344055376,0.3164111262840221,0.03786742154510315,0.36784218843361377,0.0,1.0
resurrection_rehost,53,alive,0.92,0.0662718958643078,0.3044032344055376,0.3162893649902599,0.03715478210132786,0.3669329006011787,0.0,1.0
resurrection_rehost,54,alive,0.92,0.06625468584692079,0.3044032344055376,0.31616760369649766,0.036466024842525875,0.3660581251376611,0.0,1.0
resurrection_rehost,55,alive,0.92,0.06623747582953377,0.3044032344055376,0.31604584240273553,0.03580034269738815,0.3652164815483042,0.0,1.0
resurrection_rehost,56,alive,0.92,0.06622026581214675,0.3044032344055376,0.3159240811089733,0.03515695598653777,0.36440664455814153,0.0,1.0
resurrection_rehost,57,alive,0.92,0.06620305579475975,0.3044032344055376,0.31580231981521106,0.034535111488618805,0.36362734190320534,0.0,1.0
resurrection_rehost,58,alive,0.92,0.06618584577737273,0.3044032344055376,0.31568055852144883,0.033934081538378215,0.3628773522100865,0.0,1.0
resurrection_rehost,59,alive,0.92,0.06616863575998573,0.3044032344055376,0.3155587972276866,0.03335316315563908,0.3621555029603124,0.0,1.0
resurrection_rehost,60,alive,0.92,0.06615142574259872,0.3044032344055376,0.3154370359339244,0.032791677204102164,0.36146066853614933,0.0,1.0
resurrection_rehost,61,alive,0.92,0.06613421572521169,0.3044032344055376,0.31531527464016224,0.03224896757894909,0.3607917683445726,0.0,1.0
resurrection_rehost,62,alive,0.92,0.06611700570782468,0.3044032344055376,0.3151935133464,0.0317244004222562,0.36014776501627904,0.0,1.0
resurrection_rehost,63,alive,0.92,0.06609979569043767,0.3044032344055376,0.3150717520526377,0.03121736336526236,0.35952766267673714,0.0,1.0
resurrection_rehost,64,alive,0.92,0.06608258567305066,0.3044032344055376,0.3149499907588755,0.03072726479656712,0.3589305052863969,0.0,1.0
resurrection_rehost,65,alive,0.92,0.06606537565566364,0.3044032344055376,0.3148282294651133,0.03025353315536736,0.35835537504729026,0.0,1.0
resurrection_rehost,66,alive,0.92,0.06604816563827662,0.3044032344055376,0.3147064681713511,0.02979561624887167,0.3578013908733678,0.0,1.0
resurrection_rehost,67,alive,0.92,0.06603095562088962,0.3044032344055376,0.31458470687758894,0.029352980593061274,0.35726770692202225,0.0,1.0
resurrection_rehost,68,alive,0.92,0.06601374560350261,0.3044032344055376,0.31446294558382665,0.028925110775994984,0.35675351118435045,0.0,1.0
resurrection_rehost,69,alive,0.92,0.0659965355861156,0.3044032344055376,0.31434118429006447,0.02851150884288363,0.35625802413180563,0.0,1.0
resurrection_rehost,70,alive,0.92,0.06597932556872858,0.3044032344055376,0.3142194229963022,0.02811169370218582,0.3557804974169825,0.0,1.0
resurrection_rehost,71,alive,0.92,0.06596211555134156,0.3044032344055376,0.31409766170254,0.0277252005520031,0.35532021262637226,0.0,1.0
resurrection_rehost,72,alive,0.92,0.06594490553395455,0.3044032344055376,0.3139759004087778,0.027351580326077166,0.3548764800830063,0.0,1.0
resurrection_rehost,73,alive,0.92,0.06592769551656753,0.3044032344055376,0.31385413911501564,0.026990399158716018,0.3544486376969951,0.0,1.0
resurrection_rehost,74,alive,0.92,0.06591048549918052,0.3044032344055376,0.31373237782125335,0.02664123786799932,0.35403604986204423,0.0,1.0
resurrection_rehost,75,alive,0.92,0.06589327548179351,0.3044032344055376,0.31361061652749117,0.02630369145663525,0.3536381063961114,0.0,1.0
resurrection_rehost,76,alive,0.92,0.0658760654644065,0.3044032344055376,0.313488855233729,0.025977368629863162,0.3532542215244359,0.0,1.0
resurrection_rehost,77,alive,0.92,0.06585885544701948,0.3044032344055376,0.3133670939399667,0.02566189132981711,0.3528838329032473,0.0,1.0
resurrection_rehost,78,alive,0.92,0.06584164542963247,0.3044032344055376,0.3132453326462045,0.025356894285785556,0.35252640068252633,0.0,1.0
resurrection_rehost,79,alive,0.92,0.06582443541224546,0.3044032344055376,0.31312357135244223,0.025062024579821703,0.3521814066062541,0.0,1.0
resurrection_rehost,80,alive,0.92,0.06580722539485845,0.3044032344055376,0.31300181005868005,0.024776941227178363,0.3518483531486528,0.0,1.0
resurrection_rehost,81,alive,0.92,0.06579001537747145,0.3044032344055376,0.3128800487649179,0.024501314771058706,0.3515267626849754,0.0,1.0
resurrection_rehost,82,alive,0.92,0.06577280536008441,0.3044032344055376,0.3127582874711557,0.0242348268911922,0.3512161766954652,0.0,1.0
resurrection_rehost,83,alive,0.92,0.06575559534269741,0.3044032344055376,0.3126365261773934,0.02397717002576188,0.35091615500115525,0.0,1.0
resurrection_rehost,84,alive,0.92,0.0657383853253104,0.3044032344055376,0.3125147648836312,0.023728047006225217,0.3506262750302377,0.0,1.0
resurrection_rehost,85,alive,0.92,0.06572117530792339,0.3044032344055376,0.312393003589869,0.023487170704586908,0.3503461311137769,0.0,1.0
resurrection_rehost,86,alive,0.92,0.06570396529053638,0.3044032344055376,0.31227124229610675,0.023254263692696956,0.35007533380959444,0.0,1.0
resurrection_rehost,87,alive,0.92,0.06568675527314936,0.3044032344055376,0.3121494810023446,0.023029057913161975,0.3498135092531994,0.0,1.0
resurrection_rehost,88,alive,0.92,0.06566954525576234,0.3044032344055376,0.3120277197085823,0.022811294361472223,0.34956029853467996,0.0,1.0
resurrection_rehost,89,alive,0.92,0.06565233523837534,0.3044032344055376,0.3119059584148201,0.022600722778960133,0.3493153571005213,0.0,1.0
resurrection_rehost,90,alive,0.92,0.06563512522098833,0.3044032344055376,0.3117841971210579,0.02239710135621951,0.34907835417934896,0.0,1.0
resurrection_rehost,91,alive,0.92,0.0656179152036013,0.3044032344055376,0.3116624358272957,0.022200196446627487,0.34884897223064354,0.0,1.0
resurrection_rehost,92,alive,0.92,0.06560070518621429,0.3044032344055376,0.3115406745335335,0.02200978228962325,0.3486269064155062,0.0,1.0
resurrection_rehost,93,alive,0.92,0.06558349516882728,0.3044032344055376,0.31141891323977133,0.021825640743409837,0.3484118640885944,0.0,1.0
resurrection_rehost,94,alive,0.92,0.06556628515144027,0.3044032344055376,0.31129715194600904,0.021647561026756586,0.3482035643103791,0.0,1.0
resurrection_rehost,95,alive,0.92,0.06554907513405325,0.3044032344055376,0.3111753906522468,0.02147533946959083,0.3480017373789123,0.0,1.0
resurrection_rehost,96,alive,0.92,0.06553186511666624,0.3044032344055376,0.31105362935848463,0.021308779272078446,0.3478061243803241,0.0,1.0
resurrection_rehost,97,alive,0.92,0.06551465509927923,0.3044032344055376,0.3109318680647224,0.021147690271902726,0.34761647675729956,0.0,1.0
resurrection_rehost,98,alive,0.92,0.06549744508189222,0.3044032344055376,0.3108101067709602,0.020991888719461515,0.3474325558948159,0.0,1.0
resurrection_rehost,99,alive,0.92,0.06548023506450519,0.3044032344055376,0.310688345477198,0.020841197060711754,0.34725413272245154,0.0,1.0
resurrection_rehost,100,alive,0.92,0.06546302504711819,0.3044032344055376,0.31056658418343575,0.020695443727400245,0.34708098733260173,0.0,1.0
resurrection_rehost,101,alive,0.92,0.06544581502973118,0.3044032344055376,0.3104448228896735,0.020554462934428055,0.34691290861396595,0.0,1.0
resurrection_rehost,102,alive,0.92,0.06542860501234417,0.3044032344055376,0.31032306159591133,0.020418094484104976,0.34674969389969545,0.0,1.0
resurrection_rehost,103,alive,0.92,0.06541139499495716,0.3044032344055376,0.3102013003021491,0.020286183577058636,0.3465911486296158,0.0,1.0
resurrection_rehost,104,alive,0.92,0.06539418497757013,0.3044032344055376,0.3100795390083869,0.02015858062957092,0.3464370860259593,0.0,1.0
resurrection_rehost,105,alive,0.92,0.06537697496018312,0.3044032344055376,0.3099577777146247,0.020035141097122334,0.346287326782069,0.0,1.0
resurrection_rehost,106,alive,0.92,0.06535976494279612,0.3044032344055376,0.30983601642086245,0.01991572530393229,0.3461416987635544,0.0,1.0
resurrection_rehost,107,alive,0.92,0.0653425549254091,0.3044032344055376,0.30971425512710027,0.019800198278290625,0.34600003672140023,0.0,1.0
resurrection_rehost,108,alive,0.92,0.06532534490802208,0.3044032344055376,0.30959249383333803,0.019688429593482715,0.34586218201655233,0.0,1.0
resurrection_rehost,109,alive,0.92,0.06530813489063508,0.3044032344055376,0.3094707325395758,0.019580293214117344,0.3457279823555182,0.0,1.0
resurrection_rehost,110,alive,0.92,0.06529092487324806,0.3044032344055376,0.3093489712458136,0.019475667347672934,0.3455972915365455,0.0,1.0
resurrection_rehost,111,alive,0.92,0.06527371485586105,0.3044032344055376,0.3092272099520514,0.019374434301084126,0.34546996920595163,0.0,1.0
resurrection_rehost,112,alive,0.92,0.06525650483847403,0.3044032344055376,0.3091054486582891,0.019276480342196846,0.34534588062420146,0.0,1.0
resurrection_rehost,113,alive,0.92,0.06523929482108702,0.3044032344055376,0.30898368736452697,0.019181695565925805,0.3452248964413413,0.0,1.0
resurrection_rehost,114,alive,0.92,0.06522208480370001,0.3044032344055376,0.30886192607076474,0.019089973764954048,0.3451068924814156,0.0,1.0
resurrection_rehost,115,alive,0.92,0.065204874786313,0.3044032344055376,0.3087401647770025,0.019001212304819843,0.34499174953550676,0.0,1.0
resurrection_rehost,116,alive,0.92,0.06518766476892598,0.3044032344055376,0.3086184034832403,0.018915312003241244,0.3448793531630543,0.0,1.0
resurrection_rehost,117,alive,0.92,0.06517045475153897,0.3044032344055376,0.30849664218947814,0.01883217701353393,0.34476959350111996,0.0,1.0
resurrection_rehost,118,alive,0.92,0.06515324473415196,0.3044032344055376,0.3083748808957158,0.018751714711982947,0.3446623650812829,0.0,1.0
resurrection_rehost,119,alive,0.92,0.06513603471676495,0.3044032344055376,0.3082531196019537,0.018673835589033558,0.34455756665385934,0.0,1.0
resurrection_rehost,120,alive,0.92,0.06511882469937792,0.3044032344055376,0.30813135830819144,0.018598453144171138,0.3444551010191526,0.0,1.0
resurrection_rehost,121,alive,0.92,0.06510161468199091,0.3044032344055376,0.3080095970144292,0.018525483784364475,0.34435487486545424,0.0,1.0
resurrection_rehost,122,alive,0.92,0.06508440466460391,0.3044032344055376,0.307887835720667,0.018454846725951213,0.3442567986135237,0.0,1.0
resurrection_rehost,123,alive,0.92,0.06506719464721689,0.3044032344055376,0.30776607442690485,0.01838646389984812,0.34416078626729035,0.0,1.0
resurrection_rehost,124,alive,0.92,0.06504998462982989,0.3044032344055376,0.30764431313314256,0.01832025985997312,0.3440667552705264,0.0,1.0
resurrection_rehost,125,alive,0.92,0.06503277461244288,0.3044032344055376,0.3075225518393803,0.018256161694769735,0.3439746263692529,0.0,1.0
resurrection_rehost,126,alive,0.92,0.06501556459505585,0.3044032344055376,0.30740079054561814,0.018194098941728375,0.3438843234796503,0.0,1.0
resurrection_rehost,127,alive,0.92,0.06499835457766884,0.3044032344055376,0.3072790292518559,0.018134003504802505,0.3437957735612518,0.0,1.0
resurrection_rehost,128,alive,0.92,0.06498114456028184,0.3044032344055376,0.3071572679580937,0.018075809574621217,0.34370890649520924,0.0,1.0
resurrection_rehost,129,alive,0.92,0.06496393454289481,0.3044032344055376,0.30703550666433155,0.01801945355140317,0.34362365496742836,0.0,1.0
resurrection_rehost,130,alive,0.92,0.0649467245255078,0.3044032344055376,0.3069137453705693,0.017964873970479873,0.3435399543563786,0.0,1.0
resurrection_rehost,131,alive,0.92,0.0649295145081208,0.3044032344055376,0.3067919840768071,0.01791201143033977,0.34345774262539086,0.0,1.0
resurrection_rehost,132,alive,0.92,0.06491230449073376,0.3044032344055376,0.30667022278304484,0.01786080852310736,0.3433769602192626,0.0,1.0
resurrection_rehost,133,alive,0.92,0.06489509447334676,0.3044032344055376,0.30654846148928266,0.0178112097673745,0.34329754996499945,0.0,1.0
resurrection_rehost,134,alive,0.92,0.06487788445595975,0.3044032344055376,0.30642670019552043,0.01776316154330416,0.34321945697652684,0.0,1.0
resurrection_rehost,135,alive,0.92,0.06486067443857274,0.3044032344055376,0.30630493890175825,0.017716612029929222,0.34314262856321304,0.0,1.0
resurrection_rehost,136,alive,0.92,0.06484346442118573,0.3044032344055376,0.30618317760799596,0.017671511144571824,0.34306701414205176,0.0,1.0
resurrection_rehost,137,alive,0.92,0.0648262544037987,0.3044032344055376,0.3060614163142338,0.017627810484311286,0.34299256515335697,0.0,1.0
resurrection_rehost,138,alive,0.92,0.06480904438641169,0.3044032344055376,0.3059396550204715,0.017585463269430907,0.34291923497982985,0.0,1.0
resurrection_rehost,139,alive,0.92,0.06479183436902469,0.3044032344055376,0.3058178937267093,0.01754442428877658,0.3428469788688639,0.0,1.0
resurrection_rehost,140,alive,0.92,0.06477462435163767,0.3044032344055376,0.30569613243294713,0.017504649846962213,0.34277575385795644,0.0,1.0
resurrection_rehost,141,alive,0.92,0.06475741433425067,0.3044032344055376,0.30557437113918495,0.017466097713359344,0.34270551870310534,0.0,1.0
resurrection_rehost,142,alive,0.92,0.06474020431686363,0.3044032344055376,0.3054526098454227,0.0174287270728103,0.3426362338100682,0.0,1.0
resurrection_rehost,143,alive,0.92,0.06472299429947663,0.3044032344055376,0.3053308485516604,0.01739249847800652,0.34256786116837257,0.0,1.0
resurrection_rehost,144,alive,0.92,0.06470578428208962,0.3044032344055376,0.3052090872578982,0.017357373803475476,0.34250036428796476,0.0,1.0
resurrection_rehost,145,alive,0.92,0.0646885742647026,0.3044032344055376,0.305087325964136,0.01732331620112166,0.34243370813839313,0.0,1.0
resurrection_rehost,146,alive,0.92,0.0646713642473156,0.3044032344055376,0.30496556467037383,0.01729029005726886,0.34236785909042444,0.0,1.0
resurrection_rehost,147,alive,0.92,0.06465415422992858,0.3044032344055376,0.30484380337661166,0.017258260951152907,0.3423027848599943,0.0,1.0
resurrection_rehost,148,alive,0.92,0.06463694421254157,0.3044032344055376,0.3047220420828494,0.017227195614815657,0.34223845445440154,0.0,1.0
resurrection_rehost,149,alive,0.92,0.06461973419515456,0.3044032344055376,0.3046002807890872,0.017197061894352692,0.3421748381206524,0.0,1.0
resurrection_rehost,150,alive,0.92,0.06460252417776755,0.3044032344055376,0.3044785194953249,0.017167828712468858,0.34211190729587315,0.0,1.0
resurrection_rehost,151,alive,0.92,0.06458531416038053,0.3044032344055376,0.3043567582015627,0.01713946603229739,0.34204963455970516,0.0,1.0
resurrection_rehost,152,alive,0.92,0.06456810414299352,0.3044032344055376,0.30423499690780054,0.017111944822439683,0.3419879935886038,0.0,1.0
resurrection_rehost,153,alive,0.92,0.0645508941256065,0.3044032344055376,0.30411323561403836,0.017085237023184437,0.34192695911196636,0.0,1.0
resurrection_rehost,154,alive,0.92,0.0645336841082195,0.3044032344055376,0.3039914743202761,0.01705931551386621,0.3418665068700144,0.0,1.0
resurrection_rehost,155,alive,0.92,0.06451647409083248,0.3044032344055376,0.30386971302651394,0.01703415408132476,0.3418066135733607,0.0,1.0
resurrection_rehost,156,alive,0.92,0.06449926407344547,0.3044032344055376,0.3037479517327517,0.01700972738942793,0.34174725686419294,0.0,1.0
resurrection_rehost,157,alive,0.92,0.06448205405605846,0.3044032344055376,0.3036261904389894,0.016986010949622054,0.3416884152790119,0.0,1.0
resurrection_rehost,158,alive,0.92,0.06446484403867145,0.3044032344055376,0.30350442914522724,0.016962981092475075,0.3416300682128582,0.0,1.0
resurrection_rehost,159,alive,0.92,0.06444763402128442,0.3044032344055376,0.303382667851465,0.0169406149401788,0.3415721958849704,0.0,1.0
resurrection_rehost,160,alive,0.92,0.06443042400389741,0.3044032344055376,0.3032609065577028,0.016918890379977854,0.3415147793058182,0.0,1.0
resurrection_rehost,161,alive,0.92,0.0644132139865104,0.3044032344055376,0.3031391452639406,0.016897786038493876,0.341457800245452,0.0,1.0
resurrection_rehost,162,alive,0.92,0.06439600396912339,0.3044032344055376,0.30301738397017836,0.016877281256914813,0.3414012412031205,0.0,1.0
resurrection_rehost,163,alive,0.92,0.06437879395173637,0.3044032344055376,0.3028956226764162,0.016857356067019894,0.34134508537810226,0.0,1.0
resurrection_rehost,164,alive,0.92,0.06436158393434938,0.3044032344055376,0.30277386138265394,0.01683799116801216,0.34128931664170464,0.0,1.0
resurrection_rehost,165,alive,0.92,0.06434437391696235,0.3044032344055376,0.3026521000888917,0.016819167904131124,0.3412339195103829,0.0,1.0
resurrection_rehost,166,alive,0.92,0.06432716389957534,0.3044032344055376,0.3025303387951295,0.01680086824301925,0.341178879119934,0.0,1.0
resurrection_rehost,167,alive,0.92,0.06430995388218833,0.3044032344055376,0.3024085775013673,0.016783074754816767,0.3411241812007231,0.0,1.0
resurrection_rehost,168,alive,0.92,0.06429274386480131,0.3044032344055376,0.30228681620760506,0.016765770591960126,0.3410698120539006,0.0,1.0
resurrection_rehost,169,alive,0.92,0.0642755338474143,0.3044032344055376,0.3021650549138428,0.01674893946966043,0.3410157585285709,0.0,1.0
resurrection_rehost,170,alive,0.92,0.06425832383002729,0.3044032344055376,0.30204329362008064,0.016732565647038764,0.34096200799987436,0.0,1.0
resurrection_rehost,171,alive,0.92,0.06424111381264028,0.3044032344055376,0.3019215323263184,0.01671663390889627,0.34090854834794565,0.0,1.0
resurrection_rehost,172,alive,0.92,0.06422390379525325,0.3044032344055376,0.30179977103255623,0.016701129548097538,0.3408553679377142,0.0,1.0
resurrection_rehost,173,alive,0.92,0.06420669377786624,0.3044032344055376,0.30167800973879405,0.01668603834854655,0.3408024555995119,0.0,1.0
resurrection_rehost,174,alive,0.92,0.06418948376047923,0.3044032344055376,0.3015562484450317,0.016671346568735222,0.34074980061045756,0.0,1.0
resurrection_rehost,175,alive,0.92,0.06417227374309221,0.3044032344055376,0.3014344871512695,0.016657040925845145,0.34069739267658544,0.0,1.0
resurrection_rehost,176,alive,0.92,0.0641550637257052,0.3044032344055376,0.30131272585750735,0.01664310858038393,0.34064522191568825,0.0,1.0
resurrection_rehost,177,alive,0.92,0.06413785370831819,0.3044032344055376,0.3011909645637451,0.016629537121338012,0.3405932788408469,0.0,1.0
resurrection_rehost,178,alive,0.92,0.06412064369093119,0.3044032344055376,0.30106920326998293,0.01661631455182458,0.3405415543446191,0.0,1.0
resurrection_rehost,179,alive,0.92,0.06410343367354417,0.3044032344055376,0.30094744197622075,0.01660342927522569,0.34049003968386043,0.0,1.0
resurrection_rehost,180,alive,0.92,0.06408622365615715,0.3044032344055376,0.3008256806824585,0.01659087008178839,0.340438726465152,0.0,1.0
resurrection_rehost,181,alive,0.92,0.06406901363877014,0.3044032344055376,0.3007039193886963,0.016578626135675067,0.34038760663081197,0.0,1.0
resurrection_rehost,182,alive,0.92,0.06405180362138313,0.3044032344055376,0.30058215809493405,0.01656668696244883,0.34033667244546545,0.0,1.0
resurrection_rehost,183,alive,0.92,0.06403459360399612,0.3044032344055376,0.3004603968011718,0.016555042436979302,0.3402859164831529,0.0,1.0
resurrection_rehost,184,alive,0.92,0.0640173835866091,0.3044032344055376,0.30033863550740963,0.016543682771754612,0.3402353316149526,0.0,1.0
resurrection_rehost,185,alive,0.92,0.0640001735692221,0.3044032344055376,0.30021687421364746,0.016532598505585888,0.34018491099710046,0.0,1.0
resurrection_rehost,186,alive,0.92,0.0639829635518351,0.3044032344055376,0.3000951129198852,0.016521780492691013,0.3401346480595823,0.0,1.0
resurrection_rehost,187,alive,0.92,0.06396575353444806,0.3044032344055376,0.29997335162612293,0.016511219892144914,0.34008453649518494,0.0,1.0
resurrection_rehost,188,alive,0.92,0.06394854351706106,0.3044032344055376,0.29985159033236075,0.01650090815768394,0.34003457024898337,0.0,1.0
resurrection_rehost,189,alive,0.92,0.06393133349967405,0.3044032344055376,0.2997298290385985,0.016490837027852482,0.33998474350824986,0.0,1.0
resurrection_rehost,190,alive,0.92,0.06391412348228703,0.3044032344055376,0.29960806774483634,0.01648099851648025,0.33993505069276553,0.0,1.0
resurrection_rehost,191,alive,0.92,0.06389691346490002,0.3044032344055376,0.2994863064510741,0.016471384903479096,0.3398854864455207,0.0,1.0
resurrection_rehost,192,alive,0.92,0.063879703447513,0.3044032344055376,0.2993645451573119,0.016461988725948604,0.3398360456237856,0.0,1.0
resurrection_rehost,193,alive,0.92,0.06386249343012598,0.3044032344055376,0.29924278386354963,0.016452802769580038,0.3397867232905399,0.0,1.0
resurrection_rehost,194,alive,0.92,0.06384528341273898,0.3044032344055376,0.29912102256978745,0.016443820060348658,0.33973751470624397,0.0,1.0
resurrection_rehost,195,alive,0.92,0.06382807339535196,0.3044032344055376,0.2989992612760252,0.0164350338564846,0.3396884153209399,0.0,1.0
resurrection_rehost,196,alive,0.92,0.06381086337796496,0.3044032344055376,0.29887749998226304,0.016426437640713044,0.33963942076666787,0.0,1.0
resurrection_rehost,197,alive,0.92,0.06379365336057793,0.3044032344055376,0.2987557386885008,0.016418025112754503,0.3395905268501867,0.0,1.0
resurrection_rehost,198,alive,0.92,0.06377644334319092,0.3044032344055376,0.29863397739473857,0.016409790182076608,0.3395417295459849,0.0,1.0
resurrection_rehost,199,alive,0.92,0.06375923332580391,0.3044032344055376,0.2985122161009764,0.01640172696088876,0.33949302498957096,0.0,1.0
resurrection_rehost,200,alive,0.92,0.0637420233084169,0.3044032344055376,0.29839045480721416,0.016393829757371633,0.33944440947103366,0.0,1.0
resurrection_rehost,201,alive,0.92,0.06372481329102989,0.3044032344055376,0.2982686935134519,0.016386093069133568,0.33939587942885774,0.0,1.0
resurrection_rehost,202,alive,0.92,0.06370760327364287,0.3044032344055376,0.29814693221968974,0.016378511576886152,0.33934743144398893,0.0,1.0
resurrection_rehost,203,alive,0.92,0.06369039325625585,0.3044032344055376,0.29802517092592756,0.016371080138331752,0.33929906223413475,0.0,1.0
resurrection_rehost,204,alive,0.92,0.06367318323886884,0.3044032344055376,0.29790340963216533,0.01636379378225577,0.33925076864829484,0.0,1.0
resurrection_rehost,205,alive,0.92,0.06365597322148182,0.3044032344055376,0.2977816483384031,0.016356647702816772,0.3392025476615083,0.0,1.0
resurrection_rehost,206,alive,0.92,0.06363876320409483,0.3044032344055376,0.2976598870446408,0.01634963725402784,0.33915439636981337,0.0,1.0
resurrection_rehost,207,alive,0.92,0.06362155318670781,0.3044032344055376,0.2975381257508786,0.016342757944422713,0.33910631198540614,0.0,1.0
resurrection_rehost,208,alive,0.92,0.06360434316932079,0.3044032344055376,0.29741636445711644,0.01633600543190053,0.3390582918319952,0.0,1.0
resurrection_rehost,209,alive,0.92,0.06358713315193379,0.3044032344055376,0.29729460316335427,0.016329375518743094,0.33901033334034064,0.0,1.0
resurrection_rehost,210,alive,0.92,0.06356992313454676,0.3044032344055376,0.29717284186959203,0.016322864146799013,0.33896243404397225,0.0,1.0
resurrection_rehost,211,alive,0.92,0.06355271311715975,0.3044032344055376,0.2970510805758298,0.016316467392828923,0.3389145915750785,0.0,1.0
resurrection_rehost,212,alive,0.92,0.06353550309977275,0.3044032344055376,0.2969293192820676,0.01631018146400653,0.3388668036605606,0.0,1.0
resurrection_rehost,213,alive,0.92,0.06351829308238573,0.3044032344055376,0.2968075579883053,0.016304002693570196,0.3388190681182433,0.0,1.0
resurrection_rehost,214,alive,0.92,0.06350108306499871,0.3044032344055376,0.29668579669454315,0.01629792753661995,0.3387713828532387,0.0,1.0
resurrection_rehost,215,alive,0.92,0.0634838730476117,0.3044032344055376,0.29656403540078097,0.016291952566055142,0.33872374585445425,0.0,1.0
resurrection_rehost,216,alive,0.92,0.06346666303022469,0.3044032344055376,0.29644227410701873,0.016286074468647962,0.3386761551912411,0.0,1.0
resurrection_rehost,217,alive,0.92,0.06344945301283768,0.3044032344055376,0.29632051281325655,0.016280290041248233,0.3386286090101766,0.0,1.0
resurrection_rehost,218,alive,0.92,0.06343224299545067,0.3044032344055376,0.2961987515194942,0.016274596187115173,0.33858110553197446,0.0,1.0
resurrection_rehost,219,alive,0.92,0.06341503297806364,0.3044032344055376,0.29607699022573203,0.016268989912371752,0.33853364304852046,0.0,1.0
resurrection_rehost,220,alive,0.92,0.06339782296067664,0.3044032344055376,0.29595522893196985,0.016263468322577614,0.33848621992002464,0.0,1.0
resurrection_rehost,221,alive,0.92,0.06338061294328963,0.3044032344055376,0.29583346763820767,0.016258028619416512,0.33843883457228857,0.0,1.0
resurrection_rehost,222,alive,0.92,0.06336340292590262,0.3044032344055376,0.29571170634444544,0.01625266809749452,0.3383914854940819,0.0,1.0
resurrection_rehost,223,alive,0.92,0.0633461929085156,0.3044032344055376,0.2955899450506832,0.016247384141245175,0.3383441712346235,0.0,1.0
resurrection_rehost,224,alive,0.92,0.0633289828911286,0.3044032344055376,0.295468183756921,0.01624217422193808,0.3382968904011634,0.0,1.0
resurrection_rehost,225,alive,0.92,0.06331177287374157,0.3044032344055376,0.2953464224631588,0.016237035894787425,0.3382496416566617,0.0,1.0
resurrection_rehost,226,alive,0.92,0.06329456285635456,0.3044032344055376,0.29522466116939655,0.016231966796157103,0.33820242371756,0.0,1.0
resurrection_rehost,227,alive,0.92,0.06327735283896754,0.3044032344055376,0.2951028998756344,0.01622696464085919,0.3381552353516424,0.0,1.0
resurrection_rehost,228,alive,0.92,0.06326014282158055,0.3044032344055376,0.29498113858187214,0.016222027219542644,0.3381080753759813,0.0,1.0
resurrection_rehost,229,alive,0.92,0.06324293280419352,0.3044032344055376,0.2948593772881099,0.016217152396169204,0.3380609426549669,0.0,1.0
resurrection_rehost,230,alive,0.92,0.0632257227868065,0.3044032344055376,0.2947376159943476,0.016212338105573557,0.3380138360984128,0.0,1.0
resurrection_rehost,231,alive,0.92,0.0632085127694195,0.3044032344055376,0.29461585470058543,0.016207582351105,0.33796675465974096,0.0,1.0
resurrection_rehost,232,alive,0.92,0.06319130275203248,0.3044032344055376,0.29449409340682325,0.016202883202347765,0.33791969733423594,0.0,1.0
resurrection_rehost,233,alive,0.92,0.06317409273464547,0.3044032344055376,0.294372332113061,0.016198238792917513,0.33787266315737113,0.0,1.0
resurrection_rehost,234,alive,0.92,0.06315688271725846,0.3044032344055376,0.29425057081929884,0.016193647318331277,0.33782565120320085,0.0,1.0
resurrection_rehost,235,alive,0.92,0.06313967269987145,0.3044032344055376,0.29412880952553666,0.016189107033948578,0.33777866058281736,0.0,1.0
resurrection_rehost,236,alive,0.92,0.06312246268248443,0.3044032344055376,0.29400704823177437,0.01618461625298117,0.33773169044286916,0.0,1.0
resurrection_rehost,237,alive,0.92,0.06310525266509742,0.3044032344055376,0.29388528693801214,0.01618017334456918,0.33768473996413895,0.0,1.0
resurrection_rehost,238,alive,0.92,0.06308804264771041,0.3044032344055376,0.29376352564424996,0.016175776731921533,0.3376378083601778,0.0,1.0
resurrection_rehost,239,alive,0.92,0.0630708326303234,0.3044032344055376,0.2936417643504877,0.016171424890518215,0.3375908948759951,0.0,1.0
resurrection_rehost,240,alive,0.92,0.06305362261293639,0.3044032344055376,0.29352000305672554,0.016167116346372676,0.33754399878679975,0.0,1.0
resurrection_rehost,241,alive,0.92,0.06303641259554936,0.3044032344055376,0.29339824176296336,0.01616284967435206,0.3374971193967921,0.0,1.0
resurrection_rehost,242,alive,0.92,0.06301920257816235,0.3044032344055376,0.2932764804692011,0.016158623496553486,0.3374502560380048,0.0,1.0
resurrection_rehost,243,alive,0.92,0.06300199256077534,0.3044032344055376,0.29315471917543884,0.016154436480734467,0.33740340806918884,0.0,1.0
resurrection_rehost,244,alive,0.92,0.06298478254338834,0.3044032344055376,0.29303295788167666,0.016150287338795602,0.33735657487474563,0.0,1.0
resurrection_rehost,245,alive,0.92,0.06296757252600131,0.3044032344055376,0.2929111965879144,0.016146174825313934,0.3373097558637001,0.0,1.0
resurrection_rehost,246,alive,0.92,0.0629503625086143,0.3044032344055376,0.29278943529415224,0.016142097736125075,0.33726295046871635,0.0,1.0
resurrection_rehost,247,alive,0.92,0.06293315249122729,0.3044032344055376,0.29266767400039,0.01613805490695268,0.3372161581451519,0.0,1.0
resurrection_rehost,248,alive,0.92,0.06291594247384028,0.3044032344055376,0.2925459127066279,0.01613404521208352,0.33716937837015,0.0,1.0
resurrection_rehost,249,alive,0.92,0.06289873245645326,0.3044032344055376,0.2924241514128656,0.016130067563086724,0.3371226106417681,0.0,1.0
resurrection_rehost,250,death_frozen,0.92,0.0,0.3044032344055376,0.2924241514128656,0.016049417225271288,0.3374633465320811,0.0,0.9995
resurrection_rehost,251,death_frozen,0.92,0.0,0.3044032344055376,0.2924241514128656,0.01596917013914493,0.33780340095061334,0.0,0.9990002500000001
resurrection_rehost,252,death_frozen,0.92,0.0,0.3044032344055376,0.2924241514128656,0.015889324288449205,0.3381427752603086,0.0,0.9985007498750001
resurrection_rehost,253,death_frozen,0.92,0.0,0.3044032344055376,0.2924241514128656,0.01580987766700696,0.33848147082138447,0.0,0.9980014995000627
resurrection_rehost,254,death_frozen,0.92,0.0,0.3044032344055376,0.2924241514128656,0.015730828278671925,0.3388194889913381,0.0,0.9975024987503127
resurrection_rehost,255,death_frozen,0.92,0.0,0.3044032344055376,0.2924241514128656,0.015652174137278565,0.33915683112495193,0.0,0.9970037475009376
resurrection_rehost,256,death_frozen,0.92,0.0,0.3044032344055376,0.2924241514128656,0.01557391326659217,0.3394934985742985,0.0,0.9965052456271871
resurrection_rehost,257,death_frozen,0.92,0.0,0.3044032344055376,0.2924241514128656,0.015496043700259211,0.33982949268874635,0.0,0.9960069930043736
resurrection_rehost,258,death_frozen,0.92,0.0,0.3044032344055376,0.2924241514128656,0.015418563481757916,0.3401648148149653,0.0,0.9955089895078715
resurrection_rehost,259,death_frozen,0.92,0.0,0.3044032344055376,0.2924241514128656,0.015341470664349125,0.34049946629693184,0.0,0.9950112350131176
resurrection_rehost,260,death_frozen,0.92,0.0,0.3044032344055376,0.2924241514128656,0.01526476331102738,0.34083344847593444,0.0,0.9945137293956111
resurrection_rehost,261,death_frozen,0.92,0.0,0.3044032344055376,0.2924241514128656,0.015188439494472244,0.34116676269057905,0.0,0.9940164725309134
resurrection_rehost,262,death_frozen,0.92,0.0,0.3044032344055376,0.2924241514128656,0.015112497296999882,0.34149941027679437,0.0,0.993519464294648
resurrection_rehost,263,death_frozen,0.92,0.0,0.3044032344055376,0.2924241514128656,0.015036934810514883,0.3418313925678373,0.0,0.9930227045625007
resurrection_rehost,264,death_frozen,0.92,0.0,0.3044032344055376,0.2924241514128656,0.014961750136462311,0.34216271089429795,0.0,0.9925261932102195
resurrection_rehost,265,death_frozen,0.92,0.0,0.3044032344055376,0.2924241514128656,0.014886941385779997,0.3424933665841059,0.0,0.9920299301136144
resurrection_rehost,266,death_frozen,0.92,0.0,0.3044032344055376,0.2924241514128656,0.014812506678851095,0.34282336096253413,0.0,0.9915339151485576
resurrection_rehost,267,death_frozen,0.92,0.0,0.3044032344055376,0.2924241514128656,0.01473844414545684,0.34315269535220555,0.0,0.9910381481909833
resurrection_rehost,268,death_frozen,0.92,0.0,0.3044032344055376,0.2924241514128656,0.014664751924729554,0.3434813710730975,0.0,0.990542629116888
resurrection_rehost,269,death_frozen,0.92,0.0,0.3044032344055376,0.2924241514128656,0.01459142816510591,0.3438093894425478,0.0,0.9900473578023296
resurrection_rehost,270,death_frozen,0.92,0.0,0.3044032344055376,0.2924241514128656,0.014518471024280378,0.34413675177525915,0.0,0.9895523341234285
resurrection_rehost,271,death_frozen,0.92,0.0,0.3044032344055376,0.2924241514128656,0.014445878669158977,0.3444634593833051,0.0,0.9890575579563669
resurrection_rehost,272,death_frozen,0.92,0.0,0.3044032344055376,0.2924241514128656,0.014373649275813182,0.34478951357613496,0.0,0.9885630291773887
resurrection_rehost,273,death_frozen,0.92,0.0,0.3044032344055376,0.2924241514128656,0.014301781029434118,0.34511491566057917,0.0,0.9880687476628001
resurrection_rehost,274,death_frozen,0.92,0.0,0.3044032344055376,0.2924241514128656,0.014230272124286944,0.34543966694085443,0.0,0.9875747132889687
resurrection_rehost,275,death_frozen,0.92,0.0,0.3044032344055376,0.2924241514128656,0.014159120763665512,0.3457637687185692,0.0,0.9870809259323243
resurrection_rehost,276,death_frozen,0.92,0.0,0.3044032344055376,0.2924241514128656,0.014088325159847181,0.34608722229272854,0.0,0.9865873854693582
resurrection_rehost,277,death_frozen,0.92,0.0,0.3044032344055376,0.2924241514128656,0.014017883534047947,0.34641002895973955,0.0,0.9860940917766235
resurrection_rehost,278,death_frozen,0.92,0.0,0.3044032344055376,0.2924241514128656,0.013947794116377707,0.3467321900134165,0.0,0.9856010447307353
resurrection_rehost,279,death_frozen,0.92,0.0,0.3044032344055376,0.2924241514128656,0.013878055145795818,0.34705370674498615,0.0,0.98510824420837
resurrection_rehost,280,death_frozen,0.92,0.0,0.3044032344055376,0.2924241514128656,0.013808664870066838,0.34737458044309266,0.0,0.9846156900862658
resurrection_rehost,281,death_frozen,0.92,0.0,0.3044032344055376,0.2924241514128656,0.013739621545716505,0.34769481239380295,0.0,0.9841233822412228
resurrection_rehost,282,death_frozen,0.92,0.0,0.3044032344055376,0.2924241514128656,0.013670923437987923,0.3480144038806117,0.0,0.9836313205501022
resurrection_rehost,283,death_frozen,0.92,0.0,0.3044032344055376,0.2924241514128656,0.013602568820797984,0.34833335618444694,0.0,0.9831395048898272
resurrection_rehost,284,death_frozen,0.92,0.0,0.3044032344055376,0.2924241514128656,0.013534555976693992,0.3486516705836745,0.0,0.9826479351373822
resurrection_rehost,285,death_frozen,0.92,0.0,0.3044032344055376,0.2924241514128656,0.013466883196810523,0.3489693483541037,0.0,0.9821566111698136
resurrection_rehost,286,death_frozen,0.92,0.0,0.3044032344055376,0.2924241514128656,0.013399548780826472,0.34928639076899193,0.0,0.9816655328642288
resurrection_rehost,287,death_frozen,0.92,0.0,0.3044032344055376,0.2924241514128656,0.013332551036922338,0.3496027990990504,0.0,0.9811747000977967
resurrection_rehost,288,death_frozen,0.92,0.0,0.3044032344055376,0.2924241514128656,0.013265888281737727,0.34991857461244874,0.0,0.9806841127477479
resurrection_rehost,289,death_frozen,0.92,0.0,0.3044032344055376,0.2924241514128656,0.013199558840329037,0.35023371857482033,0.0,0.9801937706913741
resurrection_rehost,290,death_frozen,0.92,0.0,0.3044032344055376,0.2924241514128656,0.013133561046127392,0.3505482322492671,0.0,0.9797036738060285
resurrection_rehost,291,death_frozen,0.92,0.0,0.3044032344055376,0.2924241514128656,0.013067893240896756,0.35086211689636504,0.0,0.9792138219691255
resurrection_rehost,292,death_frozen,0.92,0.0,0.3044032344055376,0.2924241514128656,0.013002553774692274,0.3511753737741688,0.0,0.978724215058141
resurrection_rehost,293,death_frozen,0.92,0.0,0.3044032344055376,0.2924241514128656,0.012937541005818813,0.3514880041382169,0.0,0.978234852950612
resurrection_rehost,294,death_frozen,0.92,0.0,0.3044032344055376,0.2924241514128656,0.012872853300789718,0.351800009241537,0.0,0.9777457355241367
resurrection_rehost,295,death_frozen,0.92,0.0,0.3044032344055376,0.2924241514128656,0.012808489034285768,0.35211139033465033,0.0,0.9772568626563747
resurrection_rehost,296,death_frozen,0.92,0.0,0.3044032344055376,0.2924241514128656,0.012744446589114338,0.3524221486655775,0.0,0.9767682342250465
resurrection_rehost,297,death_frozen,0.92,0.0,0.3044032344055376,0.2924241514128656,0.012680724356168767,0.35273228547984276,0.0,0.976279850107934
resurrection_rehost,298,death_frozen,0.92,0.0,0.3044032344055376,0.2924241514128656,0.012617320734387923,0.3530418020204795,0.0,0.9757917101828801
resurrection_rehost,299,death_frozen,0.92,0.0,0.3044032344055376,0.2924241514128656,0.012554234130715982,0.35335069952803505,0.0,0.9753038143277888
resurrection_rehost,300,death_frozen,0.92,0.0,0.3044032344055376,0.2924241514128656,0.012491462960062401,0.3536589792405755,0.0,0.974816162420625
resurrection_rehost,301,death_frozen,0.92,0.0,0.3044032344055376,0.2924241514128656,0.01242900564526209,0.35396664239369074,0.0,0.9743287543394147
resurrection_rehost,302,death_frozen,0.92,0.0,0.3044032344055376,0.2924241514128656,0.01236686061703578,0.35427369022049987,0.0,0.973841589962245
resurrection_rehost,303,death_frozen,0.92,0.0,0.3044032344055376,0.2924241514128656,0.012305026313950602,0.3545801239516553,0.0,0.973354669167264
resurrection_rehost,304,death_frozen,0.92,0.0,0.3044032344055376,0.2924241514128656,0.012243501182380849,0.35488594481534846,0.0,0.9728679918326804
resurrection_rehost,305,death_frozen,0.92,0.0,0.3044032344055376,0.2924241514128656,0.012182283676468945,0.3551911540373142,0.0,0.972381557836764
resurrection_rehost,306,death_frozen,0.92,0.0,0.3044032344055376,0.2924241514128656,0.012121372258086597,0.35549575284083607,0.0,0.9718953670578457
resurrection_rehost,307,death_frozen,0.92,0.0,0.3044032344055376,0.2924241514128656,0.012060765396796166,0.3557997424467508,0.0,0.9714094193743169
resurrection_rehost,308,death_frozen,0.92,0.0,0.3044032344055376,0.2924241514128656,0.012000461569812187,0.3561031240734538,0.0,0.9709237146646298
resurrection_rehost,309,death_frozen,0.92,0.0,0.3044032344055376,0.2924241514128656,0.011940459261963127,0.35640589893690333,0.0,0.9704382528072976
resurrection_rehost,310,death_frozen,0.92,0.0,0.3044032344055376,0.2924241514128656,0.011880756965653308,0.356708068250626,0.0,0.9699530336808939
resurrection_rehost,311,death_frozen,0.92,0.0,0.3044032344055376,0.2924241514128656,0.011821353180825046,0.3570096332257212,0.0,0.9694680571640535
resurrection_rehost,312,death_frozen,0.92,0.0,0.3044032344055376,0.2924241514128656,0.011762246414920918,0.3573105950708662,0.0,0.9689833231354715
resurrection_rehost,313,death_frozen,0.92,0.0,0.3044032344055376,0.2924241514128656,0.011703435182846313,0.35761095499232093,0.0,0.9684988314739038
resurrection_rehost,314,death_frozen,0.92,0.0,0.3044032344055376,0.2924241514128656,0.01164491800693208,0.3579107141939328,0.0,0.9680145820581669
resurrection_rehost,315,death_frozen,0.92,0.0,0.3044032344055376,0.2924241514128656,0.01158669341689742,0.35820987387714137,0.0,0.9675305747671379
resurrection_rehost,316,death_frozen,0.92,0.0,0.3044032344055376,0.2924241514128656,0.011528759949812933,0.3585084352409835,0.0,0.9670468094797544
resurrection_rehost,317,death_frozen,0.92,0.0,0.3044032344055376,0.2924241514128656,0.011471116150063866,0.358806399482098,0.0,0.9665632860750146
resurrection_rehost,318,death_frozen,0.92,0.0,0.3044032344055376,0.2924241514128656,0.011413760569313548,0.35910376779473024,0.0,0.9660800044319772
resurrection_rehost,319,death_frozen,0.92,0.0,0.3044032344055376,0.2924241514128656,0.01135669176646698,0.3594005413707373,0.0,0.9655969644297613
resurrection_rehost,320,death_frozen,0.92,0.0,0.3044032344055376,0.2924241514128656,0.011299908307634644,0.3596967213995923,0.0,0.9651141659475465
resurrection_rehost,321,death_frozen,0.92,0.0,0.3044032344055376,0.2924241514128656,0.011243408766096473,0.3599923090683895,0.0,0.9646316088645728
resurrection_rehost,322,death_frozen,0.92,0.0,0.3044032344055376,0.2924241514128656,0.011187191722265991,0.36028730556184924,0.0,0.9641492930601405
resurrection_rehost,323,death_frozen,0.92,0.0,0.3044032344055376,0.2924241514128656,0.011131255763654662,0.360581712062322,0.0,0.9636672184136105
resurrection_rehost,324,death_frozen,0.92,0.0,0.3044032344055376,0.2924241514128656,0.011075599484836387,0.3608755297497938,0.0,0.9631853848044037
resurrection_rehost,325,death_frozen,0.92,0.0,0.3044032344055376,0.2924241514128656,0.011020221487412206,0.3611687598018906,0.0,0.9627037921120016
resurrection_rehost,326,death_frozen,0.92,0.0,0.3044032344055376,0.2924241514128656,0.010965120379975145,0.36146140339388333,0.0,0.9622224402159457
resurrection_rehost,327,death_frozen,0.92,0.0,0.3044032344055376,0.2924241514128656,0.010910294778075268,0.361753461698692,0.0,0.9617413289958378
resurrection_rehost,328,death_frozen,0.92,0.0,0.3044032344055376,0.2924241514128656,0.010855743304184892,0.3620449358868911,0.0,0.9612604583313399
resurrection_rehost,329,death_frozen,0.92,0.0,0.3044032344055376,0.2924241514128656,0.010801464587663968,0.3623358271267138,0.0,0.9607798281021742
resurrection_rehost,330,death_frozen,0.92,0.0,0.3044032344055376,0.2924241514128656,0.010747457264725648,0.3626261365840568,0.0,0.9602994381881231
resurrection_rehost,331,death_frozen,0.92,0.0,0.3044032344055376,0.2924241514128656,0.01069371997840202,0.36291586542248516,0.0,0.9598192884690291
resurrection_rehost,332,death_frozen,0.92,0.0,0.3044032344055376,0.2924241514128656,0.01064025137851001,0.36320501480323664,0.0,0.9593393788247946
resurrection_rehost,333,death_frozen,0.92,0.0,0.3044032344055376,0.2924241514128656,0.01058705012161746,0.3634935858852266,0.0,0.9588597091353822
resurrection_rehost,334,death_frozen,0.92,0.0,0.3044032344055376,0.2924241514128656,0.010534114871009371,0.36378157982505266,0.0,0.9583802792808146
resurrection_rehost,335,death_frozen,0.92,0.0,0.3044032344055376,0.2924241514128656,0.010481444296654326,0.36406899777699897,0.0,0.9579010891411742
resurrection_rehost,336,death_frozen,0.92,0.0,0.3044032344055376,0.2924241514128656,0.010429037075171052,0.3643558408930414,0.0,0.9574221385966036
resurrection_rehost,337,death_frozen,0.92,0.0,0.3044032344055376,0.2924241514128656,0.0103768918897952,0.3646421103228519,0.0,0.9569434275273054
resurrection_rehost,338,death_frozen,0.92,0.0,0.3044032344055376,0.2924241514128656,0.010325007430346223,0.3649278072138026,0.0,0.9564649558135419
resurrection_rehost,339,death_frozen,0.92,0.0,0.3044032344055376,0.2924241514128656,0.010273382393194494,0.36521293271097144,0.0,0.9559867233356352
resurrection_rehost,340,death_frozen,0.92,0.0,0.3044032344055376,0.2924241514128656,0.010222015481228518,0.36549748795714593,0.0,0.9555087299739674
resurrection_rehost,341,death_frozen,0.92,0.0,0.3044032344055376,0.2924241514128656,0.010170905403822376,0.36578147409282813,0.0,0.9550309756089804
resurrection_rehost,342,death_frozen,0.92,0.0,0.3044032344055376,0.2924241514128656,0.010120050876803264,0.36606489225623895,0.0,0.954553460121176
resurrection_rehost,343,death_frozen,0.92,0.0,0.3044032344055376,0.2924241514128656,0.01006945062241925,0.36634774358332295,0.0,0.9540761833911156
resurrection_rehost,344,death_frozen,0.92,0.0,0.3044032344055376,0.2924241514128656,0.010019103369307152,0.3666300292077528,0.0,0.95359914529942
resurrection_rehost,345,death_frozen,0.92,0.0,0.3044032344055376,0.2924241514128656,0.009969007852460616,0.36691175026093364,0.0,0.9531223457267703
resurrection_rehost,346,death_frozen,0.92,0.0,0.3044032344055376,0.2924241514128656,0.009919162813198313,0.36719290787200826,0.0,0.952645784553907
resurrection_rehost,347,death_frozen,0.92,0.0,0.3044032344055376,0.2924241514128656,0.00986956699913232,0.3674735031678607,0.0,0.9521694616616301
resurrection_rehost,348,death_frozen,0.92,0.0,0.3044032344055376,0.2924241514128656,0.009820219164136659,0.3677535372731215,0.0,0.9516933769307994
resurrection_rehost,349,death_frozen,0.92,0.0,0.3044032344055376,0.2924241514128656,0.009771118068315977,0.3680330113101717,0.0,0.951217530242334
resurrection_rehost,350,death_frozen,0.92,0.0,0.3044032344055376,0.2924241514128656,0.009722262477974395,0.3683119263991477,0.0,0.9507419214772129
resurrection_rehost,351,death_frozen,0.92,0.0,0.3044032344055376,0.2924241514128656,0.009673651165584525,0.368590283657946,0.0,0.9502665505164744
resurrection_rehost,352,death_frozen,0.92,0.0,0.3044032344055376,0.2924241514128656,0.009625282909756602,0.3688680842022265,0.0,0.9497914172412162
resurrection_rehost,353,death_frozen,0.92,0.0,0.3044032344055376,0.2924241514128656,0.009577156495207817,0.36914532914541853,0.0,0.9493165215325956
resurrection_rehost,354,death_frozen,0.92,0.0,0.3044032344055376,0.2924241514128656,0.009529270712731781,0.3694220195987241,0.0,0.9488418632718294
resurrection_rehost,355,death_frozen,0.92,0.0,0.3044032344055376,0.2924241514128656,0.00948162435916812,0.36969815667112305,0.0,0.9483674423401935
resurrection_rehost,356,death_frozen,0.92,0.0,0.3044032344055376,0.2924241514128656,0.009434216237372277,0.36997374146937734,0.0,0.9478932586190235
resurrection_rehost,357,death_frozen,0.92,0.0,0.3044032344055376,0.2924241514128656,0.009387045156185417,0.370248775098035,0.0,0.9474193119897141
resurrection_rehost,358,death_frozen,0.92,0.0,0.3044032344055376,0.2924241514128656,0.009340109930404492,0.37052325865943536,0.0,0.9469456023337193
resurrection_rehost,359,death_frozen,0.92,0.0,0.3044032344055376,0.2924241514128656,0.009293409380752467,0.37079719325371296,0.0,0.9464721295325524
resurrection_rehost,360,death_frozen,0.92,0.0,0.3044032344055376,0.2924241514128656,0.009246942333848705,0.37107057997880205,0.0,0.9459988934677862
resurrection_rehost,361,death_frozen,0.92,0.0,0.3044032344055376,0.2924241514128656,0.009200707622179461,0.37134341993044084,0.0,0.9455258940210524
resurrection_rehost,362,death_frozen,0.92,0.0,0.3044032344055376,0.2924241514128656,0.009154704084068564,0.37161571420217643,0.0,0.9450531310740419
resurrection_rehost,363,death_frozen,0.92,0.0,0.3044032344055376,0.2924241514128656,0.009108930563648221,0.3718874638853686,0.0,0.9445806045085049
resurrection_rehost,364,death_frozen,0.92,0.0,0.3044032344055376,0.2924241514128656,0.009063385910829981,0.37215867006919434,0.0,0.9441083142062507
resurrection_rehost,365,death_frozen,0.92,0.0,0.3044032344055376,0.2924241514128656,0.009018068981275832,0.3724293338406524,0.0,0.9436362600491477
resurrection_rehost,366,death_frozen,0.92,0.0,0.3044032344055376,0.2924241514128656,0.008972978636369451,0.3726994562845675,0.0,0.9431644419191232
resurrection_rehost,367,death_frozen,0.92,0.0,0.3044032344055376,0.2924241514128656,0.008928113743187603,0.3729690384835948,0.0,0.9426928596981636
resurrection_rehost,368,death_frozen,0.92,0.0,0.3044032344055376,0.2924241514128656,0.008883473174471666,0.3732380815182241,0.0,0.9422215132683146
resurrection_rehost,369,death_frozen,0.92,0.0,0.3044032344055376,0.2924241514128656,0.008839055808599307,0.37350658646678403,0.0,0.9417504025116805
resurrection_rehost,370,death_frozen,0.92,0.0,0.3044032344055376,0.2924241514128656,0.008794860529556312,0.373774554405447,0.0,0.9412795273104247
resurrection_rehost,371,death_frozen,0.92,0.0,0.3044032344055376,0.2924241514128656,0.00875088622690853,0.37404198640823255,0.0,0.9408088875467696
resurrection_rehost,372,death_frozen,0.92,0.0,0.3044032344055376,0.2924241514128656,0.008707131795773988,0.3743088835470126,0.0,0.9403384831029963
resurrection_rehost,373,death_frozen,0.92,0.0,0.3044032344055376,0.2924241514128656,0.008663596136795116,0.37457524689151506,0.0,0.9398683138614449
resurrection_rehost,374,death_frozen,0.92,0.0,0.3044032344055376,0.2924241514128656,0.00862027815611114,0.37484107750932844,0.0,0.9393983797045142
resurrection_rehost,375,death_frozen,0.92,0.0,0.3044032344055376,0.2924241514128656,0.008577176765330586,0.3751063764659062,0.0,0.938928680514662
resurrection_rehost,376,death_frozen,0.92,0.0,0.3044032344055376,0.2924241514128656,0.008534290881503932,0.37537114482457085,0.0,0.9384592161744048
resurrection_rehost,377,death_frozen,0.92,0.0,0.3044032344055376,0.2924241514128656,0.008491619427096413,0.3756353836465182,0.0,0.9379899865663176
resurrection_rehost,378,death_frozen,0.92,0.0,0.3044032344055376,0.2924241514128656,0.00844916132996093,0.3758990939908216,0.0,0.9375209915730345
resurrection_rehost,379,death_frozen,0.92,0.0,0.3044032344055376,0.2924241514128656,0.008406915523311126,0.3761622769144364,0.0,0.937052231077248
resurrection_rehost,380,death_frozen,0.92,0.0,0.3044032344055376,0.2924241514128656,0.008364880945694571,0.376424933472204,0.0,0.9365837049617094
resurrection_rehost,381,death_frozen,0.92,0.0,0.3044032344055376,0.2924241514128656,0.008323056540966099,0.37668706471685603,0.0,0.9361154131092286
resurrection_rehost,382,death_frozen,0.92,0.0,0.3044032344055376,0.2924241514128656,0.008281441258261265,0.3769486716990188,0.0,0.9356473554026741
resurrection_rehost,383,death_frozen,0.92,0.0,0.3044032344055376,0.2924241514128656,0.00824003405196996,0.37720975546721724,0.0,0.9351795317249728
resurrection_rehost,384,death_frozen,0.92,0.0,0.3044032344055376,0.2924241514128656,0.00819883388171011,0.37747031706787926,0.0,0.9347119419591103
resurrection_rehost,385,death_frozen,0.92,0.0,0.3044032344055376,0.2924241514128656,0.00815783971230156,0.37773035754533996,0.0,0.9342445859881309
resurrection_rehost,386,death_frozen,0.92,0.0,0.3044032344055376,0.2924241514128656,0.008117050513740051,0.37798987794184574,0.0,0.9337774636951368
resurrection_rehost,387,death_frozen,0.92,0.0,0.3044032344055376,0.2924241514128656,0.008076465261171352,0.3782488792975585,0.0,0.9333105749632893
resurrection_rehost,388,death_frozen,0.92,0.0,0.3044032344055376,0.2924241514128656,0.008036082934865494,0.37850736265055984,0.0,0.9328439196758077
resurrection_rehost,389,death_frozen,0.92,0.0,0.3044032344055376,0.2924241514128656,0.007995902520191167,0.3787653290368552,0.0,0.9323774977159699
resurrection_rehost,390,death_frozen,0.92,0.0,0.3044032344055376,0.2924241514128656,0.007955923007590212,0.379022779490378,0.0,0.9319113089671119
resurrection_rehost,391,death_frozen,0.92,0.0,0.3044032344055376,0.2924241514128656,0.00791614339255226,0.3792797150429937,0.0,0.9314453533126285
resurrection_rehost,392,death_frozen,0.92,0.0,0.3044032344055376,0.2924241514128656,0.007876562675589498,0.37953613672450404,0.0,0.9309796306359722
resurrection_rehost,393,death_frozen,0.92,0.0,0.3044032344055376,0.2924241514128656,0.00783717986221155,0.37979204556265156,0.0,0.9305141408206543
resurrection_rehost,394,death_frozen,0.92,0.0,0.3044032344055376,0.2924241514128656,0.0077979939629004924,0.38004744258312273,0.0,0.9300488837502441
resurrection_rehost,395,death_frozen,0.92,0.0,0.3044032344055376,0.2924241514128656,0.007759003993085991,0.38030232880955295,0.0,0.9295838593083691
resurrection_rehost,396,death_frozen,0.92,0.0,0.3044032344055376,0.2924241514128656,0.007720208973120561,0.38055670526353025,0.0,0.929119067378715
resurrection_rehost,397,death_frozen,0.92,0.0,0.3044032344055376,0.2924241514128656,0.007681607928254958,0.3808105729645997,0.0,0.9286545078450257
resurrection_rehost,398,death_frozen,0.92,0.0,0.3044032344055376,0.2924241514128656,0.007643199888613683,0.38106393293026697,0.0,0.9281901805911033
resurrection_rehost,399,death_frozen,0.92,0.0,0.3044032344055376,0.2924241514128656,0.007604983889170615,0.38131678617600284,0.0,0.9277260855008077
resurrection_rehost,400,death_frozen,0.92,0.0,0.3044032344055376,0.2924241514128656,0.007566958969724761,0.38156913371524737,0.0,0.9272622224580573
resurrection_rehost,401,death_frozen,0.92,0.0,0.3044032344055376,0.2924241514128656,0.007529124174876137,0.38182097655941327,0.0,0.9267985913468284
resurrection_rehost,402,death_frozen,0.92,0.0,0.3044032344055376,0.2924241514128656,0.007491478554001757,0.3820723157178909,0.0,0.926335192051155
resurrection_rehost,403,death_frozen,0.92,0.0,0.3044032344055376,0.2924241514128656,0.007454021161231748,0.3823231521980516,0.0,0.9258720244551295
resurrection_rehost,404,death_frozen,0.92,0.0,0.3044032344055376,0.2924241514128656,0.0074167510554255895,0.3825734870052519,0.0,0.925409088442902
resurrection_rehost,405,death_frozen,0.92,0.0,0.3044032344055376,0.2924241514128656,0.007379667300148461,0.3828233211428379,0.0,0.9249463838986807
resurrection_rehost,406,death_frozen,0.92,0.0,0.3044032344055376,0.2924241514128656,0.007342768963647719,0.3830726556121487,0.0,0.9244839107067314
resurrection_rehost,407,death_frozen,0.92,0.0,0.3044032344055376,0.2924241514128656,0.007306055118829481,0.3833214914125208,0.0,0.9240216687513781
resurrection_rehost,408,death_frozen,0.92,0.0,0.3044032344055376,0.2924241514128656,0.0072695248432353326,0.38356982954129226,0.0,0.9235596579170025
resurrection_rehost,409,death_frozen,0.92,0.0,0.3044032344055376,0.2924241514128656,0.007233177219019156,0.3838176709938061,0.0,0.923097878088044
resurrection_rehost,410,death_frozen,0.92,0.0,0.3044032344055376,0.2924241514128656,0.0071970113329240595,0.384065016763415,0.0,0.9226363291490001
resurrection_rehost,411,death_frozen,0.92,0.0,0.3044032344055376,0.2924241514128656,0.007161026276259441,0.3843118678414847,0.0,0.9221750109844257
resurrection_rehost,412,death_frozen,0.92,0.0,0.3044032344055376,0.2924241514128656,0.007125221144878143,0.384558225217398,0.0,0.9217139234789336
resurrection_rehost,413,death_frozen,0.92,0.0,0.3044032344055376,0.2924241514128656,0.007089595039153751,0.3848040898785598,0.0,0.9212530665171942
resurrection_rehost,414,death_frozen,0.92,0.0,0.3044032344055376,0.2924241514128656,0.007054147063957982,0.38504946281039915,0.0,0.9207924399839357
resurrection_rehost,415,death_frozen,0.92,0.0,0.3044032344055376,0.2924241514128656,0.007018876328638195,0.38529434499637477,0.0,0.9203320437639437
resurrection_rehost,416,death_frozen,0.92,0.0,0.3044032344055376,0.2924241514128656,0.006983781946995002,0.3855387374179785,0.0,0.9198718777420618
resurrection_rehost,417,death_frozen,0.92,0.0,0.3044032344055376,0.2924241514128656,0.006948863037260028,0.38578264105473903,0.0,0.9194119418031909
resurrection_rehost,418,death_frozen,0.92,0.0,0.3044032344055376,0.2924241514128656,0.006914118722073727,0.3860260568842259,0.0,0.9189522358322894
resurrection_rehost,419,death_frozen,0.92,0.0,0.3044032344055376,0.2924241514128656,0.006879548128463359,0.386268985882054,0.0,0.9184927597143733
resurrection_rehost,420,death_frozen,0.92,0.0,0.3044032344055376,0.2924241514128656,0.006845150387821041,0.3865114290218864,0.0,0.9180335133345161
resurrection_rehost,421,death_frozen,0.92,0.0,0.3044032344055376,0.2924241514128656,0.006810924635881936,0.38675338727543906,0.0,0.917574496577849
resurrection_rehost,422,death_frozen,0.92,0.0,0.3044032344055376,0.2924241514128656,0.0067768700127025265,0.38699486161248464,0.0,0.9171157093295601
resurrection_rehost,423,death_frozen,0.92,0.0,0.3044032344055376,0.2924241514128656,0.006742985662639013,0.3872358530008561,0.0,0.9166571514748953
resurrection_rehost,424,death_frozen,0.92,0.0,0.3044032344055376,0.2924241514128656,0.006709270734325818,0.3874763624064509,0.0,0.916198822899158
resurrection_rehost,425,death_frozen,0.92,0.0,0.3044032344055376,0.2924241514128656,0.00667572438065419,0.3877163907932345,0.0,0.9157407234877085
resurrection_rehost,426,death_frozen,0.92,0.0,0.3044032344055376,0.2924241514128656,0.00664234575875092,0.3879559391232444,0.0,0.9152828531259647
resurrection_rehost,427,death_frozen,0.92,0.0,0.3044032344055376,0.2924241514128656,0.0066091340299571635,0.3881950083565943,0.0,0.9148252116994018
resurrection_rehost,428,death_frozen,0.92,0.0,0.3044032344055376,0.2924241514128656,0.006576088359807378,0.3884335994514777,0.0,0.9143677990935521
resurrection_rehost,429,death_frozen,0.92,0.0,0.3044032344055376,0.2924241514128656,0.006543207918008341,0.38867171336417117,0.0,0.9139106151940054
resurrection_rehost,430,death_frozen,0.92,0.0,0.3044032344055376,0.2924241514128656,0.0065104918784183,0.3889093510490393,0.0,0.9134536598864085
resurrection_rehost,431,death_frozen,0.92,0.0,0.3044032344055376,0.2924241514128656,0.006477939419026207,0.3891465134585376,0.0,0.9129969330564653
resurrection_rehost,432,death_frozen,0.92,0.0,0.3044032344055376,0.2924241514128656,0.0064455497219310775,0.38938320154321704,0.0,0.9125404345899372
resurrection_rehost,433,death_frozen,0.92,0.0,0.3044032344055376,0.2924241514128656,0.006413321973321421,0.389619416251727,0.0,0.9120841643726423
resurrection_rehost,434,death_frozen,0.92,0.0,0.3044032344055376,0.2924241514128656,0.0063812553634548155,0.38985515853082003,0.0,0.911628122290456
resurrection_rehost,435,death_frozen,0.92,0.0,0.3044032344055376,0.2924241514128656,0.006349349086637541,0.39009042932535487,0.0,0.9111723082293108
resurrection_rehost,436,death_frozen,0.92,0.0,0.3044032344055376,0.2924241514128656,0.006317602341204352,0.39032522957830057,0.0,0.9107167220751963
resurrection_rehost,437,death_frozen,0.92,0.0,0.3044032344055376,0.2924241514128656,0.006286014329498332,0.39055956023074045,0.0,0.9102613637141588
resurrection_rehost,438,death_frozen,0.92,0.0,0.3044032344055376,0.2924241514128656,0.006254584257850839,0.39079342222187535,0.0,0.9098062330323018
resurrection_rehost,439,death_frozen,0.92,0.0,0.3044032344055376,0.2924241514128656,0.006223311336561585,0.39102681648902815,0.0,0.9093513299157857
resurrection_rehost,440,death_frozen,0.92,0.0,0.3044032344055376,0.2924241514128656,0.006192194779878777,0.39125974396764657,0.0,0.9088966542508279
resurrection_rehost,441,death_frozen,0.92,0.0,0.3044032344055376,0.2924241514128656,0.006161233805979383,0.39149220559130776,0.0,0.9084422059237025
resurrection_rehost,442,death_frozen,0.92,0.0,0.3044032344055376,0.2924241514128656,0.006130427636949485,0.3917242022917215,0.0,0.9079879848207407
resurrection_rehost,443,death_frozen,0.92,0.0,0.3044032344055376,0.2924241514128656,0.006099775498764738,0.3919557349987346,0.0,0.9075339908283304
resurrection_rehost,444,death_frozen,0.92,0.0,0.3044032344055376,0.2924241514128656,0.006069276621270915,0.39218680464033356,0.0,0.9070802238329163
resurrection_rehost,445,death_frozen,0.92,0.0,0.3044032344055376,0.2924241514128656,0.006038930238164561,0.3924174121426494,0.0,0.9066266837209999
resurrection_rehost,446,death_frozen,0.92,0.0,0.3044032344055376,0.2924241514128656,0.006008735586973738,0.3926475584299606,0.0,0.9061733703791394
resurrection_rehost,447,death_frozen,0.92,0.0,0.3044032344055376,0.2924241514128656,0.005978691909038868,0.3928772444246971,0.0,0.9057202836939499
resurrection_rehost,448,death_frozen,0.92,0.0,0.3044032344055376,0.2924241514128656,0.005948798449493674,0.3931064710474441,0.0,0.9052674235521029
resurrection_rehost,449,death_frozen,0.92,0.0,0.3044032344055376,0.2924241514128656,0.005919054457246206,0.39333523921694563,0.0,0.9048147898403269
resurrection_rehost,450,death_frozen,0.92,0.0,0.3044032344055376,0.2924241514128656,0.005889459184959974,0.3935635498501083,0.0,0.9043623824454068
resurrection_rehost,451,death_frozen,0.92,0.0,0.3044032344055376,0.2924241514128656,0.0058600118890351745,0.39379140386200456,0.0,0.9039102012541841
resurrection_rehost,452,death_frozen,0.92,0.0,0.3044032344055376,0.2924241514128656,0.005830711829589999,0.394018802165877,0.0,0.9034582461535571
resurrection_rehost,453,death_frozen,0.92,0.0,0.3044032344055376,0.2924241514128656,0.005801558270442048,0.39424574567314163,0.0,0.9030065170304803
resurrection_rehost,454,death_frozen,0.92,0.0,0.3044032344055376,0.2924241514128656,0.0057725504790898385,0.39447223529339187,0.0,0.9025550137719651
resurrection_rehost,455,death_frozen,0.92,0.0,0.3044032344055376,0.2924241514128656,0.0057436877266943895,0.39469827193440155,0.0,0.9021037362650792
resurrection_rehost,456,death_frozen,0.92,0.0,0.3044032344055376,0.2924241514128656,0.005714969288060917,0.3949238565021292,0.0,0.9016526843969468
resurrection_rehost,457,death_frozen,0.92,0.0,0.3044032344055376,0.2924241514128656,0.0056863944416206125,0.39514898990072145,0.0,0.9012018580547484
resurrection_rehost,458,death_frozen,0.92,0.0,0.3044032344055376,0.2924241514128656,0.005657962469412509,0.3953736730325164,0.0,0.900751257125721
resurrection_rehost,459,death_frozen,0.92,0.0,0.3044032344055376,0.2924241514128656,0.005629672657065448,0.39559790679804785,0.0,0.9003008814971583
resurrection_rehost,460,death_frozen,0.92,0.0,0.3044032344055376,0.2924241514128656,0.005601524293780121,0.3958216920960483,0.0,0.8998507310564098
resurrection_rehost,461,death_frozen,0.92,0.0,0.3044032344055376,0.2924241514128656,0.005573516672311219,0.3960450298234525,0.0,0.8994008056908817
resurrection_rehost,462,death_frozen,0.92,0.0,0.3044032344055376,0.2924241514128656,0.005545649088949663,0.39626792087540214,0.0,0.8989511052880362
resurrection_rehost,463,death_frozen,0.92,0.0,0.3044032344055376,0.2924241514128656,0.005517920843504916,0.3964903661452478,0.0,0.8985016297353923
resurrection_rehost,464,death_frozen,0.92,0.0,0.3044032344055376,0.2924241514128656,0.005490331239287391,0.3967123665245538,0.0,0.8980523789205246
resurrection_rehost,465,death_frozen,0.92,0.0,0.3044032344055376,0.2924241514128656,0.005462879583090954,0.3969339229031011,0.0,0.8976033527310644
resurrection_rehost,466,death_frozen,0.92,0.0,0.3044032344055376,0.2924241514128656,0.005435565185175498,0.39715503616889136,0.0,0.8971545510546989
resurrection_rehost,467,death_frozen,0.92,0.0,0.3044032344055376,0.2924241514128656,0.005408387359249621,0.3973757072081501,0.0,0.8967059737791716
resurrection_rehost,468,death_frozen,0.92,0.0,0.3044032344055376,0.2924241514128656,0.005381345422453373,0.3975959369053302,0.0,0.8962576207922821
resurrection_rehost,469,death_frozen,0.92,0.0,0.3044032344055376,0.2924241514128656,0.0053544386953411046,0.39781572614311606,0.0,0.895809491981886
resurrection_rehost,470,death_frozen,0.92,0.0,0.3044032344055376,0.2924241514128656,0.0053276665018644,0.3980350758024262,0.0,0.8953615872358951
resurrection_rehost,471,death_frozen,0.92,0.0,0.3044032344055376,0.2924241514128656,0.005301028169355079,0.3982539867624178,0.0,0.8949139064422772
resurrection_rehost,472,death_frozen,0.92,0.0,0.3044032344055376,0.2924241514128656,0.005274523028508303,0.39847245990048946,0.0,0.8944664494890561
resurrection_rehost,473,death_frozen,0.92,0.0,0.3044032344055376,0.2924241514128656,0.005248150413365762,0.398690496092285,0.0,0.8940192162643116
resurrection_rehost,474,death_frozen,0.92,0.0,0.3044032344055376,0.2924241514128656,0.0052219096612989326,0.39890809621169687,0.0,0.8935722066561794
resurrection_rehost,475,death_frozen,0.92,0.0,0.3044032344055376,0.2924241514128656,0.005195800112992437,0.39912526113087,0.0,0.8931254205528514
resurrection_rehost,476,death_frozen,0.92,0.0,0.3044032344055376,0.2924241514128656,0.005169821112427477,0.3993419917202047,0.0,0.8926788578425751
resurrection_rehost,477,death_frozen,0.92,0.0,0.3044032344055376,0.2924241514128656,0.005143972006865339,0.39955828884836075,0.0,0.8922325184136538
resurrection_rehost,478,death_frozen,0.92,0.0,0.3044032344055376,0.2924241514128656,0.005118252146831013,0.3997741533822606,0.0,0.891786402154447
resurrection_rehost,479,death_frozen,0.92,0.0,0.3044032344055376,0.2924241514128656,0.005092660886096857,0.39998958618709235,0.0,0.8913405089533699
resurrection_rehost,480,death_frozen,0.92,0.0,0.3044032344055376,0.2924241514128656,0.005067197581666372,0.4002045881263147,0.0,0.8908948386988933
resurrection_rehost,481,death_frozen,0.92,0.0,0.3044032344055376,0.2924241514128656,0.005041861593758041,0.40041916006165845,0.0,0.8904493912795439
resurrection_rehost,482,death_frozen,0.92,0.0,0.3044032344055376,0.2924241514128656,0.00501665228578925,0.40063330285313165,0.0,0.8900041665839042
resurrection_rehost,483,death_frozen,0.92,0.0,0.3044032344055376,0.2924241514128656,0.004991569024360303,0.40084701735902184,0.0,0.8895591645006123
resurrection_rehost,484,death_frozen,0.92,0.0,0.3044032344055376,0.2924241514128656,0.004966611179238502,0.4010603044359002,0.0,0.889114384918362
resurrection_rehost,485,death_frozen,0.92,0.0,0.3044032344055376,0.2924241514128656,0.00494177812334231,0.4012731649386249,0.0,0.8886698277259029
resurrection_rehost,486,death_frozen,0.92,0.0,0.3044032344055376,0.2924241514128656,0.004917069232725599,0.40148559972034414,0.0,0.88822549281204
resurrection_rehost,487,death_frozen,0.92,0.0,0.3044032344055376,0.2924241514128656,0.00489248388656197,0.4016976096324999,0.0,0.887781380065634
resurrection_rehost,488,death_frozen,0.92,0.0,0.3044032344055376,0.2924241514128656,0.00486802146712916,0.40190919552483134,0.0,0.8873374893756012
resurrection_rehost,489,death_frozen,0.92,0.0,0.3044032344055376,0.2924241514128656,0.004843681359793513,0.4021203582453781,0.0,0.8868938206309135
resurrection_rehost,490,death_frozen,0.92,0.0,0.3044032344055376,0.2924241514128656,0.004819462952994548,0.40233109864048383,0.0,0.8864503737205981
resurrection_rehost,491,death_frozen,0.92,0.0,0.3044032344055376,0.2924241514128656,0.004795365638229575,0.4025414175547994,0.0,0.8860071485337379
resurrection_rehost,492,death_frozen,0.92,0.0,0.3044032344055376,0.2924241514128656,0.004771388810038427,0.4027513158312862,0.0,0.885564144959471
resurrection_rehost,493,death_frozen,0.92,0.0,0.3044032344055376,0.2924241514128656,0.004747531865988234,0.4029607943112201,0.0,0.8851213628869913
resurrection_rehost,494,death_frozen,0.92,0.0,0.3044032344055376,0.2924241514128656,0.004723794206658294,0.4031698538341941,0.0,0.8846788022055478
resurrection_rehost,495,death_frozen,0.92,0.0,0.3044032344055376,0.2924241514128656,0.004700175235625002,0.40337849523812214,0.0,0.8842364628044451
resurrection_rehost,496,death_frozen,0.92,0.0,0.3044032344055376,0.2924241514128656,0.004676674359446876,0.40358671935924245,0.0,0.883794344573043
resurrection_rehost,497,death_frozen,0.92,0.0,0.3044032344055376,0.2924241514128656,0.004653290987649642,0.40379452703212043,0.0,0.8833524474007565
resurrection_rehost,498,death_frozen,0.92,0.0,0.3044032344055376,0.2924241514128656,0.004630024532711394,0.40400191908965255,0.0,0.8829107711770562
resurrection_rehost,499,death_frozen,0.92,0.0,0.3044032344055376,0.2924241514128656,0.004606874410047836,0.4042088963630698,0.0,0.8824693157914677
resurrection_rehost,500,death_frozen,0.92,0.0,0.3044032344055376,0.2924241514128656,0.004583840037997598,0.40441545968194004,0.0,0.882028081133572
resurrection_rehost,501,death_frozen,0.92,0.0,0.3044032344055376,0.2924241514128656,0.00456092083780761,0.40462160987417256,0.0,0.8815870670930053
resurrection_rehost,502,death_frozen,0.92,0.0,0.3044032344055376,0.2924241514128656,0.004538116233618571,0.40482734776602075,0.0,0.8811462735594588
resurrection_rehost,503,death_frozen,0.92,0.0,0.3044032344055376,0.2924241514128656,0.004515425652450479,0.4050326741820852,0.0,0.8807057004226791
resurrection_rehost,504,death_frozen,0.92,0.0,0.3044032344055376,0.2924241514128656,0.0044928485241882265,0.40523758994531744,0.0,0.8802653475724679
resurrection_rehost,505,death_frozen,0.92,0.0,0.3044032344055376,0.2924241514128656,0.004470384281567286,0.40544209587702335,0.0,0.8798252148986817
resurrection_rehost,506,death_frozen,0.92,0.0,0.3044032344055376,0.2924241514128656,0.0044480323601594485,0.4056461927968657,0.0,0.8793853022912325
resurrection_rehost,507,death_frozen,0.92,0.0,0.3044032344055376,0.2924241514128656,0.004425792198358651,0.4058498815228685,0.0,0.8789456096400869
resurrection_rehost,508,death_frozen,0.92,0.0,0.3044032344055376,0.2924241514128656,0.004403663237366858,0.4060531628714192,0.0,0.8785061368352669
resurrection_rehost,509,death_frozen,0.92,0.0,0.3044032344055376,0.2924241514128656,0.004381644921180024,0.4062560376572728,0.0,0.8780668837668493
resurrection_rehost,510,death_frozen,0.92,0.0,0.3044032344055376,0.2924241514128656,0.004359736696574123,0.40645850669355477,0.0,0.8776278503249659
resurrection_rehost,511,death_frozen,0.92,0.0,0.3044032344055376,0.2924241514128656,0.004337938013091253,0.406660570791764,0.0,0.8771890363998035
resurrection_rehost,512,death_frozen,0.92,0.0,0.3044032344055376,0.2924241514128656,0.004316248323025796,0.40686223076177697,0.0,0.8767504418816037
resurrection_rehost,513,death_frozen,0.92,0.0,0.3044032344055376,0.2924241514128656,0.0042946670814106675,0.40706348741184983,0.0,0.876312066660663
resurrection_rehost,514,death_frozen,0.92,0.0,0.3044032344055376,0.2924241514128656,0.004273193746003615,0.4072643415486227,0.0,0.8758739106273327
resurrection_rehost,515,death_frozen,0.92,0.0,0.3044032344055376,0.2924241514128656,0.004251827777273596,0.4074647939771219,0.0,0.8754359736720191
resurrection_rehost,516,death_frozen,0.92,0.0,0.3044032344055376,0.2924241514128656,0.004230568638387228,0.4076648455007641,0.0,0.8749982556851831
resurrection_rehost,517,death_frozen,0.92,0.0,0.3044032344055376,0.2924241514128656,0.004209415795195292,0.40786449692135907,0.0,0.8745607565573406
resurrection_rehost,518,death_frozen,0.92,0.0,0.3044032344055376,0.2924241514128656,0.004188368716219315,0.40806374903911274,0.0,0.8741234761790619
resurrection_rehost,519,death_frozen,0.92,0.0,0.3044032344055376,0.2924241514128656,0.00416742687263822,0.408262602652631,0.0,0.8736864144409725
resurrection_rehost,520,death_frozen,0.92,0.0,0.3044032344055376,0.2924241514128656,0.004146589738275028,0.4084610585589222,0.0,0.873249571233752
resurrection_rehost,521,death_frozen,0.92,0.0,0.3044032344055376,0.2924241514128656,0.0041258567895836535,0.40865911755340084,0.0,0.8728129464481352
resurrection_rehost,522,death_frozen,0.92,0.0,0.3044032344055376,0.2924241514128656,0.004105227505635734,0.40885678042989043,0.0,0.8723765399749112
resurrection_rehost,523,death_frozen,0.92,0.0,0.3044032344055376,0.2924241514128656,0.004084701368107555,0.40905404798062717,0.0,0.8719403517049238
resurrection_rehost,524,death_frozen,0.92,0.0,0.3044032344055376,0.2924241514128656,0.004064277861267018,0.4092509209962624,0.0,0.8715043815290714
resurrection_rehost,525,death_frozen,0.92,0.0,0.3044032344055376,0.2924241514128656,0.004043956471960683,0.4094474002658663,0.0,0.8710686293383069
resurrection_rehost,526,death_frozen,0.92,0.0,0.3044032344055376,0.2924241514128656,0.00402373668960088,0.409643486576931,0.0,0.8706330950236377
resurrection_rehost,527,death_frozen,0.92,0.0,0.3044032344055376,0.2924241514128656,0.0040036180061528755,0.4098391807153736,0.0,0.870197778476126
resurrection_rehost,528,death_frozen,0.92,0.0,0.3044032344055376,0.2924241514128656,0.0039835999161221105,0.41003448346553933,0.0,0.869762679586888
resurrection_rehost,529,death_frozen,0.92,0.0,0.3044032344055376,0.2924241514128656,0.0039636819165415,0.4102293956102048,0.0,0.8693277982470946
resurrection_rehost,530,rehosted,0.92,0.12833285325816046,0.08025677625732906,0.41603867069489625,0.030716118713354893,0.5958426335214487,0.0,0.7997815743873271
resurrection_rehost,531,resurrected_live,0.92,0.0985180917850315,0.07814446889680782,0.41793448529404437,0.03128157599418587,0.5874124828412334,0.0,0.7997815743873271
resurrection_rehost,532,resurrected_live,0.92,0.09908261694283657,0.07601697458231303,0.4198248947027411,0.03183987980014555,0.579335254347267,0.0,0.7997815743873271
resurrection_rehost,533,resurrected_live,0.92,0.09964896325162824,0.07387424432092413,0.42170992285249365,0.03239141042570159,0.5715968114434271,0.0,0.7997815743873271
resurrection_rehost,534,resurrected_live,0.92,0.10021715132637884,0.07171622856513295,0.4235895936156544,0.03293653511512943,0.5641835832356225,0.0,0.7997815743873271
resurrection_rehost,535,resurrected_live,0.92,0.10078720182741505,0.06954287721162368,0.4254639308058381,0.03350652675062851,0.5570825419038713,0.0,0.7997815743873271
resurrection_rehost,536,resurrected_live,0.92,0.10135913546189834,0.06735413960001282,0.42733295817833894,0.03407012419407967,0.5502811809795031,0.0,0.7997815743873271
resurrection_rehost,537,resurrected_live,0.92,0.10193297298530427,0.06514996451154949,0.4291966994305457,0.03462768366437829,0.5437674944912781,0.0,0.7997815743873271
resurrection_rehost,538,resurrected_live,0.92,0.10250873520290053,0.0629303001677758,0.43105517820235784,0.03517954918871711,0.537529956945669,0.0,0.7997815743873271
resurrection_rehost,539,resurrected_live,0.92,0.10308644297122511,0.06069509422914774,0.43290841807659836,0.03572605301600094,0.531557504107935,0.0,0.7997815743873271
resurrection_rehost,540,resurrected_live,0.92,0.10366611719956331,0.05845343146549193,0.43475643892435933,0.036330062324940814,0.5258395136951952,0.0,0.7997815743873271
resurrection_rehost,541,resurrected_live,0.92,0.10424594626534725,0.05625470217347516,0.43659924079503953,0.03692703414880271,0.520365783427116,0.0,0.7997815743873271
resurrection_rehost,542,resurrected_live,0.92,0.10481629844482761,0.05409916946549202,0.4384368236326297,0.037547376789824324,0.5151265148546849,0.0,0.7997815743873271
resurrection_rehost,543,resurrected_live,0.92,0.1053776121007343,0.0519829935100787,0.44026918891723804,0.03815822127855674,0.5101122979269368,0.0,0.7997815743873271
resurrection_rehost,544,resurrected_live,0.92,0.10593093613402481,0.04991788119583209,0.44209633344133287,0.0387902867754104,0.5053140954850281,0.0,0.7997815743873271
resurrection_rehost,545,resurrected_live,0.92,0.10647485537820658,0.047876116254960806,0.44391826509447446,0.03941096654974627,0.5007232300496703,0.0,0.7997815743873271
resurrection_rehost,546,resurrected_live,0.92,0.10701421200617695,0.04587232732831022,0.4457349858887314,0.04005154090270344,0.4963313691565479,0.0,0.7997815743873271
resurrection_rehost,547,resurrected_live,0.92,0.10754702868142353,0.04390875546629286,0.44754649693311205,0.04067946446049136,0.49213051171469196,0.0,0.7997815743873271
resurrection_rehost,548,resurrected_live,0.92,0.10807319937143833,0.041972110786341374,0.44935280464891825,0.041294584432839766,0.4881129754756183,0.0,0.7997815743873271
resurrection_rehost,549,resurrected_live,0.92,0.10859497768353536,0.04004742760175223,0.4511539214225362,0.04189699909294593,0.484271384893123,0.0,0.7997815743873271
resurrection_rehost,550,resurrected_live,0.92,0.10911469645512334,0.038177763758810754,0.45294984237633823,0.04248664239811115,0.48059865785235384,0.0,0.7997815743873271
resurrection_rehost,551,resurrected_live,0.92,0.10962651005176863,0.03632886163677398,0.45474057635184156,0.043110690459141274,0.47708799490097886,0.0,0.7997815743873271
resurrection_rehost,552,resurrected_live,0.92,0.1101352511025969,0.03448740290693364,0.45652613748871773,0.04372102201269589,0.47373286831354067,0.0,0.7997815743873271
resurrection_rehost,553,resurrected_live,0.92,0.1106427976294804,0.032680775788680144,0.4583065289246895,0.04434952168163599,0.4705270108346273,0.0,0.7997815743873271
resurrection_rehost,554,resurrected_live,0.92,0.1111457943115783,0.030914736383405896,0.4600817514846846,0.04496379201346659,0.46746440522129634,0.0,0.7997815743873271
resurrection_rehost,555,resurrected_live,0.92,0.11164357597313408,0.029163929607374895,0.46185181613294224,0.04556399302687155,0.46453927473429724,0.0,0.7997815743873271
resurrection_rehost,556,resurrected_live,0.92,0.11213943944530641,0.027430371613360233,0.4636167329910582,0.04618212976325065,0.46174607351214986,0.0,0.7997815743873271
resurrection_rehost,557,resurrected_live,0.92,0.11263316576301072,0.025723391020768368,0.46537650841577943,0.04678600284139097,0.45907947731087384,0.0,0.7997815743873271
resurrection_rehost,558,resurrected_live,0.92,0.11312380031058891,0.02404679166156877,0.4671311472213427,0.04743970811589145,0.45653437464874436,0.0,0.7997815743873271
resurrection_rehost,559,resurrected_live,0.92,0.11361097962667709,0.02241037057432275,0.46888065028728254,0.048078039000717644,0.4541058582781655,0.0,0.7997815743873271
resurrection_rehost,560,resurrected_live,0.92,0.11409372139767467,0.020778879016545813,0.4706250325897279,0.04873301291866795,0.45178921729119237,0.0,0.7997815743873271
resurrection_rehost,561,resurrected_live,0.92,0.11457590225259849,0.019163640582382718,0.47236430452594885,0.04937261021749145,0.44957992922700707,0.0,0.7997815743873271
resurrection_rehost,562,resurrected_live,0.92,0.11505638209398139,0.0175991374087996,0.4740984626660497,0.05002905785246128,0.44747365239386666,0.0,0.7997815743873271
resurrection_rehost,563,resurrected_live,0.92,0.1155316310995964,0.016069264380834468,0.4758275100334994,0.05066978880128755,0.4454662187439407,0.0,0.7997815743873271
resurrection_rehost,564,resurrected_live,0.92,0.11600336042962094,0.014547237594481087,0.47755146035535107,0.0513588913735671,0.4435536270507709,0.0,0.7997815743873271
resurrection_rehost,565,resurrected_live,0.92,0.11647432278503253,0.013060124020314265,0.47927031648657026,0.0520315226791181,0.4417320361678397,0.0,0.7997815743873271
resurrection_rehost,566,resurrected_live,0.92,0.11694187407177722,0.011616534147624837,0.4809840778285056,0.05268793242944707,0.4399977586335577,0.0,0.7997815743873271
resurrection_rehost,567,resurrected_live,0.92,0.11740525495667473,0.010209830983377301,0.4826927464392782,0.053328361513356126,0.4383472545550521,0.0,0.7997815743873271
resurrection_rehost,568,resurrected_live,0.92,0.1178651307311867,0.008842259633033414,0.4843963234721753,0.05395305751795079,0.43677712572020255,0.0,0.7997815743873271
resurrection_rehost,569,resurrected_live,0.92,0.11832133725432101,0.007501596414072051,0.4860948149661515,0.054626707133467976,0.43528410996263667,0.0,0.7997815743873271
resurrection_rehost,570,resurrected_live,0.92,0.11877505749273483,0.00623405799476365,0.4877882084535653,0.05533201118571575,0.4338650756843018,0.0,0.7997815743873271
resurrection_rehost,571,resurrected_live,0.92,0.11922209477024975,0.005007113621645454,0.4894765045202199,0.05605206707575184,0.4325170166738433,0.0,0.7997815743873271
resurrection_rehost,572,resurrected_live,0.92,0.11966541649314501,0.003850140774159301,0.4911596919989935,0.05678656878701319,0.4312370470892482,0.0,0.7997815743873271
resurrection_rehost,573,resurrected_live,0.92,0.12010248063743949,0.0027734059629623857,0.4928377556530116,0.05750327048071624,0.43002239664868264,0.0,0.7997815743873271
resurrection_rehost,574,resurrected_live,0.92,0.12053240013726502,0.0017870456777352138,0.4945106762410856,0.058234733621450735,0.4288704060175256,0.0,0.7997815743873271
resurrection_rehost,575,resurrected_live,0.92,0.12095435011819483,0.000933169996616352,0.4961784177414913,0.05898068299349873,0.42777852237312197,0.0,0.7997815743873271
resurrection_rehost,576,resurrected_live,0.92,0.12136475825084303,0.00028435581860054593,0.497840915220617,0.05970894289763703,0.42674429514993206,0.0,0.7997815743873271
resurrection_rehost,577,resurrected_live,0.92,0.12175757697489409,0.0,0.49949804020038896,0.06042013140669532,0.42576537195391834,0.0,0.7997815743873271
resurrection_rehost,578,resurrected_live,0.92,0.12211959932985729,0.0,0.5011496966677277,0.06114678871767005,0.4248394946386976,0.0,0.7997815743873271
resurrection_rehost,579,resurrected_live,0.92,0.12245727131873545,0.0,0.5027959026687242,0.061888651007853304,0.42396449553549337,0.0,0.7997815743873271
resurrection_rehost,580,resurrected_live,0.92,0.12279382899005029,0.0,0.5044366761899174,0.06267747832767813,0.423138293833531,0.0,0.7997815743873271
resurrection_rehost,581,resurrected_live,0.92,0.12312927602104978,0.0,0.5060720351584906,0.06348016359587187,0.4223588921052182,0.0,0.7997815743873271
resurrection_rehost,582,resurrected_live,0.92,0.12346361607684697,0.0,0.5077019974424676,0.06426441436465025,0.4216243729703207,0.0,0.7997815743873271
resurrection_rehost,583,resurrected_live,0.92,0.12379685281046005,0.0,0.5093265808509074,0.06509502424792371,0.4209328958935717,0.0,0.7997815743873271
resurrection_rehost,584,resurrected_live,0.92,0.1241289898628522,0.0,0.5109458031340994,0.06590670769639048,0.4202826941103792,0.0,0.7997815743873271
resurrection_rehost,585,resurrected_live,0.92,0.12446003086297146,0.0,0.512559681983757,0.06678033636467477,0.41967207167550646,0.0,0.7997815743873271
resurrection_rehost,586,resurrected_live,0.92,0.12478997942779031,0.0,0.5141682350332106,0.06763413815698154,0.41909940062980655,0.0,0.7997815743873271
resurrection_rehost,587,resurrected_live,0.92,0.12511883916234526,0.0,0.515771479857601,0.06853290964946442,0.4185631182802895,0.0,0.7997815743873271
resurrection_rehost,588,resurrected_live,0.92,0.12544661365977622,0.0,0.5173694339740709,0.06944349514578436,0.4180617245889888,0.0,0.7997815743873271
resurrection_rehost,589,resurrected_live,0.92,0.1257733065013656,0.0,0.5189621148419564,0.07036583939534298,0.4175937796662738,0.0,0.7997815743873271
resurrection_rehost,590,resurrected_live,0.92,0.12609892125657776,0.0,0.5205495398629779,0.07139615094224308,0.41715790136443204,0.0,0.7997815743873271
resurrection_rehost,591,resurrected_live,0.92,0.12642346148309772,0.0,0.5221317263814301,0.07243520800638022,0.41675276296750946,0.0,0.7997815743873271
resurrection_rehost,592,resurrected_live,0.92,0.12674693072687018,0.0,0.5237086916843714,0.07351493672648506,0.41637709097355874,0.0,0.7997815743873271
resurrection_rehost,593,resurrected_live,0.92,0.12706933252213817,0.0,0.525280453001813,0.0746504043370547,0.4160296629655999,0.0,0.7997815743873271
resurrection_rehost,594,resurrected_live,0.92,0.12739067039148178,0.0,0.526847027506907,0.07588866412298383,0.41570930556774244,0.0,0.7997815743873271
resurrection_rehost,595,resurrected_live,0.92,0.12771094784585654,0.0,0.5284084323161342,0.07719475329383467,0.4154148924830661,0.0,0.7997815743873271
resurrection_rehost,596,resurrected_live,0.92,0.1280301683846319,0.0,0.5299646844894911,0.07856718367634122,0.4151453426099867,0.0,0.7997815743873271
resurrection_rehost,597,resurrected_live,0.92,0.1283483354956293,0.0,0.5315158010306757,0.08014903587437194,0.41489961823396926,0.0,0.7997815743873271
resurrection_rehost,598,resurrected_live,0.92,0.12866545265516038,0.0,0.5330617988872745,0.08188641230403672,0.4146767232915742,0.0,0.7997815743873271
resurrection_rehost,599,resurrected_live,0.92,0.12898152332806498,0.0,0.5346026949509465,0.08382343560697504,0.4144757017039433,0.0,0.7997815743873271
resurrection_rehost,600,resurrected_live,0.92,0.12929655096774906,0.0,0.5361385060576084,0.08601947472421712,0.4142956357769478,0.0,0.7997815743873271
resurrection_rehost,601,resurrected_live,0.92,0.12961053901622216,0.0,0.5376692489876183,0.08816247904144903,0.41413564466533165,0.0,0.7997815743873271
resurrection_rehost,602,resurrected_live,0.92,0.1299234909041353,0.0,0.5391949404659592,0.09025423972582765,0.41399488289829117,0.0,0.7997815743873271
resurrection_rehost,603,resurrected_live,0.92,0.13023541005081832,0.0,0.5407155971624213,0.09229648655527395,0.41387253896403314,0.0,0.7997815743873271
resurrection_rehost,604,resurrected_live,0.92,0.13054629986431726,0.0,0.5422312356917854,0.09429089000089882,0.4137678339509513,0.0,0.7997815743873271
resurrection_rehost,605,resurrected_live,0.92,0.1308561637414317,0.0,0.5437418726140025,0.09623906323916935,0.413680020243158,0.0,0.7997815743873271
resurrection_rehost,606,resurrected_live,0.92,0.13116500506775164,0.0,0.5452475244343763,0.09814256409618811,0.41360838026819596,0.0,0.7997815743873271
resurrection_rehost,607,resurrected_live,0.92,0.1314728272176947,0.0,0.5467482076037429,0.10000289692637708,0.41355222529484315,0.0,0.7997815743873271
resurrection_rehost,608,resurrected_live,0.92,0.131779633554543,0.0,0.5482439385186506,0.10182151442777938,0.41351089427900634,0.0,0.7997815743873271
resurrection_rehost,609,resurrected_live,0.92,0.13208542743047966,0.0,0.549734733521539,0.10359981939611786,0.4134837527557818,0.0,0.7997815743873271
resurrection_rehost,610,resurrected_live,0.92,0.13239021218662575,0.0,0.551220608900918,0.10533916641967636,0.4134701917758334,0.0,0.7997815743873271
resurrection_rehost,611,resurrected_live,0.92,0.13269399115307656,0.0,0.5527015808915449,0.10704086351699892,0.41346962688431843,0.0,0.7997815743873271
resurrection_rehost,612,resurrected_live,0.92,0.13299676764893806,0.0,0.5541776656746027,0.10870617371933554,0.41348149714065685,0.0,0.7997815743873271
resurrection_rehost,613,resurrected_live,0.92,0.13329854498236327,0.0,0.5556488793778765,0.11033631659969723,0.4135052641775125,0.0,0.7997815743873271
resurrection_rehost,614,resurrected_live,0.92,0.1335993264505881,0.0,0.5571152380759297,0.1119324697503191,0.4135404112974152,0.0,0.7997815743873271
resurrection_rehost,615,resurrected_live,0.92,0.13389911533996784,0.0,0.5585767577902789,0.11349577021027137,0.41358644260552,0.0,0.7997815743873271
resurrection_rehost,616,resurrected_live,0.92,0.1341979149260126,0.0,0.5600334544895711,0.11502731584489674,0.413642882177058,0.0,0.7997815743873271
resurrection_rehost,617,resurrected_live,0.92,0.13449572847342342,0.0,0.5614853440897555,0.11652816667869799,0.41370927325808976,0.0,0.7997815743873271
resurrection_rehost,618,resurrected_live,0.92,0.13479255923612782,0.0,0.5629324424542593,0.11799934618324308,0.41378517749823096,0.0,0.7997815743873271
resurrection_rehost,619,resurrected_live,0.92,0.13508841045731523,0.0,0.5643747653941603,0.11944184252160304,0.41387017421406924,0.0,0.7997815743873271
resurrection_rehost,620,resurrected_live,0.92,0.13538328536947278,0.0,0.5658123286683595,0.12085660975078613,0.41396385968204735,0.0,0.7997815743873271
resurrection_rehost,621,resurrected_live,0.92,0.13567718719442018,0.0,0.5672451479837539,0.12224456898358269,0.4140658464596311,0.0,0.7997815743873271
resurrection_rehost,622,resurrected_live,0.92,0.13597011914334528,0.0,0.5686732389954076,0.12360660951118692,0.4141757627336329,0.0,0.7997815743873271
resurrection_rehost,623,resurrected_live,0.92,0.13626208441683887,0.0,0.5700966173067228,0.1249435898879161,0.41429325169460307,0.0,0.7997815743873271
resurrection_rehost,624,resurrected_live,0.92,0.13655308620492995,0.0,0.5715152984696106,0.12625633897930258,0.4144179709362477,0.0,0.7997815743873271
resurrection_rehost,625,resurrected_live,0.92,0.13684312768712037,0.0,0.5729292979846607,0.12754565697479175,0.4145495918788709,0.0,0.7997815743873271
resurrection_rehost,626,resurrected_live,0.92,0.13713221203241957,0.0,0.5743386313013115,0.1288123163662364,0.41468779921588017,0.0,0.7997815743873271
resurrection_rehost,627,resurrected_live,0.92,0.13742034239937923,0.0,0.5757433138180171,0.13005706289333918,0.4148322903824344,0.0,0.7997815743873271
resurrection_rehost,628,resurrected_live,0.92,0.13770752193612795,0.0,0.5771433608824176,0.131280616457154,0.4149827750453456,0.0,0.7997815743873271
resurrection_rehost,629,resurrected_live,0.92,0.1379937537804054,0.0,0.5785387877915057,0.13248367200272249,0.4151389746133877,0.0,0.7997815743873271
resurrection_rehost,630,resurrected_live,0.92,0.13827904105959674,0.0,0.5799296097917936,0.13366690037188256,0.415300621767193,0.0,0.7997815743873271
resurrection_rehost,631,resurrected_live,0.92,0.13856338689076672,0.0,0.5813158420794808,0.1348309491272533,0.41546746000795487,0.0,0.7997815743873271
resurrection_rehost,632,resurrected_live,0.92,0.13884679438069386,0.0,0.5826974998006186,0.13597644334836528,0.41563924322418383,0.0,0.7997815743873271
resurrection_rehost,633,resurrected_live,0.92,0.13912926662590425,0.0,0.5840745980512765,0.13710398640087348,0.41581573527579446,0.0,0.7997815743873271
resurrection_rehost,634,resurrected_live,0.92,0.13941080671270542,0.0,0.5854471518777072,0.1382141606797584,0.41599670959483004,0.0,0.7997815743873271
resurrection_rehost,635,resurrected_live,0.92,0.13969141771722016,0.0,0.5868151762765108,0.13930752832738955,0.41618194880216036,0.0,0.7997815743873271
resurrection_rehost,636,resurrected_live,0.92,0.13997110270542,0.0,0.5881786861947983,0.14038463192729791,0.4163712443395122,0.0,0.7997815743873271
resurrection_rehost,637,resurrected_live,0.92,0.14024986473315876,0.0,0.5895376965303555,0.14144599517447343,0.41656439611622026,0.0,0.7997815743873271
resurrection_rehost,638,resurrected_live,0.92,0.14052770684620602,0.0,0.5908922221318053,0.14249212352297747,0.41676121217010925,0.0,0.7997815743873271
resurrection_rehost,639,resurrected_live,0.92,0.1408046320802802,0.0,0.5922422777987704,0.14352350481163353,0.4169615083419429,0.0,0.7997815743873271
resurrection_rehost,640,resurrected_live,0.92,0.14108064346108193,0.0,0.5935878782820345,0.14454060986853307,0.4171651079628951,0.0,0.7997815743873271
resurrection_rehost,641,resurrected_live,0.92,0.14135574400432704,0.0,0.5949290382837037,0.14554389309506924,0.4173718415545243,0.0,0.7997815743873271
resurrection_rehost,642,resurrected_live,0.92,0.14162993671577942,0.0,0.5962657724573674,0.14653379303018735,0.4175815465407502,0.0,0.7997815743873271
resurrection_rehost,643,resurrected_live,0.92,0.14190322459128402,0.0,0.5975980954082581,0.14751073289551742,0.4177940669713526,0.0,0.7997815743873271
resurrection_rehost,644,resurrected_live,0.92,0.14217561061679945,0.0,0.598926021693411,0.14847512112203143,0.418009253256532,0.0,0.7997815743873271
resurrection_rehost,645,resurrected_live,0.92,0.14244709776843067,0.0,0.6002495658218227,0.14942735185884784,0.41822696191208836,0.0,0.7997815743873271
resurrection_rehost,646,resurrected_live,0.92,0.1427176890124615,0.0,0.6015687422546108,0.150367805464783,0.4184470553147944,0.0,0.7997815743873271
resurrection_rehost,647,resurrected_live,0.92,0.14298738730538704,0.0,0.6028835654051704,0.15129684898323092,0.41866940146755643,0.0,0.7997815743873271
resurrection_rehost,648,resurrected_live,0.92,0.14325619559394595,0.0,0.6041940496393334,0.15221483660093119,0.4188938737739677,0.0,0.7997815743873271
resurrection_rehost,649,resurrected_live,0.92,0.14352411681515256,0.0,0.6055002092755235,0.15312211009116855,0.4191203508218829,0.0,0.7997815743873271
resurrection_rehost,650,resurrected_live,0.92,0.14379115389632924,0.0,0.6068020585849143,0.1540189992419269,0.4193487161756507,0.0,0.7997815743873271
resurrection_rehost,651,resurrected_live,0.92,0.14405730975513803,0.0,0.6080996117915841,0.15490582226950503,0.419578858176657,0.0,0.7997815743873271
resurrection_rehost,652,resurrected_live,0.92,0.14432258729961278,0.0,0.6093928830726718,0.15578288621808267,0.41981066975185016,0.0,0.7997815743873271
resurrection_rehost,653,resurrected_live,0.92,0.1445869894281907,0.0,0.6106818865585322,0.1566504873457107,0.4200440482299233,0.0,0.7997815743873271
resurrection_rehost,654,resurrected_live,0.92,0.14485051902974433,0.0,0.611966636332889,0.15750891149718158,0.4202788951648542,0.0,0.7997815743873271
resurrection_rehost,655,resurrected_live,0.92,0.14511317898361284,0.0,0.6132471464329904,0.15835843446422276,0.42051511616650145,0.0,0.7997815743873271
resurrection_rehost,656,resurrected_live,0.92,0.14537497215963355,0.0,0.6145234308497614,0.15919932233343942,0.4207526207379811,0.0,0.7997815743873271
resurrection_rehost,657,resurrected_live,0.92,0.14563590141817345,0.0,0.6157955035279573,0.1600318318224188,0.42099132211954704,0.0,0.7997815743873271
resurrection_rehost,658,resurrected_live,0.92,0.14589596961016013,0.0,0.617063378366315,0.16085621060439634,0.421231137138719,0.0,0.7997815743873271
resurrection_rehost,659,resurrected_live,0.92,0.14615517957711333,0.0,0.6183270692177062,0.1616726976218672,0.4214719860664065,0.0,0.7997815743873271
resurrection_rehost,660,resurrected_live,0.92,0.1464135341511755,0.0,0.6195865898892877,0.16248152338951677,0.42171379247878826,0.0,0.7997815743873271
resurrection_rehost,661,resurrected_live,0.92,0.14667103615514332,0.0,0.6208419541426532,0.16328291028683004,0.4219564831247184,0.0,0.7997815743873271
resurrection_rehost,662,resurrected_live,0.92,0.14692768840249798,0.0,0.6220931756939824,0.16407707284072734,0.42219998779843787,0.0,0.7997815743873271
resurrection_rehost,663,resurrected_live,0.92,0.1471834936974364,0.0,0.6233402682141923,0.16486421799856305,0.4224442392173782,0.0,0.7997815743873271
resurrection_rehost,664,resurrected_live,0.92,0.14743845483490153,0.0,0.6245832453290854,0.16564454539181203,0.4226891729048545,0.0,0.7997815743873271
resurrection_rehost,665,resurrected_live,0.92,0.147692574600613,0.0,0.6258221206194994,0.16641824759075785,0.42293472707745167,0.0,0.7997815743873271
resurrection_rehost,666,resurrected_live,0.92,0.14794585577109765,0.0,0.6270569076214549,0.1671855103504865,0.42318084253691746,0.0,0.7997815743873271
resurrection_rehost,667,resurrected_live,0.92,0.1481983011137197,0.0,0.6282876198263043,0.16794651284847897,0.4234274625663793,0.0,0.7997815743873271
resurrection_rehost,668,resurrected_live,0.92,0.1484499133867111,0.0,0.6295142706808775,0.1687014279140856,0.42367453283071604,0.0,0.7997815743873271
resurrection_rehost,669,resurrected_live,0.92,0.1487006953392016,0.0,0.6307368735876305,0.16945042225015727,0.42392200128091356,0.0,0.7997815743873271
resurrection_rehost,670,resurrected_live,0.92,0.14895064971124894,0.0,0.6319554419047915,0.17019365664709715,0.42416981806224935,0.0,0.7997815743873271
resurrection_rehost,671,resurrected_live,0.92,0.14919977923386846,0.0,0.6331699889465056,0.17093128618958994,0.4244179354261495,0.0,0.7997815743873271
resurrection_rehost,672,resurrected_live,0.92,0.1494480866290634,0.0,0.6343805279829821,0.17166346045625475,0.42466630764557395,0.0,0.7997815743873271
resurrection_rehost,673,resurrected_live,0.92,0.14969557460985414,0.0,0.6355870722406383,0.1723903237124622,0.42491489093378637,0.0,0.7997815743873271
resurrection_rehost,674,resurrected_live,0.92,0.14994224588030827,0.0,0.6367896349022442,0.1731120150965452,0.42516364336637547,0.0,0.7997815743873271
resurrection_rehost,675,resurrected_live,0.92,0.15018810313556993,0.0,0.6379882291070668,0.1738286687996279,0.4254125248063954,0.0,0.7997815743873271
resurrection_rehost,676,resurrected_live,0.92,0.15043314906188918,0.0,0.6391828679510134,0.1745404142392879,0.42566149683250365,0.0,0.7997815743873271
resurrection_rehost,677,resurrected_live,0.92,0.15067738633665165,0.0,0.6403735644867751,0.17524737622726058,0.42591052266997226,0.0,0.7997815743873271
resurrection_rehost,678,resurrected_live,0.92,0.15092081762840734,0.0,0.6415603317239688,0.1759496751313869,0.42615956712446196,0.0,0.7997815743873271
resurrection_rehost,679,resurrected_live,0.92,0.15116344559690026,0.0,0.6427431826292797,0.17664742703199965,0.42640859651844515,0.0,0.7997815743873271
resurrection_rehost,680,resurrected_live,0.92,0.15140527289309716,0.0,0.643922130126603,0.17734074387293636,0.4266575786301739,0.0,0.7997815743873271
resurrection_rehost,681,resurrected_live,0.92,0.1516463021592166,0.0,0.6450971870971852,0.17802973360736063,0.4269064826350896,0.0,0.7997815743873271
resurrection_rehost,682,resurrected_live,0.92,0.15188653602875787,0.0,0.6462683663797645,0.17871450033856787,0.4271552790495787,0.0,0.7997815743873271
resurrection_rehost,683,resurrected_live,0.92,0.15212597712652964,0.0,0.6474356807707113,0.17939514445594523,0.42740393967697793,0.0,0.7997815743873271
resurrection_rehost,684,resurrected_live,0.92,0.15236462806867873,0.0,0.648599143024168,0.18007176276625028,0.4276524375557416,0.0,0.7997815743873271
resurrection_rehost,685,resurrected_live,0.92,0.1526024914627188,0.0,0.6497587658521882,0.1807444486203666,0.42790074690968294,0.0,0.7997815743873271
resurrection_rehost,686,resurrected_live,0.92,0.15283956990755848,0.0,0.650914561924876,0.18141329203568995,0.4281488431002063,0.0,0.7997815743873271
resurrection_rehost,687,resurrected_live,0.92,0.15307586599353018,0.0,0.6520665438705239,0.18207837981429342,0.4283967025804536,0.0,0.7997815743873271
resurrection_rehost,688,resurrected_live,0.92,0.1533113823024182,0.0,0.6532147242757512,0.18273979565701437,0.42864430285128213,0.0,0.7997815743873271
resurrection_rehost,689,resurrected_live,0.92,0.15354612140748689,0.0,0.6543591156856412,0.18339762027360196,0.42889162241900863,0.0,0.7997815743873271
resurrection_rehost,690,resurrected_live,0.92,0.15378008587350886,0.0,0.6554997306038786,0.18405193148905866,0.4291386407548417,0.0,0.7997815743873271
resurrection_rehost,691,resurrected_live,0.92,0.15401327825679295,0.0,0.6566365814928858,0.18470280434630543,0.42938533825593916,0.0,0.7997815743873271
resurrection_rehost,692,resurrected_live,0.92,0.15424570110521219,0.0,0.6577696807739593,0.1853503112052953,0.4296316962080247,0.0,0.7997815743873271
resurrection_rehost,693,resurrected_live,0.92,0.15447735695823167,0.0,0.6588990408274051,0.18599452183869594,0.42987769674950066,0.0,0.7997815743873271
resurrection_rehost,694,resurrected_live,0.92,0.1547082483469362,0.0,0.6600246739926746,0.18663550352425803,0.43012332283699656,0.0,0.7997815743873271
resurrection_rehost,695,resurrected_live,0.92,0.15493837779405795,0.0,0.661146592568499,0.18727332113398243,0.43036855821229825,0.0,0.7997815743873271
resurrection_rehost,696,resurrected_live,0.92,0.15516774781400425,0.0,0.6622648088130229,0.18790803722019428,0.43061338737060034,0.0,0.7997815743873271
resurrection_rehost,697,resurrected_live,0.92,0.1553963609128847,0.0,0.6633793349439399,0.18853971209863055,0.4308577955300294,0.0,0.7997815743873271
resurrection_rehost,698,resurrected_live,0.92,0.1556242195885388,0.0,0.6644901831386248,0.18916840392864154,0.4311017686023874,0.0,0.7997815743873271
resurrection_rehost,699,resurrected_live,0.92,0.1558513263305633,0.0,0.6655973655342675,0.18979416879060548,0.431345293165068,0.0,0.7997815743873271
resurrection_rehost,700,resurrected_live,0.92,0.1560776836203391,0.0,0.6667008942280044,0.19041706076065074,0.4315883564340941,0.0,0.7997815743873271
resurrection_rehost,701,resurrected_live,0.92,0.15630329393105866,0.0,0.667800781277052,0.19103713198277786,0.4318309462382391,0.0,0.7997815743873271
resurrection_rehost,702,resurrected_live,0.92,0.15652815972775286,0.0,0.6688970386988377,0.19165443273846985,0.4320730509941806,0.0,0.7997815743873271
resurrection_rehost,703,resurrected_live,0.92,0.15675228346731793,0.0,0.6699896784711316,0.19226901151387632,0.4323146596826517,0.0,0.7997815743873271
resurrection_rehost,704,resurrected_live,0.92,0.15697566759854245,0.0,0.6710787125321769,0.192880915064655,0.43255576182554634,0.0,0.7997815743873271
resurrection_rehost,705,resurrected_live,0.92,0.15719831456213393,0.0,0.6721641527808205,0.19349018847854924,0.4327963474639408,0.0,0.7997815743873271
resurrection_rehost,706,resurrected_live,0.92,0.15742022679074555,0.0,0.673246011076644,0.19409687523578092,0.4330364071369971,0.0,0.7997815743873271
resurrection_rehost,707,resurrected_live,0.92,0.15764140670900276,0.0,0.674324299240091,0.19470101726733155,0.43327593186171026,0.0,0.7997815743873271
resurrection_rehost,708,resurrected_live,0.92,0.15786185673352968,0.0,0.6753990290525987,0.19530265501118454,0.4335149131134667,0.0,0.7997815743873271
resurrection_rehost,709,resurrected_live,0.92,0.15808157927297573,0.0,0.6764702122567251,0.19590182746659887,0.43375334280738154,0.0,0.7997815743873271
resurrection_rehost,710,resurrected_live,0.92,0.15830057672804154,0.0,0.677537860556278,0.19649857224648082,0.4339912132803843,0.0,0.7997815743873271
resurrection_rehost,711,resurrected_live,0.92,0.15851885149150569,0.0,0.6786019856164421,0.19709292562791927,0.434228517274021,0.0,0.7997815743873271
resurrection_rehost,712,resurrected_live,0.92,0.1587364059482504,0.0,0.6796625990639078,0.1976849226009475,0.43446524791794533,0.0,0.7997815743873271
resurrection_rehost,713,resurrected_live,0.92,0.15895324247528783,0.0,0.6807197124869971,0.19827459691559188,0.4347013987140731,0.0,0.7997815743873271
resurrection_rehost,714,resurrected_live,0.92,0.15916936344178603,0.0,0.6817733374357898,0.1988619811272673,0.43493696352136874,0.0,0.7997815743873271
resurrection_rehost,715,resurrected_live,0.92,0.15938477120909483,0.0,0.6828234854222519,0.19944710664057466,0.43517193654124353,0.0,0.7997815743873271
resurrection_rehost,716,resurrected_live,0.92,0.1595994681307715,0.0,0.6838701679203584,0.20003000375155605,0.43540631230353827,0.0,0.7997815743873271
resurrection_rehost,717,resurrected_live,0.92,0.15981345655260662,0.0,0.6849133963662212,0.20061070168846123,0.43564008565306755,0.0,0.7997815743873271
resurrection_rehost,718,resurrected_live,0.92,0.16002673881264964,0.0,0.6859531821582127,0.20118922865107491,0.43587325173670355,0.0,0.7997815743873271
resurrection_rehost,719,resurrected_live,0.92,0.16023931724123458,0.0,0.6869895366570905,0.2017656118486562,0.43610580599097737,0.0,0.7997815743873271
resurrection_rehost,720,resurrected_live,0.92,0.1604511941610052,0.0,0.6880224711861221,0.2023398775365365,0.4363377441301772,0.0,0.7997815743873271
resurrection_rehost,721,resurrected_live,0.92,0.16066237188694055,0.0,0.6890519970312079,0.2029120510514227,0.4365690621349241,0.0,0.7997815743873271
resurrection_rehost,722,resurrected_live,0.92,0.1608728527263803,0.0,0.6900781254410049,0.2034821568454508,0.4367997562412058,0.0,0.7997815743873271
resurrection_rehost,723,resurrected_live,0.92,0.1610826389790499,0.0,0.6911008676270497,0.2040502185190315,0.43702982292984893,0.0,0.7997815743873271
resurrection_rehost,724,resurrected_live,0.92,0.16129173293708568,0.0,0.6921202347638804,0.20461625885253132,0.43725925891641537,0.0,0.7997815743873271
resurrection_rehost,725,resurrected_live,0.92,0.16150013688506,0.0,0.6931362379891597,0.20518029983682765,0.4374880611415021,0.0,0.7997815743873271
resurrection_rehost,726,resurrected_live,0.92,0.16170785310000596,0.0,0.6941488884037954,0.20574236270277804,0.43771622676143107,0.0,0.7997815743873271
resurrection_rehost,727,resurrected_live,0.92,0.1619148838514426,0.0,0.6951581970720628,0.20630246794964036,0.43794375313931183,0.0,0.7997815743873271
resurrection_rehost,728,resurrected_live,0.92,0.16212123140139953,0.0,0.696164175021725,0.20686063537248042,0.43817063783646315,0.0,0.7997815743873271
resurrection_rehost,729,resurrected_live,0.92,0.16232689800444156,0.0,0.6971668332441533,0.2074168840886021,0.4383968786041787,0.0,0.7997815743873271
resurrection_rehost,730,resurrected_live,0.92,0.16253188590769357,0.0,0.6981661826944476,0.20797123256303357,0.43862247337582333,0.0,0.7997815743873271
resurrection_rehost,731,resurrected_live,0.92,0.16273619735086484,0.0,0.6991622342915559,0.20852369863310297,0.4388474202592452,0.0,0.7997815743873271
resurrection_rehost,732,resurrected_live,0.92,0.16293983456627364,0.0,0.7001549989183938,0.20907429953213402,0.4390717175294947,0.0,0.7997815743873271
resurrection_rehost,733,resurrected_live,0.92,0.16314279977887164,0.0,0.7011444874219631,0.20962305191229297,0.43929536362183347,0.0,0.7997815743873271
resurrection_rehost,734,resurrected_live,0.92,0.16334509520626803,0.0,0.7021307106134707,0.2101699718666161,0.4395183571250256,0.0,0.7997815743873271
resurrection_rehost,735,resurrected_live,0.92,0.16354672305875398,0.0,0.7031136792684461,0.2107150749502461,0.4397406967748967,0.0,0.7997815743873271
resurrection_rehost,736,resurrected_live,0.92,0.16374768553932673,0.0,0.7040934041268603,0.21125837620090493,0.43996238144815325,0.0,0.7997815743873271
resurrection_rehost,737,resurrected_live,0.92,0.16394798484371367,0.0,0.7050698958932418,0.21179989015862943,0.4401834101564488,0.0,0.7997815743873271
resurrection_rehost,738,resurrected_live,0.92,0.16414762316039605,0.0,0.706043165236794,0.21233963088479615,0.4404037820406895,0.0,0.7997815743873271
resurrection_rehost,739,resurrected_live,0.92,0.16434660267063345,0.0,0.7070132227915125,0.2128776119804588,0.4406234963655673,0.0,0.7997815743873271
resurrection_rehost,740,resurrected_live,0.92,0.16454492554848704,0.0,0.7079800791563006,0.2134138466040238,0.4408425525143138,0.0,0.7997815743873271
resurrection_rehost,741,resurrected_live,0.92,0.16474259396084368,0.0,0.7089437448950847,0.21394834748828562,0.44106094998366474,0.0,0.7997815743873271
resurrection_rehost,742,resurrected_live,0.92,0.16493961006743954,0.0,0.709904230536931,0.2144811269568454,0.44127868837902623,0.0,0.7997815743873271
resurrection_rehost,743,resurrected_live,0.92,0.16513597602088367,0.0,0.7108615465761591,0.2150121969399334,0.44149576740983604,0.0,0.7997815743873271
resurrection_rehost,744,resurrected_live,0.92,0.16533169396668143,0.0,0.7118157034724577,0.21554156898965693,0.44171218688511116,0.0,0.7997815743873271
resurrection_rehost,745,resurrected_live,0.92,0.16552676604325803,0.0,0.7127667116509987,0.21606925429469342,0.4419279467091741,0.0,0.7997815743873271
resurrection_rehost,746,resurrected_live,0.92,0.16572119438198193,0.0,0.7137145815025504,0.2165952636944479,0.44214304687755174,0.0,0.7997815743873271
resurrection_rehost,747,resurrected_live,0.92,0.16591498110718808,0.0,0.7146593233835921,0.21711960769269428,0.44235748747303827,0.0,0.7997815743873271
resurrection_rehost,748,resurrected_live,0.92,0.166108128336201,0.0,0.715600947616426,0.21764229647071767,0.4425712686619178,0.0,0.7997815743873271
resurrection_rehost,749,resurrected_live,0.92,0.1663006381793582,0.0,0.716539464489292,0.2181633398999761,0.44278439069033787,0.0,0.7997815743873271
resurrection_rehost,750,resurrected_live,0.92,0.166492512740033,0.0,0.7174748842564771,0.21868274755429784,0.4429968538808293,0.0,0.7997815743873271
resurrection_rehost,751,resurrected_live,0.92,0.16668375411465755,0.0,0.7184072171384308,0.219200528721631,0.4432086586289666,0.0,0.7997815743873271
resurrection_rehost,752,resurrected_live,0.92,0.1668743643927459,0.0,0.719336473321874,0.21971669241536107,0.4434198054001627,0.0,0.7997815743873271
resurrection_rehost,753,resurrected_live,0.92,0.16706434565691647,0.0,0.7202626629599119,0.22023124738521155,0.44363029472659243,0.0,0.7997815743873271
resurrection_rehost,754,resurrected_live,0.92,0.1672536999829153,0.0,0.7211857961721441,0.22074420212774234,0.44384012720424026,0.0,0.7997815743873271
resurrection_rehost,755,resurrected_live,0.92,0.16744242943963836,0.0,0.7221058830447762,0.22125556489646034,0.44404930349006727,0.0,0.7997815743873271
resurrection_rehost,756,resurrected_live,0.92,0.16763053608915424,0.0,0.7230229336307282,0.2217653437115555,0.44425782429929256,0.0,0.7997815743873271
resurrection_rehost,757,resurrected_live,0.92,0.16781802198672668,0.0,0.7239369579497469,0.22227354636927607,0.44446569040278305,0.0,0.7997815743873271
resurrection_rehost,758,resurrected_live,0.92,0.16800488918083714,0.0,0.7248479659885126,0.22278018045095493,0.44467290262455017,0.0,0.7997815743873271
resurrection_rehost,759,resurrected_live,0.92,0.16819113971320704,0.0,0.7257559677007507,0.22328525333170068,0.44487946183934696,0.0,0.7997815743873271
resurrection_rehost,760,resurrected_live,0.92,0.16837677561882014,0.0,0.7266609730073381,0.22378877218876414,0.4450853689703621,0.0,0.7997815743873271
resurrection_rehost,761,resurrected_live,0.92,0.1685617989259447,0.0,0.7275629917964139,0.22429074400959229,0.44529062498700683,0.0,0.7997815743873271
resurrection_rehost,762,resurrected_live,0.92,0.16874621165615572,0.0,0.7284620339234857,0.2247911755995809,0.445495230902792,0.0,0.7997815743873271
resurrection_rehost,763,resurrected_live,0.92,0.1689300158243571,0.0,0.7293581092115383,0.2252900735895359,0.4456991877732909,0.0,0.7997815743873271
resurrection_rehost,764,resurrected_live,0.92,0.16911321343880337,0.0,0.7302512274511402,0.2257874444428549,0.44590249669418325,0.0,0.7997815743873271
resurrection_rehost,765,resurrected_live,0.92,0.169295806501122,0.0,0.7311413984005516,0.22628329446243764,0.4461051587993803,0.0,0.7997815743873271
resurrection_rehost,766,resurrected_live,0.92,0.16947779700633495,0.0,0.7320286317858297,0.2267776297973358,0.44630717525922403,0.0,0.7997815743873271
resurrection_rehost,767,resurrected_live,0.92,0.16965918694288074,0.0,0.7329129373009364,0.22727045644915148,0.44650854727876055,0.0,0.7997815743873271
resurrection_rehost,768,resurrected_live,0.92,0.1698399782926359,0.0,0.7337943246078432,0.22776178027819255,0.44670927609608213,0.0,0.7997815743873271
resurrection_rehost,769,resurrected_live,0.92,0.17002017303093686,0.0,0.7346728033366374,0.2282516070093947,0.4469093629807383,0.0,0.7997815743873271
resurrection_rehost,770,resurrected_live,0.92,0.17019977312660142,0.0,0.7355483830856265,0.2287399422380175,0.44710880923220964,0.0,0.7997815743873271
resurrection_rehost,771,resurrected_live,0.92,0.1703787805419503,0.0,0.736421073421444,0.22922679143512298,0.44730761617844395,0.0,0.7997815743873271
resurrection_rehost,772,resurrected_live,0.92,0.17055719723282853,0.0,0.7372908838791533,0.2297121599528452,0.44750578517445316,0.0,0.7997815743873271
resurrection_rehost,773,resurrected_live,0.92,0.1707350251486269,0.0,0.7381578239623519,0.23019605302945656,0.44770331760096505,0.0,0.7997815743873271
resurrection_rehost,774,resurrected_live,0.92,0.17091226623230307,0.0,0.7390219031432762,0.23067847579424033,0.44790021486313114,0.0,0.7997815743873271
resurrection_rehost,775,resurrected_live,0.92,0.17108892242040313,0.0,0.7398831308629035,0.23115943327217447,0.4480964783892875,0.0,0.7997815743873271
resurrection_rehost,776,resurrected_live,0.92,0.17126499564308245,0.0,0.7407415165310557,0.23163893038843494,0.4482921096297648,0.0,0.7997815743873271
resurrection_rehost,777,resurrected_live,0.92,0.17144048782412694,0.0,0.7415970695265033,0.23211697197272388,0.4484871100557475,0.0,0.7997815743873271
resurrection_rehost,778,resurrected_live,0.92,0.17161540088097402,0.0,0.7424497991970659,0.2325935627634301,0.4486814811581792,0.0,0.7997815743873271
resurrection_rehost,779,resurrected_live,0.92,0.17178973672473347,0.0,0.7432997148597156,0.233068707411627,0.44887522444671374,0.0,0.7997815743873271
resurrection_rehost,780,resurrected_live,0.92,0.1719634972602085,0.0,0.7441468258006785,0.23354241048491403,0.44906834144870716,0.0,0.7997815743873271
resurrection_rehost,781,resurrected_live,0.92,0.17213668438591653,0.0,0.7449911412755361,0.2340146764711081,0.4492608337082528,0.0,0.7997815743873271
resurrection_rehost,782,resurrected_live,0.92,0.17230929999410963,0.0,0.745832670509327,0.23448550978178914,0.449452702785254,0.0,0.7997815743873271
resurrection_rehost,783,resurrected_live,0.92,0.17248134597079576,0.0,0.7466714226966462,0.23495491475570607,0.44964395025453713,0.0,0.7997815743873271
resurrection_rehost,784,resurrected_live,0.92,0.17265282419575878,0.0,0.7475074070017472,0.23542289566204808,0.4498345777049981,0.0,0.7997815743873271
resurrection_rehost,785,resurrected_live,0.92,0.17282373654257943,0.0,0.7483406325586416,0.2358894567035855,0.45002458673878565,0.0,0.7997815743873271
resurrection_rehost,786,resurrected_live,0.92,0.1729940848786556,0.0,0.749171108471198,0.23635460201968614,0.45021397897051857,0.0,0.7997815743873271
resurrection_rehost,787,resurrected_live,0.92,0.17316387106522269,0.0,0.749998843813243,0.2368183356892105,0.45040275602653335,0.0,0.7997815743873271
resurrection_rehost,788,resurrected_live,0.92,0.17333309695737414,0.0,0.7508238476286594,0.23728066173329118,0.4505909195441639,0.0,0.7997815743873271
resurrection_rehost,789,resurrected_live,0.92,0.1735017644040815,0.0,0.7516461289314847,0.23774158411800006,0.45077847117105085,0.0,0.7997815743873271
resurrection_rehost,790,resurrected_live,0.92,0.17366987524821467,0.0,0.7524656967060108,0.23820110675690784,0.45096541256447925,0.0,0.7997815743873271
resurrection_rehost,791,resurrected_live,0.92,0.17383743132656224,0.0,0.753282559906881,0.2386592335135397,0.451151745390743,0.0,0.7997815743873271
resurrection_rehost,792,resurrected_live,0.92,0.17400443446985123,0.0,0.7540967274591883,0.2391159682037309,0.45133747132453633,0.0,0.7997815743873271
resurrection_rehost,793,resurrected_live,0.92,0.1741708865027674,0.0,0.754908208258573,0.23957131459788608,0.45152259204837014,0.0,0.7997815743873271
resurrection_rehost,794,resurrected_live,0.92,0.17433678924397492,0.0,0.7557170111713196,0.24002527642314564,0.4517071092520127,0.0,0.7997815743873271
resurrection_rehost,795,resurrected_live,0.92,0.17450214450613644,0.0,0.7565231450344545,0.24047785736546312,0.4518910246319523,0.0,0.7997815743873271
resurrection_rehost,796,resurrected_live,0.92,0.17466695409593289,0.0,0.7573266186558406,0.24092906107159598,0.4520743398908847,0.0,0.7997815743873271
resurrection_rehost,797,resurrected_live,0.92,0.17483121981408298,0.0,0.7581274408142764,0.2413788911510141,0.45225705673721917,0.0,0.7997815743873271
resurrection_rehost,798,resurrected_live,0.92,0.17499494345536315,0.0,0.7589256202595892,0.2418273511777282,0.45243917688460716,0.0,0.7997815743873271
resurrection_rehost,799,resurrected_live,0.92,0.1751581268086271,0.0,0.7597211657127326,0.24227444469204143,0.45262070205148947,0.0,0.7997815743873271
resurrection_rehost,800,resurrected_live,0.92,0.17532077165682533,0.0,0.7605140858658807,0.2427201752022273,0.4528016339606622,0.0,0.7997815743873271
resurrection_rehost,801,resurrected_live,0.92,0.17548287977702448,0.0,0.7613043893825232,0.24316454618613623,0.45298197433886245,0.0,0.7997815743873271
resurrection_rehost,802,resurrected_live,0.92,0.17564445294042694,0.0,0.7620920848975609,0.24360756109273365,0.45316172491636897,0.0,0.7997815743873271
resurrection_rehost,803,resurrected_live,0.92,0.1758054929123902,0.0,0.762877181017399,0.24404922334357226,0.45334088742662226,0.0,0.7997815743873271
resurrection_rehost,804,resurrected_live,0.92,0.17596600145244598,0.0,0.7636596863200414,0.24448953633420065,0.4535194636058579,0.0,0.7997815743873271
resurrection_rehost,805,resurrected_live,0.92,0.17612598031431959,0.0,0.7644396093551854,0.24492850343551117,0.4536974551927578,0.0,0.7997815743873271
resurrection_rehost,806,resurrected_live,0.92,0.17628543124594898,0.0,0.7652169586443134,0.24536612799502863,0.4538748639281143,0.0,0.7997815743873271
resurrection_rehost,807,resurrected_live,0.92,0.176444355989504,0.0,0.7659917426807872,0.24580241333814315,0.45405169155450986,0.0,0.7997815743873271
resurrection_rehost,808,resurrected_live,0.92,0.17660275628140532,0.0,0.7667639699299403,0.24623736276928765,0.4542279398160092,0.0,0.7997815743873271
resurrection_rehost,809,resurrected_live,0.92,0.1767606338523434,0.0,0.7675336488291716,0.24667097957306428,0.4544036104578658,0.0,0.7997815743873271
resurrection_rehost,810,resurrected_live,0.92,0.1769179904272973,0.0,0.7683007877880353,0.2471032670153191,0.4545787052262397,0.0,0.7997815743873271
resurrection_rehost,811,resurrected_live,0.92,0.17707482772555388,0.0,0.7690653951883348,0.24753422834416972,0.454753225867928,0.0,0.7997815743873271
resurrection_rehost,812,resurrected_live,0.92,0.1772311474607262,0.0,0.7698274793842134,0.2479638667909855,0.4549271741301065,0.0,0.7997815743873271
resurrection_rehost,813,resurrected_live,0.92,0.17738695134077248,0.0,0.7705870487022455,0.2483921855713233,0.45510055176008374,0.0,0.7997815743873271
resurrection_rehost,814,resurrected_live,0.92,0.17754224106801464,0.0,0.771344111441528,0.24881918788582033,0.455273360505063,0.0,0.7997815743873271
resurrection_rehost,815,resurrected_live,0.92,0.17769701833915683,0.0,0.772098675873771,0.24924487692104516,0.45544560211191787,0.0,0.7997815743873271
resurrection_rehost,816,resurrected_live,0.92,0.17785128484530427,0.0,0.7728507502433876,0.24966925585030975,0.4556172783269744,0.0,0.7997815743873271
resurrection_rehost,817,resurrected_live,0.92,0.17800504227198144,0.0,0.7736003427675844,0.25009232783444213,0.4557883908958056,0.0,0.7997815743873271
resurrection_rehost,818,resurrected_live,0.92,0.1781582922991506,0.0,0.7743474616364513,0.25051409602252384,0.4559589415630327,0.0,0.7997815743873271
resurrection_rehost,819,resurrected_live,0.92,0.17831103660123002,0.0,0.7750921150130511,0.2509345635525902,0.4561289320721359,0.0,0.7997815743873271
resurrection_rehost,820,resurrected_live,0.92,0.17846327684711266,0.0,0.775834311033508,0.25135373355229856,0.45629836416527403,0.0,0.7997815743873271
resurrection_rehost,821,resurrected_live,0.92,0.17861501470018387,0.0,0.7765740578070973,0.2517716091395623,0.45646723958311114,0.0,0.7997815743873271
resurrection_rehost,822,resurrected_live,0.92,0.1787662518183399,0.0,0.777311363416334,0.2521881934231548,0.45663556006465145,0.0,0.7997815743873271
resurrection_rehost,823,resurrected_live,0.92,0.17891698985400606,0.0,0.77804623591706,0.25260348950328243,0.4568033273470815,0.0,0.7997815743873271
resurrection_rehost,824,resurrected_live,0.92,0.1790672304541545,0.0,0.7787786833385338,0.2530175004721291,0.4569705431656191,0.0,0.7997815743873271
resurrection_rehost,825,resurrected_live,0.92,0.17921697526032246,0.0,0.7795087136835166,0.2534302294143731,0.4571372092533696,0.0,0.7997815743873271
resurrection_rehost,826,resurrected_live,0.92,0.17936622590863008,0.0,0.780236334928361,0.2538416794076768,0.457303327341188,0.0,0.7997815743873271
resurrection_rehost,827,resurrected_live,0.92,0.17951498402979824,0.0,0.7809615550230975,0.25425185352315155,0.4574688991575479,0.0,0.7997815743873271
resurrection_rehost,828,resurrected_live,0.92,0.17966325124916654,0.0,0.7816843818915211,0.2546607548257973,0.4576339264284155,0.0,0.7997815743873271
resurrection_rehost,829,resurrected_live,0.92,0.179811029186711,0.0,0.7824048234312793,0.2550683863749193,0.45779841087713136,0.0,0.7997815743873271
resurrection_rehost,830,resurrected_live,0.92,0.1799583194570615,0.0,0.7831228875139559,0.2554747512245215,0.4579623542242945,0.0,0.7997815743873271
resurrection_rehost,831,resurrected_live,0.92,0.18010512366951986,0.0,0.7838385819851599,0.25587985242367906,0.45812575818765505,0.0,0.7997815743873271
resurrection_rehost,832,resurrected_live,0.92,0.18025144342807714,0.0,0.7845519146646089,0.2562836930168892,0.4582886244820098,0.0,0.7997815743873271
resurrection_rehost,833,resurrected_live,0.92,0.1803972803314311,0.0,0.7852628933462157,0.25668627604440286,0.45845095481910353,0.0,0.7997815743873271
resurrection_rehost,834,resurrected_live,0.92,0.18054263597300407,0.0,0.7859715257981731,0.25708760454253676,0.45861275090753506,0.0,0.7997815743873271
resurrection_rehost,835,resurrected_live,0.92,0.18068751194095983,0.0,0.7866778197630391,0.25748768154396723,0.4587740144526667,0.0,0.7997815743873271
resurrection_rehost,836,resurrected_live,0.92,0.18083190981822136,0.0,0.7873817829578211,0.2578865100780065,0.45893474715653965,0.0,0.7997815743873271
resurrection_rehost,837,resurrected_live,0.92,0.18097583118248786,0.0,0.7880834230740603,0.2582840931708622,0.4590949507177925,0.0,0.7997815743873271
resurrection_rehost,838,resurrected_live,0.92,0.18111927760625232,0.0,0.7887827477779159,0.2586804338458806,0.45925462683158386,0.0,0.7997815743873271
resurrection_rehost,839,resurrected_live,0.92,0.18126225065681836,0.0,0.7894797647102488,0.259075535123774,0.4594137771895187,0.0,0.7997815743873271
resurrection_rehost,840,resurrected_live,0.92,0.18140475189631755,0.0,0.7901744814867049,0.2594694000228344,0.45957240347957845,0.0,0.7997815743873271
resurrection_rehost,841,resurrected_live,0.92,0.18154678288172635,0.0,0.7908669056977987,0.25986203155913173,0.45973050738605503,0.0,0.7997815743873271
resurrection_rehost,842,resurrected_live,0.92,0.1816883451648833,0.0,0.7915570449089961,0.26025343274669926,0.4598880905894873,0.0,0.7997815743873271
resurrection_rehost,843,resurrected_live,0.92,0.18182944029250586,0.0,0.7922449066607965,0.2606436065977058,0.4600451547666012,0.0,0.7997815743873271
resurrection_rehost,844,resurrected_live,0.92,0.18197006980620725,0.0,0.7929304984688158,0.2610325561226153,0.46020170159025375,0.0,0.7997815743873271
resurrection_rehost,845,resurrected_live,0.92,0.18211023524251344,0.0,0.7936138278238687,0.2614202843303349,0.46035773272937824,0.0,0.7997815743873271
resurrection_rehost,846,resurrected_live,0.92,0.18224993813287982,0.0,0.79429490219205,0.26180679422835124,0.46051324984893416,0.0,0.7997815743873271
resurrection_rehost,847,resurrected_live,0.92,0.18238918000370796,0.0,0.7949737290148161,0.2621920888228562,0.4606682546098584,0.0,0.7997815743873271
resurrection_rehost,848,resurrected_live,0.92,0.18252796237636243,0.0,0.7956503157090673,0.26257617111886206,0.4608227486690199,0.0,0.7997815743873271
resurrection_rehost,849,resurrected_live,0.92,0.18266628676718707,0.0,0.7963246696672274,0.2629590441203063,0.4609767336791766,0.0,0.7997815743873271
resurrection_rehost,850,resurrected_live,0.92,0.18280415468752204,0.0,0.7969967982573254,0.2633407108301481,0.46113021128893444,0.0,0.7997815743873271
resurrection_rehost,851,resurrected_live,0.92,0.18294156764371985,0.0,0.7976667088230763,0.2637211742504545,0.4612831831427096,0.0,0.7997815743873271
resurrection_rehost,852,resurrected_live,0.92,0.18307852713716224,0.0,0.7983344086839602,0.2641004373824784,0.46143565088069155,0.0,0.7997815743873271
resurrection_rehost,853,resurrected_live,0.92,0.1832150346642763,0.0,0.7989999051353031,0.2644785032267287,0.4615876161388094,0.0,0.7997815743873271
resurrection_rehost,854,resurrected_live,0.92,0.18335109171655084,0.0,0.7996632054483567,0.2648553747830318,0.46173908054869967,0.0,0.7997815743873271
resurrection_rehost,855,resurrected_live,0.92,0.1834866997805529,0.0,0.8003243168703769,0.26523105505058603,0.461890045737677,0.0,0.7997815743873271
resurrection_rehost,856,resurrected_live,0.92,0.18362186033794375,0.0,0.8009832466247048,0.26560554702800915,0.46204051332870444,0.0,0.7997815743873271
resurrection_rehost,857,resurrected_live,0.92,0.18375657486549518,0.0,0.8016400019108432,0.2659788537133782,0.4621904849403683,0.0,0.7997815743873271
resurrection_rehost,858,resurrected_live,0.92,0.18389084483510573,0.0,0.8022945899045375,0.266350978104264,0.46233996218685325,0.0,0.7997815743873271
resurrection_rehost,859,resurrected_live,0.92,0.18402467171381656,0.0,0.8029470177578525,0.26672192319775834,0.46248894667791873,0.0,0.7997815743873271
resurrection_rehost,860,resurrected_live,0.92,0.18415805696382762,0.0,0.8035972925992516,0.2670916919904959,0.46263744001887747,0.0,0.7997815743873271
resurrection_rehost,861,resurrected_live,0.92,0.18429100204251367,0.0,0.8042454215336741,0.26746028747867073,0.4627854438105767,0.0,0.7997815743873271
resurrection_rehost,862,resurrected_live,0.92,0.18442350840244,0.0,0.8048914116426129,0.2678277126580468,0.4629329596493783,0.0,0.7997815743873271
resurrection_rehost,863,resurrected_live,0.92,0.18455557749137863,0.0,0.8055352699841922,0.26819397052396393,0.4630799891271421,0.0,0.7997815743873271
resurrection_rehost,864,resurrected_live,0.92,0.18468721075232375,0.0,0.8061770035932444,0.2685590640713391,0.4632265338312104,0.0,0.7997815743873271
resurrection_rehost,865,resurrected_live,0.92,0.18481840962350776,0.0,0.8068166194813867,0.2689229962946624,0.463372595344393,0.0,0.7997815743873271
resurrection_rehost,866,resurrected_live,0.92,0.18494917553841686,0.0,0.8074541246370982,0.2692857701879899,0.46351817524495464,0.0,0.7997815743873271
resurrection_rehost,867,resurrected_live,0.92,0.1850795099258067,0.0,0.8080895260257958,0.2696473887449308,0.4636632751066019,0.0,0.7997815743873271
resurrection_rehost,868,resurrected_live,0.92,0.18520941420971826,0.0,0.8087228305899107,0.2700078549586328,0.4638078964984726,0.0,0.7997815743873271
resurrection_rehost,869,resurrected_live,0.92,0.18533888980949287,0.0,0.8093540452489638,0.2703671718217616,0.4639520409851268,0.0,0.7997815743873271
resurrection_rehost,870,resurrected_live,0.92,0.18546793813978818,0.0,0.8099831768996424,0.27072534232647866,0.46409571012653633,0.0,0.7997815743873271
resurrection_rehost,871,resurrected_live,0.92,0.18559656061059351,0.0,0.8106102324158734,0.2710823694644146,0.4642389054780783,0.0,0.7997815743873271
resurrection_rehost,872,resurrected_live,0.92,0.18572475862724525,0.0,0.8112352186489012,0.27143825622664036,0.464381628590527,0.0,0.7997815743873271
resurrection_rehost,873,resurrected_live,0.92,0.18585253359044202,0.0,0.8118581424273597,0.2717930056036345,0.464523881010049,0.0,0.7997815743873271
resurrection_rehost,874,resurrected_live,0.92,0.18597988689626022,0.0,0.8124790105573495,0.2721466205852489,0.4646656642781972,0.0,0.7997815743873271
resurrection_rehost,875,resurrected_live,0.92,0.18610681993616923,0.0,0.8130978298225102,0.2724991041606707,0.46480697993190645,0.0,0.7997815743873271
resurrection_rehost,876,resurrected_live,0.92,0.18623333409704654,0.0,0.8137146069840959,0.2728504593183829,0.4649478295034909,0.0,0.7997815743873271
resurrection_rehost,877,resurrected_live,0.92,0.18635943076119293,0.0,0.8143293487810483,0.2732006890461218,0.46508821452064,0.0,0.7997815743873271
resurrection_rehost,878,resurrected_live,0.92,0.18648511130634765,0.0,0.814942061930071,0.273549796330833,0.46522813650641753,0.0,0.7997815743873271
resurrection_rehost,879,resurrected_live,0.92,0.18661037710570338,0.0,0.8155527531257017,0.27389778415862487,0.46536759697925945,0.0,0.7997815743873271
resurrection_rehost,880,resurrected_live,0.92,0.18673522952792124,0.0,0.816161429040387,0.27424465551472066,0.46550659745297385,0.0,0.7997815743873271
resurrection_rehost,881,resurrected_live,0.92,0.18685966993714576,0.0,0.8167680963245536,0.2745904133834085,0.46564513943674046,0.0,0.7997815743873271
resurrection_rehost,882,resurrected_live,0.92,0.18698369969301984,0.0,0.8173727616066825,0.27493506074799,0.4657832244351116,0.0,0.7997815743873271
resurrection_rehost,883,resurrected_live,0.92,0.18710732015069956,0.0,0.8179754314933805,0.27527860059072745,0.4659208539480132,0.0,0.7997815743873271
resurrection_rehost,884,resurrected_live,0.92,0.18723053266086892,0.0,0.8185761125694525,0.2756210358927889,0.4660580294707458,0.0,0.7997815743873271
resurrection_rehost,885,resurrected_live,0.92,0.1873533385697547,0.0,0.8191748113979732,0.27596236963419346,0.46619475249398845,0.0,0.7997815743873271
resurrection_rehost,886,resurrected_live,0.92,0.18747573921914118,0.0,0.8197715345203599,0.2763026047937538,0.46633102450379976,0.0,0.7997815743873271
resurrection_rehost,887,resurrected_live,0.92,0.1875977359463847,0.0,0.8203662884564427,0.27664174434901856,0.4664668469816227,0.0,0.7997815743873271
resurrection_rehost,888,resurrected_live,0.92,0.1877193300844283,0.0,0.8209590797045364,0.27697979127621364,0.46660222140428664,0.0,0.7997815743873271
resurrection_rehost,889,resurrected_live,0.92,0.18784052296181636,0.0,0.8215499147415115,0.2773167485501823,0.4667371492440129,0.0,0.7997815743873271
resurrection_rehost,890,resurrected_live,0.92,0.187961315902709,0.0,0.8221388000228645,0.27765261914432465,0.4668716319684191,0.0,0.7997815743873271
resurrection_rehost,891,resurrected_live,0.92,0.18808171022689674,0.0,0.8227257419827889,0.27798740603053673,0.4670056710405236,0.0,0.7997815743873271
resurrection_rehost,892,resurrected_live,0.92,0.18820170724981466,0.0,0.8233107470342457,0.27832111217914796,0.46713926791875154,0.0,0.7997815743873271
resurrection_rehost,893,resurrected_live,0.92,0.18832130828255692,0.0,0.8238938215690329,0.27865374055885944,0.4672724240569403,0.0,0.7997815743873271
resurrection_rehost,894,resurrected_live,0.92,0.18844051463189115,0.0,0.8244749719578551,0.2789852941366803,0.46740514090434554,0.0,0.7997815743873271
resurrection_rehost,895,resurrected_live,0.92,0.18855932760027258,0.0,0.8250542045503941,0.2793157758778648,0.46753741990564796,0.0,0.7997815743873271
resurrection_rehost,896,resurrected_live,0.92,0.18867774848585833,0.0,0.8256315256753778,0.2796451887458483,0.46766926250096,0.0,0.7997815743873271
resurrection_rehost,897,resurrected_live,0.92,0.1887957785825217,0.0,0.8262069416406489,0.2799735357021834,0.46780067012583293,0.0,0.7997815743873271
resurrection_rehost,898,resurrected_live,0.92,0.188913419179866,0.0,0.826780458733235,0.28030081970647525,0.46793164421126393,0.0,0.7997815743873271
resurrection_rehost,899,resurrected_live,0.92,0.18903067156323913,0.0,0.8273520832194152,0.28062704371631736,0.4680621861837046,0.0,0.7997815743873271
copy_without_path,0,alive,0.92,0.06718402678581947,0.3044032344055376,0.3227427135596574,0.1423638778028321,0.5288871372235084,0.0,1.0
copy_without_path,1,alive,0.92,0.06716681676843246,0.3044032344055376,0.32262095226589516,0.13812183398481087,0.5216327269472391,0.0,1.0
copy_without_path,2,alive,0.92,0.06714960675104546,0.3044032344055376,0.32249919097213287,0.1340235843233079,0.5146666339376404,0.0,1.0
copy_without_path,3,alive,0.92,0.06713239673365845,0.3044032344055376,0.3223774296783707,0.13006422892740593,0.5079773255040457,0.0,1.0
copy_without_path,4,alive,0.92,0.06711518671627144,0.3044032344055376,0.3222556683846085,0.12623903566719044,0.5015537302634149,0.0,1.0
copy_without_path,5,alive,0.92,0.06709797669888443,0.3044032344055376,0.3221339070908463,0.12254343440159698,0.4953852196880291,0.0,1.0
copy_without_path,6,alive,0.92,0.0670807666814974,0.3044032344055376,0.32201214579708404,0.1189730114058752,0.4894615903912788,0.0,1.0
copy_without_path,7,alive,0.92,0.06706355666411039,0.3044032344055376,0.3218903845033218,0.11552350399172957,0.4837730471220185,0.0,1.0
copy_without_path,8,alive,0.92,0.06704634664672339,0.3044032344055376,0.3217686232095597,0.1121907953134404,0.47831018643914847,0.0,1.0
copy_without_path,9,alive,0.92,0.06702913662933638,0.3044032344055376,0.3216468619157974,0.10897090935350219,0.47306398103921343,0.0,1.0
copy_without_path,10,alive,0.92,0.06701192661194935,0.3044032344055376,0.3215251006220352,0.1058600060815423,0.4680257647108956,0.0,1.0
copy_without_path,11,alive,0.92,0.06699471659456235,0.3044032344055376,0.3214033393282729,0.10285437678050027,0.4631872178913304,0.0,1.0
copy_without_path,12,alive,0.92,0.06697750657717533,0.3044032344055376,0.3212815780345108,0.09995043953425974,0.4585403538001679,0.0,1.0
copy_without_path,13,alive,0.92,0.06696029655978832,0.3044032344055376,0.32115981674074856,0.0971447348711256,0.4540775051282718,0.0,1.0
copy_without_path,14,alive,0.92,0.06694308654240129,0.3044032344055376,0.3210380554469863,0.09443392155773664,0.4497913112588717,0.0,1.0
copy_without_path,15,alive,0.92,0.06692587652501429,0.3044032344055376,0.3209162941532241,0.09181477253819201,0.44567470599986725,0.0,1.0
copy_without_path,16,alive,0.92,0.06690866650762728,0.3044032344055376,0.3207945328594619,0.08928417101335147,0.44172090580684314,0.0,1.0
copy_without_path,17,alive,0.92,0.06689145649024025,0.3044032344055376,0.3206727715656996,0.08683910665544631,0.43792339847716,0.0,1.0
copy_without_path,18,alive,0.92,0.06687424647285325,0.3044032344055376,0.32055101027193744,0.08447667195330673,0.4342759322962841,0.0,1.0
copy_without_path,19,alive,0.92,0.06685703645546623,0.3044032344055376,0.32042924897817526,0.08219405868367541,0.43077250561826314,0.0,1.0
copy_without_path,20,alive,0.92,0.06683982643807923,0.3044032344055376,0.32030748768441303,0.07998855450423473,0.4274073568629831,0.0,1.0
copy_without_path,21,alive,0.92,0.06682261642069222,0.3044032344055376,0.3201857263906508,0.07785753966412809,0.42417495491353424,0.0,1.0
copy_without_path,22,alive,0.92,0.06680540640330519,0.3044032344055376,0.3200639650968886,0.07579848382790219,0.4210699898976833,0.0,1.0
copy_without_path,23,alive,0.92,0.06678819638591818,0.3044032344055376,0.3199422038031264,0.07380894300893927,0.41808736433808635,0.0,1.0
copy_without_path,24,alive,0.92,0.06677098636853117,0.3044032344055376,0.3198204425093642,0.07188655660858564,0.4152221846564932,0.0,1.0
copy_without_path,25,alive,0.92,0.06675377635114416,0.3044032344055376,0.31969868121560197,0.07002904455731462,0.41246975301778377,0.0,1.0
copy_without_path,26,alive,0.92,0.06673656633375714,0.3044032344055376,0.3195769199218397,0.06823420455438925,0.4098255595002428,0.0,1.0
copy_without_path,27,alive,0.92,0.06671935631637013,0.3044032344055376,0.3194551586280775,0.0664999094026141,0.4072852745790233,0.0,1.0
copy_without_path,28,alive,0.92,0.06670214629898312,0.3044032344055376,0.3193333973343153,0.06482410443488328,0.4048447419102726,0.0,1.0
copy_without_path,29,alive,0.92,0.06668493628159611,0.3044032344055376,0.3192116360405531,0.06320480502934704,0.40249997140389193,0.0,1.0
copy_without_path,30,alive,0.92,0.0666677262642091,0.3044032344055376,0.3190898747467909,0.06164009421012964,0.40024713257338645,0.0,1.0
copy_without_path,31,alive,0.92,0.06665051624682208,0.3044032344055376,0.3189681134530286,0.06012812033063773,0.3980825481517211,0.0,1.0
copy_without_path,32,alive,0.92,0.06663330622943507,0.3044032344055376,0.3188463521592664,0.05866709483660208,0.3960026879625424,0.0,1.0
copy_without_path,33,alive,0.92,0.06661609621204805,0.3044032344055376,0.3187245908655042,0.05725529010609409,0.3940041630365508,0.0,1.0
copy_without_path,34,alive,0.92,0.06659888619466105,0.3044032344055376,0.318602829571742,0.055891037363855076,0.3920837199632188,0.0,1.0
copy_without_path,35,alive,0.92,0.06658167617727404,0.3044032344055376,0.3184810682779798,0.05457272466736848,0.3902382354684401,0.0,1.0
copy_without_path,36,alive,0.92,0.06656446615988701,0.3044032344055376,0.3183593069842176,0.05329879496219478,0.38846471120907256,0.0,1.0
copy_without_path,37,alive,0.92,0.06654725614250001,0.3044032344055376,0.31823754569045537,0.0520677442041746,0.3867602687756996,0.0,1.0
copy_without_path,38,alive,0.92,0.066530046125113,0.3044032344055376,0.3181157843966931,0.0508781195461895,0.3851221448952816,0.0,1.0
copy_without_path,39,alive,0.92,0.06651283610772599,0.3044032344055376,0.3179940231029309,0.04972851758724933,0.38354768682570023,0.0,1.0
copy_without_path,40,alive,0.92,0.06649562609033896,0.3044032344055376,0.3178722618091687,0.04861758268175309,0.3820343479345221,0.0,1.0
copy_without_path,41,alive,0.92,0.06647841607295195,0.3044032344055376,0.3177505005154065,0.047544005306844904,0.38057968345461113,0.0,1.0
copy_without_path,42,alive,0.92,0.06646120605556494,0.3044032344055376,0.31762873922164425,0.04650652048585869,0.37918134640951656,0.0,1.0
copy_without_path,43,alive,0.92,0.06644399603817792,0.3044032344055376,0.3175069779278821,0.045503906265914974,0.3778370837018457,0.0,1.0
copy_without_path,44,alive,0.92,0.06642678602079091,0.3044032344055376,0.31738521663411984,0.04453498224780036,0.3765447323581017,0.0,1.0
copy_without_path,45,alive,0.92,0.0664095760034039,0.3044032344055376,0.31726345534035766,0.04359860816632527,0.37530221592372737,0.0,1.0
copy_without_path,46,alive,0.92,0.06639236598601689,0.3044032344055376,0.3171416940465954,0.04269368251941769,0.37410754100234805,0.0,1.0
copy_without_path,47,alive,0.92,0.06637515596862988,0.3044032344055376,0.3170199327528332,0.04181914124427171,0.37295879393344383,0.0,1.0
copy_without_path,48,alive,0.92,0.06635794595124286,0.3044032344055376,0.31689817145907095,0.040973956438927546,0.3718541376029158,0.0,1.0
copy_without_path,49,alive,0.92,0.06634073593385584,0.3044032344055376,0.31677641016530883,0.04015713512771601,0.37079180838122877,0.0,1.0
copy_without_path,50,alive,0.92,0.06632352591646883,0.3044032344055376,0.31665464887154654,0.03936771806905501,0.3697701131840293,0.0,1.0
copy_without_path,51,alive,0.92,0.06630631589908181,0.3044032344055376,0.3165328875777843,0.038604778604137725,0.3687874266503377,0.0,1.0
copy_without_path,52,alive,0.92,0.0662891058816948,0.3044032344055376,0.3164111262840221,0.03786742154510315,0.36784218843361377,0.0,1.0
copy_without_path,53,alive,0.92,0.0662718958643078,0.3044032344055376,0.3162893649902599,0.03715478210132786,0.3669329006011787,0.0,1.0
copy_without_path,54,alive,0.92,0.06625468584692079,0.3044032344055376,0.31616760369649766,0.036466024842525875,0.3660581251376611,0.0,1.0
copy_without_path,55,alive,0.92,0.06623747582953377,0.3044032344055376,0.31604584240273553,0.03580034269738815,0.3652164815483042,0.0,1.0
copy_without_path,56,alive,0.92,0.06622026581214675,0.3044032344055376,0.3159240811089733,0.03515695598653777,0.36440664455814153,0.0,1.0
copy_without_path,57,alive,0.92,0.06620305579475975,0.3044032344055376,0.31580231981521106,0.034535111488618805,0.36362734190320534,0.0,1.0
copy_without_path,58,alive,0.92,0.06618584577737273,0.3044032344055376,0.31568055852144883,0.033934081538378215,0.3628773522100865,0.0,1.0
copy_without_path,59,alive,0.92,0.06616863575998573,0.3044032344055376,0.3155587972276866,0.03335316315563908,0.3621555029603124,0.0,1.0
copy_without_path,60,alive,0.92,0.06615142574259872,0.3044032344055376,0.3154370359339244,0.032791677204102164,0.36146066853614933,0.0,1.0
copy_without_path,61,alive,0.92,0.06613421572521169,0.3044032344055376,0.31531527464016224,0.03224896757894909,0.3607917683445726,0.0,1.0
copy_without_path,62,alive,0.92,0.06611700570782468,0.3044032344055376,0.3151935133464,0.0317244004222562,0.36014776501627904,0.0,1.0
copy_without_path,63,alive,0.92,0.06609979569043767,0.3044032344055376,0.3150717520526377,0.03121736336526236,0.35952766267673714,0.0,1.0
copy_without_path,64,alive,0.92,0.06608258567305066,0.3044032344055376,0.3149499907588755,0.03072726479656712,0.3589305052863969,0.0,1.0
copy_without_path,65,alive,0.92,0.06606537565566364,0.3044032344055376,0.3148282294651133,0.03025353315536736,0.35835537504729026,0.0,1.0
copy_without_path,66,alive,0.92,0.06604816563827662,0.3044032344055376,0.3147064681713511,0.02979561624887167,0.3578013908733678,0.0,1.0
copy_without_path,67,alive,0.92,0.06603095562088962,0.3044032344055376,0.31458470687758894,0.029352980593061274,0.35726770692202225,0.0,1.0
copy_without_path,68,alive,0.92,0.06601374560350261,0.3044032344055376,0.31446294558382665,0.028925110775994984,0.35675351118435045,0.0,1.0
copy_without_path,69,alive,0.92,0.0659965355861156,0.3044032344055376,0.31434118429006447,0.02851150884288363,0.35625802413180563,0.0,1.0
copy_without_path,70,alive,0.92,0.06597932556872858,0.3044032344055376,0.3142194229963022,0.02811169370218582,0.3557804974169825,0.0,1.0
copy_without_path,71,alive,0.92,0.06596211555134156,0.3044032344055376,0.31409766170254,0.0277252005520031,0.35532021262637226,0.0,1.0
copy_without_path,72,alive,0.92,0.06594490553395455,0.3044032344055376,0.3139759004087778,0.027351580326077166,0.3548764800830063,0.0,1.0
copy_without_path,73,alive,0.92,0.06592769551656753,0.3044032344055376,0.31385413911501564,0.026990399158716018,0.3544486376969951,0.0,1.0
copy_without_path,74,alive,0.92,0.06591048549918052,0.3044032344055376,0.31373237782125335,0.02664123786799932,0.35403604986204423,0.0,1.0
copy_without_path,75,alive,0.92,0.06589327548179351,0.3044032344055376,0.31361061652749117,0.02630369145663525,0.3536381063961114,0.0,1.0
copy_without_path,76,alive,0.92,0.0658760654644065,0.3044032344055376,0.313488855233729,0.025977368629863162,0.3532542215244359,0.0,1.0
copy_without_path,77,alive,0.92,0.06585885544701948,0.3044032344055376,0.3133670939399667,0.02566189132981711,0.3528838329032473,0.0,1.0
copy_without_path,78,alive,0.92,0.06584164542963247,0.3044032344055376,0.3132453326462045,0.025356894285785556,0.35252640068252633,0.0,1.0
copy_without_path,79,alive,0.92,0.06582443541224546,0.3044032344055376,0.31312357135244223,0.025062024579821703,0.3521814066062541,0.0,1.0
copy_without_path,80,alive,0.92,0.06580722539485845,0.3044032344055376,0.31300181005868005,0.024776941227178363,0.3518483531486528,0.0,1.0
copy_without_path,81,alive,0.92,0.06579001537747145,0.3044032344055376,0.3128800487649179,0.024501314771058706,0.3515267626849754,0.0,1.0
copy_without_path,82,alive,0.92,0.06577280536008441,0.3044032344055376,0.3127582874711557,0.0242348268911922,0.3512161766954652,0.0,1.0
copy_without_path,83,alive,0.92,0.06575559534269741,0.3044032344055376,0.3126365261773934,0.02397717002576188,0.35091615500115525,0.0,1.0
copy_without_path,84,alive,0.92,0.0657383853253104,0.3044032344055376,0.3125147648836312,0.023728047006225217,0.3506262750302377,0.0,1.0
copy_without_path,85,alive,0.92,0.06572117530792339,0.3044032344055376,0.312393003589869,0.023487170704586908,0.3503461311137769,0.0,1.0
copy_without_path,86,alive,0.92,0.06570396529053638,0.3044032344055376,0.31227124229610675,0.023254263692696956,0.35007533380959444,0.0,1.0
copy_without_path,87,alive,0.92,0.06568675527314936,0.3044032344055376,0.3121494810023446,0.023029057913161975,0.3498135092531994,0.0,1.0
copy_without_path,88,alive,0.92,0.06566954525576234,0.3044032344055376,0.3120277197085823,0.022811294361472223,0.34956029853467996,0.0,1.0
copy_without_path,89,alive,0.92,0.06565233523837534,0.3044032344055376,0.3119059584148201,0.022600722778960133,0.3493153571005213,0.0,1.0
copy_without_path,90,alive,0.92,0.06563512522098833,0.3044032344055376,0.3117841971210579,0.02239710135621951,0.34907835417934896,0.0,1.0
copy_without_path,91,alive,0.92,0.0656179152036013,0.3044032344055376,0.3116624358272957,0.022200196446627487,0.34884897223064354,0.0,1.0
copy_without_path,92,alive,0.92,0.06560070518621429,0.3044032344055376,0.3115406745335335,0.02200978228962325,0.3486269064155062,0.0,1.0
copy_without_path,93,alive,0.92,0.06558349516882728,0.3044032344055376,0.31141891323977133,0.021825640743409837,0.3484118640885944,0.0,1.0
copy_without_path,94,alive,0.92,0.06556628515144027,0.3044032344055376,0.31129715194600904,0.021647561026756586,0.3482035643103791,0.0,1.0
copy_without_path,95,alive,0.92,0.06554907513405325,0.3044032344055376,0.3111753906522468,0.02147533946959083,0.3480017373789123,0.0,1.0
copy_without_path,96,alive,0.92,0.06553186511666624,0.3044032344055376,0.31105362935848463,0.021308779272078446,0.3478061243803241,0.0,1.0
copy_without_path,97,alive,0.92,0.06551465509927923,0.3044032344055376,0.3109318680647224,0.021147690271902726,0.34761647675729956,0.0,1.0
copy_without_path,98,alive,0.92,0.06549744508189222,0.3044032344055376,0.3108101067709602,0.020991888719461515,0.3474325558948159,0.0,1.0
copy_without_path,99,alive,0.92,0.06548023506450519,0.3044032344055376,0.310688345477198,0.020841197060711754,0.34725413272245154,0.0,1.0
copy_without_path,100,alive,0.92,0.06546302504711819,0.3044032344055376,0.31056658418343575,0.020695443727400245,0.34708098733260173,0.0,1.0
copy_without_path,101,alive,0.92,0.06544581502973118,0.3044032344055376,0.3104448228896735,0.020554462934428055,0.34691290861396595,0.0,1.0
copy_without_path,102,alive,0.92,0.06542860501234417,0.3044032344055376,0.31032306159591133,0.020418094484104976,0.34674969389969545,0.0,1.0
copy_without_path,103,alive,0.92,0.06541139499495716,0.3044032344055376,0.3102013003021491,0.020286183577058636,0.3465911486296158,0.0,1.0
copy_without_path,104,alive,0.92,0.06539418497757013,0.3044032344055376,0.3100795390083869,0.02015858062957092,0.3464370860259593,0.0,1.0
copy_without_path,105,alive,0.92,0.06537697496018312,0.3044032344055376,0.3099577777146247,0.020035141097122334,0.346287326782069,0.0,1.0
copy_without_path,106,alive,0.92,0.06535976494279612,0.3044032344055376,0.30983601642086245,0.01991572530393229,0.3461416987635544,0.0,1.0
copy_without_path,107,alive,0.92,0.0653425549254091,0.3044032344055376,0.30971425512710027,0.019800198278290625,0.34600003672140023,0.0,1.0
copy_without_path,108,alive,0.92,0.06532534490802208,0.3044032344055376,0.30959249383333803,0.019688429593482715,0.34586218201655233,0.0,1.0
copy_without_path,109,alive,0.92,0.06530813489063508,0.3044032344055376,0.3094707325395758,0.019580293214117344,0.3457279823555182,0.0,1.0
copy_without_path,110,alive,0.92,0.06529092487324806,0.3044032344055376,0.3093489712458136,0.019475667347672934,0.3455972915365455,0.0,1.0
copy_without_path,111,alive,0.92,0.06527371485586105,0.3044032344055376,0.3092272099520514,0.019374434301084126,0.34546996920595163,0.0,1.0
copy_without_path,112,alive,0.92,0.06525650483847403,0.3044032344055376,0.3091054486582891,0.019276480342196846,0.34534588062420146,0.0,1.0
copy_without_path,113,alive,0.92,0.06523929482108702,0.3044032344055376,0.30898368736452697,0.019181695565925805,0.3452248964413413,0.0,1.0
copy_without_path,114,alive,0.92,0.06522208480370001,0.3044032344055376,0.30886192607076474,0.019089973764954048,0.3451068924814156,0.0,1.0
copy_without_path,115,alive,0.92,0.065204874786313,0.3044032344055376,0.3087401647770025,0.019001212304819843,0.34499174953550676,0.0,1.0
copy_without_path,116,alive,0.92,0.06518766476892598,0.3044032344055376,0.3086184034832403,0.018915312003241244,0.3448793531630543,0.0,1.0
copy_without_path,117,alive,0.92,0.06517045475153897,0.3044032344055376,0.30849664218947814,0.01883217701353393,0.34476959350111996,0.0,1.0
copy_without_path,118,alive,0.92,0.06515324473415196,0.3044032344055376,0.3083748808957158,0.018751714711982947,0.3446623650812829,0.0,1.0
copy_without_path,119,alive,0.92,0.06513603471676495,0.3044032344055376,0.3082531196019537,0.018673835589033558,0.34455756665385934,0.0,1.0
copy_without_path,120,alive,0.92,0.06511882469937792,0.3044032344055376,0.30813135830819144,0.018598453144171138,0.3444551010191526,0.0,1.0
copy_without_path,121,alive,0.92,0.06510161468199091,0.3044032344055376,0.3080095970144292,0.018525483784364475,0.34435487486545424,0.0,1.0
copy_without_path,122,alive,0.92,0.06508440466460391,0.3044032344055376,0.307887835720667,0.018454846725951213,0.3442567986135237,0.0,1.0
copy_without_path,123,alive,0.92,0.06506719464721689,0.3044032344055376,0.30776607442690485,0.01838646389984812,0.34416078626729035,0.0,1.0
copy_without_path,124,alive,0.92,0.06504998462982989,0.3044032344055376,0.30764431313314256,0.01832025985997312,0.3440667552705264,0.0,1.0
copy_without_path,125,alive,0.92,0.06503277461244288,0.3044032344055376,0.3075225518393803,0.018256161694769735,0.3439746263692529,0.0,1.0
copy_without_path,126,alive,0.92,0.06501556459505585,0.3044032344055376,0.30740079054561814,0.018194098941728375,0.3438843234796503,0.0,1.0
copy_without_path,127,alive,0.92,0.06499835457766884,0.3044032344055376,0.3072790292518559,0.018134003504802505,0.3437957735612518,0.0,1.0
copy_without_path,128,alive,0.92,0.06498114456028184,0.3044032344055376,0.3071572679580937,0.018075809574621217,0.34370890649520924,0.0,1.0
copy_without_path,129,alive,0.92,0.06496393454289481,0.3044032344055376,0.30703550666433155,0.01801945355140317,0.34362365496742836,0.0,1.0
copy_without_path,130,alive,0.92,0.0649467245255078,0.3044032344055376,0.3069137453705693,0.017964873970479873,0.3435399543563786,0.0,1.0
copy_without_path,131,alive,0.92,0.0649295145081208,0.3044032344055376,0.3067919840768071,0.01791201143033977,0.34345774262539086,0.0,1.0
copy_without_path,132,alive,0.92,0.06491230449073376,0.3044032344055376,0.30667022278304484,0.01786080852310736,0.3433769602192626,0.0,1.0
copy_without_path,133,alive,0.92,0.06489509447334676,0.3044032344055376,0.30654846148928266,0.0178112097673745,0.34329754996499945,0.0,1.0
copy_without_path,134,alive,0.92,0.06487788445595975,0.3044032344055376,0.30642670019552043,0.01776316154330416,0.34321945697652684,0.0,1.0
copy_without_path,135,alive,0.92,0.06486067443857274,0.3044032344055376,0.30630493890175825,0.017716612029929222,0.34314262856321304,0.0,1.0
copy_without_path,136,alive,0.92,0.06484346442118573,0.3044032344055376,0.30618317760799596,0.017671511144571824,0.34306701414205176,0.0,1.0
copy_without_path,137,alive,0.92,0.0648262544037987,0.3044032344055376,0.3060614163142338,0.017627810484311286,0.34299256515335697,0.0,1.0
copy_without_path,138,alive,0.92,0.06480904438641169,0.3044032344055376,0.3059396550204715,0.017585463269430907,0.34291923497982985,0.0,1.0
copy_without_path,139,alive,0.92,0.06479183436902469,0.3044032344055376,0.3058178937267093,0.01754442428877658,0.3428469788688639,0.0,1.0
copy_without_path,140,alive,0.92,0.06477462435163767,0.3044032344055376,0.30569613243294713,0.017504649846962213,0.34277575385795644,0.0,1.0
copy_without_path,141,alive,0.92,0.06475741433425067,0.3044032344055376,0.30557437113918495,0.017466097713359344,0.34270551870310534,0.0,1.0
copy_without_path,142,alive,0.92,0.06474020431686363,0.3044032344055376,0.3054526098454227,0.0174287270728103,0.3426362338100682,0.0,1.0
copy_without_path,143,alive,0.92,0.06472299429947663,0.3044032344055376,0.3053308485516604,0.01739249847800652,0.34256786116837257,0.0,1.0
copy_without_path,144,alive,0.92,0.06470578428208962,0.3044032344055376,0.3052090872578982,0.017357373803475476,0.34250036428796476,0.0,1.0
copy_without_path,145,alive,0.92,0.0646885742647026,0.3044032344055376,0.305087325964136,0.01732331620112166,0.34243370813839313,0.0,1.0
copy_without_path,146,alive,0.92,0.0646713642473156,0.3044032344055376,0.30496556467037383,0.01729029005726886,0.34236785909042444,0.0,1.0
copy_without_path,147,alive,0.92,0.06465415422992858,0.3044032344055376,0.30484380337661166,0.017258260951152907,0.3423027848599943,0.0,1.0
copy_without_path,148,alive,0.92,0.06463694421254157,0.3044032344055376,0.3047220420828494,0.017227195614815657,0.34223845445440154,0.0,1.0
copy_without_path,149,alive,0.92,0.06461973419515456,0.3044032344055376,0.3046002807890872,0.017197061894352692,0.3421748381206524,0.0,1.0
copy_without_path,150,alive,0.92,0.06460252417776755,0.3044032344055376,0.3044785194953249,0.017167828712468858,0.34211190729587315,0.0,1.0
copy_without_path,151,alive,0.92,0.06458531416038053,0.3044032344055376,0.3043567582015627,0.01713946603229739,0.34204963455970516,0.0,1.0
copy_without_path,152,alive,0.92,0.06456810414299352,0.3044032344055376,0.30423499690780054,0.017111944822439683,0.3419879935886038,0.0,1.0
copy_without_path,153,alive,0.92,0.0645508941256065,0.3044032344055376,0.30411323561403836,0.017085237023184437,0.34192695911196636,0.0,1.0
copy_without_path,154,alive,0.92,0.0645336841082195,0.3044032344055376,0.3039914743202761,0.01705931551386621,0.3418665068700144,0.0,1.0
copy_without_path,155,alive,0.92,0.06451647409083248,0.3044032344055376,0.30386971302651394,0.01703415408132476,0.3418066135733607,0.0,1.0
copy_without_path,156,alive,0.92,0.06449926407344547,0.3044032344055376,0.3037479517327517,0.01700972738942793,0.34174725686419294,0.0,1.0
copy_without_path,157,alive,0.92,0.06448205405605846,0.3044032344055376,0.3036261904389894,0.016986010949622054,0.3416884152790119,0.0,1.0
copy_without_path,158,alive,0.92,0.06446484403867145,0.3044032344055376,0.30350442914522724,0.016962981092475075,0.3416300682128582,0.0,1.0
copy_without_path,159,alive,0.92,0.06444763402128442,0.3044032344055376,0.303382667851465,0.0169406149401788,0.3415721958849704,0.0,1.0
copy_without_path,160,alive,0.92,0.06443042400389741,0.3044032344055376,0.3032609065577028,0.016918890379977854,0.3415147793058182,0.0,1.0
copy_without_path,161,alive,0.92,0.0644132139865104,0.3044032344055376,0.3031391452639406,0.016897786038493876,0.341457800245452,0.0,1.0
copy_without_path,162,alive,0.92,0.06439600396912339,0.3044032344055376,0.30301738397017836,0.016877281256914813,0.3414012412031205,0.0,1.0
copy_without_path,163,alive,0.92,0.06437879395173637,0.3044032344055376,0.3028956226764162,0.016857356067019894,0.34134508537810226,0.0,1.0
copy_without_path,164,alive,0.92,0.06436158393434938,0.3044032344055376,0.30277386138265394,0.01683799116801216,0.34128931664170464,0.0,1.0
copy_without_path,165,alive,0.92,0.06434437391696235,0.3044032344055376,0.3026521000888917,0.016819167904131124,0.3412339195103829,0.0,1.0
copy_without_path,166,alive,0.92,0.06432716389957534,0.3044032344055376,0.3025303387951295,0.01680086824301925,0.341178879119934,0.0,1.0
copy_without_path,167,alive,0.92,0.06430995388218833,0.3044032344055376,0.3024085775013673,0.016783074754816767,0.3411241812007231,0.0,1.0
copy_without_path,168,alive,0.92,0.06429274386480131,0.3044032344055376,0.30228681620760506,0.016765770591960126,0.3410698120539006,0.0,1.0
copy_without_path,169,alive,0.92,0.0642755338474143,0.3044032344055376,0.3021650549138428,0.01674893946966043,0.3410157585285709,0.0,1.0
copy_without_path,170,alive,0.92,0.06425832383002729,0.3044032344055376,0.30204329362008064,0.016732565647038764,0.34096200799987436,0.0,1.0
copy_without_path,171,alive,0.92,0.06424111381264028,0.3044032344055376,0.3019215323263184,0.01671663390889627,0.34090854834794565,0.0,1.0
copy_without_path,172,alive,0.92,0.06422390379525325,0.3044032344055376,0.30179977103255623,0.016701129548097538,0.3408553679377142,0.0,1.0
copy_without_path,173,alive,0.92,0.06420669377786624,0.3044032344055376,0.30167800973879405,0.01668603834854655,0.3408024555995119,0.0,1.0
copy_without_path,174,alive,0.92,0.06418948376047923,0.3044032344055376,0.3015562484450317,0.016671346568735222,0.34074980061045756,0.0,1.0
copy_without_path,175,alive,0.92,0.06417227374309221,0.3044032344055376,0.3014344871512695,0.016657040925845145,0.34069739267658544,0.0,1.0
copy_without_path,176,alive,0.92,0.0641550637257052,0.3044032344055376,0.30131272585750735,0.01664310858038393,0.34064522191568825,0.0,1.0
copy_without_path,177,alive,0.92,0.06413785370831819,0.3044032344055376,0.3011909645637451,0.016629537121338012,0.3405932788408469,0.0,1.0
copy_without_path,178,alive,0.92,0.06412064369093119,0.3044032344055376,0.30106920326998293,0.01661631455182458,0.3405415543446191,0.0,1.0
copy_without_path,179,alive,0.92,0.06410343367354417,0.3044032344055376,0.30094744197622075,0.01660342927522569,0.34049003968386043,0.0,1.0
copy_without_path,180,alive,0.92,0.06408622365615715,0.3044032344055376,0.3008256806824585,0.01659087008178839,0.340438726465152,0.0,1.0
copy_without_path,181,alive,0.92,0.06406901363877014,0.3044032344055376,0.3007039193886963,0.016578626135675067,0.34038760663081197,0.0,1.0
copy_without_path,182,alive,0.92,0.06405180362138313,0.3044032344055376,0.30058215809493405,0.01656668696244883,0.34033667244546545,0.0,1.0
copy_without_path,183,alive,0.92,0.06403459360399612,0.3044032344055376,0.3004603968011718,0.016555042436979302,0.3402859164831529,0.0,1.0
copy_without_path,184,alive,0.92,0.0640173835866091,0.3044032344055376,0.30033863550740963,0.016543682771754612,0.3402353316149526,0.0,1.0
copy_without_path,185,alive,0.92,0.0640001735692221,0.3044032344055376,0.30021687421364746,0.016532598505585888,0.34018491099710046,0.0,1.0
copy_without_path,186,alive,0.92,0.0639829635518351,0.3044032344055376,0.3000951129198852,0.016521780492691013,0.3401346480595823,0.0,1.0
copy_without_path,187,alive,0.92,0.06396575353444806,0.3044032344055376,0.29997335162612293,0.016511219892144914,0.34008453649518494,0.0,1.0
copy_without_path,188,alive,0.92,0.06394854351706106,0.3044032344055376,0.29985159033236075,0.01650090815768394,0.34003457024898337,0.0,1.0
copy_without_path,189,alive,0.92,0.06393133349967405,0.3044032344055376,0.2997298290385985,0.016490837027852482,0.33998474350824986,0.0,1.0
copy_without_path,190,alive,0.92,0.06391412348228703,0.3044032344055376,0.29960806774483634,0.01648099851648025,0.33993505069276553,0.0,1.0
copy_without_path,191,alive,0.92,0.06389691346490002,0.3044032344055376,0.2994863064510741,0.016471384903479096,0.3398854864455207,0.0,1.0
copy_without_path,192,alive,0.92,0.063879703447513,0.3044032344055376,0.2993645451573119,0.016461988725948604,0.3398360456237856,0.0,1.0
copy_without_path,193,alive,0.92,0.06386249343012598,0.3044032344055376,0.29924278386354963,0.016452802769580038,0.3397867232905399,0.0,1.0
copy_without_path,194,alive,0.92,0.06384528341273898,0.3044032344055376,0.29912102256978745,0.016443820060348658,0.33973751470624397,0.0,1.0
copy_without_path,195,alive,0.92,0.06382807339535196,0.3044032344055376,0.2989992612760252,0.0164350338564846,0.3396884153209399,0.0,1.0
copy_without_path,196,alive,0.92,0.06381086337796496,0.3044032344055376,0.29887749998226304,0.016426437640713044,0.33963942076666787,0.0,1.0
copy_without_path,197,alive,0.92,0.06379365336057793,0.3044032344055376,0.2987557386885008,0.016418025112754503,0.3395905268501867,0.0,1.0
copy_without_path,198,alive,0.92,0.06377644334319092,0.3044032344055376,0.29863397739473857,0.016409790182076608,0.3395417295459849,0.0,1.0
copy_without_path,199,alive,0.92,0.06375923332580391,0.3044032344055376,0.2985122161009764,0.01640172696088876,0.33949302498957096,0.0,1.0
copy_without_path,200,alive,0.92,0.0637420233084169,0.3044032344055376,0.29839045480721416,0.016393829757371633,0.33944440947103366,0.0,1.0
copy_without_path,201,alive,0.92,0.06372481329102989,0.3044032344055376,0.2982686935134519,0.016386093069133568,0.33939587942885774,0.0,1.0
copy_without_path,202,alive,0.92,0.06370760327364287,0.3044032344055376,0.29814693221968974,0.016378511576886152,0.33934743144398893,0.0,1.0
copy_without_path,203,alive,0.92,0.06369039325625585,0.3044032344055376,0.29802517092592756,0.016371080138331752,0.33929906223413475,0.0,1.0
copy_without_path,204,alive,0.92,0.06367318323886884,0.3044032344055376,0.29790340963216533,0.01636379378225577,0.33925076864829484,0.0,1.0
copy_without_path,205,alive,0.92,0.06365597322148182,0.3044032344055376,0.2977816483384031,0.016356647702816772,0.3392025476615083,0.0,1.0
copy_without_path,206,alive,0.92,0.06363876320409483,0.3044032344055376,0.2976598870446408,0.01634963725402784,0.33915439636981337,0.0,1.0
copy_without_path,207,alive,0.92,0.06362155318670781,0.3044032344055376,0.2975381257508786,0.016342757944422713,0.33910631198540614,0.0,1.0
copy_without_path,208,alive,0.92,0.06360434316932079,0.3044032344055376,0.29741636445711644,0.01633600543190053,0.3390582918319952,0.0,1.0
copy_without_path,209,alive,0.92,0.06358713315193379,0.3044032344055376,0.29729460316335427,0.016329375518743094,0.33901033334034064,0.0,1.0
copy_without_path,210,alive,0.92,0.06356992313454676,0.3044032344055376,0.29717284186959203,0.016322864146799013,0.33896243404397225,0.0,1.0
copy_without_path,211,alive,0.92,0.06355271311715975,0.3044032344055376,0.2970510805758298,0.016316467392828923,0.3389145915750785,0.0,1.0
copy_without_path,212,alive,0.92,0.06353550309977275,0.3044032344055376,0.2969293192820676,0.01631018146400653,0.3388668036605606,0.0,1.0
copy_without_path,213,alive,0.92,0.06351829308238573,0.3044032344055376,0.2968075579883053,0.016304002693570196,0.3388190681182433,0.0,1.0
copy_without_path,214,alive,0.92,0.06350108306499871,0.3044032344055376,0.29668579669454315,0.01629792753661995,0.3387713828532387,0.0,1.0
copy_without_path,215,alive,0.92,0.0634838730476117,0.3044032344055376,0.29656403540078097,0.016291952566055142,0.33872374585445425,0.0,1.0
copy_without_path,216,alive,0.92,0.06346666303022469,0.3044032344055376,0.29644227410701873,0.016286074468647962,0.3386761551912411,0.0,1.0
copy_without_path,217,alive,0.92,0.06344945301283768,0.3044032344055376,0.29632051281325655,0.016280290041248233,0.3386286090101766,0.0,1.0
copy_without_path,218,alive,0.92,0.06343224299545067,0.3044032344055376,0.2961987515194942,0.016274596187115173,0.33858110553197446,0.0,1.0
copy_without_path,219,alive,0.92,0.06341503297806364,0.3044032344055376,0.29607699022573203,0.016268989912371752,0.33853364304852046,0.0,1.0
copy_without_path,220,alive,0.92,0.06339782296067664,0.3044032344055376,0.29595522893196985,0.016263468322577614,0.33848621992002464,0.0,1.0
copy_without_path,221,alive,0.92,0.06338061294328963,0.3044032344055376,0.29583346763820767,0.016258028619416512,0.33843883457228857,0.0,1.0
copy_without_path,222,alive,0.92,0.06336340292590262,0.3044032344055376,0.29571170634444544,0.01625266809749452,0.3383914854940819,0.0,1.0
copy_without_path,223,alive,0.92,0.0633461929085156,0.3044032344055376,0.2955899450506832,0.016247384141245175,0.3383441712346235,0.0,1.0
copy_without_path,224,alive,0.92,0.0633289828911286,0.3044032344055376,0.295468183756921,0.01624217422193808,0.3382968904011634,0.0,1.0
copy_without_path,225,alive,0.92,0.06331177287374157,0.3044032344055376,0.2953464224631588,0.016237035894787425,0.3382496416566617,0.0,1.0
copy_without_path,226,alive,0.92,0.06329456285635456,0.3044032344055376,0.29522466116939655,0.016231966796157103,0.33820242371756,0.0,1.0
copy_without_path,227,alive,0.92,0.06327735283896754,0.3044032344055376,0.2951028998756344,0.01622696464085919,0.3381552353516424,0.0,1.0
copy_without_path,228,alive,0.92,0.06326014282158055,0.3044032344055376,0.29498113858187214,0.016222027219542644,0.3381080753759813,0.0,1.0
copy_without_path,229,alive,0.92,0.06324293280419352,0.3044032344055376,0.2948593772881099,0.016217152396169204,0.3380609426549669,0.0,1.0
copy_without_path,230,alive,0.92,0.0632257227868065,0.3044032344055376,0.2947376159943476,0.016212338105573557,0.3380138360984128,0.0,1.0
copy_without_path,231,alive,0.92,0.0632085127694195,0.3044032344055376,0.29461585470058543,0.016207582351105,0.33796675465974096,0.0,1.0
copy_without_path,232,alive,0.92,0.06319130275203248,0.3044032344055376,0.29449409340682325,0.016202883202347765,0.33791969733423594,0.0,1.0
copy_without_path,233,alive,0.92,0.06317409273464547,0.3044032344055376,0.294372332113061,0.016198238792917513,0.33787266315737113,0.0,1.0
copy_without_path,234,alive,0.92,0.06315688271725846,0.3044032344055376,0.29425057081929884,0.016193647318331277,0.33782565120320085,0.0,1.0
copy_without_path,235,alive,0.92,0.06313967269987145,0.3044032344055376,0.29412880952553666,0.016189107033948578,0.33777866058281736,0.0,1.0
copy_without_path,236,alive,0.92,0.06312246268248443,0.3044032344055376,0.29400704823177437,0.01618461625298117,0.33773169044286916,0.0,1.0
copy_without_path,237,alive,0.92,0.06310525266509742,0.3044032344055376,0.29388528693801214,0.01618017334456918,0.33768473996413895,0.0,1.0
copy_without_path,238,alive,0.92,0.06308804264771041,0.3044032344055376,0.29376352564424996,0.016175776731921533,0.3376378083601778,0.0,1.0
copy_without_path,239,alive,0.92,0.0630708326303234,0.3044032344055376,0.2936417643504877,0.016171424890518215,0.3375908948759951,0.0,1.0
copy_without_path,240,alive,0.92,0.06305362261293639,0.3044032344055376,0.29352000305672554,0.016167116346372676,0.33754399878679975,0.0,1.0
copy_without_path,241,alive,0.92,0.06303641259554936,0.3044032344055376,0.29339824176296336,0.01616284967435206,0.3374971193967921,0.0,1.0
copy_without_path,242,alive,0.92,0.06301920257816235,0.3044032344055376,0.2932764804692011,0.016158623496553486,0.3374502560380048,0.0,1.0
copy_without_path,243,alive,0.92,0.06300199256077534,0.3044032344055376,0.29315471917543884,0.016154436480734467,0.33740340806918884,0.0,1.0
copy_without_path,244,alive,0.92,0.06298478254338834,0.3044032344055376,0.29303295788167666,0.016150287338795602,0.33735657487474563,0.0,1.0
copy_without_path,245,alive,0.92,0.06296757252600131,0.3044032344055376,0.2929111965879144,0.016146174825313934,0.3373097558637001,0.0,1.0
copy_without_path,246,alive,0.92,0.0629503625086143,0.3044032344055376,0.29278943529415224,0.016142097736125075,0.33726295046871635,0.0,1.0
copy_without_path,247,alive,0.92,0.06293315249122729,0.3044032344055376,0.29266767400039,0.01613805490695268,0.3372161581451519,0.0,1.0
copy_without_path,248,alive,0.92,0.06291594247384028,0.3044032344055376,0.2925459127066279,0.01613404521208352,0.33716937837015,0.0,1.0
copy_without_path,249,alive,0.92,0.06289873245645326,0.3044032344055376,0.2924241514128656,0.016130067563086724,0.3371226106417681,0.0,1.0
copy_without_path,250,death_frozen,0.92,0.0,0.3044032344055376,0.2924241514128656,0.016049417225271288,0.3374633465320811,0.0,0.998
copy_without_path,251,death_frozen,0.92,0.0,0.3044032344055376,0.2924241514128656,0.01596917013914493,0.33780340095061334,0.0,0.996004
copy_without_path,252,death_frozen,0.92,0.0,0.3044032344055376,0.2924241514128656,0.015889324288449205,0.3381427752603086,0.0,0.994011992
copy_without_path,253,death_frozen,0.92,0.0,0.3044032344055376,0.2924241514128656,0.01580987766700696,0.33848147082138447,0.0,0.992023968016
copy_without_path,254,death_frozen,0.92,0.0,0.3044032344055376,0.2924241514128656,0.015730828278671925,0.3388194889913381,0.0,0.990039920079968
copy_without_path,255,death_frozen,0.92,0.0,0.3044032344055376,0.2924241514128656,0.015652174137278565,0.33915683112495193,0.0,0.9880598402398081
copy_without_path,256,death_frozen,0.92,0.0,0.3044032344055376,0.2924241514128656,0.01557391326659217,0.3394934985742985,0.0,0.9860837205593285
copy_without_path,257,death_frozen,0.92,0.0,0.3044032344055376,0.2924241514128656,0.015496043700259211,0.33982949268874635,0.0,0.9841115531182099
copy_without_path,258,death_frozen,0.92,0.0,0.3044032344055376,0.2924241514128656,0.015418563481757916,0.3401648148149653,0.0,0.9821433300119734
copy_without_path,259,death_frozen,0.92,0.0,0.3044032344055376,0.2924241514128656,0.015341470664349125,0.34049946629693184,0.0,0.9801790433519495
copy_without_path,260,death_frozen,0.92,0.0,0.3044032344055376,0.2924241514128656,0.01526476331102738,0.34083344847593444,0.0,0.9782186852652456
copy_without_path,261,death_frozen,0.92,0.0,0.3044032344055376,0.2924241514128656,0.015188439494472244,0.34116676269057905,0.0,0.976262247894715
copy_without_path,262,death_frozen,0.92,0.0,0.3044032344055376,0.2924241514128656,0.015112497296999882,0.34149941027679437,0.0,0.9743097233989256
copy_without_path,263,death_frozen,0.92,0.0,0.3044032344055376,0.2924241514128656,0.015036934810514883,0.3418313925678373,0.0,0.9723611039521278
copy_without_path,264,death_frozen,0.92,0.0,0.3044032344055376,0.2924241514128656,0.014961750136462311,0.34216271089429795,0.0,0.9704163817442236
copy_without_path,265,death_frozen,0.92,0.0,0.3044032344055376,0.2924241514128656,0.014886941385779997,0.3424933665841059,0.0,0.9684755489807352
copy_without_path,266,death_frozen,0.92,0.0,0.3044032344055376,0.2924241514128656,0.014812506678851095,0.34282336096253413,0.0,0.9665385978827737
copy_without_path,267,death_frozen,0.92,0.0,0.3044032344055376,0.2924241514128656,0.01473844414545684,0.34315269535220555,0.0,0.9646055206870082
copy_without_path,268,death_frozen,0.92,0.0,0.3044032344055376,0.2924241514128656,0.014664751924729554,0.3434813710730975,0.0,0.9626763096456342
copy_without_path,269,death_frozen,0.92,0.0,0.3044032344055376,0.2924241514128656,0.01459142816510591,0.3438093894425478,0.0,0.9607509570263429
copy_without_path,270,death_frozen,0.92,0.0,0.3044032344055376,0.2924241514128656,0.014518471024280378,0.34413675177525915,0.0,0.9588294551122902
copy_without_path,271,death_frozen,0.92,0.0,0.3044032344055376,0.2924241514128656,0.014445878669158977,0.3444634593833051,0.0,0.9569117962020657
copy_without_path,272,death_frozen,0.92,0.0,0.3044032344055376,0.2924241514128656,0.014373649275813182,0.34478951357613496,0.0,0.9549979726096616
copy_without_path,273,death_frozen,0.92,0.0,0.3044032344055376,0.2924241514128656,0.014301781029434118,0.34511491566057917,0.0,0.9530879766644422
copy_without_path,274,death_frozen,0.92,0.0,0.3044032344055376,0.2924241514128656,0.014230272124286944,0.34543966694085443,0.0,0.9511818007111134
copy_without_path,275,death_frozen,0.92,0.0,0.3044032344055376,0.2924241514128656,0.014159120763665512,0.3457637687185692,0.0,0.9492794371096911
copy_without_path,276,death_frozen,0.92,0.0,0.3044032344055376,0.2924241514128656,0.014088325159847181,0.34608722229272854,0.0,0.9473808782354717
copy_without_path,277,death_frozen,0.92,0.0,0.3044032344055376,0.2924241514128656,0.014017883534047947,0.34641002895973955,0.0,0.9454861164790007
copy_without_path,278,death_frozen,0.92,0.0,0.3044032344055376,0.2924241514128656,0.013947794116377707,0.3467321900134165,0.0,0.9435951442460427
copy_without_path,279,death_frozen,0.92,0.0,0.3044032344055376,0.2924241514128656,0.013878055145795818,0.34705370674498615,0.0,0.9417079539575507
copy_without_path,280,death_frozen,0.92,0.0,0.3044032344055376,0.2924241514128656,0.013808664870066838,0.34737458044309266,0.0,0.9398245380496356
copy_without_path,281,death_frozen,0.92,0.0,0.3044032344055376,0.2924241514128656,0.013739621545716505,0.34769481239380295,0.0,0.9379448889735363
copy_without_path,282,death_frozen,0.92,0.0,0.3044032344055376,0.2924241514128656,0.013670923437987923,0.3480144038806117,0.0,0.9360689991955893
copy_without_path,283,death_frozen,0.92,0.0,0.3044032344055376,0.2924241514128656,0.013602568820797984,0.34833335618444694,0.0,0.9341968611971981
copy_without_path,284,death_frozen,0.92,0.0,0.3044032344055376,0.2924241514128656,0.013534555976693992,0.3486516705836745,0.0,0.9323284674748037
copy_without_path,285,death_frozen,0.92,0.0,0.3044032344055376,0.2924241514128656,0.013466883196810523,0.3489693483541037,0.0,0.930463810539854
copy_without_path,286,death_frozen,0.92,0.0,0.3044032344055376,0.2924241514128656,0.013399548780826472,0.34928639076899193,0.0,0.9286028829187744
copy_without_path,287,death_frozen,0.92,0.0,0.3044032344055376,0.2924241514128656,0.013332551036922338,0.3496027990990504,0.0,0.9267456771529368
copy_without_path,288,death_frozen,0.92,0.0,0.3044032344055376,0.2924241514128656,0.013265888281737727,0.34991857461244874,0.0,0.9248921857986309
copy_without_path,289,death_frozen,0.92,0.0,0.3044032344055376,0.2924241514128656,0.013199558840329037,0.35023371857482033,0.0,0.9230424014270336
copy_without_path,290,death_frozen,0.92,0.0,0.3044032344055376,0.2924241514128656,0.013133561046127392,0.3505482322492671,0.0,0.9211963166241796
copy_without_path,291,death_frozen,0.92,0.0,0.3044032344055376,0.2924241514128656,0.013067893240896756,0.35086211689636504,0.0,0.9193539239909312
copy_without_path,292,death_frozen,0.92,0.0,0.3044032344055376,0.2924241514128656,0.013002553774692274,0.3511753737741688,0.0,0.9175152161429493
copy_without_path,293,death_frozen,0.92,0.0,0.3044032344055376,0.2924241514128656,0.012937541005818813,0.3514880041382169,0.0,0.9156801857106633
copy_without_path,294,death_frozen,0.92,0.0,0.3044032344055376,0.2924241514128656,0.012872853300789718,0.351800009241537,0.0,0.913848825339242
copy_without_path,295,death_frozen,0.92,0.0,0.3044032344055376,0.2924241514128656,0.012808489034285768,0.35211139033465033,0.0,0.9120211276885636
copy_without_path,296,death_frozen,0.92,0.0,0.3044032344055376,0.2924241514128656,0.012744446589114338,0.3524221486655775,0.0,0.9101970854331864
copy_without_path,297,death_frozen,0.92,0.0,0.3044032344055376,0.2924241514128656,0.012680724356168767,0.35273228547984276,0.0,0.9083766912623201
copy_without_path,298,death_frozen,0.92,0.0,0.3044032344055376,0.2924241514128656,0.012617320734387923,0.3530418020204795,0.0,0.9065599378797955
copy_without_path,299,death_frozen,0.92,0.0,0.3044032344055376,0.2924241514128656,0.012554234130715982,0.35335069952803505,0.0,0.9047468180040359
copy_without_path,300,death_frozen,0.92,0.0,0.3044032344055376,0.2924241514128656,0.012491462960062401,0.3536589792405755,0.0,0.9029373243680279
copy_without_path,301,death_frozen,0.92,0.0,0.3044032344055376,0.2924241514128656,0.01242900564526209,0.35396664239369074,0.0,0.9011314497192918
copy_without_path,302,death_frozen,0.92,0.0,0.3044032344055376,0.2924241514128656,0.01236686061703578,0.35427369022049987,0.0,0.8993291868198532
copy_without_path,303,death_frozen,0.92,0.0,0.3044032344055376,0.2924241514128656,0.012305026313950602,0.3545801239516553,0.0,0.8975305284462135
copy_without_path,304,death_frozen,0.92,0.0,0.3044032344055376,0.2924241514128656,0.012243501182380849,0.35488594481534846,0.0,0.8957354673893211
copy_without_path,305,death_frozen,0.92,0.0,0.3044032344055376,0.2924241514128656,0.012182283676468945,0.3551911540373142,0.0,0.8939439964545425
copy_without_path,306,death_frozen,0.92,0.0,0.3044032344055376,0.2924241514128656,0.012121372258086597,0.35549575284083607,0.0,0.8921561084616334
copy_without_path,307,death_frozen,0.92,0.0,0.3044032344055376,0.2924241514128656,0.012060765396796166,0.3557997424467508,0.0,0.8903717962447101
copy_without_path,308,death_frozen,0.92,0.0,0.3044032344055376,0.2924241514128656,0.012000461569812187,0.3561031240734538,0.0,0.8885910526522206
copy_without_path,309,death_frozen,0.92,0.0,0.3044032344055376,0.2924241514128656,0.011940459261963127,0.35640589893690333,0.0,0.8868138705469162
copy_without_path,310,death_frozen,0.92,0.0,0.3044032344055376,0.2924241514128656,0.011880756965653308,0.356708068250626,0.0,0.8850402428058224
copy_without_path,311,death_frozen,0.92,0.0,0.3044032344055376,0.2924241514128656,0.011821353180825046,0.3570096332257212,0.0,0.8832701623202107
copy_without_path,312,death_frozen,0.92,0.0,0.3044032344055376,0.2924241514128656,0.011762246414920918,0.3573105950708662,0.0,0.8815036219955703
copy_without_path,313,death_frozen,0.92,0.0,0.3044032344055376,0.2924241514128656,0.011703435182846313,0.35761095499232093,0.0,0.8797406147515792
copy_without_path,314,death_frozen,0.92,0.0,0.3044032344055376,0.2924241514128656,0.01164491800693208,0.3579107141939328,0.0,0.877981133522076
copy_without_path,315,death_frozen,0.92,0.0,0.3044032344055376,0.2924241514128656,0.01158669341689742,0.35820987387714137,0.0,0.8762251712550319
copy_without_path,316,death_frozen,0.92,0.0,0.3044032344055376,0.2924241514128656,0.011528759949812933,0.3585084352409835,0.0,0.8744727209125218
copy_without_path,317,death_frozen,0.92,0.0,0.3044032344055376,0.2924241514128656,0.011471116150063866,0.358806399482098,0.0,0.8727237754706968
copy_without_path,318,death_frozen,0.92,0.0,0.3044032344055376,0.2924241514128656,0.011413760569313548,0.35910376779473024,0.0,0.8709783279197554
copy_without_path,319,death_frozen,0.92,0.0,0.3044032344055376,0.2924241514128656,0.01135669176646698,0.3594005413707373,0.0,0.8692363712639158
copy_without_path,320,death_frozen,0.92,0.0,0.3044032344055376,0.2924241514128656,0.011299908307634644,0.3596967213995923,0.0,0.867497898521388
copy_without_path,321,death_frozen,0.92,0.0,0.3044032344055376,0.2924241514128656,0.011243408766096473,0.3599923090683895,0.0,0.8657629027243453
copy_without_path,322,death_frozen,0.92,0.0,0.3044032344055376,0.2924241514128656,0.011187191722265991,0.36028730556184924,0.0,0.8640313769188966
copy_without_path,323,death_frozen,0.92,0.0,0.3044032344055376,0.2924241514128656,0.011131255763654662,0.360581712062322,0.0,0.8623033141650589
copy_without_path,324,death_frozen,0.92,0.0,0.3044032344055376,0.2924241514128656,0.011075599484836387,0.3608755297497938,0.0,0.8605787075367288
copy_without_path,325,death_frozen,0.92,0.0,0.3044032344055376,0.2924241514128656,0.011020221487412206,0.3611687598018906,0.0,0.8588575501216553
copy_without_path,326,death_frozen,0.92,0.0,0.3044032344055376,0.2924241514128656,0.010965120379975145,0.36146140339388333,0.0,0.857139835021412
copy_without_path,327,death_frozen,0.92,0.0,0.3044032344055376,0.2924241514128656,0.010910294778075268,0.361753461698692,0.0,0.8554255553513692
copy_without_path,328,death_frozen,0.92,0.0,0.3044032344055376,0.2924241514128656,0.010855743304184892,0.3620449358868911,0.0,0.8537147042406664
copy_without_path,329,death_frozen,0.92,0.0,0.3044032344055376,0.2924241514128656,0.010801464587663968,0.3623358271267138,0.0,0.8520072748321851
copy_without_path,330,death_frozen,0.92,0.0,0.3044032344055376,0.2924241514128656,0.010747457264725648,0.3626261365840568,0.0,0.8503032602825207
copy_without_path,331,death_frozen,0.92,0.0,0.3044032344055376,0.2924241514128656,0.01069371997840202,0.36291586542248516,0.0,0.8486026537619556
copy_without_path,332,death_frozen,0.92,0.0,0.3044032344055376,0.2924241514128656,0.01064025137851001,0.36320501480323664,0.0,0.8469054484544317
copy_without_path,333,death_frozen,0.92,0.0,0.3044032344055376,0.2924241514128656,0.01058705012161746,0.3634935858852266,0.0,0.8452116375575228
copy_without_path,334,death_frozen,0.92,0.0,0.3044032344055376,0.2924241514128656,0.010534114871009371,0.36378157982505266,0.0,0.8435212142824078
copy_without_path,335,death_frozen,0.92,0.0,0.3044032344055376,0.2924241514128656,0.010481444296654326,0.36406899777699897,0.0,0.841834171853843
copy_without_path,336,death_frozen,0.92,0.0,0.3044032344055376,0.2924241514128656,0.010429037075171052,0.3643558408930414,0.0,0.8401505035101353
copy_without_path,337,death_frozen,0.92,0.0,0.3044032344055376,0.2924241514128656,0.0103768918897952,0.3646421103228519,0.0,0.838470202503115
copy_without_path,338,death_frozen,0.92,0.0,0.3044032344055376,0.2924241514128656,0.010325007430346223,0.3649278072138026,0.0,0.8367932620981088
copy_without_path,339,death_frozen,0.92,0.0,0.3044032344055376,0.2924241514128656,0.010273382393194494,0.36521293271097144,0.0,0.8351196755739125
copy_without_path,340,death_frozen,0.92,0.0,0.3044032344055376,0.2924241514128656,0.010222015481228518,0.36549748795714593,0.0,0.8334494362227647
copy_without_path,341,death_frozen,0.92,0.0,0.3044032344055376,0.2924241514128656,0.010170905403822376,0.36578147409282813,0.0,0.8317825373503192
copy_without_path,342,death_frozen,0.92,0.0,0.3044032344055376,0.2924241514128656,0.010120050876803264,0.36606489225623895,0.0,0.8301189722756185
copy_without_path,343,death_frozen,0.92,0.0,0.3044032344055376,0.2924241514128656,0.01006945062241925,0.36634774358332295,0.0,0.8284587343310672
copy_without_path,344,death_frozen,0.92,0.0,0.3044032344055376,0.2924241514128656,0.010019103369307152,0.3666300292077528,0.0,0.8268018168624051
copy_without_path,345,death_frozen,0.92,0.0,0.3044032344055376,0.2924241514128656,0.009969007852460616,0.36691175026093364,0.0,0.8251482132286803
copy_without_path,346,death_frozen,0.92,0.0,0.3044032344055376,0.2924241514128656,0.009919162813198313,0.36719290787200826,0.0,0.823497916802223
copy_without_path,347,death_frozen,0.92,0.0,0.3044032344055376,0.2924241514128656,0.00986956699913232,0.3674735031678607,0.0,0.8218509209686186
copy_without_path,348,death_frozen,0.92,0.0,0.3044032344055376,0.2924241514128656,0.009820219164136659,0.3677535372731215,0.0,0.8202072191266814
copy_without_path,349,death_frozen,0.92,0.0,0.3044032344055376,0.2924241514128656,0.009771118068315977,0.3680330113101717,0.0,0.818566804688428
copy_without_path,350,death_frozen,0.92,0.0,0.3044032344055376,0.2924241514128656,0.009722262477974395,0.3683119263991477,0.0,0.8169296710790511
copy_without_path,351,death_frozen,0.92,0.0,0.3044032344055376,0.2924241514128656,0.009673651165584525,0.368590283657946,0.0,0.815295811736893
copy_without_path,352,death_frozen,0.92,0.0,0.3044032344055376,0.2924241514128656,0.009625282909756602,0.3688680842022265,0.0,0.8136652201134192
copy_without_path,353,death_frozen,0.92,0.0,0.3044032344055376,0.2924241514128656,0.009577156495207817,0.36914532914541853,0.0,0.8120378896731923
copy_without_path,354,death_frozen,0.92,0.0,0.3044032344055376,0.2924241514128656,0.009529270712731781,0.3694220195987241,0.0,0.8104138138938459
copy_without_path,355,death_frozen,0.92,0.0,0.3044032344055376,0.2924241514128656,0.00948162435916812,0.36969815667112305,0.0,0.8087929862660582
copy_without_path,356,death_frozen,0.92,0.0,0.3044032344055376,0.2924241514128656,0.009434216237372277,0.36997374146937734,0.0,0.8071754002935261
copy_without_path,357,death_frozen,0.92,0.0,0.3044032344055376,0.2924241514128656,0.009387045156185417,0.370248775098035,0.0,0.805561049492939
copy_without_path,358,death_frozen,0.92,0.0,0.3044032344055376,0.2924241514128656,0.009340109930404492,0.37052325865943536,0.0,0.8039499273939532
copy_without_path,359,death_frozen,0.92,0.0,0.3044032344055376,0.2924241514128656,0.009293409380752467,0.37079719325371296,0.0,0.8023420275391653
copy_without_path,360,death_frozen,0.92,0.0,0.3044032344055376,0.2924241514128656,0.009246942333848705,0.37107057997880205,0.0,0.800737343484087
copy_without_path,361,death_frozen,0.92,0.0,0.3044032344055376,0.2924241514128656,0.009200707622179461,0.37134341993044084,0.0,0.7991358687971188
copy_without_path,362,death_frozen,0.92,0.0,0.3044032344055376,0.2924241514128656,0.009154704084068564,0.37161571420217643,0.0,0.7975375970595246
copy_without_path,363,death_frozen,0.92,0.0,0.3044032344055376,0.2924241514128656,0.009108930563648221,0.3718874638853686,0.0,0.7959425218654056
copy_without_path,364,death_frozen,0.92,0.0,0.3044032344055376,0.2924241514128656,0.009063385910829981,0.37215867006919434,0.0,0.7943506368216747
copy_without_path,365,death_frozen,0.92,0.0,0.3044032344055376,0.2924241514128656,0.009018068981275832,0.3724293338406524,0.0,0.7927619355480314
copy_without_path,366,death_frozen,0.92,0.0,0.3044032344055376,0.2924241514128656,0.008972978636369451,0.3726994562845675,0.0,0.7911764116769353
copy_without_path,367,death_frozen,0.92,0.0,0.3044032344055376,0.2924241514128656,0.008928113743187603,0.3729690384835948,0.0,0.7895940588535815
copy_without_path,368,death_frozen,0.92,0.0,0.3044032344055376,0.2924241514128656,0.008883473174471666,0.3732380815182241,0.0,0.7880148707358743
copy_without_path,369,death_frozen,0.92,0.0,0.3044032344055376,0.2924241514128656,0.008839055808599307,0.37350658646678403,0.0,0.7864388409944025
copy_without_path,370,death_frozen,0.92,0.0,0.3044032344055376,0.2924241514128656,0.008794860529556312,0.373774554405447,0.0,0.7848659633124138
copy_without_path,371,death_frozen,0.92,0.0,0.3044032344055376,0.2924241514128656,0.00875088622690853,0.37404198640823255,0.0,0.783296231385789
copy_without_path,372,death_frozen,0.92,0.0,0.3044032344055376,0.2924241514128656,0.008707131795773988,0.3743088835470126,0.0,0.7817296389230174
copy_without_path,373,death_frozen,0.92,0.0,0.3044032344055376,0.2924241514128656,0.008663596136795116,0.37457524689151506,0.0,0.7801661796451713
copy_without_path,374,death_frozen,0.92,0.0,0.3044032344055376,0.2924241514128656,0.00862027815611114,0.37484107750932844,0.0,0.778605847285881
copy_without_path,375,death_frozen,0.92,0.0,0.3044032344055376,0.2924241514128656,0.008577176765330586,0.3751063764659062,0.0,0.7770486355913092
copy_without_path,376,death_frozen,0.92,0.0,0.3044032344055376,0.2924241514128656,0.008534290881503932,0.37537114482457085,0.0,0.7754945383201266
copy_without_path,377,death_frozen,0.92,0.0,0.3044032344055376,0.2924241514128656,0.008491619427096413,0.3756353836465182,0.0,0.7739435492434863
copy_without_path,378,death_frozen,0.92,0.0,0.3044032344055376,0.2924241514128656,0.00844916132996093,0.3758990939908216,0.0,0.7723956621449993
copy_without_path,379,death_frozen,0.92,0.0,0.3044032344055376,0.2924241514128656,0.008406915523311126,0.3761622769144364,0.0,0.7708508708207094
copy_without_path,380,death_frozen,0.92,0.0,0.3044032344055376,0.2924241514128656,0.008364880945694571,0.376424933472204,0.0,0.769309169079068
copy_without_path,381,death_frozen,0.92,0.0,0.3044032344055376,0.2924241514128656,0.008323056540966099,0.37668706471685603,0.0,0.7677705507409098
copy_without_path,382,death_frozen,0.92,0.0,0.3044032344055376,0.2924241514128656,0.008281441258261265,0.3769486716990188,0.0,0.766235009639428
copy_without_path,383,death_frozen,0.92,0.0,0.3044032344055376,0.2924241514128656,0.00824003405196996,0.37720975546721724,0.0,0.7647025396201492
copy_without_path,384,death_frozen,0.92,0.0,0.3044032344055376,0.2924241514128656,0.00819883388171011,0.37747031706787926,0.0,0.763173134540909
copy_without_path,385,death_frozen,0.92,0.0,0.3044032344055376,0.2924241514128656,0.00815783971230156,0.37773035754533996,0.0,0.7616467882718272
copy_without_path,386,death_frozen,0.92,0.0,0.3044032344055376,0.2924241514128656,0.008117050513740051,0.37798987794184574,0.0,0.7601234946952835
copy_without_path,387,death_frozen,0.92,0.0,0.3044032344055376,0.2924241514128656,0.008076465261171352,0.3782488792975585,0.0,0.7586032477058929
copy_without_path,388,death_frozen,0.92,0.0,0.3044032344055376,0.2924241514128656,0.008036082934865494,0.37850736265055984,0.0,0.7570860412104812
copy_without_path,389,death_frozen,0.92,0.0,0.3044032344055376,0.2924241514128656,0.007995902520191167,0.3787653290368552,0.0,0.7555718691280602
copy_without_path,390,death_frozen,0.92,0.0,0.3044032344055376,0.2924241514128656,0.007955923007590212,0.379022779490378,0.0,0.7540607253898041
copy_without_path,391,death_frozen,0.92,0.0,0.3044032344055376,0.2924241514128656,0.00791614339255226,0.3792797150429937,0.0,0.7525526039390245
copy_without_path,392,death_frozen,0.92,0.0,0.3044032344055376,0.2924241514128656,0.007876562675589498,0.37953613672450404,0.0,0.7510474987311464
copy_without_path,393,death_frozen,0.92,0.0,0.3044032344055376,0.2924241514128656,0.00783717986221155,0.37979204556265156,0.0,0.7495454037336841
copy_without_path,394,death_frozen,0.92,0.0,0.3044032344055376,0.2924241514128656,0.0077979939629004924,0.38004744258312273,0.0,0.7480463129262167
copy_without_path,395,death_frozen,0.92,0.0,0.3044032344055376,0.2924241514128656,0.007759003993085991,0.38030232880955295,0.0,0.7465502203003642
copy_without_path,396,death_frozen,0.92,0.0,0.3044032344055376,0.2924241514128656,0.007720208973120561,0.38055670526353025,0.0,0.7450571198597635
copy_without_path,397,death_frozen,0.92,0.0,0.3044032344055376,0.2924241514128656,0.007681607928254958,0.3808105729645997,0.0,0.743567005620044
copy_without_path,398,death_frozen,0.92,0.0,0.3044032344055376,0.2924241514128656,0.007643199888613683,0.38106393293026697,0.0,0.7420798716088038
copy_without_path,399,death_frozen,0.92,0.0,0.3044032344055376,0.2924241514128656,0.007604983889170615,0.38131678617600284,0.0,0.7405957118655863
copy_without_path,400,death_frozen,0.92,0.0,0.3044032344055376,0.2924241514128656,0.007566958969724761,0.38156913371524737,0.0,0.7391145204418551
copy_without_path,401,death_frozen,0.92,0.0,0.3044032344055376,0.2924241514128656,0.007529124174876137,0.38182097655941327,0.0,0.7376362914009714
copy_without_path,402,death_frozen,0.92,0.0,0.3044032344055376,0.2924241514128656,0.007491478554001757,0.3820723157178909,0.0,0.7361610188181695
copy_without_path,403,death_frozen,0.92,0.0,0.3044032344055376,0.2924241514128656,0.007454021161231748,0.3823231521980516,0.0,0.7346886967805332
copy_without_path,404,death_frozen,0.92,0.0,0.3044032344055376,0.2924241514128656,0.0074167510554255895,0.3825734870052519,0.0,0.733219319386972
copy_without_path,405,death_frozen,0.92,0.0,0.3044032344055376,0.2924241514128656,0.007379667300148461,0.3828233211428379,0.0,0.7317528807481981
copy_without_path,406,death_frozen,0.92,0.0,0.3044032344055376,0.2924241514128656,0.007342768963647719,0.3830726556121487,0.0,0.7302893749867018
copy_without_path,407,death_frozen,0.92,0.0,0.3044032344055376,0.2924241514128656,0.007306055118829481,0.3833214914125208,0.0,0.7288287962367284
copy_without_path,408,death_frozen,0.92,0.0,0.3044032344055376,0.2924241514128656,0.0072695248432353326,0.38356982954129226,0.0,0.727371138644255
copy_without_path,409,death_frozen,0.92,0.0,0.3044032344055376,0.2924241514128656,0.007233177219019156,0.3838176709938061,0.0,0.7259163963669665
copy_without_path,410,death_frozen,0.92,0.0,0.3044032344055376,0.2924241514128656,0.0071970113329240595,0.384065016763415,0.0,0.7244645635742325
copy_without_path,411,death_frozen,0.92,0.0,0.3044032344055376,0.2924241514128656,0.007161026276259441,0.3843118678414847,0.0,0.723015634447084
copy_without_path,412,death_frozen,0.92,0.0,0.3044032344055376,0.2924241514128656,0.007125221144878143,0.384558225217398,0.0,0.7215696031781899
copy_without_path,413,death_frozen,0.92,0.0,0.3044032344055376,0.2924241514128656,0.007089595039153751,0.3848040898785598,0.0,0.7201264639718334
copy_without_path,414,death_frozen,0.92,0.0,0.3044032344055376,0.2924241514128656,0.007054147063957982,0.38504946281039915,0.0,0.7186862110438897
copy_without_path,415,death_frozen,0.92,0.0,0.3044032344055376,0.2924241514128656,0.007018876328638195,0.38529434499637477,0.0,0.717248838621802
copy_without_path,416,death_frozen,0.92,0.0,0.3044032344055376,0.2924241514128656,0.006983781946995002,0.3855387374179785,0.0,0.7158143409445584
copy_without_path,417,death_frozen,0.92,0.0,0.3044032344055376,0.2924241514128656,0.006948863037260028,0.38578264105473903,0.0,0.7143827122626694
copy_without_path,418,death_frozen,0.92,0.0,0.3044032344055376,0.2924241514128656,0.006914118722073727,0.3860260568842259,0.0,0.7129539468381441
copy_without_path,419,death_frozen,0.92,0.0,0.3044032344055376,0.2924241514128656,0.006879548128463359,0.386268985882054,0.0,0.7115280389444678
copy_without_path,420,death_frozen,0.92,0.0,0.3044032344055376,0.2924241514128656,0.006845150387821041,0.3865114290218864,0.0,0.7101049828665789
copy_without_path,421,death_frozen,0.92,0.0,0.3044032344055376,0.2924241514128656,0.006810924635881936,0.38675338727543906,0.0,0.7086847729008457
copy_without_path,422,death_frozen,0.92,0.0,0.3044032344055376,0.2924241514128656,0.0067768700127025265,0.38699486161248464,0.0,0.707267403355044
copy_without_path,423,death_frozen,0.92,0.0,0.3044032344055376,0.2924241514128656,0.006742985662639013,0.3872358530008561,0.0,0.705852868548334
copy_without_path,424,death_frozen,0.92,0.0,0.3044032344055376,0.2924241514128656,0.006709270734325818,0.3874763624064509,0.0,0.7044411628112373
copy_without_path,425,death_frozen,0.92,0.0,0.3044032344055376,0.2924241514128656,0.00667572438065419,0.3877163907932345,0.0,0.7030322804856147
copy_without_path,426,death_frozen,0.92,0.0,0.3044032344055376,0.2924241514128656,0.00664234575875092,0.3879559391232444,0.0,0.7016262159246435
copy_without_path,427,death_frozen,0.92,0.0,0.3044032344055376,0.2924241514128656,0.0066091340299571635,0.3881950083565943,0.0,0.7002229634927942
copy_without_path,428,death_frozen,0.92,0.0,0.3044032344055376,0.2924241514128656,0.006576088359807378,0.3884335994514777,0.0,0.6988225175658086
copy_without_path,429,death_frozen,0.92,0.0,0.3044032344055376,0.2924241514128656,0.006543207918008341,0.38867171336417117,0.0,0.697424872530677
copy_without_path,430,death_frozen,0.92,0.0,0.3044032344055376,0.2924241514128656,0.0065104918784183,0.3889093510490393,0.0,0.6960300227856157
copy_without_path,431,death_frozen,0.92,0.0,0.3044032344055376,0.2924241514128656,0.006477939419026207,0.3891465134585376,0.0,0.6946379627400444
copy_without_path,432,death_frozen,0.92,0.0,0.3044032344055376,0.2924241514128656,0.0064455497219310775,0.38938320154321704,0.0,0.6932486868145643
copy_without_path,433,death_frozen,0.92,0.0,0.3044032344055376,0.2924241514128656,0.006413321973321421,0.389619416251727,0.0,0.6918621894409351
copy_without_path,434,death_frozen,0.92,0.0,0.3044032344055376,0.2924241514128656,0.0063812553634548155,0.38985515853082003,0.0,0.6904784650620532
copy_without_path,435,death_frozen,0.92,0.0,0.3044032344055376,0.2924241514128656,0.006349349086637541,0.39009042932535487,0.0,0.6890975081319292
copy_without_path,436,death_frozen,0.92,0.0,0.3044032344055376,0.2924241514128656,0.006317602341204352,0.39032522957830057,0.0,0.6877193131156653
copy_without_path,437,death_frozen,0.92,0.0,0.3044032344055376,0.2924241514128656,0.006286014329498332,0.39055956023074045,0.0,0.6863438744894339
copy_without_path,438,death_frozen,0.92,0.0,0.3044032344055376,0.2924241514128656,0.006254584257850839,0.39079342222187535,0.0,0.684971186740455
copy_without_path,439,death_frozen,0.92,0.0,0.3044032344055376,0.2924241514128656,0.006223311336561585,0.39102681648902815,0.0,0.6836012443669741
copy_without_path,440,death_frozen,0.92,0.0,0.3044032344055376,0.2924241514128656,0.006192194779878777,0.39125974396764657,0.0,0.6822340418782402
copy_without_path,441,death_frozen,0.92,0.0,0.3044032344055376,0.2924241514128656,0.006161233805979383,0.39149220559130776,0.0,0.6808695737944838
copy_without_path,442,death_frozen,0.92,0.0,0.3044032344055376,0.2924241514128656,0.006130427636949485,0.3917242022917215,0.0,0.6795078346468948
copy_without_path,443,death_frozen,0.92,0.0,0.3044032344055376,0.2924241514128656,0.006099775498764738,0.3919557349987346,0.0,0.678148818977601
copy_without_path,444,death_frozen,0.92,0.0,0.3044032344055376,0.2924241514128656,0.006069276621270915,0.39218680464033356,0.0,0.6767925213396458
copy_without_path,445,death_frozen,0.92,0.0,0.3044032344055376,0.2924241514128656,0.006038930238164561,0.3924174121426494,0.0,0.6754389362969666
copy_without_path,446,death_frozen,0.92,0.0,0.3044032344055376,0.2924241514128656,0.006008735586973738,0.3926475584299606,0.0,0.6740880584243727
copy_without_path,447,death_frozen,0.92,0.0,0.3044032344055376,0.2924241514128656,0.005978691909038868,0.3928772444246971,0.0,0.6727398823075239
copy_without_path,448,death_frozen,0.92,0.0,0.3044032344055376,0.2924241514128656,0.005948798449493674,0.3931064710474441,0.0,0.6713944025429088
copy_without_path,449,death_frozen,0.92,0.0,0.3044032344055376,0.2924241514128656,0.005919054457246206,0.39333523921694563,0.0,0.670051613737823
copy_without_path,450,death_frozen,0.92,0.0,0.3044032344055376,0.2924241514128656,0.005889459184959974,0.3935635498501083,0.0,0.6687115105103473
copy_without_path,451,death_frozen,0.92,0.0,0.3044032344055376,0.2924241514128656,0.0058600118890351745,0.39379140386200456,0.0,0.6673740874893266
copy_without_path,452,death_frozen,0.92,0.0,0.3044032344055376,0.2924241514128656,0.005830711829589999,0.394018802165877,0.0,0.6660393393143479
copy_without_path,453,death_frozen,0.92,0.0,0.3044032344055376,0.2924241514128656,0.005801558270442048,0.39424574567314163,0.0,0.6647072606357192
copy_without_path,454,death_frozen,0.92,0.0,0.3044032344055376,0.2924241514128656,0.0057725504790898385,0.39447223529339187,0.0,0.6633778461144477
copy_without_path,455,death_frozen,0.92,0.0,0.3044032344055376,0.2924241514128656,0.0057436877266943895,0.39469827193440155,0.0,0.6620510904222189
copy_without_path,456,death_frozen,0.92,0.0,0.3044032344055376,0.2924241514128656,0.005714969288060917,0.3949238565021292,0.0,0.6607269882413744
copy_without_path,457,death_frozen,0.92,0.0,0.3044032344055376,0.2924241514128656,0.0056863944416206125,0.39514898990072145,0.0,0.6594055342648917
copy_without_path,458,death_frozen,0.92,0.0,0.3044032344055376,0.2924241514128656,0.005657962469412509,0.3953736730325164,0.0,0.6580867231963619
copy_without_path,459,death_frozen,0.92,0.0,0.3044032344055376,0.2924241514128656,0.005629672657065448,0.39559790679804785,0.0,0.6567705497499692
copy_without_path,460,death_frozen,0.92,0.0,0.3044032344055376,0.2924241514128656,0.005601524293780121,0.3958216920960483,0.0,0.6554570086504692
copy_without_path,461,death_frozen,0.92,0.0,0.3044032344055376,0.2924241514128656,0.005573516672311219,0.3960450298234525,0.0,0.6541460946331682
copy_without_path,462,death_frozen,0.92,0.0,0.3044032344055376,0.2924241514128656,0.005545649088949663,0.39626792087540214,0.0,0.6528378024439019
copy_without_path,463,death_frozen,0.92,0.0,0.3044032344055376,0.2924241514128656,0.005517920843504916,0.3964903661452478,0.0,0.6515321268390141
copy_without_path,464,death_frozen,0.92,0.0,0.3044032344055376,0.2924241514128656,0.005490331239287391,0.3967123665245538,0.0,0.6502290625853361
copy_without_path,465,death_frozen,0.92,0.0,0.3044032344055376,0.2924241514128656,0.005462879583090954,0.3969339229031011,0.0,0.6489286044601654
copy_without_path,466,death_frozen,0.92,0.0,0.3044032344055376,0.2924241514128656,0.005435565185175498,0.39715503616889136,0.0,0.6476307472512451
copy_without_path,467,death_frozen,0.92,0.0,0.3044032344055376,0.2924241514128656,0.005408387359249621,0.3973757072081501,0.0,0.6463354857567426
copy_without_path,468,death_frozen,0.92,0.0,0.3044032344055376,0.2924241514128656,0.005381345422453373,0.3975959369053302,0.0,0.6450428147852291
copy_without_path,469,death_frozen,0.92,0.0,0.3044032344055376,0.2924241514128656,0.0053544386953411046,0.39781572614311606,0.0,0.6437527291556586
copy_without_path,470,death_frozen,0.92,0.0,0.3044032344055376,0.2924241514128656,0.0053276665018644,0.3980350758024262,0.0,0.6424652236973473
copy_without_path,471,death_frozen,0.92,0.0,0.3044032344055376,0.2924241514128656,0.005301028169355079,0.3982539867624178,0.0,0.6411802932499525
copy_without_path,472,death_frozen,0.92,0.0,0.3044032344055376,0.2924241514128656,0.005274523028508303,0.39847245990048946,0.0,0.6398979326634526
copy_without_path,473,death_frozen,0.92,0.0,0.3044032344055376,0.2924241514128656,0.005248150413365762,0.398690496092285,0.0,0.6386181367981257
copy_without_path,474,death_frozen,0.92,0.0,0.3044032344055376,0.2924241514128656,0.0052219096612989326,0.39890809621169687,0.0,0.6373409005245295
copy_without_path,475,death_frozen,0.92,0.0,0.3044032344055376,0.2924241514128656,0.005195800112992437,0.39912526113087,0.0,0.6360662187234805
copy_without_path,476,death_frozen,0.92,0.0,0.3044032344055376,0.2924241514128656,0.005169821112427477,0.3993419917202047,0.0,0.6347940862860335
copy_without_path,477,death_frozen,0.92,0.0,0.3044032344055376,0.2924241514128656,0.005143972006865339,0.39955828884836075,0.0,0.6335244981134615
copy_without_path,478,death_frozen,0.92,0.0,0.3044032344055376,0.2924241514128656,0.005118252146831013,0.3997741533822606,0.0,0.6322574491172346
copy_without_path,479,death_frozen,0.92,0.0,0.3044032344055376,0.2924241514128656,0.005092660886096857,0.39998958618709235,0.0,0.6309929342190002
copy_without_path,480,death_frozen,0.92,0.0,0.3044032344055376,0.2924241514128656,0.005067197581666372,0.4002045881263147,0.0,0.6297309483505622
copy_without_path,481,death_frozen,0.92,0.0,0.3044032344055376,0.2924241514128656,0.005041861593758041,0.40041916006165845,0.0,0.6284714864538611
copy_without_path,482,death_frozen,0.92,0.0,0.3044032344055376,0.2924241514128656,0.00501665228578925,0.40063330285313165,0.0,0.6272145434809534
copy_without_path,483,death_frozen,0.92,0.0,0.3044032344055376,0.2924241514128656,0.004991569024360303,0.40084701735902184,0.0,0.6259601143939915
copy_without_path,484,death_frozen,0.92,0.0,0.3044032344055376,0.2924241514128656,0.004966611179238502,0.4010603044359002,0.0,0.6247081941652035
copy_without_path,485,death_frozen,0.92,0.0,0.3044032344055376,0.2924241514128656,0.00494177812334231,0.4012731649386249,0.0,0.6234587777768731
copy_without_path,486,death_frozen,0.92,0.0,0.3044032344055376,0.2924241514128656,0.004917069232725599,0.40148559972034414,0.0,0.6222118602213194
copy_without_path,487,death_frozen,0.92,0.0,0.3044032344055376,0.2924241514128656,0.00489248388656197,0.4016976096324999,0.0,0.6209674365008767
copy_without_path,488,death_frozen,0.92,0.0,0.3044032344055376,0.2924241514128656,0.00486802146712916,0.40190919552483134,0.0,0.619725501627875
copy_without_path,489,death_frozen,0.92,0.0,0.3044032344055376,0.2924241514128656,0.004843681359793513,0.4021203582453781,0.0,0.6184860506246193
copy_without_path,490,death_frozen,0.92,0.0,0.3044032344055376,0.2924241514128656,0.004819462952994548,0.40233109864048383,0.0,0.61724907852337
copy_without_path,491,death_frozen,0.92,0.0,0.3044032344055376,0.2924241514128656,0.004795365638229575,0.4025414175547994,0.0,0.6160145803663232
copy_without_path,492,death_frozen,0.92,0.0,0.3044032344055376,0.2924241514128656,0.004771388810038427,0.4027513158312862,0.0,0.6147825512055906
copy_without_path,493,death_frozen,0.92,0.0,0.3044032344055376,0.2924241514128656,0.004747531865988234,0.4029607943112201,0.0,0.6135529861031793
copy_without_path,494,death_frozen,0.92,0.0,0.3044032344055376,0.2924241514128656,0.004723794206658294,0.4031698538341941,0.0,0.612325880130973
copy_without_path,495,death_frozen,0.92,0.0,0.3044032344055376,0.2924241514128656,0.004700175235625002,0.40337849523812214,0.0,0.611101228370711
copy_without_path,496,death_frozen,0.92,0.0,0.3044032344055376,0.2924241514128656,0.004676674359446876,0.40358671935924245,0.0,0.6098790259139696
copy_without_path,497,death_frozen,0.92,0.0,0.3044032344055376,0.2924241514128656,0.004653290987649642,0.40379452703212043,0.0,0.6086592678621416
copy_without_path,498,death_frozen,0.92,0.0,0.3044032344055376,0.2924241514128656,0.004630024532711394,0.40400191908965255,0.0,0.6074419493264174
copy_without_path,499,death_frozen,0.92,0.0,0.3044032344055376,0.2924241514128656,0.004606874410047836,0.4042088963630698,0.0,0.6062270654277645
copy_without_path,500,death_frozen,0.92,0.0,0.3044032344055376,0.2924241514128656,0.004583840037997598,0.40441545968194004,0.0,0.6050146112969089
copy_without_path,501,death_frozen,0.92,0.0,0.3044032344055376,0.2924241514128656,0.00456092083780761,0.40462160987417256,0.0,0.6038045820743151
copy_without_path,502,death_frozen,0.92,0.0,0.3044032344055376,0.2924241514128656,0.004538116233618571,0.40482734776602075,0.0,0.6025969729101665
copy_without_path,503,death_frozen,0.92,0.0,0.3044032344055376,0.2924241514128656,0.004515425652450479,0.4050326741820852,0.0,0.6013917789643461
copy_without_path,504,death_frozen,0.92,0.0,0.3044032344055376,0.2924241514128656,0.0044928485241882265,0.40523758994531744,0.0,0.6001889954064175
copy_without_path,505,death_frozen,0.92,0.0,0.3044032344055376,0.2924241514128656,0.004470384281567286,0.40544209587702335,0.0,0.5989886174156046
copy_without_path,506,death_frozen,0.92,0.0,0.3044032344055376,0.2924241514128656,0.0044480323601594485,0.4056461927968657,0.0,0.5977906401807734
copy_without_path,507,death_frozen,0.92,0.0,0.3044032344055376,0.2924241514128656,0.004425792198358651,0.4058498815228685,0.0,0.5965950589004119
copy_without_path,508,death_frozen,0.92,0.0,0.3044032344055376,0.2924241514128656,0.004403663237366858,0.4060531628714192,0.0,0.595401868782611
copy_without_path,509,death_frozen,0.92,0.0,0.3044032344055376,0.2924241514128656,0.004381644921180024,0.4062560376572728,0.0,0.5942110650450458
copy_without_path,510,death_frozen,0.92,0.0,0.3044032344055376,0.2924241514128656,0.004359736696574123,0.40645850669355477,0.0,0.5930226429149558
copy_without_path,511,death_frozen,0.92,0.0,0.3044032344055376,0.2924241514128656,0.004337938013091253,0.406660570791764,0.0,0.5918365976291259
copy_without_path,512,death_frozen,0.92,0.0,0.3044032344055376,0.2924241514128656,0.004316248323025796,0.40686223076177697,0.0,0.5906529244338676
copy_without_path,513,death_frozen,0.92,0.0,0.3044032344055376,0.2924241514128656,0.0042946670814106675,0.40706348741184983,0.0,0.5894716185849999
copy_without_path,514,death_frozen,0.92,0.0,0.3044032344055376,0.2924241514128656,0.004273193746003615,0.4072643415486227,0.0,0.5882926753478298
copy_without_path,515,death_frozen,0.92,0.0,0.3044032344055376,0.2924241514128656,0.004251827777273596,0.4074647939771219,0.0,0.5871160899971342
copy_without_path,516,death_frozen,0.92,0.0,0.3044032344055376,0.2924241514128656,0.004230568638387228,0.4076648455007641,0.0,0.5859418578171399
copy_without_path,517,death_frozen,0.92,0.0,0.3044032344055376,0.2924241514128656,0.004209415795195292,0.40786449692135907,0.0,0.5847699741015057
copy_without_path,518,death_frozen,0.92,0.0,0.3044032344055376,0.2924241514128656,0.004188368716219315,0.40806374903911274,0.0,0.5836004341533026
copy_without_path,519,death_frozen,0.92,0.0,0.3044032344055376,0.2924241514128656,0.00416742687263822,0.408262602652631,0.0,0.5824332332849961
copy_without_path,520,death_frozen,0.92,0.0,0.3044032344055376,0.2924241514128656,0.004146589738275028,0.4084610585589222,0.0,0.5812683668184261
copy_without_path,521,death_frozen,0.92,0.0,0.3044032344055376,0.2924241514128656,0.0041258567895836535,0.40865911755340084,0.0,0.5801058300847892
copy_without_path,522,death_frozen,0.92,0.0,0.3044032344055376,0.2924241514128656,0.004105227505635734,0.40885678042989043,0.0,0.5789456184246197
copy_without_path,523,death_frozen,0.92,0.0,0.3044032344055376,0.2924241514128656,0.004084701368107555,0.40905404798062717,0.0,0.5777877271877704
copy_without_path,524,death_frozen,0.92,0.0,0.3044032344055376,0.2924241514128656,0.004064277861267018,0.4092509209962624,0.0,0.5766321517333949
copy_without_path,525,death_frozen,0.92,0.0,0.3044032344055376,0.2924241514128656,0.004043956471960683,0.4094474002658663,0.0,0.5754788874299281
copy_without_path,526,death_frozen,0.92,0.0,0.3044032344055376,0.2924241514128656,0.00402373668960088,0.409643486576931,0.0,0.5743279296550683
copy_without_path,527,death_frozen,0.92,0.0,0.3044032344055376,0.2924241514128656,0.0040036180061528755,0.4098391807153736,0.0,0.5731792737957582
copy_without_path,528,death_frozen,0.92,0.0,0.3044032344055376,0.2924241514128656,0.0039835999161221105,0.41003448346553933,0.0,0.5720329152481667
copy_without_path,529,death_frozen,0.92,0.0,0.3044032344055376,0.2924241514128656,0.0039636819165415,0.4102293956102048,0.0,0.5708888494176704
copy_without_path,530,copied_no_path,0.92,0.12670173278934263,0.08065801143887816,0.40845978393230226,0.028709942805609404,0.6140368085943105,0.0,0.08
copy_without_path,531,copy_live,0.92,0.09706820692386012,0.07858470913304605,0.4103804327616724,0.029309309315867237,0.6055997180713957,0.0,0.08
copy_without_path,532,copy_live,0.92,0.09763152179734107,0.07649625243251974,0.41229557883258583,0.029915518103926165,0.5975165076700254,0.0,0.08
copy_without_path,533,copy_live,0.92,0.0981965994466888,0.07439259391479633,0.41420524638487244,0.030536403560027816,0.5897730017330536,0.0,0.08
copy_without_path,534,copy_live,0.92,0.0987634605936109,0.07227368559991386,0.41610945959756235,0.031152645446244635,0.5823555918779882,0.0,0.08
copy_without_path,535,copy_live,0.92,0.09933212600033307,0.07013947894936141,0.4180082425893107,0.03177231430084216,0.5752512143061788,0.0,0.08
copy_without_path,536,copy_live,0.92,0.09990261647111083,0.06798992486494837,0.41990161941882004,0.03238785602485467,0.5684473280196369,0.0,0.08
copy_without_path,537,copy_live,0.92,0.10047495285373875,0.06582497368763313,0.42178961408526283,0.03301509203172089,0.5619318939091936,0.0,0.08
copy_without_path,538,copy_live,0.92,0.10104915604105862,0.06364457519631117,0.4236722505287029,0.033646240021446124,0.5556933546791349,0.0,0.08
copy_without_path,539,copy_live,0.92,0.10162524697246593,0.061448678606562765,0.42554955263051564,0.034281476434581376,0.5497206155748596,0.0,0.08
copy_without_path,540,copy_live,0.92,0.10220324663541525,0.059243424567424714,0.42742154173700797,0.03490920162155113,0.5440030252694837,0.0,0.08
copy_without_path,541,copy_live,0.92,0.10278194046726899,0.057078097166857404,0.429288219410409,0.03554080798385834,0.5385303535600762,0.0,0.08
copy_without_path,542,copy_live,0.92,0.1033517145517253,0.05495769004404796,0.431149585210337,0.036171203802622974,0.5332927747369566,0.0,0.08
copy_without_path,543,copy_live,0.92,0.10391206948984379,0.05287764359902258,0.4330056405217033,0.036803402539543666,0.5282808523768243,0.0,0.08
copy_without_path,544,copy_live,0.92,0.10446430304583064,0.05083712671283371,0.43485638705729657,0.037432600089438765,0.523485524302589,0.0,0.08
copy_without_path,545,copy_live,0.92,0.1050089302249056,0.04883642454402596,0.4367018264101899,0.03806991142291886,0.5188980881140135,0.0,0.08
copy_without_path,546,copy_live,0.92,0.10554633285642137,0.04686342167401926,0.43854196501436665,0.038702823712102326,0.5145101876866333,0.0,0.08
copy_without_path,547,copy_live,0.92,0.1060787137246071,0.044930141046308075,0.4403768044734007,0.039342734832690004,0.5103137991032132,0.0,0.08
copy_without_path,548,copy_live,0.92,0.1066044850803636,0.04302224493460995,0.44220635212066467,0.03998125479503701,0.5063012181680221,0.0,0.08
copy_without_path,549,copy_live,0.92,0.10712604636075386,0.041146612370776575,0.44403061251371817,0.04061412999996699,0.5024650475876941,0.0,0.08
copy_without_path,550,copy_live,0.92,0.10764260435196087,0.03930127453810428,0.4458495909826077,0.0412530476820503,0.4987981849092637,0.0,0.08
copy_without_path,551,copy_live,0.92,0.10815459866076811,0.03747374220007895,0.447663297835485,0.04188977251717792,0.4952938112185512,0.0,0.08
copy_without_path,552,copy_live,0.92,0.10866392904409909,0.03568588362017842,0.4494717345991799,0.04252018133919178,0.49194537939397054,0.0,0.08
copy_without_path,553,copy_live,0.92,0.10916780032617335,0.03391345866755853,0.4512749124915355,0.04313630121748176,0.48874660384907326,0.0,0.08
copy_without_path,554,copy_live,0.92,0.10966949895007871,0.03216835968176983,0.4530728379364407,0.04375027915272688,0.48569144994292923,0.0,0.08
copy_without_path,555,copy_live,0.92,0.1101676378114826,0.030452979437114055,0.45486551637947564,0.04435801397088315,0.48277412398931063,0.0,0.08
copy_without_path,556,copy_live,0.92,0.11066203513996184,0.02875827924445014,0.45665295686372565,0.044971470003473464,0.4799890638067094,0.0,0.08
copy_without_path,557,copy_live,0.92,0.11115386126292293,0.027087552114530598,0.45843516708522947,0.04559041251014273,0.4773309294938044,0.0,0.08
copy_without_path,558,copy_live,0.92,0.11164285030079343,0.025448631640087385,0.4602121515811923,0.0462264902242112,0.47479459449858696,0.0,0.08
copy_without_path,559,copy_live,0.92,0.11212816290248293,0.023826087035071594,0.46198392104616015,0.04686338846730698,0.4723751372729834,0.0,0.08
copy_without_path,560,copy_live,0.92,0.11261160375389351,0.02223450440552235,0.46375048030494576,0.04750499399602583,0.4700678330099803,0.0,0.08
copy_without_path,561,copy_live,0.92,0.11309167038102624,0.020672894478475822,0.46551183456214795,0.0481351796268773,0.4678681458159971,0.0,0.08
copy_without_path,562,copy_live,0.92,0.11356852441206633,0.019132777808797564,0.4672679923969694,0.04876216424837713,0.4657717212348672,0.0,0.08
copy_without_path,563,copy_live,0.92,0.1140431133169021,0.017620177801372816,0.46901895995093884,0.049389888980616935,0.4637743789928694,0.0,0.08
copy_without_path,564,copy_live,0.92,0.11451488219630968,0.01613720181864195,0.4707647425023732,0.05001432744544586,0.46187210604849577,0.0,0.08
copy_without_path,565,copy_live,0.92,0.11498366720321494,0.014669752413689242,0.47250535095115,0.050631564012044224,0.460061049969319,0.0,0.08
copy_without_path,566,copy_live,0.92,0.11545090325089413,0.01323667015979169,0.4742407886249473,0.05125773459210487,0.4583375124785524,0.0,0.08
copy_without_path,567,copy_live,0.92,0.11591481698551395,0.011834790240916866,0.47597106010638857,0.05190453459264477,0.4566979433106665,0.0,0.08
copy_without_path,568,copy_live,0.92,0.11637573440552001,0.010455091833248366,0.4776961735713041,0.05254342979195141,0.4551389343249987,0.0,0.08
copy_without_path,569,copy_live,0.92,0.1168345547259926,0.009110048784494024,0.47941613217900503,0.053174567358224865,0.4536572138146925,0.0,0.08
copy_without_path,570,copy_live,0.92,0.11729015170167592,0.007788003424985017,0.4811309437414444,0.05381417924916888,0.45224964107337984,0.0,0.08
copy_without_path,571,copy_live,0.92,0.11774362023565114,0.006505010661086129,0.4828406096228332,0.05444215433504674,0.4509132011522971,0.0,0.08
copy_without_path,572,copy_live,0.92,0.11819355354927108,0.005250133170119932,0.48454513555780976,0.055070924635853453,0.4496449998439158,0.0,0.08
copy_without_path,573,copy_live,0.92,0.11864094050424528,0.0040400415336948655,0.48624452059385553,0.05568858747207696,0.4484422588524252,0.0,0.08
copy_without_path,574,copy_live,0.92,0.11908434956982322,0.0028767998700310908,0.4879387629559478,0.05630756985961922,0.4473023111635745,0.0,0.08
copy_without_path,575,copy_live,0.92,0.11952363164151412,0.0017743032872267511,0.48962785531687825,0.056943984440372915,0.4462225965963375,0.0,0.08
copy_without_path,576,copy_live,0.92,0.11995762262458132,0.0007643630438047819,0.491311777649115,0.05758147555670546,0.44520065753208443,0.0,0.08
copy_without_path,577,copy_live,0.92,0.12038367221415822,0.0,0.49299044878287307,0.058216154550454126,0.44423413481417134,0.0,0.08
copy_without_path,578,copy_live,0.92,0.1207891584178318,0.0,0.49466358030188945,0.0588601730025369,0.44332076381075813,0.0,0.08
copy_without_path,579,copy_live,0.92,0.12113122086171964,0.0,0.4963311904868932,0.05949340027936547,0.44245837063360566,0.0,0.08
copy_without_path,580,copy_live,0.92,0.12147215449954261,0.0,0.4979932975582866,0.06011625293708228,0.44164486850780943,0.0,0.08
copy_without_path,581,copy_live,0.92,0.1218119630563608,0.0,0.4996499196763442,0.06075313338438015,0.4408782542867451,0.0,0.08
copy_without_path,582,copy_live,0.92,0.12215065024494147,0.0,0.5013010749414122,0.0614037563540372,0.44015660510641824,0.0,0.08
copy_without_path,583,copy_live,0.92,0.12248821976579984,0.0,0.5029467813941055,0.06205590361077073,0.43947807517364224,0.0,0.08
copy_without_path,584,copy_live,0.92,0.12282467530723937,0.0,0.5045870570155051,0.06271764639830077,0.43884089268268966,0.0,0.08
copy_without_path,585,copy_live,0.92,0.12316002054539214,0.0,0.5062219197273539,0.06338081591414109,0.43824335685528104,0.0,0.08
copy_without_path,586,copy_live,0.92,0.12349425914425903,0.0,0.5078513873922536,0.06404548573978153,0.4376838350989735,0.0,0.08
copy_without_path,587,copy_live,0.92,0.12382739475574962,0.0,0.5094754778138592,0.0647277637641141,0.43716076027921774,0.0,0.08
copy_without_path,588,copy_live,0.92,0.12415943101972232,0.0,0.5110942087370733,0.06541923091012421,0.4366726281005328,0.0,0.08
copy_without_path,589,copy_live,0.92,0.12449037156402391,0.0,0.512707597848241,0.06612780794739975,0.4362179945924365,0.0,0.08
copy_without_path,590,copy_live,0.92,0.12482022000452929,0.0,0.5143156627753418,0.06684511187437953,0.43579547369593996,0.0,0.08
copy_without_path,591,copy_live,0.92,0.125148979945181,0.0,0.5159184210881832,0.06757899758238006,0.43540373494658413,0.0,0.08
copy_without_path,592,copy_live,0.92,0.1254766549780286,0.0,0.5175158902985922,0.06834920309700943,0.4350415012501559,0.0,0.08
copy_without_path,593,copy_live,0.92,0.12580324868326775,0.0,0.5191080878606069,0.06913073720999381,0.43470754674737855,0.0,0.08
copy_without_path,594,copy_live,0.92,0.12612876462927963,0.0,0.5206950311706668,0.06993550805290032,0.434400694764015,0.0,0.08
copy_without_path,595,copy_live,0.92,0.12645320637266966,0.0,0.5222767375678037,0.07079908066171954,0.4341198158429688,0.0,0.08
copy_without_path,596,copy_live,0.92,0.12677657745830653,0.0,0.52385322433383,0.07168786928949876,0.43386382585510364,0.0,0.08
copy_without_path,597,copy_live,0.92,0.1270988814193608,0.0,0.5254245086935283,0.07264955407797145,0.43363168418563014,0.0,0.08
copy_without_path,598,copy_live,0.92,0.12742012177734355,0.0,0.5269906078148396,0.07371836149129127,0.4334223919930405,0.0,0.08
copy_without_path,599,copy_live,0.92,0.12774030204214498,0.0,0.5285515388090506,0.07498377098240351,0.43323499053768605,0.0,0.08
copy_without_path,600,copy_live,0.92,0.1280594257120726,0.0,0.5301073187309808,0.07739527789415603,0.4330685595772138,0.0,0.08
copy_without_path,601,copy_live,0.92,0.12837749627388942,0.0,0.5316579645791686,0.07974650567723819,0.43292221582618734,0.0,0.08
copy_without_path,602,copy_live,0.92,0.12869451720285224,0.0,0.5332034932960573,0.08203949183771773,0.43279511147732486,0.0,0.08
copy_without_path,603,copy_live,0.92,0.1290104919627495,0.0,0.5347439217681803,0.08427620421626324,0.43268643278188745,0.0,0.08
copy_without_path,604,copy_live,0.92,0.1293254240059391,0.0,0.5362792668263453,0.08645854334670157,0.43259539868685587,0.0,0.08
copy_without_path,605,copy_live,0.92,0.12963931677338617,0.0,0.5378095452458185,0.08858834473510836,0.4325212595266206,0.0,0.08
copy_without_path,606,copy_live,0.92,0.12995217369470063,0.0,0.5393347737465073,0.09066738106211225,0.4324632957670052,0.0,0.08
copy_without_path,607,copy_live,0.92,0.1302639981881748,0.0,0.5408549689931437,0.09269736431100342,0.43242081679953215,0.0,0.08
copy_without_path,608,copy_live,0.92,0.1305747936608205,0.0,0.5423701475954663,0.09467994782414817,0.4323931597839179,0.0,0.08
copy_without_path,609,copy_live,0.92,0.13088456350840647,0.0,0.5438803261084013,0.09661672829012635,0.4323796885368708,0.0,0.08
copy_without_path,610,copy_live,0.92,0.1311933111154954,0.0,0.5453855210322436,0.09850924766392702,0.43237979246533775,0.0,0.08
copy_without_path,611,copy_live,0.92,0.1315010398554809,0.0,0.5468857488128371,0.10035899502245768,0.4323928855424236,0.0,0.08
copy_without_path,612,copy_live,0.92,0.1318077530906245,0.0,0.5483810258417549,0.10216740835754637,0.4324184053242749,0.0,0.08
copy_without_path,613,copy_live,0.92,0.1321134541720921,0.0,0.5498713684564771,0.10393587630854201,0.4324558120062888,0.0,0.08
copy_without_path,614,copy_live,0.92,0.13241814643999086,0.0,0.5513567929405707,0.10566573983654677,0.43250458751707704,0.0,0.08
copy_without_path,615,copy_live,0.92,0.13272183322340556,0.0,0.5528373155238667,0.1073582938422459,0.432564234648672,0.0,0.08
copy_without_path,616,copy_live,0.92,0.133024517840435,0.0,0.554312952382638,0.109014788729233,0.4326342762215251,0.0,0.08
copy_without_path,617,copy_live,0.92,0.13332620359822822,0.0,0.5557837196397752,0.11063643191466571,0.43271425428290844,0.0,0.08
copy_without_path,618,copy_live,0.92,0.13362689379302073,0.0,0.557249633364964,0.11222438928902342,0.43280372933738115,0.0,0.08
copy_without_path,619,copy_live,0.92,0.13392659171017043,0.0,0.5587107095748597,0.11377978662667985,0.43290227960803834,0.0,0.08
copy_without_path,620,copy_live,0.92,0.13422530062419352,0.0,0.5601669642332626,0.11530371094894434,0.433009500327312,0.0,0.08
copy_without_path,621,copy_live,0.92,0.13452302379880038,0.0,0.5616184132512929,0.11679721184117124,0.43312500305614127,0.0,0.08
copy_without_path,622,copy_live,0.92,0.13481976448693098,0.0,0.5630650724875637,0.1182613027254811,0.4332484150303777,0.0,0.08
copy_without_path,623,copy_live,0.92,0.1351155259307908,0.0,0.5645069577483546,0.11969696209058649,0.43337937853333464,0.0,0.08
copy_without_path,624,copy_live,0.92,0.13541031136188583,0.0,0.565944084787785,0.12110513468016473,0.43351755029343797,0.0,0.08
copy_without_path,625,copy_live,0.92,0.1357041240010583,0.0,0.5673764693079854,0.12248673264117023,0.433662600905971,0.0,0.08
copy_without_path,626,copy_live,0.92,0.13599696705852146,0.0,0.5688041269592691,0.1238426366334336,0.43381421427795097,0.0,0.08
copy_without_path,627,copy_live,0.92,0.13628884373389502,0.0,0.5702270733403034,0.12517369690184815,0.43397208709521323,0.0,0.08
copy_without_path,628,copy_live,0.92,0.13657975721623983,0.0,0.5716453239982805,0.12648073431240095,0.4341359283108118,0.0,0.08
copy_without_path,629,copy_live,0.92,0.1368697106840929,0.0,0.5730588944290862,0.12776454135326332,0.4343054586538868,0.0,0.08
copy_without_path,630,copy_live,0.92,0.13715870730550206,0.0,0.5744678000774701,0.12902588310211485,0.4344804101581781,0.0,0.08
copy_without_path,631,copy_live,0.92,0.13744675023806055,0.0,0.5758720563372145,0.13026549816083513,0.43466052570939984,0.0,0.08
copy_without_path,632,copy_live,0.92,0.13773384262894164,0.0,0.5772716785513017,0.13148409955865908,0.43484555861072116,0.0,0.08
copy_without_path,633,copy_live,0.92,0.13801998761493278,0.0,0.5786666820120824,0.13268237562485619,0.43503527216563026,0.0,0.08
copy_without_path,634,copy_live,0.92,0.13830518832247019,0.0,0.5800570819614425,0.133860990831956,0.4352294392774836,0.0,0.08
copy_without_path,635,copy_live,0.92,0.13858944786767272,0.0,0.5814428935909698,0.1350205866105103,0.4354278420650763,0.0,0.08
copy_without_path,636,copy_live,0.92,0.13887276935637605,0.0,0.5828241320421196,0.13616178213634728,0.43563027149359007,0.0,0.08
copy_without_path,637,copy_live,0.92,0.1391551558841667,0.0,0.5842008124063806,0.13728517509124163,0.4358365270203051,0.0,0.08
copy_without_path,638,copy_live,0.92,0.1394366105364156,0.0,0.5855729497254394,0.13839134239789383,0.4360464162544847,0.0,0.08
copy_without_path,639,copy_live,0.92,0.13971713638831207,0.0,0.5869405589913456,0.13948084093008067,0.4362597546308661,0.0,0.08
copy_without_path,640,copy_live,0.92,0.1399967365048973,0.0,0.5883036551466742,0.14055420819881168,0.43647636509621307,0.0,0.08
copy_without_path,641,copy_live,0.92,0.14027541394109783,0.0,0.5896622530846901,0.14161196301529674,0.4366960778084078,0.0,0.08
copy_without_path,642,copy_live,0.92,0.14055317174175885,0.0,0.5910163676495106,0.14265460613150366,0.43691872984758007,0.0,0.08
copy_without_path,643,copy_live,0.92,0.1408300129416777,0.0,0.5923660136362672,0.1436826208590589,0.43714416493879416,0.0,0.08
copy_without_path,644,copy_live,0.92,0.14110594056563686,0.0,0.5937112057912676,0.14469647366721783,0.43737223318582724,0.0,0.08
copy_without_path,645,copy_live,0.92,0.14138095762843692,0.0,0.5950519588121564,0.14569661476060905,0.4376027908156003,0.0,0.08
copy_without_path,646,copy_live,0.92,0.14165506713492976,0.0,0.5963882873480763,0.14668347863742992,0.4378356999328322,0.0,0.08
copy_without_path,647,copy_live,0.92,0.14192827208005115,0.0,0.5977202059998276,0.14765748462875258,0.4380708282845087,0.0,0.08
copy_without_path,648,copy_live,0.92,0.14220057544885364,0.0,0.599047729320028,0.14861903741957247,0.4383080490337751,0.0,0.08
copy_without_path,649,copy_live,0.92,0.14247198021653906,0.0,0.600370871813272,0.14956852755221461,0.438547240542873,0.0,0.08
copy_without_path,650,copy_live,0.92,0.14274248934849118,0.0,0.6016896479362882,0.15050633191268906,0.43878828616476306,0.0,0.08
copy_without_path,651,copy_live,0.92,0.14301210580030785,0.0,0.6030040720980986,0.15143281420056945,0.4390310740430821,0.0,0.08
copy_without_path,652,copy_live,0.92,0.1432808325178335,0.0,0.6043141586601747,0.1523483253829473,0.43927549692010465,0.0,0.08
copy_without_path,653,copy_live,0.92,0.1435486724371913,0.0,0.6056199219365962,0.1532532041329978,0.4395214519523869,0.0,0.08
copy_without_path,654,copy_live,0.92,0.14381562848481522,0.0,0.6069213761942054,0.1541477772536746,0.4397688405337865,0.0,0.08
copy_without_path,655,copy_live,0.92,0.14408170357748198,0.0,0.6082185356527645,0.1550323600870321,0.4400175681255621,0.0,0.08
copy_without_path,656,copy_live,0.92,0.14434690062234298,0.0,0.6095114144851106,0.15590725690965987,0.44026754409327185,0.0,0.08
copy_without_path,657,copy_live,0.92,0.1446112225169559,0.0,0.6108000268173095,0.15677276131469536,0.4405186815501957,0.0,0.08
copy_without_path,658,copy_live,0.92,0.14487467214931662,0.0,0.6120843867288124,0.157629156580866,0.44077089720702295,0.0,0.08
copy_without_path,659,copy_live,0.92,0.14513725239789055,0.0,0.6133645082526072,0.15847671602899735,0.4410241112275534,0.0,0.08
copy_without_path,660,copy_live,0.92,0.1453989661316442,0.0,0.6146404053753738,0.15931570336640857,0.4412782470901721,0.0,0.08
copy_without_path,661,copy_live,0.92,0.1456598162100764,0.0,0.6159120920376351,0.1601463730196028,0.4415332314548657,0.0,0.08
copy_without_path,662,copy_live,0.92,0.14591980548324984,0.0,0.6171795821339108,0.1609689704556457,0.4417889940355607,0.0,0.08
copy_without_path,663,copy_live,0.92,0.14617893679182178,0.0,0.618442889512869,0.1617837324926138,0.4420454674775682,0.0,0.08
copy_without_path,664,copy_live,0.92,0.1464372129670754,0.0,0.6197020279774764,0.1625908875994793,0.4423025872399324,0.0,0.08
copy_without_path,665,copy_live,0.92,0.14669463683095074,0.0,0.6209570112851508,0.16339065618578796,0.4425602914824877,0.0,0.08
copy_without_path,666,copy_live,0.92,0.14695121119607527,0.0,0.6222078531479098,0.16418325088147273,0.4428185209574332,0.0,0.08
copy_without_path,667,copy_live,0.92,0.1472069388657949,0.0,0.6234545672325218,0.16496887680713607,0.44307721890524626,0.0,0.08
copy_without_path,668,copy_live,0.92,0.14746182263420446,0.0,0.6246971671606544,0.16574773183512126,0.4433363309547613,0.0,0.08
copy_without_path,669,copy_live,0.92,0.14771586528617825,0.0,0.6259356665090243,0.16652000684168367,0.44359580502724516,0.0,0.08
copy_without_path,670,copy_live,0.92,0.1479690695974005,0.0,0.6271700788095445,0.1672858859505612,0.44385559124431295,0.0,0.08
copy_without_path,671,copy_live,0.92,0.14822143833439574,0.0,0.6284004175494731,0.16804554676823386,0.4441156418395267,0.0,0.08
copy_without_path,672,copy_live,0.92,0.14847297425455894,0.0,0.6296266961715596,0.16879916061115327,0.4443759110735318,0.0,0.08
copy_without_path,673,copy_live,0.92,0.14872368010618553,0.0,0.6308489280741935,0.16954689272521153,0.44463635515259015,0.0,0.08
copy_without_path,674,copy_live,0.92,0.14897355862850178,0.0,0.6320671266115487,0.17028890249771256,0.44489693215037207,0.0,0.08
copy_without_path,675,copy_live,0.92,0.14922261255169442,0.0,0.6332813050937307,0.17102534366209776,0.44515760193287846,0.0,0.08
copy_without_path,676,copy_live,0.92,0.14947084459694046,0.0,0.6344914767869212,0.1717563644956707,0.4454183260863668,0.0,0.08
copy_without_path,677,copy_live,0.92,0.14971825747643724,0.0,0.6356976549135244,0.17248210801055744,0.4456790678481625,0.0,0.08
copy_without_path,678,copy_live,0.92,0.1499648538934317,0.0,0.6368998526523098,0.17320271213813057,0.44593979204023754,0.0,0.08
copy_without_path,679,copy_live,0.92,0.15021063654225,0.0,0.6380980831385571,0.17391830990711718,0.44620046500544835,0.0,0.08
copy_without_path,680,copy_live,0.92,0.15045560810832723,0.0,0.6392923594641999,0.17462902961560514,0.4464610545463246,0.0,0.08
copy_without_path,681,copy_live,0.92,0.15069977126823644,0.0,0.640482694677968,0.17533499499715263,0.44672152986630853,0.0,0.08
copy_without_path,682,copy_live,0.92,0.15094312868971796,0.0,0.6416691017855308,0.17603632538120115,0.44698186151334574,0.0,0.08
copy_without_path,683,copy_live,0.92,0.1511856830317085,0.0,0.6428515937496384,0.1767331358479838,0.44724202132573226,0.0,0.08
copy_without_path,684,copy_live,0.92,0.15142743694437055,0.0,0.6440301834902648,0.1774255373781155,0.44750198238013117,0.0,0.08
copy_without_path,685,copy_live,0.92,0.1516683930691208,0.0,0.6452048838847468,0.17811363699704477,0.44776171894166816,0.0,0.08
copy_without_path,686,copy_live,0.92,0.15190855403865935,0.0,0.6463757077679273,0.1787975379145407,0.4480212064160248,0.0,0.08
copy_without_path,687,copy_live,0.92,0.15214792247699843,0.0,0.6475426679322931,0.17947733965938364,0.4482804213034501,0.0,0.08
copy_without_path,688,copy_live,0.92,0.15238650099949105,0.0,0.6487057771281165,0.1801531382094217,0.44853934115461136,0.0,0.08
copy_without_path,689,copy_live,0.92,0.1526242922128594,0.0,0.6498650480635936,0.18082502611714935,0.4487979445282138,0.0,0.08
copy_without_path,690,copy_live,0.92,0.1528612987152236,0.0,0.6510204934049838,0.1814930926309615,0.4490562109503152,0.0,0.08
copy_without_path,691,copy_live,0.92,0.15309752309613,0.0,0.6521721257767473,0.18215742381222755,0.44931412087527045,0.0,0.08
copy_without_path,692,copy_live,0.92,0.15333296793657944,0.0,0.6533199577616841,0.1828181026483285,0.4495716556482382,0.0,0.08
copy_without_path,693,copy_live,0.92,0.15356763580905541,0.0,0.6544640019010706,0.1834752091617938,0.44982879746918936,0.0,0.08
copy_without_path,694,copy_live,0.92,0.1538015292775522,0.0,0.655604270694797,0.18412882051566934,0.45008552935835633,0.0,0.08
copy_without_path,695,copy_live,0.92,0.15403465089760296,0.0,0.6567407766015041,0.18477901111524608,0.4503418351230649,0.0,0.08
copy_without_path,696,copy_live,0.92,0.1542670032163075,0.0,0.6578735320387192,0.18542585270627115,0.4505976993258947,0.0,0.08
copy_without_path,697,copy_live,0.92,0.15449858877236036,0.0,0.6590025493829914,0.1860694144697619,0.45085310725411426,0.0,0.08
copy_without_path,698,copy_live,0.92,0.15472941009607824,0.0,0.6601278409700275,0.1867097631135385,0.45110804489033934,0.0,0.08
copy_without_path,699,copy_live,0.92,0.15495946970942787,0.0,0.6612494190948266,0.18734696296058553,0.45136249888436675,0.0,0.08
copy_without_path,700,copy_live,0.92,0.15518877012605342,0.0,0.6623672960118134,0.1879810760343513,0.4516164565261358,0.0,0.08
copy_without_path,701,copy_live,0.92,0.1554173138513041,0.0,0.6634814839349746,0.18861216214108886,0.451869905719772,0.0,0.08
copy_without_path,702,copy_live,0.92,0.15564510338226145,0.0,0.6645919950379892,0.18924027894933912,0.45212283495867084,0.0,0.08
copy_without_path,703,copy_live,0.92,0.15587214120776668,0.0,0.6656988414543639,0.18986548206665368,0.4523752333015787,0.0,0.08
copy_without_path,704,copy_live,0.92,0.1560984298084477,0.0,0.6668020352775645,0.19048782511365075,0.45262709034963255,0.0,0.08
copy_without_path,705,copy_live,0.92,0.15632397165674647,0.0,0.6679015885611485,0.19110735979549615,0.4528783962243186,0.0,0.08
copy_without_path,706,copy_live,0.92,0.15654876921694588,0.0,0.6689975133188968,0.19172413597089594,0.45312914154631284,0.0,0.08
copy_without_path,707,copy_live,0.92,0.15677282494519662,0.0,0.6700898215249443,0.19233820171868607,0.4533793174151715,0.0,0.08
copy_without_path,708,copy_live,0.92,0.15699614128954414,0.0,0.671178525113912,0.19294960340210138,0.4536289153898333,0.0,0.08
copy_without_path,709,copy_live,0.92,0.15721872068995532,0.0,0.6722636359810361,0.19355838573080233,0.45387792746990163,0.0,0.08
copy_without_path,710,copy_live,0.92,0.15744056557834515,0.0,0.6733451659822987,0.1941645918207369,0.4541263460776802,0.0,0.08
copy_without_path,711,copy_live,0.92,0.1576616783786033,0.0,0.6744231269345571,0.1947682632519106,0.4543741640409244,0.0,0.08
copy_without_path,712,copy_live,0.92,0.15788206150662054,0.0,0.675497530615673,0.19536944012413726,0.4546213745762862,0.0,0.08
copy_without_path,713,copy_live,0.92,0.15810171737031536,0.0,0.6765683887646413,0.19596816111083876,0.4548679712734221,0.0,0.08
copy_without_path,714,copy_live,0.92,0.15832064836966,0.0,0.6776357130817179,0.19656446351096046,0.45511394807973626,0.0,0.08
copy_without_path,715,copy_live,0.92,0.15853885689670677,0.0,0.6786995152285482,0.19715838329906776,0.4553592992857376,0.0,0.08
copy_without_path,716,copy_live,0.92,0.1587563453356143,0.0,0.6797598068282942,0.19774995517368457,0.4556040195109808,0.0,0.08
copy_without_path,717,copy_live,0.92,0.15897311606267345,0.0,0.6808165994657607,0.19833921260393544,0.4558481036905739,0.0,0.08
copy_without_path,718,copy_live,0.92,0.15918917144633327,0.0,0.6818699046875237,0.19892618787454827,0.4560915470622236,0.0,0.08
copy_without_path,719,copy_live,0.92,0.15940451384722706,0.0,0.682919734002055,0.19951091212927483,0.4563343451538022,0.0,0.08
copy_without_path,720,copy_live,0.92,0.15961914561819793,0.0,0.6839660988798479,0.20009341541278244,0.4565764937714117,0.0,0.08
copy_without_path,721,copy_live,0.92,0.1598330691043245,0.0,0.6850090107535447,0.20067372671107012,0.45681798898792686,0.0,0.08
copy_without_path,722,copy_live,0.92,0.1600462866429469,0.0,0.686048481018058,0.20125187399045918,0.4570588271319976,0.0,0.08
copy_without_path,723,copy_live,0.92,0.16025880056369185,0.0,0.6870845210306983,0.20182788423520803,0.45729900477749214,0.0,0.08
copy_without_path,724,copy_live,0.92,0.1604706131884983,0.0,0.688117142111297,0.20240178348379767,0.4575385187333638,0.0,0.08
copy_without_path,725,copy_live,0.92,0.16068172683164295,0.0,0.6891463555423297,0.20297359686393418,0.45777736603392416,0.0,0.08
copy_without_path,726,copy_live,0.92,0.16089214379976516,0.0,0.6901721725690401,0.2035433486263123,0.45801554392950583,0.0,0.08
copy_without_path,727,copy_live,0.92,0.1611018663918926,0.0,0.6911946043995623,0.20411106217718233,0.4582530498775008,0.0,0.08
copy_without_path,728,copy_live,0.92,0.16131089689946604,0.0,0.6922136622050438,0.2046767601097625,0.4584898815337574,0.0,0.08
copy_without_path,729,copy_live,0.92,0.1615192376063645,0.0,0.693229357119767,0.20524046423453543,0.45872603674432283,0.0,0.08
copy_without_path,730,copy_live,0.92,0.16172689078893016,0.0,0.6942417002412719,0.20580219560846846,0.4589615135375167,0.0,0.08
copy_without_path,731,copy_live,0.92,0.16193385871599336,0.0,0.6952507026304756,0.20636197456319363,0.45919631011632356,0.0,0.08
copy_without_path,732,copy_live,0.92,0.16214014364889723,0.0,0.696256375311795,0.2069198207321848,0.45943042485108954,0.0,0.08
copy_without_path,733,copy_live,0.92,0.1623457478415225,0.0,0.697258729273266,0.20747575307696492,0.45966385627251344,0.0,0.08
copy_without_path,734,copy_live,0.92,0.1625506735403122,0.0,0.6982577754666643,0.20802978991237878,0.4598966030649177,0.0,0.08
copy_without_path,735,copy_live,0.92,0.16275492298429578,0.0,0.6992535248076244,0.2085819489309617,0.46012866405979136,0.0,0.08
copy_without_path,736,copy_live,0.92,0.1629584984051143,0.0,0.7002459881757591,0.20913224722643708,0.46036003822959093,0.0,0.08
copy_without_path,737,copy_live,0.92,0.16316140202704407,0.0,0.7012351764147793,0.20968070131637206,0.4605907246817907,0.0,0.08
copy_without_path,738,copy_live,0.92,0.1633636360670215,0.0,0.7022211003326103,0.21022732716402076,0.4608207226531724,0.0,0.08
copy_without_path,739,copy_live,0.92,0.163565202734667,0.0,0.7032037707015127,0.21077214019938353,0.46105003150434387,0.0,0.08
copy_without_path,740,copy_live,0.92,0.16376610423230928,0.0,0.7041831982581979,0.2113151553395088,0.4612786507144778,0.0,0.08
copy_without_path,741,copy_live,0.92,0.16396634275500932,0.0,0.7051593937039458,0.21185638700806464,0.46150657987626287,0.0,0.08
copy_without_path,742,copy_live,0.92,0.16416592049058443,0.0,0.7061323677047227,0.212395849154205,0.4617338186910568,0.0,0.08
copy_without_path,743,copy_live,0.92,0.16436483961963222,0.0,0.7071021308912971,0.21293355527075475,0.46196036696423487,0.0,0.08
copy_without_path,744,copy_live,0.92,0.16456310231555404,0.0,0.7080686938593559,0.2134695184117383,0.46218622460072567,0.0,0.08
copy_without_path,745,copy_live,0.92,0.1647607107445794,0.0,0.7090320671696201,0.21400375120927398,0.46241139160072575,0.0,0.08
copy_without_path,746,copy_live,0.92,0.164957667065789,0.0,0.7099922613479601,0.2145362658898558,0.46263586805558693,0.0,0.08
copy_without_path,747,copy_live,0.92,0.1651539734311385,0.0,0.7109492868855118,0.2150670742900455,0.46285965414386976,0.0,0.08
copy_without_path,748,copy_live,0.92,0.16534963198548244,0.0,0.7119031542387898,0.2155961878715937,0.463082750127555,0.0,0.08
copy_without_path,749,copy_live,0.92,0.16554464486659703,0.0,0.7128538738298019,0.21612361773601171,0.4633051563484083,0.0,0.08
copy_without_path,750,copy_live,0.92,0.1657390142052039,0.0,0.7138014560461635,0.21664937463861164,0.46352687322449015,0.0,0.08
copy_without_path,751,copy_live,0.92,0.1659327421249934,0.0,0.7147459112412111,0.21717346900203507,0.46374790124680837,0.0,0.08
copy_without_path,752,copy_live,0.92,0.16612583074264758,0.0,0.7156872497341151,0.2176959109292869,0.4639682409761029,0.0,0.08
copy_without_path,753,copy_live,0.92,0.1663182821678635,0.0,0.7166254818099926,0.2182167102162922,0.46418789303976293,0.0,0.08
copy_without_path,754,copy_live,0.92,0.16651009850337622,0.0,0.7175606177200194,0.218735876363993,0.464406858128866,0.0,0.08
copy_without_path,755,copy_live,0.92,0.16670128184498179,0.0,0.7184926676815434,0.21925341859000103,0.4646251369953383,0.0,0.08
copy_without_path,756,copy_live,0.92,0.16689183428156001,0.0,0.7194216418781944,0.21976934583982147,0.46484273044922775,0.0,0.08
copy_without_path,757,copy_live,0.92,0.16708175789509752,0.0,0.7203475504599962,0.220283666797664,0.46505963935608885,0.0,0.08
copy_without_path,758,copy_live,0.92,0.16727105476071036,0.0,0.7212704035434783,0.22079638989685457,0.465275864634472,0.0,0.08
copy_without_path,759,copy_live,0.92,0.16745972694666666,0.0,0.7221902112117848,0.22130752332986225,0.46549140725351473,0.0,0.08
copy_without_path,760,copy_live,0.92,0.16764777651440935,0.0,0.723106983514786,0.2218170750579553,0.46570626823062966,0.0,0.08
copy_without_path,761,copy_live,0.92,0.16783520551857847,0.0,0.7240207304691872,0.22232505282049872,0.4659204486292865,0.0,0.08
copy_without_path,762,copy_live,0.92,0.16802201600703381,0.0,0.724931462058639,0.22283146414390653,0.4661339495568835,0.0,0.08
copy_without_path,763,copy_live,0.92,0.16820821002087724,0.0,0.7258391882338454,0.22333631635026052,0.4663467721627049,0.0,0.08
copy_without_path,764,copy_live,0.92,0.16839378959447507,0.0,0.7267439189126735,0.22383961656560816,0.4665589176359614,0.0,0.08
copy_without_path,765,copy_live,0.92,0.16857875675547995,0.0,0.7276456639802619,0.22434137172794977,0.46677038720390884,0.0,0.08
copy_without_path,766,copy_live,0.92,0.16876311352485351,0.0,0.7285444332891269,0.2248415885949268,0.4669811821300447,0.0,0.08
copy_without_path,767,copy_live,0.92,0.16894686191688815,0.0,0.7294402366592728,0.2253402737512222,0.4671913037123764,0.0,0.08
copy_without_path,768,copy_live,0.92,0.1691300039392291,0.0,0.7303330838782972,0.22583743361568154,0.46740075328176045,0.0,0.08
copy_without_path,769,copy_live,0.92,0.16931254159289633,0.0,0.7312229847014988,0.22633307444816694,0.4676095322003086,0.0,0.08
copy_without_path,770,copy_live,0.92,0.16949447687230645,0.0,0.7321099488519839,0.22682720235615153,0.4678176418598589,0.0,0.08
copy_without_path,771,copy_live,0.92,0.1696758117652945,0.0,0.7329939860207724,0.22731982330106457,0.4680250836805087,0.0,0.08
copy_without_path,772,copy_live,0.92,0.1698565482531357,0.0,0.7338751058669039,0.22781094310439598,0.4682318591092073,0.0,0.08
copy_without_path,773,copy_live,0.92,0.170036688310567,0.0,0.7347533180175432,0.22830056745356905,0.468437969618406,0.0,0.08
copy_without_path,774,copy_live,0.92,0.17021623390580878,0.0,0.7356286320680852,0.22878870190758888,0.46864341670476245,0.0,0.08
copy_without_path,775,copy_live,0.92,0.17039518700058628,0.0,0.7365010575822605,0.22927535190247564,0.4688482018878985,0.0,0.08
copy_without_path,776,copy_live,0.92,0.17057354955015103,0.0,0.737370604092239,0.22976052275648956,0.46905232670920816,0.0,0.08
copy_without_path,777,copy_live,0.92,0.1707513235033022,0.0,0.7382372810987347,0.23024421967515554,0.4692557927307145,0.0,0.08
copy_without_path,778,copy_live,0.92,0.17092851080240798,0.0,0.7391010980711088,0.23072644775609427,0.46945860153397234,0.0,0.08
copy_without_path,779,copy_live,0.92,0.17110511338342668,0.0,0.7399620644474741,0.23120721199366706,0.46966075471901725,0.0,0.08
copy_without_path,780,copy_live,0.92,0.17128113317592805,0.0,0.7408201896347975,0.23168651728344114,0.4698622539033557,0.0,0.08
copy_without_path,781,copy_live,0.92,0.17145657210311413,0.0,0.7416754830090025,0.23216436842648153,0.4700631007209978,0.0,0.08
copy_without_path,782,copy_live,0.92,0.17163143208184053,0.0,0.742527953915073,0.23264077013347623,0.47026329682152934,0.0,0.08
copy_without_path,783,copy_live,0.92,0.17180571502263714,0.0,0.7433776116671532,0.23311572702870034,0.470462843869221,0.0,0.08
copy_without_path,784,copy_live,0.92,0.1719794228297291,0.0,0.7442244655486517,0.23358924365382505,0.4706617435421757,0.0,0.08
copy_without_path,785,copy_live,0.92,0.17215255740105764,0.0,0.745068524812341,0.23406132447157757,0.4708599975315094,0.0,0.08
copy_without_path,786,copy_live,0.92,0.17232512062830083,0.0,0.7459097986804604,0.2345319738692564,0.4710576075405657,0.0,0.08
copy_without_path,787,copy_live,0.92,0.17249711439689414,0.0,0.7467482963448149,0.23500119616210832,0.47125457528416426,0.0,0.08
copy_without_path,788,copy_live,0.92,0.17266854058605102,0.0,0.7475840269668769,0.2354689955965714,0.4714509024878779,0.0,0.08
copy_without_path,789,copy_live,0.92,0.1728394010687837,0.0,0.7484169996778861,0.2359353763533893,0.47164659088734195,0.0,0.08
copy_without_path,790,copy_live,0.92,0.17300969771192343,0.0,0.7492472235789492,0.23640034255060102,0.47184164222758923,0.0,0.08
copy_without_path,791,copy_live,0.92,0.17317943237614072,0.0,0.7500747077411386,0.23686389824641152,0.4720360582624152,0.0,0.08
copy_without_path,792,copy_live,0.92,0.1733486069159661,0.0,0.7508994612055929,0.2373260474419467,0.4722298407537675,0.0,0.08
copy_without_path,793,copy_live,0.92,0.17351722317981014,0.0,0.7517214929836145,0.2377867940838974,0.4724229914711623,0.0,0.08
copy_without_path,794,copy_live,0.92,0.1736852830099834,0.0,0.7525408120567686,0.23824614206705666,0.47261551219112263,0.0,0.08
copy_without_path,795,copy_live,0.92,0.1738527882427171,0.0,0.7533574273769812,0.2387040952367536,0.4728074046966431,0.0,0.08
copy_without_path,796,copy_live,0.92,0.1740197407081828,0.0,0.7541713478666371,0.23916065739118858,0.47299867077667374,0.0,0.08
copy_without_path,797,copy_live,0.92,0.1741861422305125,0.0,0.7549825824186771,0.23961583228367184,0.4731893122256276,0.0,0.08
copy_without_path,798,copy_live,0.92,0.17435199462781845,0.0,0.7557911398966956,0.2400696236247715,0.47337933084290784,0.0,0.08
copy_without_path,799,copy_live,0.92,0.1745172997122133,0.0,0.7565970291350366,0.24052203508437148,0.47356872843245434,0.0,0.08
copy_without_path,800,copy_live,0.92,0.1746820592898297,0.0,0.757400258938891,0.24097307029364504,0.47375750680231093,0.0,0.08
copy_without_path,801,copy_live,0.92,0.17484627516083992,0.0,0.7582008380843924,0.24142273284694568,0.473945667764208,0.0,0.08
copy_without_path,802,copy_live,0.92,0.1750099491194758,0.0,0.7589987753187142,0.24187102630361892,0.4741332131331655,0.0,0.08
copy_without_path,803,copy_live,0.92,0.1751730829540482,0.0,0.7597940793601622,0.24231795418973845,0.47432014472711076,0.0,0.08
copy_without_path,804,copy_live,0.92,0.17533567844696651,0.0,0.7605867588982738,0.24276351999976784,0.474506464366513,0.0,0.08
copy_without_path,805,copy_live,0.92,0.1754977373747582,0.0,0.7613768225939095,0.2432077271981528,0.47469217387403373,0.0,0.08
copy_without_path,806,copy_live,0.92,0.17565926150808814,0.0,0.7621642790793496,0.24365057922084504,0.4748772750741908,0.0,0.08
copy_without_path,807,copy_live,0.92,0.1758202526117781,0.0,0.7629491369583876,0.2440920794767601,0.4750617697930382,0.0,0.08
copy_without_path,808,copy_live,0.92,0.1759807124448259,0.0,0.7637314048064251,0.2445322313491735,0.4752456598578583,0.0,0.08
copy_without_path,809,copy_live,0.92,0.17614064276042465,0.0,0.7645110911705637,0.24497103819705537,0.47542894709686745,0.0,0.08
copy_without_path,810,copy_live,0.92,0.17630004530598192,0.0,0.765288204569701,0.24540850335634712,0.4756116333389348,0.0,0.08
copy_without_path,811,copy_live,0.92,0.17645892182313888,0.0,0.7660627534946209,0.24584463014118182,0.4757937204133122,0.0,0.08
copy_without_path,812,copy_live,0.92,0.17661727404778918,0.0,0.7668347464080888,0.24627942184505122,0.47597521014937677,0.0,0.08
copy_without_path,813,copy_live,0.92,0.17677510371009814,0.0,0.767604191744942,0.2467128817419202,0.4761561043763838,0.0,0.08
copy_without_path,814,copy_live,0.92,0.1769324125345215,0.0,0.7683710979121838,0.24714501308729153,0.47633640492323015,0.0,0.08
copy_without_path,815,copy_live,0.92,0.17708920223982422,0.0,0.7691354732890735,0.24757581911922302,0.4765161136182288,0.0,0.08
copy_without_path,816,copy_live,0.92,0.17724547453909947,0.0,0.7698973262272195,0.24800530305929766,0.4766952322888928,0.0,0.08
copy_without_path,817,copy_live,0.92,0.17740123113978712,0.0,0.7706566650506697,0.2484334681135504,0.47687376276172777,0.0,0.08
copy_without_path,818,copy_live,0.92,0.17755647374369246,0.0,0.7714134980560026,0.24886031747335133,0.47705170686203535,0.0,0.08
copy_without_path,819,copy_live,0.92,0.17771120404700494,0.0,0.7721678335124177,0.24928585431624836,0.47722906641372337,0.0,0.08
copy_without_path,820,copy_live,0.92,0.17786542374031653,0.0,0.7729196796618268,0.24971008180677023,0.47740584323912627,0.0,0.08
copy_without_path,821,copy_live,0.92,0.17801913450864013,0.0,0.7736690447189427,0.25013300309719166,0.4775820391588309,0.0,0.08
copy_without_path,822,copy_live,0.92,0.1781723380314283,0.0,0.7744159368713701,0.25055462132826206,0.47775765599151343,0.0,0.08
copy_without_path,823,copy_live,0.92,0.17832503598259122,0.0,0.7751603642796947,0.2509749396298993,0.4779326955537802,0.0,0.08
copy_without_path,824,copy_live,0.92,0.17847723003051533,0.0,0.7759023350775718,0.2513939611218494,0.4781071596600184,0.0,0.08
copy_without_path,825,copy_live,0.92,0.17862892183808132,0.0,0.7766418573718157,0.25181168891431477,0.4782810501222519,0.0,0.08
copy_without_path,826,copy_live,0.92,0.17878011306268232,0.0,0.7773789392424887,0.2522281261085503,0.47845436875000397,0.0,0.08
copy_without_path,827,copy_live,0.92,0.17893080535624215,0.0,0.7781135887429885,0.2526432757974302,0.47862711735016683,0.0,0.08
copy_without_path,828,copy_live,0.92,0.1790810003652332,0.0,0.7788458139001366,0.2530571410659866,0.4787992977268762,0.0,0.08
copy_without_path,829,copy_live,0.92,0.1792306997306946,0.0,0.7795756227142662,0.2534697249919197,0.47897091168139216,0.0,0.08
copy_without_path,830,copy_live,0.92,0.17937990508824994,0.0,0.7803030231593091,0.25388103064608214,0.4791419610119861,0.0,0.08
copy_without_path,831,copy_live,0.92,0.1795286180681254,0.0,0.7810280231828834,0.25429106109293786,0.47931244751383184,0.0,0.08
copy_without_path,832,copy_live,0.92,0.17967684029516726,0.0,0.7817506307063798,0.25469981939099656,0.4794823729789027,0.0,0.08
copy_without_path,833,copy_live,0.92,0.17982457338885988,0.0,0.7824708536250488,0.25510730859322484,0.47965173919587256,0.0,0.08
copy_without_path,834,copy_live,0.92,0.17997181896334333,0.0,0.7831886998080861,0.25551353174743496,0.4798205479500229,0.0,0.08
copy_without_path,835,copy_live,0.92,0.18011857862743094,0.0,0.7839041770987195,0.25591849189665195,0.4799888010231531,0.0,0.08
copy_without_path,836,copy_live,0.92,0.18026485398462708,0.0,0.7846172933142938,0.2563221920794604,0.480156500193496,0.0,0.08
copy_without_path,837,copy_live,0.92,0.18041064663314446,0.0,0.7853280562463566,0.25672463533033096,0.48032364723563625,0.0,0.08
copy_without_path,838,copy_live,0.92,0.18055595816592176,0.0,0.7860364736607436,0.2571258246799286,0.480490243920435,0.0,0.08
copy_without_path,839,copy_live,0.92,0.1807007901706409,0.0,0.7867425532976631,0.2575257631554018,0.48065629201495513,0.0,0.08
copy_without_path,840,copy_live,0.92,0.18084514422974443,0.0,0.7874463028717807,0.2579244537806551,0.48082179328239355,0.0,0.08
copy_without_path,841,copy_live,0.92,0.18098902192045294,0.0,0.7881477300723039,0.25832189957660434,0.48098674948201453,0.0,0.08
copy_without_path,842,copy_live,0.92,0.18113242481478212,0.0,0.7888468425630653,0.25871810356141633,0.481151162369087,0.0,0.08
copy_without_path,843,copy_live,0.92,0.18127535447956003,0.0,0.7895436479826071,0.259113068750733,0.48131503369482614,0.0,0.08
copy_without_path,844,copy_live,0.92,0.18141781247644415,0.0,0.7902381539442646,0.25950679815788064,0.48147836520633663,0.0,0.08
copy_without_path,845,copy_live,0.92,0.18155980036193853,0.0,0.7909303680362485,0.2598992947940657,0.4816411586465593,0.0,0.08
copy_without_path,846,copy_live,0.92,0.18170131968741082,0.0,0.7916202978217289,0.2602905616685564,0.48180341575422164,0.0,0.08
copy_without_path,847,copy_live,0.92,0.18184237199910905,0.0,0.7923079508389173,0.26068060178885194,0.4819651382637894,0.0,0.08
copy_without_path,848,copy_live,0.92,0.1819829588381786,0.0,0.7929933346011488,0.2610694181608391,0.4821263279054217,0.0,0.08
copy_without_path,849,copy_live,0.92,0.1821230817406793,0.0,0.793676456596965,0.2614570137889373,0.48228698640492923,0.0,0.08
copy_without_path,850,copy_live,0.92,0.18226274223760172,0.0,0.7943573242901949,0.2618433916762323,0.4824471154837327,0.0,0.08
copy_without_path,851,copy_live,0.92,0.18240194185488431,0.0,0.7950359451200374,0.2622285548245986,0.48260671685882717,0.0,0.08
copy_without_path,852,copy_live,0.92,0.18254068211342983,0.0,0.7957123265011412,0.2626125062348129,0.48276579224274463,0.0,0.08
copy_without_path,853,copy_live,0.92,0.1826789645291222,0.0,0.7963864758236875,0.26299524890665593,0.4829243433435217,0.0,0.08
copy_without_path,854,copy_live,0.92,0.18281679061284276,0.0,0.7970584004534693,0.26337678583900626,0.48308237186466735,0.0,0.08
copy_without_path,855,copy_live,0.92,0.18295416187048705,0.0,0.7977281077319728,0.26375712002992435,0.4832398795051347,0.0,0.08
copy_without_path,856,copy_live,0.92,0.18309107980298112,0.0,0.7983956049764573,0.2641362544767286,0.48339686795929204,0.0,0.08
copy_without_path,857,copy_live,0.92,0.18322754590629795,0.0,0.799060899480035,0.2645141921760627,0.48355333891689833,0.0,0.08
copy_without_path,858,copy_live,0.92,0.18336356167147383,0.0,0.7997239985117509,0.2648909361239554,0.48370929406307805,0.0,0.08
copy_without_path,859,copy_live,0.92,0.18349912858462464,0.0,0.8003849093166621,0.265266489315873,0.48386473507829963,0.0,0.08
copy_without_path,860,copy_live,0.92,0.18363424812696205,0.0,0.8010436391159171,0.26564085474676447,0.4840196636383543,0.0,0.08
copy_without_path,861,copy_live,0.92,0.18376892177480972,0.0,0.8017001951068345,0.2660140354110999,0.4841740814143366,0.0,0.08
copy_without_path,862,copy_live,0.92,0.18390315099961949,0.0,0.8023545844629821,0.26638603430290275,0.4843279900726272,0.0,0.08
copy_without_path,863,copy_live,0.92,0.18403693726798742,0.0,0.8030068143342541,0.26675685441577546,0.48448139127487566,0.0,0.08
copy_without_path,864,copy_live,0.92,0.18417028204166974,0.0,0.8036568918469513,0.2671264987429199,0.4846342866779856,0.0,0.08
copy_without_path,865,copy_live,0.92,0.1843031867775989,0.0,0.8043048241038562,0.2674949702771517,0.4847866779341011,0.0,0.08
copy_without_path,866,copy_live,0.92,0.1844356529278995,0.0,0.8049506181843136,0.26786227201090973,0.4849385666905937,0.0,0.08
copy_without_path,867,copy_live,0.92,0.1845676819399041,0.0,0.8055942811443053,0.2682284069362602,0.4850899545900514,0.0,0.08
copy_without_path,868,copy_live,0.92,0.18469927525616905,0.0,0.8062358200165289,0.2685933780448964,0.4852408432702679,0.0,0.08
copy_without_path,869,copy_live,0.92,0.18483043431449037,0.0,0.8068752418104744,0.26895718832813376,0.4853912343642336,0.0,0.08
copy_without_path,870,copy_live,0.92,0.18496116054791922,0.0,0.8075125535124998,0.2693198407769005,0.48554112950012746,0.0,0.08
copy_without_path,871,copy_live,0.92,0.18509145538477778,0.0,0.8081477620859088,0.2696813383817246,0.4856905303013095,0.0,0.08
copy_without_path,872,copy_live,0.92,0.18522132024867466,0.0,0.8087808744710252,0.2700416841327165,0.48583943838631477,0.0,0.08
copy_without_path,873,copy_live,0.92,0.1853507565585207,0.0,0.8094118975852709,0.2704008810195486,0.485987855368848,0.0,0.08
copy_without_path,874,copy_live,0.92,0.18547976572854427,0.0,0.8100408383232394,0.2707589320314311,0.48613578285777903,0.0,0.08
copy_without_path,875,copy_live,0.92,0.18560834916830674,0.0,0.8106677035567728,0.27111584015708456,0.4862832224571393,0.0,0.08
copy_without_path,876,copy_live,0.92,0.18573650828271795,0.0,0.8112925001350354,0.2714716083847097,0.4864301757661183,0.0,0.08
copy_without_path,877,copy_live,0.92,0.18586424447205166,0.0,0.8119152348845898,0.27182623970195413,0.4865766443790627,0.0,0.08
copy_without_path,878,copy_live,0.92,0.18599155913196058,0.0,0.8125359146094706,0.27217973709587623,0.4867226298854741,0.0,0.08
copy_without_path,879,copy_live,0.92,0.18611845365349175,0.0,0.8131545460912594,0.27253210355290686,0.4868681338700083,0.0,0.08
copy_without_path,880,copy_live,0.92,0.18624492942310192,0.0,0.8137711360891582,0.2728833420588084,0.4870131579124755,0.0,0.08
copy_without_path,881,copy_live,0.92,0.18637098782267236,0.0,0.8143856913400641,0.2732334555986316,0.4871577035878417,0.0,0.08
copy_without_path,882,copy_live,0.92,0.1864966302295242,0.0,0.8149982185586419,0.2735824471566706,0.48730177246622874,0.0,0.08
copy_without_path,883,copy_live,0.92,0.18662185801643344,0.0,0.8156087244373983,0.27393031971641557,0.48744536611291633,0.0,0.08
copy_without_path,884,copy_live,0.92,0.18674667255164587,0.0,0.8162172156467549,0.27427707626050385,0.48758848608834543,0.0,0.08
copy_without_path,885,copy_live,0.92,0.1868710751988921,0.0,0.8168236988351206,0.27462271977066915,0.48773113394811973,0.0,0.08
copy_without_path,886,copy_live,0.92,0.18699506731740242,0.0,0.8174281806289646,0.27496725322768945,0.48787331124301087,0.0,0.08
copy_without_path,887,copy_live,0.92,0.18711865026192168,0.0,0.8180306676328891,0.2753106796113332,0.4880150195189606,0.0,0.08
copy_without_path,888,copy_live,0.92,0.187241825382724,0.0,0.8186311664297006,0.27565300190030445,0.4881562603170858,0.0,0.08
copy_without_path,889,copy_live,0.92,0.1873645940256277,0.0,0.8192296835804826,0.2759942230721861,0.48829703517368434,0.0,0.08
copy_without_path,890,copy_live,0.92,0.18748695753200978,0.0,0.8198262256246668,0.27633434610338287,0.4884373456202389,0.0,0.08
copy_without_path,891,copy_live,0.92,0.18760891723882078,0.0,0.8204207990801056,0.27667337396906266,0.488577193183423,0.0,0.08
copy_without_path,892,copy_live,0.92,0.18773047447859934,0.0,0.8210134104431411,0.277011309643097,0.488716579385108,0.0,0.08
copy_without_path,893,copy_live,0.92,0.18785163057948662,0.0,0.8216040661886789,0.2773481560980008,0.48885550574236825,0.0,0.08
copy_without_path,894,copy_live,0.92,0.187972386865241,0.0,0.8221927727702562,0.2776839163048711,0.4889939737674887,0.0,0.08
copy_without_path,895,copy_live,0.92,0.18809274465525236,0.0,0.8227795366201143,0.2780185932333254,0.489131984967972,0.0,0.08
copy_without_path,896,copy_live,0.92,0.18821270526455672,0.0,0.823364364149268,0.27835218985143917,0.4892695408465455,0.0,0.08
copy_without_path,897,copy_live,0.92,0.18833227000385033,0.0,0.8239472617475753,0.2786847091256828,0.4894066429011695,0.0,0.08
copy_without_path,898,copy_live,0.92,0.1884514401795043,0.0,0.8245282357838083,0.27901615402085794,0.48954329262504503,0.0,0.08
copy_without_path,899,copy_live,0.92,0.1885702170935786,0.0,0.8251072926057218,0.279346527500034,0.4896794915066224,0.0,0.08
