scenario,step,K_capacity,kappa,utopic_access,mean_agency,mean_presence,mean_damage_q,mean_coherence,mean_selfhood_S,direct_agency_write
utopic_disconnected,0,0.003684239899435989,0.0,0.0,0.92,0.06718402678581947,0.3044032344055376,0.3227427135596574,0.1423638778028321,0.0
utopic_disconnected,1,0.0037335074164953673,0.0,0.0,0.92,0.06716681676843246,0.3044032344055376,0.32262095226589516,0.13812183398481087,0.0
utopic_disconnected,2,0.0037834312618248273,0.0,0.0,0.92,0.06714960675104546,0.3044032344055376,0.32249919097213287,0.1340235843233079,0.0
utopic_disconnected,3,0.0038340201114974476,0.0,0.0,0.92,0.06713239673365845,0.3044032344055376,0.3223774296783707,0.13006422892740593,0.0
utopic_disconnected,4,0.0038852827544632778,0.0,0.0,0.92,0.06711518671627144,0.3044032344055376,0.3222556683846085,0.12623903566719044,0.0
utopic_disconnected,5,0.0039372280939690045,0.0,0.0,0.92,0.06709797669888443,0.3044032344055376,0.3221339070908463,0.12254343440159698,0.0
utopic_disconnected,6,0.003989865148994104,0.0,0.0,0.92,0.0670807666814974,0.3044032344055376,0.32201214579708404,0.1189730114058752,0.0
utopic_disconnected,7,0.004043203055703721,0.0,0.0,0.92,0.06706355666411039,0.3044032344055376,0.3218903845033218,0.11552350399172957,0.0
utopic_disconnected,8,0.004097251068918378,0.0,0.0,0.92,0.06704634664672339,0.3044032344055376,0.3217686232095597,0.1121907953134404,0.0
utopic_disconnected,9,0.004152018563600643,0.0,0.0,0.92,0.06702913662933638,0.3044032344055376,0.3216468619157974,0.10897090935350219,0.0
utopic_disconnected,10,0.00420751503635901,0.0,0.0,0.92,0.06701192661194935,0.3044032344055376,0.3215251006220352,0.1058600060815423,0.0
utopic_disconnected,11,0.004263750106969024,0.0,0.0,0.92,0.06699471659456235,0.3044032344055376,0.3214033393282729,0.10285437678050027,0.0
utopic_disconnected,12,0.004320733519911917,0.0,0.0,0.92,0.06697750657717533,0.3044032344055376,0.3212815780345108,0.09995043953425974,0.0
utopic_disconnected,13,0.004378475145930852,0.0,0.0,0.92,0.06696029655978832,0.3044032344055376,0.32115981674074856,0.0971447348711256,0.0
utopic_disconnected,14,0.004436984983604936,0.0,0.0,0.92,0.06694308654240129,0.3044032344055376,0.3210380554469863,0.09443392155773664,0.0
utopic_disconnected,15,0.004496273160941178,0.0,0.0,0.92,0.06692587652501429,0.3044032344055376,0.3209162941532241,0.09181477253819201,0.0
utopic_disconnected,16,0.004556349936984563,0.0,0.0,0.92,0.06690866650762728,0.3044032344055376,0.3207945328594619,0.08928417101335147,0.0
utopic_disconnected,17,0.004617225703446331,0.0,0.0,0.92,0.06689145649024025,0.3044032344055376,0.3206727715656996,0.08683910665544631,0.0
utopic_disconnected,18,0.004678910986350701,0.0,0.0,0.92,0.06687424647285325,0.3044032344055376,0.32055101027193744,0.08447667195330673,0.0
utopic_disconnected,19,0.004741416447700177,0.0,0.0,0.92,0.06685703645546623,0.3044032344055376,0.32042924897817526,0.08219405868367541,0.0
utopic_disconnected,20,0.004804752887159518,0.0,0.0,0.92,0.06683982643807923,0.3044032344055376,0.32030748768441303,0.07998855450423473,0.0
utopic_disconnected,21,0.004868931243758641,0.0,0.0,0.92,0.06682261642069222,0.3044032344055376,0.3201857263906508,0.07785753966412809,0.0
utopic_disconnected,22,0.0049339625976145595,0.0,0.0,0.92,0.06680540640330519,0.3044032344055376,0.3200639650968886,0.07579848382790219,0.0
utopic_disconnected,23,0.004999858171672475,0.0,0.0,0.92,0.06678819638591818,0.3044032344055376,0.3199422038031264,0.07380894300893927,0.0
utopic_disconnected,24,0.005066629333466254,0.0,0.0,0.92,0.06677098636853117,0.3044032344055376,0.3198204425093642,0.07188655660858564,0.0
utopic_disconnected,25,0.005134287596898415,0.0,0.0,0.92,0.06675377635114416,0.3044032344055376,0.31969868121560197,0.07002904455731462,0.0
utopic_disconnected,26,0.005202844624039728,0.0,0.0,0.92,0.06673656633375714,0.3044032344055376,0.3195769199218397,0.06823420455438925,0.0
utopic_disconnected,27,0.005272312226948675,0.0,0.0,0.92,0.06671935631637013,0.3044032344055376,0.3194551586280775,0.0664999094026141,0.0
utopic_disconnected,28,0.005342702369510867,0.0,0.0,0.92,0.06670214629898312,0.3044032344055376,0.3193333973343153,0.06482410443488328,0.0
utopic_disconnected,29,0.0054140271692985475,0.0,0.0,0.92,0.06668493628159611,0.3044032344055376,0.3192116360405531,0.06320480502934704,0.0
utopic_disconnected,30,0.0054862988994504045,0.0,0.0,0.92,0.0666677262642091,0.3044032344055376,0.3190898747467909,0.06164009421012964,0.0
utopic_disconnected,31,0.005559529990571799,0.0,0.0,0.92,0.06665051624682208,0.3044032344055376,0.3189681134530286,0.06012812033063773,0.0
utopic_disconnected,32,0.005633733032655527,0.0,0.0,0.92,0.06663330622943507,0.3044032344055376,0.3188463521592664,0.05866709483660208,0.0
utopic_disconnected,33,0.0057089207770233425,0.0,0.0,0.92,0.06661609621204805,0.3044032344055376,0.3187245908655042,0.05725529010609409,0.0
utopic_disconnected,34,0.005785106138288346,0.0,0.0,0.92,0.06659888619466105,0.3044032344055376,0.318602829571742,0.055891037363855076,0.0
utopic_disconnected,35,0.005862302196338331,0.0,0.0,0.92,0.06658167617727404,0.3044032344055376,0.3184810682779798,0.05457272466736848,0.0
utopic_disconnected,36,0.0059405221983403695,0.0,0.0,0.92,0.06656446615988701,0.3044032344055376,0.3183593069842176,0.05329879496219478,0.0
utopic_disconnected,37,0.006019779560766618,0.0,0.0,0.92,0.06654725614250001,0.3044032344055376,0.31823754569045537,0.0520677442041746,0.0
utopic_disconnected,38,0.006100087871441613,0.0,0.0,0.92,0.066530046125113,0.3044032344055376,0.3181157843966931,0.0508781195461895,0.0
utopic_disconnected,39,0.006181460891611144,0.0,0.0,0.92,0.06651283610772599,0.3044032344055376,0.3179940231029309,0.04972851758724933,0.0
utopic_disconnected,40,0.006263912558032809,0.0,0.0,0.92,0.06649562609033896,0.3044032344055376,0.3178722618091687,0.04861758268175309,0.0
utopic_disconnected,41,0.00634745698508846,0.0,0.0,0.92,0.06647841607295195,0.3044032344055376,0.3177505005154065,0.047544005306844904,0.0
utopic_disconnected,42,0.006432108466918635,0.0,0.0,0.92,0.06646120605556494,0.3044032344055376,0.31762873922164425,0.04650652048585869,0.0
utopic_disconnected,43,0.006517881479579073,0.0,0.0,0.92,0.06644399603817792,0.3044032344055376,0.3175069779278821,0.045503906265914974,0.0
utopic_disconnected,44,0.006604790683219509,0.0,0.0,0.92,0.06642678602079091,0.3044032344055376,0.31738521663411984,0.04453498224780036,0.0
utopic_disconnected,45,0.0066928509242848554,0.0,0.0,0.92,0.0664095760034039,0.3044032344055376,0.31726345534035766,0.04359860816632527,0.0
utopic_disconnected,46,0.006782077237738833,0.0,0.0,0.92,0.06639236598601689,0.3044032344055376,0.3171416940465954,0.04269368251941769,0.0
utopic_disconnected,47,0.006872484849310258,0.0,0.0,0.92,0.06637515596862988,0.3044032344055376,0.3170199327528332,0.04181914124427171,0.0
utopic_disconnected,48,0.006964089177762089,0.0,0.0,0.92,0.06635794595124286,0.3044032344055376,0.31689817145907095,0.040973956438927546,0.0
utopic_disconnected,49,0.007056905837183257,0.0,0.0,0.92,0.06634073593385584,0.3044032344055376,0.31677641016530883,0.04015713512771601,0.0
utopic_disconnected,50,0.007150950639303527,0.0,0.0,0.92,0.06632352591646883,0.3044032344055376,0.31665464887154654,0.03936771806905501,0.0
utopic_disconnected,51,0.007246239595831429,0.0,0.0,0.92,0.06630631589908181,0.3044032344055376,0.3165328875777843,0.038604778604137725,0.0
utopic_disconnected,52,0.00734278892081532,0.0,0.0,0.92,0.0662891058816948,0.3044032344055376,0.3164111262840221,0.03786742154510315,0.0
utopic_disconnected,53,0.007440615033027779,0.0,0.0,0.92,0.0662718958643078,0.3044032344055376,0.3162893649902599,0.03715478210132786,0.0
utopic_disconnected,54,0.007539734558373393,0.0,0.0,0.92,0.06625468584692079,0.3044032344055376,0.31616760369649766,0.036466024842525875,0.0
utopic_disconnected,55,0.00764016433231995,0.0,0.0,0.92,0.06623747582953377,0.3044032344055376,0.31604584240273553,0.03580034269738815,0.0
utopic_disconnected,56,0.00774192140235326,0.0,0.0,0.92,0.06622026581214675,0.3044032344055376,0.3159240811089733,0.03515695598653777,0.0
utopic_disconnected,57,0.007845023030455634,0.0,0.0,0.92,0.06620305579475975,0.3044032344055376,0.31580231981521106,0.034535111488618805,0.0
utopic_disconnected,58,0.00794948669560802,0.0,0.0,0.92,0.06618584577737273,0.3044032344055376,0.31568055852144883,0.033934081538378215,0.0
utopic_disconnected,59,0.008055330096316057,0.0,0.0,0.92,0.06616863575998573,0.3044032344055376,0.3155587972276866,0.03335316315563908,0.0
utopic_disconnected,60,0.008162571153159897,0.0,0.0,0.92,0.06615142574259872,0.3044032344055376,0.3154370359339244,0.032791677204102164,0.0
utopic_disconnected,61,0.008271228011368058,0.0,0.0,0.92,0.06613421572521169,0.3044032344055376,0.31531527464016224,0.03224896757894909,0.0
utopic_disconnected,62,0.008381319043415273,0.0,0.0,0.92,0.06611700570782468,0.3044032344055376,0.3151935133464,0.0317244004222562,0.0
utopic_disconnected,63,0.008492862851644353,0.0,0.0,0.92,0.06609979569043767,0.3044032344055376,0.3150717520526377,0.03121736336526236,0.0
utopic_disconnected,64,0.008605878270912208,0.0,0.0,0.92,0.06608258567305066,0.3044032344055376,0.3149499907588755,0.03072726479656712,0.0
utopic_disconnected,65,0.008720384371260052,0.0,0.0,0.92,0.06606537565566364,0.3044032344055376,0.3148282294651133,0.03025353315536736,0.0
utopic_disconnected,66,0.008836400460607722,0.0,0.0,0.92,0.06604816563827662,0.3044032344055376,0.3147064681713511,0.02979561624887167,0.0
utopic_disconnected,67,0.008953946087472294,0.0,0.0,0.92,0.06603095562088962,0.3044032344055376,0.31458470687758894,0.029352980593061274,0.0
utopic_disconnected,68,0.00907304104371096,0.0,0.0,0.92,0.06601374560350261,0.3044032344055376,0.31446294558382665,0.028925110775994984,0.0
utopic_disconnected,69,0.009193705367288094,0.0,0.0,0.92,0.0659965355861156,0.3044032344055376,0.31434118429006447,0.02851150884288363,0.0
utopic_disconnected,70,0.009315959345066686,0.0,0.0,0.92,0.06597932556872858,0.3044032344055376,0.3142194229963022,0.02811169370218582,0.0
utopic_disconnected,71,0.009439823515624031,0.0,0.0,0.92,0.06596211555134156,0.3044032344055376,0.31409766170254,0.0277252005520031,0.0
utopic_disconnected,72,0.009565318672091675,0.0,0.0,0.92,0.06594490553395455,0.3044032344055376,0.3139759004087778,0.027351580326077166,0.0
utopic_disconnected,73,0.009692465865019645,0.0,0.0,0.92,0.06592769551656753,0.3044032344055376,0.31385413911501564,0.026990399158716018,0.0
utopic_disconnected,74,0.009821286405264971,0.0,0.0,0.92,0.06591048549918052,0.3044032344055376,0.31373237782125335,0.02664123786799932,0.0
utopic_disconnected,75,0.009951801866904324,0.0,0.0,0.92,0.06589327548179351,0.3044032344055376,0.31361061652749117,0.02630369145663525,0.0
utopic_disconnected,76,0.010084034090170932,0.0,0.0,0.92,0.0658760654644065,0.3044032344055376,0.313488855233729,0.025977368629863162,0.0
utopic_disconnected,77,0.010218005184415598,0.0,0.0,0.92,0.06585885544701948,0.3044032344055376,0.3133670939399667,0.02566189132981711,0.0
utopic_disconnected,78,0.010353737531091752,0.0,0.0,0.92,0.06584164542963247,0.3044032344055376,0.3132453326462045,0.025356894285785556,0.0
utopic_disconnected,79,0.010491253786764559,0.0,0.0,0.92,0.06582443541224546,0.3044032344055376,0.31312357135244223,0.025062024579821703,0.0
utopic_disconnected,80,0.010630576886143987,0.0,0.0,0.92,0.06580722539485845,0.3044032344055376,0.31300181005868005,0.024776941227178363,0.0
utopic_disconnected,81,0.010771730045141625,0.0,0.0,0.92,0.06579001537747145,0.3044032344055376,0.3128800487649179,0.024501314771058706,0.0
utopic_disconnected,82,0.010914736763951324,0.0,0.0,0.92,0.06577280536008441,0.3044032344055376,0.3127582874711557,0.0242348268911922,0.0
utopic_disconnected,83,0.011059620830153508,0.0,0.0,0.92,0.06575559534269741,0.3044032344055376,0.3126365261773934,0.02397717002576188,0.0
utopic_disconnected,84,0.011206406321842867,0.0,0.0,0.92,0.0657383853253104,0.3044032344055376,0.3125147648836312,0.023728047006225217,0.0
utopic_disconnected,85,0.011355117610779624,0.0,0.0,0.92,0.06572117530792339,0.3044032344055376,0.312393003589869,0.023487170704586908,0.0
utopic_disconnected,86,0.011505779365563873,0.0,0.0,0.92,0.06570396529053638,0.3044032344055376,0.31227124229610675,0.023254263692696956,0.0
utopic_disconnected,87,0.011658416554833096,0.0,0.0,0.92,0.06568675527314936,0.3044032344055376,0.3121494810023446,0.023029057913161975,0.0
utopic_disconnected,88,0.011813054450482622,0.0,0.0,0.92,0.06566954525576234,0.3044032344055376,0.3120277197085823,0.022811294361472223,0.0
utopic_disconnected,89,0.011969718630908706,0.0,0.0,0.92,0.06565233523837534,0.3044032344055376,0.3119059584148201,0.022600722778960133,0.0
utopic_disconnected,90,0.012128434984274237,0.0,0.0,0.92,0.06563512522098833,0.3044032344055376,0.3117841971210579,0.02239710135621951,0.0
utopic_disconnected,91,0.012289229711796777,0.0,0.0,0.92,0.0656179152036013,0.3044032344055376,0.3116624358272957,0.022200196446627487,0.0
utopic_disconnected,92,0.0124521293310586,0.0,0.0,0.92,0.06560070518621429,0.3044032344055376,0.3115406745335335,0.02200978228962325,0.0
utopic_disconnected,93,0.01261716067933869,0.0,0.0,0.92,0.06558349516882728,0.3044032344055376,0.31141891323977133,0.021825640743409837,0.0
utopic_disconnected,94,0.01278435091696632,0.0,0.0,0.92,0.06556628515144027,0.3044032344055376,0.31129715194600904,0.021647561026756586,0.0
utopic_disconnected,95,0.012953727530695871,0.0,0.0,0.92,0.06554907513405325,0.3044032344055376,0.3111753906522468,0.02147533946959083,0.0
utopic_disconnected,96,0.0131253183371028,0.0,0.0,0.92,0.06553186511666624,0.3044032344055376,0.31105362935848463,0.021308779272078446,0.0
utopic_disconnected,97,0.013299151486000317,0.0,0.0,0.92,0.06551465509927923,0.3044032344055376,0.3109318680647224,0.021147690271902726,0.0
utopic_disconnected,98,0.013475255463876387,0.0,0.0,0.92,0.06549744508189222,0.3044032344055376,0.3108101067709602,0.020991888719461515,0.0
utopic_disconnected,99,0.013653659097350888,0.0,0.0,0.92,0.06548023506450519,0.3044032344055376,0.310688345477198,0.020841197060711754,0.0
utopic_disconnected,100,0.013834391556652479,0.0,0.0,0.92,0.06546302504711819,0.3044032344055376,0.31056658418343575,0.020695443727400245,0.0
utopic_disconnected,101,0.01401748235911471,0.0,0.0,0.92,0.06544581502973118,0.3044032344055376,0.3104448228896735,0.020554462934428055,0.0
utopic_disconnected,102,0.014202961372691125,0.0,0.0,0.92,0.06542860501234417,0.3044032344055376,0.31032306159591133,0.020418094484104976,0.0
utopic_disconnected,103,0.014390858819488926,0.0,0.0,0.92,0.06541139499495716,0.3044032344055376,0.3102013003021491,0.020286183577058636,0.0
utopic_disconnected,104,0.01458120527932056,0.0,0.0,0.92,0.06539418497757013,0.3044032344055376,0.3100795390083869,0.02015858062957092,0.0
utopic_disconnected,105,0.014774031693273055,0.0,0.0,0.92,0.06537697496018312,0.3044032344055376,0.3099577777146247,0.020035141097122334,0.0
utopic_disconnected,106,0.014969369367294476,0.0,0.0,0.92,0.06535976494279612,0.3044032344055376,0.30983601642086245,0.01991572530393229,0.0
utopic_disconnected,107,0.015167249975796885,0.0,0.0,0.92,0.0653425549254091,0.3044032344055376,0.30971425512710027,0.019800198278290625,0.0
utopic_disconnected,108,0.01536770556527555,0.0,0.0,0.92,0.06532534490802208,0.3044032344055376,0.30959249383333803,0.019688429593482715,0.0
utopic_disconnected,109,0.01557076855794365,0.0,0.0,0.92,0.06530813489063508,0.3044032344055376,0.3094707325395758,0.019580293214117344,0.0
utopic_disconnected,110,0.01577647175538188,0.0,0.0,0.92,0.06529092487324806,0.3044032344055376,0.3093489712458136,0.019475667347672934,0.0
utopic_disconnected,111,0.01598484834220258,0.0,0.0,0.92,0.06527371485586105,0.3044032344055376,0.3092272099520514,0.019374434301084126,0.0
utopic_disconnected,112,0.016195931889727483,0.0,0.0,0.92,0.06525650483847403,0.3044032344055376,0.3091054486582891,0.019276480342196846,0.0
utopic_disconnected,113,0.016409756359678594,0.0,0.0,0.92,0.06523929482108702,0.3044032344055376,0.30898368736452697,0.019181695565925805,0.0
utopic_disconnected,114,0.016626356107881622,0.0,0.0,0.92,0.06522208480370001,0.3044032344055376,0.30886192607076474,0.019089973764954048,0.0
utopic_disconnected,115,0.0168457658879809,0.0,0.0,0.92,0.065204874786313,0.3044032344055376,0.3087401647770025,0.019001212304819843,0.0
utopic_disconnected,116,0.017068020855165476,0.0,0.0,0.92,0.06518766476892598,0.3044032344055376,0.3086184034832403,0.018915312003241244,0.0
utopic_disconnected,117,0.017293156569905425,0.0,0.0,0.92,0.06517045475153897,0.3044032344055376,0.30849664218947814,0.01883217701353393,0.0
utopic_disconnected,118,0.017521209001697444,0.0,0.0,0.92,0.06515324473415196,0.3044032344055376,0.3083748808957158,0.018751714711982947,0.0
utopic_disconnected,119,0.017752214532819218,0.0,0.0,0.92,0.06513603471676495,0.3044032344055376,0.3082531196019537,0.018673835589033558,0.0
utopic_disconnected,120,0.01798620996209156,0.0,0.0,0.92,0.06511882469937792,0.3044032344055376,0.30813135830819144,0.018598453144171138,0.0
utopic_disconnected,121,0.018223232508647238,0.0,0.0,0.92,0.06510161468199091,0.3044032344055376,0.3080095970144292,0.018525483784364475,0.0
utopic_disconnected,122,0.018463319815706033,0.0,0.0,0.92,0.06508440466460391,0.3044032344055376,0.307887835720667,0.018454846725951213,0.0
utopic_disconnected,123,0.018706509954354602,0.0,0.0,0.92,0.06506719464721689,0.3044032344055376,0.30776607442690485,0.01838646389984812,0.0
utopic_disconnected,124,0.018952841427330513,0.0,0.0,0.92,0.06504998462982989,0.3044032344055376,0.30764431313314256,0.01832025985997312,0.0
utopic_disconnected,125,0.01920235317280922,0.0,0.0,0.92,0.06503277461244288,0.3044032344055376,0.3075225518393803,0.018256161694769735,0.0
utopic_disconnected,126,0.019455084568193035,0.0,0.0,0.92,0.06501556459505585,0.3044032344055376,0.30740079054561814,0.018194098941728375,0.0
utopic_disconnected,127,0.019711075433901003,0.0,0.0,0.92,0.06499835457766884,0.3044032344055376,0.3072790292518559,0.018134003504802505,0.0
utopic_disconnected,128,0.019970366037158495,0.0,0.0,0.92,0.06498114456028184,0.3044032344055376,0.3071572679580937,0.018075809574621217,0.0
utopic_disconnected,129,0.020232997095785403,0.0,0.0,0.92,0.06496393454289481,0.3044032344055376,0.30703550666433155,0.01801945355140317,0.0
utopic_disconnected,130,0.0204990097819817,0.0,0.0,0.92,0.0649467245255078,0.3044032344055376,0.3069137453705693,0.017964873970479873,0.0
utopic_disconnected,131,0.020768445726109235,0.0,0.0,0.92,0.0649295145081208,0.3044032344055376,0.3067919840768071,0.01791201143033977,0.0
utopic_disconnected,132,0.021041347020468282,0.0,0.0,0.92,0.06491230449073376,0.3044032344055376,0.30667022278304484,0.01786080852310736,0.0
utopic_disconnected,133,0.021317756223067672,0.0,0.0,0.92,0.06489509447334676,0.3044032344055376,0.30654846148928266,0.0178112097673745,0.0
utopic_disconnected,134,0.021597716361387156,0.0,0.0,0.92,0.06487788445595975,0.3044032344055376,0.30642670019552043,0.01776316154330416,0.0
utopic_disconnected,135,0.021881270936130476,0.0,0.0,0.92,0.06486067443857274,0.3044032344055376,0.30630493890175825,0.017716612029929222,0.0
utopic_disconnected,136,0.022168463924967723,0.0,0.0,0.92,0.06484346442118573,0.3044032344055376,0.30618317760799596,0.017671511144571824,0.0
utopic_disconnected,137,0.022459339786265617,0.0,0.0,0.92,0.0648262544037987,0.3044032344055376,0.3060614163142338,0.017627810484311286,0.0
utopic_disconnected,138,0.022753943462804,0.0,0.0,0.92,0.06480904438641169,0.3044032344055376,0.3059396550204715,0.017585463269430907,0.0
utopic_disconnected,139,0.02305232038547694,0.0,0.0,0.92,0.06479183436902469,0.3044032344055376,0.3058178937267093,0.01754442428877658,0.0
utopic_disconnected,140,0.023354516476977092,0.0,0.0,0.92,0.06477462435163767,0.3044032344055376,0.30569613243294713,0.017504649846962213,0.0
utopic_disconnected,141,0.023660578155461204,0.0,0.0,0.92,0.06475741433425067,0.3044032344055376,0.30557437113918495,0.017466097713359344,0.0
utopic_disconnected,142,0.023970552338195384,0.0,0.0,0.92,0.06474020431686363,0.3044032344055376,0.3054526098454227,0.0174287270728103,0.0
utopic_disconnected,143,0.02428448644517812,0.0,0.0,0.92,0.06472299429947663,0.3044032344055376,0.3053308485516604,0.01739249847800652,0.0
utopic_disconnected,144,0.024602428402739435,0.0,0.0,0.92,0.06470578428208962,0.3044032344055376,0.3052090872578982,0.017357373803475476,0.0
utopic_disconnected,145,0.02492442664711404,0.0,0.0,0.92,0.0646885742647026,0.3044032344055376,0.305087325964136,0.01732331620112166,0.0
utopic_disconnected,146,0.025250530127986667,0.0,0.0,0.92,0.0646713642473156,0.3044032344055376,0.30496556467037383,0.01729029005726886,0.0
utopic_disconnected,147,0.025580788312007684,0.0,0.0,0.92,0.06465415422992858,0.3044032344055376,0.30484380337661166,0.017258260951152907,0.0
utopic_disconnected,148,0.025915251186276744,0.0,0.0,0.92,0.06463694421254157,0.3044032344055376,0.3047220420828494,0.017227195614815657,0.0
utopic_disconnected,149,0.026253969261792423,0.0,0.0,0.92,0.06461973419515456,0.3044032344055376,0.3046002807890872,0.017197061894352692,0.0
utopic_disconnected,150,0.026596993576865856,0.0,0.0,0.92,0.06460252417776755,0.3044032344055376,0.3044785194953249,0.017167828712468858,0.0
utopic_disconnected,151,0.026944375700495838,0.0,0.0,0.92,0.06458531416038053,0.3044032344055376,0.3043567582015627,0.01713946603229739,0.0
utopic_disconnected,152,0.02729616773570336,0.0,0.0,0.92,0.06456810414299352,0.3044032344055376,0.30423499690780054,0.017111944822439683,0.0
utopic_disconnected,153,0.027652422322823136,0.0,0.0,0.92,0.0645508941256065,0.3044032344055376,0.30411323561403836,0.017085237023184437,0.0
utopic_disconnected,154,0.02801319264274973,0.0,0.0,0.92,0.0645336841082195,0.3044032344055376,0.3039914743202761,0.01705931551386621,0.0
utopic_disconnected,155,0.028378532420135823,0.0,0.0,0.92,0.06451647409083248,0.3044032344055376,0.30386971302651394,0.01703415408132476,0.0
utopic_disconnected,156,0.028748495926539976,0.0,0.0,0.92,0.06449926407344547,0.3044032344055376,0.3037479517327517,0.01700972738942793,0.0
utopic_disconnected,157,0.02912313798352163,0.0,0.0,0.92,0.06448205405605846,0.3044032344055376,0.3036261904389894,0.016986010949622054,0.0
utopic_disconnected,158,0.029502513965680273,0.0,0.0,0.92,0.06446484403867145,0.3044032344055376,0.30350442914522724,0.016962981092475075,0.0
utopic_disconnected,159,0.029886679803636237,0.0,0.0,0.92,0.06444763402128442,0.3044032344055376,0.303382667851465,0.0169406149401788,0.0
utopic_disconnected,160,0.030275691986950463,0.0,0.0,0.92,0.06443042400389741,0.3044032344055376,0.3032609065577028,0.016918890379977854,0.0
utopic_disconnected,161,0.030669607566980145,0.0,0.0,0.92,0.0644132139865104,0.3044032344055376,0.3031391452639406,0.016897786038493876,0.0
utopic_disconnected,162,0.03106848415966741,0.0,0.0,0.92,0.06439600396912339,0.3044032344055376,0.30301738397017836,0.016877281256914813,0.0
utopic_disconnected,163,0.03147237994825813,0.0,0.0,0.92,0.06437879395173637,0.3044032344055376,0.3028956226764162,0.016857356067019894,0.0
utopic_disconnected,164,0.03188135368594768,0.0,0.0,0.92,0.06436158393434938,0.3044032344055376,0.30277386138265394,0.01683799116801216,0.0
utopic_disconnected,165,0.032295464698450516,0.0,0.0,0.92,0.06434437391696235,0.3044032344055376,0.3026521000888917,0.016819167904131124,0.0
utopic_disconnected,166,0.032714772886490384,0.0,0.0,0.92,0.06432716389957534,0.3044032344055376,0.3025303387951295,0.01680086824301925,0.0
utopic_disconnected,167,0.03313933872820799,0.0,0.0,0.92,0.06430995388218833,0.3044032344055376,0.3024085775013673,0.016783074754816767,0.0
utopic_disconnected,168,0.03356922328148252,0.0,0.0,0.92,0.06429274386480131,0.3044032344055376,0.30228681620760506,0.016765770591960126,0.0
utopic_disconnected,169,0.03400448818616372,0.0,0.0,0.92,0.0642755338474143,0.3044032344055376,0.3021650549138428,0.01674893946966043,0.0
utopic_disconnected,170,0.03444519566621117,0.0,0.0,0.92,0.06425832383002729,0.3044032344055376,0.30204329362008064,0.016732565647038764,0.0
utopic_disconnected,171,0.03489140853173684,0.0,0.0,0.92,0.06424111381264028,0.3044032344055376,0.3019215323263184,0.01671663390889627,0.0
utopic_disconnected,172,0.03534319018094752,0.0,0.0,0.92,0.06422390379525325,0.3044032344055376,0.30179977103255623,0.016701129548097538,0.0
utopic_disconnected,173,0.03580060460198331,0.0,0.0,0.92,0.06420669377786624,0.3044032344055376,0.30167800973879405,0.01668603834854655,0.0
utopic_disconnected,174,0.03626371637464835,0.0,0.0,0.92,0.06418948376047923,0.3044032344055376,0.3015562484450317,0.016671346568735222,0.0
utopic_disconnected,175,0.03673259067202974,0.0,0.0,0.92,0.06417227374309221,0.3044032344055376,0.3014344871512695,0.016657040925845145,0.0
utopic_disconnected,176,0.03720729326200105,0.0,0.0,0.92,0.0641550637257052,0.3044032344055376,0.30131272585750735,0.01664310858038393,0.0
utopic_disconnected,177,0.037687890508605916,0.0,0.0,0.92,0.06413785370831819,0.3044032344055376,0.3011909645637451,0.016629537121338012,0.0
utopic_disconnected,178,0.038174449373317855,0.0,0.0,0.92,0.06412064369093119,0.3044032344055376,0.30106920326998293,0.01661631455182458,0.0
utopic_disconnected,179,0.03866703741617197,0.0,0.0,0.92,0.06410343367354417,0.3044032344055376,0.30094744197622075,0.01660342927522569,0.0
utopic_disconnected,180,0.039165722796764356,0.0,0.0,0.92,0.06408622365615715,0.3044032344055376,0.3008256806824585,0.01659087008178839,0.0
utopic_disconnected,181,0.03967057427511459,0.0,0.0,0.92,0.06406901363877014,0.3044032344055376,0.3007039193886963,0.016578626135675067,0.0
utopic_disconnected,182,0.04018166121238705,0.0,0.0,0.92,0.06405180362138313,0.3044032344055376,0.30058215809493405,0.01656668696244883,0.0
utopic_disconnected,183,0.040699053571466484,0.0,0.0,0.92,0.06403459360399612,0.3044032344055376,0.3004603968011718,0.016555042436979302,0.0
utopic_disconnected,184,0.041222821917382996,0.0,0.0,0.92,0.0640173835866091,0.3044032344055376,0.30033863550740963,0.016543682771754612,0.0
utopic_disconnected,185,0.04175303741758192,0.0,0.0,0.92,0.0640001735692221,0.3044032344055376,0.30021687421364746,0.016532598505585888,0.0
utopic_disconnected,186,0.042289771842033794,0.0,0.0,0.92,0.0639829635518351,0.3044032344055376,0.3000951129198852,0.016521780492691013,0.0
utopic_disconnected,187,0.04283309756317934,0.0,0.0,0.92,0.06396575353444806,0.3044032344055376,0.29997335162612293,0.016511219892144914,0.0
utopic_disconnected,188,0.04338308755570461,0.0,0.0,0.92,0.06394854351706106,0.3044032344055376,0.29985159033236075,0.01650090815768394,0.0
utopic_disconnected,189,0.04393981539614132,0.0,0.0,0.92,0.06393133349967405,0.3044032344055376,0.2997298290385985,0.016490837027852482,0.0
utopic_disconnected,190,0.04450335526228704,0.0,0.0,0.92,0.06391412348228703,0.3044032344055376,0.29960806774483634,0.01648099851648025,0.0
utopic_disconnected,191,0.04507378193244006,0.0,0.0,0.92,0.06389691346490002,0.3044032344055376,0.2994863064510741,0.016471384903479096,0.0
utopic_disconnected,192,0.04565117078444372,0.0,0.0,0.92,0.063879703447513,0.3044032344055376,0.2993645451573119,0.016461988725948604,0.0
utopic_disconnected,193,0.04623559779453478,0.0,0.0,0.92,0.06386249343012598,0.3044032344055376,0.29924278386354963,0.016452802769580038,0.0
utopic_disconnected,194,0.04682713953599018,0.0,0.0,0.92,0.06384528341273898,0.3044032344055376,0.29912102256978745,0.016443820060348658,0.0
utopic_disconnected,195,0.04742587317756678,0.0,0.0,0.92,0.06382807339535196,0.3044032344055376,0.2989992612760252,0.0164350338564846,0.0
utopic_disconnected,196,0.048031876481728575,0.0,0.0,0.92,0.06381086337796496,0.3044032344055376,0.29887749998226304,0.016426437640713044,0.0
utopic_disconnected,197,0.04864522780265526,0.0,0.0,0.92,0.06379365336057793,0.3044032344055376,0.2987557386885008,0.016418025112754503,0.0
utopic_disconnected,198,0.049266006084026655,0.0,0.0,0.92,0.06377644334319092,0.3044032344055376,0.29863397739473857,0.016409790182076608,0.0
utopic_disconnected,199,0.04989429085657705,0.0,0.0,0.92,0.06375923332580391,0.3044032344055376,0.2985122161009764,0.01640172696088876,0.0
utopic_disconnected,200,0.05053016223541348,0.0,0.0,0.92,0.0637420233084169,0.3044032344055376,0.29839045480721416,0.016393829757371633,0.0
utopic_disconnected,201,0.051173700917091655,0.0,0.0,0.92,0.06372481329102989,0.3044032344055376,0.2982686935134519,0.016386093069133568,0.0
utopic_disconnected,202,0.05182498817644403,0.0,0.0,0.92,0.06370760327364287,0.3044032344055376,0.29814693221968974,0.016378511576886152,0.0
utopic_disconnected,203,0.052484105863153004,0.0,0.0,0.92,0.06369039325625585,0.3044032344055376,0.29802517092592756,0.016371080138331752,0.0
utopic_disconnected,204,0.05315113639806372,0.0,0.0,0.92,0.06367318323886884,0.3044032344055376,0.29790340963216533,0.01636379378225577,0.0
utopic_disconnected,205,0.05382616276922953,0.0,0.0,0.92,0.06365597322148182,0.3044032344055376,0.2977816483384031,0.016356647702816772,0.0
utopic_disconnected,206,0.05450926852768426,0.0,0.0,0.92,0.06363876320409483,0.3044032344055376,0.2976598870446408,0.01634963725402784,0.0
utopic_disconnected,207,0.0552005377829343,0.0,0.0,0.92,0.06362155318670781,0.3044032344055376,0.2975381257508786,0.016342757944422713,0.0
utopic_disconnected,208,0.05590005519816424,0.0,0.0,0.92,0.06360434316932079,0.3044032344055376,0.29741636445711644,0.01633600543190053,0.0
utopic_disconnected,209,0.056607905985149434,0.0,0.0,0.92,0.06358713315193379,0.3044032344055376,0.29729460316335427,0.016329375518743094,0.0
utopic_disconnected,210,0.057324175898868755,0.0,0.0,0.92,0.06356992313454676,0.3044032344055376,0.29717284186959203,0.016322864146799013,0.0
utopic_disconnected,211,0.058048951231810655,0.0,0.0,0.92,0.06355271311715975,0.3044032344055376,0.2970510805758298,0.016316467392828923,0.0
utopic_disconnected,212,0.05878231880796617,0.0,0.0,0.92,0.06353550309977275,0.3044032344055376,0.2969293192820676,0.01631018146400653,0.0
utopic_disconnected,213,0.05952436597650152,0.0,0.0,0.92,0.06351829308238573,0.3044032344055376,0.2968075579883053,0.016304002693570196,0.0
utopic_disconnected,214,0.06027518060510366,0.0,0.0,0.92,0.06350108306499871,0.3044032344055376,0.29668579669454315,0.01629792753661995,0.0
utopic_disconnected,215,0.061034851072991926,0.0,0.0,0.92,0.0634838730476117,0.3044032344055376,0.29656403540078097,0.016291952566055142,0.0
utopic_disconnected,216,0.06180346626358857,0.0,0.0,0.92,0.06346666303022469,0.3044032344055376,0.29644227410701873,0.016286074468647962,0.0
utopic_disconnected,217,0.06258111555684126,0.0,0.0,0.92,0.06344945301283768,0.3044032344055376,0.29632051281325655,0.016280290041248233,0.0
utopic_disconnected,218,0.0633678888211903,0.0,0.0,0.92,0.06343224299545067,0.3044032344055376,0.2961987515194942,0.016274596187115173,0.0
utopic_disconnected,219,0.06416387640517393,0.0,0.0,0.92,0.06341503297806364,0.3044032344055376,0.29607699022573203,0.016268989912371752,0.0
utopic_disconnected,220,0.06496916912866407,0.0,0.0,0.92,0.06339782296067664,0.3044032344055376,0.29595522893196985,0.016263468322577614,0.0
utopic_disconnected,221,0.06578385827372532,0.0,0.0,0.92,0.06338061294328963,0.3044032344055376,0.29583346763820767,0.016258028619416512,0.0
utopic_disconnected,222,0.06660803557509065,0.0,0.0,0.92,0.06336340292590262,0.3044032344055376,0.29571170634444544,0.01625266809749452,0.0
utopic_disconnected,223,0.06744179321024593,0.0,0.0,0.92,0.0633461929085156,0.3044032344055376,0.2955899450506832,0.016247384141245175,0.0
utopic_disconnected,224,0.0682852237891162,0.0,0.0,0.92,0.0633289828911286,0.3044032344055376,0.295468183756921,0.01624217422193808,0.0
utopic_disconnected,225,0.06913842034334682,0.0,0.0,0.92,0.06331177287374157,0.3044032344055376,0.2953464224631588,0.016237035894787425,0.0
utopic_disconnected,226,0.070001476315172,0.0,0.0,0.92,0.06329456285635456,0.3044032344055376,0.29522466116939655,0.016231966796157103,0.0
utopic_disconnected,227,0.07087448554586327,0.0,0.0,0.92,0.06327735283896754,0.3044032344055376,0.2951028998756344,0.01622696464085919,0.0
utopic_disconnected,228,0.07175754226375133,0.0,0.0,0.92,0.06326014282158055,0.3044032344055376,0.29498113858187214,0.016222027219542644,0.0
utopic_disconnected,229,0.07265074107181331,0.0,0.0,0.92,0.06324293280419352,0.3044032344055376,0.2948593772881099,0.016217152396169204,0.0
utopic_disconnected,230,0.07355417693481899,0.0,0.0,0.92,0.0632257227868065,0.3044032344055376,0.2947376159943476,0.016212338105573557,0.0
utopic_disconnected,231,0.07446794516602807,0.0,0.0,0.92,0.0632085127694195,0.3044032344055376,0.29461585470058543,0.016207582351105,0.0
utopic_disconnected,232,0.07539214141343244,0.0,0.0,0.92,0.06319130275203248,0.3044032344055376,0.29449409340682325,0.016202883202347765,0.0
utopic_disconnected,233,0.07632686164553515,0.0,0.0,0.92,0.06317409273464547,0.3044032344055376,0.294372332113061,0.016198238792917513,0.0
utopic_disconnected,234,0.07727220213665989,0.0,0.0,0.92,0.06315688271725846,0.3044032344055376,0.29425057081929884,0.016193647318331277,0.0
utopic_disconnected,235,0.07822825945178397,0.0,0.0,0.92,0.06313967269987145,0.3044032344055376,0.29412880952553666,0.016189107033948578,0.0
utopic_disconnected,236,0.07919513043088752,0.0,0.0,0.92,0.06312246268248443,0.3044032344055376,0.29400704823177437,0.01618461625298117,0.0
utopic_disconnected,237,0.08017291217281233,0.0,0.0,0.92,0.06310525266509742,0.3044032344055376,0.29388528693801214,0.01618017334456918,0.0
utopic_disconnected,238,0.0811617020186237,0.0,0.0,0.92,0.06308804264771041,0.3044032344055376,0.29376352564424996,0.016175776731921533,0.0
utopic_disconnected,239,0.08216159753446842,0.0,0.0,0.92,0.0630708326303234,0.3044032344055376,0.2936417643504877,0.016171424890518215,0.0
utopic_disconnected,240,0.08317269649392238,0.0,0.0,0.92,0.06305362261293639,0.3044032344055376,0.29352000305672554,0.016167116346372676,0.0
utopic_disconnected,241,0.08419509685982147,0.0,0.0,0.92,0.06303641259554936,0.3044032344055376,0.29339824176296336,0.01616284967435206,0.0
utopic_disconnected,242,0.08522889676556952,0.0,0.0,0.92,0.06301920257816235,0.3044032344055376,0.2932764804692011,0.016158623496553486,0.0
utopic_disconnected,243,0.0862741944959167,0.0,0.0,0.92,0.06300199256077534,0.3044032344055376,0.29315471917543884,0.016154436480734467,0.0
utopic_disconnected,244,0.08733108846720261,0.0,0.0,0.92,0.06298478254338834,0.3044032344055376,0.29303295788167666,0.016150287338795602,0.0
utopic_disconnected,245,0.08839967720705841,0.0,0.0,0.92,0.06296757252600131,0.3044032344055376,0.2929111965879144,0.016146174825313934,0.0
utopic_disconnected,246,0.08948005933356144,0.0,0.0,0.92,0.0629503625086143,0.3044032344055376,0.29278943529415224,0.016142097736125075,0.0
utopic_disconnected,247,0.09057233353383755,0.0,0.0,0.92,0.06293315249122729,0.3044032344055376,0.29266767400039,0.01613805490695268,0.0
utopic_disconnected,248,0.09167659854210532,0.0,0.0,0.92,0.06291594247384028,0.3044032344055376,0.2925459127066279,0.01613404521208352,0.0
utopic_disconnected,249,0.09279295311715702,0.0,0.0,0.92,0.06289873245645326,0.3044032344055376,0.2924241514128656,0.016130067563086724,0.0
utopic_disconnected,250,0.09392149601927116,0.0,0.0,0.92,0.06288152243906625,0.3044032344055376,0.29230239011910336,0.016126120907575675,0.0
utopic_disconnected,251,0.0950623259865523,0.0,0.0,0.92,0.06286431242167924,0.3044032344055376,0.2921806288253411,0.016122204228011167,0.0
utopic_disconnected,252,0.09621554171069283,0.0,0.0,0.92,0.06284710240429223,0.3044032344055376,0.29205886753157895,0.016118316540544395,0.0
utopic_disconnected,253,0.09738124181215298,0.0,0.0,0.92,0.06282989238690521,0.3044032344055376,0.29193710623781677,0.016114456893898482,0.0
utopic_disconnected,254,0.09855952481475458,0.0,0.0,0.92,0.0628126823695182,0.3044032344055376,0.2918153449440545,0.01611062436828727,0.0
utopic_disconnected,255,0.09975048911968513,0.0,0.0,0.92,0.06279547235213119,0.3044032344055376,0.2916935836502923,0.01610681807437006,0.0
utopic_disconnected,256,0.10095423297890828,0.0,0.0,0.92,0.06277826233474418,0.3044032344055376,0.2915718223565301,0.016103037152241224,0.0
utopic_disconnected,257,0.10217085446797732,0.0,0.0,0.92,0.06276105231735715,0.3044032344055376,0.29145006106276783,0.01609928077045335,0.0
utopic_disconnected,258,0.10340045145824957,0.0,0.0,0.92,0.06274384229997015,0.3044032344055376,0.29132829976900565,0.016095548125073005,0.0
utopic_disconnected,259,0.10464312158849792,0.0,0.0,0.92,0.06272663228258313,0.3044032344055376,0.29120653847524347,0.01609183843876783,0.0
utopic_disconnected,260,0.10589896223591787,0.0,0.0,0.92,0.06270942226519612,0.3044032344055376,0.29108477718148124,0.01608815095992407,0.0
utopic_disconnected,261,0.10716807048652817,0.0,0.0,0.92,0.06269221224780912,0.3044032344055376,0.29096301588771895,0.016084484961793447,0.0
utopic_disconnected,262,0.10845054310496309,0.0,0.0,0.92,0.0626750022304221,0.3044032344055376,0.29084125459395677,0.016080839741668403,0.0
utopic_disconnected,263,0.10974647650365506,0.0,0.0,0.92,0.06265779221303508,0.3044032344055376,0.29071949330019453,0.016077214620084806,0.0
utopic_disconnected,264,0.11105596671140756,0.0,0.0,0.92,0.06264058219564807,0.3044032344055376,0.29059773200643235,0.016073608940051137,0.0
utopic_disconnected,265,0.11237910934135674,0.0,0.0,0.92,0.06262337217826106,0.3044032344055376,0.2904759707126702,0.016070022066303345,0.0
utopic_disconnected,266,0.11371599955832265,0.0,0.0,0.92,0.06260616216087404,0.3044032344055376,0.29035420941890794,0.016066453384584477,0.0
utopic_disconnected,267,0.1150667320455498,0.0,0.0,0.92,0.06258895214348703,0.3044032344055376,0.2902324481251457,0.01606290230094823,0.0
utopic_disconnected,268,0.11643140097083887,0.0,0.0,0.92,0.06257174212610003,0.3044032344055376,0.2901106868313835,0.016059368241085687,0.0
utopic_disconnected,269,0.1178100999520696,0.0,0.0,0.92,0.062554532108713,0.3044032344055376,0.28998892553762123,0.016055850649674443,0.0
utopic_disconnected,270,0.11920292202211755,0.0,0.0,0.92,0.062537322091326,0.3044032344055376,0.28986716424385905,0.01605234898974932,0.0
utopic_disconnected,271,0.12060995959316716,0.0,0.0,0.92,0.06252011207393898,0.3044032344055376,0.2897454029500969,0.01604886274209405,0.0
utopic_disconnected,272,0.12203130442042308,0.0,0.0,0.92,0.06250290205655197,0.3044032344055376,0.28962364165633464,0.016045391404653137,0.0
utopic_disconnected,273,0.12346704756522399,0.0,0.0,0.92,0.06248569203916495,0.3044032344055376,0.28950188036257235,0.016041934491963266,0.0
utopic_disconnected,274,0.12491727935756199,0.0,0.0,0.92,0.062468482021777946,0.3044032344055376,0.2893801190688102,0.01603849153460364,0.0
utopic_disconnected,275,0.12638208935801287,0.0,0.0,0.92,0.06245127200439093,0.3044032344055376,0.28925835777504794,0.016035062078664515,0.0
utopic_disconnected,276,0.12786156631908133,0.0,0.0,0.92,0.06243406198700392,0.3044032344055376,0.28913659648128576,0.016031645685233454,0.0
utopic_disconnected,277,0.12935579814596745,0.0,0.0,0.92,0.06241685196961691,0.3044032344055376,0.2890148351875236,0.01602824192989859,0.0
utopic_disconnected,278,0.1308648718567603,0.0,0.0,0.92,0.06239964195222989,0.3044032344055376,0.2888930738937613,0.016024850402268438,0.0
utopic_disconnected,279,0.13238887354206538,0.0,0.0,0.92,0.06238243193484288,0.3044032344055376,0.28877131259999905,0.016021470705507596,0.0
utopic_disconnected,280,0.13392788832407365,0.0,0.0,0.92,0.062365221917455874,0.3044032344055376,0.2886495513062368,0.016018102455887917,0.0
utopic_disconnected,281,0.13548200031507995,0.0,0.0,0.92,0.06234801190006885,0.3044032344055376,0.2885277900124747,0.016014745282354553,0.0
utopic_disconnected,282,0.13705129257545964,0.0,0.0,0.92,0.06233080188268184,0.3044032344055376,0.28840602871871246,0.0160113988261064,0.0
utopic_disconnected,283,0.1386358470711131,0.0,0.0,0.92,0.062313591865294816,0.3044032344055376,0.2882842674249503,0.016008062740190503,0.0
utopic_disconnected,284,0.14023574463038752,0.0,0.0,0.92,0.06229638184790782,0.3044032344055376,0.28816250613118805,0.01600473668910988,0.0
utopic_disconnected,285,0.14185106490048777,0.0,0.0,0.92,0.062279171830520806,0.3044032344055376,0.28804074483742587,0.016001420348444387,0.0
utopic_disconnected,286,0.14348188630338726,0.0,0.0,0.92,0.06226196181313379,0.3044032344055376,0.28791898354366363,0.01599811340448417,0.0
utopic_disconnected,287,0.14512828599125058,0.0,0.0,0.92,0.062244751795746775,0.3044032344055376,0.2877972222499014,0.015994815553875268,0.0
utopic_disconnected,288,0.14679033980138237,0.0,0.0,0.92,0.06222754177835976,0.3044032344055376,0.28767546095613916,0.015991526503276957,0.0
utopic_disconnected,289,0.14846812221071454,0.0,0.0,0.92,0.062210331760972744,0.3044032344055376,0.287553699662377,0.01598824596903051,0.0
utopic_disconnected,290,0.15016170628984732,0.0,0.0,0.92,0.06219312174358573,0.3044032344055376,0.28743193836861475,0.015984973676838876,0.0
utopic_disconnected,291,0.15187116365665929,0.0,0.0,0.92,0.06217591172619871,0.3044032344055376,0.28731017707485257,0.01598170936145707,0.0
utopic_disconnected,292,0.15359656442950217,0.0,0.0,0.92,0.06215870170881171,0.3044032344055376,0.28718841578109033,0.015978452766392728,0.0
utopic_disconnected,293,0.15533797717999753,0.0,0.0,0.92,0.0621414916914247,0.3044032344055376,0.28706665448732804,0.01597520364361669,0.0
utopic_disconnected,294,0.15709546888545273,0.0,0.0,0.92,0.062124281674037676,0.3044032344055376,0.28694489319356586,0.015971961753283127,0.0
utopic_disconnected,295,0.15886910488091516,0.0,0.0,0.92,0.06210707165665067,0.3044032344055376,0.2868231318998037,0.015968726863458932,0.0
utopic_disconnected,296,0.1606589488108834,0.0,0.0,0.92,0.06208986163926366,0.3044032344055376,0.28670137060604145,0.015965498749862132,0.0
utopic_disconnected,297,0.1624650625806961,0.0,0.0,0.92,0.06207265162187664,0.3044032344055376,0.28657960931227927,0.015962277195608932,0.0
utopic_disconnected,298,0.16428750630761857,0.0,0.0,0.92,0.06205544160448963,0.3044032344055376,0.28645784801851704,0.01595906199096917,0.0
utopic_disconnected,299,0.16612633827165055,0.0,0.0,0.92,0.06203823158710262,0.3044032344055376,0.2863360867247548,0.015955852933129844,0.0
utopic_disconnected,300,0.16798161486607552,0.0,0.0,0.92,0.06202102156971561,0.3044032344055376,0.28621432543099257,0.015952649825966513,0.0
utopic_disconnected,301,0.16985339054777734,0.0,0.0,0.92,0.06200381155232859,0.3044032344055376,0.28609256413723033,0.015949452479822233,0.0
utopic_disconnected,302,0.17174171778734698,0.0,0.0,0.92,0.061986601534941586,0.3044032344055376,0.28597080284346815,0.01594626071129387,0.0
utopic_disconnected,303,0.17364664701900503,0.0,0.0,0.92,0.06196939151755457,0.3044032344055376,0.285849041549706,0.015943074343025422,0.0
utopic_disconnected,304,0.1755682265903665,0.0,0.0,0.92,0.061952181500167555,0.3044032344055376,0.2857272802559437,0.015939893203508256,0.0
utopic_disconnected,305,0.1775065027120738,0.0,0.0,0.92,0.061934971482780536,0.3044032344055376,0.28560551896218145,0.01593671712688792,0.0
utopic_disconnected,306,0.17946151940732682,0.0,0.0,0.92,0.06191776146539353,0.3044032344055376,0.28548375766841927,0.015933545952777364,0.0
utopic_disconnected,307,0.1814333184613375,0.0,0.0,0.92,0.06190055144800651,0.3044032344055376,0.28536199637465703,0.01593037952607635,0.0
utopic_disconnected,308,0.18342193937073947,0.0,0.0,0.92,0.06188334143061949,0.3044032344055376,0.28524023508089486,0.015927217696796846,0.0
utopic_disconnected,309,0.18542741929298223,0.0,0.0,0.92,0.061866131413232495,0.3044032344055376,0.2851184737871327,0.015924060319894174,0.0
utopic_disconnected,310,0.18744979299574127,0.0,0.0,0.92,0.06184892139584548,0.3044032344055376,0.2849967124933704,0.01592090725510379,0.0
utopic_disconnected,311,0.18948909280637574,0.0,0.0,0.92,0.061831711378458463,0.3044032344055376,0.28487495119960815,0.01591775836678344,0.0
utopic_disconnected,312,0.19154534856146752,0.0,0.0,0.92,0.06181450136107145,0.3044032344055376,0.28475318990584597,0.015914613523760543,0.0
utopic_disconnected,313,0.19361858755647318,0.0,0.0,0.92,0.06179729134368443,0.3044032344055376,0.28463142861208385,0.015911472599184625,0.0
utopic_disconnected,314,0.19570883449552565,0.0,0.0,0.92,0.06178008132629742,0.3044032344055376,0.28450966731832156,0.015908335470384657,0.0
utopic_disconnected,315,0.19781611144141825,0.0,0.0,0.92,0.061762871308910415,0.3044032344055376,0.2843879060245593,0.015905202018731086,0.0
utopic_disconnected,316,0.19994043776580886,0.0,0.0,0.92,0.0617456612915234,0.3044032344055376,0.2842661447307971,0.015902072129502433,0.0
utopic_disconnected,317,0.20208183009968,0.0,0.0,0.92,0.06172845127413639,0.3044032344055376,0.2841443834370349,0.015898945691756337,0.0
utopic_disconnected,318,0.20424030228409176,0.0,0.0,0.92,0.06171124125674937,0.3044032344055376,0.2840226221432727,0.01589582259820483,0.0
utopic_disconnected,319,0.20641586532126682,0.0,0.0,0.92,0.06169403123936236,0.3044032344055376,0.2839008608495105,0.01589270274509375,0.0
utopic_disconnected,320,0.20860852732604496,0.0,0.0,0.92,0.06167682122197535,0.3044032344055376,0.2837790995557483,0.015889586032086147,0.0
utopic_disconnected,321,0.21081829347774714,0.0,0.0,0.92,0.06165961120458833,0.3044032344055376,0.2836573382619861,0.015886472362149535,0.0
utopic_disconnected,322,0.21304516597248946,0.0,0.0,0.92,0.061642401187201316,0.3044032344055376,0.2835355769682238,0.015883361641446898,0.0
utopic_disconnected,323,0.2152891439759867,0.0,0.0,0.92,0.06162519116981432,0.3044032344055376,0.2834138156744616,0.01588025377923125,0.0
utopic_disconnected,324,0.2175502235768875,0.0,0.0,0.92,0.061607981152427306,0.3044032344055376,0.2832920543806994,0.01587714868774374,0.0
utopic_disconnected,325,0.21982839774068252,0.0,0.0,0.92,0.06159077113504028,0.3044032344055376,0.2831702930869372,0.01587404628211509,0.0
utopic_disconnected,326,0.22212365626422775,0.0,0.0,0.92,0.06157356111765327,0.3044032344055376,0.28304853179317496,0.015870946480270293,0.0
utopic_disconnected,327,0.22443598573092652,0.0,0.0,0.92,0.06155635110026626,0.3044032344055376,0.2829267704994128,0.01586784920283648,0.0
utopic_disconnected,328,0.22676536946661205,0.0,0.0,0.92,0.061539141082879244,0.3044032344055376,0.28280500920565055,0.01586475437305381,0.0
utopic_disconnected,329,0.2291117874961753,0.0,0.0,0.92,0.06152193106549223,0.3044032344055376,0.2826832479118883,0.01586166191668932,0.0
utopic_disconnected,330,0.23147521650098238,0.0,0.0,0.92,0.06150472104810521,0.3044032344055376,0.28256148661812613,0.01585857176195362,0.0
utopic_disconnected,331,0.23385562977712387,0.0,0.0,0.92,0.06148751103071821,0.3044032344055376,0.2824397253243639,0.015855483839420335,0.0
utopic_disconnected,332,0.2362529971945438,0.0,0.0,0.92,0.0614703010133312,0.3044032344055376,0.28231796403060166,0.01585239808194821,0.0
utopic_disconnected,333,0.23866728515708963,0.0,0.0,0.92,0.06145309099594418,0.3044032344055376,0.28219620273683943,0.015849314424605805,0.0
utopic_disconnected,334,0.24109845656353182,0.0,0.0,0.92,0.06143588097855717,0.3044032344055376,0.28207444144307725,0.01584623280459864,0.0
utopic_disconnected,335,0.2435464707695958,0.0,0.0,0.92,0.06141867096117015,0.3044032344055376,0.281952680149315,0.015843153161198786,0.0
utopic_disconnected,336,0.2460112835510519,0.0,0.0,0.92,0.06140146094378314,0.3044032344055376,0.28183091885555284,0.015840075435676768,0.0
utopic_disconnected,337,0.2484928470679109,0.0,0.0,0.92,0.06138425092639613,0.3044032344055376,0.28170915756179055,0.0158369995712357,0.0
utopic_disconnected,338,0.25099110982976713,0.0,0.0,0.92,0.061367040909009116,0.3044032344055376,0.28158739626802837,0.015833925512947628,0.0
utopic_disconnected,339,0.2535060166623378,0.0,0.0,0.92,0.061349830891622104,0.3044032344055376,0.2814656349742662,0.01583085320769195,0.0
utopic_disconnected,340,0.256037508675242,0.0,0.0,0.92,0.0613326208742351,0.3044032344055376,0.28134387368050395,0.01582778260409586,0.0
utopic_disconnected,341,0.25858552323106454,0.0,0.0,0.92,0.06131541085684808,0.3044032344055376,0.2812221123867417,0.015824713652476806,0.0
utopic_disconnected,342,0.261149993915751,0.0,0.0,0.92,0.06129820083946106,0.3044032344055376,0.2811003510929795,0.015821646304786795,0.0
utopic_disconnected,343,0.2637308505103769,0.0,0.0,0.92,0.061280990822074055,0.3044032344055376,0.28097858979921725,0.015818580514558554,0.0
utopic_disconnected,344,0.2663280189643365,0.0,0.0,0.92,0.061263780804687036,0.3044032344055376,0.28085682850545507,0.015815516236853493,0.0
utopic_disconnected,345,0.2689414213699951,0.0,0.0,0.92,0.06124657078730003,0.3044032344055376,0.2807350672116929,0.01581245342821135,0.0
utopic_disconnected,346,0.27157097593884777,0.0,0.0,0.92,0.061229360769913005,0.3044032344055376,0.28061330591793066,0.015809392046601513,0.0
utopic_disconnected,347,0.27421659697922823,0.0,0.0,0.92,0.06121215075252599,0.3044032344055376,0.2804915446241684,0.015806332051375948,0.0
utopic_disconnected,348,0.27687819487561016,0.0,0.0,0.92,0.061194940735138995,0.3044032344055376,0.28036978333040624,0.01580327340322368,0.0
utopic_disconnected,349,0.27955567606954246,0.0,0.0,0.92,0.06117773071775197,0.3044032344055376,0.280248022036644,0.01580021606412679,0.0
utopic_disconnected,350,0.28224894304226,0.0,0.0,0.92,0.06116052070036496,0.3044032344055376,0.28012626074288177,0.015797159997317824,0.0
utopic_disconnected,351,0.28495789429901025,0.0,0.0,0.92,0.06114331068297795,0.3044032344055376,0.2800044994491196,0.01579410516723865,0.0
utopic_disconnected,352,0.28768242435513497,0.0,0.0,0.92,0.06112610066559093,0.3044032344055376,0.27988273815535736,0.01579105153950065,0.0
utopic_disconnected,353,0.29042242372394583,0.0,0.0,0.92,0.06110889064820393,0.3044032344055376,0.2797609768615951,0.01578799908084624,0.0
utopic_disconnected,354,0.29317777890643243,0.0,0.0,0.92,0.0610916806308169,0.3044032344055376,0.27963921556783294,0.01578494775911162,0.0
utopic_disconnected,355,0.29594837238283755,0.0,0.0,0.92,0.06107447061342989,0.3044032344055376,0.2795174542740707,0.01578189754319083,0.0
utopic_disconnected,356,0.2987340826061377,0.0,0.0,0.92,0.061057260596042884,0.3044032344055376,0.2793956929803085,0.01577884840300088,0.0
utopic_disconnected,357,0.30153478399746125,0.0,0.0,0.92,0.061040050578655865,0.3044032344055376,0.2792739316865463,0.015775800309448158,0.0
utopic_disconnected,358,0.30435034694347873,0.0,0.0,0.92,0.06102284056126885,0.3044032344055376,0.27915217039278406,0.01577275323439582,0.0
utopic_disconnected,359,0.307180637795797,0.0,0.0,0.92,0.06100563054388185,0.3044032344055376,0.2790304090990219,0.01576970715063237,0.0
utopic_disconnected,360,0.31002551887238755,0.0,0.0,0.92,0.06098842052649483,0.3044032344055376,0.27890864780525965,0.015766662031841176,0.0
utopic_disconnected,361,0.31288484846107845,0.0,0.0,0.92,0.060971210509107816,0.3044032344055376,0.2787868865114974,0.015763617852571053,0.0
utopic_disconnected,362,0.3157584808251377,0.0,0.0,0.92,0.06095400049172081,0.3044032344055376,0.27866512521773523,0.01576057458820782,0.0
utopic_disconnected,363,0.31864626621097447,0.0,0.0,0.92,0.06093679047433379,0.3044032344055376,0.278543363923973,0.015757532214946728,0.0
utopic_disconnected,364,0.3215480508579818,0.0,0.0,0.92,0.06091958045694679,0.3044032344055376,0.27842160263021076,0.015754490709765884,0.0
utopic_disconnected,365,0.3244636770105458,0.0,0.0,0.92,0.060902370439559775,0.3044032344055376,0.27829984133644853,0.015751450050400476,0.0
utopic_disconnected,366,0.32739298293223956,0.0,0.0,0.92,0.06088516042217275,0.3044032344055376,0.27817808004268635,0.015748410215317907,0.0
utopic_disconnected,367,0.330335802922225,0.0,0.0,0.92,0.060867950404785744,0.3044032344055376,0.2780563187489241,0.015745371183693693,0.0
utopic_disconnected,368,0.33329196733387695,0.0,0.0,0.92,0.060850740387398725,0.3044032344055376,0.2779345574551619,0.015742332935388202,0.0
utopic_disconnected,369,0.3362613025956473,0.0,0.0,0.92,0.06083353037001171,0.3044032344055376,0.2778127961613997,0.015739295450924142,0.0
utopic_disconnected,370,0.33924363123418283,0.0,0.0,0.92,0.0608163203526247,0.3044032344055376,0.27769103486763747,0.015736258711464775,0.0
utopic_disconnected,371,0.34223877189970753,0.0,0.0,0.92,0.06079911033523768,0.3044032344055376,0.27756927357387523,0.015733222698792865,0.0
utopic_disconnected,372,0.34524653939368083,0.0,0.0,0.92,0.060781900317850676,0.3044032344055376,0.27744751228011305,0.015730187395290328,0.0
utopic_disconnected,373,0.3482667446987386,0.0,0.0,0.92,0.06076469030046367,0.3044032344055376,0.2773257509863508,0.01572715278391853,0.0
utopic_disconnected,374,0.35129919501092316,0.0,0.0,0.92,0.06074748028307665,0.3044032344055376,0.2772039896925886,0.01572411884819924,0.0
utopic_disconnected,375,0.35434369377420455,0.0,0.0,0.92,0.06073027026568964,0.3044032344055376,0.27708222839882635,0.01572108557219623,0.0
utopic_disconnected,376,0.3574000407172972,0.0,0.0,0.92,0.06071306024830262,0.3044032344055376,0.27696046710506417,0.01571805294049746,0.0
utopic_disconnected,377,0.36046803189276766,0.0,0.0,0.92,0.06069585023091561,0.3044032344055376,0.276838705811302,0.01571502093819785,0.0
utopic_disconnected,378,0.36354745971843366,0.0,0.0,0.92,0.0606786402135286,0.3044032344055376,0.2767169445175397,0.015711989550882616,0.0
utopic_disconnected,379,0.36663811302104604,0.0,0.0,0.92,0.06066143019614158,0.3044032344055376,0.2765951832237775,0.015708958764611182,0.0
utopic_disconnected,380,0.36973977708224876,0.0,0.0,0.92,0.060644220178754565,0.3044032344055376,0.27647342193001534,0.0157059285659016,0.0
utopic_disconnected,381,0.3728522336868044,0.0,0.0,0.92,0.06062701016136757,0.3044032344055376,0.27635166063625305,0.015702898941715473,0.0
utopic_disconnected,382,0.37597526117307534,0.0,0.0,0.92,0.06060980014398054,0.3044032344055376,0.2762298993424909,0.015699869879443384,0.0
utopic_disconnected,383,0.37910863448574306,0.0,0.0,0.92,0.060592590126593536,0.3044032344055376,0.27610813804872864,0.015696841366890826,0.0
utopic_disconnected,384,0.382252125230751,0.0,0.0,0.92,0.06057538010920652,0.3044032344055376,0.2759863767549664,0.015693813392264555,0.0
utopic_disconnected,385,0.38540550173245053,0.0,0.0,0.92,0.060558170091819505,0.3044032344055376,0.2758646154612042,0.015690785944159433,0.0
utopic_disconnected,386,0.3885685290929272,0.0,0.0,0.92,0.06054096007443249,0.3044032344055376,0.27574285416744204,0.015687759011545663,0.0
utopic_disconnected,387,0.3917409692534856,0.0,0.0,0.92,0.060523750057045474,0.3044032344055376,0.27562109287367975,0.015684732583756484,0.0
utopic_disconnected,388,0.3949225810582625,0.0,0.0,0.92,0.06050654003965846,0.3044032344055376,0.2754993315799176,0.015681706650476225,0.0
utopic_disconnected,389,0.39811312031994345,0.0,0.0,0.92,0.060489330022271456,0.3044032344055376,0.2753775702861554,0.01565003175841022,0.0
utopic_disconnected,390,0.401312339887548,0.0,0.0,0.92,0.060472120004884444,0.3044032344055376,0.2752558089923931,0.015619256983507331,0.0
utopic_disconnected,391,0.40451998971625175,0.0,0.0,0.92,0.06045490998749743,0.3044032344055376,0.2751340476986309,0.015589354336701774,0.0
utopic_disconnected,392,0.4077358169392086,0.0,0.0,0.92,0.06043769997011042,0.3044032344055376,0.27501228640486874,0.015560296698945252,0.0
utopic_disconnected,393,0.41095956594133487,0.0,0.0,0.92,0.0604204899527234,0.3044032344055376,0.27489052511110645,0.01553205779417742,0.0
utopic_disconnected,394,0.41419097843501507,0.0,0.0,0.92,0.06040327993533639,0.3044032344055376,0.2747687638173443,0.015504612163135678,0.0
utopic_disconnected,395,0.4174297935376853,0.0,0.0,0.92,0.06038606991794937,0.3044032344055376,0.2746470025235821,0.015477935137978176,0.0
utopic_disconnected,396,0.42067574785125056,0.0,0.0,0.92,0.06036885990056236,0.3044032344055376,0.27452524122981986,0.015452002817694903,0.0
utopic_disconnected,397,0.42392857554328783,0.0,0.0,0.92,0.06035164988317536,0.3044032344055376,0.2744034799360576,0.01542679204428226,0.0
utopic_disconnected,398,0.42718800842998617,0.0,0.0,0.92,0.06033443986578834,0.3044032344055376,0.27428171864229545,0.015402280379657577,0.0
utopic_disconnected,399,0.43045377606077095,0.0,0.0,0.92,0.06031722984840133,0.3044032344055376,0.2741599573485332,0.015378446083290451,0.0
utopic_disconnected,400,0.43372560580456077,0.0,0.0,0.92,0.060300019831014316,0.3044032344055376,0.27403819605477103,0.0153552680905288,0.0
utopic_disconnected,401,0.43700322293759947,0.0,0.0,0.92,0.0602828098136273,0.3044032344055376,0.2739164347610088,0.015332725991597948,0.0
utopic_disconnected,402,0.44028635073280703,0.0,0.0,0.92,0.060265599796240285,0.3044032344055376,0.27379467346724656,0.015310800011251959,0.0
utopic_disconnected,403,0.4435747105505899,0.0,0.0,0.92,0.060248389778853266,0.3044032344055376,0.27367291217348433,0.01528947098905687,0.0
utopic_disconnected,404,0.44686802193104874,0.0,0.0,0.92,0.06023117976146626,0.3044032344055376,0.27355115087972215,0.015268720360286314,0.0
utopic_disconnected,405,0.45016600268752216,0.0,0.0,0.92,0.060213969744079256,0.3044032344055376,0.2734293895859599,0.015248530137410427,0.0
utopic_disconnected,406,0.4534683690013999,0.0,0.0,0.92,0.060196759726692244,0.3044032344055376,0.2733076282921977,0.015228882892159696,0.0
utopic_disconnected,407,0.4567748355181423,0.0,0.0,0.92,0.060179549709305225,0.3044032344055376,0.2731858669984355,0.015209761738145854,0.0
utopic_disconnected,408,0.46008511544443426,0.0,0.0,0.92,0.06016233969191821,0.3044032344055376,0.27306410570467327,0.015191150314022576,0.0
utopic_disconnected,409,0.4633989206464093,0.0,0.0,0.92,0.06014512967453119,0.3044032344055376,0.27294234441091103,0.015173032767169145,0.0
utopic_disconnected,410,0.4667159617488687,0.0,0.0,0.92,0.06012791965714418,0.3044032344055376,0.27282058311714885,0.015155393737880966,0.0
utopic_disconnected,411,0.4700359482354282,0.0,0.0,0.92,0.060110709639757176,0.3044032344055376,0.2726988218233866,0.01513821834405106,0.0
utopic_disconnected,412,0.473358588549516,0.0,0.0,0.92,0.06009349962237016,0.3044032344055376,0.27257706052962444,0.015121492166327424,0.0
utopic_disconnected,413,0.4766835901961499,0.0,0.0,0.92,0.06007628960498315,0.3044032344055376,0.2724552992358622,0.015105201233731368,0.0
utopic_disconnected,414,0.48001065984441826,0.0,0.0,0.92,0.06005907958759614,0.3044032344055376,0.27233353794209997,0.015089332009722635,0.0
utopic_disconnected,415,0.48333950343058857,0.0,0.0,0.92,0.06004186957020912,0.3044032344055376,0.27221177664833773,0.015073871378697312,0.0
utopic_disconnected,416,0.48666982626176764,0.0,0.0,0.92,0.06002465955282211,0.3044032344055376,0.27209001535457555,0.015058806632905205,0.0
utopic_disconnected,417,0.4900013331200346,0.0,0.0,0.92,0.06000744953543509,0.3044032344055376,0.2719682540608133,0.01504412545977358,0.0
utopic_disconnected,418,0.49333372836697054,0.0,0.0,0.92,0.05999023951804808,0.3044032344055376,0.27184649276705114,0.015029815929624685,0.0
utopic_disconnected,419,0.4966667160485049,0.0,0.0,0.92,0.05997302950066107,0.3044032344055376,0.2717247314732889,0.015015866483774816,0.0
utopic_disconnected,420,0.5,0.0,0.0,0.92,0.05995581948327405,0.3044032344055376,0.27160297017952667,0.015002265923003123,0.0
utopic_disconnected,421,0.5033332839514952,0.0,0.0,0.92,0.05993860946588705,0.3044032344055376,0.27148120888576444,0.014989003396378561,0.0
utopic_disconnected,422,0.5066662716330296,0.0,0.0,0.92,0.059921399448500036,0.3044032344055376,0.27135944759200226,0.014976068390434038,0.0
utopic_disconnected,423,0.5099986668799655,0.0,0.0,0.92,0.05990418943111302,0.3044032344055376,0.27123768629824,0.014963450718676823,0.0
utopic_disconnected,424,0.5133301737382324,0.0,0.0,0.92,0.059886979413726005,0.3044032344055376,0.2711159250044778,0.014951140511424843,0.0
utopic_disconnected,425,0.5166604965694114,0.0,0.0,0.92,0.059869769396338986,0.3044032344055376,0.2709941637107156,0.014939128205958784,0.0
utopic_disconnected,426,0.5199893401555818,0.0,0.0,0.92,0.05985255937895198,0.3044032344055376,0.2708724024169534,0.014927404536980092,0.0
utopic_disconnected,427,0.5233164098038501,0.0,0.0,0.92,0.05983534936156496,0.3044032344055376,0.2707506411231912,0.01491596052736547,0.0
utopic_disconnected,428,0.5266414114504839,0.0,0.0,0.92,0.05981813934417795,0.3044032344055376,0.27062887982942896,0.01490478747920862,0.0
utopic_disconnected,429,0.5299640517645717,0.0,0.0,0.92,0.059800929326790944,0.3044032344055376,0.2705071185356667,0.014893876965140301,0.0
utopic_disconnected,430,0.5332840382511314,0.0,0.0,0.92,0.05978371930940393,0.3044032344055376,0.27038535724190454,0.014883220819918098,0.0
utopic_disconnected,431,0.5366010793535907,0.0,0.0,0.92,0.05976650929201691,0.3044032344055376,0.2702635959481423,0.01487281113227748,0.0
utopic_disconnected,432,0.5399148845555657,0.0,0.0,0.92,0.0597492992746299,0.3044032344055376,0.2701418346543801,0.014862640237036078,0.0
utopic_disconnected,433,0.5432251644818576,0.0,0.0,0.92,0.05973208925724289,0.3044032344055376,0.2700200733606179,0.014852700707443295,0.0
utopic_disconnected,434,0.5465316309986,0.0,0.0,0.92,0.05971487923985588,0.3044032344055376,0.26989831206685566,0.014842985347767611,0.0
utopic_disconnected,435,0.549833997312478,0.0,0.0,0.92,0.05969766922246886,0.3044032344055376,0.2697765507730934,0.014833487186114252,0.0
utopic_disconnected,436,0.5531319780689512,0.0,0.0,0.92,0.05968045920508186,0.3044032344055376,0.26965478947933125,0.01482419946746601,0.0
utopic_disconnected,437,0.5564252894494102,0.0,0.0,0.92,0.05966324918769484,0.3044032344055376,0.26953302818556907,0.014815115646940349,0.0
utopic_disconnected,438,0.5597136492671929,0.0,0.0,0.92,0.05964603917030783,0.3044032344055376,0.2694112668918068,0.014806229383256,0.0
utopic_disconnected,439,0.5629967770624005,0.0,0.0,0.92,0.05962882915292081,0.3044032344055376,0.2692895055980446,0.014797534532402625,0.0
utopic_disconnected,440,0.5662743941954392,0.0,0.0,0.92,0.059611619135533804,0.3044032344055376,0.2691677443042824,0.014789025141507157,0.0
utopic_disconnected,441,0.569546223939229,0.0,0.0,0.92,0.05959440911814679,0.3044032344055376,0.26904598301052013,0.01478069544289079,0.0
utopic_disconnected,442,0.5728119915700138,0.0,0.0,0.92,0.059577199100759766,0.3044032344055376,0.26892422171675795,0.014772539848310626,0.0
utopic_disconnected,443,0.5760714244567121,0.0,0.0,0.92,0.05955998908337276,0.3044032344055376,0.2688024604229957,0.014764552943380296,0.0
utopic_disconnected,444,0.5793242521487495,0.0,0.0,0.92,0.05954277906598575,0.3044032344055376,0.26868069912923354,0.014756729482163975,0.0
utopic_disconnected,445,0.5825702064623147,0.0,0.0,0.92,0.05952556904859874,0.3044032344055376,0.2685589378354713,0.01474906438193838,0.0
utopic_disconnected,446,0.5858090215649849,0.0,0.0,0.92,0.059508359031211724,0.3044032344055376,0.2684371765417091,0.014741552718117596,0.0
utopic_disconnected,447,0.5890404340586651,0.0,0.0,0.92,0.059491149013824705,0.3044032344055376,0.26831541524794683,0.014734189719335601,0.0
utopic_disconnected,448,0.5922641830607915,0.0,0.0,0.92,0.0594739389964377,0.3044032344055376,0.26819365395418465,0.014726970762681653,0.0
utopic_disconnected,449,0.5954800102837483,0.0,0.0,0.92,0.05945672897905068,0.3044032344055376,0.26807189266042236,0.01471989136908372,0.0
utopic_disconnected,450,0.598687660112452,0.0,0.0,0.92,0.05943951896166367,0.3044032344055376,0.26795013136666024,0.014712947198835475,0.0
utopic_disconnected,451,0.6018868796800566,0.0,0.0,0.92,0.05942230894427666,0.3044032344055376,0.267828370072898,0.014706134047262225,0.0
utopic_disconnected,452,0.6050774189417375,0.0,0.0,0.92,0.05940509892688965,0.3044032344055376,0.2677066087791358,0.014699447840521612,0.0
utopic_disconnected,453,0.6082590307465144,0.0,0.0,0.92,0.05938788890950263,0.3044032344055376,0.2675848474853736,0.014692884631534824,0.0
utopic_disconnected,454,0.6114314709070727,0.0,0.0,0.92,0.05937067889211562,0.3044032344055376,0.26746308619161135,0.014686440596044273,0.0
utopic_disconnected,455,0.6145944982675495,0.0,0.0,0.92,0.05935346887472861,0.3044032344055376,0.2673413248978492,0.014680112028793792,0.0
utopic_disconnected,456,0.617747874769249,0.0,0.0,0.92,0.05933625885734159,0.3044032344055376,0.2672195636040869,0.014673895339827632,0.0
utopic_disconnected,457,0.6208913655142569,0.0,0.0,0.92,0.05931904883995458,0.3044032344055376,0.2670978023103247,0.01466778705090442,0.0
utopic_disconnected,458,0.6240247388269247,0.0,0.0,0.92,0.059301838822567565,0.3044032344055376,0.26697604101656247,0.01466178379202265,0.0
utopic_disconnected,459,0.6271477663131956,0.0,0.0,0.92,0.05928462880518055,0.3044032344055376,0.2668542797228003,0.014655882298054146,0.0
utopic_disconnected,460,0.6302602229177513,0.0,0.0,0.92,0.05926741878779355,0.3044032344055376,0.26673251842903806,0.014650079405482208,0.0
utopic_disconnected,461,0.6333618869789539,0.0,0.0,0.92,0.05925020877040653,0.3044032344055376,0.2666107571352759,0.014644372049241131,0.0
utopic_disconnected,462,0.6364525402815664,0.0,0.0,0.92,0.05923299875301952,0.3044032344055376,0.26648899584151364,0.014638757259653978,0.0
utopic_disconnected,463,0.6395319681072323,0.0,0.0,0.92,0.059215788735632505,0.3044032344055376,0.2663672345477514,0.014633232159465583,0.0
utopic_disconnected,464,0.6425999592827029,0.0,0.0,0.92,0.05919857871824549,0.3044032344055376,0.26624547325398923,0.014627793960967727,0.0
utopic_disconnected,465,0.6456563062257954,0.0,0.0,0.92,0.059181368700858474,0.3044032344055376,0.266123711960227,0.014622439963213765,0.0
utopic_disconnected,466,0.6487008049890769,0.0,0.0,0.92,0.05916415868347147,0.3044032344055376,0.26600195066646476,0.014617167549319793,0.0
utopic_disconnected,467,0.6517332553012614,0.0,0.0,0.92,0.05914694866608445,0.3044032344055376,0.2658801893727025,0.014611974183849736,0.0
utopic_disconnected,468,0.6547534606063192,0.0,0.0,0.92,0.059129738648697444,0.3044032344055376,0.26575842807894035,0.014606857410281749,0.0
utopic_disconnected,469,0.6577612281002925,0.0,0.0,0.92,0.05911252863131043,0.3044032344055376,0.2656366667851781,0.014601814848553376,0.0
utopic_disconnected,470,0.6607563687658172,0.0,0.0,0.92,0.05909531861392341,0.3044032344055376,0.2655149054914159,0.014596844192683029,0.0
utopic_disconnected,471,0.6637386974043528,0.0,0.0,0.92,0.059078108596536394,0.3044032344055376,0.2653931441976537,0.014591943208465429,0.0
utopic_disconnected,472,0.6667080326661231,0.0,0.0,0.92,0.05906089857914938,0.3044032344055376,0.26527138290389146,0.014587109731238704,0.0
utopic_disconnected,473,0.669664197077775,0.0,0.0,0.92,0.05904368856176238,0.3044032344055376,0.2651496216101292,0.014582341663720896,0.0
utopic_disconnected,474,0.6726070170677604,0.0,0.0,0.92,0.059026478544375365,0.3044032344055376,0.26502786031636705,0.014577636973913767,0.0
utopic_disconnected,475,0.6755363229894543,0.0,0.0,0.92,0.05900926852698834,0.3044032344055376,0.2649060990226048,0.014572993693071757,0.0
utopic_disconnected,476,0.6784519491420181,0.0,0.0,0.92,0.05899205850960134,0.3044032344055376,0.26478433772884263,0.014568409913734112,0.0
utopic_disconnected,477,0.6813537337890256,0.0,0.0,0.92,0.05897484849221433,0.3044032344055376,0.2646625764350804,0.014563883787818194,0.0
utopic_disconnected,478,0.6842415191748623,0.0,0.0,0.92,0.05895763847482731,0.3044032344055376,0.26454081514131816,0.014559413524772096,0.0
utopic_disconnected,479,0.6871151515389214,0.0,0.0,0.92,0.0589404284574403,0.3044032344055376,0.26441905384755593,0.01455499738978467,0.0
utopic_disconnected,480,0.6899744811276125,0.0,0.0,0.92,0.05892321844005329,0.3044032344055376,0.26429729255379375,0.014550633702051273,0.0
utopic_disconnected,481,0.6928193622042029,0.0,0.0,0.92,0.05890600842266627,0.3044032344055376,0.2641755312600315,0.01454632083309337,0.0
utopic_disconnected,482,0.6956496530565213,0.0,0.0,0.92,0.05888879840527926,0.3044032344055376,0.26405376996626934,0.01454205720513047,0.0
utopic_disconnected,483,0.6984652160025387,0.0,0.0,0.92,0.05887158838789224,0.3044032344055376,0.2639320086725071,0.014537841289502624,0.0
utopic_disconnected,484,0.7012659173938623,0.0,0.0,0.92,0.058854378370505236,0.3044032344055376,0.26381024737874487,0.014533671605142035,0.0
utopic_disconnected,485,0.7040516276171624,0.0,0.0,0.92,0.058837168353118224,0.3044032344055376,0.26368848608498263,0.014529546717092166,0.0
utopic_disconnected,486,0.7068222210935676,0.0,0.0,0.92,0.058819958335731205,0.3044032344055376,0.26356672479122045,0.014525465235072905,0.0
utopic_disconnected,487,0.7095775762760542,0.0,0.0,0.92,0.05880274831834419,0.3044032344055376,0.2634449634974582,0.014521425812090392,0.0
utopic_disconnected,488,0.7123175756448651,0.0,0.0,0.92,0.058785538300957174,0.3044032344055376,0.2633232022036961,0.014517427143090015,0.0
utopic_disconnected,489,0.7150421057009898,0.0,0.0,0.92,0.05876832828357016,0.3044032344055376,0.2632014409099338,0.014513467963651367,0.0
utopic_disconnected,490,0.71775105695774,0.0,0.0,0.92,0.05875111826618316,0.3044032344055376,0.2630796796161716,0.014509547048723747,0.0
utopic_disconnected,491,0.7204443239304575,0.0,0.0,0.92,0.05873390824879614,0.3044032344055376,0.2629579183224094,0.014505663211401001,0.0
utopic_disconnected,492,0.7231218051243898,0.0,0.0,0.92,0.05871669823140913,0.3044032344055376,0.26283615702864715,0.01450181530173449,0.0
utopic_disconnected,493,0.7257834030207717,0.0,0.0,0.92,0.05869948821402212,0.3044032344055376,0.262714395734885,0.014498002205582946,0.0
utopic_disconnected,494,0.7284290240611523,0.0,0.0,0.92,0.0586822781966351,0.3044032344055376,0.26259263444112274,0.014494222843498128,0.0
utopic_disconnected,495,0.7310585786300049,0.0,0.0,0.92,0.05866506817924809,0.3044032344055376,0.2624708731473605,0.014490476169645114,0.0
utopic_disconnected,496,0.7336719810356634,0.0,0.0,0.92,0.05864785816186108,0.3044032344055376,0.2623491118535983,0.014486761170756214,0.0
utopic_disconnected,497,0.7362691494896231,0.0,0.0,0.92,0.05863064814447406,0.3044032344055376,0.2622273505598361,0.01448307686511738,0.0
utopic_disconnected,498,0.7388500060842489,0.0,0.0,0.92,0.05861343812708705,0.3044032344055376,0.26210558926607386,0.014479422301586173,0.0
utopic_disconnected,499,0.7414144767689355,0.0,0.0,0.92,0.05859622810970005,0.3044032344055376,0.2619838279723117,0.014475796558640274,0.0
utopic_disconnected,500,0.7439624913247581,0.0,0.0,0.92,0.05857901809231303,0.3044032344055376,0.26186206667854944,0.014472198743455586,0.0
utopic_disconnected,501,0.7464939833376621,0.0,0.0,0.92,0.05856180807492602,0.3044032344055376,0.26174030538478726,0.014468627991013,0.0
utopic_disconnected,502,0.7490088901702329,0.0,0.0,0.92,0.058544598057539,0.3044032344055376,0.26161854409102503,0.014465083463232995,0.0
utopic_disconnected,503,0.751507152932089,0.0,0.0,0.92,0.05852738804015199,0.3044032344055376,0.2614967827972628,0.014461564348137107,0.0
utopic_disconnected,504,0.7539887164489482,0.0,0.0,0.92,0.05851017802276498,0.3044032344055376,0.2613750215035006,0.014458069859035506,0.0
utopic_disconnected,505,0.7564535292304043,0.0,0.0,0.92,0.05849296800537796,0.3044032344055376,0.2612532602097384,0.014454599233739866,0.0
utopic_disconnected,506,0.7589015434364682,0.0,0.0,0.92,0.05847575798799095,0.3044032344055376,0.26113149891597615,0.014451151733800675,0.0
utopic_disconnected,507,0.7613327148429104,0.0,0.0,0.92,0.058458547970603944,0.3044032344055376,0.2610097376222139,0.014447726643768337,0.0
utopic_disconnected,508,0.7637470028054563,0.0,0.0,0.92,0.058441337953216925,0.3044032344055376,0.26088797632845173,0.01444432327047718,0.0
utopic_disconnected,509,0.7661443702228762,0.0,0.0,0.92,0.05842412793582991,0.3044032344055376,0.2607662150346895,0.014440940942351845,0.0
utopic_disconnected,510,0.7685247834990175,0.0,0.0,0.92,0.058406917918442894,0.3044032344055376,0.2606444537409273,0.014437579008735144,0.0
utopic_disconnected,511,0.7708882125038248,0.0,0.0,0.92,0.05838970790105588,0.3044032344055376,0.2605226924471651,0.014434236839236914,0.0
utopic_disconnected,512,0.7732346305333879,0.0,0.0,0.92,0.05837249788366888,0.3044032344055376,0.26040093115340285,0.014430913823103091,0.0
utopic_disconnected,513,0.7755640142690734,0.0,0.0,0.92,0.05835528786628186,0.3044032344055376,0.26027916985964067,0.014427609368604415,0.0
utopic_disconnected,514,0.7778763437357723,0.0,0.0,0.92,0.058338077848894845,0.3044032344055376,0.26015740856587843,0.01442432290244417,0.0
utopic_disconnected,515,0.7801716022593175,0.0,0.0,0.92,0.05832086783150784,0.3044032344055376,0.2600356472721162,0.014421053869184356,0.0
utopic_disconnected,516,0.7824497764231124,0.0,0.0,0.92,0.05830365781412082,0.3044032344055376,0.259913885978354,0.014417801730689676,0.0
utopic_disconnected,517,0.7847108560240134,0.0,0.0,0.92,0.05828644779673381,0.3044032344055376,0.2597921246845918,0.014414565965588884,0.0
utopic_disconnected,518,0.7869548340275105,0.0,0.0,0.92,0.058269237779346804,0.3044032344055376,0.25967036339082955,0.014411346068752837,0.0
utopic_disconnected,519,0.789181706522253,0.0,0.0,0.92,0.05825202776195978,0.3044032344055376,0.2595486020970673,0.014408141550788846,0.0
utopic_disconnected,520,0.791391472673955,0.0,0.0,0.92,0.05823481774457277,0.3044032344055376,0.25942684080330514,0.014404951937550687,0.0
utopic_disconnected,521,0.7935841346787332,0.0,0.0,0.92,0.05821760772718575,0.3044032344055376,0.2593050795095429,0.014401776769663942,0.0
utopic_disconnected,522,0.7957596977159083,0.0,0.0,0.92,0.05820039770979875,0.3044032344055376,0.2591833182157807,0.014398615602066043,0.0
utopic_disconnected,523,0.79791816990032,0.0,0.0,0.92,0.058183187692411736,0.3044032344055376,0.2590615569220185,0.014395468003560688,0.0
utopic_disconnected,524,0.8000595622341912,0.0,0.0,0.92,0.05816597767502473,0.3044032344055376,0.2589397956282563,0.014392333556386052,0.0
utopic_disconnected,525,0.8021838885585817,0.0,0.0,0.92,0.058148767657637705,0.3044032344055376,0.2588180343344941,0.014389211855796514,0.0
utopic_disconnected,526,0.8042911655044743,0.0,0.0,0.92,0.05813155764025069,0.3044032344055376,0.2586962730407319,0.014386102509657342,0.0
utopic_disconnected,527,0.8063814124435268,0.0,0.0,0.92,0.058114347622863674,0.3044032344055376,0.2585745117469696,0.014383005138052027,0.0
utopic_disconnected,528,0.8084546514385326,0.0,0.0,0.92,0.05809713760547667,0.3044032344055376,0.2584527504532074,0.01437991937290181,0.0
utopic_disconnected,529,0.8105109071936243,0.0,0.0,0.92,0.05807992758808966,0.3044032344055376,0.25833098915944525,0.014376844857597075,0.0
utopic_disconnected,530,0.8125502070042587,0.0,0.0,0.92,0.058062717570702645,0.3044032344055376,0.25820922786568296,0.014373781246640195,0.0
utopic_disconnected,531,0.8145725807070178,0.0,0.0,0.92,0.05804550755331564,0.3044032344055376,0.2580874665719208,0.014370728205299504,0.0
utopic_disconnected,532,0.8165780606292605,0.0,0.0,0.92,0.05802829753592862,0.3044032344055376,0.25796570527815854,0.014367685409274047,0.0
utopic_disconnected,533,0.8185666815386624,0.0,0.0,0.92,0.0580110875185416,0.3044032344055376,0.2578439439843963,0.01436465254436874,0.0
utopic_disconnected,534,0.8205384805926733,0.0,0.0,0.92,0.05799387750115459,0.3044032344055376,0.2577221826906341,0.014361629306179662,0.0
utopic_disconnected,535,0.8224934972879262,0.0,0.0,0.92,0.05797666748376757,0.3044032344055376,0.25760042139687195,0.01435861539978913,0.0
utopic_disconnected,536,0.8244317734096336,0.0,0.0,0.92,0.05795945746638057,0.3044032344055376,0.2574786601031097,0.014355610539470279,0.0
utopic_disconnected,537,0.826353352980995,0.0,0.0,0.92,0.05794224744899355,0.3044032344055376,0.2573568988093475,0.01435261444840082,0.0
utopic_disconnected,538,0.8282582822126531,0.0,0.0,0.92,0.05792503743160654,0.3044032344055376,0.2572351375155853,0.014349626858385724,0.0
utopic_disconnected,539,0.8301466094522226,0.0,0.0,0.92,0.05790782741421953,0.3044032344055376,0.257113376221823,0.01434664750958852,0.0
utopic_disconnected,540,0.8320183851339245,0.0,0.0,0.92,0.05789061739683252,0.3044032344055376,0.25699161492806083,0.014343676150270983,0.0
utopic_disconnected,541,0.8338736617283494,0.0,0.0,0.92,0.0578734073794455,0.3044032344055376,0.25686985363429865,0.014340712536540897,0.0
utopic_disconnected,542,0.8357124936923814,0.0,0.0,0.92,0.05785619736205849,0.3044032344055376,0.2567480923405364,0.014337756432107688,0.0
utopic_disconnected,543,0.8375349374193038,0.0,0.0,0.92,0.05783898734467148,0.3044032344055376,0.2566263310467742,0.014334807608045664,0.0
utopic_disconnected,544,0.8393410511891166,0.0,0.0,0.92,0.05782177732728447,0.3044032344055376,0.256504569753012,0.014331865842564611,0.0
utopic_disconnected,545,0.8411308951190849,0.0,0.0,0.92,0.05780456730989745,0.3044032344055376,0.2563828084592497,0.014328930920787547,0.0
utopic_disconnected,546,0.8429045311145473,0.0,0.0,0.92,0.05778735729251044,0.3044032344055376,0.2562610471654876,0.014326002634535378,0.0
utopic_disconnected,547,0.8446620228200025,0.0,0.0,0.92,0.057770147275123425,0.3044032344055376,0.25613928587172535,0.014323080782118284,0.0
utopic_disconnected,548,0.8464034355704978,0.0,0.0,0.92,0.05775293725773641,0.3044032344055376,0.2560175245779631,0.014320165168133572,0.0
utopic_disconnected,549,0.8481288363433407,0.0,0.0,0.92,0.0577357272403494,0.3044032344055376,0.2558957632842009,0.01431725560326984,0.0
utopic_disconnected,550,0.8498382937101527,0.0,0.0,0.92,0.05771851722296238,0.3044032344055376,0.2557740019904387,0.014314351904117215,0.0
utopic_disconnected,551,0.8515318777892855,0.0,0.0,0.92,0.05770130720557536,0.3044032344055376,0.25565224069667647,0.014311453892983552,0.0
utopic_disconnected,552,0.8532096601986177,0.0,0.0,0.92,0.05768409718818836,0.3044032344055376,0.2555304794029143,0.014308561397716269,0.0
utopic_disconnected,553,0.8548717140087495,0.0,0.0,0.92,0.05766688717080135,0.3044032344055376,0.25540871810915206,0.01430567425152983,0.0
utopic_disconnected,554,0.8565181136966128,0.0,0.0,0.92,0.05764967715341434,0.3044032344055376,0.2552869568153898,0.014302792292838519,0.0
utopic_disconnected,555,0.8581489350995123,0.0,0.0,0.92,0.05763246713602732,0.3044032344055376,0.2551651955216276,0.014299915365094455,0.0
utopic_disconnected,556,0.8597642553696124,0.0,0.0,0.92,0.057615257118640316,0.3044032344055376,0.2550434342278654,0.01429704331663065,0.0
utopic_disconnected,557,0.861364152928887,0.0,0.0,0.92,0.05759804710125331,0.3044032344055376,0.25492167293410317,0.014294176000508953,0.0
utopic_disconnected,558,0.8629487074245404,0.0,0.0,0.92,0.05758083708386629,0.3044032344055376,0.254799911640341,0.014291313274372719,0.0
utopic_disconnected,559,0.86451799968492,0.0,0.0,0.92,0.057563627066479266,0.3044032344055376,0.25467815034657876,0.014288455000304082,0.0
utopic_disconnected,560,0.8660721116759263,0.0,0.0,0.92,0.057546417049092254,0.3044032344055376,0.2545563890528165,0.014285601044685648,0.0
utopic_disconnected,561,0.8676111264579346,0.0,0.0,0.92,0.05752920703170525,0.3044032344055376,0.2544346277590543,0.014282751278066526,0.0
utopic_disconnected,562,0.8691351281432397,0.0,0.0,0.92,0.057511997014318236,0.3044032344055376,0.25431286646529205,0.014279905575032496,0.0
utopic_disconnected,563,0.8706442018540325,0.0,0.0,0.92,0.05749478699693122,0.3044032344055376,0.2541911051715299,0.014277063814080261,0.0
utopic_disconnected,564,0.8721384336809187,0.0,0.0,0.92,0.057477576979544205,0.3044032344055376,0.25406934387776764,0.01427422587749557,0.0
utopic_disconnected,565,0.8736179106419871,0.0,0.0,0.92,0.057460366962157186,0.3044032344055376,0.2539475825840054,0.01427139165123517,0.0
utopic_disconnected,566,0.875082720642438,0.0,0.0,0.92,0.05744315694477018,0.3044032344055376,0.2538258212902432,0.01426856102481242,0.0
utopic_disconnected,567,0.8765329524347759,0.0,0.0,0.92,0.05742594692738317,0.3044032344055376,0.253704059996481,0.014265733891186473,0.0
utopic_disconnected,568,0.8779686955795769,0.0,0.0,0.92,0.05740873690999616,0.3044032344055376,0.25358229870271876,0.014262910146654905,0.0
utopic_disconnected,569,0.8793900404068328,0.0,0.0,0.92,0.057391526892609145,0.3044032344055376,0.2534605374089566,0.014260089690749685,0.0
utopic_disconnected,570,0.8807970779778823,0.0,0.0,0.92,0.05737431687522213,0.3044032344055376,0.2533387761151944,0.014257272426136388,0.0
utopic_disconnected,571,0.8821899000479303,0.0,0.0,0.92,0.05735710685783511,0.3044032344055376,0.25321701482143216,0.01425445825851656,0.0
utopic_disconnected,572,0.8835685990291611,0.0,0.0,0.92,0.0573398968404481,0.3044032344055376,0.25309525352766993,0.01425164709653309,0.0
utopic_disconnected,573,0.8849332679544502,0.0,0.0,0.92,0.05732268682306108,0.3044032344055376,0.25297349223390775,0.014248838851678585,0.0
utopic_disconnected,574,0.8862840004416773,0.0,0.0,0.92,0.05730547680567408,0.3044032344055376,0.2528517309401455,0.01424603343820652,0.0
utopic_disconnected,575,0.8876208906586432,0.0,0.0,0.92,0.05728826678828706,0.3044032344055376,0.25272996964638333,0.01424323077304524,0.0
utopic_disconnected,576,0.8889440332885924,0.0,0.0,0.92,0.05727105677090006,0.3044032344055376,0.2526082083526211,0.014240430775714585,0.0
utopic_disconnected,577,0.8902535234963449,0.0,0.0,0.92,0.05725384675351304,0.3044032344055376,0.25248644705885886,0.014237633368245113,0.0
utopic_disconnected,578,0.8915494568950368,0.0,0.0,0.92,0.05723663673612603,0.3044032344055376,0.2523646857650967,0.01423483847509988,0.0
utopic_disconnected,579,0.8928319295134719,0.0,0.0,0.92,0.05721942671873901,0.3044032344055376,0.25224292447133445,0.014232046023098613,0.0
utopic_disconnected,580,0.8941010377640822,0.0,0.0,0.92,0.057202216701352,0.3044032344055376,0.2521211631775722,0.014229255941344271,0.0
utopic_disconnected,581,0.8953568784115021,0.0,0.0,0.92,0.05718500668396499,0.3044032344055376,0.25199940188381004,0.014226468161151874,0.0
utopic_disconnected,582,0.8965995485417504,0.0,0.0,0.92,0.057167796666577966,0.3044032344055376,0.2518776405900478,0.014223682615979573,0.0
utopic_disconnected,583,0.8978291455320228,0.0,0.0,0.92,0.05715058664919096,0.3044032344055376,0.25175587929628557,0.01422089924136184,0.0
utopic_disconnected,584,0.8990457670210917,0.0,0.0,0.92,0.057133376631803956,0.3044032344055376,0.25163411800252333,0.014218117974844761,0.0
utopic_disconnected,585,0.9002495108803148,0.0,0.0,0.92,0.05711616661441694,0.3044032344055376,0.25151235670876115,0.014215338755923335,0.0
utopic_disconnected,586,0.9014404751852454,0.0,0.0,0.92,0.057098956597029925,0.3044032344055376,0.2513905954149989,0.01421256152598074,0.0
utopic_disconnected,587,0.9026187581878471,0.0,0.0,0.92,0.057081746579642906,0.3044032344055376,0.2512688341212367,0.01420978622822945,0.0
utopic_disconnected,588,0.9037844582893072,0.0,0.0,0.92,0.057064536562255894,0.3044032344055376,0.2511470728274745,0.01420701280765424,0.0
utopic_disconnected,589,0.9049376740134477,0.0,0.0,0.92,0.05704732654486888,0.3044032344055376,0.25102531153371227,0.01420424121095694,0.0
utopic_disconnected,590,0.9060785039807289,0.0,0.0,0.92,0.05703011652748187,0.3044032344055376,0.2509035502399501,0.014201471386502906,0.0
utopic_disconnected,591,0.907207046882843,0.0,0.0,0.92,0.057012906510094864,0.3044032344055376,0.25078178894618786,0.014198703284269157,0.0
utopic_disconnected,592,0.9083234014578947,0.0,0.0,0.92,0.05699569649270785,0.3044032344055376,0.2506600276524256,0.014195936855794152,0.0
utopic_disconnected,593,0.9094276664661624,0.0,0.0,0.92,0.05697848647532083,0.3044032344055376,0.25053826635866344,0.014193172054129115,0.0
utopic_disconnected,594,0.9105199406664386,0.0,0.0,0.92,0.05696127645793382,0.3044032344055376,0.2504165050649012,0.014190408833790857,0.0
utopic_disconnected,595,0.9116003227929417,0.0,0.0,0.92,0.05694406644054682,0.3044032344055376,0.25029474377113897,0.014187647150716114,0.0
utopic_disconnected,596,0.9126689115327974,0.0,0.0,0.92,0.0569268564231598,0.3044032344055376,0.2501729824773768,0.01418488696221726,0.0
utopic_disconnected,597,0.9137258055040833,0.0,0.0,0.92,0.056909646405772785,0.3044032344055376,0.25005122118361456,0.014182128226939435,0.0
utopic_disconnected,598,0.9147711032344304,0.0,0.0,0.92,0.056892436388385766,0.3044032344055376,0.24992945988985235,0.014179370904818987,0.0
utopic_disconnected,599,0.9158049031401786,0.0,0.0,0.92,0.056875226370998754,0.3044032344055376,0.24980769859609012,0.014176614957043232,0.0
utopic_disconnected,600,0.9168273035060777,0.0,0.0,0.92,0.05685801635361175,0.3044032344055376,0.24968593730232788,0.014173860346011426,0.0
utopic_disconnected,601,0.9178384024655316,0.0,0.0,0.92,0.05684080633622473,0.3044032344055376,0.2495641760085657,0.014171107035297012,0.0
utopic_disconnected,602,0.9188382979813762,0.0,0.0,0.92,0.05682359631883772,0.3044032344055376,0.24944241471480347,0.01416835498961099,0.0
utopic_disconnected,603,0.9198270878271877,0.0,0.0,0.92,0.056806386301450705,0.3044032344055376,0.24932065342104132,0.014165604174766462,0.0
utopic_disconnected,604,0.9208048695691126,0.0,0.0,0.92,0.056789176284063686,0.3044032344055376,0.24919889212727905,0.01416285455764425,0.0
utopic_disconnected,605,0.9217717405482161,0.0,0.0,0.92,0.056771966266676674,0.3044032344055376,0.24907713083351682,0.01416010610615964,0.0
utopic_disconnected,606,0.9227277978633401,0.0,0.0,0.92,0.05675475624928967,0.3044032344055376,0.2489553695397546,0.014157358789230096,0.0
utopic_disconnected,607,0.923673138354465,0.0,0.0,0.92,0.05673754623190266,0.3044032344055376,0.24883360824599243,0.014154612576744023,0.0
utopic_disconnected,608,0.9246078585865675,0.0,0.0,0.92,0.056720336214515645,0.3044032344055376,0.2487118469522302,0.014151867439530497,0.0
utopic_disconnected,609,0.9255320548339719,0.0,0.0,0.92,0.056703126197128625,0.3044032344055376,0.24859008565846796,0.014149123349329933,0.0
utopic_disconnected,610,0.926445823065181,0.0,0.0,0.92,0.05668591617974161,0.3044032344055376,0.24846832436470576,0.014132053809038937,0.0
utopic_disconnected,611,0.9273492589281866,0.0,0.0,0.92,0.0566687061623546,0.3044032344055376,0.24834656307094355,0.014115435094486678,0.0
utopic_disconnected,612,0.9282424577362486,0.0,0.0,0.92,0.05665149614496758,0.3044032344055376,0.2482248017771813,0.014099253189700194,0.0
utopic_disconnected,613,0.9291255144541368,0.0,0.0,0.92,0.05663428612758057,0.3044032344055376,0.2481030404834191,0.014083494514381805,0.0
utopic_disconnected,614,0.9299985236848279,0.0,0.0,0.92,0.056617076110193565,0.3044032344055376,0.2479812791896569,0.01406814591037357,0.0
utopic_disconnected,615,0.9308615796566533,0.0,0.0,0.92,0.05659986609280655,0.3044032344055376,0.2478595178958947,0.014053194628542104,0.0
utopic_disconnected,616,0.9317147762108839,0.0,0.0,0.92,0.05658265607541954,0.3044032344055376,0.24773775660213246,0.014038628316070613,0.0
utopic_disconnected,617,0.9325582067897541,0.0,0.0,0.92,0.05656544605803253,0.3044032344055376,0.24761599530837025,0.01402443500414555,0.0
utopic_disconnected,618,0.9333919644249093,0.0,0.0,0.92,0.05654823604064551,0.3044032344055376,0.24749423401460804,0.014010603096025665,0.0
utopic_disconnected,619,0.9342161417262748,0.0,0.0,0.92,0.0565310260232585,0.3044032344055376,0.24737247272084584,0.01399712135548151,0.0
utopic_disconnected,620,0.935030830871336,0.0,0.0,0.92,0.0565138160058715,0.3044032344055376,0.2472507114270836,0.013983978895593994,0.0
utopic_disconnected,621,0.935836123594826,0.0,0.0,0.92,0.05649660598848447,0.3044032344055376,0.2471289501333214,0.013971165167900758,0.0
utopic_disconnected,622,0.9366321111788097,0.0,0.0,0.92,0.05647939597109747,0.3044032344055376,0.24700718883955922,0.013958669951879653,0.0
utopic_disconnected,623,0.9374188844431588,0.0,0.0,0.92,0.05646218595371045,0.3044032344055376,0.24688542754579698,0.013946483344758762,0.0
utopic_disconnected,624,0.9381965337364114,0.0,0.0,0.92,0.05644497593632344,0.3044032344055376,0.24676366625203475,0.013934595751642949,0.0
utopic_disconnected,625,0.938965148927008,0.0,0.0,0.92,0.056427765918936425,0.3044032344055376,0.24664190495827254,0.013922997875946991,0.0
utopic_disconnected,626,0.9397248193948963,0.0,0.0,0.92,0.056410555901549406,0.3044032344055376,0.2465201436645103,0.013911680710125864,0.0
utopic_disconnected,627,0.9404756340234984,0.0,0.0,0.92,0.0563933458841624,0.3044032344055376,0.2463983823707481,0.013900635526692915,0.0
utopic_disconnected,628,0.9412176811920339,0.0,0.0,0.92,0.05637613586677539,0.3044032344055376,0.24627662107698592,0.013889853869517006,0.0
utopic_disconnected,629,0.9419510487681895,0.0,0.0,0.92,0.05635892584938837,0.3044032344055376,0.24615485978322368,0.013879327545389945,0.0
utopic_disconnected,630,0.9426758241011313,0.0,0.0,0.92,0.056341715832001364,0.3044032344055376,0.24603309848946145,0.013869048615855821,0.0
utopic_disconnected,631,0.9433920940148507,0.0,0.0,0.92,0.056324505814614345,0.3044032344055376,0.2459113371956992,0.013859009389294174,0.0
utopic_disconnected,632,0.9440999448018357,0.0,0.0,0.92,0.05630729579722733,0.3044032344055376,0.245789575901937,0.013849202413248976,0.0
utopic_disconnected,633,0.9447994622170657,0.0,0.0,0.92,0.05629008577984033,0.3044032344055376,0.2456678146081748,0.013839620466995963,0.0
utopic_disconnected,634,0.9454907314723157,0.0,0.0,0.92,0.05627287576245331,0.3044032344055376,0.24554605331441262,0.013830256554340793,0.0
utopic_disconnected,635,0.9461738372307704,0.0,0.0,0.92,0.0562556657450663,0.3044032344055376,0.2454242920206504,0.013821103896640924,0.0
utopic_disconnected,636,0.9468488636019362,0.0,0.0,0.92,0.056238455727679285,0.3044032344055376,0.24530253072688815,0.013812155926044248,0.0
utopic_disconnected,637,0.9475158941368469,0.0,0.0,0.92,0.056221245710292266,0.3044032344055376,0.24518076943312597,0.013803406278937745,0.0
utopic_disconnected,638,0.9481750118235559,0.0,0.0,0.92,0.05620403569290526,0.3044032344055376,0.24505900813936374,0.013794848789599658,0.0
utopic_disconnected,639,0.9488262990829084,0.0,0.0,0.92,0.05618682567551825,0.3044032344055376,0.24493724684560153,0.013786477484048853,0.0
utopic_disconnected,640,0.9494698377645865,0.0,0.0,0.92,0.056169615658131236,0.3044032344055376,0.24481548555183932,0.013778286574085252,0.0
utopic_disconnected,641,0.950105709143423,0.0,0.0,0.92,0.05615240564074422,0.3044032344055376,0.24469372425807712,0.013770270451515378,0.0
utopic_disconnected,642,0.9507339939159732,0.0,0.0,0.92,0.0561351956233572,0.3044032344055376,0.24457196296431488,0.01376242368255733,0.0
utopic_disconnected,643,0.9513547721973448,0.0,0.0,0.92,0.05611798560597019,0.3044032344055376,0.24445020167055267,0.013754741002419526,0.0
utopic_disconnected,644,0.9519681235182715,0.0,0.0,0.92,0.05610077558858319,0.3044032344055376,0.24432844037679047,0.013747217310047903,0.0
utopic_disconnected,645,0.9525741268224334,0.0,0.0,0.92,0.05608356557119617,0.3044032344055376,0.24420667908302823,0.013739847663036302,0.0
utopic_disconnected,646,0.9531728604640098,0.0,0.0,0.92,0.05606635555380916,0.3044032344055376,0.24408491778926603,0.013732627272694944,0.0
utopic_disconnected,647,0.9537644022054652,0.0,0.0,0.92,0.056049145536422144,0.3044032344055376,0.24396315649550382,0.013725551499272168,0.0
utopic_disconnected,648,0.9543488292155562,0.0,0.0,0.92,0.056031935519035125,0.3044032344055376,0.2438413952017416,0.013718615847324594,0.0
utopic_disconnected,649,0.95492621806756,0.0,0.0,0.92,0.05601472550164812,0.3044032344055376,0.24371963390797938,0.013711815961231137,0.0
utopic_disconnected,650,0.955496644737713,0.0,0.0,0.92,0.05599751548426111,0.3044032344055376,0.24359787261421717,0.013705147620846401,0.0
utopic_disconnected,651,0.9560601846038588,0.0,0.0,0.92,0.055980305466874096,0.3044032344055376,0.24347611132045494,0.013698606737289124,0.0
utopic_disconnected,652,0.9566169124442954,0.0,0.0,0.92,0.055963095449487084,0.3044032344055376,0.2433543500266927,0.013692189348861492,0.0
utopic_disconnected,653,0.9571669024368206,0.0,0.0,0.92,0.05594588543210007,0.3044032344055376,0.24323258873293055,0.013685891617095217,0.0
utopic_disconnected,654,0.9577102281579662,0.0,0.0,0.92,0.05592867541471305,0.3044032344055376,0.24311082743916831,0.013679709822920504,0.0
utopic_disconnected,655,0.958246962582418,0.0,0.0,0.92,0.05591146539732604,0.3044032344055376,0.24298906614540605,0.013673640362954032,0.0
utopic_disconnected,656,0.958777178082617,0.0,0.0,0.92,0.05589425537993902,0.3044032344055376,0.24286730485164387,0.013667679745902302,0.0
utopic_disconnected,657,0.9593009464285336,0.0,0.0,0.92,0.055877045362552016,0.3044032344055376,0.24274554355788164,0.013661824589076709,0.0
utopic_disconnected,658,0.9598183387876129,0.0,0.0,0.92,0.05585983534516501,0.3044032344055376,0.2426237822641195,0.013656071615016951,0.0
utopic_disconnected,659,0.9603294257248856,0.0,0.0,0.92,0.05584262532777799,0.3044032344055376,0.24250202097035722,0.013650417648219334,0.0
utopic_disconnected,660,0.9608342772032357,0.0,0.0,0.92,0.05582541531039098,0.3044032344055376,0.24238025967659502,0.01364485961196676,0.0
utopic_disconnected,661,0.961332962583828,0.0,0.0,0.92,0.055808205293003975,0.3044032344055376,0.24225849838283275,0.0136393945252572,0.0
utopic_disconnected,662,0.9618255506266821,0.0,0.0,0.92,0.05579099527561695,0.3044032344055376,0.24213673708907058,0.01363401949982765,0.0
utopic_disconnected,663,0.9623121094913941,0.0,0.0,0.92,0.05577378525822994,0.3044032344055376,0.24201497579530837,0.013628731737270555,0.0
utopic_disconnected,664,0.962792706737999,0.0,0.0,0.92,0.05575657524084292,0.3044032344055376,0.2418932145015462,0.013623528526239857,0.0
utopic_disconnected,665,0.9632674093279703,0.0,0.0,0.92,0.05573936522345591,0.3044032344055376,0.24177145320778395,0.013618407239743847,0.0
utopic_disconnected,666,0.9637362836253517,0.0,0.0,0.92,0.05572215520606891,0.3044032344055376,0.24164969191402175,0.013613365332522193,0.0
utopic_disconnected,667,0.9641993953980168,0.0,0.0,0.92,0.05570494518868189,0.3044032344055376,0.24152793062025954,0.013608400338504446,0.0
utopic_disconnected,668,0.9646568098190524,0.0,0.0,0.92,0.055687735171294876,0.3044032344055376,0.2414061693264973,0.013603509868347553,0.0
utopic_disconnected,669,0.9651085914682631,0.0,0.0,0.92,0.055670525153907864,0.3044032344055376,0.2412844080327351,0.01359869160704991,0.0
utopic_disconnected,670,0.9655548043337889,0.0,0.0,0.92,0.055653315136520845,0.3044032344055376,0.24116264673897292,0.013593943311639546,0.0
utopic_disconnected,671,0.9659955118138362,0.0,0.0,0.92,0.05563610511913384,0.3044032344055376,0.24104088544521068,0.013589262808934192,0.0
utopic_disconnected,672,0.9664307767185175,0.0,0.0,0.92,0.05561889510174683,0.3044032344055376,0.24091912415144845,0.013584647993370941,0.0
utopic_disconnected,673,0.9668606612717919,0.0,0.0,0.92,0.055601685084359816,0.3044032344055376,0.24079736285768624,0.013580096824903395,0.0
utopic_disconnected,674,0.9672852271135097,0.0,0.0,0.92,0.055584475066972804,0.3044032344055376,0.24067560156392404,0.01357560732696414,0.0
utopic_disconnected,675,0.9677045353015494,0.0,0.0,0.92,0.05556726504958579,0.3044032344055376,0.2405538402701618,0.013571177584490586,0.0
utopic_disconnected,676,0.9681186463140522,0.0,0.0,0.92,0.05555005503219877,0.3044032344055376,0.24043207897639965,0.013566805742012142,0.0
utopic_disconnected,677,0.968527620051742,0.0,0.0,0.92,0.05553284501481176,0.3044032344055376,0.2403103176826374,0.013562490001796882,0.0
utopic_disconnected,678,0.9689315158403325,0.0,0.0,0.92,0.05551563499742475,0.3044032344055376,0.24018855638887518,0.013558228622055779,0.0
utopic_disconnected,679,0.9693303924330198,0.0,0.0,0.92,0.055498424980037736,0.3044032344055376,0.24006679509511292,0.013554019915202803,0.0
utopic_disconnected,680,0.9697243080130495,0.0,0.0,0.92,0.05548121496265073,0.3044032344055376,0.23994503380135074,0.013549862246169081,0.0
utopic_disconnected,681,0.9701133201963639,0.0,0.0,0.92,0.05546400494526371,0.3044032344055376,0.23982327250758853,0.01354575403076945,0.0
utopic_disconnected,682,0.9704974860343196,0.0,0.0,0.92,0.0554467949278767,0.3044032344055376,0.23970151121382635,0.013541693734119835,0.0
utopic_disconnected,683,0.9708768620164783,0.0,0.0,0.92,0.05542958491048969,0.3044032344055376,0.23957974992006412,0.013537679869103768,0.0
utopic_disconnected,684,0.97125150407346,0.0,0.0,0.92,0.05541237489310267,0.3044032344055376,0.23945798862630188,0.01353371099488663,0.0
utopic_disconnected,685,0.9716214675798642,0.0,0.0,0.92,0.055395164875715656,0.3044032344055376,0.2393362273325397,0.013529785715476047,0.0
utopic_disconnected,686,0.9719868073572502,0.0,0.0,0.92,0.05537795485832865,0.3044032344055376,0.23921446603877747,0.013525902678327048,0.0
utopic_disconnected,687,0.9723475776771769,0.0,0.0,0.92,0.05536074484094164,0.3044032344055376,0.23909270474501523,0.013522060572990628,0.0
utopic_disconnected,688,0.9727038322642967,0.0,0.0,0.92,0.05534353482355463,0.3044032344055376,0.23897094345125305,0.013518258129804244,0.0
utopic_disconnected,689,0.9730556242995041,0.0,0.0,0.92,0.055326324806167615,0.3044032344055376,0.23884918215749082,0.013514494118623115,0.0
utopic_disconnected,690,0.973403006423134,0.0,0.0,0.92,0.0553091147887806,0.3044032344055376,0.23872742086372858,0.013510767347590895,0.0
utopic_disconnected,691,0.9737460307382076,0.0,0.0,0.92,0.05529190477139359,0.3044032344055376,0.2386056595699664,0.013507076661948622,0.0
utopic_disconnected,692,0.9740847488137233,0.0,0.0,0.92,0.055274694754006565,0.3044032344055376,0.2384838982762042,0.013503420942880649,0.0
utopic_disconnected,693,0.9744192116879924,0.0,0.0,0.92,0.05525748473661956,0.3044032344055376,0.23836213698244194,0.013499799106396494,0.0
utopic_disconnected,694,0.9747494698720133,0.0,0.0,0.92,0.05524027471923255,0.3044032344055376,0.23824037568867976,0.01349621010224745,0.0
utopic_disconnected,695,0.975075573352886,0.0,0.0,0.92,0.055223064701845535,0.3044032344055376,0.23811861439491755,0.013492652912876863,0.0
utopic_disconnected,696,0.9753975715972605,0.0,0.0,0.92,0.05520585468445852,0.3044032344055376,0.23799685310115531,0.013489126552403077,0.0
utopic_disconnected,697,0.9757155135548219,0.0,0.0,0.92,0.05518864466707151,0.3044032344055376,0.23787509180739308,0.013485630065633976,0.0
utopic_disconnected,698,0.9760294476618047,0.0,0.0,0.92,0.0551714346496845,0.3044032344055376,0.2377533305136309,0.013482162527112188,0.0
utopic_disconnected,699,0.9763394218445388,0.0,0.0,0.92,0.055154224632297494,0.3044032344055376,0.23763156921986867,0.013478723040189974,0.0
utopic_disconnected,700,0.9766454835230229,0.0,0.0,0.92,0.055137014614910475,0.3044032344055376,0.2375098079261065,0.013475310736132881,0.0
utopic_disconnected,701,0.976947679614523,0.0,0.0,0.92,0.055119804597523456,0.3044032344055376,0.23738804663234425,0.013471924773251282,0.0
utopic_disconnected,702,0.9772460565371959,0.0,0.0,0.92,0.05510259458013645,0.3044032344055376,0.23726628533858204,0.013468564336058884,0.0
utopic_disconnected,703,0.9775406602137344,0.0,0.0,0.92,0.05508538456274943,0.3044032344055376,0.23714452404481984,0.013465228634457453,0.0
utopic_disconnected,704,0.9778315360750321,0.0,0.0,0.92,0.05506817454536242,0.3044032344055376,0.2370227627510576,0.013461916902946866,0.0
utopic_disconnected,705,0.9781187290638694,0.0,0.0,0.92,0.055050964527975414,0.3044032344055376,0.2369010014572954,0.01345862839985973,0.0
utopic_disconnected,706,0.9784022836386127,0.0,0.0,0.92,0.055033754510588395,0.3044032344055376,0.2367792401635332,0.01345536240661982,0.0
utopic_disconnected,707,0.9786822437769324,0.0,0.0,0.92,0.05501654449320138,0.3044032344055376,0.23665747886977098,0.013452118227023536,0.0
utopic_disconnected,708,0.9789586529795317,0.0,0.0,0.92,0.05499933447581437,0.3044032344055376,0.23653571757600875,0.013448895186543781,0.0
utopic_disconnected,709,0.9792315542738907,0.0,0.0,0.92,0.05498212445842736,0.3044032344055376,0.2364139562822465,0.013445692631655412,0.0
utopic_disconnected,710,0.9795009902180184,0.0,0.0,0.92,0.05496491444104035,0.3044032344055376,0.23629219498848433,0.013442509929181704,0.0
utopic_disconnected,711,0.9797670029042146,0.0,0.0,0.92,0.054947704423653335,0.3044032344055376,0.2361704336947221,0.013439346465661165,0.0
utopic_disconnected,712,0.9800296339628415,0.0,0.0,0.92,0.05493049440626632,0.3044032344055376,0.23604867240095992,0.013436201646733998,0.0
utopic_disconnected,713,0.9802889245660991,0.0,0.0,0.92,0.0549132843888793,0.3044032344055376,0.23592691110719768,0.01343307489654767,0.0
utopic_disconnected,714,0.9805449154318069,0.0,0.0,0.92,0.05489607437149229,0.3044032344055376,0.23580514981343548,0.013429965657180968,0.0
utopic_disconnected,715,0.9807976468271907,0.0,0.0,0.92,0.05487886435410528,0.3044032344055376,0.23568338851967321,0.013426873388085967,0.0
utopic_disconnected,716,0.9810471585726694,0.0,0.0,0.92,0.054861654336718274,0.3044032344055376,0.23556162722591106,0.013423797565547369,0.0
utopic_disconnected,717,0.9812934900456455,0.0,0.0,0.92,0.054844444319331255,0.3044032344055376,0.23543986593214883,0.013420737682158615,0.0
utopic_disconnected,718,0.9815366801842939,0.0,0.0,0.92,0.05482723430194424,0.3044032344055376,0.23531810463838662,0.013417693246314356,0.0
utopic_disconnected,719,0.9817767674913527,0.0,0.0,0.92,0.05481002428455724,0.3044032344055376,0.23519634334462441,0.013414663781718657,0.0
utopic_disconnected,720,0.9820137900379085,0.0,0.0,0.92,0.05479281426717021,0.3044032344055376,0.2350745820508622,0.013411648826908526,0.0
utopic_disconnected,721,0.9822477854671807,0.0,0.0,0.92,0.05477560424978321,0.3044032344055376,0.23495282075709994,0.013408647934792274,0.0
utopic_disconnected,722,0.9824787909983025,0.0,0.0,0.92,0.054758394232396194,0.3044032344055376,0.23483105946333777,0.013405660672202196,0.0
utopic_disconnected,723,0.9827068434300946,0.0,0.0,0.92,0.054741184215009175,0.3044032344055376,0.2347092981695755,0.013402686619461212,0.0
utopic_disconnected,724,0.9829319791448345,0.0,0.0,0.92,0.05472397419762217,0.3044032344055376,0.2345875368758133,0.013399725369962947,0.0
utopic_disconnected,725,0.9831542341120191,0.0,0.0,0.92,0.05470676418023515,0.3044032344055376,0.23446577558205112,0.013396776529764924,0.0
utopic_disconnected,726,0.9833736438921183,0.0,0.0,0.92,0.05468955416284814,0.3044032344055376,0.23434401428828888,0.01339383971719436,0.0
utopic_disconnected,727,0.9835902436403213,0.0,0.0,0.92,0.054672344145461134,0.3044032344055376,0.2342222529945267,0.013390914562466275,0.0
utopic_disconnected,728,0.9838040681102727,0.0,0.0,0.92,0.05465513412807411,0.3044032344055376,0.23410049170076444,0.013388000707313422,0.0
utopic_disconnected,729,0.9840151516577974,0.0,0.0,0.92,0.0546379241106871,0.3044032344055376,0.23397873040700223,0.0133850978046278,0.0
utopic_disconnected,730,0.9842235282446181,0.0,0.0,0.92,0.05462071409330009,0.3044032344055376,0.23385696911324005,0.013382205518113272,0.0
utopic_disconnected,731,0.9844292314420563,0.0,0.0,0.92,0.05460350407591307,0.3044032344055376,0.23373520781947782,0.013379323521949,0.0
utopic_disconnected,732,0.9846322944347244,0.0,0.0,0.92,0.054586294058526066,0.3044032344055376,0.2336134465257156,0.01337645150046336,0.0
utopic_disconnected,733,0.9848327500242031,0.0,0.0,0.92,0.054569084041139054,0.3044032344055376,0.23349168523195335,0.013373589147818003,0.0
utopic_disconnected,734,0.9850306306327055,0.0,0.0,0.92,0.054551874023752035,0.3044032344055376,0.23336992393819117,0.013370736167701727,0.0
utopic_disconnected,735,0.9852259683067269,0.0,0.0,0.92,0.05453466400636502,0.3044032344055376,0.23324816264442896,0.013367892273033906,0.0
utopic_disconnected,736,0.9854187947206795,0.0,0.0,0.92,0.054517453988978004,0.3044032344055376,0.2331264013506667,0.01336505718567712,0.0
utopic_disconnected,737,0.9856091411805111,0.0,0.0,0.92,0.054500243971591,0.3044032344055376,0.23300464005690452,0.01336223063615873,0.0
utopic_disconnected,738,0.9857970386273088,0.0,0.0,0.92,0.054483033954203994,0.3044032344055376,0.23288287876314231,0.013359412363401137,0.0
utopic_disconnected,739,0.9859825176408853,0.0,0.0,0.92,0.054465823936816975,0.3044032344055376,0.23276111746938008,0.013356602114460405,0.0
utopic_disconnected,740,0.9861656084433474,0.0,0.0,0.92,0.05444861391942996,0.3044032344055376,0.23263935617561787,0.013353799644273039,0.0
utopic_disconnected,741,0.986346340902649,0.0,0.0,0.92,0.05443140390204295,0.3044032344055376,0.23251759488185567,0.013351004715410626,0.0
utopic_disconnected,742,0.9865247445361236,0.0,0.0,0.92,0.05441419388465593,0.3044032344055376,0.23239583358809343,0.013348217097842138,0.0
utopic_disconnected,743,0.9867008485139998,0.0,0.0,0.92,0.05439698386726893,0.3044032344055376,0.23227407229433125,0.013345436568703599,0.0
utopic_disconnected,744,0.9868746816628972,0.0,0.0,0.92,0.054379773849881914,0.3044032344055376,0.23215231100056902,0.013342662912074931,0.0
utopic_disconnected,745,0.9870462724693041,0.0,0.0,0.92,0.05436256383249489,0.3044032344055376,0.23203054970680678,0.013339895918763764,0.0
utopic_disconnected,746,0.9872156490830337,0.0,0.0,0.92,0.05434535381510789,0.3044032344055376,0.23190878841304458,0.013337135386095949,0.0
utopic_disconnected,747,0.9873828393206613,0.0,0.0,0.92,0.05432814379772088,0.3044032344055376,0.23178702711928237,0.013334381117712589,0.0
utopic_disconnected,748,0.9875478706689413,0.0,0.0,0.92,0.05431093378033385,0.3044032344055376,0.23166526582552016,0.013331632923373426,0.0
utopic_disconnected,749,0.9877107702882032,0.0,0.0,0.92,0.05429372376294685,0.3044032344055376,0.23154350453175798,0.013328890618766274,0.0
utopic_disconnected,750,0.9878715650157257,0.0,0.0,0.92,0.05427651374555983,0.3044032344055376,0.23142174323799572,0.013326154025322473,0.0
utopic_disconnected,751,0.9880302813690913,0.0,0.0,0.92,0.05425930372817282,0.3044032344055376,0.2312999819442335,0.013323422970038006,0.0
utopic_disconnected,752,0.9881869455495174,0.0,0.0,0.92,0.05424209371078581,0.3044032344055376,0.23117822065047133,0.013320697285300227,0.0
utopic_disconnected,753,0.988341583445167,0.0,0.0,0.92,0.0542248836933988,0.3044032344055376,0.23105645935670907,0.013317976808719982,0.0
utopic_disconnected,754,0.9884942206344361,0.0,0.0,0.92,0.05420767367601177,0.3044032344055376,0.23093469806294686,0.013315261382968931,0.0
utopic_disconnected,755,0.9886448823892203,0.0,0.0,0.92,0.054190463658624774,0.3044032344055376,0.23081293676918463,0.013312550855621963,0.0
utopic_disconnected,756,0.9887935936781571,0.0,0.0,0.92,0.054173253641237755,0.3044032344055376,0.23069117547542245,0.013309845079004476,0.0
utopic_disconnected,757,0.9889403791698465,0.0,0.0,0.92,0.05415604362385074,0.3044032344055376,0.23056941418166021,0.013307143910044466,0.0
utopic_disconnected,758,0.9890852632360487,0.0,0.0,0.92,0.054138833606463724,0.3044032344055376,0.230447652887898,0.013304447210129161,0.0
utopic_disconnected,759,0.9892282699548585,0.0,0.0,0.92,0.05412162358907672,0.3044032344055376,0.2303258915941358,0.013301754844966169,0.0
utopic_disconnected,760,0.9893694231138561,0.0,0.0,0.92,0.05410441357168971,0.3044032344055376,0.23020413030037357,0.013299066684448897,0.0
utopic_disconnected,761,0.9895087462132354,0.0,0.0,0.92,0.054087203554302694,0.3044032344055376,0.23008236900661136,0.013296382602526219,0.0
utopic_disconnected,762,0.9896462624689083,0.0,0.0,0.92,0.05406999353691568,0.3044032344055376,0.22996060771284915,0.013293702477076137,0.0
utopic_disconnected,763,0.9897819948155844,0.0,0.0,0.92,0.05405278351952867,0.3044032344055376,0.2298388464190869,0.01329102618978343,0.0
utopic_disconnected,764,0.989915965909829,0.0,0.0,0.92,0.05403557350214165,0.3044032344055376,0.2297170851253247,0.01328835362602108,0.0
utopic_disconnected,765,0.9900481981330957,0.0,0.0,0.92,0.05401836348475464,0.3044032344055376,0.22959532383156248,0.013285684674735388,0.0
utopic_disconnected,766,0.9901787135947351,0.0,0.0,0.92,0.054001153467367634,0.3044032344055376,0.22947356253780027,0.013283019228334695,0.0
utopic_disconnected,767,0.9903075341349804,0.0,0.0,0.92,0.053983943449980615,0.3044032344055376,0.2293518012440381,0.01328035718258152,0.0
utopic_disconnected,768,0.9904346813279084,0.0,0.0,0.92,0.0539667334325936,0.3044032344055376,0.22923003995027583,0.013277698436488126,0.0
utopic_disconnected,769,0.990560176484376,0.0,0.0,0.92,0.0539495234152066,0.3044032344055376,0.22910827865651362,0.013275042892215243,0.0
utopic_disconnected,770,0.9906840406549333,0.0,0.0,0.92,0.05393231339781958,0.3044032344055376,0.22898651736275144,0.013272390454974036,0.0
utopic_disconnected,771,0.990806294632712,0.0,0.0,0.92,0.053915103380432566,0.3044032344055376,0.2288647560689892,0.013269741032931073,0.0
utopic_disconnected,772,0.990926958956289,0.0,0.0,0.92,0.05389789336304555,0.3044032344055376,0.228742994775227,0.013267094537116258,0.0
utopic_disconnected,773,0.9910460539125278,0.0,0.0,0.92,0.05388068334565854,0.3044032344055376,0.2286212334814648,0.013264450881333635,0.0
utopic_disconnected,774,0.9911635995393923,0.0,0.0,0.92,0.05386347332827153,0.3044032344055376,0.22849947218770258,0.013261809982074987,0.0
utopic_disconnected,775,0.99127961562874,0.0,0.0,0.92,0.053846263310884504,0.3044032344055376,0.22837771089394032,0.013259171758436083,0.0
utopic_disconnected,776,0.9913941217290878,0.0,0.0,0.92,0.0538290532934975,0.3044032344055376,0.22825594960017814,0.013256536132035583,0.0
utopic_disconnected,777,0.9915071371483557,0.0,0.0,0.92,0.053811843276110494,0.3044032344055376,0.2281341883064159,0.013253903026936424,0.0
utopic_disconnected,778,0.9916186809565847,0.0,0.0,0.92,0.053794633258723475,0.3044032344055376,0.2280124270126537,0.013251272369569682,0.0
utopic_disconnected,779,0.991728771988632,0.0,0.0,0.92,0.05377742324133646,0.3044032344055376,0.2278906657188915,0.013248644088660793,0.0
utopic_disconnected,780,0.9918374288468401,0.0,0.0,0.92,0.05376021322394944,0.3044032344055376,0.2277689044251293,0.01324601811515807,0.0
utopic_disconnected,781,0.991944669903684,0.0,0.0,0.92,0.05374300320656244,0.3044032344055376,0.22764714313136702,0.013243394382163463,0.0
utopic_disconnected,782,0.992050513304392,0.0,0.0,0.92,0.053725793189175426,0.3044032344055376,0.22752538183760482,0.013240772824865445,0.0
utopic_disconnected,783,0.9921549769695442,0.0,0.0,0.92,0.05370858317178841,0.3044032344055376,0.2274036205438426,0.013238153380474007,0.0
utopic_disconnected,784,0.9922580785976467,0.0,0.0,0.92,0.053691373154401395,0.3044032344055376,0.2272818592500804,0.013235535988157696,0.0
utopic_disconnected,785,0.9923598356676799,0.0,0.0,0.92,0.05367416313701439,0.3044032344055376,0.22716009795631817,0.013232920588982552,0.0
utopic_disconnected,786,0.9924602654416266,0.0,0.0,0.92,0.05365695311962737,0.3044032344055376,0.227038336662556,0.013230307125853028,0.0
utopic_disconnected,787,0.9925593849669722,0.0,0.0,0.92,0.05363974310224036,0.3044032344055376,0.22691657536879378,0.013227695543454687,0.0
utopic_disconnected,788,0.9926572110791847,0.0,0.0,0.92,0.053622533084853354,0.3044032344055376,0.22679481407503152,0.013225085788198707,0.0
utopic_disconnected,789,0.9927537604041685,0.0,0.0,0.92,0.05360532306746633,0.3044032344055376,0.22667305278126934,0.013222477808168114,0.0
utopic_disconnected,790,0.9928490493606965,0.0,0.0,0.92,0.053588113050079315,0.3044032344055376,0.22655129148750708,0.013219871553065693,0.0
utopic_disconnected,791,0.9929430941628168,0.0,0.0,0.92,0.0535709030326923,0.3044032344055376,0.2264295301937449,0.013217266974163505,0.0
utopic_disconnected,792,0.9930359108222379,0.0,0.0,0.92,0.0535536930153053,0.3044032344055376,0.2263077688999827,0.013214664024254003,0.0
utopic_disconnected,793,0.9931275151506898,0.0,0.0,0.92,0.053536482997918286,0.3044032344055376,0.22618600760622048,0.013212062657602637,0.0
utopic_disconnected,794,0.9932179227622612,0.0,0.0,0.92,0.05351927298053127,0.3044032344055376,0.22606424631245825,0.013209462829901973,0.0
utopic_disconnected,795,0.9933071490757153,0.0,0.0,0.92,0.053502062963144255,0.3044032344055376,0.22594248501869604,0.013206864498227198,0.0
utopic_disconnected,796,0.9933952093167804,0.0,0.0,0.92,0.05348485294575724,0.3044032344055376,0.2258207237249338,0.013204267620993054,0.0
utopic_disconnected,797,0.9934821185204209,0.0,0.0,0.92,0.05346764292837023,0.3044032344055376,0.2256989624311716,0.013201672157912082,0.0
utopic_disconnected,798,0.9935678915330812,0.0,0.0,0.92,0.05345043291098321,0.3044032344055376,0.2255772011374094,0.01319907806995418,0.0
utopic_disconnected,799,0.9936525430149115,0.0,0.0,0.92,0.0534332228935962,0.3044032344055376,0.2254554398436472,0.013196485319307425,0.0
utopic_disconnected,800,0.9937360874419672,0.0,0.0,0.92,0.053416012876209194,0.3044032344055376,0.225333678549885,0.01319389386934009,0.0
utopic_disconnected,801,0.9938185391083889,0.0,0.0,0.92,0.05339880285882218,0.3044032344055376,0.22521191725612275,0.013191303684563891,0.0
utopic_disconnected,802,0.9938999121285584,0.0,0.0,0.92,0.05338159284143516,0.3044032344055376,0.22509015596236054,0.013188714730598327,0.0
utopic_disconnected,803,0.9939802204392335,0.0,0.0,0.92,0.05336438282404815,0.3044032344055376,0.22496839466859833,0.013186126974136162,0.0
utopic_disconnected,804,0.9940594778016597,0.0,0.0,0.92,0.05334717280666114,0.3044032344055376,0.2248466333748361,0.013183540382909979,0.0
utopic_disconnected,805,0.9941376978036617,0.0,0.0,0.92,0.05332996278927412,0.3044032344055376,0.2247248720810739,0.013180954925659766,0.0
utopic_disconnected,806,0.9942148938617117,0.0,0.0,0.92,0.053312752771887115,0.3044032344055376,0.22460311078731168,0.013178370572101515,0.0
utopic_disconnected,807,0.9942910792229765,0.0,0.0,0.92,0.05329554275450011,0.3044032344055376,0.22448134949354948,0.013175787292896817,0.0
utopic_disconnected,808,0.9943662669673444,0.0,0.0,0.92,0.05327833273711309,0.3044032344055376,0.22435958819978724,0.013173205059623366,0.0
utopic_disconnected,809,0.9944404700094283,0.0,0.0,0.92,0.05326112271972607,0.3044032344055376,0.224237826906025,0.013170623844746423,0.0
utopic_disconnected,810,0.9945137011005495,0.0,0.0,0.92,0.053243912702339066,0.3044032344055376,0.22411606561226283,0.013168043621591142,0.0
utopic_disconnected,811,0.9945859728307014,0.0,0.0,0.92,0.05322670268495205,0.3044032344055376,0.2239943043185006,0.013165464364315765,0.0
utopic_disconnected,812,0.994657297630489,0.0,0.0,0.92,0.053209492667565035,0.3044032344055376,0.22387254302473839,0.013162886047885658,0.0
utopic_disconnected,813,0.9947276877730513,0.0,0.0,0.92,0.05319228265017802,0.3044032344055376,0.22375078173097618,0.013160308648048158,0.0
utopic_disconnected,814,0.9947971553759601,0.0,0.0,0.92,0.05317507263279102,0.3044032344055376,0.22362902043721394,0.01315773214130818,0.0
utopic_disconnected,815,0.9948657124031015,0.0,0.0,0.92,0.053157862615404006,0.3044032344055376,0.22350725914345174,0.013155156504904614,0.0
utopic_disconnected,816,0.9949333706665338,0.0,0.0,0.92,0.05314065259801699,0.3044032344055376,0.22338549784968956,0.013152581716787444,0.0
utopic_disconnected,817,0.9950001418283274,0.0,0.0,0.92,0.053123442580629975,0.3044032344055376,0.2232637365559273,0.013150007755595577,0.0
utopic_disconnected,818,0.9950660374023854,0.0,0.0,0.92,0.05310623256324296,0.3044032344055376,0.2231419752621651,0.013147434600635373,0.0
utopic_disconnected,819,0.9951310687562414,0.0,0.0,0.92,0.05308902254585594,0.3044032344055376,0.22302021396840283,0.013144862231859825,0.0
utopic_disconnected,820,0.9951952471128405,0.0,0.0,0.92,0.05307181252846894,0.3044032344055376,0.22289845267464067,0.013142290629848409,0.0
utopic_disconnected,821,0.9952585835522998,0.0,0.0,0.92,0.05305460251108193,0.3044032344055376,0.22277669138087844,0.013139719775787552,0.0
utopic_disconnected,822,0.9953210890136492,0.0,0.0,0.92,0.05303739249369491,0.3044032344055376,0.22265493008711626,0.013137149651451711,0.0
utopic_disconnected,823,0.9953827742965536,0.0,0.0,0.92,0.0530201824763079,0.3044032344055376,0.22253316879335405,0.013134580239185038,0.0
utopic_disconnected,824,0.9954436500630155,0.0,0.0,0.92,0.05300297245892088,0.3044032344055376,0.22241140749959187,0.013132011521883619,0.0
utopic_disconnected,825,0.9955037268390589,0.0,0.0,0.92,0.05298576244153387,0.3044032344055376,0.2222896462058296,0.013129443482978256,0.0
utopic_disconnected,826,0.995563015016395,0.0,0.0,0.92,0.05296855242414686,0.3044032344055376,0.2221678849120674,0.013126876106417815,0.0
utopic_disconnected,827,0.9956215248540692,0.0,0.0,0.92,0.052951342406759846,0.3044032344055376,0.22204612361830514,0.013124309376653064,0.0
utopic_disconnected,828,0.9956792664800881,0.0,0.0,0.92,0.052934132389372834,0.3044032344055376,0.22192436232454296,0.013121743278621013,0.0
utopic_disconnected,829,0.995736249893031,0.0,0.0,0.92,0.05291692237198582,0.3044032344055376,0.2218026010307807,0.013119177797729774,0.0
utopic_disconnected,830,0.9957924849636409,0.0,0.0,0.92,0.0528997123545988,0.3044032344055376,0.22168083973701852,0.013116612919843852,0.0
utopic_disconnected,831,0.9958479814363993,0.0,0.0,0.92,0.0528825023372118,0.3044032344055376,0.2215590784432563,0.013114048631269928,0.0
utopic_disconnected,832,0.9959027489310815,0.0,0.0,0.92,0.052865292319824786,0.3044032344055376,0.2214373171494941,0.01311148491874307,0.0
utopic_disconnected,833,0.9959567969442962,0.0,0.0,0.92,0.05284808230243777,0.3044032344055376,0.22131555585573187,0.01310892176941336,0.0
utopic_disconnected,834,0.996010134851006,0.0,0.0,0.92,0.052830872285050755,0.3044032344055376,0.22119379456196966,0.013106359170832978,0.0
utopic_disconnected,835,0.996062771906031,0.0,0.0,0.92,0.05281366226766374,0.3044032344055376,0.22107203326820743,0.013103797110943637,0.0
utopic_disconnected,836,0.9961147172455367,0.0,0.0,0.92,0.05279645225027673,0.3044032344055376,0.22095027197444522,0.01310123557806446,0.0
utopic_disconnected,837,0.9961659798885026,0.0,0.0,0.92,0.05277924223288972,0.3044032344055376,0.22082851068068304,0.013098674560880189,0.0
utopic_disconnected,838,0.9962165687381752,0.0,0.0,0.92,0.052762032215502706,0.3044032344055376,0.2207067493869208,0.013096114048429799,0.0
utopic_disconnected,839,0.9962664925835046,0.0,0.0,0.92,0.052744822198115694,0.3044032344055376,0.2205849880931586,0.013093554030095447,0.0
utopic_disconnected,840,0.9963157601005641,0.0,0.0,0.92,0.05272761218072868,0.3044032344055376,0.22046322679939634,0.01309099449559177,0.0
utopic_disconnected,841,0.9963643798539527,0.0,0.0,0.92,0.05271040216334166,0.3044032344055376,0.22034146550563416,0.013088435434955505,0.0
utopic_disconnected,842,0.9964123602981836,0.0,0.0,0.92,0.05269319214595466,0.3044032344055376,0.22021970421187195,0.013085876838535467,0.0
utopic_disconnected,843,0.9964597097790535,0.0,0.0,0.92,0.05267598212856765,0.3044032344055376,0.22009794291810975,0.013083318696982787,0.0
utopic_disconnected,844,0.9965064365349993,0.0,0.0,0.92,0.052658772111180634,0.3044032344055376,0.2199761816243475,0.013080761001241514,0.0
utopic_disconnected,845,0.9965525486984363,0.0,0.0,0.92,0.05264156209379362,0.3044032344055376,0.2198544203305853,0.013078203742539459,0.0
utopic_disconnected,846,0.9965980542970827,0.0,0.0,0.92,0.0526243520764066,0.3044032344055376,0.21973265903682312,0.013075646912379347,0.0
utopic_disconnected,847,0.9966429612552671,0.0,0.0,0.92,0.05260714205901959,0.3044032344055376,0.21961089774306086,0.013073090502530249,0.0
utopic_disconnected,848,0.9966872773952219,0.0,0.0,0.92,0.05258993204163258,0.3044032344055376,0.21948913644929866,0.013041882640971872,0.0
utopic_disconnected,849,0.9967310104383614,0.0,0.0,0.92,0.05257272202424556,0.3044032344055376,0.21936737515553645,0.013011574733472203,0.0
utopic_disconnected,850,0.9967741680065444,0.0,0.0,0.92,0.052555512006858554,0.3044032344055376,0.21924561386177424,0.012982138795197913,0.0
utopic_disconnected,851,0.9968167576233218,0.0,0.0,0.92,0.05253830198947155,0.3044032344055376,0.219123852568012,0.012953547711213298,0.0
utopic_disconnected,852,0.9968587867151706,0.0,0.0,0.92,0.05252109197208452,0.3044032344055376,0.21900209127424977,0.012925775209453828,0.0
utopic_disconnected,853,0.9969002626127119,0.0,0.0,0.92,0.05250388195469752,0.3044032344055376,0.2188803299804876,0.012898795834538943,0.0
utopic_disconnected,854,0.996941192551916,0.0,0.0,0.92,0.052486671937310506,0.3044032344055376,0.21875856868672536,0.012872584922398057,0.0
utopic_disconnected,855,0.9969815836752917,0.0,0.0,0.92,0.05246946191992349,0.3044032344055376,0.21863680739296318,0.012847118575684482,0.0
utopic_disconnected,856,0.9970214430330624,0.0,0.0,0.92,0.052452251902536474,0.3044032344055376,0.21851504609920092,0.012822373639952877,0.0
utopic_disconnected,857,0.9970607775843287,0.0,0.0,0.92,0.05243504188514947,0.3044032344055376,0.2183932848054387,0.012798327680576493,0.0
utopic_disconnected,858,0.9970995941982158,0.0,0.0,0.92,0.05241783186776244,0.3044032344055376,0.21827152351167653,0.012774958960381222,0.0
utopic_disconnected,859,0.9971378996550085,0.0,0.0,0.92,0.05240062185037544,0.3044032344055376,0.2181497622179143,0.01275224641797427,0.0
utopic_disconnected,860,0.9971757006472715,0.0,0.0,0.92,0.052383411832988426,0.3044032344055376,0.21802800092415206,0.012730169646745846,0.0
utopic_disconnected,861,0.9972130037809578,0.0,0.0,0.92,0.052366201815601414,0.3044032344055376,0.21790623963038988,0.012708708874522983,0.0
utopic_disconnected,862,0.9972498155765017,0.0,0.0,0.92,0.0523489917982144,0.3044032344055376,0.21778447833662767,0.012687844943855235,0.0
utopic_disconnected,863,0.9972861424699018,0.0,0.0,0.92,0.05233178178082739,0.3044032344055376,0.2176627170428654,0.012667559292912689,0.0
utopic_disconnected,864,0.997321990813787,0.0,0.0,0.92,0.05231457176344038,0.3044032344055376,0.21754095574910326,0.012647833936977233,0.0
utopic_disconnected,865,0.9973573668784731,0.0,0.0,0.92,0.052297361746053365,0.3044032344055376,0.21741919445534102,0.012628651450508656,0.0
utopic_disconnected,866,0.997392276853006,0.0,0.0,0.92,0.052280151728666346,0.3044032344055376,0.2172974331615788,0.012609994949767816,0.0
utopic_disconnected,867,0.9974267268461897,0.0,0.0,0.92,0.05226294171127934,0.3044032344055376,0.21717567186781653,0.012591848075979451,0.0
utopic_disconnected,868,0.9974607228876058,0.0,0.0,0.92,0.05224573169389233,0.3044032344055376,0.21705391057405435,0.012574194979018046,0.0
utopic_disconnected,869,0.9974942709286181,0.0,0.0,0.92,0.05222852167650531,0.3044032344055376,0.2169321492802921,0.012557020301600339,0.0
utopic_disconnected,870,0.9975273768433653,0.0,0.0,0.92,0.0522113116591183,0.3044032344055376,0.2168103879865299,0.012540309163968888,0.0
utopic_disconnected,871,0.9975600464297427,0.0,0.0,0.92,0.05219410164173128,0.3044032344055376,0.21668862669276773,0.012524047149051382,0.0
utopic_disconnected,872,0.9975922854103714,0.0,0.0,0.92,0.05217689162434427,0.3044032344055376,0.2165668653990055,0.012508220288080905,0.0
utopic_disconnected,873,0.997624099433555,0.0,0.0,0.92,0.052159681606957255,0.3044032344055376,0.21644510410524326,0.01249281504666293,0.0
utopic_disconnected,874,0.997655494074226,0.0,0.0,0.92,0.05214247158957024,0.3044032344055376,0.21632334281148108,0.012477818311275053,0.0
utopic_disconnected,875,0.9976864748348797,0.0,0.0,0.92,0.05212526157218323,0.3044032344055376,0.21620158151771887,0.012463217376186157,0.0
utopic_disconnected,876,0.997717047146497,0.0,0.0,0.92,0.052108051554796225,0.3044032344055376,0.2160798202239566,0.012448999930781888,0.0
utopic_disconnected,877,0.9977472163694562,0.0,0.0,0.92,0.052090841537409206,0.3044032344055376,0.21595805893019446,0.012435154047283865,0.0
utopic_disconnected,878,0.9977769877944332,0.0,0.0,0.92,0.052073631520022194,0.3044032344055376,0.2158362976364322,0.012421668168850411,0.0
utopic_disconnected,879,0.9978063666432913,0.0,0.0,0.92,0.052056421502635175,0.3044032344055376,0.21571453634267,0.012408531098046939,0.0
utopic_disconnected,880,0.9978353580699584,0.0,0.0,0.92,0.05203921148524816,0.3044032344055376,0.21559277504890778,0.01239573198567451,0.0
utopic_disconnected,881,0.9978639671612962,0.0,0.0,0.92,0.05202200146786116,0.3044032344055376,0.21547101375514555,0.012383260319945466,0.0
utopic_disconnected,882,0.9978921989379567,0.0,0.0,0.92,0.052004791450474146,0.3044032344055376,0.2153492524613834,0.012371105915995367,0.0
utopic_disconnected,883,0.9979200583552285,0.0,0.0,0.92,0.051987581433087134,0.3044032344055376,0.21522749116762116,0.012359258905720705,0.0
utopic_disconnected,884,0.9979475503038729,0.0,0.0,0.92,0.05197037141570012,0.3044032344055376,0.21510572987385893,0.01234770972793243,0.0
utopic_disconnected,885,0.9979746796109501,0.0,0.0,0.92,0.05195316139831311,0.3044032344055376,0.2149839685800967,0.01233644911881533,0.0
utopic_disconnected,886,0.9980014510406342,0.0,0.0,0.92,0.0519359513809261,0.3044032344055376,0.21486220728633448,0.012325468102683857,0.0
utopic_disconnected,887,0.9980278692950192,0.0,0.0,0.92,0.05191874136353907,0.3044032344055376,0.21474044599257228,0.012314757983025185,0.0
utopic_disconnected,888,0.9980539390149143,0.0,0.0,0.92,0.051901531346152066,0.3044032344055376,0.21461868469881007,0.012304310333820519,0.0
utopic_disconnected,889,0.9980796647806303,0.0,0.0,0.92,0.051884321328765054,0.3044032344055376,0.21449692340504783,0.012294116991136129,0.0
utopic_disconnected,890,0.9981050511127537,0.0,0.0,0.92,0.05186711131137805,0.3044032344055376,0.21437516211128563,0.01228417004497558,0.0
utopic_disconnected,891,0.9981301024729159,0.0,0.0,0.92,0.05184990129399103,0.3044032344055376,0.21425340081752342,0.012274461831385213,0.0
utopic_disconnected,892,0.9981548232645479,0.0,0.0,0.92,0.05183269127660402,0.3044032344055376,0.2141316395237612,0.012264984924804859,0.0
utopic_disconnected,893,0.9981792178336281,0.0,0.0,0.92,0.051815481259217,0.3044032344055376,0.214009878229999,0.012255732130656286,0.0
utopic_disconnected,894,0.9982032904694216,0.0,0.0,0.92,0.051798271241829986,0.3044032344055376,0.21388811693623677,0.012246696478161938,0.0
utopic_disconnected,895,0.9982270454052078,0.0,0.0,0.92,0.05178106122444298,0.3044032344055376,0.21376635564247454,0.012237871213386799,0.0
utopic_disconnected,896,0.9982504868190014,0.0,0.0,0.92,0.05176385120705596,0.3044032344055376,0.21364459434871236,0.012229249792496526,0.0
utopic_disconnected,897,0.9982736188342628,0.0,0.0,0.92,0.05174664118966895,0.3044032344055376,0.21352283305495012,0.01222082587522505,0.0
utopic_disconnected,898,0.9982964455206002,0.0,0.0,0.92,0.051729431172281945,0.3044032344055376,0.21340107176118794,0.01221259331854518,0.0
utopic_disconnected,899,0.9983189708944624,0.0,0.0,0.92,0.051712221154894926,0.3044032344055376,0.2132793104674257,0.012204546170535922,0.0
utopic_connected_noncoercive,0,0.003684239899435989,0.002026331944689794,2.2514799385442155e-06,0.92,0.06718504335739137,0.3043999607750556,0.322749026528626,0.14236388867526872,0.0
utopic_connected_noncoercive,1,0.0037335074164953673,0.002053429079072452,4.5330678041802735e-06,0.92,0.06716902022823514,0.3043966444953014,0.3226336650234509,0.13812186785747546,0.0
utopic_connected_noncoercive,2,0.0037834312618248273,0.002080887194003655,6.845164686406557e-06,0.92,0.06715301310116673,0.3043932850121156,0.3225183915078944,0.13402365321794113,0.0
utopic_connected_noncoercive,3,0.0038340201114974476,0.0021087110613235965,9.188176976766108e-06,0.92,0.06713702218963057,0.3043898817641715,0.32240320716758236,0.13006434475734885,0.0
utopic_connected_noncoercive,4,0.0038852827544632778,0.002136905514954803,1.1562516437827e-05,0.92,0.06712104770989855,0.3043864341828833,0.32228811320397144,0.12623921023558635,0.0
utopic_connected_noncoercive,5,0.0039372280939690045,0.002165475451682953,1.3968600273030281e-05,0.92,0.06710508988110683,0.3043829416923129,0.3221731108345565,0.12254367940010494,0.0
utopic_connected_noncoercive,6,0.003989865148994104,0.0021944258319467574,1.6406851197415567e-05,0.92,0.06708914892529323,0.30437940370907585,0.3220582012930809,0.11897333841385799,0.0
utopic_connected_noncoercive,7,0.004043203055703721,0.0022237616806370466,1.8877697509234506e-05,0.92,0.06707322506743514,0.30437581964224564,0.3219433858297489,0.11552392447588179,0.0
utopic_connected_noncoercive,8,0.004097251068918378,0.0022534880879051078,2.1381573162462405e-05,0.92,0.06705731853548777,0.3043721888932575,0.3218286657114412,0.11219132062782383,0.0
utopic_connected_noncoercive,9,0.004152018563600643,0.002283610209980354,2.3918917840218353e-05,0.92,0.06704142956042303,0.30436851085580974,0.32171404222193334,0.10897155073995753,0.0
utopic_connected_noncoercive,10,0.00420751503635901,0.0023141332699974557,2.6490177029104414e-05,0.92,0.06702555837626878,0.3043647849157658,0.3215995166621161,0.1058607746704483,0.0
utopic_connected_noncoercive,11,0.004263750106969024,0.0023450625588329636,2.9095802094474374e-05,0.92,0.06700970522014865,0.3043610104510529,0.3214850903502194,0.10285528359185356,0.0
utopic_connected_noncoercive,12,0.004320733519911917,0.0023764034359515544,3.173625035664277e-05,0.92,0.06699387033232237,0.3043571868315612,0.3213707646220386,0.099951495479049,0.0
utopic_connected_noncoercive,13,0.004378475145930852,0.002408161330261969,3.4411985168044954e-05,0.92,0.06697805395622648,0.3043533134190405,0.321256540831164,0.09714595075297683,0.0
utopic_connected_noncoercive,14,0.004436984983604936,0.002440341740982715,3.7123475991359084e-05,0.92,0.06696225633851578,0.3043493895669962,0.32114242034921237,0.09443530807480657,0.0
utopic_connected_noncoercive,15,0.004496273160941178,0.002472950238517648,3.987119847860092e-05,0.92,0.06694647772910506,0.3043454146205838,0.32102840456606263,0.09181634028528857,0.0
utopic_connected_noncoercive,16,0.004556349936984563,0.00250599246534151,4.2655634551202596e-05,0.92,0.06693071838121147,0.3043413879165022,0.3209144948900933,0.08928593048426149,0.0
utopic_connected_noncoercive,17,0.004617225703446331,0.0025394741368954823,4.5477272481086466e-05,0.92,0.06691497855139747,0.3043373087828858,0.3208006927484237,0.08684106824545225,0.0
utopic_connected_noncoercive,18,0.004678910986350701,0.002573401042492886,4.833660697274523e-05,0.92,0.06689925849961421,0.3043331765391943,0.3206869995871576,0.08447884596187445,0.0
utopic_connected_noncoercive,19,0.004741416447700177,0.0026077790462350975,5.1234139246339785e-05,0.92,0.06688355848924554,0.30432899049610274,0.32057341687163016,0.08219645531729732,0.0
utopic_connected_noncoercive,20,0.004804752887159518,0.0026426140879377354,5.4170377121826156e-05,0.92,0.06686787878715246,0.3043247499553885,0.320459946086658,0.07999118387941268,0.0
utopic_connected_noncoercive,21,0.004868931243758641,0.0026779121840672525,5.7145835104123104e-05,0.92,0.06685221966371828,0.30432045420981835,0.3203465887367923,0.07786041181048216,0.0
utopic_connected_noncoercive,22,0.0049339625976145595,0.002713679428688008,6.0161034469332e-05,0.92,0.06683658139289415,0.3043161025430326,0.3202333463465747,0.07580160869139171,0.0
utopic_connected_noncoercive,23,0.004999858171672475,0.0027499219944198613,6.321650335202074e-05,0.92,0.06682096425224543,0.30431169422942944,0.32012022046079686,0.07381233045518427,0.0
utopic_connected_noncoercive,24,0.005066629333466254,0.0027866461334064402,6.631277683358345e-05,0.92,0.06680536852299827,0.3043072285340463,0.32000721264476295,0.07189021642627672,0.0
utopic_connected_noncoercive,25,0.005134287596898415,0.0028238581782941284,6.945039703168804e-05,0.92,0.06678979449008715,0.3043027047124408,0.3198943244845555,0.07003298646170077,0.0
utopic_connected_noncoercive,26,0.005202844624039728,0.0028615645432218503,7.262991319082343e-05,0.92,0.06677424244220266,0.3042981220105696,0.3197815575873043,0.06823843819083365,0.0
utopic_connected_noncoercive,27,0.005272312226948675,0.0028997717248217714,7.585188177395873e-05,0.92,0.06675871267184022,0.3042934796646661,0.3196689135814588,0.06650444435020861,0.0
utopic_connected_noncoercive,28,0.005342702369510867,0.002938486303230977,7.911686655532648e-05,0.92,0.06674320547534907,0.3042887769011166,0.31955639411706355,0.06482895021011306,0.0
utopic_connected_noncoercive,29,0.0054140271692985475,0.0029777149431142015,8.242543871434226e-05,0.92,0.06672772115298208,0.30428401293633456,0.3194440008660376,0.0632099710897974,0.0
utopic_connected_noncoercive,30,0.0054862988994504045,0.0030174643946977225,8.577817693067307e-05,0.92,0.06671226000894612,0.3042791869766335,0.3193317355224568,0.06164558995822756,0.0
utopic_connected_noncoercive,31,0.005559529990571799,0.0030577414948144894,8.917566748046695e-05,0.92,0.06669682235145306,0.3042742982180985,0.3192195998028396,0.06013395511742161,0.0
utopic_connected_noncoercive,32,0.005633733032655527,0.00309855316796054,9.261850433375644e-05,0.92,0.06668140849277138,0.30426934584645615,0.31910759544643647,0.058673277965513214,0.0
utopic_connected_noncoercive,33,0.0057089207770233425,0.0031399064273628387,9.610728925304848e-05,0.92,0.06666601874927834,0.3042643290369422,0.3189957242155227,0.05726183083678412,0.0
utopic_connected_noncoercive,34,0.005785106138288346,0.0031818083760585905,9.964263189311358e-05,0.92,0.06665065344151296,0.3042592469541686,0.318883987895695,0.05589794491600427,0.0
utopic_connected_noncoercive,35,0.005862302196338331,0.0032242662079860823,0.000103225149901987,0.92,0.06663531289422955,0.3042540987519877,0.3187723882961714,0.05458000822450984,0.0
utopic_connected_noncoercive,36,0.0059405221983403695,0.0032672872090872035,0.000106855469023195,0.92,0.06661999743645183,0.30424888357335594,0.3186609272500948,0.053306463675539595,0.0
utopic_connected_noncoercive,37,0.006019779560766618,0.0033108787584216403,0.00011053422319921904,0.92,0.0666047074015279,0.3042436005501951,0.3185496066148406,0.052075807196435474,0.0
utopic_connected_noncoercive,38,0.006100087871441613,0.0033550483292928875,0.00011426205467621115,0.92,0.06658944312718568,0.3042382488032522,0.3184384282723273,0.050886585915397076,0.0
utopic_connected_noncoercive,39,0.006181460891611144,0.0033998034903861296,0.00011803961410997351,0.92,0.06657420495558915,0.30423282744195707,0.31832739412933164,0.049737396410559395,0.0
utopic_connected_noncoercive,40,0.006263912558032809,0.0034451519069180455,0.00012186756067321579,0.92,0.06655899323339523,0.30422733556427917,0.31821650611780683,0.04862688301924113,0.0
utopic_connected_noncoercive,41,0.00634745698508846,0.003491101341798653,0.00012574656216410318,0.92,0.06654380831181136,0.30422177225658187,0.31810576619520503,0.04755373620528529,0.0
utopic_connected_noncoercive,42,0.006432108466918635,0.0035376596568052494,0.000129677295116109,0.92,0.06652865054665386,0.30421613659347463,0.3179951763448034,0.046516690982486134,0.0
utopic_connected_noncoercive,43,0.006517881479579073,0.0035848348137684904,0.0001336604449091851,0.92,0.06651352029840671,0.3042104276376648,0.3178847385760346,0.045514525392166126,0.0
utopic_connected_noncoercive,44,0.006604790683219509,0.0036326348757707303,0.0001376967058822637,0.92,0.06649841793228153,0.3042046444398059,0.31777445492482026,0.044546059033033616,0.0
utopic_connected_noncoercive,45,0.0066928509242848554,0.003681068008356671,0.00014178678144710445,0.92,0.06648334381827782,0.30419878603834466,0.31766432745390943,0.04361015164151702,0.0
utopic_connected_noncoercive,46,0.006782077237738833,0.0037301424807563584,0.00014593138420350042,0.92,0.06646829833124415,0.3041928514593673,0.3175543582532203,0.0427057017208337,0.0
utopic_connected_noncoercive,47,0.006872484849310258,0.0037798666671206424,0.00015013123605585668,0.92,0.06645328185094006,0.3041868397164416,0.31744454944018635,0.041831645217112336,0.0
utopic_connected_noncoercive,48,0.006964089177762089,0.003830249047769149,0.00015438706833115573,0.92,0.06643829476209878,0.30418074981045945,0.3173349031601063,0.04098695424094571,0.0
utopic_connected_noncoercive,49,0.007056905837183257,0.003881298210450792,0.00015869962189832328,0.92,0.06642333745449043,0.30417458072947523,0.317225421586499,0.04017063583280693,0.0
utopic_connected_noncoercive,50,0.007150950639303527,0.003933022851616941,0.00016306964728900878,0.92,0.06640841032298639,0.3041683314485443,0.31711610692146097,0.03938173077081728,0.0
utopic_connected_noncoercive,51,0.007246239595831429,0.003985431777707286,0.00016749790481979465,0.92,0.06639351376762409,0.30416200092955825,0.3170069613960297,0.03861931241940487,0.0
utopic_connected_noncoercive,52,0.00734278892081532,0.004038533906448426,0.00017198516471584845,0.92,0.06637864819367267,0.3041555881210781,0.3168979872705502,0.03788248561744529,0.0
utopic_connected_noncoercive,53,0.007440615033027779,0.004092338268165278,0.0001765322072360321,0.92,0.06636381401169963,0.3041490919581658,0.3167891868350465,0.03717038560452344,0.0
utopic_connected_noncoercive,54,0.007539734558373393,0.004146854007105367,0.0001811398227994825,0.92,0.06634901163763793,0.3041425113622141,0.31668056240959663,0.03648217698400294,0.0
utopic_connected_noncoercive,55,0.00764016433231995,0.004202090382775973,0.00018580881211367802,0.92,0.0663342414928541,0.30413584524077336,0.3165721163447129,0.03581705272163541,0.0
utopic_connected_noncoercive,56,0.00774192140235326,0.004258056771294293,0.000190539986304005,0.92,0.06631950400421725,0.3041290924873768,0.31646385102172625,0.03517423317848533,0.0
utopic_connected_noncoercive,57,0.007845023030455634,0.004314762666750599,0.000195334167044839,0.92,0.06630479960416856,0.30412225198136406,0.3163557688531747,0.03455296517698882,0.0
utopic_connected_noncoercive,58,0.00794948669560802,0.004372217682584411,0.000200192186692155,0.92,0.06629012873079196,0.3041153225877012,0.3162478722831963,0.0339525210990056,0.0
utopic_connected_noncoercive,59,0.008055330096316057,0.004430431552973832,0.0002051148884176815,0.92,0.06627549182788543,0.3041083031568004,0.3161401637879276,0.03337219801476285,0.0
utopic_connected_noncoercive,60,0.008162571153159897,0.004489414134237943,0.00021010312634461254,0.92,0.06626088934503319,0.3041011925243355,0.3160326458759053,0.032811316841627435,0.0
utopic_connected_noncoercive,61,0.008271228011368058,0.004549175406252432,0.000215157765684893,0.92,0.06624632173767868,0.30409398951105737,0.3159253210884734,0.032269221531680575,0.0
utopic_connected_noncoercive,62,0.008381319043415273,0.0046097254738784,0.00022027968287809124,0.92,0.06623178946719865,0.30408669292260476,0.31581819200019495,0.03174527828710356,0.0
utopic_connected_noncoercive,63,0.008492862851644353,0.004671074568404395,0.0002254697657318739,0.92,0.06621729300097771,0.304079301549315,0.31571126121926796,0.031238874802418052,0.0
utopic_connected_noncoercive,64,0.008605878270912208,0.004733233049001715,0.00023072891356409805,0.92,0.0662028328124841,0.3040718141660308,0.3156045313879463,0.030749419532657387,0.0
utopic_connected_noncoercive,65,0.008720384371260052,0.004796211404193029,0.00023605803734653475,0.92,0.06618840938134614,0.30406422953190554,0.31549800518296606,0.030276340986577093,0.0
utopic_connected_noncoercive,66,0.008836400460607722,0.004860020253334247,0.00024145805985023946,0.92,0.0661740231934297,0.3040565463902061,0.3153916853159752,0.02981908704404391,0.0
utopic_connected_noncoercive,67,0.008953946087472294,0.004924670348109762,0.00024692991579258365,0.92,0.0661596747409165,0.3040487634681128,0.3152855745339698,0.029377124296772077,0.0
utopic_connected_noncoercive,68,0.00907304104371096,0.0049901725740410284,0.00025247455198596256,0.92,0.06614536452238326,0.30404087947651803,0.315179675619734,0.02894993741160457,0.0
utopic_connected_noncoercive,69,0.009193705367288094,0.005056537952008452,0.0002580929274881942,0.92,0.06613109304288195,0.30403289310982107,0.3150739913922848,0.028537028515564597,0.0
utopic_connected_noncoercive,70,0.009315959345066686,0.005123777639786677,0.0002637860137546238,0.92,0.06611686081402073,0.3040248030457212,0.31496852470732306,0.028137916601929394,0.0
utopic_connected_noncoercive,71,0.009439823515624031,0.0051919029335932175,0.0002695547947919496,0.92,0.06610266835404602,0.3040166079450086,0.3148632784576879,0.027752136956604254,0.0
utopic_connected_noncoercive,72,0.009565318672091675,0.005260925269650422,0.00027540026731378344,0.92,0.06608851618792541,0.3040083064513519,0.3147582555738178,0.027379240604099624,0.0
utopic_connected_noncoercive,73,0.009692465865019645,0.005330856225760805,0.0002813234408979621,0.92,0.0660744048474315,0.3039998971910837,0.31465345902421504,0.027018793772438113,0.0
utopic_connected_noncoercive,74,0.009821286405264971,0.005401707522895735,0.00028732533814562403,0.92,0.06606033487122683,0.3039913787729837,0.3145488918159166,0.02667037737634158,0.0
utopic_connected_noncoercive,75,0.009951801866904324,0.005473491026797379,0.00029340699484206557,0.92,0.06604630680494956,0.3039827497880588,0.31444455699497,0.02633358651807083,0.0
utopic_connected_noncoercive,76,0.010084034090170932,0.005546218749594013,0.00029956946011939226,0.92,0.06603232120130038,0.30397400880932046,0.31434045764691354,0.02600803000531207,0.0
utopic_connected_noncoercive,77,0.010218005184415598,0.005619902851428579,0.00030581379662097957,0.92,0.06601837862013021,0.3039651543915601,0.314236596897263,0.025693329885525324,0.0
utopic_connected_noncoercive,78,0.010353737531091752,0.005694555642100464,0.00031214108066775784,0.92,0.0660044796285289,0.30395618507112077,0.3141329779120025,0.02538912099618987,0.0
utopic_connected_noncoercive,79,0.010491253786764559,0.0057701895827205075,0.0003185524024263362,0.92,0.0659906248009151,0.30394709936566755,0.3140296038980814,0.02509505053040162,0.0
utopic_connected_noncoercive,80,0.010630576886143987,0.005846817287379193,0.00032504886607897973,0.92,0.06597681471912695,0.3039378957739535,0.3139264781039161,0.024810777617295835,0.0
utopic_connected_noncoercive,81,0.010771730045141625,0.0059244515248278945,0.00033163158999545514,0.92,0.0659630499725139,0.30392857277558416,0.3138236038198981,0.024535972916786882,0.0
utopic_connected_noncoercive,82,0.010914736763951324,0.0060031052201732285,0.0003383017069067587,0.92,0.06594933115802948,0.3039191288307784,0.3137209843789057,0.024270318228134257,0.0
utopic_connected_noncoercive,83,0.011059620830153508,0.00608279145658443,0.0003450603640807414,0.92,0.06593565888032517,0.303909562380127,0.3136186231568235,0.02401350611186088,0.0
utopic_connected_noncoercive,84,0.011206406321842867,0.006163523477013578,0.0003519087234996454,0.92,0.06592203375184531,0.30389987184434825,0.3135165235730656,0.023765239524566155,0.0
utopic_connected_noncoercive,85,0.011355117610779624,0.006245314685928794,0.00035884796203956626,0.92,0.06590845639292298,0.30389005562404037,0.31341468909110465,0.023525231466191968,0.0
utopic_connected_noncoercive,86,0.011505779365563873,0.0063281786510601306,0.0003658792716518553,0.92,0.06589492743187704,0.3038801120994308,0.31331312321900756,0.023293204639314936,0.0
utopic_connected_noncoercive,87,0.011658416554833096,0.006412129105158203,0.0003730038595464755,0.92,0.06588144750511017,0.30387003963012366,0.31321182950997556,0.023068891120053114,0.0
utopic_connected_noncoercive,88,0.011813054450482622,0.006497179947765442,0.000380222948377326,0.92,0.06586801725720809,0.3038598365548427,0.3131108115628903,0.022852032040189277,0.0
utopic_connected_noncoercive,89,0.011969718630908706,0.006583345246999789,0.00038753777642954796,0.92,0.06585463734103962,0.30384950119117277,0.31301007302286565,0.02264237728012684,0.0
utopic_connected_noncoercive,90,0.012128434984274237,0.006670639241350831,0.00039494959780882665,0.92,0.0658413084178582,0.3038390318352965,0.3129096175818056,0.02243968517230751,0.0
utopic_connected_noncoercive,91,0.012289229711796777,0.006759076341488228,0.00040245968263270246,0.92,0.06582803115740417,0.30382842676172933,0.3128094489789674,0.02224372221473261,0.0
utopic_connected_noncoercive,92,0.0124521293310586,0.00684867113208223,0.00041006931722390496,0.92,0.06581480623800835,0.30381768422305117,0.3127095710015304,0.02205426279424233,0.0
utopic_connected_noncoercive,93,0.01261716067933869,0.00693943837363628,0.00041777980430572306,0.92,0.0658016343466967,0.303806802449634,0.31260998748517105,0.021871088919218948,0.0
utopic_connected_noncoercive,94,0.01278435091696632,0.0070313930043314765,0.0004255924631994247,0.92,0.06578851617929607,0.3037957796493676,0.3125107023146437,0.021693989961391776,0.0
utopic_connected_noncoercive,95,0.012953727530695871,0.00712455014188273,0.00043350863002373884,0.92,0.06577545244054116,0.3037846140073808,0.31241171942436685,0.02152276240643237,0.0
utopic_connected_noncoercive,96,0.0131253183371028,0.0072189250854065405,0.00044152965789641277,0.92,0.06576244384418245,0.3037733036857606,0.31231304279901584,0.021357209613039493,0.0
utopic_connected_noncoercive,97,0.013299151486000317,0.007314533317300175,0.0004496569171378574,0.92,0.06574949111309557,0.303761846823267,0.31221467647412104,0.021197141580223504,0.0
utopic_connected_noncoercive,98,0.013475255463876387,0.007411390505132014,0.000457891795476893,0.92,0.06573659497939147,0.30375024153504543,0.3121166245366722,0.021042374722509884,0.0
utopic_connected_noncoercive,99,0.013653659097350888,0.007509512503542989,0.0004662356982586074,0.92,0.06572375618452811,0.3037384859123351,0.31201889112572884,0.020892731652791274,0.0
utopic_connected_noncoercive,100,0.013834391556652479,0.0076089153561588645,0.0004746900486543395,0.92,0.06571097547942308,0.30372657802217456,0.3119214804330361,0.020748040972566474,0.0
utopic_connected_noncoercive,101,0.01401748235911471,0.007709615297513091,0.00048325628787379847,0.92,0.06569825362456744,0.3037145159071031,0.31182439670364726,0.020608137069314306,0.0
utopic_connected_noncoercive,102,0.014202961372691125,0.007811628754980119,0.0004919358753793319,0.92,0.06568559139014081,0.3037022975848595,0.3117276442365523,0.02047285992075824,0.0
utopic_connected_noncoercive,103,0.014390858819488926,0.00791497235071891,0.000500730289102353,0.92,0.06567298955612769,0.303689921048077,0.3116312273853117,0.020342054905786715,0.0
utopic_connected_noncoercive,104,0.01458120527932056,0.008019662903626308,0.0005096410256619378,0.92,0.0656604489124348,0.30367738426397434,0.3115351505586971,0.020215572621801726,0.0
utopic_connected_noncoercive,105,0.014774031693273055,0.00812571743130018,0.0005186696005856046,0.92,0.06564797025900987,0.303664685174044,0.3114394182213381,0.020093268708276185,0.0
utopic_connected_noncoercive,106,0.014969369367294476,0.008233153152011962,0.0005278175485322846,0.92,0.0656355544059614,0.30365182169373583,0.3113440348943745,0.019975003676308143,0.0
utopic_connected_noncoercive,107,0.015167249975796885,0.008341987486688287,0.0005370864235174937,0.92,0.06562320217367988,0.30363879171213876,0.3112490051561154,0.019860642743967157,0.0
utopic_connected_noncoercive,108,0.01536770556527555,0.008452238060901552,0.0005464777991407176,0.92,0.06561091439296009,0.30362559309165643,0.311154333642704,0.019750055677235163,0.0
utopic_connected_noncoercive,109,0.01557076855794365,0.008563922706869008,0.0005559932688150165,0.92,0.06559869190512459,0.3036122236676814,0.31106002504878866,0.019643116636350922,0.0
utopic_connected_noncoercive,110,0.01577647175538188,0.008677059465460034,0.000565634445998861,0.92,0.06558653556214868,0.3035986812482646,0.3109660841282,0.01953970402737373,0.0
utopic_connected_noncoercive,111,0.01598484834220258,0.00879166658821142,0.000575402964430207,0.92,0.06557444622678638,0.3035849636137804,0.3108725156946348,0.019439700358788375,0.0
utopic_connected_noncoercive,112,0.016195931889727483,0.008907762539350116,0.0005853004783628182,0.92,0.06556242477269773,0.3035710685165898,0.3107793246223456,0.019342992102979375,0.0
utopic_connected_noncoercive,113,0.016409756359678594,0.009025365997823227,0.000595328662804844,0.92,0.06555047208457744,0.3035569936806972,0.3106865158468358,0.019249469562408528,0.0
utopic_connected_noncoercive,114,0.016626356107881622,0.009144495859334892,0.0006054892137596605,0.92,0.06553858905828468,0.30354273680140587,0.3105940943655628,0.019159026740335382,0.0
utopic_connected_noncoercive,115,0.0168457658879809,0.009265171238389495,0.0006157838484689822,0.92,0.06552677660097425,0.3035282955449674,0.31050206523864543,0.019071561215925806,0.0
utopic_connected_noncoercive,116,0.017068020855165476,0.009387411470341013,0.00062621430565825,0.92,0.06551503563122894,0.3035136675482287,0.310410433589579,0.01898697402359908,0.0
utopic_connected_noncoercive,117,0.017293156569905425,0.009511236113447985,0.0006367823457843032,0.92,0.06550336707919319,0.3034988504182742,0.3103192046059555,0.01890516953646914,0.0
utopic_connected_noncoercive,118,0.017521209001697444,0.009636664950933595,0.0006474897512853406,0.92,0.06549177188670814,0.3034838417320642,0.3102283835401911,0.018826055353740455,0.0
utopic_connected_noncoercive,119,0.017752214532819218,0.00976371799305057,0.0006583383268331745,0.92,0.06548025100744784,0.3034686390360695,0.31013797571025864,0.01874954219192384,0.0
utopic_connected_noncoercive,120,0.01798620996209156,0.009892415479150358,0.0006693298995877861,0.92,0.06546880540705678,0.30345323984590133,0.3100479865004276,0.018675543779742093,0.0
utopic_connected_noncoercive,121,0.018223232508647238,0.010022777879755982,0.0006804663194541817,0.92,0.06545743606328883,0.3034376416459379,0.30995842136200885,0.01860397675659988,0.0
utopic_connected_noncoercive,122,0.018463319815706033,0.01015482589863832,0.0006917494593415576,0.92,0.06544614396614731,0.30342184188894594,0.30986928581410733,0.018534760574496476,0.0
utopic_connected_noncoercive,123,0.018706509954354602,0.010288580474895032,0.0007031812154247743,0.92,0.06543493011802656,0.30340583799569876,0.3097805854443792,0.018467817403264128,0.0
utopic_connected_noncoercive,124,0.018952841427330513,0.010424062785031782,0.0007147635074081429,0.92,0.06542379553385468,0.30338962735458974,0.3096923259097962,0.018403072039018975,0.0
utopic_connected_noncoercive,125,0.01920235317280922,0.010561294245045072,0.0007264982787915263,0.92,0.06541274124123761,0.30337320732124173,0.30960451293741564,0.018340451815715093,0.0
utopic_connected_noncoercive,126,0.019455084568193035,0.010700296512506171,0.0007383874971387554,0.92,0.06540176828060464,0.3033565752181119,0.3095171523251571,0.018279886519696167,0.0
utopic_connected_noncoercive,127,0.019711075433901003,0.010841091488645553,0.0007504331543483616,0.92,0.06539087770535502,0.30333972833409206,0.30943024994258456,0.018221308307142792,0.0
utopic_connected_noncoercive,128,0.019970366037158495,0.010983701320437174,0.000762637266926625,0.92,0.06538007058200619,0.3033226639241055,0.3093438117316949,0.01816465162431697,0.0
utopic_connected_noncoercive,129,0.020232997095785403,0.011128148402681972,0.0007750018762629384,0.92,0.06536934799034302,0.3033053792086983,0.30925784370771253,0.018109853130508554,0.0
utopic_connected_noncoercive,130,0.0204990097819817,0.011274455380089936,0.0007875290489074828,0.92,0.06535871102356867,0.3032878713736271,0.3091723519598902,0.018056851623591993,0.0
utopic_connected_noncoercive,131,0.020768445726109235,0.01142264514936008,0.0008002208768512162,0.92,0.06534816078845655,0.30327013756944143,0.30908734265231513,0.018005587968104423,0.0
utopic_connected_noncoercive,132,0.021041347020468282,0.011572740861257556,0.0008130794778081691,0.92,0.06533769840550373,0.30325217491106254,0.30900282202472173,0.017956005025759603,0.0
utopic_connected_noncoercive,133,0.021317756223067672,0.01172476592268722,0.0008261069955000438,0.92,0.06532732500908565,0.30323398047735683,0.3089187963933102,0.017908047588314772,0.0
utopic_connected_noncoercive,134,0.021597716361387156,0.011878743998762936,0.0008393055999431137,0.92,0.06531704174761219,0.3032155513107054,0.30883527215157075,0.01786166231271059,0.0
utopic_connected_noncoercive,135,0.021881270936130476,0.012034699014871763,0.0008526774877374156,0.92,0.06530684978368499,0.30319688441656784,0.3087522557711131,0.017816797658406932,0.0
utopic_connected_noncoercive,136,0.022168463924967723,0.012192655158732248,0.0008662248823582292,0.92,0.06529675029425623,0.3031779767630428,0.3086697538025037,0.017773403826839843,0.0
utopic_connected_noncoercive,137,0.022459339786265617,0.01235263688244609,0.000879950034449836,0.92,0.0652867444707886,0.303158825280423,0.308587772876106,0.017731432702927864,0.0
utopic_connected_noncoercive,138,0.022753943462804,0.0125146689045422,0.0008938552221215496,0.92,0.06527683351941668,0.30313942686074485,0.3085063197029288,0.01769083779855787,0.0
utopic_connected_noncoercive,139,0.02305232038547694,0.012678776212012318,0.0009079427512460077,0.92,0.06526701866110964,0.30311977835733506,0.30842540107547806,0.017651574197983452,0.0
utopic_connected_noncoercive,140,0.023354516476977092,0.012844984062337401,0.0009222149557597159,0.92,0.06525730113183524,0.3030998765843508,0.30834502386861634,0.017613598505070792,0.0
utopic_connected_noncoercive,141,0.023660578155461204,0.013013317985503663,0.0009366741979658311,0.92,0.0652476821827252,0.30307971831631547,0.30826519504042654,0.017576868792329385,0.0
utopic_connected_noncoercive,142,0.023970552338195384,0.013183803786007463,0.0009513228688391727,0.92,0.06523816308024176,0.3030593002876504,0.30818592163308045,0.017541344551667094,0.0
utopic_connected_noncoercive,143,0.02428448644517812,0.013356467544847967,0.0009661633883334482,0.92,0.06522874510634577,0.3030386191921999,0.3081072107737144,0.017506986646810947,0.0
utopic_connected_noncoercive,144,0.024602428402739435,0.01353133562150669,0.0009811982056906778,0.92,0.06521942955866587,0.30301767168275323,0.30802906967530835,0.01747375726733729,0.0
utopic_connected_noncoercive,145,0.02492442664711404,0.013708434655912722,0.0009964297997528031,0.92,0.06521021775066911,0.30299645437056033,0.3079515056375717,0.017441619884256607,0.0
utopic_connected_noncoercive,146,0.025250530127986667,0.013887791570392667,0.0010118606792754617,0.92,0.06520111101183283,0.3029749638248427,0.30787452604783255,0.017410539207100416,0.0
utopic_connected_noncoercive,147,0.025580788312007684,0.014069433571604227,0.0010274933832439108,0.92,0.06519211068781779,0.30295319657229963,0.3077981383819337,0.01738048114245924,0.0
utopic_connected_noncoercive,148,0.025915251186276744,0.014253388152452211,0.00104333048119108,0.92,0.06518321814064269,0.30293114909660923,0.3077223502051321,0.01735141275392247,0.0
utopic_connected_noncoercive,149,0.026253969261792423,0.014439683093985833,0.0010593745735177308,0.92,0.0651744347488599,0.3029088178379236,0.30764716917300383,0.017323302223372694,0.0
utopic_connected_noncoercive,150,0.026596993576865856,0.014628346467276222,0.0010756282918147043,0.92,0.06516576190773242,0.30288619919236,0.3075726030323534,0.017296118813588505,0.0
utopic_connected_noncoercive,151,0.026944375700495838,0.014819406635272711,0.0010920942991872295,0.92,0.06515720102941226,0.3028632895114856,0.3074986596221282,0.017269832832111514,0.0
utopic_connected_noncoercive,152,0.02729616773570336,0.015012892254636848,0.0011087752905812704,0.92,0.06514875354311986,0.3028400851017983,0.3074253468743364,0.01724441559633476,0.0
utopic_connected_noncoercive,153,0.027652422322823136,0.015208832277552726,0.0011256739931118846,0.92,0.06514042089532494,0.3028165822242007,0.3073526728149702,0.017219839399771106,0.0
utopic_connected_noncoercive,154,0.02801319264274973,0.015407255953512354,0.001142793166393565,0.92,0.06513220454992849,0.3027927770934706,0.3072806455649325,0.01719607747946174,0.0
utopic_connected_noncoercive,155,0.028378532420135823,0.015608192831074704,0.001160135602872537,0.92,0.06512410598844602,0.30276866587772405,0.30720927334096826,0.017173103984486144,0.0
utopic_connected_noncoercive,156,0.028748495926539976,0.01581167275959699,0.001177704128160978,0.92,0.065116126710192,0.3027442446978751,0.30713856445659954,0.017150893945536195,0.0
utopic_connected_noncoercive,157,0.02912313798352163,0.016017725890936897,0.0011955016013731302,0.92,0.0651082682324655,0.30271950962708893,0.3070685273230636,0.017129423245518544,0.0
utopic_connected_noncoercive,158,0.029502513965680273,0.01622638268112415,0.0012135309154632681,0.92,0.06510053209073706,0.30269445669022943,0.306999170450256,0.017108668591150348,0.0
utopic_connected_noncoercive,159,0.029886679803636237,0.016437673891999932,0.0012317949975654903,0.92,0.0650929198388367,0.30266908186330227,0.3069305024476763,0.017088607485514756,0.0
utopic_connected_noncoercive,160,0.030275691986950463,0.016651630592822757,0.0012502968093352934,0.92,0.06508543304914301,0.3026433810728915,0.30686253202537667,0.017069218201543803,0.0
utopic_connected_noncoercive,161,0.030669607566980145,0.01686828416183908,0.0012690393472928924,0.92,0.0650780733127736,0.30261735019559133,0.3067952679949152,0.017050479756397216,0.0
utopic_connected_noncoercive,162,0.03106848415966741,0.017087666287817077,0.0012880256431682447,0.92,0.06507084223977641,0.30259098505743187,0.30672871927031004,0.017032371886706928,0.0
utopic_connected_noncoercive,163,0.03147237994825813,0.017309808971541975,0.0013072587642477358,0.92,0.06506374145932234,0.3025642814332996,0.30666289486899834,0.017014875024657997,0.0
utopic_connected_noncoercive,164,0.03188135368594768,0.017534744527271228,0.0013267418137224815,0.92,0.06505677261989883,0.30253723504635194,0.30659780391279634,0.01699797027487771,0.0
utopic_connected_noncoercive,165,0.032295464698450516,0.017762505584147784,0.0013464779310382012,0.92,0.06504993738950461,0.3025098415674268,0.3065334556288625,0.01698163939210546,0.0
utopic_connected_noncoercive,166,0.032714772886490384,0.017993125087569714,0.001366470292246612,0.92,0.06504323745584545,0.30248209661444536,0.3064698593506628,0.016965864759617182,0.0
utopic_connected_noncoercive,167,0.03313933872820799,0.018226636300514396,0.0013867221103582945,0.92,0.06503667452653088,0.3024539957518108,0.3064070245189377,0.01695062936837867,0.0
utopic_connected_noncoercive,168,0.03356922328148252,0.01846307280481539,0.0014072366356969782,0.92,0.06503025032927214,0.3024255344897995,0.3063449606826714,0.01693591679690333,0.0
utopic_connected_noncoercive,169,0.03400448818616372,0.01870246850239005,0.0014280171562551893,0.92,0.06502396661208083,0.30239670828394766,0.306283677500062,0.016921711191790444,0.0
utopic_connected_noncoercive,170,0.03444519566621117,0.018944857616416143,0.0014490669980512072,0.92,0.06501782514346874,0.3023675125344323,0.30622318473949345,0.01690799724892109,0.0
utopic_connected_noncoercive,171,0.03489140853173684,0.019190274692455263,0.0014703895254872686,0.92,0.06501182771264849,0.3023379425854455,0.3061634922805081,0.01689476019528943,0.0
utopic_connected_noncoercive,172,0.03534319018094752,0.019438754599521137,0.0014919881417089587,0.92,0.0650059761297351,0.3023079937245637,0.3061046101147807,0.016881985771447967,0.0
utopic_connected_noncoercive,173,0.03580060460198331,0.019690332531090822,0.0015138662889657263,0.92,0.06500027222594855,0.3022776611821109,0.30604654834709244,0.016869660214546056,0.0
utopic_connected_noncoercive,174,0.03626371637464835,0.019945044006056595,0.001536027448972456,0.92,0.06499471785381707,0.30224694013051634,0.30598931719630534,0.016857770241941634,0.0
utopic_connected_noncoercive,175,0.03673259067202974,0.02020292486961636,0.0015584751432720296,0.92,0.06498931488738129,0.30221582568366523,0.30593292699633684,0.016846303035366852,0.0
utopic_connected_noncoercive,176,0.03720729326200105,0.020464011294100578,0.001581212933598808,0.92,0.06498406522239925,0.3021843128962454,0.3058773881971337,0.01683524622562894,0.0
utopic_connected_noncoercive,177,0.037687890508605916,0.020728339779733256,0.0016042444222429562,0.92,0.06497897077655203,0.3021523967630863,0.30582271136564626,0.016824587877828215,0.0
utopic_connected_noncoercive,178,0.038174449373317855,0.020995947155324823,0.0016275732524155394,0.92,0.06497403348965036,0.30212007221849324,0.3057689071868007,0.016814316477075878,0.0
utopic_connected_noncoercive,179,0.03866703741617197,0.021266870578894585,0.001651203108614311,0.92,0.06496925532384161,0.3020873341355754,0.3057159864644709,0.016804420914694657,0.0
utopic_connected_noncoercive,180,0.039165722796764356,0.0215411475382204,0.0016751377169901115,0.92,0.06496463826381772,0.30205417732556783,0.30566396012244834,0.016794890474886123,0.0
utopic_connected_noncoercive,181,0.03967057427511459,0.021818815851313025,0.0016993808457137927,0.92,0.0649601843170236,0.30202059653714747,0.3056128392054106,0.016785714821848877,0.0
utopic_connected_noncoercive,182,0.04018166121238705,0.02209991366681288,0.0017239363053435847,0.92,0.06495589551386621,0.30198658645574344,0.3055626348798877,0.016776883987332483,0.0
utopic_connected_noncoercive,183,0.040699053571466484,0.022384479464306568,0.0017488079491928142,0.92,0.06495177390792405,0.3019521417028414,0.30551335843522526,0.016768388358612437,0.0
utopic_connected_noncoercive,184,0.041222821917382996,0.02267255205456065,0.0017739996736978816,0.92,0.06494782157615736,0.3019172568352813,0.3054650212845456,0.016760218666872002,0.0
utopic_connected_noncoercive,185,0.04175303741758192,0.022964170579670058,0.001799515418786404,0.92,0.06494404061911863,0.30188192634455063,0.3054176349657053,0.016752365975977207,0.0
utopic_connected_noncoercive,186,0.042289771842033794,0.02325937451311859,0.0018253591682454247,0.92,0.06494043316116359,0.30184614465606974,0.30537121114224886,0.01674482167163181,0.0
utopic_connected_noncoercive,187,0.04283309756317934,0.023558203659748637,0.0018515349500895898,0.92,0.0649370013506626,0.3018099061284731,0.3053257616043592,0.016737577450899398,0.0
utopic_connected_noncoercive,188,0.04338308755570461,0.023860698155637537,0.0018780468369291872,0.92,0.06493374736021235,0.3017732050528832,0.3052812982698026,0.0167306253120803,0.0
utopic_connected_noncoercive,189,0.04393981539614132,0.02416689846787773,0.0019048989463379402,0.92,0.06493067338684781,0.30173603565217905,0.30523783318486986,0.016723957544931358,0.0
utopic_connected_noncoercive,190,0.04450335526228704,0.024476845394257873,0.001932095441220449,0.92,0.06492778165225453,0.30169839208025917,0.30519537852531176,0.01671756672121703,0.0
utopic_connected_noncoercive,191,0.04507378193244006,0.024790580062842037,0.0019596405301791626,0.92,0.06492507440298095,0.3016602684212975,0.3051539465972687,0.016711445685580726,0.0
utopic_connected_noncoercive,192,0.04565117078444372,0.02510814393144405,0.001987538467880767,0.92,0.06492255391065113,0.30162165868899443,0.30511354983819483,0.01670558754672553,0.0
utopic_connected_noncoercive,193,0.04623559779453478,0.02542957878699413,0.002015793555421872,0.92,0.06492022247217717,0.3015825568258212,0.30507420081777514,0.016699985668893993,0.0
utopic_connected_noncoercive,194,0.04682713953599018,0.025754926744794602,0.002044410140693866,0.92,0.06491808240997206,0.30154295670225884,0.3050359122388354,0.016694633663636885,0.0
utopic_connected_noncoercive,195,0.04742587317756678,0.02608423024766173,0.002073392618746823,0.92,0.0649161360721622,0.3015028521160311,0.3049986969382456,0.016689525381861223,0.0
utopic_connected_noncoercive,196,0.048031876481728575,0.02641753206495072,0.002102745432152324,0.92,0.06491438583280004,0.301462236791331,0.3049625678878135,0.016684654906148247,0.0
utopic_connected_noncoercive,197,0.04864522780265526,0.026754875291460395,0.0021324730713650577,0.92,0.06491283409207638,0.3014211043780419,0.3049275381951723,0.016680016543332125,0.0
utopic_connected_noncoercive,198,0.049266006084026655,0.027096303346214663,0.002162580075083074,0.92,0.06491148327653264,0.3013794484509534,0.30489362110465684,0.016675604817330842,0.0
utopic_connected_noncoercive,199,0.04989429085657705,0.02744185997111738,0.002193071030606538,0.92,0.06491033583927275,0.3013372625089696,0.3048608299981716,0.016671414462220625,0.0
utopic_connected_noncoercive,200,0.05053016223541348,0.027791589229477415,0.0022239505741948463,0.92,0.06490939426017478,0.3012945399743134,0.3048291783960488,0.01666744041554583,0.0
utopic_connected_noncoercive,201,0.051173700917091655,0.028145535504400413,0.002255223391421958,0.92,0.06490866104610209,0.3012512741917239,0.3047986799578947,0.01666367781185637,0.0
utopic_connected_noncoercive,202,0.05182498817644403,0.028503743497044216,0.002286894217529785,0.92,0.064908138731114,0.30120745842764834,0.3047693484834264,0.016660121976465034,0.0
utopic_connected_noncoercive,203,0.052484105863153004,0.028866258224734154,0.0023189678377794893,0.92,0.06490782987667607,0.30116308586942864,0.30474119791329546,0.016656768419417316,0.0
utopic_connected_noncoercive,204,0.05315113639806372,0.02923312501893505,0.0023514490878005284,0.92,0.06490773707186959,0.30111814962448163,0.30471424232989963,0.0166536128296667,0.0
utopic_connected_noncoercive,205,0.05382616276922953,0.029604389523076244,0.0023843428539372796,0.92,0.06490786293360043,0.3010726427194739,0.304688495958182,0.016650651069448373,0.0
utopic_connected_noncoercive,206,0.05450926852768426,0.029980097690226342,0.0024176540735930865,0.92,0.06490821010680718,0.3010265580994916,0.30466397316641647,0.01664787916884486,0.0
utopic_connected_noncoercive,207,0.0552005377829343,0.030360295780613868,0.002451387735571546,0.92,0.06490878126466848,0.300979888627203,0.30464068846697856,0.016645293320537043,0.0
utopic_connected_noncoercive,208,0.05590005519816424,0.030745030358990334,0.002485548880414869,0.92,0.06490957910880928,0.30093262708201807,0.3046186565171022,0.016642889874734425,0.0
utopic_connected_noncoercive,209,0.056607905985149434,0.031134348291832193,0.002520142600739127,0.92,0.06491060636950619,0.3008847661592399,0.3045978921196202,0.016640665334278566,0.0
utopic_connected_noncoercive,210,0.057324175898868755,0.03152829674437782,0.0025551740415662135,0.92,0.06491186580589181,0.3008362984692126,0.30457841022368937,0.016638616349913964,0.0
utopic_connected_noncoercive,211,0.058048951231810655,0.03192692317749586,0.00259064840065232,0.92,0.06491336020615779,0.3007872165364631,0.3045602259254983,0.016636739715720692,0.0
utopic_connected_noncoercive,212,0.05878231880796617,0.0323302753443814,0.0026265709288127437,0.92,0.06491509238775668,0.3007375127988375,0.30454335446895786,0.016635032364703442,0.0
utopic_connected_noncoercive,213,0.05952436597650152,0.03273840128707584,0.002662946930242828,0.92,0.06491706519760242,0.30068717960663194,0.3045278112463734,0.016633491364531697,0.0
utopic_connected_noncoercive,214,0.06027518060510366,0.033151349332807015,0.0026997817628348357,0.92,0.0649192815122694,0.30063620922171985,0.3045136117990982,0.016632113913426005,0.0
utopic_connected_noncoercive,215,0.061034851072991926,0.03356916809014556,0.002737080838490553,0.92,0.06492174423819003,0.3005845938166716,0.30450077181816676,0.01663089733618543,0.0
utopic_connected_noncoercive,216,0.06180346626358857,0.03399190644497371,0.0027748496234294125,0.92,0.06492445631185059,0.3005323254738711,0.30448930714490846,0.01662983908035148,0.0
utopic_connected_noncoercive,217,0.06258111555684126,0.0344196135562627,0.0028130936384919264,0.92,0.06492742069998544,0.3004793961846266,0.30447923377153935,0.016628936712503935,0.0
utopic_connected_noncoercive,218,0.0633678888211903,0.03485233885165467,0.0028518184594382096,0.92,0.0649306403997695,0.30042579784827655,0.30447056784173204,0.01662818791468416,0.0
utopic_connected_noncoercive,219,0.06416387640517393,0.035290132022845665,0.0028910297172413716,0.92,0.06493411843900848,0.3003715222712908,0.30446332565116335,0.01662759048094166,0.0
utopic_connected_noncoercive,220,0.06496916912866407,0.03573304302076524,0.002930733098375555,0.92,0.0649378578763275,0.3003165611663672,0.30445752364803813,0.016627142313999713,0.0
utopic_connected_noncoercive,221,0.06578385827372532,0.03618112205054893,0.002970934345098387,0.92,0.06494186180135737,0.30026090615152284,0.3044531784335883,0.01662684142203615,0.0
utopic_connected_noncoercive,222,0.06660803557509065,0.03663441956629986,0.003011639255727609,0.92,0.06494613333491855,0.30020454874918223,0.30445030676254736,0.01662668591557537,0.0
utopic_connected_noncoercive,223,0.06744179321024593,0.037092986265635265,0.0030528536849116486,0.92,0.06495067562920298,0.30014748038525935,0.30444892554359854,0.016626674004487946,0.0
utopic_connected_noncoercive,224,0.0682852237891162,0.03755687308401391,0.0030945835438938862,0.92,0.06495549186795331,0.30008969238823613,0.3044490518397957,0.016626803995094155,0.0
utopic_connected_noncoercive,225,0.06913842034334682,0.03802613118884075,0.003136834800770376,0.92,0.06496058526663964,0.30003117598823703,0.3044507028689577,0.01662707428736799,0.0
utopic_connected_noncoercive,226,0.070001476315172,0.03850081197334461,0.003179613480740759,0.92,0.06496595907263347,0.2999719223160988,0.3044538960040322,0.016627483372238298,0.0
utopic_connected_noncoercive,227,0.07087448554586327,0.0389809670502248,0.0032229256663521195,0.92,0.06497161656537896,0.29991192240243664,0.3044586487734316,0.016628029828983783,0.0
utopic_connected_noncoercive,228,0.07175754226375133,0.039466648245063234,0.003266777497735523,0.92,0.06497756105656129,0.29985116717670607,0.30446497886133733,0.01662871232271875,0.0
utopic_connected_noncoercive,229,0.07265074107181331,0.03995790758949733,0.0033111751728349646,0.92,0.06498379589027181,0.29978964746626197,0.3044729041079742,0.016629529601966547,0.0
utopic_connected_noncoercive,230,0.07355417693481899,0.04045479731415044,0.003356124947628465,0.92,0.06499032444317024,0.2997273539954127,0.30448244250985024,0.016630480496317757,0.0
utopic_connected_noncoercive,231,0.07446794516602807,0.04095736984131544,0.0034016331363410377,0.92,0.06499715012464342,0.2996642773844715,0.3044936122199655,0.01663156391417038,0.0
utopic_connected_noncoercive,232,0.07539214141343244,0.04146567777738784,0.0034477061116492463,0.92,0.06500427637696075,0.29960040814880423,0.30450643154798496,0.016632778840549117,0.0
utopic_connected_noncoercive,233,0.07632686164553515,0.041979773905044336,0.0034943503048770735,0.92,0.06501170667542602,0.2995357366978746,0.30452091896037725,0.0166341243350013,0.0
utopic_connected_noncoercive,234,0.07727220213665989,0.04249971117516294,0.00354157220618281,0.92,0.06501944452852557,0.29947025333428506,0.3045370930805164,0.016635599529566746,0.0
utopic_connected_noncoercive,235,0.07822825945178397,0.04302554269848118,0.003589378364736678,0.92,0.06502749347807267,0.29940394825281585,0.30455497268874715,0.016637203626819138,0.0
utopic_connected_noncoercive,236,0.07919513043088752,0.04355732173698814,0.0036377753888888874,0.92,0.06503585709934799,0.29933681153946073,0.3045745767224111,0.016638935897976548,0.0
utopic_connected_noncoercive,237,0.08017291217281233,0.04409510169504679,0.0036867699463278285,0.92,0.06504453900123588,0.2992688331704604,0.30459592427583465,0.01664079568107873,0.0
utopic_connected_noncoercive,238,0.0811617020186237,0.04463893611024304,0.0037363687642280987,0.92,0.06505354282635653,0.29920000301133354,0.30461903460027556,0.01664278237922903,0.0
utopic_connected_noncoercive,239,0.08216159753446842,0.04518887864395763,0.0037865786293880517,0.92,0.06506287225119375,0.29913031081590497,0.3046439271038293,0.016644895458898645,0.0
utopic_connected_noncoercive,240,0.08317269649392238,0.045744983071657315,0.00383740638835656,0.92,0.06507253098621818,0.299059746225333,0.30467062135129197,0.016647134448291277,0.0
utopic_connected_noncoercive,241,0.08419509685982147,0.04630730327290181,0.003888858947548673,0.92,0.06508252277600599,0.2989882987671336,0.30469913706398044,0.01664949893576604,0.0
utopic_connected_noncoercive,242,0.08522889676556952,0.04687589322106324,0.003940943273349855,0.92,0.06509285139935261,0.2989159578542039,0.30472949411950795,0.016651988568316695,0.0
utopic_connected_noncoercive,243,0.0862741944959167,0.04745080697275419,0.0039936663922084704,0.92,0.06510352066938174,0.2988427127838433,0.30476171255151324,0.016654603050105417,0.0
utopic_connected_noncoercive,244,0.08733108846720261,0.04803209865696144,0.004047035390716205,0.92,0.06511453443364905,0.29876855273677416,0.30479581254934457,0.016657342141049112,0.0
utopic_connected_noncoercive,245,0.08839967720705841,0.04861982246388213,0.004101057415676074,0.92,0.06512589657424078,0.29869346677616115,0.304831814457694,0.016660205655456638,0.0
utopic_connected_noncoercive,246,0.08948005933356144,0.0492140326334588,0.004155739674157695,0.92,0.06513761100786696,0.2986174438466297,0.3048697387761841,0.016663193460715185,0.0
utopic_connected_noncoercive,247,0.09057233353383755,0.049814783443610657,0.004211089433539485,0.92,0.06514968168594891,0.2985404727732834,0.3049096061589045,0.016666305476024143,0.0
utopic_connected_noncoercive,248,0.09167659854210532,0.05042212919815793,0.004267114021537438,0.92,0.06516211259470134,0.2984625422607223,0.3049514374138965,0.016669541671174893,0.0
utopic_connected_noncoercive,249,0.09279295311715702,0.05103612421443637,0.004323820826220145,0.92,0.06517490775520832,0.29838364089205943,0.3049952535025859,0.01667290206537494,0.0
utopic_connected_noncoercive,250,0.09392149601927116,0.05165682281059914,0.0043812172960097,0.92,0.06518807122349331,0.29830375712793894,0.3050410755391623,0.01667638672611494,0.0
utopic_connected_noncoercive,251,0.0950623259865523,0.05228427929260377,0.004439310939668149,0.92,0.06520160709058316,0.29822287930555363,0.30508892478990385,0.016679995768077126,0.0
utopic_connected_noncoercive,252,0.09621554171069283,0.05291854794088106,0.004498109326269128,0.92,0.06521551948256556,0.2981409956376635,0.30513882267244624,0.01668372935208376,0.0
utopic_connected_noncoercive,253,0.09738124181215298,0.05355968299668414,0.0045576200851543324,0.92,0.06522981256064013,0.2980580942116151,0.30519079075499456,0.01668758768408428,0.0
utopic_connected_noncoercive,254,0.09855952481475458,0.054207738648115025,0.00461785090587446,0.92,0.06524449052116288,0.2979741629883618,0.30524485075547714,0.016691571014179778,0.0
utopic_connected_noncoercive,255,0.09975048911968513,0.05486276901582683,0.0046788095381142675,0.92,0.0652595575956837,0.2978891898014866,0.3053010245406406,0.01669567963568361,0.0
utopic_connected_noncoercive,256,0.10095423297890828,0.05552482813839956,0.004740503791601378,0.92,0.06527501805097707,0.29780316235622445,0.30535933412508387,0.016699913884216853,0.0
utopic_connected_noncoercive,257,0.10217085446797732,0.05619396995738753,0.0048029415359984754,0.92,0.06529087618906536,0.29771606822848956,0.30541980167023136,0.016704274136837442,0.0
utopic_connected_noncoercive,258,0.10340045145824957,0.05687024830203727,0.004866130700778517,0.92,0.06530713634723512,0.29762789486390234,0.30548244948324244,0.0167087608112019,0.0
utopic_connected_noncoercive,259,0.10464312158849792,0.05755371687367386,0.004930079275082599,0.92,0.06532380289804561,0.2975386295768206,0.30554730001585806,0.01671337436475844,0.0
utopic_connected_noncoercive,260,0.10589896223591787,0.058244429229754834,0.004994795307560104,0.92,0.06534088024932992,0.297448259549373,0.30561437586318163,0.016718115293970465,0.0
utopic_connected_noncoercive,261,0.10716807048652817,0.0589424387675905,0.00506028690619076,0.92,0.06535837284418809,0.29735677183049625,0.30568369976239423,0.016722984133569374,0.0
utopic_connected_noncoercive,262,0.10845054310496309,0.0596477987077297,0.005126562238088238,0.92,0.0653762851609723,0.29726415333497574,0.3057552945914019,0.01672798145583568,0.0
utopic_connected_noncoercive,263,0.10974647650365506,0.06036056207701029,0.005193629529284916,0.92,0.06539462171326402,0.2971703908424896,0.3058291833674146,0.016733107869907494,0.0
utopic_connected_noncoercive,264,0.11105596671140756,0.061080781691274164,0.005261497064497443,0.92,0.06541338704984268,0.29707547099665776,0.305905389245456,0.016738364021115358,0.0
utopic_connected_noncoercive,265,0.11237910934135674,0.061808510137746214,0.005330173186872717,0.92,0.06543258575464596,0.2969793803040961,0.3059839355168014,0.01674375059034261,0.0
utopic_connected_noncoercive,266,0.11371599955832265,0.06254379975707747,0.005399666297713913,0.92,0.06545222244672136,0.29688210513347374,0.3060648456073449,0.01674926829341035,0.0
utopic_connected_noncoercive,267,0.1150667320455498,0.0632867026250524,0.005469984856186194,0.92,0.06547230178016909,0.29678363171457794,0.30614814307589283,0.016754917880486102,0.0
utopic_connected_noncoercive,268,0.11643140097083887,0.06403727053396138,0.0055411373790017066,0.92,0.06549282844407575,0.29668394613738325,0.30623385161238276,0.016760700135515488,0.0
utopic_connected_noncoercive,269,0.1178100999520696,0.06479555497363829,0.005613132440083527,0.92,0.0655138071624391,0.29658303435112776,0.3063219950360279,0.01676661587567592,0.0
utopic_connected_noncoercive,270,0.11920292202211755,0.06556160711216466,0.005685978670208154,0.92,0.06553524269408327,0.296480882163395,0.30641259729338477,0.016772665950851702,0.0
utopic_connected_noncoercive,271,0.12060995959316716,0.06633547777624194,0.005759684756626201,0.92,0.06555713983256478,0.2963774752392036,0.3065056824563429,0.016778851243129698,0.0
utopic_connected_noncoercive,272,0.12203130442042308,0.0671172174312327,0.005834259442660904,0.92,0.06557950340606859,0.2962727991001041,0.30660127472003723,0.01678517266631485,0.0
utopic_connected_noncoercive,273,0.12346704756522399,0.0679068761608732,0.005909711527284096,0.92,0.0656023382772947,0.2961668391232829,0.3066993984006795,0.016791631165464883,0.0
utopic_connected_noncoercive,274,0.12491727935756199,0.0687045036466591,0.005986049864669273,0.92,0.06562564934333437,0.29605958054067555,0.3068000779333099,0.016798227716443417,0.0
utopic_connected_noncoercive,275,0.12638208935801287,0.06951014914690709,0.0060632833637213925,0.92,0.06564944153553666,0.2959510084380876,0.30690333786946694,0.016804963325490963,0.0
utopic_connected_noncoercive,276,0.12786156631908133,0.07032386147549474,0.006141420987583053,0.92,0.06567371981936429,0.29584110775432576,0.3070092028747741,0.01681183902881302,0.0
utopic_connected_noncoercive,277,0.12935579814596745,0.0711456889802821,0.0062204717531167,0.92,0.06569848919423942,0.29572986328033685,0.30711769772644426,0.016818855892184743,0.0
utopic_connected_noncoercive,278,0.1308648718567603,0.07197567952121817,0.0063004447303624984,0.92,0.06572375469337849,0.2956172596583583,0.3072288473106974,0.01682601501057154,0.0
utopic_connected_noncoercive,279,0.13238887354206538,0.07281388044813597,0.006381349041971539,0.92,0.06574952138361662,0.2955032813810786,0.30734267662009457,0.016833317507765008,0.0
utopic_connected_noncoercive,280,0.13392788832407365,0.07366033857824052,0.006463193862614028,0.92,0.06577579436522092,0.29538791279080845,0.3074592107507852,0.016840764536033677,0.0
utopic_connected_noncoercive,281,0.13548200031507995,0.07451510017329398,0.006545988418362132,0.92,0.06580257877169284,0.2952711380786636,0.30757847489966594,0.016848357275787974,0.0
utopic_connected_noncoercive,282,0.13705129257545964,0.0753782109165028,0.006629741986047135,0.92,0.06582987976955937,0.29515294128375924,0.30770049436145264,0.01685609693525886,0.0
utopic_connected_noncoercive,283,0.1386358470711131,0.07624971588911221,0.006714463892590593,0.92,0.06585770255815282,0.2950333062924175,0.307825294525663,0.016863984750189697,0.0
utopic_connected_noncoercive,284,0.14023574463038752,0.07712965954671314,0.0068001635143091635,0.92,0.06588605236937925,0.29491221683738644,0.30795290087350874,0.01687202198354075,0.0
utopic_connected_noncoercive,285,0.14185106490048777,0.07801808569526827,0.006886850276192795,0.92,0.06591493446747525,0.2947896564970749,0.30808333897469853,0.01688020992520589,0.0
utopic_connected_noncoercive,286,0.14348188630338726,0.078915037466863,0.006974533651155976,0.92,0.06594435414875302,0.29466560869479824,0.30821663448414843,0.016888549891741024,0.0
utopic_connected_noncoercive,287,0.14512828599125058,0.07982055729518782,0.0070632231592617405,0.92,0.06597431674133353,0.29454005669804084,0.30835281313860113,0.016897043226103765,0.0
utopic_connected_noncoercive,288,0.14679033980138237,0.08073468689076031,0.007152928366918141,0.92,0.06600482760486778,0.2944129836177325,0.3084919007531526,0.01690569129740392,0.0
utopic_connected_noncoercive,289,0.14846812221071454,0.081657467215893,0.007243658886046911,0.92,0.06603589213024603,0.2942843724075409,0.30863392321768485,0.016914495500664362,0.0
utopic_connected_noncoercive,290,0.15016170628984732,0.08258893845941603,0.00733542437322404,0.92,0.06606751573929469,0.29415420586317964,0.3087789064932061,0.016923457256591834,0.0
utopic_connected_noncoercive,291,0.15187116365665929,0.08352914001116261,0.007428234528791999,0.92,0.06609970388446092,0.2940224666217331,0.3089268766080957,0.01693257801135732,0.0
utopic_connected_noncoercive,292,0.15359656442950217,0.0844781104362262,0.007522099095943361,0.92,0.06613246204848489,0.2938891371609989,0.3090778596542545,0.016941859236385564,0.0
utopic_connected_noncoercive,293,0.15533797717999753,0.08543588744899865,0.007617027859775582,0.92,0.06616579574405952,0.2937541997988472,0.3092318817831605,0.016951302428153344,0.0
utopic_connected_noncoercive,294,0.15709546888545273,0.086402507886999,0.007713030646316692,0.92,0.06619971051347746,0.2936176366925992,0.30938896920182846,0.016960909107996136,0.0
utopic_connected_noncoercive,295,0.15886910488091516,0.08737800768450335,0.007810117321521696,0.92,0.06623421192826556,0.293479429838424,0.30954914816867335,0.017002707659114158,0.0
utopic_connected_noncoercive,296,0.1606589488108834,0.08836242184598589,0.007908297790239457,0.92,0.06626930558880643,0.29333956107075526,0.3097124449892788,0.01704358940082533,0.0
utopic_connected_noncoercive,297,0.1624650625806961,0.08935578441938286,0.008007581995149882,0.92,0.06630499712394722,0.29319801206172746,0.3098788860120678,0.01708359391972705,0.0
utopic_connected_noncoercive,298,0.16428750630761857,0.09035812846919022,0.008107979915671205,0.92,0.0663412921905954,0.29305476432063327,0.3100484976238772,0.017122759514983887,0.0
utopic_connected_noncoercive,299,0.16612633827165055,0.09136948604940781,0.008209501566837214,0.92,0.06637819647330152,0.2929097991934025,0.31022130624543653,0.017161123243657168,0.0
utopic_connected_noncoercive,300,0.16798161486607552,0.09238988817634154,0.00831215699814426,0.92,0.06641571568382913,0.29276309786210153,0.31039733832674826,0.017198720964464755,0.0
utopic_connected_noncoercive,301,0.16985339054777734,0.09341936480127755,0.008415956292367901,0.92,0.06645385556071128,0.2926146413444567,0.310576620342373,0.017235587380025463,0.0
utopic_connected_noncoercive,302,0.17174171778734698,0.09445794478304084,0.008520909564349057,0.92,0.06649262186879407,0.2924644104934003,0.3107591787866168,0.017271756077640452,0.0
utopic_connected_noncoercive,303,0.17364664701900503,0.09550565586045277,0.00862702695974956,0.92,0.06653202039876704,0.2923123859966399,0.31094504016862307,0.01730725956866224,0.0
utopic_connected_noncoercive,304,0.1755682265903665,0.09656252462470158,0.008734318653777006,0.92,0.06657205696668023,0.2921585483762519,0.31113423100736703,0.017342129326500175,0.0
utopic_connected_noncoercive,305,0.1775065027120738,0.0976285764916406,0.00884279484987883,0.92,0.06661273741344809,0.2920028779883011,0.31132677782655477,0.01737639582330955,0.0
utopic_connected_noncoercive,306,0.17946151940732682,0.09870383567402977,0.008952465778405529,0.92,0.06665406760434008,0.2918453550224846,0.31152270714942665,0.01741008856540982,0.0
utopic_connected_noncoercive,307,0.1814333184613375,0.09978832515373563,0.009063341695243013,0.92,0.06669605342845812,0.2916859595018025,0.3117220454934645,0.01744323612747597,0.0
utopic_connected_noncoercive,308,0.18342193937073947,0.10088206665390671,0.00917543288041402,0.92,0.0667387007982007,0.2915246712822549,0.3119248193650056,0.017475866185545304,0.0
utopic_connected_noncoercive,309,0.18542741929298223,0.10198508061114024,0.00928874963664862,0.92,0.06678201564871383,0.2913614700525676,0.3121310552537608,0.0175080055488807,0.0
utopic_connected_noncoercive,310,0.18744979299574127,0.1030973861476577,0.009403302287923795,0.92,0.06682600393732868,0.29119633533394396,0.31234077962723955,0.017539680190729826,0.0
utopic_connected_noncoercive,311,0.18948909280637574,0.10421900104350666,0.009519101177972136,0.92,0.06687067164298618,0.29102924647984724,0.3125540189250826,0.017570915278018427,0.0
utopic_connected_noncoercive,312,0.19154534856146752,0.10534994170880714,0.009636156668759699,0.92,0.06691602476564837,0.29086018267581143,0.31277079955330156,0.017601735200014547,0.0
utopic_connected_noncoercive,313,0.19361858755647318,0.10649022315606026,0.0097544791389331,0.92,0.06696206932569669,0.2906891229392815,0.3129911478784282,0.017632163595999215,0.0
utopic_connected_noncoercive,314,0.19570883449552565,0.10763985897253911,0.00987407898223592,0.92,0.06700881136331728,0.290516046119486,0.31321509022157223,0.017662223381977864,0.0
utopic_connected_noncoercive,315,0.19781611144141825,0.10879886129278005,0.009994966605894565,0.92,0.06705625693787334,0.290340930897339,0.3134426528523913,0.01769193677646567,0.0
utopic_connected_noncoercive,316,0.19994043776580886,0.10996724077119488,0.01011715242897367,0.92,0.06710441212726438,0.2901637557853749,0.31367386198297154,0.017721325325378737,0.0
utopic_connected_noncoercive,317,0.20208183009968,0.11114500655482401,0.010240646880701252,0.92,0.06715328302727314,0.28998449912771584,0.313908743761622,0.01775040992606193,0.0
utopic_connected_noncoercive,318,0.20424030228409176,0.11233216625625048,0.010365460398763753,0.92,0.06720287575089927,0.2898031391000714,0.3141473242665829,0.01777921085048328,0.0
utopic_connected_noncoercive,319,0.20641586532126682,0.11352872592669676,0.010491603427571194,0.92,0.06725319642768096,0.28961965370977283,0.3143896294996499,0.01780774776762355,0.0
utopic_connected_noncoercive,320,0.20860852732604496,0.11473469002932474,0.010619086416492667,0.92,0.06730425120300365,0.28943402079584163,0.3146356853797162,0.017836039765088824,0.0
utopic_connected_noncoercive,321,0.21081829347774714,0.11595006141276093,0.0107479198180624,0.92,0.06735604623739677,0.28924621802909206,0.3148855177362317,0.017864105369972846,0.0
utopic_connected_noncoercive,322,0.21304516597248946,0.11717484128486921,0.0108781140861567,0.92,0.06740858770581816,0.28905622291227084,0.315139152302585,0.017891962568995005,0.0
utopic_connected_noncoercive,323,0.2152891439759867,0.11840902918679269,0.011009679674142025,0.92,0.06746188179692636,0.2888640127802312,0.3153966147094055,0.017919628827938877,0.0
utopic_connected_noncoercive,324,0.2175502235768875,0.11965262296728814,0.011142627032994568,0.92,0.06751593471234134,0.28866956480014555,0.3156579304777905,0.01794712111041548,0.0
utopic_connected_noncoercive,325,0.21982839774068252,0.1209056187573754,0.011276966609391651,0.92,0.06757075266589319,0.28847285597175387,0.3159231250124586,0.01797445589597439,0.0
utopic_connected_noncoercive,326,0.22212365626422775,0.12216801094532527,0.011412708843775345,0.92,0.06762634188285968,0.2882738631276512,0.31619222359483057,0.018001649197585286,0.0
utopic_connected_noncoercive,327,0.22443598573092652,0.12343979215200959,0.01154986416838869,0.92,0.06768270859919223,0.28807256293361283,0.31646525137604026,0.01802871657851152,0.0
utopic_connected_noncoercive,328,0.22676536946661205,0.12472095320663663,0.011688443005284953,0.92,0.06773985906073103,0.2878689318889591,0.31674223336987867,0.018055673168596586,0.0
utopic_connected_noncoercive,329,0.2291117874961753,0.12601148312289642,0.011828455764310393,0.92,0.06779779952240919,0.2876629463269595,0.3170231944456719,0.018082533679983786,0.0
utopic_connected_noncoercive,330,0.23147521650098238,0.12731136907554033,0.011969912841060993,0.92,0.06785653624744635,0.2874545824152769,0.31730815932109674,0.018109312422288495,0.0
utopic_connected_noncoercive,331,0.23385562977712387,0.12862059637741813,0.012112824614813679,0.92,0.06791607550653184,0.28724381615645295,0.31759715255493565,0.018136023317241814,0.0
utopic_connected_noncoercive,332,0.2362529971945438,0.12993914845699908,0.012257201446432567,0.92,0.06797642357699794,0.2870306233884339,0.31789019853977396,0.018162679912823824,0.0
utopic_connected_noncoercive,333,0.23866728515708963,0.1312670068363993,0.012403053676250789,0.92,0.06803758674198301,0.2868149797851389,0.3181873214946427,0.018189295396904007,0.0
utopic_connected_noncoercive,334,0.24109845656353182,0.1326041511099425,0.012550391621928503,0.92,0.06809957128958545,0.28659686085706987,0.31848854545760785,0.01821588261040552,0.0
utopic_connected_noncoercive,335,0.2435464707695958,0.1339505589232777,0.0126992255762877,0.92,0.06816238351200808,0.2863762419519644,0.3187938942783117,0.01824245406001003,0.0
utopic_connected_noncoercive,336,0.2460112835510519,0.13530620595307855,0.012849565805124454,0.92,0.06822602970469381,0.28615309825549207,0.3191033916104667,0.018269021930418423,0.0
utopic_connected_noncoercive,337,0.2484928470679109,0.136671065887351,0.013001422544999287,0.92,0.06829051616545262,0.2859274047919932,0.3194170609043068,0.018295598096182995,0.0
utopic_connected_noncoercive,338,0.25099110982976713,0.13804511040637193,0.013154806001006367,0.92,0.06835584919358027,0.28569913642526334,0.31973492539899884,0.018322194133125577,0.0
utopic_connected_noncoercive,339,0.2535060166623378,0.1394283091642858,0.01330972634452224,0.92,0.06842203508896912,0.2854682678593809,0.3200570081150157,0.018348821329355797,0.0
utopic_connected_noncoercive,340,0.256037508675242,0.1408206297713831,0.013466193710934887,0.92,0.06848908015121127,0.28523477363957944,0.32038333184647805,0.01837549069590324,0.0
utopic_connected_noncoercive,341,0.25858552323106454,0.1422220377770855,0.013624218197353872,0.92,0.06855699067869474,0.2849986281531671,0.3207139191534649,0.01840221297697665,0.0
utopic_connected_noncoercive,342,0.261149993915751,0.14363249665366307,0.013783809860302386,0.92,0.06862577296769244,0.2847598056304887,0.32104879235429745,0.01849308904440946,0.0
utopic_connected_noncoercive,343,0.2637308505103769,0.1450519677807073,0.013944978713392061,0.92,0.06869543331144512,0.284518280145936,0.32138797351780146,0.018581921463751337,0.0
utopic_connected_noncoercive,344,0.2663280189643365,0.1464804104303851,0.014107734724981377,0.92,0.06876597799923802,0.2842740256190036,0.32173148445554867,0.018668794846056266,0.0
utopic_connected_noncoercive,345,0.2689414213699951,0.14791778175349732,0.014272087815818596,0.92,0.06883741331547202,0.2840270158153909,0.322079346714085,0.01875379100747129,0.0
utopic_connected_noncoercive,346,0.27157097593884777,0.14936403676636628,0.014438047856670114,0.92,0.06890974553872956,0.2837772243481507,0.32243158156714546,0.018836989066535477,0.0
utopic_connected_noncoercive,347,0.27421659697922823,0.15081912833857555,0.014605624665935199,0.92,0.06898298094083588,0.283524624678886,0.3227882100078629,0.018918465538110992,0.0
utopic_connected_noncoercive,348,0.27687819487561016,0.1522830071815856,0.014774828007248072,0.92,0.06905712578591586,0.2832691901189927,0.3231492527409728,0.018998294424062128,0.0
utopic_connected_noncoercive,349,0.27955567606954246,0.15375562183824837,0.014945667587068348,0.92,0.06913218632944707,0.2830108938309505,0.32351473017501897,0.019076547300794822,0.0
utopic_connected_noncoercive,350,0.28224894304226,0.15523691867324302,0.01511815305226084,0.92,0.06920816881730948,0.2827497088296612,0.3238846624145641,0.019153293403764687,0.0
utopic_connected_noncoercive,351,0.28495789429901025,0.15672684186445565,0.015292293987665791,0.92,0.06928507948483215,0.28248560798383454,0.3242590692524095,0.019228599709058297,0.0
utopic_connected_noncoercive,352,0.28768242435513497,0.15822533339532424,0.015468099913660596,0.92,0.06936292455583766,0.28221856401742246,0.32463797016182855,0.019302531012148575,0.0
utopic_connected_noncoercive,353,0.29042242372394583,0.15973233304817022,0.015645580283714117,0.92,0.06944171024168445,0.2819485495111007,0.3250213842888176,0.019375150003921777,0.0
utopic_connected_noncoercive,354,0.29317777890643243,0.16124777839853785,0.015824744481934716,0.92,0.06952144274030789,0.2816755369037989,0.3254093304443697,0.01944651734407014,0.0
utopic_connected_noncoercive,355,0.29594837238283755,0.16277160481056066,0.016005601820613117,0.92,0.06960212823526044,0.281399498494278,0.32580182709677513,0.019516691731941052,0.0
utopic_connected_noncoercive,356,0.2987340826061377,0.16430374543337575,0.01618816153776131,0.92,0.06968377289475124,0.2811204064427568,0.3261988923639533,0.019585729974930407,0.0
utopic_connected_noncoercive,357,0.30153478399746125,0.1658441311986037,0.016372432794648648,0.92,0.06976638287068616,0.2808382327725857,0.3266005440058207,0.01965368705450487,0.0
utopic_connected_noncoercive,358,0.30435034694347873,0.1673926908189133,0.01655842467333633,0.92,0.06984996429770826,0.28055294937196823,0.32700679941669997,0.019720616189934696,0.0
utopic_connected_noncoercive,359,0.307180637795797,0.16894935078768838,0.016746146174211538,0.92,0.06993452329223962,0.2802645279957313,0.3274176756177736,0.019786568899816122,0.0
utopic_connected_noncoercive,360,0.31002551887238755,0.17051403537981316,0.01693560621352244,0.92,0.07002006595152492,0.2799729402671422,0.327833189249589,0.019851595061459434,0.0
utopic_connected_noncoercive,361,0.31288484846107845,0.17208666665359315,0.017126813620915324,0.92,0.0701065983526774,0.2796781576797738,0.32825335656461835,0.01991574296821631,0.0
utopic_connected_noncoercive,362,0.3157584808251377,0.17366716445382574,0.01731977713697513,0.92,0.07019412655172758,0.2793801515994165,0.328678193419877,0.01997905938481745,0.0
utopic_connected_noncoercive,363,0.31864626621097447,0.17525544641603596,0.017514505410770726,0.92,0.0702826565826756,0.2790788932660381,0.3291077152696084,0.02004158960078904,0.0
utopic_connected_noncoercive,364,0.3215480508579818,0.17685142797189002,0.01771100699740616,0.92,0.07037219445654758,0.27877435379578974,0.32954193715803815,0.020103377482014233,0.0
utopic_connected_noncoercive,365,0.3244636770105458,0.1784550223558002,0.01790929035557927,0.92,0.07046274616045642,0.2784665041830587,0.3299808737122013,0.020164465520503563,0.0
utopic_connected_noncoercive,366,0.32739298293223956,0.18006614061273177,0.01810936384514897,0.92,0.07055431765666809,0.27815531530256726,0.3304245391348513,0.02022489488243602,0.0
utopic_connected_noncoercive,367,0.330335802922225,0.18168469160722375,0.018311235724712552,0.92,0.07064691488167338,0.27784075791151774,0.33087294719745086,0.020284705454530278,0.0
utopic_connected_noncoercive,368,0.33329196733387695,0.18331058203363235,0.018514914149194366,0.92,0.0707405437452663,0.2775228026517824,0.33132611123325406,0.02034393588880363,0.0
utopic_connected_noncoercive,369,0.3362613025956473,0.18494371642760601,0.018720407167447262,0.92,0.07083521012962916,0.27720142005213855,0.33178404413048157,0.02040262364577418,0.0
utopic_connected_noncoercive,370,0.33924363123418283,0.18658399717880056,0.018927722719868152,0.92,0.0709309198884255,0.27687658053054814,0.33224675832559536,0.020460805036159824,0.0
utopic_connected_noncoercive,371,0.34223877189970753,0.18823132454483915,0.019136868636029085,0.92,0.07102767884590075,0.2765482543964813,0.3327142657966776,0.020518515261125855,0.0
utopic_connected_noncoercive,372,0.34524653939368083,0.18988559666652446,0.019347852632325222,0.92,0.07112549279599209,0.2762164118532829,0.3331865780569179,0.020575788451131054,0.0
utopic_connected_noncoercive,373,0.3482667446987386,0.19154670958430622,0.019560682309641118,0.92,0.07122436750144719,0.2758810230005825,0.3336637061482151,0.020632657703420633,0.0
utopic_connected_noncoercive,374,0.35129919501092316,0.19321455725600775,0.019775365151036683,0.92,0.07132430869295311,0.2755420578367456,0.33414566063489726,0.020689155118212486,0.0
utopic_connected_noncoercive,375,0.35434369377420455,0.19488903157581253,0.019991908519454253,0.92,0.07142532206827563,0.275199486261367,0.3346324515975653,0.02074531183362183,0.0
utopic_connected_noncoercive,376,0.3574000407172972,0.19657002239451346,0.02021031965544816,0.92,0.07152741329140955,0.27485327807780424,0.3351240886270648,0.02080115805936751,0.0
utopic_connected_noncoercive,377,0.36046803189276766,0.19825741754102222,0.020430605674938183,0.92,0.07163058799174092,0.27450340299575177,0.33562058081859114,0.020856723109302054,0.0
utopic_connected_noncoercive,378,0.36354745971843366,0.19995110284513853,0.020652773566988337,0.92,0.07173485176322114,0.2741498306338534,0.3361219367659318,0.02091203543280578,0.0
utopic_connected_noncoercive,379,0.36663811302104604,0.20165096216157533,0.02087683019161231,0.92,0.07184021016355423,0.27379253052235336,0.3366281645558518,0.020967122645084168,0.0
utopic_connected_noncoercive,380,0.36973977708224876,0.20335687739523683,0.021102782277607014,0.92,0.07194666871339722,0.2734314721057852,0.33713927176262526,0.02102201155640612,0.0
utopic_connected_noncoercive,381,0.3728522336868044,0.20506872852774244,0.021330636420415616,0.92,0.07205423289557471,0.27306662474569654,0.3376552654427187,0.02107672820031959,0.0
utopic_connected_noncoercive,382,0.37597526117307534,0.20678639364519144,0.021560399080021383,0.92,0.07216290815430783,0.2726979577234097,0.3381761521296308,0.021131297860879764,0.0
utopic_connected_noncoercive,383,0.37910863448574306,0.2085097489671587,0.021792076578873783,0.92,0.07227269989445827,0.27232544024281674,0.3387019378288917,0.021185745098923618,0.0
utopic_connected_noncoercive,384,0.382252125230751,0.2102386688769131,0.02202567509984813,0.92,0.07238361348078794,0.2719490414332082,0.33923262801322723,0.021240093777423842,0.0
utopic_connected_noncoercive,385,0.38540550173245053,0.2119730259528478,0.022261200684240184,0.92,0.0724956542372349,0.27156873035213425,0.33976822761789177,0.02129436708595362,0.0
utopic_connected_noncoercive,386,0.3885685290929272,0.21371269100110998,0.022498659229796974,0.92,0.07260882744620584,0.27118447598829687,0.34030874103617453,0.021348587564292854,0.0
utopic_connected_noncoercive,387,0.3917409692534856,0.21545753308941712,0.022738056488785217,0.92,0.07272313834788577,0.2707962472644726,0.34085417211508207,0.021402777125205417,0.0
utopic_connected_noncoercive,388,0.3949225810582625,0.2172074195820444,0.0229793980660986,0.92,0.07283859213956563,0.27040401304046435,0.34140452415120215,0.021456957076415838,0.0
utopic_connected_noncoercive,389,0.39811312031994345,0.21896221617596892,0.023222689417405233,0.92,0.072955193974988,0.2700077421160806,0.3419597998867519,0.021511148141812965,0.0
utopic_connected_noncoercive,390,0.401312339887548,0.22072178693815142,0.023467935847336512,0.92,0.07307294896371137,0.26960740323414134,0.3425200015058152,0.02156537048190716,0.0
utopic_connected_noncoercive,391,0.40451998971625175,0.22248599434393848,0.023715142507718667,0.92,0.07319186217049403,0.26920296508350994,0.34308513063077073,0.021619643713566686,0.0
utopic_connected_noncoercive,392,0.4077358169392086,0.22425469931656472,0.023964314395848185,0.92,0.07331193861469722,0.2687943963021478,0.34365518831891667,0.021706005146611453,0.0
utopic_connected_noncoercive,393,0.41095956594133487,0.2260277612677342,0.024215456352812335,0.92,0.07343318326970869,0.26838166548019243,0.34423017505929326,0.02179143478969264,0.0
utopic_connected_noncoercive,394,0.41419097843501507,0.22780503813925831,0.024468573061855955,0.92,0.07355560106238675,0.2679647411630567,0.34481009076970826,0.02187598690609726,0.0
utopic_connected_noncoercive,395,0.4174297935376853,0.22958638644572693,0.02472366904679565,0.92,0.0736791968725252,0.26754359185454774,0.3453949347939666,0.021959714050175407,0.0
utopic_connected_noncoercive,396,0.42067574785125056,0.23137166131818782,0.024980748670482528,0.92,0.07380397553233999,0.2671181860200041,0.34598470589930846,0.022042667126419183,0.0
utopic_connected_noncoercive,397,0.42392857554328783,0.23316071654880832,0.025239816133314538,0.92,0.07392994182597737,0.2666884920894504,0.3465794022740582,0.022124895446492588,0.0
utopic_connected_noncoercive,398,0.42718800842998617,0.23495340463649242,0.02550087547179953,0.92,0.07405710048904451,0.26625447846076666,0.3471790215254864,0.02220644678428262,0.0
utopic_connected_noncoercive,399,0.43045377606077095,0.23674957683342404,0.025763930557170002,0.92,0.07418545620816254,0.265816113502872,0.3477835606778883,0.022287367429039667,0.0
utopic_connected_noncoercive,400,0.43372560580456077,0.23854908319250845,0.026028985094050567,0.92,0.07431501362054263,0.2653733655589208,0.34839301617087964,0.022367702236672855,0.0
utopic_connected_noncoercive,401,0.43700322293759947,0.24035177261567972,0.0262960426191791,0.92,0.0744457773135853,0.264926202949509,0.34900738385791386,0.022447494679263675,0.0
utopic_connected_noncoercive,402,0.44028635073280703,0.2421574929030439,0.02656510650018248,0.92,0.07457775182450335,0.26447459397589046,0.34962665900502143,0.02252678689285915,0.0
utopic_connected_noncoercive,403,0.4435747105505899,0.24396609080282447,0.02683617993440784,0.92,0.07471094163996866,0.2640185069232001,0.3502508362897729,0.02260561972360371,0.0
utopic_connected_noncoercive,404,0.44686802193104874,0.24577741206207682,0.02710926594781015,0.92,0.07484535119578327,0.26355791006368373,0.3508799098004684,0.02268403277226669,0.0
utopic_connected_noncoercive,405,0.45016600268752216,0.2475913014781372,0.02738436739389697,0.92,0.07498098487657477,0.2630927716599312,0.35151387303555515,0.02276206443722079,0.0
utopic_connected_noncoercive,406,0.4534683690013999,0.24940760295076997,0.02766148695273116,0.92,0.0751178470155166,0.2626230599681133,0.3521527189032722,0.02283975195592452,0.0
utopic_connected_noncoercive,407,0.4567748355181423,0.2512261595349783,0.02794062712999225,0.92,0.0752559418940731,0.2621487432412183,0.3527964397215264,0.0229171314449601,0.0
utopic_connected_noncoercive,408,0.46008511544443426,0.25304681349443886,0.02822179025609718,0.92,0.07539527374176982,0.261669789732289,0.35344502721799925,0.022994237938676537,0.0
utopic_connected_noncoercive,409,0.4633989206464093,0.25486940635552513,0.0285049784853811,0.92,0.07553584673598922,0.26118616769765624,0.3540984725304845,0.023071105426485602,0.0
utopic_connected_noncoercive,410,0.4667159617488687,0.2566937789618778,0.02879019379533874,0.92,0.07567766500179168,0.26069784540016877,0.3547567662074587,0.02314776688885715,0.0
utopic_connected_noncoercive,411,0.4700359482354282,0.2585197715294855,0.02907743798592706,0.92,0.07582073261176253,0.26020479111241673,0.3554198982088851,0.023224254332058405,0.0
utopic_connected_noncoercive,412,0.473358588549516,0.26034722370223384,0.02936671267892954,0.92,0.07596505358588457,0.25970697311994756,0.35608785790724873,0.023300598821680313,0.0
utopic_connected_noncoercive,413,0.4766835901961499,0.2621759746078825,0.029658019317382742,0.92,0.0761106318914367,0.25920435972447287,0.3567606340888266,0.023376830514992737,0.0
utopic_connected_noncoercive,414,0.48001065984441826,0.26400586291443007,0.02995135916506544,0.92,0.0762574714429185,0.2586969192470631,0.3574382149551891,0.02345297869216864,0.0
utopic_connected_noncoercive,415,0.48333950343058857,0.26583672688682375,0.0302467333060508,0.92,0.07640557610200084,0.25818462003133025,0.3581205881249353,0.02352907178641612,0.0
utopic_connected_noncoercive,416,0.48666982626176764,0.2676684044439722,0.03054414264432188,0.92,0.07655494967750298,0.25766743044659474,0.3588077406356591,0.023605137413055814,0.0
utopic_connected_noncoercive,417,0.4900013331200346,0.26950073321601903,0.030843587903450792,0.92,0.07670559592539522,0.2571453188910367,0.3594996589461478,0.023681202397579988,0.0
utopic_connected_noncoercive,418,0.49333372836697054,0.27133355060183384,0.03114506962634172,0.92,0.07685751854882844,0.2566182537948285,0.3601963289388108,0.023757292802728106,0.0
utopic_connected_noncoercive,419,0.4966667160485049,0.2731666938266777,0.031448588175038025,0.92,0.07701072119818932,0.25608620362324713,0.3608977359223372,0.023833433954612886,0.0
utopic_connected_noncoercive,420,0.5,0.275,0.031754143730593584,0.92,0.077165207471182,0.25554913687976494,0.36160386463458266,0.023909650467929266,0.0
utopic_connected_noncoercive,421,0.5033332839514952,0.2768333061733224,0.03206173629300839,0.92,0.07732098091293564,0.2550070221091165,0.3623146992456818,0.023985966270277884,0.0
utopic_connected_noncoercive,422,0.5066662716330296,0.2786664493981663,0.03237136568122857,0.92,0.07747804501613828,0.25445982790034105,0.36303022336138735,0.024062404625633523,0.0
utopic_connected_noncoercive,423,0.5099986668799655,0.28049926678398107,0.032683031533210775,0.92,0.07763640322119642,0.2539075228897965,0.36375042002663033,0.02413898815698774,0.0
utopic_connected_noncoercive,424,0.5133301737382324,0.2823315955560279,0.0329967333060508,0.92,0.07779605891642054,0.25335007576414575,0.3644752717293041,0.02421573886819425,0.0
utopic_connected_noncoercive,425,0.5166604965694114,0.2841632731131763,0.03331247027617656,0.92,0.07795701543823638,0.25278745526331226,0.3652047604042659,0.024308729009877218,0.0
utopic_connected_noncoercive,426,0.5199893401555818,0.28599413708557003,0.03363024153960497,0.92,0.07811927607142168,0.25221963018340327,0.36593886743755566,0.02440143128438815,0.0
utopic_connected_noncoercive,427,0.5233164098038501,0.28782402539211754,0.033950046012262876,0.92,0.07828284404936846,0.25164656937959934,0.36667757367082976,0.02449388365033047,0.0
utopic_connected_noncoercive,428,0.5266414114504839,0.2896527762977662,0.034271882430371506,0.92,0.07844772255437041,0.25106824176900844,0.36742085940600583,0.02458612292375951,0.0
utopic_connected_noncoercive,429,0.5299640517645717,0.29148022847051447,0.0345957493508943,0.92,0.07861391471793527,0.2504846163334827,0.36816870441011645,0.024678184817125012,0.0
utopic_connected_noncoercive,430,0.5332840382511314,0.29330622103812226,0.03492164515204777,0.92,0.07878116361684458,0.24989824656923634,0.36892108688659075,0.02477006469423648,0.0
utopic_connected_noncoercive,431,0.5366010793535907,0.2951305936444749,0.03524956803387497,0.92,0.07894844185017257,0.2493122844730766,0.3696779832425472,0.024861669652380215,0.0
utopic_connected_noncoercive,432,0.5399148845555657,0.29695318650556113,0.035579516018881145,0.92,0.07911702899785708,0.24872100044052675,0.37043937164869767,0.024953037665793144,0.0
utopic_connected_noncoercive,433,0.5432251644818576,0.29877384046502176,0.03591148695273117,0.92,0.0792869279191583,0.24812436404010638,0.3712052297623056,0.02504420551913657,0.0
utopic_connected_noncoercive,434,0.5465316309986,0.30059239704923,0.036245478505008095,0.92,0.07945814142459189,0.24752234491711217,0.37197553473303807,0.02513520884964109,0.0
utopic_connected_noncoercive,435,0.549833997312478,0.3024086985218629,0.036581488170032386,0.92,0.07963067227638751,0.246914912796173,0.3727502632090049,0.025226082187721093,0.0
utopic_connected_noncoercive,436,0.5531319780689512,0.3042225879379232,0.03691951326774119,0.92,0.07980452318897006,0.24630203748375765,0.3735293913429835,0.02531685899611417,0.0
utopic_connected_noncoercive,437,0.5564252894494102,0.3060339091971756,0.03725955094462694,0.92,0.07997969682946364,0.24568405752446623,0.37431289465136197,0.025407568332030235,0.0
utopic_connected_noncoercive,438,0.5597136492671929,0.30784250709695615,0.03760159817473467,0.92,0.08015350747342306,0.24507713724828914,0.37510074169064944,0.02556218376509467,0.0
utopic_connected_noncoercive,439,0.5629967770624005,0.3096482273843203,0.03794565176071725,0.92,0.08032825155577968,0.24446481869223557,0.37589290712241247,0.025714512853352342,0.0
utopic_connected_noncoercive,440,0.5662743941954392,0.3114509168074916,0.0382917083349478,0.92,0.08050429904057366,0.24384707256437965,0.37668936513955753,0.02586466519527381,0.0
utopic_connected_noncoercive,441,0.569546223939229,0.313250423166576,0.03863976436068844,0.92,0.0806816522735145,0.24322386966355358,0.37749008947341717,0.02601274668917699,0.0
utopic_connected_noncoercive,442,0.5728119915700138,0.31504659536350765,0.03898981613331456,0.92,0.08086031355606206,0.24259518088154408,0.3782950534009946,0.026158859663605677,0.0
utopic_connected_noncoercive,443,0.5760714244567121,0.31683928345119167,0.03934185978159366,0.92,0.08104028514605871,0.24196097720523513,0.3791042297523625,0.02630310300307035,0.0
utopic_connected_noncoercive,444,0.5793242521487495,0.31862833868181223,0.039695891269017895,0.92,0.08122156925838074,0.2413212297186945,0.3799175909182102,0.026445572269316573,0.0
utopic_connected_noncoercive,445,0.5825702064623147,0.3204136135542731,0.04005190639518931,0.92,0.08140302538399023,0.24068363359483233,0.3807351057679385,0.026586228265779176,0.0
utopic_connected_noncoercive,446,0.5858090215649849,0.32219496186074176,0.0404099007972568,0.92,0.0815854217485626,0.24004135278020672,0.3815567454746003,0.026725136522384674,0.0
utopic_connected_noncoercive,447,0.5890404340586651,0.3239722387322658,0.04076986995140376,0.92,0.08176912386278466,0.23939350865860232,0.38238248113596707,0.026862388137881617,0.0
utopic_connected_noncoercive,448,0.5922641830607915,0.3257453006834354,0.04113180917438536,0.92,0.08195413371097898,0.23874007297285113,0.3832122834420215,0.0269980711308544,0.0
utopic_connected_noncoercive,449,0.5954800102837483,0.3275140056560616,0.04149571362511432,0.92,0.08214045323812638,0.2380810175711498,0.384046122683174,0.02716433500801027,0.0
utopic_connected_noncoercive,450,0.598687660112452,0.3292782130618486,0.04186157830629415,0.92,0.08232808435062398,0.23741631440879657,0.384883968758598,0.027328225452405725,0.0
utopic_connected_noncoercive,451,0.6018868796800566,0.33103778382403115,0.042229398066098635,0.92,0.08251702891705973,0.23674593554986656,0.3857257911846771,0.027489856527912346,0.0
utopic_connected_noncoercive,452,0.6050774189417375,0.3327925804179557,0.04259916759989636,0.92,0.08270493483122489,0.23608607300102627,0.3865715526156277,0.027649071308967436,0.0
utopic_connected_noncoercive,453,0.6082590307465144,0.334542466910583,0.04297088145201923,0.92,0.08289351572839665,0.23542174454959933,0.3874212213318702,0.02780594089369821,0.0
utopic_connected_noncoercive,454,0.6114314709070727,0.33628730899889003,0.04334453401757355,0.92,0.08308338979186099,0.23475178825615134,0.38827476571165875,0.02796057745471067,0.0
utopic_connected_noncoercive,455,0.6145944982675495,0.33802697404715226,0.043720119544292606,0.92,0.08327455862149837,0.23407617709339104,0.3891321537853152,0.028113089329010157,0.0
utopic_connected_noncoercive,456,0.617747874769249,0.339761331123087,0.04409763213442937,0.92,0.0834670237836269,0.23339488414764262,0.389993353244158,0.028263581154234173,0.0
utopic_connected_noncoercive,457,0.6208913655142569,0.34149025103284136,0.04447706574668808,0.92,0.08366078681185996,0.23270788262015607,0.39085833144951243,0.028412154000005213,0.0
utopic_connected_noncoercive,458,0.6240247388269247,0.3432136063548086,0.044858414198193426,0.92,0.08385584920797562,0.23201712760504592,0.39172705464908353,0.028558889042498932,0.0
utopic_connected_noncoercive,459,0.6271477663131956,0.3449312714722576,0.04524167116649593,0.92,0.08404936719463908,0.2313361798413773,0.3925994833451543,0.028703599432397846,0.0
utopic_connected_noncoercive,460,0.6302602229177513,0.34664312260476327,0.04562683019161234,0.92,0.08424407704352739,0.23064957203190195,0.3934755839237496,0.028846380693373697,0.0
utopic_connected_noncoercive,461,0.6333618869789539,0.3483490378384247,0.04601388467809948,0.92,0.08444006550880243,0.22995727827141824,0.3943553224776833,0.0289873296522874,0.0
utopic_connected_noncoercive,462,0.6364525402815664,0.35004889715486154,0.04640282789716044,0.92,0.08463733385316587,0.22925927277283809,0.39523866481588166,0.029126539797896724,0.0
utopic_connected_noncoercive,463,0.6395319681072323,0.3517425824589778,0.04679365298878152,0.92,0.08483588331212043,0.2285555298681293,0.3961255764727538,0.029264101400625474,0.0
utopic_connected_noncoercive,464,0.6425999592827029,0.3534299776054866,0.047186352963898726,0.92,0.08503571509489759,0.2278460240091913,0.39701602271760106,0.029400101627999355,0.0
utopic_connected_noncoercive,465,0.6456563062257954,0.3551109684241875,0.04758092070659227,0.92,0.08523683038539313,0.22713072976866536,0.39790996856406186,0.029534624655905655,0.0
utopic_connected_noncoercive,466,0.6487008049890769,0.3567854427439923,0.047977348976307815,0.92,0.08543923034311017,0.22640962184067745,0.39880737877958594,0.02966775177582818,0.0
utopic_connected_noncoercive,467,0.6517332553012614,0.3584532904156938,0.04837563041010303,0.92,0.08564291610410872,0.2256826750415156,0.3997082178949311,0.029799561498203345,0.0
utopic_connected_noncoercive,468,0.6547534606063192,0.3601144033334756,0.048775757524918,0.92,0.08584788878196176,0.22494986431023942,0.4006124502136794,0.02993012965203804,0.0
utopic_connected_noncoercive,469,0.6577612281002925,0.3617686754551609,0.04917772271986818,0.92,0.08605414946871676,0.22421116470922414,0.4015200398217657,0.030091641117968075,0.0
utopic_connected_noncoercive,470,0.6607563687658172,0.3634160028211995,0.049581518278558404,0.92,0.08626169923586256,0.22346655142463698,0.40243095059701317,0.030251098639055153,0.0
utopic_connected_noncoercive,471,0.6637386974043528,0.36505628357239406,0.04998713637141662,0.92,0.08647053913530078,0.22271599976684753,0.40334514621867196,0.030408604694599457,0.0
utopic_connected_noncoercive,472,0.6667080326661231,0.3666894179663677,0.050394569058045915,0.92,0.08667754844855646,0.22198287715932377,0.4042625808201587,0.030563913242710634,0.0
utopic_connected_noncoercive,473,0.669664197077775,0.3683153083927763,0.050803808289593445,0.92,0.08688468371449981,0.22124725125026404,0.4051832163343931,0.030717044835183716,0.0
utopic_connected_noncoercive,474,0.6726070170677604,0.36993385938726825,0.05121484591113486,0.92,0.08709307625839781,0.2205057990655969,0.40610701584631353,0.030868104182686328,0.0
utopic_connected_noncoercive,475,0.6755363229894543,0.3715449776441999,0.05162767366407286,0.92,0.08730272689418986,0.21975849695143174,0.4070339422804746,0.031017192379470072,0.0
utopic_connected_noncoercive,476,0.6784519491420181,0.37314857202810997,0.05204228318854853,0.92,0.08751363642125977,0.21900532137640508,0.40796395841051875,0.031164407032364488,0.0
utopic_connected_noncoercive,477,0.6813537337890256,0.37474455358396414,0.05245866602586405,0.92,0.08772580562541926,0.21824624893175337,0.40889702686862045,0.03134185279490548,0.0
utopic_connected_noncoercive,478,0.6842415191748623,0.3763328355461743,0.052876813620915356,0.92,0.08793838287676692,0.21748927404064083,0.4098331069478133,0.03151655932375024,0.0
utopic_connected_noncoercive,479,0.6871151515389214,0.3779133333464068,0.053296717324633584,0.92,0.08815027019195645,0.21673630697579482,0.4107721570506463,0.031688476530955606,0.0
utopic_connected_noncoercive,480,0.6899744811276125,0.3794859646201869,0.05371836839643379,0.92,0.08836339607166815,0.21597749456698162,0.4117141394053733,0.031857729933362396,0.0
utopic_connected_noncoercive,481,0.6928193622042029,0.38105064921231163,0.05414175800666969,0.92,0.08857776114742057,0.21521281422810132,0.41265901613626327,0.03202444071209842,0.0
utopic_connected_noncoercive,482,0.6956496530565213,0.3826073091810867,0.05456687723909312,0.92,0.08879336604214419,0.21444224349351804,0.4136067492728318,0.03218872586621886,0.0
utopic_connected_noncoercive,483,0.6984652160025387,0.38415586880139635,0.05499371709331689,0.92,0.08901021137115932,0.21366576001779813,0.4145573007590185,0.03235069836088112,0.0
utopic_connected_noncoercive,484,0.7012659173938623,0.3856962545666243,0.05542226848727981,0.92,0.08922829774315134,0.21288334157538857,0.41551063246230374,0.032510467270248734,0.0
utopic_connected_noncoercive,485,0.7040516276171624,0.38722839518943936,0.055852522259712524,0.92,0.08944762576114357,0.21209496606023498,0.4164667061827614,0.032668137915312194,0.0
utopic_connected_noncoercive,486,0.7068222210935676,0.3887522216014622,0.05628446917260304,0.92,0.08966819602346685,0.21130061148534107,0.41742548366204374,0.03282381199680782,0.0
utopic_connected_noncoercive,487,0.7095775762760542,0.39026766695182985,0.05671809991366063,0.92,0.08989000912472596,0.2105002559822691,0.4183869265922944,0.03297758772340906,0.0
utopic_connected_noncoercive,488,0.7123175756448651,0.3917746666046758,0.057153405098776935,0.92,0.09011306565676187,0.20969387780058252,0.4193509966249859,0.03312955993535881,0.0
utopic_connected_noncoercive,489,0.7150421057009898,0.3932731581355444,0.057590375274483095,0.92,0.09033736620960993,0.20888145530723173,0.4203176553796775,0.033279820223704876,0.0
utopic_connected_noncoercive,490,0.71775105695774,0.394763081326757,0.05802900092040172,0.92,0.09056291137245334,0.20806296698588278,0.4212868644526903,0.033428457045295186,0.0
utopic_connected_noncoercive,491,0.7204443239304575,0.3962443781617517,0.058469272451692554,0.92,0.09078749838288132,0.20725567780517265,0.4222585785111485,0.033575321894088676,0.0
utopic_connected_noncoercive,492,0.7231218051243898,0.39771699281841444,0.05891118022149079,0.92,0.09101280639654155,0.20644317999849832,0.42323275878326627,0.03372047299315976,0.0
utopic_connected_noncoercive,493,0.7257834030207717,0.39918087166142446,0.05935471452333682,0.92,0.09123933819078679,0.2056246689525807,0.4242093668136683,0.03389611406221629,0.0
utopic_connected_noncoercive,494,0.7284290240611523,0.40063596323363376,0.059799865593596416,0.92,0.09146709425613576,0.20480012390218977,0.42518836415763506,0.034069275051929374,0.0
utopic_connected_noncoercive,495,0.7310585786300049,0.4020822182465027,0.06024662361387031,0.92,0.09169607508697299,0.20396952419366796,0.426169712389314,0.034240070522496134,0.0
utopic_connected_noncoercive,496,0.7336719810356634,0.4035195895696149,0.0606949787133921,0.92,0.09192628118246313,0.20313284928398143,0.4271533731098283,0.034408611108909505,0.0
utopic_connected_noncoercive,497,0.7362691494896231,0.4049480322192927,0.06114492097141354,0.92,0.09215572723871472,0.202306171143033,0.42813930151832025,0.034574793401719234,0.0
utopic_connected_noncoercive,498,0.7388500060842489,0.4063675033463369,0.06159644041957613,0.92,0.09238570031034941,0.20147552036975444,0.42912745844847144,0.034738678568218974,0.0
utopic_connected_noncoercive,499,0.7414144767689355,0.4077779622229145,0.06204952704426826,0.92,0.09261687795497088,0.20063884759669,0.43011780559799995,0.034900373290194235,0.0
utopic_connected_noncoercive,500,0.7439624913247581,0.409179370228617,0.06250417078896672,0.92,0.09284926059732597,0.19979613298954607,0.4311103047230555,0.03509211517039021,0.0
utopic_connected_noncoercive,501,0.7464939833376621,0.4105716908357142,0.06296036155656196,0.92,0.09308284867142223,0.19894735681846384,0.4321049176457813,0.035280936476541666,0.0
utopic_connected_noncoercive,502,0.7490088901702329,0.4119548895936281,0.06341808921166599,0.92,0.09331764262139175,0.19809249945682691,0.43310160626175825,0.035466966572373144,0.0
utopic_connected_noncoercive,503,0.751507152932089,0.413328934112649,0.06387734358290226,0.92,0.09355156144413265,0.19724854263790764,0.43410032574682866,0.035650113249273765,0.0
utopic_connected_noncoercive,504,0.7539887164489482,0.4146937940469215,0.06433811446517662,0.92,0.0937861222364279,0.19639975174656563,0.4351010376638523,0.035830468485675435,0.0
utopic_connected_noncoercive,505,0.7564535292304043,0.4160494410767224,0.06480039162192854,0.92,0.09402186840574685,0.19554493343091006,0.4361037041414419,0.03600815556426914,0.0
utopic_connected_noncoercive,506,0.7589015434364682,0.41739584889005754,0.06526416478736194,0.92,0.09425880034458382,0.19468406872840158,0.43710828741031554,0.03621534152217729,0.0
utopic_connected_noncoercive,507,0.7613327148429104,0.4187329931636008,0.06572942366865483,0.92,0.09449691845974952,0.19381713877267195,0.4381147498101311,0.03641916780071759,0.0
utopic_connected_noncoercive,508,0.7637470028054563,0.420060851543001,0.06619615794814705,0.92,0.09473622317317448,0.19294501861160288,0.43912305343866714,0.03661977251967814,0.0
utopic_connected_noncoercive,509,0.7661443702228762,0.4213794036225819,0.06666435728550547,0.92,0.09497547709986448,0.1920750180067671,0.44013315758524807,0.03681718076779467,0.0
utopic_connected_noncoercive,510,0.7685247834990175,0.4226886309244597,0.06713401131986599,0.92,0.09521585044356118,0.19119895100319645,0.44114502494122565,0.037011527430536394,0.0
utopic_connected_noncoercive,511,0.7708882125038248,0.42398851687710365,0.06760510967195166,0.92,0.09545740094053533,0.19031679923163175,0.44215861833299763,0.03720294552335678,0.0
utopic_connected_noncoercive,512,0.7732346305333879,0.42527904679336337,0.0680776419461665,0.92,0.09570012903162016,0.18942854441147114,0.4431739007281989,0.037407579939884736,0.0
utopic_connected_noncoercive,513,0.7755640142690734,0.4265602078479904,0.06855159773266427,0.92,0.09594403517663284,0.18853416834920905,0.4441908352417592,0.037609077870520674,0.0
utopic_connected_noncoercive,514,0.7778763437357723,0.4278319890546748,0.06902696660939169,0.92,0.09618852328014652,0.18764052086565863,0.4452093823946581,0.037807502567996525,0.0
utopic_connected_noncoercive,515,0.7801716022593175,0.42909438124262467,0.06950373814410571,0.92,0.0964322266742037,0.18675214058440948,0.4462295010496516,0.03800282036686688,0.0
utopic_connected_noncoercive,516,0.7824497764231124,0.43034737703271186,0.06998190189636427,0.92,0.09667708834169572,0.18585769290875256,0.4472511547699116,0.03819516481952376,0.0
utopic_connected_noncoercive,517,0.7847108560240134,0.4315909708132074,0.07046144741949006,0.92,0.09692310872847947,0.1849571602221827,0.4482743072888929,0.0383846648907571,0.0
utopic_connected_noncoercive,518,0.7869548340275105,0.43282515871513083,0.07094236426250687,0.92,0.09717028830297743,0.18405052498695398,0.4492989225157217,0.038635618564368514,0.0
utopic_connected_noncoercive,519,0.789181706522253,0.43404993858723917,0.07142464197204824,0.92,0.09741862755685683,0.18313776974237567,0.45032496454045073,0.03888213560518843,0.0
utopic_connected_noncoercive,520,0.791391472673955,0.4352653099706753,0.07190827009423788,0.92,0.09766812700569809,0.18221887710308077,0.45135239763917934,0.03912439783215796,0.0
utopic_connected_noncoercive,521,0.7935841346787332,0.43647127407330333,0.07239323817654154,0.92,0.0979187871896516,0.18129382975726843,0.4523811862790381,0.039362580862891176,0.0
utopic_connected_noncoercive,522,0.7957596977159083,0.43766783374374957,0.07287953576959015,0.92,0.09817060867408324,0.18036261046492127,0.45341129512303924,0.039596854328152555,0.0
utopic_connected_noncoercive,523,0.79791816990032,0.4388549934451761,0.07336715242897368,0.92,0.09842359205020888,0.17942520205599857,0.45444268903479296,0.03982738207892494,0.0
utopic_connected_noncoercive,524,0.8000595622341912,0.4400327592288052,0.07385607771700568,0.92,0.0986777379357171,0.17848158742860615,0.45547533308308813,0.04005432238632355,0.0
utopic_connected_noncoercive,525,0.8021838885585817,0.44120113870721994,0.07434630120445815,0.92,0.09893270403399795,0.1775368807252738,0.4565091904938689,0.040277780160296206,0.0
utopic_connected_noncoercive,526,0.8042911655044743,0.4423601410274609,0.07483781247226644,0.92,0.09918668455676052,0.17659912581298204,0.45754422148685947,0.04049772220722147,0.0
utopic_connected_noncoercive,527,0.8063814124435268,0.4435097768439398,0.07533060111320415,0.92,0.09944180878603744,0.17565521813878743,0.4585803917457494,0.04071429725799375,0.0
utopic_connected_noncoercive,528,0.8084546514385326,0.444650058291193,0.0758246567335277,0.92,0.09969807735720047,0.17470514108699123,0.4596176671764734,0.04092764896302689,0.0
utopic_connected_noncoercive,529,0.8105109071936243,0.44578099895649337,0.07631996895459048,0.92,0.09995549093502269,0.17374887810087883,0.46065601391112604,0.04113791606846582,0.0
utopic_connected_noncoercive,530,0.8125502070042587,0.4469026138523423,0.07681652741442642,0.92,0.10021405021422879,0.17278641268080908,0.4616953983117441,0.041345232586296805,0.0
utopic_connected_noncoercive,531,0.8145725807070178,0.4480149193888598,0.07731432176930293,0.92,0.10046999946546613,0.1718509397984849,0.4627357736893931,0.041549351257655076,0.0
utopic_connected_noncoercive,532,0.8165780606292605,0.44911793334609335,0.07781334169524304,0.92,0.10072590186834522,0.17091282182842346,0.4637771054681893,0.04175033255154626,0.0
utopic_connected_noncoercive,533,0.8185666815386624,0.45021167484626434,0.07831357688951666,0.92,0.10098291086366716,0.16996865808171283,0.46481936066961665,0.04198032914679092,0.0
utopic_connected_noncoercive,534,0.8205384805926733,0.45129616432597036,0.07881501707210108,0.92,0.10124102708549904,0.1690184327241283,0.4658625065590813,0.04220654126037882,0.0
utopic_connected_noncoercive,535,0.8224934972879262,0.45237142350835946,0.07931765198711037,0.92,0.10150025120039219,0.16806212996968276,0.4669065106490459,0.04242912465383764,0.0
utopic_connected_noncoercive,536,0.8244317734096336,0.4534374753752985,0.07982147140419403,0.92,0.10176058390785608,0.16709973407870385,0.46795134070204125,0.04264822975178744,0.0
utopic_connected_noncoercive,537,0.826353352980995,0.45449434413954726,0.08032646511990464,0.92,0.10202202594082095,0.16613122935589902,0.46899696473355135,0.042864001827015843,0.0
utopic_connected_noncoercive,538,0.8282582822126531,0.45554205521695923,0.0808326229590346,0.92,0.10228457806608987,0.16515660014841047,0.4700433510147761,0.043076581179153826,0.0
utopic_connected_noncoercive,539,0.8301466094522226,0.4565806351987225,0.08133993477592207,0.92,0.10254824108477988,0.16417583084385992,0.47109046807527183,0.043286103307172814,0.0
utopic_connected_noncoercive,540,0.8320183851339245,0.45761011182365846,0.08184839045572613,0.92,0.10281301583275236,0.1631889058683848,0.47213828470546987,0.04349269907591638,0.0
utopic_connected_noncoercive,541,0.8338736617283494,0.45863051395059223,0.08235797991567123,0.92,0.10307802123041364,0.16220515165673358,0.473186766222289,0.04369639964476982,0.0
utopic_connected_noncoercive,542,0.8357124936923814,0.4596418715308098,0.08286869310626102,0.92,0.10334260933996763,0.16122424468173077,0.47423587833931347,0.043961278189539855,0.0
utopic_connected_noncoercive,543,0.8375349374193038,0.46064421558061713,0.08338052001246171,0.92,0.10360829156723908,0.1602372354698027,0.47528559061914166,0.044221582315618416,0.0
utopic_connected_noncoercive,544,0.8393410511891166,0.4616375781540142,0.08389345065485507,0.92,0.10387506880079218,0.1592441088036879,0.47633587289420737,0.04447749577557863,0.0
utopic_connected_noncoercive,545,0.8411308951190849,0.4626219923154967,0.08440747509076117,0.92,0.10414294196589517,0.15824484949541945,0.4773866952687139,0.044729196053968426,0.0
utopic_connected_noncoercive,546,0.8429045311145473,0.46359749211300105,0.08492258341533117,0.92,0.10441191202488397,0.15723944238435594,0.47843802812045616,0.045008862610603426,0.0
utopic_connected_noncoercive,547,0.8446620228200025,0.4645641125510014,0.08543876576261006,0.92,0.10468197997751566,0.15622787233520874,0.4794898421025329,0.0452837535551632,0.0
utopic_connected_noncoercive,548,0.8464034355704978,0.4655218895637738,0.08595601230656981,0.92,0.10495314686131274,0.15521012423606617,0.4805421081449479,0.04555406100234533,0.0
utopic_connected_noncoercive,549,0.8481288363433407,0.4664708599888374,0.08647431326211297,0.92,0.10522541375189709,0.1541861829964148,0.481594797456106,0.045819970533868076,0.0
utopic_connected_noncoercive,550,0.8498382937101527,0.46741106154058404,0.08699365888604695,0.92,0.10549878176331506,0.15315603354515966,0.4826478815242017,0.046113684854775995,0.0
utopic_connected_noncoercive,551,0.8515318777892855,0.4683425327841071,0.08751403947802928,0.92,0.10577273253660871,0.1521250124316947,0.48370132997786336,0.04640240193338157,0.0
utopic_connected_noncoercive,552,0.8532096601986177,0.46926531310923975,0.088035445381484,0.92,0.10604712265839598,0.15109159658965735,0.4847551133358076,0.04668627115153618,0.0
utopic_connected_noncoercive,553,0.8548717140087495,0.47017944270481227,0.08855786698448935,0.92,0.10632260743452893,0.15005197615512866,0.48580920392136795,0.046965487790628486,0.0
utopic_connected_noncoercive,554,0.8565181136966128,0.4710849625331371,0.08908129472063728,0.92,0.106599188091757,0.14900613622457856,0.48686357434222644,0.04727232064105764,0.0
utopic_connected_noncoercive,555,0.8581489350995123,0.4719819143047318,0.08960571906986475,0.92,0.10687686589671709,0.14795406190443827,0.48791819749129955,0.04757397419842003,0.0
utopic_connected_noncoercive,556,0.8597642553696124,0.47287034045328685,0.0901311305592573,0.92,0.10715258009059721,0.14692501662052637,0.4889730348362021,0.04787035483741918,0.0
utopic_connected_noncoercive,557,0.861364152928887,0.4737502841108879,0.09065751976382495,0.92,0.10742775492770622,0.145897254087521,0.4900280568493452,0.048161557811757225,0.0
utopic_connected_noncoercive,558,0.8629487074245404,0.4746217890834973,0.09118487730725106,0.92,0.10770399096036226,0.14486340534097292,0.4910832372387725,0.04844778764639833,0.0
utopic_connected_noncoercive,559,0.86451799968492,0.47548489982670605,0.09171319386261406,0.92,0.10798128944318774,0.14382345594531543,0.49213855000045986,0.04872924189684141,0.0
utopic_connected_noncoercive,560,0.8660721116759263,0.47633966142175954,0.09224246015308268,0.92,0.1082596516718388,0.14277979959496018,0.4931939684554859,0.049006097876767844,0.0
utopic_connected_noncoercive,561,0.8676111264579346,0.4771861195518641,0.09277266695258475,0.92,0.10853678697719181,0.1417459553468423,0.4942494608023359,0.049278350045919614,0.0
utopic_connected_noncoercive,562,0.8691351281432397,0.47802432047878185,0.09330380508645006,0.92,0.10881494285808291,0.14070606238392788,0.4953050018810114,0.04954618041667116,0.0
utopic_connected_noncoercive,563,0.8706442018540325,0.47885431101971787,0.09383586543202753,0.92,0.10909414668897455,0.13966010648569888,0.4963605668206651,0.04980976593084439,0.0
utopic_connected_noncoercive,564,0.8721384336809187,0.4796761385245053,0.09436883891927698,0.92,0.10937439984564301,0.13860807342726394,0.49741613103968474,0.05011733767932798,0.0
utopic_connected_noncoercive,565,0.8736179106419871,0.480489850853093,0.09490271653133597,0.92,0.10965570374584255,0.13754994897751266,0.4984716702456981,0.050419663024602455,0.0
utopic_connected_noncoercive,566,0.875082720642438,0.4812954963533409,0.0954374893050619,0.92,0.10993805984948013,0.1364857188972755,0.4995271604355003,0.05071694924434237,0.0
utopic_connected_noncoercive,567,0.8765329524347759,0.4820931238391268,0.09597314833154982,0.92,0.11022146965878275,0.13541536893749057,0.5005825778949051,0.05104141765965395,0.0
utopic_connected_noncoercive,568,0.8779686955795769,0.4828827825687673,0.09650968475662623,0.92,0.11050593471845863,0.13433888483737616,0.5016378991985229,0.05136035082400147,0.0
utopic_connected_noncoercive,569,0.8793900404068328,0.48366452222375805,0.09704708978131929,0.92,0.11079143559625537,0.13325903664761565,0.5026931000957355,0.05167395120634017,0.0
utopic_connected_noncoercive,570,0.8807970779778823,0.4844383928878353,0.09758535466230578,0.92,0.11107573159648222,0.1321885946235225,0.5037481515127257,0.05198224663706055,0.0
utopic_connected_noncoercive,571,0.8821899000479303,0.48520444502636173,0.09812447071233507,0.92,0.11136106804806643,0.13111206900067868,0.5048030308674645,0.05228544616163304,0.0
utopic_connected_noncoercive,572,0.8835685990291611,0.48596272946603863,0.09866442930063067,0.92,0.11164744658292464,0.13002944567120217,0.5058577158651627,0.0525837517159901,0.0
utopic_connected_noncoercive,573,0.8849332679544502,0.4867132973749476,0.0992052218532695,0.92,0.1119348688760908,0.12894071050761258,0.5069121844977039,0.052909433662174106,0.0
utopic_connected_noncoercive,574,0.8862840004416773,0.4874562002429226,0.09974683985353942,0.92,0.11222175862479253,0.12786123454416887,0.5079664088889403,0.0532295643299389,0.0
utopic_connected_noncoercive,575,0.8876208906586432,0.4881914898622538,0.10028927484227526,0.92,0.11250899078089617,0.12677865066712327,0.5090203664030677,0.05354431531164227,0.0
utopic_connected_noncoercive,576,0.8889440332885924,0.48891921830872587,0.10083251841817384,0.92,0.11279725229907128,0.1256900051895077,0.5100740358674339,0.0539181906036514,0.0
utopic_connected_noncoercive,577,0.8902535234963449,0.48963943792298975,0.10137656223808827,0.92,0.11308654494455775,0.12459528410701338,0.5111273963932066,0.054285321888236315,0.0
utopic_connected_noncoercive,578,0.8915494568950368,0.4903522012922703,0.1019213980173019,0.92,0.11337687052616668,0.12349447338824526,0.512180427374504,0.05464597002834232,0.0
utopic_connected_noncoercive,579,0.8928319295134719,0.49105756123240957,0.10246701752978236,0.92,0.11366823089636675,0.12238755897303419,0.5132331084874728,0.05500038703966946,0.0
utopic_connected_noncoercive,580,0.8941010377640822,0.4917555707702453,0.10301341260841597,0.92,0.11396062795136591,0.12127452677075876,0.5142854196893119,0.05534881639337845,0.0
utopic_connected_noncoercive,581,0.8953568784115021,0.4924462831263262,0.103560575145223,0.92,0.1142540636311881,0.1201553626586771,0.5153373412172447,0.055723635618220295,0.0
utopic_connected_noncoercive,582,0.8965995485417504,0.49312975169796275,0.10410849709155408,0.92,0.1145475976203083,0.11904038737428212,0.5163888494534845,0.0560919462182132,0.0
utopic_connected_noncoercive,583,0.8978291455320228,0.49380603004261253,0.1046571704582681,0.92,0.1148408654282168,0.11792731007689042,0.5174399219781134,0.05648596655920424,0.0
utopic_connected_noncoercive,584,0.8990457670210917,0.4944751718616005,0.1052065873158921,0.92,0.11513515839667922,0.11680814954264816,0.518490539842008,0.0568729960779724,0.0
utopic_connected_noncoercive,585,0.9002495108803148,0.49513723098417317,0.1057567397947634,0.92,0.11543047855987494,0.11568289172364574,0.5195406843715008,0.05725330550343508,0.0
utopic_connected_noncoercive,586,0.9014404751852454,0.49579226135188503,0.10630762008515438,0.92,0.11572581020548857,0.1145625192860597,0.5205903327684165,0.05762705465552942,0.0
utopic_connected_noncoercive,587,0.9026187581878471,0.4964403170033159,0.10685922043738028,0.92,0.11602095070234986,0.11344342209682846,0.521639463955914,0.057994407860399416,0.0
utopic_connected_noncoercive,588,0.9037844582893072,0.497081452059119,0.10741153316189041,0.92,0.11631710525598218,0.1123182758582656,0.5226880600595305,0.058420021720342656,0.0
utopic_connected_noncoercive,589,0.9049376740134477,0.4977157207073963,0.10796455062934307,0.92,0.11661427599592773,0.11118706657736248,0.5237361034749839,0.05883795426956026,0.0
utopic_connected_noncoercive,590,0.9060785039807289,0.4983431771894009,0.10851826527066463,0.92,0.11691111819730783,0.11006353795600562,0.5247835713636542,0.05924837141662525,0.0
utopic_connected_noncoercive,591,0.907207046882843,0.4989638757855637,0.10907266957709304,0.92,0.11720809508781438,0.10893857295181607,0.5258304448080308,0.059651500555749616,0.0
utopic_connected_noncoercive,592,0.9083234014578947,0.4995778708018421,0.1096277561002062,0.92,0.1175060753416783,0.10780759271923016,0.5268767069865896,0.06004762218725296,0.0
utopic_connected_noncoercive,593,0.9094276664661624,0.5001852165563894,0.11018351745193553,0.92,0.11780506118461684,0.1066707088160527,0.5279223412918952,0.060437006646148816,0.0
utopic_connected_noncoercive,594,0.9105199406664386,0.5007859673665412,0.11073994630456502,0.92,0.11810409262541376,0.10553683050005266,0.5289673278100558,0.060819827587230035,0.0
utopic_connected_noncoercive,595,0.9116003227929417,0.501380177536118,0.11129703539071625,0.92,0.11840398231590912,0.10439693961582514,0.5300116504983082,0.06126041688592238,0.0
utopic_connected_noncoercive,596,0.9126689115327974,0.5019679013430386,0.11185477750331962,0.92,0.11870487480658996,0.10325102216683188,0.5310552935734191,0.06169317836989503,0.0
utopic_connected_noncoercive,597,0.9137258055040833,0.5025491930272459,0.11241316549557212,0.92,0.11900569361742265,0.10211330465146645,0.5320982358138172,0.062166451891865156,0.0
utopic_connected_noncoercive,598,0.9147711032344304,0.5031241067789368,0.11297219228088205,0.92,0.11930418364567655,0.10099206104942926,0.5331404529520842,0.06263079353757868,0.0
utopic_connected_noncoercive,599,0.9158049031401786,0.5036926967270983,0.11353185083280105,0.92,0.11960364493356909,0.09986492644289363,0.5341819299364992,0.0631187279007987,0.0
utopic_connected_noncoercive,600,0.9168273035060777,0.5042550169283427,0.11409213418494366,0.92,0.11990407981730815,0.09873188706244962,0.535222651968143,0.06362956138384007,0.0
utopic_connected_noncoercive,601,0.9178384024655316,0.5048111213560424,0.11465303543089482,0.92,0.1202054906769072,0.0975929290834427,0.5362626044991486,0.06413071105209087,0.0
utopic_connected_noncoercive,602,0.9188382979813762,0.505361063889757,0.11521454772410566,0.92,0.120507879936167,0.09644803862463691,0.5373017732309283,0.06462254311275957,0.0
utopic_connected_noncoercive,603,0.9198270878271877,0.5059048983049532,0.11577666427777783,0.92,0.12081125006265592,0.09529720174688924,0.5383401441123808,0.06513746960620898,0.0
utopic_connected_noncoercive,604,0.9208048695691126,0.5064426782630119,0.11633937836473673,0.92,0.12111560356768841,0.09414040445183505,0.5393777033380804,0.06564289607277855,0.0
utopic_connected_noncoercive,605,0.9217717405482161,0.5069744573015189,0.11690268331729398,0.92,0.12142094300630231,0.09297763268058408,0.5404144373464457,0.06617138605903938,0.0
utopic_connected_noncoercive,606,0.9227277978633401,0.5075002888248371,0.11746657252709936,0.92,0.12172727097723487,0.09180887231242761,0.541450332817893,0.06669020527578579,0.0
utopic_connected_noncoercive,607,0.923673138354465,0.5080202260949558,0.11803103944498264,0.92,0.1220345394633657,0.0906371561428308,0.542485375454182,0.0671997051496145,0.0
utopic_connected_noncoercive,608,0.9246078585865675,0.5085343222226122,0.11859607758078554,0.92,0.1223406705108962,0.0894747514566905,0.5435195462855658,0.06773207961879775,0.0
utopic_connected_noncoercive,609,0.9255320548339719,0.5090426301586846,0.11916168050318408,0.92,0.12264777886075263,0.08830640301905093,0.5445528326893863,0.0682547980811758,0.0
utopic_connected_noncoercive,610,0.926445823065181,0.5095452026858496,0.11972784183950169,0.92,0.12295586720878511,0.08713209667389422,0.5455852222774481,0.06880042967717624,0.0
utopic_connected_noncoercive,611,0.9273492589281866,0.5100420924105027,0.12029455527551336,0.92,0.12326493829427124,0.08595181819848602,0.5466167028941006,0.06940059146387584,0.0
utopic_connected_noncoercive,612,0.9282424577362486,0.5105333517549367,0.12086181455524107,0.92,0.12357499489988132,0.08476555330216254,0.5476472626143085,0.0700217108663475,0.0
utopic_connected_noncoercive,613,0.9291255144541368,0.5110190329497752,0.12142961348074083,0.92,0.12388603985164308,0.08357328762512822,0.5486768897417131,0.0706311827380365,0.0
utopic_connected_noncoercive,614,0.9299985236848279,0.5114991880266554,0.12199794591188155,0.92,0.12419489242476284,0.08240722649767616,0.5497055599187799,0.07126129990344376,0.0
utopic_connected_noncoercive,615,0.9308615796566533,0.5119738688111594,0.12256680576611617,0.92,0.12450355342897054,0.08123980875218854,0.5507332600617562,0.07191156019092729,0.0
utopic_connected_noncoercive,616,0.9317147762108839,0.5124431269159863,0.12313618701824504,0.92,0.12481317290342141,0.08006652080355259,0.5517599791137192,0.07254938038540745,0.0
utopic_connected_noncoercive,617,0.9325582067897541,0.5129070137343648,0.12370608370017211,0.92,0.1251221497176471,0.07890359543685228,0.5527856997397865,0.0732554066508869,0.0
utopic_connected_noncoercive,618,0.9333919644249093,0.5133655804337002,0.124276489900654,0.92,0.12543151462001317,0.07773697640157606,0.5538104104560654,0.07394754459971908,0.0
utopic_connected_noncoercive,619,0.9342161417262748,0.5138188779494511,0.12484739976504228,0.92,0.12574182736639025,0.07656453109261463,0.554834100844928,0.07462631518005455,0.0
utopic_connected_noncoercive,620,0.935030830871336,0.5142669569792349,0.1254188074950192,0.92,0.1260512613922359,0.07540444056447118,0.5558567534255272,0.07535640326200323,0.0
utopic_connected_noncoercive,621,0.935836123594826,0.5147098679771543,0.12599070734832715,0.92,0.1263613006464291,0.07423876642055519,0.5568783581167831,0.07610426210643936,0.0
utopic_connected_noncoercive,622,0.9366321111788097,0.5151476611483454,0.12656309363849197,0.92,0.12667217290594726,0.0730708248106597,0.5578989037165717,0.07686961597150214,0.0
utopic_connected_noncoercive,623,0.9374188844431588,0.5155803864437374,0.12713596073454056,0.92,0.12698193105087158,0.07191197453269023,0.5589183746857976,0.07771614754494185,0.0
utopic_connected_noncoercive,624,0.9381965337364114,0.5160080935550263,0.12770930306071282,0.92,0.12729261330078484,0.07074739922800247,0.5599367616272247,0.07857754649268606,0.0
utopic_connected_noncoercive,625,0.938965148927008,0.5164308319098544,0.12828311509616822,0.92,0.12760422261490295,0.06957708479150229,0.5609540553484959,0.07945369447242749,0.0
utopic_connected_noncoercive,626,0.9397248193948963,0.516848650667193,0.12885739137468732,0.92,0.12791676199442392,0.06840101704178789,0.5619702468601325,0.08034425482191375,0.0
utopic_connected_noncoercive,627,0.9404756340234984,0.5172615987129242,0.12943212648436836,0.92,0.12823023448246787,0.06721918172015215,0.5629853273735353,0.08126515488051221,0.0
utopic_connected_noncoercive,628,0.9412176811920339,0.5176697246556187,0.13000731506731905,0.92,0.12854464316401779,0.0660315644895936,0.5639992882989855,0.0822639139282161,0.0
utopic_connected_noncoercive,629,0.9419510487681895,0.5180730768225043,0.13058295181934407,0.92,0.12885999116586108,0.0648381509338361,0.5650121212436495,0.08333871215372812,0.0
utopic_connected_noncoercive,630,0.9426758241011313,0.5184717032556222,0.1311590314896281,0.92,0.12917561517142828,0.0636485872641981,0.5660238141453028,0.08445526857145436,0.0
utopic_connected_noncoercive,631,0.9433920940148507,0.5188656517081679,0.13173554888041494,0.92,0.12948962204440442,0.06247119067165566,0.5670343518111366,0.08564468230413556,0.0
utopic_connected_noncoercive,632,0.9440999448018357,0.5192549696410097,0.13231249884668272,0.92,0.12980454906371178,0.06128808202317771,0.5680437264022317,0.08693722049249698,0.0
utopic_connected_noncoercive,633,0.9447994622170657,0.5196397042193862,0.13288987629581536,0.92,0.13011874659752992,0.060116068115883534,0.569051923540106,0.08834634315901842,0.0
utopic_connected_noncoercive,634,0.9454907314723157,0.5200199023097737,0.13346767618727068,0.92,0.1304333621568732,0.0589399820285072,0.5700589351102805,0.08985308297840539,0.0
utopic_connected_noncoercive,635,0.9461738372307704,0.5203956104769237,0.13404589353224503,0.92,0.1307488882936379,0.057758225712022805,0.5710647538182271,0.09147124927150228,0.0
utopic_connected_noncoercive,636,0.9468488636019362,0.520766874981065,0.1346245233933351,0.92,0.13106532823933292,0.05657078475404903,0.5720693725523963,0.09327840074998248,0.0
utopic_connected_noncoercive,637,0.9475158941368469,0.5211337417752658,0.13520356088419652,0.92,0.1313823670391423,0.055383017042798764,0.5730727822333019,0.09528595412057549,0.0
utopic_connected_noncoercive,638,0.9481750118235559,0.5214962565029558,0.1357830011691998,0.92,0.13169849892215574,0.0542026137927027,0.5740749708833542,0.0972475720448036,0.0
utopic_connected_noncoercive,639,0.9488262990829084,0.5218544644955997,0.1363628394630838,0.92,0.13201553537054395,0.05302033262096939,0.5750759304057167,0.09916492379216559,0.0
utopic_connected_noncoercive,640,0.9494698377645865,0.5222084107705226,0.1369430710306066,0.92,0.13232937228586125,0.05186551045259996,0.5760756411417466,0.10103930752144626,0.0
utopic_connected_noncoercive,641,0.950105709143423,0.5225581400288827,0.13752369118619426,0.92,0.13264390888611713,0.05070518463032269,0.5770740968170758,0.10287230072382017,0.0
utopic_connected_noncoercive,642,0.9507339939159732,0.5229036966537853,0.13810469529358735,0.92,0.1329593216590693,0.04953934093222884,0.5780712913285926,0.10466543492586919,0.0
utopic_connected_noncoercive,643,0.9513547721973448,0.5232451247085397,0.13868607876548572,0.92,0.13327561390056666,0.04836796505261589,0.5790672187425212,0.10642019014575091,0.0
utopic_connected_noncoercive,644,0.9519681235182715,0.5235824679350494,0.13926783706319132,0.92,0.13359105640809288,0.04720863630047689,0.5800618662550339,0.10813783825022888,0.0
utopic_connected_noncoercive,645,0.9525741268224334,0.5239157697523384,0.13984996569624947,0.92,0.13390696355927267,0.04604467990778662,0.5810552279089019,0.10981974425488959,0.0
utopic_connected_noncoercive,646,0.9531728604640098,0.5242450732552054,0.14043246022208858,0.92,0.13422193083415712,0.04489351047171723,0.5820472909397604,0.11146708315743697,0.0
utopic_connected_noncoercive,647,0.9537644022054652,0.5245704212130059,0.14101531624565858,0.92,0.13453742835405633,0.043737094420814804,0.5830380499702783,0.11308113934401524,0.0
utopic_connected_noncoercive,648,0.9543488292155562,0.5248918560685559,0.1415985294190681,0.92,0.13485378382723842,0.042575242621541255,0.5840274998530807,0.11466316816360271,0.0
utopic_connected_noncoercive,649,0.95492621806756,0.525209419937158,0.14218209544122049,0.92,0.1351704411300797,0.04141806119808215,0.5850156315505792,0.11621430989790899,0.0
utopic_connected_noncoercive,650,0.955496644737713,0.5255231546057422,0.1427660100574491,0.92,0.13548424581778892,0.04028227623041438,0.5860024294948906,0.11773545390589166,0.0
utopic_connected_noncoercive,651,0.9560601846038588,0.5258331015321224,0.14335026905915146,0.92,0.1357988804030666,0.0391411800335511,0.5869878889756587,0.11922774158124952,0.0
utopic_connected_noncoercive,652,0.9566169124442954,0.5261393018443625,0.14393486828342297,0.92,0.13611434824716095,0.03799475846810955,0.5879720054349379,0.1206922759672075,0.0
utopic_connected_noncoercive,653,0.9571669024368206,0.5264417963402513,0.14451980361268993,0.92,0.13643065274984567,0.03684299730920766,0.5889547744653738,0.12213012305830453,0.0
utopic_connected_noncoercive,654,0.9577102281579662,0.5267406254868815,0.14510507097434203,0.92,0.13674779734935305,0.03568588224575942,0.5899361918083978,0.1235423130581536,0.0
utopic_connected_noncoercive,655,0.958246962582418,0.52703582942033,0.14569066634036462,0.92,0.13706578552230933,0.03452339887977494,0.5909162533524329,0.12492984159465771,0.0
utopic_connected_noncoercive,656,0.958777178082617,0.5273274479454394,0.14627658572697066,0.92,0.13738256895597784,0.03337862417078116,0.5918949458945344,0.1262934733493158,0.0
utopic_connected_noncoercive,657,0.9593009464285336,0.5276155205356935,0.14686282519423255,0.92,0.13769796810788937,0.03224559284980445,0.5928722587778883,0.12763396818955214,0.0
utopic_connected_noncoercive,658,0.9598183387876129,0.5279000863331872,0.14744938084571388,0.92,0.1380110777177561,0.03113194521591928,0.5938481784420081,0.1289519852831109,0.0
utopic_connected_noncoercive,659,0.9603294257248856,0.5281811841486871,0.14803624882810132,0.92,0.13832378624152467,0.030025336285517484,0.5948226964225004,0.13024829877275146,0.0
utopic_connected_noncoercive,660,0.9608342772032357,0.5284588524617797,0.14862342533083664,0.92,0.13863599854629555,0.028924730896074842,0.5957958048133756,0.13152365734399982,0.0
utopic_connected_noncoercive,661,0.961332962583828,0.5287331294211055,0.14921090658574898,0.92,0.13894709682983558,0.02783282130472059,0.596767494773326,0.13277874553837432,0.0
utopic_connected_noncoercive,662,0.9618255506266821,0.5290040528446752,0.1497986888666875,0.92,0.13925895763520285,0.02673590239223242,0.5977377630855661,0.13401436836470035,0.0
utopic_connected_noncoercive,663,0.9623121094913941,0.5292716602202668,0.15038676848915447,0.92,0.13957058490442234,0.025645297993618,0.598706602131185,0.13523120735914765,0.0
utopic_connected_noncoercive,664,0.962792706737999,0.5295359887058995,0.1509751418099388,0.92,0.1398813674171428,0.02456364048715829,0.5996740033750577,0.1364298826554394,0.0
utopic_connected_noncoercive,665,0.9632674093279703,0.5297970751303837,0.15156380522675034,0.92,0.14019123636685582,0.023488834540031513,0.6006399592578016,0.13761100037675772,0.0
utopic_connected_noncoercive,666,0.9637362836253517,0.5300549559939435,0.15215275517785473,0.92,0.14050184315453532,0.022409130189337854,0.6016044670539022,0.1387752709239764,0.0
utopic_connected_noncoercive,667,0.9641993953980168,0.5303096674689093,0.15274198814170908,0.92,0.14081319117009355,0.021324513789829212,0.6025675241640581,0.13992338086941625,0.0
utopic_connected_noncoercive,668,0.9646568098190524,0.5305612454004789,0.1533315006365985,0.92,0.14112367524796723,0.020251617885620434,0.6035291214550418,0.14105584646746594,0.0
utopic_connected_noncoercive,669,0.9651085914682631,0.5308097253075448,0.15392128922027357,0.92,0.14143290518652807,0.019191137990455496,0.6044892496491189,0.14217314660277275,0.0
utopic_connected_noncoercive,670,0.9655548043337889,0.531055142383584,0.15451135048958867,0.92,0.1417393753801632,0.018158773003820856,0.6054478933217431,0.14327560496149308,0.0
utopic_connected_noncoercive,671,0.9659955118138362,0.5312975314976099,0.15510168108014158,0.92,0.14204364564041938,0.017144217163376923,0.6064050413171468,0.1443636064447932,0.0
utopic_connected_noncoercive,672,0.9664307767185175,0.5315369271951846,0.155692277665914,0.92,0.14234787887570707,0.01612855099542155,0.6073606901821361,0.1454377031133692,0.0
utopic_connected_noncoercive,673,0.9668606612717919,0.5317733636994856,0.15628313695891344,0.92,0.14265105639808703,0.015127280646821124,0.6083148303757406,0.14649831065163582,0.0
utopic_connected_noncoercive,674,0.9672852271135097,0.5320068749124304,0.15687425570881613,0.92,0.14295249071272945,0.014139684229430285,0.6092674527740345,0.1475458055087251,0.0
utopic_connected_noncoercive,675,0.9677045353015494,0.5322374944158522,0.15746563070261152,0.92,0.14325353436502047,0.013159243595009402,0.6102185509863678,0.1485806379107437,0.0
utopic_connected_noncoercive,676,0.9681186463140522,0.5324652554727287,0.1580572587642479,0.92,0.1435518241274439,0.012202518003136513,0.6111681121164692,0.14960306479314722,0.0
utopic_connected_noncoercive,677,0.968527620051742,0.5326901910284582,0.15864913675427952,0.92,0.14384963172562665,0.011248270818273084,0.6121161318954963,0.1506135299558425,0.0
utopic_connected_noncoercive,678,0.9689315158403325,0.5329123337121829,0.1592412615695153,0.92,0.14414662081512283,0.010307398954479427,0.6130626018062677,0.15161239497077728,0.0
utopic_connected_noncoercive,679,0.9693303924330198,0.5331317158381609,0.1598336301426688,0.92,0.14444127633858642,0.00938505923975476,0.6140075113884809,0.15259992121788557,0.0
utopic_connected_noncoercive,680,0.9697243080130495,0.5333483694071773,0.1604262394420101,0.92,0.14473353338966438,0.008484399805244026,0.6149508490457555,0.15357634249488297,0.0
utopic_connected_noncoercive,681,0.9701133201963639,0.5335623261080001,0.16101908647101898,0.92,0.1450234293689192,0.007610315785930666,0.6158926013484337,0.15454186128093972,0.0
utopic_connected_noncoercive,682,0.9704974860343196,0.5337736173188758,0.16161216826803995,0.92,0.14530866526455352,0.006772077079798546,0.616832751287007,0.15549653272174152,0.0
utopic_connected_noncoercive,683,0.9708768620164783,0.5339822741090631,0.16220548190593892,0.92,0.14559117043362044,0.005958019426459108,0.6177712866534159,0.15644054435135982,0.0
utopic_connected_noncoercive,684,0.97125150407346,0.534188327240403,0.1627990244917616,0.92,0.14587281946722985,0.0051519080684238275,0.6187082018563269,0.1573742321298042,0.0
utopic_connected_noncoercive,685,0.9716214675798642,0.5343918071689253,0.16339279316639374,0.92,0.14615147184964922,0.004373038529671057,0.6196434836916213,0.15829773827533658,0.0
utopic_connected_noncoercive,686,0.9719868073572502,0.5345927440464876,0.16398678510422318,0.92,0.14642563357070376,0.0036397872067820023,0.62057711172761,0.15921104835795571,0.0
utopic_connected_noncoercive,687,0.9723475776771769,0.5347911677224474,0.16458099751280367,0.92,0.1466925500350549,0.00296532090295668,0.6215090604055348,0.16011396963249808,0.0
utopic_connected_noncoercive,688,0.9727038322642967,0.5349871077453632,0.16517542763252074,0.92,0.1469563125628269,0.0023180050680638676,0.6224393169716468,0.1610066349691633,0.0
utopic_connected_noncoercive,689,0.9730556242995041,0.5351805933647273,0.16577007273625932,0.92,0.1472138034059629,0.0017264312149520228,0.6233678573542185,0.16188890450080257,0.0
utopic_connected_noncoercive,690,0.973403006423134,0.5353716535327238,0.16636493012907347,0.92,0.14746404510620578,0.0012032084114976637,0.6242946525833014,0.16276053930624668,0.0
utopic_connected_noncoercive,691,0.9737460307382076,0.5355603169060142,0.16695999714785792,0.92,0.1477041922227713,0.0007682195058501313,0.625219665892243,0.16362109223827373,0.0
utopic_connected_noncoercive,692,0.9740847488137233,0.5357466118475479,0.16755527116102187,0.92,0.14793481545098347,0.00041092069810470176,0.6261428649065462,0.16447020252863453,0.0
utopic_connected_noncoercive,693,0.9744192116879924,0.5359305664283959,0.16815074956816453,0.92,0.14815489768598222,0.00014765245235233158,0.6270642108783636,0.16530739682776155,0.0
utopic_connected_noncoercive,694,0.9747494698720133,0.5361122084296074,0.168746429799753,0.92,0.1483614820827729,5.9346906397952154e-06,0.627983654229447,0.16613195881287213,0.0
utopic_connected_noncoercive,695,0.975075573352886,0.5362915653440873,0.16934230931680197,0.92,0.14855092352258414,0.0,0.6289011398918393,0.16694297284579424,0.0
utopic_connected_noncoercive,696,0.9753975715972605,0.5364686643784933,0.16993838561055585,0.92,0.148738149735263,0.0,0.629816664952896,0.16774079279455395,0.0
utopic_connected_noncoercive,697,0.9757155135548219,0.5366435324551521,0.1705346562021727,0.92,0.1489249750331873,0.0,0.6307302289602116,0.1685258626025275,0.0
utopic_connected_noncoercive,698,0.9760294476618047,0.5368161962139926,0.17113111864241048,0.92,0.14911139933796064,0.0,0.6316418315406258,0.16929861054570436,0.0
utopic_connected_noncoercive,699,0.9763394218445388,0.5369866820144964,0.1717277705113155,0.92,0.14929742258716797,0.0,0.632551472398987,0.17005944977818285,0.0
utopic_connected_noncoercive,700,0.9766454835230229,0.5371550159376627,0.1723246094179129,0.92,0.14948304473412513,0.0,0.6334591513169289,0.170808778858891,0.0
utopic_connected_noncoercive,701,0.976947679614523,0.5373212237879877,0.17292163299989954,0.92,0.14966826574763176,0.0,0.6343648681516644,0.17154698226017115,0.0
utopic_connected_noncoercive,702,0.9772460565371959,0.5374853310954578,0.17351883892333894,0.92,0.1498530856117265,0.0,0.63526862283479,0.17227443085884925,0.0
utopic_connected_noncoercive,703,0.9775406602137344,0.537647363117554,0.17411622488235845,0.92,0.15003750432544577,0.0,0.6361704153711065,0.17299148241038567,0.0
utopic_connected_noncoercive,704,0.9778315360750321,0.5378073448412677,0.17471378859884876,0.92,0.1502215219025847,0.0,0.6370702458374535,0.1736984820066854,0.0
utopic_connected_noncoercive,705,0.9781187290638694,0.5379653009851282,0.17531152782216555,0.92,0.15040513837146138,0.0,0.6379681143815568,0.17439576251812558,0.0
utopic_connected_noncoercive,706,0.9784022836386127,0.5381212560012371,0.1759094403288336,0.92,0.15058835377468394,0.0,0.6388640212208901,0.17508364502034005,0.0
utopic_connected_noncoercive,707,0.9786822437769324,0.5382752340773128,0.17650752392225283,0.92,0.15077116816891994,0.0,0.6397579666415514,0.17576243920628135,0.0
utopic_connected_noncoercive,708,0.9789586529795317,0.5384272591387425,0.177105776432407,0.92,0.15095358162466913,0.0,0.6406499509971506,0.17643244378406303,0.0
utopic_connected_noncoercive,709,0.9792315542738907,0.53857735485064,0.17770419571557436,0.92,0.1511355942260386,0.0,0.6415399747077127,0.17709394686106925,0.0
utopic_connected_noncoercive,710,0.9795009902180184,0.5387255446199102,0.17830277965404093,0.92,0.15131720607052088,0.0,0.6424280382585942,0.1777472263148009,0.0
utopic_connected_noncoercive,711,0.9797670029042146,0.5388718515973181,0.17890152615581573,0.92,0.1514984172687745,0.0,0.6433141421994114,0.1783925501509116,0.0
utopic_connected_noncoercive,712,0.9800296339628415,0.5390162986795629,0.17950043315434858,0.92,0.1516792279444077,0.0,0.6441982871429832,0.17903017684887237,0.0
utopic_connected_noncoercive,713,0.9802889245660991,0.5391589085113545,0.18009949860825009,0.92,0.15185963823376405,0.0,0.6450804737642872,0.17966035569568803,0.0
utopic_connected_noncoercive,714,0.9805449154318069,0.5392997034874938,0.18069872050101396,0.92,0.152039648285712,0.0,0.6459607027994269,0.18028332710807485,0.0
utopic_connected_noncoercive,715,0.9807976468271907,0.5394387057549549,0.1812980968407417,0.92,0.15221925826143554,0.0,0.6468389750446142,0.18089932294349373,0.0
utopic_connected_noncoercive,716,0.9810471585726694,0.5395759372149682,0.18189762565986944,0.92,0.15239846833422854,0.0,0.6477152913551635,0.18150856680042154,0.0
utopic_connected_noncoercive,717,0.9812934900456455,0.539711419525105,0.18249730501489733,0.92,0.15257727868929155,0.0,0.6485896526444985,0.1821112743082289,0.0
utopic_connected_noncoercive,718,0.9815366801842939,0.5398451741013617,0.18309713298612107,0.92,0.15275568952353055,0.0,0.6494620598831709,0.18270765340702025,0.0
utopic_connected_noncoercive,719,0.9817767674913527,0.539977222120244,0.18369710767736577,0.92,0.15293370104535928,0.0,0.6503325140978937,0.18329790461778137,0.0
utopic_connected_noncoercive,720,0.9820137900379085,0.5401075845208497,0.18429722721572228,0.92,0.15311131347450305,0.0,0.6512010163705846,0.18388222130316542,0.0
utopic_connected_noncoercive,721,0.9822477854671807,0.5402362820069494,0.18489748975128556,0.92,0.15328852704180576,0.0,0.6520675678374229,0.18446078991923961,0.0
utopic_connected_noncoercive,722,0.9824787909983025,0.5403633350490664,0.18549789345689563,0.92,0.15346534198903927,0.0,0.6529321696879186,0.18503379025850222,0.0
utopic_connected_noncoercive,723,0.9827068434300946,0.5404887638865521,0.1860984365278807,0.92,0.15364175856871484,0.0,0.6537948231639922,0.18560139568446954,0.0
utopic_connected_noncoercive,724,0.9829319791448345,0.540612588529659,0.18669911718180254,0.92,0.1538177770438977,0.0,0.6546555295590682,0.18616377335812223,0.0
utopic_connected_noncoercive,725,0.9831542341120191,0.5407348287616105,0.18729993365820433,0.92,0.1539933976880234,0.0,0.6555142902171802,0.186721084456491,0.0
utopic_connected_noncoercive,726,0.9833736438921183,0.5408555041406651,0.18790088421836063,0.92,0.154168620784717,0.0,0.6563711065320862,0.18727348438365043,0.0
utopic_connected_noncoercive,727,0.9835902436403213,0.5409746340021768,0.1885019671450297,0.92,0.15434344662761432,0.0,0.6572259799463963,0.18782112297438394,0.0
utopic_connected_noncoercive,728,0.9838040681102727,0.54109223746065,0.1891031807422082,0.92,0.15451787552018578,0.0,0.6580789119507134,0.18836414469076923,0.0
utopic_connected_noncoercive,729,0.9840151516577974,0.5412083334117886,0.18970452333488796,0.92,0.15469190777556252,0.0,0.6589299040827831,0.18890268881192984,0.0
utopic_connected_noncoercive,730,0.9842235282446181,0.54132294053454,0.19030599326881523,0.92,0.15486554371636477,0.0,0.6597789579266555,0.1894368896171864,0.0
utopic_connected_noncoercive,731,0.9844292314420563,0.541436077293131,0.19090758891025203,0.92,0.15503878367453233,0.0,0.6606260751118591,0.18996687656283545,0.0
utopic_connected_noncoercive,732,0.9846322944347244,0.5415477619390985,0.19150930864573992,0.92,0.1552116279911578,0.0,0.6614712573125853,0.19049277445277443,0.0
utopic_connected_noncoercive,733,0.9848327500242031,0.5416580125133118,0.19211115088186584,0.92,0.1553840770163217,0.0,0.6623145062468824,0.1910147036031859,0.0
utopic_connected_noncoercive,734,0.9850306306327055,0.541766846847988,0.19271311404503028,0.92,0.15555613110892952,0.0,0.6631558236758632,0.1915327800014836,0.0
utopic_connected_noncoercive,735,0.9852259683067269,0.5418742825686998,0.1933151965812177,0.92,0.15572779063655198,0.0,0.6639952114029208,0.1920471154597204,0.0
utopic_connected_noncoercive,736,0.9854187947206795,0.5419803370963737,0.19391739695576923,0.92,0.15589905597526618,0.0,0.6648326712729564,0.19255781776264652,0.0
utopic_connected_noncoercive,737,0.9856091411805111,0.5420850276492811,0.19451971365315732,0.92,0.15606992750949983,0.0,0.6656682051716172,0.19306499081060483,0.0
utopic_connected_noncoercive,738,0.9857970386273088,0.54218837124502,0.1951221451767629,0.92,0.15624040563187722,0.0,0.6665018150245446,0.19356873475743896,0.0
utopic_connected_noncoercive,739,0.9859825176408853,0.5422903847024869,0.19572469004865456,0.92,0.1564104907430675,0.0,0.6673335027966335,0.19406914614358803,0.0
utopic_connected_noncoercive,740,0.9861656084433474,0.5423910846438411,0.19632734680936995,0.92,0.15658018325163475,0.0,0.6681632704913,0.19456631802453292,0.0
utopic_connected_noncoercive,741,0.986346340902649,0.542490487496457,0.19693011401769933,0.92,0.1567494835738903,0.0,0.6689911201497613,0.1950603400947553,0.0
utopic_connected_noncoercive,742,0.9865247445361236,0.542588609494868,0.1975329902504714,0.92,0.1569183921337472,0.0,0.6698170538503238,0.19555129880736363,0.0
utopic_connected_noncoercive,743,0.9867008485139998,0.5426854666826999,0.19813597410234107,0.92,0.15708690936257658,0.0,0.6706410737076824,0.19603927748953615,0.0
utopic_connected_noncoercive,744,0.9868746816628972,0.5427810749145935,0.19873906418557952,0.92,0.15725503569906576,0.0,0.6714631818722288,0.19652435645392594,0.0
utopic_connected_noncoercive,745,0.9870462724693041,0.5428754498581173,0.1993422591298663,0.92,0.15742277158907894,0.0,0.6722833805293691,0.19700661310616585,0.0
utopic_connected_noncoercive,746,0.9872156490830337,0.5429686069956686,0.1999455575820837,0.92,0.1575901174855192,0.0,0.6731016718988521,0.19748612204861066,0.0
utopic_connected_noncoercive,747,0.9873828393206613,0.5430605616263637,0.20054895820611301,0.92,0.15775707384819293,0.0,0.673918058234106,0.19796295518044388,0.0
utopic_connected_noncoercive,748,0.9875478706689413,0.5431513288679177,0.20115245968263293,0.92,0.15792364114367569,0.0,0.6747325418215848,0.19843718179427736,0.0
utopic_connected_noncoercive,749,0.9877107702882032,0.5432409236585118,0.20175606070892016,0.92,0.1580898198451805,0.0,0.6755451249801242,0.19890886866936328,0.0
utopic_connected_noncoercive,750,0.9878715650157257,0.5433293607586491,0.202359759998652,0.92,0.15825561043242753,0.0,0.6763558100603059,0.19937808016153719,0.0
utopic_connected_noncoercive,751,0.9880302813690913,0.5434166547530003,0.2029635562817109,0.92,0.15842101339151593,0.0,0.6771645994438311,0.19984487829000375,0.0
utopic_connected_noncoercive,752,0.9881869455495174,0.5435028200522346,0.20356744830399115,0.92,0.15858602921479725,0.0,0.677971495542904,0.20030932282107639,0.0
utopic_connected_noncoercive,753,0.988341583445167,0.5435878708948418,0.20417143482720765,0.92,0.15875065840075092,0.0,0.6787765007996225,0.2007714713489749,0.0
utopic_connected_noncoercive,754,0.9884942206344361,0.5436718213489399,0.20477551462870647,0.92,0.15891490145386122,0.0,0.6795796176853784,0.20123137937378385,0.0
utopic_connected_noncoercive,755,0.9886448823892203,0.5437546853140712,0.20537968650127766,0.92,0.1590787588844964,0.0,0.6803808487002666,0.2016891003766696,0.0
utopic_connected_noncoercive,756,0.9887935936781571,0.5438364765229865,0.20598394925296987,0.92,0.15924223120878903,0.0,0.6811801963725013,0.2021446858924519,0.0
utopic_connected_noncoercive,757,0.9889403791698465,0.5439172085434156,0.206588301706907,0.92,0.15940531894851845,0.0,0.6819776632578424,0.20259818557962117,0.0
utopic_connected_noncoercive,758,0.9890852632360487,0.5439968947798268,0.20719274270110682,0.92,0.15956802263099507,0.0,0.6827732519390296,0.20304964728789018,0.0
utopic_connected_noncoercive,759,0.9892282699548585,0.5440755484751721,0.20779727108830146,0.92,0.15973034278894552,0.0,0.6835669650252238,0.2034991171233664,0.0
utopic_connected_noncoercive,760,0.9893694231138561,0.5441531827126209,0.20840188573575993,0.92,0.1598922799604006,0.0,0.6843588051514577,0.20394663951142675,0.0
utopic_connected_noncoercive,761,0.9895087462132354,0.5442298104172795,0.20900658552511248,0.92,0.16005383468858403,0.0,0.6851487749780938,0.2043922572573753,0.0
utopic_connected_noncoercive,762,0.9896462624689083,0.5443054443578996,0.2096113693521768,0.92,0.160215007521803,0.0,0.6859368771902905,0.204836011604961,0.0
utopic_connected_noncoercive,763,0.9897819948155844,0.5443800971485715,0.21021623612678633,0.92,0.16037579901334065,0.0,0.6867231144974757,0.20527794229282936,0.0
utopic_connected_noncoercive,764,0.989915965909829,0.544453781250406,0.21082118477262013,0.92,0.16053620972134966,0.0,0.6875074896328297,0.20571808760898028,0.0
utopic_connected_noncoercive,765,0.9900481981330957,0.5445265089732026,0.2114262142270348,0.92,0.16069624020874781,0.0,0.6882900053527726,0.20615648444330176,0.0
utopic_connected_noncoercive,766,0.9901787135947351,0.5445982924771043,0.21203132344089826,0.92,0.16085589104311465,0.0,0.6890706644364623,0.2065931683382458,0.0
utopic_connected_noncoercive,767,0.9903075341349804,0.5446691437742393,0.21263651137842518,0.92,0.16101516279659014,0.0,0.689849469685298,0.20702817353771177,0.0
utopic_connected_noncoercive,768,0.9904346813279084,0.5447390747303497,0.21324177701701447,0.92,0.16117405604577462,0.0,0.6906264239224326,0.20746153303419954,0.0
utopic_connected_noncoercive,769,0.990560176484376,0.5448080970664069,0.21384711934708825,0.92,0.16133257137162996,0.0,0.6914015299922898,0.2078932786142926,0.0
utopic_connected_noncoercive,770,0.9906840406549333,0.5448762223602134,0.21445253737193293,0.92,0.16149070935938267,0.0,0.6921747907600923,0.2083234409025296,0.0
utopic_connected_noncoercive,771,0.990806294632712,0.5449434620479916,0.21505803010754182,0.92,0.1616484705984282,0.0,0.6929462091113923,0.2087520494037202,0.0
utopic_connected_noncoercive,772,0.990926958956289,0.545009827425959,0.21566359658245957,0.92,0.1618058556822367,0.0,0.6937157879516133,0.20917913254376,0.0
utopic_connected_noncoercive,773,0.9910460539125278,0.5450753296518903,0.21626923583762833,0.92,0.16196286520826003,0.0,0.6944835302055961,0.20960471770899677,0.0
utopic_connected_noncoercive,774,0.9911635995393923,0.5451399797466658,0.21687494692623574,0.92,0.16211949977784051,0.0,0.6952494388171524,0.21002883128419825,0.0
utopic_connected_noncoercive,775,0.99127961562874,0.5452037885958071,0.2174807289135644,0.92,0.16227575999612087,0.0,0.6960135167486257,0.21045149868917096,0.0
utopic_connected_noncoercive,776,0.9913941217290878,0.5452667669509983,0.2180865808768433,0.92,0.1624316464719552,0.0,0.6967757669804572,0.21087274441407686,0.0
utopic_connected_noncoercive,777,0.9915071371483557,0.5453289254315957,0.21869250190510062,0.92,0.16258715981782212,0.0,0.6975361925107606,0.21129259205349335,0.0
utopic_connected_noncoercive,778,0.9916186809565847,0.5453902745261217,0.21929849109901853,0.92,0.16274230064973835,0.0,0.6982947963549009,0.21171106433926076,0.0
utopic_connected_noncoercive,779,0.991728771988632,0.5454508245937476,0.21990454757078937,0.92,0.1628970695871739,0.0,0.6990515815450813,0.2121281831721597,0.0
utopic_connected_noncoercive,780,0.9918374288468401,0.5455105858657621,0.22051067044397354,0.92,0.16305146725296896,0.0,0.6998065511299357,0.2125439696524593,0.0
utopic_connected_noncoercive,781,0.991944669903684,0.5455695684470262,0.22111685885335913,0.92,0.1632054942732514,0.0,0.7005597081741276,0.21295844410937573,0.0
utopic_connected_noncoercive,782,0.992050513304392,0.5456277823174156,0.22172311194482291,0.92,0.16335915127735604,0.0,0.7013110557579545,0.21337162612947952,0.0
utopic_connected_noncoercive,783,0.9921549769695442,0.5456852373332494,0.2223294288751932,0.92,0.1635124388977448,0.0,0.7020605969769598,0.21378353458408797,0.0
utopic_connected_noncoercive,784,0.9922580785976467,0.5457419432287057,0.22293580881211397,0.92,0.16366535776992827,0.0,0.7028083349415485,0.21419418765567919,0.0
utopic_connected_noncoercive,785,0.9923598356676799,0.545797909617224,0.2235422509339109,0.92,0.1638179085323886,0.0,0.7035542727766116,0.2146036028633609,0.0
utopic_connected_noncoercive,786,0.9924602654416266,0.5458531459928947,0.22414875442945856,0.92,0.16397009182650313,0.0,0.704298413621153,0.21501179708742835,0.0
utopic_connected_noncoercive,787,0.9925593849669722,0.5459076617318347,0.22475531849804947,0.92,0.1641219082964697,0.0,0.7050407606279249,0.21541878659304256,0.0
utopic_connected_noncoercive,788,0.9926572110791847,0.5459614660935517,0.22536194234926454,0.92,0.1642733585892328,0.0,0.705781316963068,0.21582458705306007,0.0
utopic_connected_noncoercive,789,0.9927537604041685,0.5460145682222928,0.22596862520284486,0.92,0.1644244433544111,0.0,0.7065200858057561,0.21622921357004404,0.0
utopic_connected_noncoercive,790,0.9928490493606965,0.5460669771483831,0.22657536628856528,0.92,0.1645751632442257,0.0,0.7072570703478478,0.2166326806974857,0.0
utopic_connected_noncoercive,791,0.9929430941628168,0.5461187017895492,0.22718216484610923,0.92,0.16472551891342999,0.0,0.7079922737935433,0.21703500246026333,0.0
utopic_connected_noncoercive,792,0.9930359108222379,0.5461697509522309,0.22778902012494504,0.92,0.16487551101924036,0.0,0.7087256993590452,0.21743619237436626,0.0
utopic_connected_noncoercive,793,0.9931275151506898,0.5462201333328794,0.22839593138420378,0.92,0.16502514022126785,0.0,0.7094573502722268,0.21783626346590956,0.0
utopic_connected_noncoercive,794,0.9932179227622612,0.5462698575192437,0.22900289789255848,0.92,0.16517440718145118,0.0,0.710187229772304,0.21823522828946418,0.0
utopic_connected_noncoercive,795,0.9933071490757153,0.5463189319916434,0.22960991892810476,0.92,0.16532331256399074,0.0,0.7109153411095124,0.218633098945727,0.0
utopic_connected_noncoercive,796,0.9933952093167804,0.5463673651242292,0.23021699377824278,0.92,0.16547185703528322,0.0,0.7116416875447905,0.21902988709855417,0.0
utopic_connected_noncoercive,797,0.9934821185204209,0.5464151651862316,0.23082412173956082,0.92,0.16562004126385796,0.0,0.7123662723494666,0.21942560399137928,0.0
utopic_connected_noncoercive,798,0.9935678915330812,0.5464623403431947,0.23143130211771992,0.92,0.1657678659203137,0.0,0.7130890988049519,0.2198202604630398,0.0
utopic_connected_noncoercive,799,0.9936525430149115,0.5465088986582013,0.23203853422734014,0.92,0.16591533167725692,0.0,0.7138101702024374,0.2202138669630308,0.0
utopic_connected_noncoercive,800,0.9937360874419672,0.546554848093082,0.232645817391888,0.92,0.1660624392092403,0.0,0.7145294898425963,0.22060643356620765,0.0
utopic_connected_noncoercive,801,0.9938185391083889,0.5466001965096139,0.23325315094356536,0.92,0.166209189192703,0.0,0.7152470610352907,0.2209979699869562,0.0
utopic_connected_noncoercive,802,0.9938999121285584,0.5466449516707071,0.23386053422319947,0.92,0.1663555823059117,0.0,0.7159628870992834,0.22138848559285,0.0
utopic_connected_noncoercive,803,0.9939802204392335,0.5466891212415784,0.23446796658013455,0.92,0.16650161922890194,0.0,0.7166769713619533,0.2217779894178124,0.0
utopic_connected_noncoercive,804,0.9940594778016597,0.5467327127909128,0.23507544737212446,0.92,0.1666473006434215,0.0,0.7173893171590174,0.22216649017480067,0.0
utopic_connected_noncoercive,805,0.9941376978036617,0.5467757337920139,0.2356829759652267,0.92,0.16679262723287358,0.0,0.7180999278342544,0.22255399626803013,0.0
utopic_connected_noncoercive,806,0.9942148938617117,0.5468181916239415,0.23629055173369773,0.92,0.16693759968226168,0.0,0.7188088067392353,0.2229405158047533,0.0
utopic_connected_noncoercive,807,0.9942910792229765,0.5468600935726371,0.23689817405988955,0.92,0.167082218678135,0.0,0.7195159572330573,0.22332605660661087,0.0
utopic_connected_noncoercive,808,0.9943662669673444,0.5469014468320395,0.23750584233414737,0.92,0.16722648490853467,0.0,0.7202213826820808,0.22371062622056942,0.0
utopic_connected_noncoercive,809,0.9944404700094283,0.5469422585051856,0.23811355595470868,0.92,0.16737039906294127,0.0,0.7209250864596738,0.22409423192946,0.0
utopic_connected_noncoercive,810,0.9945137011005495,0.5469825356053023,0.23872131432760346,0.92,0.16751396183222267,0.0,0.7216270719459562,0.2244768807621326,0.0
utopic_connected_noncoercive,811,0.9945859728307014,0.5470222850568858,0.23932911686655556,0.92,0.16765717390858295,0.0,0.7223273425275524,0.22485857950323962,0.0
utopic_connected_noncoercive,812,0.994657297630489,0.547061513696769,0.2399369629928853,0.92,0.16780003598551238,0.0,0.7230259015973451,0.2252393347026619,0.0
utopic_connected_noncoercive,813,0.9947276877730513,0.5471002282751782,0.24054485213541327,0.92,0.16794254875773756,0.0,0.723722752554234,0.22561915268458924,0.0
utopic_connected_noncoercive,814,0.9947971553759601,0.5471384354567781,0.24115278373036525,0.92,0.16808471292117333,0.0,0.7244178988028985,0.22599803955626901,0.0
utopic_connected_noncoercive,815,0.9948657124031015,0.5471761418217058,0.24176075722127827,0.92,0.16822652917287445,0.0,0.725111343753565,0.22637600121643361,0.0
utopic_connected_noncoercive,816,0.9949333706665338,0.5472133538665936,0.2423687720589078,0.92,0.16836799821098888,0.0,0.7258030908217762,0.2267530433634184,0.0
utopic_connected_noncoercive,817,0.9950001418283274,0.5472500780055801,0.24297682770113624,0.92,0.16850912073471133,0.0,0.7264931434281655,0.22712917150298156,0.0
utopic_connected_noncoercive,818,0.9950660374023854,0.547286320571312,0.24358492361288214,0.92,0.1686498974442378,0.0,0.7271815049982354,0.2275043909558363,0.0
utopic_connected_noncoercive,819,0.9951310687562414,0.5473220878159328,0.24419305926601095,0.92,0.1687903290407209,0.0,0.7278681789621384,0.22787870686490544,0.0
utopic_connected_noncoercive,820,0.9951952471128405,0.5473573859120623,0.24480123413924657,0.92,0.16893041622622548,0.0,0.7285531687544625,0.22825212420230875,0.0
utopic_connected_noncoercive,821,0.9952585835522998,0.5473922209537649,0.2454094477180841,0.92,0.16907015970368588,0.0,0.7292364778140195,0.2286246477760919,0.0
utopic_connected_noncoercive,822,0.9953210890136492,0.5474265989575071,0.24601769949470353,0.92,0.1692095601768629,0.0,0.7299181095836378,0.22899628223670754,0.0
utopic_connected_noncoercive,823,0.9953827742965536,0.5474605258631046,0.24662598896788476,0.92,0.16934861835030207,0.0,0.7305980675099573,0.22936703208325562,0.0
utopic_connected_noncoercive,824,0.9954436500630155,0.5474940075346586,0.24723431564292328,0.92,0.1694873349292926,0.0,0.7312763550432287,0.22973690166949312,0.0
utopic_connected_noncoercive,825,0.9955037268390589,0.5475270497614824,0.24784267903154714,0.92,0.16962571061982665,0.0,0.7319529756371164,0.23010589520962077,0.0
utopic_connected_noncoercive,826,0.995563015016395,0.5475596582590173,0.24845107865183494,0.92,0.1697637461285597,0.0,0.7326279327485036,0.2304740167838546,0.0
utopic_connected_noncoercive,827,0.9956215248540692,0.547591838669738,0.24905951402813464,0.92,0.1699014421627714,0.0,0.7333012298373015,0.23084127034379023,0.0
utopic_connected_noncoercive,828,0.9956792664800881,0.5476235965640485,0.24966798469098359,0.92,0.1700387994303269,0.0,0.7339728703662612,0.2312076597175682,0.0
utopic_connected_noncoercive,829,0.995736249893031,0.5476549374411671,0.25027649017702935,0.92,0.17017581863963943,0.0,0.73464285780079,0.23157318861484527,0.0
utopic_connected_noncoercive,830,0.9957924849636409,0.5476858667300025,0.25088503002895157,0.92,0.17031250049963248,0.0,0.7353111956087683,0.2319378606315815,0.0
utopic_connected_noncoercive,831,0.9958479814363993,0.5477163897900197,0.25149360379538493,0.92,0.17044884571970398,0.0,0.7359778872603725,0.2323016792546473,0.0
utopic_connected_noncoercive,832,0.9959027489310815,0.5477465119120949,0.2521022110308428,0.92,0.1705848550096896,0.0,0.736642936227899,0.23266464786625843,0.0
utopic_connected_noncoercive,833,0.9959567969442962,0.547776238319363,0.2527108512956421,0.92,0.17072052907982796,0.0,0.737306345985592,0.23302676974824474,0.0
utopic_connected_noncoercive,834,0.996010134851006,0.5478055741680533,0.2533195241558288,0.92,0.1708558686407257,0.0,0.7379681200094733,0.23338804808615804,0.0
utopic_connected_noncoercive,835,0.996062771906031,0.547834524548317,0.2539282291831047,0.92,0.1709908744033233,0.0,0.7386282617771771,0.23374848597322603,0.0
utopic_connected_noncoercive,836,0.9961147172455367,0.5478630944850452,0.2545369659547548,0.92,0.1711255470788616,0.0,0.7392867747677841,0.23410808641415698,0.0
utopic_connected_noncoercive,837,0.9961659798885026,0.5478912889386764,0.25514573405357555,0.92,0.1712598873788488,0.0,0.7399436624616629,0.2344668523288008,0.0
utopic_connected_noncoercive,838,0.9962165687381752,0.5479191128059964,0.25575453306780443,0.92,0.17139389601502805,0.0,0.7405989283403104,0.23482478655567193,0.0
utopic_connected_noncoercive,839,0.9962664925835046,0.5479465709209276,0.2563633625910499,0.92,0.1715275736993456,0.0,0.7412525758861961,0.23518189185533844,0.0
utopic_connected_noncoercive,840,0.9963157601005641,0.5479736680553103,0.2569722222222225,0.92,0.17166092114391937,0.0,0.7419046085826109,0.23553817091368304,0.0
utopic_connected_noncoercive,841,0.9963643798539527,0.548000408919674,0.2575811115654666,0.92,0.17179393906100848,0.0,0.7425550299135153,0.23589362634504007,0.0
utopic_connected_noncoercive,842,0.9964123602981836,0.548026798164001,0.25819003023009324,0.92,0.17192662816298276,0.0,0.743203843363393,0.2362482606952128,0.0
utopic_connected_noncoercive,843,0.9964597097790535,0.5480528403784795,0.25879897783051375,0.92,0.17205898916229323,0.0,0.7438510524171051,0.23660207644437592,0.0
utopic_connected_noncoercive,844,0.9965064365349993,0.5480785400942496,0.25940795398617406,0.92,0.17219102277144271,0.0,0.744496660559749,0.23695507600986737,0.0
utopic_connected_noncoercive,845,0.9965525486984363,0.54810390178414,0.26001695832148974,0.92,0.1723227297029574,0.0,0.7451406712765168,0.23730726174887276,0.0
utopic_connected_noncoercive,846,0.9965980542970827,0.5481289298633956,0.2606259904657824,0.92,0.17245411066935845,0.0,0.7457830880525593,0.23765863596100734,0.0
utopic_connected_noncoercive,847,0.9966429612552671,0.548153628690397,0.2612350500532162,0.92,0.17258516638313456,0.0,0.7464239143728502,0.23800920089079847,0.0
utopic_connected_noncoercive,848,0.9966872773952219,0.548178002567372,0.2618441367227355,0.92,0.1727158975567147,0.0,0.7470631537220538,0.2383589587300725,0.0
utopic_connected_noncoercive,849,0.9967310104383614,0.5482020557410988,0.26245325011800336,0.92,0.17284630490244132,0.0,0.7477008095843944,0.23870791162024993,0.0
utopic_connected_noncoercive,850,0.9967741680065444,0.5482257924035995,0.2630623898873407,0.92,0.17297638913254404,0.0,0.748336885443529,0.2390560616545512,0.0
utopic_connected_noncoercive,851,0.9968167576233218,0.548249216692827,0.26367155568366607,0.92,0.17310615095911436,0.0,0.7489713847824203,0.23940341088011735,0.0
utopic_connected_noncoercive,852,0.9968587867151706,0.5482723326933439,0.26428074716443645,0.92,0.17323559109407977,0.0,0.7496043110832147,0.2397499613000486,0.0
utopic_connected_noncoercive,853,0.9969002626127119,0.5482951444369916,0.26488996399158865,0.92,0.17336471024917932,0.0,0.7502356678271204,0.24009571487536277,0.0
utopic_connected_noncoercive,854,0.996941192551916,0.5483176559035539,0.2654992058314815,0.92,0.17349350913593897,0.0,0.7508654584942875,0.24044067352687806,0.0
utopic_connected_noncoercive,855,0.9969815836752917,0.5483398710214105,0.26610847235483864,0.92,0.1736219884656479,0.0,0.7514936865636932,0.2407848391370218,0.0
utopic_connected_noncoercive,856,0.9970214430330624,0.5483617936681844,0.26671776323669216,0.92,0.17375014894933452,0.0,0.7521203555130247,0.24112821355156824,0.0
utopic_connected_noncoercive,857,0.9970607775843287,0.5483834276713808,0.267327078156327,0.92,0.17387799129774395,0.0,0.7527454688185679,0.24147079858130813,0.0
utopic_connected_noncoercive,858,0.9970995941982158,0.5484047768090188,0.2679364167972259,0.92,0.17400551622131483,0.0,0.753369029955096,0.24181259600365257,0.0
utopic_connected_noncoercive,859,0.9971378996550085,0.5484258448102547,0.2685457788470151,0.92,0.1741327244301574,0.0,0.7539910423957614,0.2421536075641732,0.0
utopic_connected_noncoercive,860,0.9971757006472715,0.5484466353559994,0.26915516399741063,0.92,0.17425961663403147,0.0,0.7546115096119889,0.24249383497808172,0.0
utopic_connected_noncoercive,861,0.9972130037809578,0.5484671520795268,0.26976457194416564,0.92,0.1743861935423249,0.0,0.7552304350733698,0.24283327993165002,0.0
utopic_connected_noncoercive,862,0.9972498155765017,0.548487398567076,0.270374002387018,0.92,0.17451245586403272,0.0,0.7558478222475608,0.2431719440835745,0.0
utopic_connected_noncoercive,863,0.9972861424699018,0.548507378358446,0.2709834550296385,0.92,0.1746384043077363,0.0,0.7564636746001828,0.24350982906628518,0.0
utopic_connected_noncoercive,864,0.997321990813787,0.5485270949475829,0.27159292957958026,0.92,0.17476403958158307,0.0,0.7570779955947208,0.2438469364872025,0.0
utopic_connected_noncoercive,865,0.9973573668784731,0.5485465517831603,0.2722024257482282,0.92,0.1748893623932667,0.0,0.757690788692427,0.24418326792994377,0.0
utopic_connected_noncoercive,866,0.997392276853006,0.5485657522691534,0.27281194325074953,0.92,0.17501437345000737,0.0,0.7583020573522268,0.2445188249554808,0.0
utopic_connected_noncoercive,867,0.9974267268461897,0.5485846997654044,0.2734214818060444,0.92,0.17513907345853277,0.0,0.7589118050306232,0.2448536091032503,0.0
utopic_connected_noncoercive,868,0.9974607228876058,0.5486033975881832,0.27403104113669796,0.92,0.1752634631250592,0.0,0.7595200351816059,0.24518762189221993,0.0
utopic_connected_noncoercive,869,0.9974942709286181,0.54862184901074,0.2746406209689321,0.92,0.17538754315527305,0.0,0.7601267512565621,0.24552086482191005,0.0
utopic_connected_noncoercive,870,0.9975273768433653,0.548640057263851,0.2752502210325586,0.92,0.1755113142543127,0.0,0.7607319567041861,0.24585333937337434,0.0
utopic_connected_noncoercive,871,0.9975600464297427,0.5486580255363586,0.2758598410609323,0.92,0.17563477712675088,0.0,0.761335654970394,0.24618504701013968,0.0
utopic_connected_noncoercive,872,0.9975922854103714,0.5486757569757043,0.27646948079090533,0.92,0.17575793247657695,0.0,0.7619378494982382,0.24651598917910758,0.0
utopic_connected_noncoercive,873,0.997624099433555,0.5486932546884553,0.2770791399627814,0.92,0.17588078100718008,0.0,0.7625385437278239,0.24684616731141804,0.0
utopic_connected_noncoercive,874,0.997655494074226,0.5487105217408244,0.2776888183202712,0.92,0.17600332342133226,0.0,0.7631377410962271,0.2471755828232778,0.0
utopic_connected_noncoercive,875,0.9976864748348797,0.5487275611591839,0.27829851561044805,0.92,0.17612556042117192,0.0,0.7637354450374146,0.24750423711675365,0.0
utopic_connected_noncoercive,876,0.997717047146497,0.5487443759305733,0.27890823158370426,0.92,0.17624749270818793,0.0,0.764331658982165,0.24783213158053305,0.0
utopic_connected_noncoercive,877,0.9977472163694562,0.5487609690032009,0.2795179659937078,0.92,0.17636912098320343,0.0,0.7649263863579917,0.24815926759065204,0.0
utopic_connected_noncoercive,878,0.9977769877944332,0.5487773432869383,0.28012771859735996,0.92,0.17649044594636065,0.0,0.7655196305890667,0.24848564651119287,0.0
utopic_connected_noncoercive,879,0.9978063666432913,0.5487935016538102,0.2807374891547531,0.92,0.17661146829710542,0.0,0.7661113950961471,0.2488112696949519,0.0
utopic_connected_noncoercive,880,0.9978353580699584,0.5488094469384771,0.2813472774291292,0.92,0.17673218873417254,0.0,0.7667016832965017,0.24913613848407884,0.0
utopic_connected_noncoercive,881,0.9978639671612962,0.548825181938713,0.2819570831868389,0.92,0.17685260795557092,0.0,0.7672904986038399,0.2494602542106887,0.0
utopic_connected_noncoercive,882,0.9978921989379567,0.5488407094158763,0.28256690619730096,0.92,0.17697272665856936,0.0,0.7678778444282418,0.24978361819744724,0.0
utopic_connected_noncoercive,883,0.9979200583552285,0.5488560320953757,0.28317674623296246,0.92,0.1770925455396824,0.0,0.7684637241760894,0.2501062317581311,0.0
utopic_connected_noncoercive,884,0.9979475503038729,0.5488711526671302,0.2837866030692593,0.92,0.17721206529465658,0.0,0.7690481412499998,0.2504280961981636,0.0
utopic_connected_noncoercive,885,0.9979746796109501,0.5488860737860226,0.2843964764845771,0.92,0.1773312866184571,0.0,0.7696310990487591,0.2507492128151267,0.0
utopic_connected_noncoercive,886,0.9980014510406342,0.5489007980723488,0.28500636626021303,0.92,0.17745021020525434,0.0,0.7702126009672575,0.25106958289925096,0.0
utopic_connected_noncoercive,887,0.9980278692950192,0.5489153281122606,0.28561627218033775,0.92,0.17756883674841106,0.0,0.7707926503964272,0.2513892077338833,0.0
utopic_connected_noncoercive,888,0.9980539390149143,0.548929666458203,0.286226194031958,0.92,0.17768716694046977,0.0,0.7713712507231792,0.25170808859593385,0.0
utopic_connected_noncoercive,889,0.9980796647806303,0.5489438156293467,0.2868361316048795,0.92,0.17780520147314002,0.0,0.7719484053303435,0.2520262267563031,0.0
utopic_connected_noncoercive,890,0.9981050511127537,0.5489577781120146,0.2874460846916706,0.92,0.17792294103728656,0.0,0.7725241175966092,0.2523436234802894,0.0
utopic_connected_noncoercive,891,0.9981301024729159,0.5489715563601038,0.2880560530876263,0.92,0.17804038632291708,0.0,0.7730983908964668,0.25266028002797797,0.0
utopic_connected_noncoercive,892,0.9981548232645479,0.5489851527955013,0.28866603659073237,0.92,0.1781575380191708,0.0,0.7736712286001507,0.2529761976546121,0.0
utopic_connected_noncoercive,893,0.9981792178336281,0.5489985698084955,0.2892760350016307,0.92,0.17827439681430693,0.0,0.7742426340735836,0.25329137761094755,0.0
utopic_connected_noncoercive,894,0.9982032904694216,0.5490118097581819,0.2898860481235842,0.92,0.17839096339569335,0.0,0.7748126106783216,0.2536058211435892,0.0
utopic_connected_noncoercive,895,0.9982270454052078,0.5490248749728643,0.29049607576244296,0.92,0.17850723844979588,0.0,0.7753811617715018,0.2539195294953138,0.0
utopic_connected_noncoercive,896,0.9982504868190014,0.5490377677504508,0.2911061177266101,0.92,0.17862322266216732,0.0,0.7759482907057879,0.25423250390537566,0.0
utopic_connected_noncoercive,897,0.9982736188342628,0.5490504903588446,0.2917161738270088,0.92,0.17873891671743702,0.0,0.7765140008293209,0.25454474560979873,0.0
utopic_connected_noncoercive,898,0.9982964455206002,0.5490630450363301,0.2923262438770492,0.92,0.17885432129930065,0.0,0.7770782954856681,0.2548562558416545,0.0
utopic_connected_noncoercive,899,0.9983189708944624,0.5490754339919544,0.2929363276925958,0.92,0.17896943709051014,0.0,0.7776411780137739,0.2551670358313259,0.0
