{
  "baseline_none": {
    "delta_q_receiver_mean": -0.02999597933827987,
    "delta_q_receiver_std": 2.822006789173463e-06,
    "delta_q_disconnected_mean": -0.0271010256879798,
    "delta_q_disconnected_std": 7.171405782193196e-06,
    "delta_P_receiver_mean": -0.9913597532584262,
    "delta_P_receiver_std": 2.153889335626101e-07,
    "delta_P_disconnected_mean": -0.982577970848748,
    "delta_P_disconnected_std": 2.50878422708206e-07,
    "delta_C_receiver_mean": 0.010312329539911194,
    "delta_C_receiver_std": 6.300504208553926e-07,
    "delta_C_disconnected_mean": 0.00760537880273951,
    "delta_C_disconnected_std": 5.836678617710159e-07,
    "recover_step_receiver_mean": 0.0,
    "recover_step_receiver_std": 0.0,
    "recover_step_disconnected_mean": 0.0,
    "recover_step_disconnected_std": 0.0,
    "spirit_resource_added_mean": 0.0,
    "spirit_resource_added_std": 0.0,
    "path_gamma_prayer_receiver_mean": 0.08026981921331111,
    "path_gamma_prayer_receiver_std": 2.7508966163932223e-05,
    "path_gamma_prayer_disconnected_mean": 0.0,
    "path_gamma_prayer_disconnected_std": 0.0,
    "path_exists_prayer_receiver_mean": 1.0,
    "path_exists_prayer_receiver_std": 0.0,
    "path_exists_prayer_disconnected_mean": 0.0,
    "path_exists_prayer_disconnected_std": 0.0,
    "receiver_P_eff_mean": 0.009616976047212945,
    "receiver_P_eff_std": 2.4022683540996165e-07,
    "disconnected_P_eff_mean": 0.01603814677399768,
    "disconnected_P_eff_std": 2.2389766303622215e-07,
    "prayer_P_eff_mean": 0.30482839662479666,
    "prayer_P_eff_std": 1.9251763922418073e-06,
    "leak_ratio_q_mean": 0.9034886311335644,
    "leak_ratio_q_std": 0.00030485641483653415
  },
  "angelic_ministration": {
    "delta_q_receiver_mean": -0.031191699503679574,
    "delta_q_receiver_std": 3.4647641816059532e-06,
    "delta_q_disconnected_mean": -0.02713142802895524,
    "delta_q_disconnected_std": 7.130255694919808e-06,
    "delta_P_receiver_mean": -0.9913608515350492,
    "delta_P_receiver_std": 2.070913860035708e-07,
    "delta_P_disconnected_mean": -0.9826559301360304,
    "delta_P_disconnected_std": 2.402781580119361e-07,
    "delta_C_receiver_mean": 0.010438664367532144,
    "delta_C_receiver_std": 6.869869859344691e-07,
    "delta_C_disconnected_mean": 0.007705522678018099,
    "delta_C_disconnected_std": 5.846185007266014e-07,
    "recover_step_receiver_mean": 0.0,
    "recover_step_receiver_std": 0.0,
    "recover_step_disconnected_mean": 0.0,
    "recover_step_disconnected_std": 0.0,
    "spirit_resource_added_mean": 166.36001216255877,
    "spirit_resource_added_std": 0.012039650122242498,
    "path_gamma_prayer_receiver_mean": 0.07896413187290911,
    "path_gamma_prayer_receiver_std": 2.6762208736888474e-05,
    "path_gamma_prayer_disconnected_mean": 0.0,
    "path_gamma_prayer_disconnected_std": 0.0,
    "path_exists_prayer_receiver_mean": 1.0,
    "path_exists_prayer_receiver_std": 0.0,
    "path_exists_prayer_disconnected_mean": 0.0,
    "path_exists_prayer_disconnected_std": 0.0,
    "receiver_P_eff_mean": 0.009617292246093163,
    "receiver_P_eff_std": 2.310748000121365e-07,
    "disconnected_P_eff_mean": 0.015968055925181388,
    "disconnected_P_eff_std": 2.1378405563453447e-07,
    "prayer_P_eff_mean": 0.28448648434163026,
    "prayer_P_eff_std": 6.130760674975425e-07,
    "leak_ratio_q_mean": 0.86982848462488,
    "leak_ratio_q_std": 0.00029413482107764293
  },
  "ancestral_ministration": {
    "delta_q_receiver_mean": -0.029995254186848924,
    "delta_q_receiver_std": 2.819542760532416e-06,
    "delta_q_disconnected_mean": -0.027100371678729654,
    "delta_q_disconnected_std": 7.171309475650741e-06,
    "delta_P_receiver_mean": -0.9913597510308503,
    "delta_P_receiver_std": 2.1544890780840776e-07,
    "delta_P_disconnected_mean": -0.982578260210814,
    "delta_P_disconnected_std": 2.508950228731517e-07,
    "delta_C_receiver_mean": 0.010313625437854815,
    "delta_C_receiver_std": 6.298598402412951e-07,
    "delta_C_disconnected_mean": 0.007636374958605058,
    "delta_C_disconnected_std": 5.838151329481395e-07,
    "recover_step_receiver_mean": 0.0,
    "recover_step_receiver_std": 0.0,
    "recover_step_disconnected_mean": 0.0,
    "recover_step_disconnected_std": 0.0,
    "spirit_resource_added_mean": 0.0005479377119617008,
    "spirit_resource_added_std": 2.5841454155235257e-07,
    "path_gamma_prayer_receiver_mean": 0.0804867678863468,
    "path_gamma_prayer_receiver_std": 2.7602832982079056e-05,
    "path_gamma_prayer_disconnected_mean": 0.0,
    "path_gamma_prayer_disconnected_std": 0.0,
    "path_exists_prayer_receiver_mean": 1.0,
    "path_exists_prayer_receiver_std": 0.0,
    "path_exists_prayer_disconnected_mean": 0.0,
    "path_exists_prayer_disconnected_std": 0.0,
    "receiver_P_eff_mean": 0.009616993343481806,
    "receiver_P_eff_std": 2.403067380807794e-07,
    "disconnected_P_eff_mean": 0.01603849886447032,
    "disconnected_P_eff_std": 2.2390972544981852e-07,
    "prayer_P_eff_mean": 0.3066833031082201,
    "prayer_P_eff_std": 1.940937300538391e-06,
    "leak_ratio_q_mean": 0.9034886697133688,
    "leak_ratio_q_std": 0.0003049239807638564
  },
  "christic_holy_spirit": {
    "delta_q_receiver_mean": -0.03139985988261941,
    "delta_q_receiver_std": 3.661842268462378e-06,
    "delta_q_disconnected_mean": -0.027149806915640534,
    "delta_q_disconnected_std": 7.122629774498818e-06,
    "delta_P_receiver_mean": -0.991360697664192,
    "delta_P_receiver_std": 2.0421297952219378e-07,
    "delta_P_disconnected_mean": -0.9826756881638044,
    "delta_P_disconnected_std": 2.4182993278580687e-07,
    "delta_C_receiver_mean": 0.010461727859677208,
    "delta_C_receiver_std": 6.962348754505965e-07,
    "delta_C_disconnected_mean": 0.007738927016160448,
    "delta_C_disconnected_std": 5.985675873520662e-07,
    "recover_step_receiver_mean": 0.0,
    "recover_step_receiver_std": 0.0,
    "recover_step_disconnected_mean": 0.0,
    "recover_step_disconnected_std": 0.0,
    "spirit_resource_added_mean": 177.5370680358812,
    "spirit_resource_added_std": 0.012351257057167504,
    "path_gamma_prayer_receiver_mean": 0.07898355336347808,
    "path_gamma_prayer_receiver_std": 2.6730680061219178e-05,
    "path_gamma_prayer_disconnected_mean": 0.0,
    "path_gamma_prayer_disconnected_std": 0.0,
    "path_exists_prayer_receiver_mean": 1.0,
    "path_exists_prayer_receiver_std": 0.0,
    "path_exists_prayer_disconnected_mean": 0.0,
    "path_exists_prayer_disconnected_std": 0.0,
    "receiver_P_eff_mean": 0.009617760452951965,
    "receiver_P_eff_std": 2.2779718415650468e-07,
    "disconnected_P_eff_mean": 0.015950494955987635,
    "disconnected_P_eff_std": 2.1482274104150496e-07,
    "prayer_P_eff_mean": 0.283680480535367,
    "prayer_P_eff_std": 6.076934090687074e-07,
    "leak_ratio_q_mean": 0.8646474131635762,
    "leak_ratio_q_std": 0.00029281832698503234
  }
}